brand;artist;title;album;style;difficulty;total_xp;artwork_filename;pdf_filename;assignment_title;assignment_xp;soundslice_slug;publishing_status;instrument_removed;pdf_filename_tabs_and_notation;content_id
guitareo;AC/DC;Back in Black;Back In Black;Rock;9;200;acdc-back-in-black.jpg;acdc-back-in-black-tab-standard.pdf;Back in Black;25;8fGkc;Published;FALSE;acdc-back-in-black-tab.pdf;
guitareo;AC/DC;Meanstreak;Blow Up Your Video;Rock;8;200;acdc-blow-up-your-video.jpg;acdc-meanstreak-tab-standard.pdf;Meanstreak;25;ZCD4c;Published;FALSE;acdc-meanstreak-tab.pdf;
guitareo;AC/DC;Shoot To Thrill;Back In Black;Rock;9;200;acdc-back-in-black.jpg;acdc-shoot-to-thrill-tab-standard.pdf;Shoot To Thrill;25;pzf4c;Published;FALSE;acdc-shoot-to-thrill-tab.pdf;
guitareo;AC/DC;TNT;High Voltage;Rock;6;150;acdc-high-voltage.jpg;acdc-tnt-tab-standard.pdf;TNT;25;fLD4c;Published;FALSE;acdc-tnt-tab.pdf;
guitareo;AC/DC;Thunderstruck;The Razors Edge;Rock;9;200;acdc-the-razors-edge.jpg;acdc-thunderstruck-tab-standard.pd;Thunderstruck;25;bCf4c;Published;FALSE;acdc-thunderstruck-tab.pd;
guitareo;Adele;Hello;25;Pop;6;150;adele-25.jpg;adele-hello-tab-standard.pdf;Hello;25;Ypy4c;Published;FALSE;adele-hello-tab.pdf;
guitareo;Adele;Rolling In The Deep;21;Pop;5;150;adele-21.jpg;adele-rolling-in-the-deep-tab-standard.pdf;Rolling In The Deep;25;kCY4c;Published;FALSE;adele-rolling-in-the-deep-tab.pdf;
guitareo;Adele;Someone Like You;21;Pop;6;150;adele-21.jpg;adele-someone-like-you-tab-standard.pdf;Someone Like You;25;tHY4c;Published;FALSE;adele-someone-like-you-tab.pdf;
guitareo;Alice In Chains;Man In The Box;Facelift;Rock;8;200;alice-in-chains-facelift.jpg;alice-in-chains-man-in-the-box-tab-standard.pdf;Man In The Box;25;g9k4c;Published;FALSE;alice-in-chains-man-in-the-box-tab.pdf;
guitareo;Alicia Keys;Fallin';Songs in A Minor;R&B/Soul;5;150;alicia-keys-songs-in-a-minor.jpg;alicia-keys-fallin-tab-standard.pdf;Fallin';25;1544c;Published;FALSE;alicia-keys-fallin-tab.pdf;
guitareo;Alicia Keys;No One;As I Am;R&B/Soul;6;150;alicia-keys-as-i-am.jpg;alicia-keys-no-one-tab-standard.pdf;No One;25;V744c;Published;FALSE;alicia-keys-no-one-tab.pdf;
guitareo;All-4-One;I Swear;All-4-One;Pop;6;150;all4one-all4one.jpg;all4one-i-swear-tab-standard.pdf;I Swear;25;NN44c;Published;FALSE;all4one-i-swear-tab.pdf;
guitareo;America;A Horse With No Name;America;Folk;3;100;america-america.jpg;america-a-horse-with-no-name-tab-standard.pdf;A Horse With No Name;25;qg44c;Published;FALSE;america-a-horse-with-no-name-tab.pdf;
guitareo;Amy Winehouse;Back To Black;Back To Black;R&B/Soul;4;150;amy-winehouse-back-to-black.jpg;amy-winehouse-back-to-black-tab-standard;Back To Black;25;lqhkc;Published;FALSE;amy-winehouse-back-to-black-tab;
guitareo;Amy Winehouse;Valerie;Valerie;Pop;7;200;amy-winehouse-valerie.jpg;amy-winehouse-valerie-tab-standard.pdf;Valerie;25;b8k4c;Published;FALSE;amy-winehouse-valerie-tab.pdf;
guitareo;Andra Day;Rise Up;Cheers to the Fall;Pop;5;150;andra-day-cheers-to-the-fall.jpg;andra-day-rise-up-tab-standard.pdf;Rise Up;25;DbM4c;Published;FALSE;andra-day-rise-up-tab.pdf;
guitareo;Anna Kendrick;Cups;Ultimate Pitch Perfect: Original Motion Picture Soundtrack;Pop;5;150;anna-kendrick-ultimate-pitch-perfect-original-motion-picture-soundtrack.jpg;anna-kendrick-cups--tab-standard.pdf;Cups;25;Gly4c;Published;FALSE;anna-kendrick-cups--tab.pdf;
guitareo;Anna Nalick;Breathe (2 AM);Wreck of the Day;Pop;5;150;anna-nalick-wreck-of-the-day.jpg;anna-nalick-breathe-2-am-tab-standard.pdf;Breathe (2 AM);25;vYY4c;Published;FALSE;anna-nalick-breathe-2-am-tab.pdf;
guitareo;Archies;Sugar, Sugar;Sugar, Sugar;Pop;2;100;archies-sugar-sugar.jpg;archies-sugar-sugar-tab-standard.pdf;Sugar, Sugar;25;qjl4c;Published;FALSE;archies-sugar-sugar-tab.pdf;
guitareo;Arctic Monkeys;505;Favorite Worst Nightmare;Rock;4;150;arctic-monkeys-favorite-worst-nightmare.jpg;arctic-monkeys-505-tab-standard.pdf;505;25;Y8D4c;Published;FALSE;arctic-monkeys-505-tab.pdf;
guitareo;Arctic Monkeys;Do I Wanna Know?;AM;Rock;6;150;arctic-monkeys-am.jpg;arctic-monkeys-do-i-wanna-know-tab-standard.pdf;Do I Wanna Know?;25;VsD4c;Published;FALSE;arctic-monkeys-do-i-wanna-know-tab.pdf;
guitareo;Aretha Franklin;Chain Of Fools;The Best Of Aretha Franklin;R&B/Soul;7;200;aretha-franklin-the-best-of-aretha-franklin.jpg;aretha-franklin-chain-of-fools-tab-standard.pdf;Chain Of Fools;25;Mxtkc;Published;FALSE;aretha-franklin-chain-of-fools-tab.pdf;
guitareo;Aretha Franklin;I Say A Little Prayer;Aretha Now;R&B/Soul;5;150;aretha-franklin-aretha-now.jpg;aretha-franklin-i-say-a-little-prayer-tab-standard.pdf;I Say A Little Prayer;25;z6D4c;Published;FALSE;aretha-franklin-i-say-a-little-prayer-tab.pdf;
guitareo;Aretha Franklin;Respect;I Never Loved a Man the Way I Love You;R&B/Soul;5;150;aretha-franklin-i-never-loved-a-man-the-way-i-love-you.jpg;aretha-franklin-respect-tab-standard.pdf;Respect;25;HfM4c;Published;FALSE;aretha-franklin-respect-tab.pdf;
guitareo;Ariana Grande;Breathin;Sweetener;Pop;6;150;ariana-grande-sweetener.jpg;ariana-grande-breathin-tab-standard.pdf;Breathin;25;Ly44c;Published;FALSE;ariana-grande-breathin-tab.pdf;
guitareo;Ariana Grande;No Tears Left To Cry;Sweetener;Pop;5;150;ariana-grande-sweetener.jpg;ariana-grande-no-tears-left-to-cry-tab-standard.pdf;No Tears Left To Cry;25;MP44c;Published;FALSE;ariana-grande-no-tears-left-to-cry-tab.pdf;
guitareo;Ariana Grande;Thank U, Next;Thank U, Next;Pop;6;150;ariana-grande-thank-u-next.jpg;ariana-grande-thank-u-next-tab-standard.pdf;Thank U, Next;25;Vt44c;Published;FALSE;ariana-grande-thank-u-next-tab.pdf;
guitareo;Avicii;Hey Brother;TRUE;Electronic;5;150;avicii-true-.jpg;avicii-hey-brother-tab-standard.pdf;Hey Brother;25;3Kk4c;Published;FALSE;avicii-hey-brother-tab.pdf;
guitareo;Avril Lavigne;Complicated;Let Go;Rock;6;150;avril-lavigne-let-go.jpg;avril-lavigne-complicated-tab-standard.pdf;Complicated;25;Lmk4c;Published;FALSE;avril-lavigne-complicated-tab.pdf;
guitareo;Avril Lavigne;Girlfriend;The Best Damn Thing;Rock;5;150;avril-lavigne-the-best-damn-thing.jpg;avril-lavigne-girlfriend-tab-standard.pdf;Girlfriend;25;5YM4c;Published;FALSE;avril-lavigne-girlfriend-tab.pdf;
guitareo;Avril Lavigne;Keep Holding On;The Best Damn Thing;Rock;6;150;avril-lavigne-the-best-damn-thing.jpg;avril-lavigne-keep-holding-on-tab-standard.pdf;Keep Holding On;25;cHM4c;Published;FALSE;avril-lavigne-keep-holding-on-tab.pdf;
guitareo;B.B. King;Paying The Cost To Be The Boss;Blues On Top Of Blues;Blues;7;200;bb-king-blues-on-top-of-blues.jpg;bb-king-paying-the-cost-to-be-the-boss-tab-standard.pdf;Paying The Cost To Be The Boss;25;JN5kc;Published;FALSE;bb-king-paying-the-cost-to-be-the-boss-tab.pdf;
guitareo;Backstreet Boys;I Want It That Way;Milennium;Pop;5;150;backstreet-boys-milennium.jpg;backstreet-boys-i-want-it-that-way-tab-standard.pdf;I Want It That Way;25;5qw4c;Published;FALSE;backstreet-boys-i-want-it-that-way-tab.pdf;
guitareo;Bastille;Pompeii;Bad Blood;Pop;4;150;bastille-bad-blood.jpg;bastille-pompeii-tab-standard.pdf;Pompeii;25;L4y4c;Published;FALSE;bastille-pompeii-tab.pdf;
guitareo;Belinda Carlisle;Heaven Is A Place On Earth;Heaven on Earth;Pop;5;150;belinda-carlisle-heaven-on-earth.jpg;belinda-carlisle-heaven-is-a-place-on-earth-tab-standard.pdf;Heaven Is A Place On Earth;25;yQw4c;Published;FALSE;belinda-carlisle-heaven-is-a-place-on-earth-tab.pdf;
guitareo;Belinda Carlisle;Mad About You;Belinda;Pop;3;100;belinda-carlisle-belinda.jpg;belinda-carlisle-mad-about-you-tab-standard.pdf;Mad About You;25;8yY4c;Published;FALSE;belinda-carlisle-mad-about-you-tab.pdf;
guitareo;Ben King;Stand By Me;Don't Play That Song!;R&B/Soul;5;150;ben-king-dont-play-that-song.jpg;ben-king-stand-by-me-tab-standard.pdf;Stand By Me;25;K1y4c;Published;FALSE;ben-king-stand-by-me-tab.pdf;
guitareo;Benny Blanco, Halsey, Khalid;Eastside;Friends Keep Secrets;Electronic;5;150;benny-blanco-halsey-khalid-friends-keep-secrets.jpg;benny-blanco-halsey-khalid-eastside-tab-standard.pdf;Eastside;25;9dy4c;Published;FALSE;benny-blanco-halsey-khalid-eastside-tab.pdf;
guitareo;Berlin;Take My Breath Away;Count Three & Pray;Pop;5;150;berlin-count-three-and-pray.jpg;berlin-take-my-breath-away-tab-standard.pdf;Take My Breath Away;25;Lrk4c;Published;FALSE;berlin-take-my-breath-away-tab.pdf;
guitareo;Bette Midler;The Rose;The Rose (Original Soundtrack Recording);Pop;5;150;bette-midler-the-rose-original-soundtrack-recording.jpg;bette-midler-the-rose-tab-standard.pdf;The Rose;25;xN44c;Published;FALSE;bette-midler-the-rose-tab.pdf;
guitareo;Beyoncé;If I Were A Boy;I Am... Sasha Fierce;Pop;5;150;beyonce-i-am-sasha-fierce.jpg;beyonce-if-i-were-a-boy-tab-standard.pdf;If I Were A Boy;25;NN44c;Published;FALSE;beyonce-if-i-were-a-boy-tab.pdf;
guitareo;Beyoncé;Halo;I Am... Sasha Fierce;Pop;5;150;beyonce-i-am-sasha-fierce.jpg;beyonce-halo-tab-standard.pdf;Halo;25;zDf4c;Published;FALSE;beyonce-halo-tab.pdf;
guitareo;Bill Haley;Rock Around The Clock;Rock Around The Clock;Rock;5;150;bill-haley-rock-around-the-clock.jpg;bill-haley-rock-around-the-clock-tab-standard.pdf;Rock Around The Clock;25;VS5kc;Published;FALSE;bill-haley-rock-around-the-clock-tab.pdf;
guitareo;Billie Eilish;Bad Guy;When We All Fall Asleep, Where Do We Go?;Pop;5;150;billie-eilish-when-we-all-fall-asleep-where-do-we-go.jpg;billie-eilish-bad-guy-tab-standard.pdf;Bad Guy;25;dff4c;Published;FALSE;billie-eilish-bad-guy-tab.pdf;
guitareo;Billie Eilish;Bury A Friend;When We All Fall Asleep, Where Do We Go?;Pop;5;150;billie-eilish-when-we-all-fall-asleep-where-do-we-go.jpg;billy-eilish-bury-a-friend-tab-standard.pdf;Bury A Friend;25;4N44c;Published;FALSE;billy-eilish-bury-a-friend-tab.pdf;
guitareo;Billie Eilish;Ocean Eyes;Don't Smile At me;Pop;2;100;billie-eilish-dont-smile-at-me.jpg;billie-eilish-ocean-eyes-tab-standard.pdf;Ocean Eyes;25;pZl4c;Published;FALSE;billie-eilish-ocean-eyes-tab.pdf;
guitareo;Billy Joel;Piano Man;Piano Man;Pop;6;150;billy-joel-piano-man.jpg;billy-joel-piano-man-tab-standard.pdf;Piano Man;25;sZY4c;Published;FALSE;billy-joel-piano-man-tab.pdf;
guitareo;Billy Joel;Vienna;The Stranger;Pop;5;150;billy-joel-the-stranger.jpg;billy-joel-vienna-tab-standard.pdf;Vienna;25;pZl4c;Published;FALSE;billy-joel-vienna-tab.pdf;
guitareo;Black Sabbath;Paranoid;Paranoid;Metal;8;200;black-sabbath-paranoid.jpg;black-sabbath-paranoid-tab-standard.pdf;Paranoid;25;PC5kc;Published;FALSE;black-sabbath-paranoid-tab.pdf;
guitareo;Blink 182;All The Small Things;Enema Of The State;Rock;6;150;blink-182-enema-of-the-state.jpg;blink-182-all-the-small-things-tab-standard.pdf;All The Small Things;25;t2Y4c;Published;FALSE;blink-182-all-the-small-things-tab.pdf;
guitareo;Blue Öyster Cult;(Don't Fear) The Reaper;Agents of Fortune;Rock;8;200;blue-yster-cult-agents-of-fortune.jpg;blue-yster-cult-dont-fear-the-reaper-tab-standard.pdf;(Don't Fear) The Reaper;25;yN44c;Published;FALSE;blue-yster-cult-dont-fear-the-reaper-tab.pdf;
guitareo;Bob Dylan;Like A Rolling Stone;Subterranean Homesick Blues;Folk;8;200;bob-dylan-subterranean-homesick-blues.jpg;bob-dylan-like-a-rolling-stone-tab-standard.pdf;Like A Rolling Stone;25;jKtkc;Published;FALSE;bob-dylan-like-a-rolling-stone-tab.pdf;
guitareo;Bob Marley;Redemption Song;Uprising;Latin/World;2;100;bob-marley-uprising.jpg;bob-marley-redemption-song-tab-standard.pdf;Redemption Song;25;nC5kc;Published;FALSE;bob-marley-redemption-song-tab.pdf;
guitareo;Bobby McFerrin;Don't Worry Be Happy;Simple Pleasures;Pop;5;150;bobby-mcferrin-simple-pleasures.jpg;bobby-mcferrin-dont-worry-be-happy-tab-standard.pdf;Don't Worry Be Happy;25;P4c4c;Published;FALSE;bobby-mcferrin-dont-worry-be-happy-tab.pdf;
guitareo;Booker T. & The M.G.'s;Green Onions;Green Onions;Blues;7;200;booker-t-and-the-mgs-green-onions.jpg;booker-t-and-mgs-green-onions-tab-standard.pdf;Green Onions;25;M-mkc;Published;FALSE;booker-t-and-mgs-green-onions-tab.pdf;
guitareo;Brandi Carlile;The Story;The Story;Country;5;150;brandi-carlile-the-story.jpg;brandi-carlile-the-story-tab-standard.pdf;The Story;25;7jY4c;Published;FALSE;brandi-carlile-the-story-tab.pdf;
guitareo;Brett Young;Mercy;Brett Young;Pop;5;150;brett-young-brett-young.jpg;brett-young-mercy-tab-standard.pdf;Mercy;25;hjz4c;Published;FALSE;brett-young-mercy-tab.pdf;
guitareo;Bruno Mars;Grenade;Doo-Wops & Hooligans;Pop;6;150;bruno-mars-doowops-and-hooligans.jpg;bruno-mars-grenade-tab-standard.pdf;Grenade;25;B544c;Published;FALSE;bruno-mars-grenade-tab.pdf;
guitareo;Buddy Holly;That'll Be The Day;"The ""Chirping"" Crickets";Rock;8;200;buddy-holly-the-chirping-crickets.jpg;buddy-holly-thatll-be-the-day-tab-standard.pdf;That'll Be The Day;25;zzN4c;Published;FALSE;buddy-holly-thatll-be-the-day-tab.pdf;
guitareo;Bush;Glycerine;Sixteen Stone;Rock;6;150;bush-sixteen-stone.jpg;bush-glycerine-tab-standard.pdf;Glycerine;25;Qc24c;Published;FALSE;bush-glycerine-tab.pdf;
guitareo;Cage the Elephant;Cigarette Daydreams;Melophobia;Rock;6;150;cage-the-elephant-melophobia.jpg;cage-the-elephant-cigarette-daydreams-tab-standard.pdf;Cigarette Daydreams;25;rV24c;Published;FALSE;cage-the-elephant-cigarette-daydreams-tab.pdf;
guitareo;Camila Cabello;Havana;Camila;Latin/World;6;150;camila-cabello-camila.jpg;camila-cabello-havana-tab-standard.pdf;Havana;25;HWy4c;Published;FALSE;camila-cabello-havana-tab.pdf;
guitareo;Alan Jackson;How Great Thou Art;Precious Memories;Folk;6;150;alan-jackson-precious-memories.jpg;alan-jackson-how-great-thou-art-tab-standard.pdf;How Great Thou Art;25;4824c;Published;FALSE;alan-jackson-how-great-thou-art-tab.pdf;
guitareo;Carly Rae Jepsen;Call Me Maybe;Kiss;Pop;5;150;carly-rae-jepsen-kiss.jpg;carly-rae-jepsen-call-me-maybe-tab-standard.pdf;Call Me Maybe;25;xs44c;Published;FALSE;carly-rae-jepsen-call-me-maybe-tab.pdf;
guitareo;Carly Rae Jepsen;I Really Like You;Emotion;Pop;5;150;carly-rae-jepsen-emotion.jpg;carly-rae-jepsen-i-really-like-you-tab-standard.pdf;I Really Like You;25;nCk4c;Published;FALSE;carly-rae-jepsen-i-really-like-you-tab.pdf;
guitareo;Christina Perri;A Thousand Years;The Twilight Saga: Breaking Dawn – Part 1 (soundtrack);Pop;3;100;christina-perri-the-twilight-saga-breaking-dawn--part-1-soundtrack.jpg;christina-perri-a-thousand-years-tab-standard.pdf;A Thousand Years;25;xrz4c;Published;FALSE;christina-perri-a-thousand-years-tab.pdf;
guitareo;Christina Perri;Jar Of Hearts;Lovestrong;Pop;6;150;christina-perri-lovestrong.jpg;christina-perri-jar-of-hearts-tab-standard.pdf;Jar Of Hearts;25;DJz4c;Published;FALSE;christina-perri-jar-of-hearts-tab.pdf;
guitareo;Chuck Berry;Johnny B. Goode;Chuck Berry Is On Top;Rock;8;200;chuck-berry--chuck-berry-is-on-top.jpg;chuck-berry-johnny-b-goode-tab-standard.pdf;Johnny B. Goode;25;J7vkc;Published;FALSE;chuck-berry-johnny-b-goode-tab.pdf;
guitareo;Coldplay;Viva La Vida;Viva la Vida Or Death And All His Friends;Pop;6;150;coldplay-viva-la-vida-or-death-and-all-his-friends.jpg;coldplay-viva-la-vida-tab-standard.pdf;Viva La Vida;25;myk4c;Published;FALSE;coldplay-viva-la-vida-tab.pdf;
guitareo;Coldplay;Fix You;X&Y;Pop;6;150;coldplay-xandy.jpg;coldplay-fix-you-tab-standard.pdf;Fix You;25;xkk4c;Published;FALSE;coldplay-fix-you-tab.pdf;
guitareo;Conan Gray;Heather;Kid Krow;Pop;2;100;conan-gray-kid-krow.jpg;conan-gray-heather-tab-standard.pdf;Heather;25;xZl4c;Published;FALSE;conan-gray-heather-tab.pdf;
guitareo;Creedence Clearwater Revival;Down On The Corner;Willy And The Poor Boys;Rock;5;150;creedence-clearwater-revival-willy-and-the-poor-boys.jpg;creedence-clearwater-revival-down-on-the-corner-tab-standard.pdf;Down On The Corner;25;2J5kc;Published;FALSE;creedence-clearwater-revival-down-on-the-corner-tab.pdf;
guitareo;Creedence Clearwater Revival;Have You Ever Seen The Rain;Pendulum;Rock;5;150;creedence-clearwater-revival-pendulum.jpg;creedence-clearwater-revival-have-you-ever-seen-the-rain-tab-standard.pdf;Have You Ever Seen The Rain;25;MS5kc;Published;FALSE;creedence-clearwater-revival-have-you-ever-seen-the-rain-tab.pdf;
guitareo;Cyndi Lauper;All Through The Night;She's So Unusual;Pop;7;200;cyndi-lauper-shes-so-unusual.jpg;cyndi-lauper-all-through-the-night-tab-standard.pdf;All Through The Night;25;L824c;Published;FALSE;cyndi-lauper-all-through-the-night-tab.pdf;
guitareo;Cyndi Lauper;Girls Just Want To Have Fun;She's So Unusual;Pop;7;200;cyndi-lauper-shes-so-unusual.jpg;cyndi-lauper-girls-just-want-to-have-fun-tab-standard.pdf;Girls Just Want To Have Fun;25;H524c;Published;FALSE;cyndi-lauper-girls-just-want-to-have-fun-tab.pdf;
guitareo;Cyndi Lauper;Time After Time;She's So Unusual;Pop;6;150;cyndi-lauper-shes-so-unusual.jpg;cyndi-lauper-time-after-time-tab-standard.pdf;Time After Time;25;Xg24c;Published;FALSE;cyndi-lauper-time-after-time-tab.pdf;
guitareo;Cyndi Lauper;True Colors;True Colors;Pop;5;150;cyndi-lauper-true-colors.jpg;cyndi-lauper-true-colors-tab-standard.pdf;True Colors;25;zjC4c;Published;FALSE;cyndi-lauper-true-colors-tab.pdf;
guitareo;Daniel Caesar;Best Part;Freudian;Pop;5;150;daniel-caesar-freudian.jpg;daniel-caesar-best-part-tab-standard.pdf;Best Part;25;XTY4c;Published;FALSE;daniel-caesar-best-part-tab.pdf;
guitareo;Daniel Powter;Bad Day;Daniel Powter;Pop;6;150;daniel-powter-daniel-powter.jpg;daniel-powter-bad-day-tab-standard.pdf;Bad Day;25;Jhz4c;Published;FALSE;daniel-powter-bad-day-tab.pdf;
guitareo;David Bowie;The Man Who Sold The World;The Man Who Sold The World;Rock;6;150;david-bowie-the-man-who-sold-the-world.jpg;david-bowie-the-man-who-sold-the-world-tab-standard.pdf;The Man Who Sold The World;25;CZ5kc;Published;FALSE;david-bowie-the-man-who-sold-the-world-tab.pdf;
guitareo;Deep Purple;Smoke On The Water;Machine Head;Rock;9;200;deep-purple-machine-head.jpg;deep-purple-smoke-on-the-water-tab-standard.pdf;Smoke On The Water;25;1Z5kc;Published;FALSE;deep-purple-smoke-on-the-water-tab.pdf;
guitareo;Demi Lovato;Skyscraper;Unbroken;Pop;3;100;demi-lovato-unbroken.jpg;demi-lovato-skyscraper-tab-standard.pdf;Skyscraper;25;Jmz4c;Published;FALSE;demi-lovato-skyscraper-tab.pdf;
guitareo;Demi Lovato;Stone Cold;Confident;Pop;6;150;demi-lovato-confident.jpg;demi-lovato-stone-cold-tab-standard.pdf;Stone Cold;25;Fmz4c;Published;FALSE;demi-lovato-stone-cold-tab.pdf;
guitareo;Dua Lipa;New Rules;New Rules;Pop;5;150;dua-lipa-new-rules.jpg;dua-lipa-new-rules-tab-standard.pdf;New Rules;25;7yc4c;Published;FALSE;dua-lipa-new-rules-tab.pdf;
guitareo;Duane Eddy;Rebel Rouser;Have 'Twangy' Guitar Will Travel;Rock;6;150;duane-eddy-have-twangy-guitar-will-travel.jpg;duane-eddy-rebel-rouser-tab-standard.pdf;Rebel Rouser;25;N-8Mc;Published;FALSE;duane-eddy-rebel-rouser-tab.pdf;
guitareo;Elvis Presley;Can't Help Falling In Love;Blue Hawaii;Pop;7;200;elvis-presley-blue-hawaii.jpg;elvis-presley-cant-help-falling-in-love-tab-standard.pdf;Can't Help Falling In Love;25;DCtkc;Published;FALSE;elvis-presley-cant-help-falling-in-love-tab.pdf;
guitareo;Elvis Presley;Jailhouse Rock;Jailhouse Rock;Rock;7;200;elvis-presley-jailhouse-rock.jpg;elvis-presley-jailhouse-rock-tab-standard.pdf;Jailhouse Rock;25;jfGkc;Published;FALSE;elvis-presley-jailhouse-rock-tab.pdf;
guitareo;Elvis Presley;Love Me Tender;Love Me Tender;Pop;6;150;elvis-presley-love-me-tender.jpg;elvis-presley-love-me-tender-tab-standard.pdf;Love Me Tender;25;WG5kc;Published;FALSE;elvis-presley-love-me-tender-tab.pdf;
guitareo;Evanescense;Bring Me To Life;Fallen;Metal;6;150;evanescense-fallen.jpg;evanescense-bring-me-to-life-tab-standard.pdf;Bring Me To Life;25;PLz4c;Published;FALSE;evanescense-bring-me-to-life-tab.pdf;
guitareo;Foo Fighters;Everlong;The Colour And The Shape;Rock;6;150;foo-fighters-the-colour-and-the-shape.jpg;foo-fighters-everlong-tab-standard.pdf;Everlong;25;5s44c;Published;FALSE;foo-fighters-everlong-tab.pdf;
guitareo;Foo Fighters;My Hero;The Colour and the Shape;Rock;7;200;foo-fighters-the-colour-and-the-shape.jpg;foo-fighters-my-hero-tab-standard.pdf;My Hero;25;VBy4c;Published;FALSE;foo-fighters-my-hero-tab.pdf;
guitareo;Foo Fighters;Times Like These;One By One;Rock;5;150;foo-fighters-one-by-one.jpg;foo-fighters-times-like-these-tab-standard.pdf;Times Like These;25;cGk4c;Published;FALSE;foo-fighters-times-like-these-tab.pdf;
guitareo;Foster The People;Pumped Up Kicks;Torches;Pop;6;150;foster-the-people-torches.jpg;foster-the-people-pumped-up-kicks-tab-standard.pdf;Pumped Up Kicks;25;tPY4c;Published;FALSE;foster-the-people-pumped-up-kicks-tab.pdf;
guitareo;Gnarls Barkley;Crazy;St. Elsewhere;Pop;4;150;gnarls-barkley-st-elsewhere.jpg;gnarls-barkley-crazy-tab-standard.pdf;Crazy;25;MHy4c;Published;FALSE;gnarls-barkley-crazy-tab.pdf;
guitareo;Green Day;Basket Case;Dookie;Rock;6;150;green-day-dookie.jpg;green-day-basket-case-tab-standard.pdf;Basket Case;25;3N6kc;Published;FALSE;green-day-basket-case-tab.pdf;
guitareo;Green Day;Wake Me Up When September Ends;American Idiot;Pop;6;150;green-day-american-idiot.jpg;green-day-wake-me-up-when-september-ends-tab-standard.pdf;Wake Me Up When September Ends;25;1xM4c;Published;FALSE;green-day-wake-me-up-when-september-ends-tab.pdf;
guitareo;Green Day;When I Come Around;Dookie;Rock;7;200;green-day-dookie.jpg;green-day-when-i-come-around-tab-standard.pdf;When I Come Around;25;m744c;Published;FALSE;green-day-when-i-come-around-tab.pdf;
guitareo;Grover Washington Jr. & Bill Withers;Just the Two of Us;Winelight;Pop;6;150;grover-washington-jr-and-bill-withers-winelight.jpg;grover-washington-jr-and-bill-withers-just-the-two-of-us-tab-standard.pdf;Just the Two of Us;25;pmz4c;Published;FALSE;grover-washington-jr-and-bill-withers-just-the-two-of-us-tab.pdf;
guitareo;Guitar Slim;The Things That I Used To Do;The Things That I Used To Do;Blues;6;150;guitar-slim-the-things-that-i-used-to-do.jpg;guitar-slim-the-things-that-i-used-to-do-tab-standard.pdf;The Things That I Used To Do;25;KVvkc;Published;FALSE;guitar-slim-the-things-that-i-used-to-do-tab.pdf;
guitareo;Hootie & The Blowfish;Only Wanna Be With You;Cracked Rearview Mirror;Rock;6;150;hootie-and-the-blowfish-cracked-rearview-mirror.jpg;hootie-and-the-blowfish-only-wanna-be-with-you-tab-standard.pdf;Only Wanna Be With You;25;RWY4c;Published;FALSE;hootie-and-the-blowfish-only-wanna-be-with-you-tab.pdf;
guitareo;Howie Day;Collide;Stop All the World Now;Pop;6;150;howie-day-stop-all-the-world-now.jpg;howie-day-collide-tab-standard.pdf;Collide;25;zP24c;Published;FALSE;howie-day-collide-tab.pdf;
guitareo;Hozier;Take Me To Church;Take Me To Church EP;Pop;3;100;hozier-take-me-to-church-ep.jpg;hozier-take-me-to-church-tab-standard.pdf;Take Me To Church;25;4vz4c;Published;FALSE;hozier-take-me-to-church-tab.pdf;
guitareo;Idina Menzel;Let It Go;Frozen: Original Motion Picture Soundtrack;Pop;6;150;idina-menzel-frozen-original-motion-picture-soundtrack.jpg;idina-menzel-let-it-go-tab-standard.pdf;Let It Go;25;svz4c;Published;FALSE;idina-menzel-let-it-go-tab.pdf;
guitareo;James Brown;The Chicken;;Funk;7;200;james-brown-back-to-bedlam.jpg;james-brown-the-chicken-tab-standard.pdf;The Chicken;25;zwgkc;Published;FALSE;james-brown-the-chicken-tab.pdf;
guitareo;James Lord Pierpont;Jingle Bells;;Holiday;3;100;james-lord-pierpont-.jpg;james-lord-pierpont-jingle-bells-tab-standard.pdf;Jingle Bells;25;tn24c;Published;FALSE;james-lord-pierpont-jingle-bells-tab.pdf;
guitareo;Jason Derulo;Whatcha Say;Jason Derulo;Pop;5;150;jason-derulo-jason-derulo.jpg;jason-derulo-whatcha-say-tab-standard.pdf;Whatcha Say;25;sYz4c;Published;FALSE;jason-derulo-whatcha-say-tab.pdf;
guitareo;Jason Mraz;I'm Yours;We sing. We Dance. We Steal Things.;Pop;5;150;jason-mraz-we-sing-we-dance-we-steal-things.jpg;jason-mraz-im-yours-tab-standard.pdf;I'm Yours;25;lQM4c;Published;FALSE;jason-mraz-im-yours-tab.pdf;
guitareo;Jason Mraz;Details In The Fabric;We Sing. We Dance. We Steal Things.;Pop;6;150;jason-mraz-we-sing-we-dance-we-steal-things.jpg;jason-mraz-details-in-the-fabric-tab-standard.pdf;Details In The Fabric;25;xvy4c;Published;FALSE;jason-mraz-details-in-the-fabric-tab.pdf;
guitareo;Jason Mraz;I Won't Give Up;Love Is a Four Letter Word;Pop;6;150;jason-mraz-love-is-a-four-letter-word.jpg;jason-mraz-i-wont-give-up-tab-standard.pdf;I Won't Give Up;25;NTy4c;Published;FALSE;jason-mraz-i-wont-give-up-tab.pdf;
guitareo;Jay-Z feat. Alicia Keys;Empire State Of Mind;The Blueprint 3;R&B/Soul;5;150;jayz-feat-alicia-keys-the-blueprint-3.jpg;jayz-feat-alicia-keys-empire-state-of-mind-tab-standard.pdf;Empire State Of Mind;25;gYy4c;Published;FALSE;jayz-feat-alicia-keys-empire-state-of-mind-tab.pdf;
guitareo;Jethro Tull;Aqualung;Aqualung;Rock;8;200;jethro-tull-aqualung.jpg;jethro-tull-aqualung-tab-standard.pdf;Aqualung;25;KCf4c;Published;FALSE;jethro-tull-aqualung-tab.pdf;
guitareo;Joe Jackson;Look Sharp;Look Sharp;Pop;6;150;joe-jackson-look-sharp.jpg;joe-jackson-look-sharp-tab-standard.pdf;Look Sharp;25;JN6kc;Published;FALSE;joe-jackson-look-sharp-tab.pdf;
guitareo;John Legend;All Of Me;Love In The Future;R&B/Soul;2;100;john-legend-love-in-the-future.jpg;john-legend-all-of-me-tab-standard.pdf;All Of Me;25;vXrkc;Published;FALSE;john-legend-all-of-me-tab.pdf;
guitareo;John Lennon;Imagine;Imagine;Pop;5;150;john-lennon-imagine.jpg;john-lennon-imagine-tab-standard.pdf;Imagine;25;4Krkc;Published;FALSE;john-lennon-imagine-tab.pdf;
guitareo;John Mayall Blue Breakers With Eric Clapton;Hideaway;John Mayall Blue Breakers With Eric Clapton;Blues;8;200;john-mayall-blue-breakers-with-eric-clapton-john-mayall-blue-breakers-with-eric-clapton.jpg;john-mayall-blue-breakers-with-eric-clapton-hideaway-tab-standard.pdf;Hideaway;25;xN6kc;Published;FALSE;john-mayall-blue-breakers-with-eric-clapton-hideaway-tab.pdf;
guitareo;Jonas Brothers;Sucker;Happiness begins;Pop;6;150;jonas-brothers-happiness-begins.jpg;jonas-brothers-sucker-tab-standard.pdf;Sucker;25;Kvz4c;Published;FALSE;jonas-brothers-sucker-tab.pdf;
guitareo;Justin Bieber;Baby;My World 2.0;Pop;5;150;justin-bieber-my-world-20.jpg;justin-bieber-baby-tab-standard.pdf;Baby;25;n144c;Published;FALSE;justin-bieber-baby-tab.pdf;
guitareo;Katy Perry;Hot N Cold;One of the Boys;Pop;5;150;katy-perry-one-of-the-boys.jpg;katy-perry-hot-n-cold-tab-standard.pdf;Hot N Cold;25;QHy4c;Published;FALSE;katy-perry-hot-n-cold-tab.pdf;
guitareo;Katy Perry;Roar;Prism;Pop;6;150;katy-perry-prism.jpg;katy-perry-roar-tab-standard.pdf;Roar;25;Gvz4c;Published;FALSE;katy-perry-roar-tab.pdf;
guitareo;Keane;Somewhere Only We Know;Hopes and Fears;Pop;6;150;keane-hopes-and-fears.jpg;keane-somewhere-only-we-know-tab-standard.pdf;Somewhere Only We Know;25;2Sz4c;Published;FALSE;keane-somewhere-only-we-know-tab.pdf;
guitareo;Lady Gaga;Poker Face;The Fame;Pop;6;150;lady-gaga-the-fame.jpg;lady-gaga-poker-face-tab-standard.pdf;Poker Face;25;xfy4c;Published;FALSE;lady-gaga-poker-face-tab.pdf;
guitareo;Led Zeppelin;Immigrant Song;Led Zeppelin III;Rock;8;200;led-zeppelin-led-zeppelin-iii.jpg;led-zeppelin-immigrant-song-tab-standard.pdf;Immigrant Song;25;9p5kc;Published;FALSE;led-zeppelin-immigrant-song-tab.pdf;
guitareo;Led Zeppelin;Dazed and Confused;Led Zeppelin I;Rock;8;200;led-zeppelin-led-zeppelin-i.jpg;led-zeppelin-dazed-and-confused-tab-standard.pdf;Dazed and Confused;25;3Vl4c;Published;FALSE;led-zeppelin-dazed-and-confused-tab.pdf;
guitareo;Led Zeppelin;Stairway to Heaven;Led Zeppelin IV;Rock;8;200;led-zeppelin-led-zeppelin-iv.jpg;led-zeppelin-stairway-to-heaven-tab-standard.pdf;Stairway to Heaven;25;1my4c;Published;FALSE;led-zeppelin-stairway-to-heaven-tab.pdf;
guitareo;Leona Lewis;Bleeding Love;Spirit;Pop;6;150;leona-lewis-spirit.jpg;leona-lewis-bleeding-love-tab-standard.pdf;Bleeding Love;25;bJz4c;Published;FALSE;leona-lewis-bleeding-love-tab.pdf;
guitareo;Lewis Capaldi;Someone You Loved;Divinely Uninspired to a Hellish Extent;Pop;6;150;lewis-capaldi-divinely-uninspired-to-a-hellish-extent.jpg;lewis-capaldi-someone-you-loved-tab-standard.pdf;Someone You Loved;25;sSz4c;Published;FALSE;lewis-capaldi-someone-you-loved-tab.pdf;
guitareo;Linkin Park;One More Light;One More Light;Rock;6;150;linkin-park-one-more-light.jpg;linkin-park-one-more-light-tab-standard.pdf;One More Light;25;xh44c;Published;FALSE;linkin-park-one-more-light-tab.pdf;
guitareo;Little Richard;Lucille;Little richard;Rock;4;150;little-richard-little-richard.jpg;little-richard-lucille-tab-standard.pdf;Lucille;25;SJGkc;Published;FALSE;little-richard-lucille-tab.pdf;
guitareo;Lorde;Green Light;Melodrama;Pop;5;150;lorde-melodrama.jpg;lorde-green-light-tab-standard.pdf;Green Light;25;4pz4c;Published;FALSE;lorde-green-light-tab.pdf;
guitareo;Maroon 5 feat. Christina Aguilera;Moves Like Jagger;Hands All Over;Pop;6;150;maroon-5-feat-christina-aguilera-hands-all-over.jpg;maroon5-feat-christina-aguilera-moves-like-jagger-tab-standard.pdf;Moves Like Jagger;25;vpgkc;Published;FALSE;maroon5-feat-christina-aguilera-moves-like-jagger-tab.pdf;
guitareo;Marvin Gaye;Ain’t No Mountain High Enough;Forever Yours;R&B/Soul;6;150;marvin-gaye-forever-yours.jpg;marvin-gaye-aint-no-mountain-high-enough-tab-standard.pdf;Ain’t No Mountain High Enough;25;Wsl4c;Published;FALSE;marvin-gaye-aint-no-mountain-high-enough-tab.pdf;
guitareo;Matt Redman;10,000 Reasons (Bless The Lord);Spirit & Song: Disc M;Country;5;150;matt-redman-spirit-and-song-disc-m.jpg;matt-redman-10000-reasons-bless-the-lord-tab-standard.pdf;10,000 Reasons (Bless The Lord);25;lRl4c;Published;FALSE;matt-redman-10000-reasons-bless-the-lord-tab.pdf;
guitareo;Mazzy Star;Fade Into You;So Tonight That I Might See;Pop;5;150;mazzy-star-so-tonight-that-i-might-see.jpg;mazzy-star-fade-into-you-tab-standard.pdf;Fade Into You;25;sZY4c;Published;FALSE;mazzy-star-fade-into-you-tab.pdf;
guitareo;Megadeth;Holy Wars The Punishment Due;Rust in Peace;Metal;8;200;megadeth-rust-in-peace.jpg;megadeth-holy-wars-the-punishment-due-tab-standard.pdf;Holy Wars The Punishment Due;25;GBz4c;Published;FALSE;megadeth-holy-wars-the-punishment-due-tab.pdf;
guitareo;Motorhead;Ace of Spades;Ace of Spades;Metal;7;200;motorhead-ace-of-spades.jpg;motorhead-ace-of-spades-tab-standard.pdf;Ace of Spades;25;yf24c;Published;FALSE;motorhead-ace-of-spades-tab.pdf;
guitareo;Natasha Bedingfield;Unwritten;Unwritten;Pop;3;100;natasha-bedingfield-unwritten.jpg;natasha-bedingfield-unwritten-tab-standard.pdf;Unwritten;25;Tpz4c;Published;FALSE;natasha-bedingfield-unwritten-tab.pdf;
guitareo;Nirvana;All Apologies;In Utero;Rock;6;150;nirvana-in-utero.jpg;nirvana-all-apologies-tab-standard.pdf;All Apologies;25;D644c;Published;FALSE;nirvana-all-apologies-tab.pdf;
guitareo;Nirvana;Come As You Are;Nevermind;Rock;7;200;nirvana-nevermind.jpg;nirvana-come-as-you-are-tab-standard.pdf;Come As You Are;25;HYy4c;Published;FALSE;nirvana-come-as-you-are-tab.pdf;
guitareo;Olivia Rodrigo;Drivers Licence;Sour;Pop;6;150;olivia-rodrigo-sour.jpg;olivia-rodrigo-drivers-licence-tab-standard.pdf;Drivers Licence;25;jJz4c;Published;FALSE;olivia-rodrigo-drivers-licence-tab.pdf;
guitareo;Red Hot Chili Peppers;Can't Stop;By the Way;Rock;8;200;red-hot-chili-peppers-by-the-way.jpg;red-hot-chili-peppers-cant-stop-tab-standard.pdf;Can't Stop;25;BMk4c;Published;FALSE;red-hot-chili-peppers-cant-stop-tab.pdf;
guitareo;Red Hot Chili Peppers;Scar Tissue;Californication;Rock;8;200;red-hot-chili-peppers-californication.jpg;red-hot-chili-peppers-scar-tissue-tab-standard.pdf;Scar Tissue;25;Zf24c;Published;FALSE;red-hot-chili-peppers-scar-tissue-tab.pdf;
guitareo;Rihanna;Take A Bow;Good Girl Gone Bad;R&B/Soul;6;150;rihanna-good-girl-gone-bad.jpg;rihanna-take-a-bow-tab-standard.pdf;Take A Bow;25;bN44c;Published;FALSE;rihanna-take-a-bow-tab.pdf;
guitareo;Rihanna;Umbrella;Good Girl Gone Bad;R&B/Soul;5;150;rihanna-good-girl-gone-bad.jpg;rihanna-umbrella-tab-standard.pdf;Umbrella;25;8N44c;Published;FALSE;rihanna-umbrella-tab.pdf;
guitareo;Rihanna feat. Calvin Harris;We Found Love;Talk That Talk;R&B/Soul;6;150;rihanna-feat-calvin-harris-talk-that-talk.jpg;rihanna-feat-calvin-harris-we-found-love-tab-standard.pdf;We Found Love;25;jN44c;Published;FALSE;rihanna-feat-calvin-harris-we-found-love-tab.pdf;
guitareo;Roberta Flack;Killing Me Softly;Killing Me Softly;Pop;6;150;roberta-flack-killing-me-softly.jpg;roberta-flack-killing-me-softly-tab-standard.pdf;Killing Me Softly;25;LN44c;Published;FALSE;roberta-flack-killing-me-softly-tab.pdf;
guitareo;Sam Smith;Dancing With A Stranger;Love Goes;Pop;6;150;sam-smith-love-goes.jpg;sam-smith-dancing-with-a-stranger-tab-standard.pdf;Dancing With A Stranger;25;3x44c;Published;FALSE;sam-smith-dancing-with-a-stranger-tab.pdf;
guitareo;Sam Smith;Too Good At Goodbyes;The Thrill of It All;Pop;5;150;sam-smith-the-thrill-of-it-all.jpg;sam-smith-too-good-at-goodbyes-tab-standard.pdf;Too Good At Goodbyes;25;--44c;Published;FALSE;sam-smith-too-good-at-goodbyes-tab.pdf;
guitareo;Sam Smith;Writing's On The Wall;Writings On The Wall;;6;150;sam-smith-writings-on-the-wall.jpg;sam-smith-writings-on-the-wall-tab-standard.pdf;Writing's On The Wall;25;-Q44c;Published;FALSE;sam-smith-writings-on-the-wall-tab.pdf;
guitareo;Sara Bareilles;Brave;The Blessed Unrest;Pop;6;150;sara-bareilles-the-blessed-unrest.jpg;sara-bareilles-brave-tab-standard.pdf;Brave;25;WDy4c;Published;FALSE;sara-bareilles-brave-tab.pdf;
guitareo;Sara Bareilles;Gravity;Little Voice;Pop;6;150;sara-bareilles-little-voice.jpg;sara-bareilles-gravity-tab-standard.pdf;Gravity;25;cjz4c;Published;FALSE;sara-bareilles-gravity-tab.pdf;
guitareo;Sarah McLachlan;Angel;Surfacing;Pop;5;150;sarah-mclachlan-surfacing.jpg;sarah-mclachlan-angel-tab-standard.pdf;Angel;25;5Zz4c;Published;FALSE;sarah-mclachlan-angel-tab.pdf;
guitareo;Sarah McLachlan;Building A Mystery;Surfacing;Pop;3;100;sarah-mclachlan-surfacing.jpg;sarah-mclachlan-building-a-mystery-tab-standard.pdf;Building A Mystery;25;qkz4c;Published;FALSE;sarah-mclachlan-building-a-mystery-tab.pdf;
guitareo;Sarah McLachlan;I Will Remember You;Fumbling Towards Ecstasy;Pop;5;150;sarah-mclachlan-fumbling-towards-ecstasy.jpg;sarah-mclachlan-i-will-remember-you-tab-standard.pdf;I Will Remember You;25;FLz4c;Published;FALSE;sarah-mclachlan-i-will-remember-you-tab.pdf;
guitareo;Shawn Mendes;In My Blood;Shawn Mendes;Pop;6;150;shawn-mendes-shawn-mendes.jpg;shawn-mendes-in-my-blood-tab-standard.pdf;In My Blood;25;9-Y4c;Published;FALSE;shawn-mendes-in-my-blood-tab.pdf;
guitareo;Sia;Cheap Thrills;This Is Acting;Pop;5;150;sia-this-is-acting.jpg;sia-cheap-thrills-tab-standard.pdf;Cheap Thrills;25;dpz4c;Published;FALSE;sia-cheap-thrills-tab.pdf;
guitareo;Simon & Garfunkel;The Sound of Silence;Wednesday Morning, 3 A.M.;Funk;5;150;simon-and-garfunkel-wednesday-morning-3-am.jpg;simon-and-garfunkel-the-sound-of-silence-tab-standard.pdf;The Sound of Silence;25;wj24c;Published;FALSE;simon-and-garfunkel-the-sound-of-silence-tab.pdf;
guitareo;Sonny Boy Williamson;Help Me;More Folk Blues;Blues;5;150;sonny-boy-williamson-more-folk-blues.jpg;sonny-boy-williamson-help-me-tab-standard.pdf;Help Me;25;96pkc;Published;FALSE;sonny-boy-williamson-help-me-tab.pdf;
guitareo;The Animals;The House Of The Rising Sun;The Best Of The Animals;Rock;5;150;the-animals-the-best-of-the-animals.jpg;the-animals-house-of-the-rising-sun-tab-standard.pdf;The House Of The Rising Sun;25;Mlpkc;Published;FALSE;the-animals-house-of-the-rising-sun-tab.pdf;
guitareo;The Beatles;Blackbird;The Beatles (White Album);Rock;8;200;the-beatles-the-beatles-white-album.jpg;the-beatles-blackbird-tab-standard.pdf;Blackbird;25;Mnmkc;Published;FALSE;the-beatles-blackbird-tab.pdf;
guitareo;The Beatles;Drive My Car;Rubber Soul;Rock;7;200;the-beatles-rubber-soul.jpg;the-beatles-drive-my-car-tab-standard.pdf;Drive My Car;25;b3k4c;Published;FALSE;the-beatles-drive-my-car-tab.pdf;
guitareo;The Beatles;We Can Work It Out;We Can Work It Out;Rock;5;150;the-beatles-we-can-work-it-out.jpg;the-beatles-we-can-work-it-out-tab-standard.pdf;We Can Work It Out;25;3wY4c;Published;FALSE;the-beatles-we-can-work-it-out-tab.pdf;
guitareo;The Black Keys;Lonely Boy;El Camino;Rock;8;200;the-black-keys-el-camino.jpg;the-black-keys-lonely-boy-tab-standard.pdf;Lonely Boy;25;NGc4c;Published;FALSE;the-black-keys-lonely-boy-tab.pdf;
guitareo;The Chainsmokers, Halsey;Closer;Collage;Pop;6;150;the-chainsmokers-halsey-collage.jpg;the-chainsmokers-halsey-closer-tab-standard.pdf;Closer;25;vGz4c;Published;FALSE;the-chainsmokers-halsey-closer-tab.pdf;
guitareo;Train;Calling All Angels;My Private Nation;Pop;6;150;train-my-private-nation.jpg;train-calling-all-angels-tab-standard.pdf;Calling All Angels;25;9jz4c/;Published;FALSE;train-calling-all-angels-tab.pdf;
guitareo;Train;Drops Of Jupiter (Tell Me);Drops of Jupiter;Pop;5;150;train-drops-of-jupiter.jpg;train-drops-of-jupiter-tell-me-tab-standard.pdf;Drops Of Jupiter (Tell Me);25;pjz4c;Published;FALSE;train-drops-of-jupiter-tell-me-tab.pdf;
guitareo;Train;Hey, Soul Sister;Save Me, San Francisco;Pop;6;150;train-save-me-san-francisco.jpg;train-hey-soul-sister-tab-standard.pdf;Hey, Soul Sister;25;2Pz4c;Published;FALSE;train-hey-soul-sister-tab.pdf;
guitareo;Van Halen;Running with the Devil;Van Halen;Metal;8;200;van-halen-van-halen.jpg;van-halen-running-with-the-devil-tab-standard.pdf;Running with the Devil;25;Lqz4c;Published;FALSE;van-halen-running-with-the-devil-tab.pdf;
guitareo;Vance Joy;Georgia;Dream Your Life Away;Pop;2;100;vance-joy-dream-your-life-away.jpg;vance-joy-georgia-tab-standard.pdf;Georgia;25;Lnl4c;Published;FALSE;vance-joy-georgia-tab.pdf;
guitareo;Vance Joy;Mess Is Mine;Dream Your Life Away;Pop;3;100;vance-joy-dream-your-life-away.jpg;vance-joy-mess-is-mine-tab-standard.pdf;Mess Is Mine;25;kPz4c;Published;FALSE;vance-joy-mess-is-mine-tab.pdf;
guitareo;Vulfpeck;Dean Town;The Beautiful Game;Funk;7;200;vulfpeck-the-beautiful-game.jpg;vulfpeck-dean-town-tab-standard.pdf;Dean Town;25;6Lgkc;Published;FALSE;vulfpeck-dean-town-tab.pdf;
guitareo;Walk the Moon;Shut Up and Dance;Talking is Hard;Rock;6;150;walk-the-moon-talking-is-hard.jpg;walk-the-moon-shut-up-and-dance-tab-standard.pdf;Shut Up and Dance;25;Wrz4c;Published;FALSE;walk-the-moon-shut-up-and-dance-tab.pdf;
guitareo;Weezer;Say It Ain't So;Weezer (Blue Album);Rock;7;200;weezer-weezer-blue-album.jpg;weezer-say-it-aint-so-tab-standard.pdf;Say It Ain't So;25;6jz4c;Published;FALSE;weezer-say-it-aint-so-tab.pdf;
guitareo;Whitney Houston;I Will Always Love You;The Bodyguard Soundtrack;Pop;6;150;whitney-houston-the-bodyguard-soundtrack.jpg;whitney-houston-i-will-always-love-you-tab-standard.pdf;I Will Always Love You;25;Wrk4c;Published;FALSE;whitney-houston-i-will-always-love-you-tab.pdf;
guitareo;Whitney Houston;My Love Is Your Love;My Love Is Your Love;Pop;6;150;whitney-houston-my-love-is-your-love.jpg;whitney-houston-my-love-is-your-love-tab-standard.pdf;My Love Is Your Love;25;LR24c;Published;FALSE;whitney-houston-my-love-is-your-love-tab.pdf;
guitareo;Whitney Houston;Where Do Broken Hearts Go;Whitney;Pop;6;150;whitney-houston-whitney.jpg;whitney-houston-where-do-broken-hearts-go-tab-standard.pdf;Where Do Broken Hearts Go;25;2-l4c;Published;FALSE;whitney-houston-where-do-broken-hearts-go-tab.pdf;
guitareo;A Great Big World;Say Something;Is There Anybody Out There?;Pop;6;150;a-great-big-world-is-there-anybody-out-there.jpg;a-great-big-world-say-something-tab-standard.pdf;Say Something;25;5FC4c;Published;FALSE;a-great-big-world-say-something-tab.pdf;
guitareo;ABBA;Lay All Your Love On Me;Super Trouper;Disco;5;150;abba-super-trouper.jpg;abba-lay-all-your-love-on-me-tab-standard.pdf;Lay All Your Love On Me;25;MvX4c;Published;FALSE;abba-lay-all-your-love-on-me-tab.pdf;
guitareo;ABBA;Thank You For The Music;ABBA: The Album;Disco;6;150;abba-abba-the-album.jpg;abba-thank-you-for-the-music-tab-standard.pdf;Thank You For The Music;25;VgX4c;Published;FALSE;abba-thank-you-for-the-music-tab.pdf;
guitareo;ABBA;Waterloo;Waterloo;Disco;6;150;abba-waterloo.jpg;abba-waterloo-tab-standard.pdf;Waterloo;25;zgX4c;Published;FALSE;abba-waterloo-tab.pdf;
guitareo;AC/DC;Let There Be Rock;Let There Be Rock;Rock;4;150;acdc-let-there-be-rock.jpg;acdc-let-there-be-rock-tab-standard.pdf;Let There Be Rock;25;zjR4c;Published;FALSE;acdc-let-there-be-rock-tab.pdf;
guitareo;Ace of Base;Beautiful Life;The Bridge;Pop;6;150;ace-of-base-the-bridge.jpg;ace-of-base-beautiful-life-tab-standard.pdf;Beautiful Life;25;2tC4c;Published;FALSE;ace-of-base-beautiful-life-tab.pdf;
guitareo;Ace of Base;The Sign;Happy Nation;Pop;5;150;ace-of-base-happy-nation.jpg;ace-of-base-the-sign-tab-standard.pdf;The Sign;25;KfR4c;Published;FALSE;ace-of-base-the-sign-tab.pdf;
guitareo;Adele;Easy On Me;30;Pop;6;150;adele-30.jpg;adele-easy-on-me-tab-standard.pdf;Easy On Me;25;ZDR4c;Published;FALSE;adele-easy-on-me-tab.pdf;
guitareo;Adele;Make You Feel My Love;19;Pop;6;150;adele-19.jpg;adele-make-you-feel-my-love-tab-standard.pdf;Make You Feel My Love;25;FtC4c;Published;FALSE;adele-make-you-feel-my-love-tab.pdf;
guitareo;Adele;Remedy;25;Pop;4;150;adele-25.jpg;adele-remedy-tab-standard.pdf;Remedy;25;7LR4c;Published;FALSE;adele-remedy-tab.pdf;
guitareo;Adele;Set Fire To The Rain;21;Pop;6;150;adele-21.jpg;adele-set-fire-to-the-rain-tab-standard.pdf;Set Fire To The Rain;25;LcR4c;Published;FALSE;adele-set-fire-to-the-rain-tab.pdf;
guitareo;Adele;Skyfall;Skyfall;Pop;6;150;adele-skyfall.jpg;adele-skyfall-tab-standard.pdf;Skyfall;25;6fR4c;Published;FALSE;adele-skyfall-tab.pdf;
guitareo;Adele;When We Were Young;25;Pop;6;150;adele-25.jpg;adele-when-we-were-young-tab-standard.pdf;When We Were Young;25;yjR4c;Published;FALSE;adele-when-we-were-young-tab.pdf;
guitareo;Air Supply;All Out Of Love;Lost in Love;Pop;5;150;air-supply-lost-in-love.jpg;air-supply-all-out-of-love-tab-standard.pdf;All Out Of Love;25;nLY4c;Published;FALSE;air-supply-all-out-of-love-tab.pdf;
guitareo;Alan Walker;All Falls Down;Different World;Pop;5;150;alan-walker-different-world.jpg;alan-walker-all-falls-down-tab-standard.pdf;All Falls Down;25;Wzq4c;Published;FALSE;alan-walker-all-falls-down-tab.pdf;
guitareo;Alan Walker;Faded;Different World;Pop;6;150;alan-walker-different-world.jpg;alan-walker-faded-tab-standard.pdf;Faded;25;9qq4c;Published;FALSE;alan-walker-faded-tab.pdf;
guitareo;Alessia Cara;How Far I'll Go;Moana: Original Motion Picture Soundtrack;Pop;6;150;alessia-cara-moana-original-motion-picture-soundtrack.jpg;alessia-cara-how-far-ill-go-tab-standard.pdf;How Far I'll Go;25;5Vq4c;Published;FALSE;alessia-cara-how-far-ill-go-tab.pdf;
guitareo;Alessia Cara;Scars To Your Beautiful;Know-It-All;Pop;5;150;alessia-cara-knowitall.jpg;alessia-cara-scars-to-your-beautiful-tab-standard.pdf;Scars To Your Beautiful;25;Xlq4c;Published;FALSE;alessia-cara-scars-to-your-beautiful-tab.pdf;
guitareo;Alessia Cara;Wild Things;Know-It-All;Pop;6;150;alessia-cara-knowitall.jpg;alessia-cara-wild-things-tab-standard.pdf;Wild Things;25;Zlq4c;Published;FALSE;alessia-cara-wild-things-tab.pdf;
guitareo;Amy Winehouse;Rehab;Back To Black;R&B/Soul;5;150;amy-winehouse-back-to-black.jpg;amy-winehouse-rehab-tab-standard.pdf;Rehab;25;xRR4c;Published;FALSE;amy-winehouse-rehab-tab.pdf;
guitareo;Audioslave;Like A Stone;Audioslave;Rock;6;150;audioslave-audioslave.jpg;audioslave-like-a-stone-tab-standard.pdf;Like A Stone;25;WMR4c;Published;FALSE;audioslave-like-a-stone-tab.pdf;
guitareo;Ava Max;Sweet But Psycho;Heaven & Hell;Electronic;5;150;ava-max-heaven-and-hell.jpg;ava-max-sweet-but-psycho-tab-standard.pdf;Sweet But Psycho;25;YKk4c;Published;FALSE;ava-max-sweet-but-psycho-tab.pdf;
guitareo;Avicii;Wake Me Up;TRUE;Electronic;5;150;avicii-true-.jpg;avicii-wake-me-up-tab-standard.pdf;Wake Me Up;25;4xk4c;Published;FALSE;avicii-wake-me-up-tab.pdf;
guitareo;Bebe Rexha;Meant To Be;All Your Fault: Pt 2;Pop;5;150;bebe-rexha-all-your-fault-pt-2.jpg;bebe-rexha-meant-to-be-tab-standard.pdf;Meant To Be;25;Wyy4c;Published;FALSE;bebe-rexha-meant-to-be-tab.pdf;
guitareo;Bette Midler;From A Distance;Some People's Lives;Pop;5;150;bette-midler-some-peoples-lives.jpg;bette-midler-from-a-distance-tab-standard.pdf;From A Distance;25;sNR4c;Published;FALSE;bette-midler-from-a-distance-tab.pdf;
guitareo;Bette Midler;Wind Beneath My Wings;Beaches: Original Soundtrack Recording;Pop;6;150;bette-midler-beaches-original-soundtrack-recording.jpg;bette-midler-wind-beneath-my-wings-tab-standard.pdf;Wind Beneath My Wings;25;gNR4c;Published;FALSE;bette-midler-wind-beneath-my-wings-tab.pdf;
guitareo;Beyoncé;I Was Here;4;Pop;3;100;beyonce-4.jpg;beyonce-i-was-here-tab-standard.pdf;I Was Here;25;pNR4c;Published;FALSE;beyonce-i-was-here-tab.pdf;
guitareo;Beyoncé;Irreplaceable;B'Day;Pop;5;150;beyonce-bday.jpg;beyonce-irreplaceable-tab-standard.pdf;Irreplaceable;25;Z2R4c;Published;FALSE;beyonce-irreplaceable-tab.pdf;
guitareo;Bill Withers;Ain't No Sunshine;Just As I Am;Pop;3;100;bill-withers-just-as-i-am.jpg;bill-withers-aint-no-sunshine-tab-standard.pdf;Ain't No Sunshine;25;17q4c;Published;FALSE;bill-withers-aint-no-sunshine-tab.pdf;
guitareo;Billie Eilish;Happier Than Ever;Happier Than Ever;Pop;5;150;billie-eilish-happier-than-ever.jpg;billie-eilish-happier-than-ever-tab-standard.pdf;Happier Than Ever;25;n2R4c;Published;FALSE;billie-eilish-happier-than-ever-tab.pdf;
guitareo;Billy Idol;Rebel Yell;Rebel Yell;Rock;6;150;billy-idol-rebel-yell.jpg;billy-idol-rebel-yell-tab-standard.pdf;Rebel Yell;25;XkR4c;Published;FALSE;billy-idol-rebel-yell-tab.pdf;
guitareo;Billy Joel;Uptown Girl;An Innocent Man;Pop;5;150;billy-joel-an-innocent-man.jpg;billy-joel-uptown-girl-tab-standard.pdf;Uptown Girl;25;dkR4c;Published;FALSE;billy-joel-uptown-girl-tab.pdf;
guitareo;Billy Ray Cyrus;Achy Breaky Heart;Some Gave All;Rock;3;100;billy-ray-cyrus-some-gave-all.jpg;billy-ray-cyrus-achy-breaky-heart-tab-standard.pdf;Achy Breaky Heart;25;gHR4c;Published;FALSE;billy-ray-cyrus-achy-breaky-heart-tab.pdf;
guitareo;The Black Crowes;She Talks to Angels;Shake Your Money Maker;Rock;4;150;the-black-crowes-shake-your-money-maker.jpg;the-black-crowes-she-talks-to-angels-tab-standard.pdf;She Talks to Angels;25;kyR4c;Published;FALSE;the-black-crowes-she-talks-to-angels-tab.pdf;
guitareo;Black Flag;Rise Above;Damaged;Rock;4;150;black-flag-damaged.jpg;black-flag-rise-above-tab-standard.pdf;Rise Above;25;4TR4c;Published;FALSE;black-flag-rise-above-tab.pdf;
guitareo;Black Sabbath;Iron Man;Paranoid;Metal;8;200;black-sabbath-paranoid.jpg;black-sabbath-iron-man-tab-standard.pdf;Iron Man;25;nfR4c;Published;FALSE;black-sabbath-iron-man-tab.pdf;
guitareo;Black Sabbath;War Pigs;Paranoid;Metal;8;200;black-sabbath-paranoid.jpg;black-sabbath-war-pigs-tab-standard.pdf;War Pigs;25;YvX4c;Published;FALSE;black-sabbath-war-pigs-tab.pdf;
guitareo;Blake Shelton;God Gave Me You;Red River Blue;Country;5;150;blake-shelton-red-river-blue.jpg;blake-shelton-god-gave-me-you-tab-standard.pdf;God Gave Me You;25;3JR4c;Published;FALSE;blake-shelton-god-gave-me-you-tab.pdf;
guitareo;Blake Shelton;Sangría;Bringing Back the Sunshine;Country;5;150;blake-shelton-bringing-back-the-sunshine.jpg;blake-shelton-sangria-tab-standard.pdf;Sangría;25;gbR4c;Published;FALSE;blake-shelton-sangria-tab.pdf;
guitareo;Blind Melon;No Rain;Blind Melon;Rock;4;150;blind-melon-blind-melon.jpg;blind-melon-no-rain-tab-standard.pdf;No Rain;25;kqX4c;Published;FALSE;blind-melon-no-rain-tab.pdf;
guitareo;Justin Bieber and BloodPop;Friends;Friends;Pop;6;150;justin-bieber-and-bloodpop-friends.jpg;justin-bieber-and-bloodpop-friends-tab-standard.pdf;Friends;25;SDR4c;Published;FALSE;justin-bieber-and-bloodpop-friends-tab.pdf;
guitareo;Blues Traveler;Run-Around;Four;Pop;4;150;blues-traveler-four.jpg;blues-traveler-runaround-tab-standard.pdf;Run-Around;25;nyR4c;Published;FALSE;blues-traveler-runaround-tab.pdf;
guitareo;Blur;Song 2;Blur;Rock;5;150;blur-blur.jpg;blur-song-2-tab-standard.pdf;Song 2;25;1yR4c;Published;FALSE;blur-song-2-tab.pdf;
guitareo;Bobby Helms;Jingle Bell Rock;Jingle Bell Rock;Holiday;1;100;bobby-helms-jingle-bell-rock.jpg;jingle-bell-rock-tab-standard.pdf;Jingle Bell Rock;25;wz34c;Published;FALSE;jingle-bell-rock-tab.pdf;
guitareo;Bradley Cooper & Lady Gaga;Shallow;A Star Is Born Soundtrack;Country;4;150;bradley-cooper-and-lady-gaga-a-star-is-born-soundtrack.jpg;bradley-cooper-and-lady-gaga-shallow-tab-standard.pdf;Shallow;25;ZfGkc;Published;FALSE;bradley-cooper-and-lady-gaga-shallow-tab.pdf;
guitareo;Britney Spears;Toxic;In the Zone;Pop;6;150;britney-spears-in-the-zone.jpg;britney-spears-toxic-tab-standard.pdf;Toxic;25;4fX4c;Published;FALSE;britney-spears-toxic-tab.pdf;
guitareo;Bruno Mars;Locked Out Of Heaven;Unorthodox Jukebox;R&B/Soul;5;150;bruno-mars-unorthodox-jukebox.jpg;bruno-mars-locked-out-of-heaven-tab-standard.pdf;Locked Out Of Heaven;25;gT5kc;Published;FALSE;bruno-mars-locked-out-of-heaven-tab.pdf;
guitareo;Buffalo Springfield;For What It's Worth;Buffalo Springfield;Rock;2;100;buffalo-springfield-buffalo-springfield.jpg;buffalo-springfield-for-what-its-worth-tab-standard.pdf;For What It's Worth;25;HxX4c;Published;FALSE;buffalo-springfield-for-what-its-worth-tab.pdf;
guitareo;Cat Stevens;Wild World;Tea for the Tillerman;Pop;5;150;cat-stevens-tea-for-the-tillerman.jpg;cat-stevens-wild-world-tab-standard.pdf;Wild World;25;bRC4c;Published;FALSE;cat-stevens-wild-world-tab.pdf;
guitareo;Christina Aguilera;Beautiful;Stripped;Pop;6;150;christina-aguilera-stripped.jpg;christina-aguilera-beautiful-tab-standard.pdf;Beautiful;25;rtX4c;Published;FALSE;christina-aguilera-beautiful-tab.pdf;
guitareo;Christina Aguilera;Reflection;Mulan Soundtrack;Pop;6;150;christina-aguilera-mulan-soundtrack.jpg;christina-aguilera-reflection-tab-standard.pdf;Reflection;25;k5X4c;Published;FALSE;christina-aguilera-reflection-tab.pdf;
guitareo;Coldplay;Sparks;Parachutes;Pop;5;150;coldplay-parachutes.jpg;coldplay-sparks-tab-standard.pdf;Sparks;25;K1X4c;Published;FALSE;coldplay-sparks-tab.pdf;
guitareo;Cream;Strange Brew;Disraeli Gears;Rock;6;150;cream-disraeli-gears.jpg;cream-strange-brew-tab-standard.pdf;Strange Brew;25;t1X4c;Published;FALSE;cream-strange-brew-tab.pdf;
guitareo;Creedence Clearwater Revival;Bad Moon Rising;Green River;Rock;5;150;creedence-clearwater-revival-green-river.jpg;creedence-clearwater-revival-bad-moon-rising-tab-standard.pdf;Bad Moon Rising;25;qZpkc;Published;FALSE;creedence-clearwater-revival-bad-moon-rising-tab.pdf;
guitareo;Crosby, Stills & Nash;Helplessly Hoping;Crosby, Stills & Nash;Rock;5;150;crosby-stills-and-nash-crosby-stills-and-nash.jpg;crosby-stills-and-nash-helplessly-hoping-tab-standard.pdf;Helplessly Hoping;25;1nR4c;Published;FALSE;crosby-stills-and-nash-helplessly-hoping-tab.pdf;
guitareo;Dan + Shay;Tequila;Dan + Shay;Pop;3;100;dan--shay-dan--shay.jpg;dan--shay-tequila-tab-standard.pdf;Tequila;25;-Tz4c;Published;FALSE;dan--shay-tequila-tab.pdf;
guitareo;Dido;Here With Me;No Angel;Pop;5;150;dido-no-angel.jpg;dido-here-with-me-tab-standard.pdf;Here With Me;25;J5X4c;Published;FALSE;dido-here-with-me-tab.pdf;
guitareo;Dido;Thank You;Sliding Doors;Pop;4;150;dido-sliding-doors.jpg;dido-thank-you-tab-standard.pdf;Thank You;25;j5X4c;Published;FALSE;dido-thank-you-tab.pdf;
guitareo;Dido;White Flag;Life For Rent;Pop;4;150;dido-life-for-rent.jpg;dido-white-flag-tab-standard.pdf;White Flag;25;F5X4c;Published;FALSE;dido-white-flag-tab.pdf;
guitareo;Ed Sheeran;Thinking Out Loud;X;Pop;4;150;ed-sheeran-x.jpg;ed-sheeran-thinking-out-loud-tab-standard.pdf;Thinking Out Loud;25;GCX4c;Published;FALSE;ed-sheeran-thinking-out-loud-tab.pdf;
guitareo;Edwin Hawkins Singers;Oh Happy Day;Oh Happy Day;R&B/Soul;6;150;edwin-hawkins-singers-oh-happy-day.jpg;edwin-hawkins-singers-oh-happy-day-tab-standard.pdf;Oh Happy Day;25;qdR4c;Published;FALSE;edwin-hawkins-singers-oh-happy-day-tab.pdf;
guitareo;Edwin McCain;I’ll Be;Misguided Roses;Pop;6;150;edwin-mccain-misguided-roses.jpg;edwin-mccain-ill-be-tab-standard.pdf;I’ll Be;25;S5R4c;Published;FALSE;edwin-mccain-ill-be-tab.pdf;
guitareo;Ellie Goulding;Lights;Lights;Pop;6;150;ellie-goulding-lights.jpg;ellie-goulding-lights-tab-standard.pdf;Lights;25;FZR4c;Published;FALSE;ellie-goulding-lights-tab.pdf;
guitareo;Ellie Goulding;Love Me Like You Do;Fifty Shades of Grey Soundtrack;Pop;5;150;ellie-goulding-fifty-shades-of-grey-soundtrack.jpg;ellie-goulding-love-me-like-you-do-tab-standard.pdf;Love Me Like You Do;25;T9R4c;Published;FALSE;ellie-goulding-love-me-like-you-do-tab.pdf;
guitareo;Ellie Goulding, Diplo, Swae Lee;Close To Me;Brightest Blue;Pop;6;150;ellie-goulding-diplo-swae-lee-brightest-blue.jpg;ellie-goulding-diplo-swae-lee-close-to-me-tab-standard.pdf;Close To Me;25;1ZR4c;Published;FALSE;ellie-goulding-diplo-swae-lee-close-to-me-tab.pdf;
guitareo;Elvis Presley;All Shook Up;Elvis From Memphis;Rock;6;150;elvis-presley-elvis-from-memphis.jpg;elvis-presley-all-shook-up-tab-standard.pdf;All Shook Up;25;ngR4c;Published;FALSE;elvis-presley-all-shook-up-tab.pdf;
guitareo;Elvis Presley;Suspicious Mind;All Shook Up;Rock;5;150;elvis-presley-all-shook-up.jpg;elvis-presley-suspicious-mind-tab-standard.pdf;Suspicious Mind;25;r6R4c;Published;FALSE;elvis-presley-suspicious-mind-tab.pdf;
guitareo;Eminem ft. Rihanna;Love The Way You Lie;Recovery;Pop;3;100;eminem-ft-rihanna-recovery.jpg;eminem-ft-rihanna-love-the-way-you-lie-tab-standard.pdf;Love The Way You Lie;25;XY34c;Published;FALSE;eminem-ft-rihanna-love-the-way-you-lie-tab.pdf;
guitareo;Enrique Iglesias;Hero;Escape;Pop;3;100;enrique-iglesias-escape.jpg;enrique-iglesias-hero-tab-standard.pdf;Hero;25;hw34c;Published;FALSE;enrique-iglesias-hero-tab.pdf;
guitareo;Enya;May It Be;The Lord of the Rings: The Fellowship of the Ring (soundtrack);Pop;5;150;enya-the-lord-of-the-rings-the-fellowship-of-the-ring-soundtrack.jpg;enya-may-it-be-tab-standard.pdf;May It Be;25;Hl34c;Published;FALSE;enya-may-it-be-tab.pdf;
guitareo;Eric Carmen;Hungry Eyes;Dirty Dancing (soundtrack);Pop;6;150;eric-carmen-dirty-dancing-soundtrack.jpg;eric-carmen-hungry-eyes-tab-standard.pdf;Hungry Eyes;25;yv34c;Published;FALSE;eric-carmen-hungry-eyes-tab.pdf;
guitareo;Eric Clapton;Wonderful Tonight;Slowhand;Rock;4;150;eric-clapton-slowhand.jpg;eric-clapton-wonderful-tonight-tab-standard.pdf;Wonderful Tonight;25;mHgkc;Published;FALSE;eric-clapton-wonderful-tonight-tab.pdf;
guitareo;Extreme;Hole Hearted;Extreme II: Pornograffiti;Rock;5;150;extreme-extreme-ii-pornograffiti.jpg;extreme-hole-hearted-tab-standard.pdf;Hole Hearted;25;JS5kc;Published;FALSE;extreme-hole-hearted-tab.pdf;
guitareo;Extreme;More Than Words;Extreme II: Pornograffitti;Rock;4;150;extreme-extreme-ii-pornograffitti.jpg;extreme-more-than-words-tab-standard.pdf;More Than Words;25;ZjX4c;Published;FALSE;extreme-more-than-words-tab.pdf;
guitareo;Faith No More;Easy;Angel Dust;Pop;5;150;faith-no-more-angel-dust.jpg;faith-no-more-easy-tab-standard.pdf;Easy;25;lJGkc;Published;FALSE;faith-no-more-easy-tab.pdf;
guitareo;Fergie;Big Girls Don’t Cry;The Dutchess;Pop;4;150;fergie-the-dutchess.jpg;fergie-big-girls-dont-cry-tab-standard.pdf;Big Girls Don’t Cry;25;55X4c;Published;FALSE;fergie-big-girls-dont-cry-tab.pdf;
guitareo;Fleetwood Mac;Dreams;Rumours;Pop;2;100;fleetwood-mac-rumours.jpg;fleetwood-mac-dreams-tab-standard.pdf;Dreams;25;4sgkc;Published;FALSE;fleetwood-mac-dreams-tab.pdf;
guitareo;Gavin DeGraw;Not Over You;Sweeter;Pop;6;150;gavin-degraw-sweeter.jpg;gavin-degraw-not-over-you-tab-standard.pdf;Not Over You;25;MgX4c;Published;FALSE;gavin-degraw-not-over-you-tab.pdf;
guitareo;Gwen Stefani;The Sweet Escape;The Sweet Escape;Pop;6;150;gwen-stefani-the-sweet-escape.jpg;gwen-stefani-the-sweet-escape-tab-standard.pdf;The Sweet Escape;25;9gX4c;Published;FALSE;gwen-stefani-the-sweet-escape-tab.pdf;
guitareo;Hailee Steinfeld;Starving;Haiz;Pop;6;150;hailee-steinfeld-haiz.jpg;hailee-steinfeld-starving-tab-standard.pdf;Starving;25;6gX4c;Published;FALSE;hailee-steinfeld-starving-tab.pdf;
guitareo;James Brown;I Got You;Out of Sight;Funk;4;150;james-brown-out-of-sight.jpg;james-brown-i-got-you-tab-standard.pdf;I Got You;25;3RX4c;Published;FALSE;james-brown-i-got-you-tab.pdf;
guitareo;Jason Aldean;Hicktown;Jason Aldean;Country;6;150;jason-aldean-jason-aldean.jpg;jason-aldean-hicktown-tab-standard.pdf;Hicktown;25;2N24c;Published;FALSE;jason-aldean-hicktown-tab.pdf;
guitareo;Jesse J;Flashlight;Pitch Perfect 2;Pop;6;150;jesse-j-pitch-perfect-2.jpg;jesse-j-flashlight-tab-standard.pdf;Flashlight;25;M6X4c;Published;FALSE;jesse-j-flashlight-tab.pdf;
guitareo;Jewel;Foolish Games;Pieces of You;Pop;6;150;jewel-pieces-of-you.jpg;jewel-foolish-games-tab-standard.pdf;Foolish Games;25;n6X4c;Published;FALSE;jewel-foolish-games-tab.pdf;
guitareo;Jim Cuddy;Pull Me Through;The Light That Guides You Home;Pop;5;150;jim-cuddy-the-light-that-guides-you-home.jpg;jim-cuddy-pull-me-through-tab-standard.pdf;Pull Me Through;25;9tX4c;Published;FALSE;jim-cuddy-pull-me-through-tab.pdf;
guitareo;Joan Jett;I Love Rock N Roll;I Love Rock N Roll;Rock;5;150;joan-jett-i-love-rock-n-roll.jpg;joan-jett-i-love-rock-n-roll-tab-standard.pdf;I Love Rock N Roll;25;kS34c;Published;FALSE;joan-jett-i-love-rock-n-roll-tab.pdf;
guitareo;Josh Groban;You Raise Me Up;Closer;Pop;6;150;josh-groban-closer.jpg;josh-groban-you-raise-me-up-tab-standard.pdf;You Raise Me Up;25;LGX4c;Published;FALSE;josh-groban-you-raise-me-up-tab.pdf;
guitareo;Judy Kuhn;Colors Of The Wind;Pocahontas: An Original Walt Disney Records Soundtrack;Pop;6;150;judy-kuhn-pocahontas-an-original-walt-disney-records-soundtrack.jpg;judy-kuhn-colors-of-the-wind-tab-standard.pdf;Colors Of The Wind;25;Lcq4c;Published;FALSE;judy-kuhn-colors-of-the-wind-tab.pdf;
guitareo;Justin Bieber;Love Yourself;Purpose;Pop;5;150;justin-bieber-purpose.jpg;justin-bieber-love-yourself-tab-standard.pdf;Love Yourself;25;tj34c;Published;FALSE;justin-bieber-love-yourself-tab.pdf;
guitareo;Justin Timberlake;Cry Me A River;Justified;Pop;6;150;justin-timberlake-justified.jpg;justin-timberlake-cry-me-a-river-tab-standard.pdf;Cry Me A River;25;SmX4c;Published;FALSE;justin-timberlake-cry-me-a-river-tab.pdf;
guitareo;Katy Perry;Last Friday Night (T.G.I.F.);Teenage Dream;Pop;6;150;katy-perry-teenage-dream.jpg;katy-perry-last-friday-night-tgif-tab-standard.pdf;Last Friday Night (T.G.I.F.);25;dMl4c;Published;FALSE;katy-perry-last-friday-night-tgif-tab.pdf;
guitareo;Kelly Clarkson;Already Gone;All I Ever Wanted;Pop;4;150;kelly-clarkson-all-i-ever-wanted.jpg;kelly-clarkson-already-gone-tab-standard.pdf;Already Gone;25;v9R4c;Published;FALSE;kelly-clarkson-already-gone-tab.pdf;
guitareo;Kelly Clarkson;Behind These Hazel Eyes;;Pop;6;150;kelly-clarkson-.jpg;kelly-clarkson-behind-these-hazel-eyes-tab-standard.pdf;Behind These Hazel Eyes;25;TGR4c;Published;FALSE;kelly-clarkson-behind-these-hazel-eyes-tab.pdf;
guitareo;Kiss;Rock And Roll All Nite;Dressed To Kill;Rock;6;150;kiss-dressed-to-kill.jpg;kiss-rock-and-roll-all-nite-tab-standard.pdf;Rock And Roll All Nite;25;DDGkc;Published;FALSE;kiss-rock-and-roll-all-nite-tab.pdf;
guitareo;Lady Gaga;Always Remember Us This Way;A Star is Born Soundtrack;Pop;5;150;lady-gaga-a-star-is-born-soundtrack.jpg;lady-gaga-always-remember-us-this-way-tab-standard.pdf;Always Remember Us This Way;25;p2R4c;Published;FALSE;lady-gaga-always-remember-us-this-way-tab.pdf;
guitareo;Lady Gaga;Million Reasons;Joanne;Pop;5;150;lady-gaga-joanne.jpg;lady-gaga-million-reasons-tab-standard.pdf;Million Reasons;25;kCR4c;Published;FALSE;lady-gaga-million-reasons-tab.pdf;
guitareo;Lady Gaga;Paparazzi;The Fame;Pop;6;150;lady-gaga-the-fame.jpg;lady-gaga-paparazzi-tab-standard.pdf;Paparazzi;25;YCR4c;Published;FALSE;lady-gaga-paparazzi-tab.pdf;
guitareo;Lady Gaga;The Edge Of Glory;Born This Way;Pop;6;150;lady-gaga-born-this-way.jpg;lady-gaga-the-edge-of-glory-tab-standard.pdf;The Edge Of Glory;25;lN44c;Published;FALSE;lady-gaga-the-edge-of-glory-tab.pdf;
guitareo;Lauren Daigle;You Say;Look Up Child;Pop;5;150;lauren-daigle-look-up-child.jpg;lauren-daigle-you-say-tab-standard.pdf;You Say;25;yvX4c;Published;FALSE;lauren-daigle-you-say-tab.pdf;
guitareo;Lenka;The Show;Lenka;Pop;5;150;lenka-lenka.jpg;lenka-the-show-tab-standard.pdf;The Show;25;XvX4c;Published;FALSE;lenka-the-show-tab.pdf;
guitareo;Lenny Kravitz;Mr. Cab Driver;Let Love Rule;Rock;5;150;lenny-kravitz-let-love-rule.jpg;lenny-kravitz-mr-cab-driver-tab-standard.pdf;Mr. Cab Driver;25;vxX4c;Published;FALSE;lenny-kravitz-mr-cab-driver-tab.pdf;
guitareo;Link Wray;Rumble;Link Wray & His Ray Men;Rock;7;200;link-wray-link-wray-and-his-ray-men.jpg;link-wray-rumble-tab-standard.pdf;Rumble;25;5pgkc;Published;FALSE;link-wray-rumble-tab.pdf;
guitareo;Louis Armstrong;What A Wonderful World;What A Wonderful World;Jazz;6;150;louis-armstrong-what-a-wonderful-world.jpg;louis-armstrong-what-a-wonderful-world-tab-standard.pdf;What A Wonderful World;25;ndc4c;Published;FALSE;louis-armstrong-what-a-wonderful-world-tab.pdf;
guitareo;Luis Fonsi;Despacito;Despacito;Latin/World;4;150;luis-fonsi-despacito.jpg;luis-fonsi-despacito-tab-standard.pdf;Despacito;25;yyX4c;Published;FALSE;luis-fonsi-despacito-tab.pdf;
guitareo;Madonna;Take A Bow;Bedtime Stories;Pop;6;150;madonna-bedtime-stories.jpg;madonna-take-a-bow-tab-standard.pdf;Take A Bow;25;qS34c;Published;FALSE;madonna-take-a-bow-tab.pdf;
guitareo;Marc Cohn;Walking In Memphis;Marc Cohn;Pop;6;150;marc-cohn-marc-cohn.jpg;marc-cohn-walking-in-memphis-tab-standard.pdf;Walking In Memphis;25;MzX4c;Published;FALSE;marc-cohn-walking-in-memphis-tab.pdf;
guitareo;Maren Morris;Girl;Girl;Pop;6;150;maren-morris-girl.jpg;maren-morris-girl-tab-standard.pdf;Girl;25;BzX4c;Published;FALSE;maren-morris-girl-tab.pdf;
guitareo;Mariah Carey;I’ll Be There;Take Me Away;Pop;4;150;mariah-carey-take-me-away.jpg;mariah-carey-ill-be-there-tab-standard.pdf;I’ll Be There;25;c9R4c;Published;FALSE;mariah-carey-ill-be-there-tab.pdf;
guitareo;Mariah Carey;My All;Butterfly;Pop;6;150;mariah-carey-butterfly.jpg;mariah-carey-my-all-tab-standard.pdf;My All;25;lxX4c;Published;FALSE;mariah-carey-my-all-tab.pdf;
guitareo;Mariah Carey;We Belong Together;The Emancipation of Mimi;Pop;5;150;mariah-carey-the-emancipation-of-mimi.jpg;mariah-carey-we-belong-together-tab-standard.pdf;We Belong Together;25;ktX4c;Published;FALSE;mariah-carey-we-belong-together-tab.pdf;
guitareo;Marilyn Manson;Sweet Dreams (Are Made Of This);Smells Like Children;Metal;6;150;marilyn-manson-smells-like-children.jpg;marilyn-manson-sweet-dreams-are-made-of-this-tab-standard.pdf;Sweet Dreams (Are Made Of This);25;Nqz4c;Published;FALSE;marilyn-manson-sweet-dreams-are-made-of-this-tab.pdf;
guitareo;Mario;Let Me Love You;Turning Point;Pop;6;150;mario-turning-point.jpg;mario-let-me-love-you-tab-standard.pdf;Let Me Love You;25;PtX4c;Published;FALSE;mario-let-me-love-you-tab.pdf;
guitareo;Marshmello & Anne-Marie;Friends;Friends;Pop;4;150;marshmello-and-annemarie-friends.jpg;marshmello-and-annemarie-friends-tab-standard.pdf;Friends;25;sDq4c;Published;FALSE;marshmello-and-annemarie-friends-tab.pdf;
guitareo;Marvin Gaye;What's Going On;What's Going On;R&B/Soul;5;150;marvin-gaye-whats-going-on.jpg;marvin-gaye-whats-going-on-tab-standard.pdf;What's Going On;25;zStkc;Published;FALSE;marvin-gaye-whats-going-on-tab.pdf;
guitareo;Matchbox Twenty;Push;Yourself or Someone Like You;Rock;4;150;matchbox-twenty-yourself-or-someone-like-you.jpg;matchbox-twenty-push-tab-standard.pdf;Push;25;Fwz4c;Published;FALSE;matchbox-twenty-push-tab.pdf;
guitareo;Melissa Etheridge;Come To My Window;Yes I am;Pop;4;150;melissa-etheridge-yes-i-am.jpg;melissa-etheridge-come-to-my-window-tab-standard.pdf;Come To My Window;25;qDq4c;Published;FALSE;melissa-etheridge-come-to-my-window-tab.pdf;
guitareo;Merle Haggard;Okie From Muskogee;Okie From Muskogee;Country;3;100;merle-haggard-okie-from-muskogee.jpg;merle-haggard-okie-from-muskogee-tab-standard.pdf;Okie From Muskogee;25;8sq4c;Published;FALSE;merle-haggard-okie-from-muskogee-tab.pdf;
guitareo;Metallica;Seek And Destroy;Kill 'em All;Metal;8;200;metallica-kill-em-all.jpg;metallica-seek-and-destroy-tab-standard.pdf;Seek And Destroy;25;-dGkc;Published;FALSE;metallica-seek-and-destroy-tab.pdf;
guitareo;Metallica;Enter Sandman;Metallica;Metal;8;200;metallica-metallica.jpg;metallica-enter-sandman-tab-standard.pdf;Enter Sandman;25;yqz4c;Published;FALSE;metallica-enter-sandman-tab.pdf;
guitareo;Metallica;Nothing Else Matters;Metallica;Metal;8;200;metallica-metallica.jpg;metallica-nothing-else-matters-tab-standard.pdf;Nothing Else Matters;25;V144c;Published;FALSE;metallica-nothing-else-matters-tab.pdf;
guitareo;Michael Jackson;P.Y.T. (Pretty Young Thing);Thriller;Pop;6;150;michael-jackson-thriller.jpg;michael-jackson-pyt-pretty-young-thing-tab-standard.pdf;P.Y.T. (Pretty Young Thing);25;6p5kc;Published;FALSE;michael-jackson-pyt-pretty-young-thing-tab.pdf;
guitareo;Miley Cyrus;Wrecking Ball;Bangerz;Pop;6;150;miley-cyrus-bangerz.jpg;miley-cyrus-wrecking-ball-tab-standard.pdf;Wrecking Ball;25;dpX4c;Published;FALSE;miley-cyrus-wrecking-ball-tab.pdf;
guitareo;Milli Vanilli;Blame It On The Rain;The U.S.-Remix Album: All or Nothing;Pop;6;150;milli-vanilli-the-usremix-album-all-or-nothing.jpg;milli-vanilli-blame-it-on-the-rain-tab-standard.pdf;Blame It On The Rain;25;LXR4c;Published;FALSE;milli-vanilli-blame-it-on-the-rain-tab.pdf;
guitareo;Mötley Crüe;Girls Girls Girls;Girls Girls Girls;Metal;8;200;motley-crue-girls-girls-girls.jpg;motley-crue-girls-girls-girls-tab-standard.pdf;Girls Girls Girls;25;2rz4c;Published;FALSE;motley-crue-girls-girls-girls-tab.pdf;
guitareo;Mötley Crüe;Kickstart My Heart;Dr. Feelgood;Metal;5;150;motley-crue-dr-feelgood.jpg;motley-crue-kickstart-my-heart-tab-standard.pdf;Kickstart My Heart;25;NCC4c;Published;FALSE;motley-crue-kickstart-my-heart-tab.pdf;
guitareo;Mötley Crüe;Shout At The Devil;Shout At The Devil;Metal;5;150;motley-crue-shout-at-the-devil.jpg;motley-crue-shout-at-the-devil-tab-standard.pdf;Shout At The Devil;25;SQz4c;Published;FALSE;motley-crue-shout-at-the-devil-tab.pdf;
guitareo;Mötley Crüe;Wild Side;Girls Girls Girls;Metal;5;150;motley-crue-girls-girls-girls.jpg;motley-crue-wild-side-tab-standard.pdf;Wild Side;25;nXR4c;Published;FALSE;motley-crue-wild-side-tab.pdf;
guitareo;Muddy Waters;Got My Mojo Working;Rolling Stone;Blues;7;200;muddy-waters-rolling-stone.jpg;muddy-waters-got-my-mojo-working-tab-standard.pdf;Got My Mojo Working;25;HV6kc;Published;FALSE;muddy-waters-got-my-mojo-working-tab.pdf;
guitareo;Nancy Sinatra;These Boots Are Made For Walkin';Boots;Pop;2;100;nancy-sinatra-boots.jpg;nancy-sinatra-these-boots-are-made-for-walkin-tab-standard.pdf;These Boots Are Made For Walkin';25;Ntgkc;Published;FALSE;nancy-sinatra-these-boots-are-made-for-walkin-tab.pdf;
guitareo;Neil Young;Harvest Moon;Harvest Moon;Rock;4;150;neil-young-harvest-moon.jpg;neil-young-harvest-moon-tab-standard.pdf;Harvest Moon;25;43X4c;Published;FALSE;neil-young-harvest-moon-tab.pdf;
guitareo;Neil Young;Heart Of Gold;Harvest;Rock;4;150;neil-young-harvest.jpg;neil-young-heart-of-gold-tab-standard.pdf;Heart Of Gold;25;qCX4c;Published;FALSE;neil-young-heart-of-gold-tab.pdf;
guitareo;Neil Young;Comes A Time;Comes A Time;Folk;5;150;neil-young--comes-a-time.jpg;neil-young--comes-a-time-tab-standard.pdf;Comes A Time;25;4yGkc;Published;FALSE;neil-young--comes-a-time-tab.pdf;
guitareo;Nick Drake;Pink Moon;Pink Moon;Rock;4;150;nick-drake-pink-moon.jpg;nick-drake-pink-moon-tab-standard.pdf;Pink Moon;25;TM34c;Published;FALSE;nick-drake-pink-moon-tab.pdf;
guitareo;Nirvana;Smells Like Teen Spirit;Nevermind;Rock;5;150;nirvana-nevermind.jpg;nirvana-smells-like-teen-spirit-tab-standard.pdf;Smells Like Teen Spirit;25;xWpkc;Published;FALSE;nirvana-smells-like-teen-spirit-tab.pdf;
guitareo;Oasis;Wonderwall;(What's the Story) Morning Glory?;Pop;4;150;oasis-whats-the-story-morning-glory.jpg;oasis-wonderwall-tab-standard.pdf;Wonderwall;25;qkz4c;Published;FALSE;oasis-wonderwall-tab.pdf;
guitareo;Otis Redding;Sittin' On (The Dock Of The Bay);The Dock Of The Bay;Pop;5;150;otis-redding-the-dock-of-the-bay.jpg;otis-redding-sittin-on-the-dock-of-the-bay-tab-standard.pdf;Sittin' On (The Dock Of The Bay);25;jGSkc;Published;FALSE;otis-redding-sittin-on-the-dock-of-the-bay-tab.pdf;
guitareo;Phil Collins;Against All Odds (Take A Look At Me Now);Against All Odds: Original Motion Picture Soundtrack;Soundtrack;6;150;phil-collins-against-all-odds-original-motion-picture-soundtrack.jpg;phil-collins-against-all-odds-take-a-look-at-me-now-tab-standard.pdf;Against All Odds (Take A Look At Me Now);25;96Skc;Published;FALSE;phil-collins-against-all-odds-take-a-look-at-me-now-tab.pdf;
guitareo;Pink Floyd;If;Atom Heart Mother;Rock;5;150;pink-floyd-atom-heart-mother.jpg;pink-floyd-if-tab-standard.pdf;If;25;pJgkc;Published;FALSE;pink-floyd-if-tab.pdf;
guitareo;Queen;Don't Stop Me Now;Jazz;Rock;6;150;queen-jazz.jpg;queen-dont-stop-me-now-tab-standard.pdf;Don't Stop Me Now;25;sbGkc;Published;FALSE;queen-dont-stop-me-now-tab.pdf;
guitareo;Queen;We Will Rock You;News Of The World;Rock;8;200;queen-news-of-the-world.jpg;queen-we-will-rock-you-tab-standard.pdf;We Will Rock You;25;cbgkc;Published;FALSE;queen-we-will-rock-you-tab.pdf;
guitareo;Rage Against the Machine;Bulls on Parade;Evil Empire;Metal;7;200;rage-against-the-machine-evil-empire.jpg;rage-against-the-machine-bulls-on-parade-tab-standard.pdf;Bulls on Parade;25;HXq4c;Published;FALSE;rage-against-the-machine-bulls-on-parade-tab.pdf;
guitareo;Rammstein;Du Hast;Sehnsucht;Metal;5;150;rammstein-sehnsucht.jpg;rammstein-du-hast-tab-standard.pdf;Du Hast;25;rMl4c;Published;FALSE;rammstein-du-hast-tab.pdf;
guitareo;Ramones;Beat On The Brat;Ramones;Rock;5;150;ramones--ramones.jpg;ramones--beat-on-the-brat-tab-standard.pdf;Beat On The Brat;25;Qc6kc;Published;FALSE;ramones--beat-on-the-brat-tab.pdf;
guitareo;Ray Charles;Hit The Road Jack;Greatest Hits;R&B/Soul;5;150;ray-charles-greatest-hits.jpg;ray-charles-hit-the-road-jack-tab-standard.pdf;Hit The Road Jack;25;Lgc4c;Published;FALSE;ray-charles-hit-the-road-jack-tab.pdf;
guitareo;Red Hot Chili Peppers;Californication;Californication;Rock;4;150;red-hot-chili-peppers-californication.jpg;red-hot-chili-peppers-californication-tab-standard.pdf;Californication;25;Ycvkc;Published;FALSE;red-hot-chili-peppers-californication-tab.pdf;
guitareo;Red Hot Chili Peppers;Under the Bridge;Blood Sugar Sex Magik;Rock;7;200;red-hot-chili-peppers-blood-sugar-sex-magik.jpg;red-hot-chili-peppers-under-the-bridge-tab-standard.pdf;Under the Bridge;25;qZ34c;Published;FALSE;red-hot-chili-peppers-under-the-bridge-tab.pdf;
guitareo;Rush;Fly by Night;Fly By Night;Rock;8;200;rush-fly-by-night.jpg;rush-fly-by-night-tab-standard.pdf;Fly by Night;25;7dq4c;Published;FALSE;rush-fly-by-night-tab.pdf;
guitareo;Rush;Limelight;Moving Pictures;Rock;8;200;rush-moving-pictures.jpg;rush-limelight-tab-standard.pdf;Limelight;25;xdq4c;Published;FALSE;rush-limelight-tab.pdf;
guitareo;Rush;Spirit of Radio;Permanent Waves;Rock;8;200;rush-permanent-waves.jpg;rush-spirit-of-radio-tab-standard.pdf;Spirit of Radio;25;tdq4c;Published;FALSE;rush-spirit-of-radio-tab.pdf;
guitareo;Rush;Tom Sawyer;Moving Pictures;Rock;8;200;rush-moving-pictures.jpg;rush-tom-sawyer-tab-standard.pdf;Tom Sawyer;25;hdq4c;Published;FALSE;rush-tom-sawyer-tab.pdf;
guitareo;Rush;YYZ;Moving Pictures;Rock;8;200;rush-moving-pictures.jpg;rush-yyz-tab-standard.pdf;YYZ;25;c7q4c;Published;FALSE;rush-yyz-tab.pdf;
guitareo;Sam Smith;Not The Only One;In the Lonely Hour;Pop;5;150;sam-smith-in-the-lonely-hour.jpg;sam-smith-not-the-only-one-tab-standard.pdf;Not The Only One;25;sVX4c;Published;FALSE;sam-smith-not-the-only-one-tab.pdf;
guitareo;Sarah McLachlan;Ice Cream;Fumbling Towards Ecstasy;Pop;4;150;sarah-mclachlan-fumbling-towards-ecstasy.jpg;sarah-mclachlan-ice-cream-tab-standard.pdf;Ice Cream;25;cQ34c;Published;FALSE;sarah-mclachlan-ice-cream-tab.pdf;
guitareo;Shania Twain;From This Moment;Come On Over;Pop;5;150;shania-twain-come-on-over.jpg;shania-twain-from-this-moment-tab-standard.pdf;From This Moment;25;yqR4c;Published;FALSE;shania-twain-from-this-moment-tab.pdf;
guitareo;Shawn Mendes;Mercy;Illuminate;Pop;5;150;shawn-mendes-illuminate.jpg;shawn-mendes-mercy-tab-standard.pdf;Mercy;25;FwX4c;Published;FALSE;shawn-mendes-mercy-tab.pdf;
guitareo;Sinéad O’Connor;Nothing Compares 2 U;Year of the Horse;Pop;5;150;sinead-oconnor-year-of-the-horse.jpg;sinead-oconnor-nothing-compares-2-u-tab-standard.pdf;Nothing Compares 2 U;25;lr34c;Published;FALSE;sinead-oconnor-nothing-compares-2-u-tab.pdf;
guitareo;Slim Harpo;Baby Scratch My Back;Baby Scratch My Back;Blues;7;200;slim-harpo-baby-scratch-my-back.jpg;slim-harpo-baby-scratch-my-back-tab-standard.pdf;Baby Scratch My Back;25;hVGkc;Published;FALSE;slim-harpo-baby-scratch-my-back-tab.pdf;
guitareo;Snow Patrol;Chasing Cars;Eyes Open;Pop;3;100;snow-patrol-eyes-open.jpg;snow-patrol-chasing-cars-tab-standard.pdf;Chasing Cars;25;dvX4c;Published;FALSE;snow-patrol-chasing-cars-tab.pdf;
guitareo;Steppenwolf;Born To Be Wild;Steppenwolf;Rock;6;150;steppenwolf-steppenwolf.jpg;steppenwolf-born-to-be-wild-tab-standard.pdf;Born To Be Wild;25;65X4c;Published;FALSE;steppenwolf-born-to-be-wild-tab.pdf;
guitareo;Steve Miller Band;Jet Airliner;Book of Dreams;Rock;6;150;steve-miller-band-book-of-dreams.jpg;steve-miller-band-jet-airliner-tab-standard.pdf;Jet Airliner;25;ybw4c;Published;FALSE;steve-miller-band-jet-airliner-tab.pdf;
guitareo;T. Rex;Bang A Gong (Get It On);Electric Warrior;Pop;4;150;t-rex-electric-warrior.jpg;t-rex-bang-a-gong-get-it-on-tab-standard.pdf;Bang A Gong (Get It On);25;TfGkc;Published;FALSE;t-rex-bang-a-gong-get-it-on-tab.pdf;
guitareo;Taio Cruz;Dynamite;Rokstarr;Pop;5;150;taio-cruz-rokstarr.jpg;taio-cruz-dynamite-tab-standard.pdf;Dynamite;25;ZpX4c;Published;FALSE;taio-cruz-dynamite-tab.pdf;
guitareo;Taylor Swift;22;Red;Pop;3;100;taylor-swift-red.jpg;taylor-swift-22-tab-standard.pdf;22;25;rBR4c;Published;FALSE;taylor-swift-22-tab.pdf;
guitareo;Taylor Swift;Blank Space;1989;Pop;6;150;taylor-swift-1989.jpg;taylor-swift-blank-space-tab-standard.pdf;Blank Space;25;HmR4c;Published;FALSE;taylor-swift-blank-space-tab.pdf;
guitareo;Taylor Swift;Delicate;reputation;Pop;5;150;taylor-swift-reputation.jpg;taylor-swift-delicate-tab-standard.pdf;Delicate;25;P934c;Published;FALSE;taylor-swift-delicate-tab.pdf;
guitareo;Taylor Swift;Mean;Speak Now;Pop;5;150;taylor-swift-speak-now.jpg;taylor-swift-mean-tab-standard.pdf;Mean;25;Rx34c;Published;FALSE;taylor-swift-mean-tab.pdf;
guitareo;Taylor Swift;Our Song;Taylor Swift;Pop;4;150;taylor-swift-taylor-swift.jpg;taylor-swift-our-song-tab-standard.pdf;Our Song;25;H-34c;Published;FALSE;taylor-swift-our-song-tab.pdf;
guitareo;Tenacious D;The Metal;The Pick of Destiny;Rock;7;200;tenacious-d-the-pick-of-destiny.jpg;tenacious-d-the-metal-tab-standard.pdf;The Metal;25;KCX4c;Published;FALSE;tenacious-d-the-metal-tab.pdf;
guitareo;The Animals;It's My Life;Animal Tracks;Rock;6;150;the-animals-animal-tracks.jpg;the-animals-its-my-life-tab-standard.pdf;It's My Life;25;kfGkc;Published;FALSE;the-animals-its-my-life-tab.pdf;
guitareo;The Band;The Weight;Music From Big Pink;Rock;5;150;the-band-music-from-big-pink.jpg;the-band-the-weight-tab-standard.pdf;The Weight;25;bQX4c;Published;FALSE;the-band-the-weight-tab.pdf;
guitareo;The Beach Boys;Fun, Fun, Fun;Shut Down Volume 2;Rock;6;150;the-beach-boys-shut-down-volume-2.jpg;the-beach-boys-fun-fun-fun-tab-standard.pdf;Fun, Fun, Fun;25;TjX4c;Published;FALSE;the-beach-boys-fun-fun-fun-tab.pdf;
guitareo;The Beach Boys;Surfer Girl;Surfer Girl;Pop;5;150;the-beach-boys-surfer-girl.jpg;the-beach-boys-surfer-girl-tab-standard.pdf;Surfer Girl;25;MYX4c;Published;FALSE;the-beach-boys-surfer-girl-tab.pdf;
guitareo;The Beatles;All My Loving;With The Beatles;Rock;6;150;the-beatles-with-the-beatles.jpg;the-beatles-all-my-loving-tab-standard.pdf;All My Loving;25;LBpkc;Published;FALSE;the-beatles-all-my-loving-tab.pdf;
guitareo;The Beatles;And I Love Her;A Hard Day's Night;Rock;5;150;the-beatles-a-hard-days-night.jpg;the-beatles-and-i-love-her-tab-standard.pdf;And I Love Her;25;LJGkc;Published;FALSE;the-beatles-and-i-love-her-tab.pdf;
guitareo;The Beatles;Birthday;The Beatles (White Album);Rock;3;100;the-beatles-the-beatles-white-album.jpg;the-beatles-birthday-tab-standard.pdf;Birthday;25;dnGkc;Published;FALSE;the-beatles-birthday-tab.pdf;
guitareo;The Beatles;Day Tripper;Past Masters, Volume Two;Rock;5;150;the-beatles-past-masters-volume-two.jpg;the-beatles-day-tripper-tab-standard.pdf;Day Tripper;25;wcgkc;Published;FALSE;the-beatles-day-tripper-tab.pdf;
guitareo;The Beatles;Eleanor Rigby;Revolver;Rock;2;100;the-beatles-revolver.jpg;the-beatles-eleanor-rigby-tab-standard.pdf;Eleanor Rigby;25;DcX4c;Published;FALSE;the-beatles-eleanor-rigby-tab.pdf;
guitareo;The Beatles;Let It Be (Album Version);Let It Be;Rock;5;150;the-beatles-let-it-be.jpg;the-beatles-let-it-be-album-version-tab-standard.pdf;Let It Be (Album Version);25;G8Gkc;Published;FALSE;the-beatles-let-it-be-album-version-tab.pdf;
guitareo;The Beatles;Let It Be (Single Version);Past Masters, Volume Two;Rock;5;150;the-beatles-past-masters-volume-two.jpg;the-beatles-let-it-be-single-version-tab-standard.pdf;Let It Be (Single Version);25;XdGkc;Published;FALSE;the-beatles-let-it-be-single-version-tab.pdf;
guitareo;The Beatles;Love Me Do;Please Please Me;Rock;2;100;the-beatles-please-please-me.jpg;the-beatles-love-me-do-tab-standard.pdf;Love Me Do;25;HJGkc;Published;FALSE;the-beatles-love-me-do-tab.pdf;
guitareo;The Beatles;Paperback Writer;Past Masters, Volume Two;Rock;2;100;the-beatles-past-masters-volume-two.jpg;the-beatles-paperback-writer-tab-standard.pdf;Paperback Writer;25;3f6kc;Published;FALSE;the-beatles-paperback-writer-tab.pdf;
guitareo;The Beatles;Twist And Shout;Please Please Me;Rock;3;100;the-beatles-please-please-me.jpg;the-beatles-twist-and-shout-tab-standard.pdf;Twist And Shout;25;m2pMc;Published;FALSE;the-beatles-twist-and-shout-tab.pdf;
guitareo;The Beatles;Yesterday;Help!;Rock;5;150;the-beatles-help.jpg;the-beatles-yesterday-tab-standard.pdf;Yesterday;25;cStkc;Published;FALSE;the-beatles-yesterday-tab.pdf;
guitareo;The Beatles;Eight Days A Week;Beatles for sale;Rock;5;150;the-beatles-beatles-for-sale.jpg;the-beatles-eight-days-a-week-tab-standard.pdf;Eight Days A Week;25;lbw4c;Published;FALSE;the-beatles-eight-days-a-week-tab.pdf;
guitareo;The Beatles;From Me To You;Twist and Shout;Rock;6;150;the-beatles-twist-and-shout.jpg;the-beatles-from-me-to-you-tab-standard.pdf;From Me To You;25;QVq4c;Published;FALSE;the-beatles-from-me-to-you-tab.pdf;
guitareo;The Beatles;Help!;Help!;Rock;5;150;the-beatles-help.jpg;the-beatles-help-tab-standard.pdf;Help!;25;Dfq4c;Published;FALSE;the-beatles-help-tab.pdf;
guitareo;The Beatles;I Saw Her Standing There;Please Please Me;Rock;5;150;the-beatles-please-please-me.jpg;the-beatles-i-saw-her-standing-there-tab-standard.pdf;I Saw Her Standing There;25;-Rq4c;Published;FALSE;the-beatles-i-saw-her-standing-there-tab.pdf;
guitareo;The Beatles;Ob-La-Di, Ob-La-Da;The White Album;Rock;3;100;the-beatles-the-white-album.jpg;the-beatles-obladi-oblada-tab-standard.pdf;Ob-La-Di, Ob-La-Da;25;yHX4c;Published;FALSE;the-beatles-obladi-oblada-tab.pdf;
guitareo;The Beatles;Things We Said Today;A Hard Day's Night;Rock;5;150;the-beatles-a-hard-days-night.jpg;the-beatles-things-we-said-today-tab-standard.pdf;Things We Said Today;25;V2q4c;Published;FALSE;the-beatles-things-we-said-today-tab.pdf;
guitareo;The Clash;Should I Stay Or Should I Go;Combat Rock;Rock;5;150;the-clash-combat-rock.jpg;the-clash-should-i-stay-or-should-i-go-tab-standard.pdf;Should I Stay Or Should I Go;25;cfGkc;Published;FALSE;the-clash-should-i-stay-or-should-i-go-tab.pdf;
guitareo;The Doors;Break On Through (To The Other Side);The Doors;Rock;2;100;the-doors--the-doors.jpg;the-doors--break-on-through-to-the-other-side-tab-standard.pdf;Break On Through (To The Other Side);25;kp5kc;Published;FALSE;the-doors--break-on-through-to-the-other-side-tab.pdf;
guitareo;The Foundations;Build Me Up Buttercup;Build Me Up Buttercup;Rock;4;150;the-foundations-build-me-up-buttercup.jpg;the-foundations-build-me-up-buttercup-tab-standard.pdf;Build Me Up Buttercup;25;KpX4c;Published;FALSE;the-foundations-build-me-up-buttercup-tab.pdf;
guitareo;The Fray;How To Save A Life;How To Save A Life;Rock;6;150;the-fray-how-to-save-a-life.jpg;the-fray-how-to-save-a-life-tab-standard.pdf;How To Save A Life;25;XNq4c;Published;FALSE;the-fray-how-to-save-a-life-tab.pdf;
guitareo;The Fray;Over My Head (Cable Car);Stealth;Rock;5;150;the-fray-stealth.jpg;the-fray-over-my-head-cable-car-tab-standard.pdf;Over My Head (Cable Car);25;7Nq4c;Published;FALSE;the-fray-over-my-head-cable-car-tab.pdf;
guitareo;The Killers;Mr. Brightside;Hot Fuss;Rock;6;150;the-killers-hot-fuss.jpg;the-killers-mr-brightside-tab-standard.pdf;Mr. Brightside;25;FNq4c;Published;FALSE;the-killers-mr-brightside-tab.pdf;
guitareo;The Killers;When You Were Young;Sam's Town;Rock;6;150;the-killers-sams-town.jpg;the-killers-when-you-were-young-tab-standard.pdf;When You Were Young;25;vNq4c;Published;FALSE;the-killers-when-you-were-young-tab.pdf;
guitareo;The Kingsmen;Louie Louie;The Kingsmen In Person;Rock;7;200;the-kingsmen-the-kingsmen-in-person.jpg;the-kingsmen-louie-louie-tab-standard.pdf;Louie Louie;25;wm5kc;Published;FALSE;the-kingsmen-louie-louie-tab.pdf;
guitareo;The Marcels;Blue Moon;Blue Moon;Pop;5;150;the-marcels-blue-moon.jpg;the-marcels-blue-moon-tab-standard.pdf;Blue Moon;25;CZmkc;Published;FALSE;the-marcels-blue-moon-tab.pdf;
guitareo;The Police;Every Breath You Take;Synchronicity;Rock;6;150;the-police-synchronicity.jpg;the-police-every-breath-you-take-tab-standard.pdf;Every Breath You Take;25;Fq5kc;Published;FALSE;the-police-every-breath-you-take-tab.pdf;
guitareo;The Police;Roxanne;Outlandos D'Amour;Rock;6;150;the-police-outlandos-damour.jpg;the-police-roxanne-tab-standard.pdf;Roxanne;25;7q5kc;Published;FALSE;the-police-roxanne-tab.pdf;
guitareo;The Rolling Stones;Hang Fire;Tattoo You;Rock;5;150;the-rolling-stones-tattoo-you.jpg;the-rolling-stones-hang-fire-tab-standard.pdf;Hang Fire;25;vnGkc;Published;FALSE;the-rolling-stones-hang-fire-tab.pdf;
guitareo;The Rolling Stones;(I Can't Get No) Satisfaction;Out Of Our Heads;Rock;5;150;the-rolling-stones-out-of-our-heads.jpg;the-rolling-stones-i-cant-get-no-satisfaction-tab-standard.pdf;(I Can't Get No) Satisfaction;25;kK5kc;Published;FALSE;the-rolling-stones-i-cant-get-no-satisfaction-tab.pdf;
guitareo;The Script;Breakeven;The Script;Rock;6;150;the-script-the-script.jpg;the-script-breakeven-tab-standard.pdf;Breakeven;25;Hcl4c;Published;FALSE;the-script-breakeven-tab.pdf;
guitareo;The Sonics;Have Love Will Travel;Here Are The Sonics;Rock;5;150;the-sonics-here-are-the-sonics.jpg;the-sonics-have-love-will-travel-tab-standard.pdf;Have Love Will Travel;25;SLgkc;Published;FALSE;the-sonics-have-love-will-travel-tab.pdf;
guitareo;The Surfaris;Wipe Out;Wipe Out;Rock;5;150;the-surfaris-wipe-out.jpg;the-surfaris-wipe-out-tab-standard.pdf;Wipe Out;25;wjgkc;Published;FALSE;the-surfaris-wipe-out-tab.pdf;
guitareo;The Trashmen;Surfin' Bird;Surfin' Bird;Rock;1;100;the-trashmen-surfin-bird.jpg;the-trashmen-surfin-bird-tab-standard.pdf;Surfin' Bird;25;nKX4c;Published;FALSE;the-trashmen-surfin-bird-tab.pdf;
guitareo;The White Stripes;Fell In Love With A Girl;White Blood Cells;Rock;5;150;the-white-stripes--white-blood-cells.jpg;the-white-stripes--fell-in-love-with-a-girl-tab-standard.pdf;Fell In Love With A Girl;25;Ytgkc;Published;FALSE;the-white-stripes--fell-in-love-with-a-girl-tab.pdf;
guitareo;The White Stripes;Seven Nation Army;Elephant;Rock;5;150;the-white-stripes--elephant.jpg;the-white-stripes--seven-nation-army-tab-standard.pdf;Seven Nation Army;25;-7c4c;Published;FALSE;the-white-stripes--seven-nation-army-tab.pdf;
guitareo;The Who;I Can't Explain;Meaty Beaty Big & Bouncy;Rock;5;150;the-who-meaty-beaty-big-and-bouncy-.jpg;the-who-i-cant-explain-tab-standard.pdf;I Can't Explain;25;Hpgkc;Published;FALSE;the-who-i-cant-explain-tab.pdf;
guitareo;Them;Gloria;The Angry Young Them;Rock;2;100;them-the-angry-young-them.jpg;them-gloria-tab-standard.pdf;Gloria;25;21Gkc;Published;FALSE;them-gloria-tab.pdf;
guitareo;Timbaland ft. One Republic;Apologize;Shock Value;Pop;6;150;timbaland-ft-one-republic-shock-value.jpg;timbaland-ft-one-republic-apologize-tab-standard.pdf;Apologize;25;fcq4c;Published;FALSE;timbaland-ft-one-republic-apologize-tab.pdf;
guitareo;U2;Sunday Bloody Sunday;War;Rock;4;150;u2-war.jpg;u2-sunday-bloody-sunday-tab-standard.pdf;Sunday Bloody Sunday;25;qjgkc;Published;FALSE;u2-sunday-bloody-sunday-tab.pdf;
guitareo;Vance Joy;Riptide;Dream Your Life Away;Pop;5;150;vance-joy-dream-your-life-away.jpg;vance-joy-riptide-tab-standard.pdf;Riptide;25;1gGkc;Published;FALSE;vance-joy-riptide-tab.pdf;
guitareo;Weezer;Undone - The Sweater Song;Weezer (Blue Album);Rock;5;150;weezer-weezer-blue-album.jpg;weezer-undone-the-sweater-song-tab-standard.pdf;Undone - The Sweater Song;25;K8R4c;Published;FALSE;weezer-undone-the-sweater-song-tab.pdf;
guitareo;Whitney Houston;Greatest Love Of All;Whitney Houston;Pop;6;150;whitney-houston-whitney-houston.jpg;whitney-houston-greatest-love-of-all-tab-standard.pdf;Greatest Love Of All;25;7qR4c;Published;FALSE;whitney-houston-greatest-love-of-all-tab.pdf;
guitareo;Wiz Khalifa;See You Again;Most Wanted, Vol. 2;Pop;6;150;wiz-khalifa-most-wanted-vol-2.jpg;wiz-khalifa-see-you-again-tab-standard.pdf;See You Again;25;wcq4c;Published;FALSE;wiz-khalifa-see-you-again-tab.pdf;
guitareo;Zayn;I Don’t Wanna Live Forever;Fifty Shades Darker: Original Motion Picture Soundtrack;;4;150;zayn-fifty-shades-darker-original-motion-picture-soundtrack.jpg;zayn-i-dont-wanna-live-forever-tab-standard.pdf;I Don’t Wanna Live Forever;25;Hcq4c;Published;FALSE;zayn-i-dont-wanna-live-forever-tab.pdf;
guitareo;Zedd & Alessia Cara;Stay;Everything, Everything (Original Motion Picture Soundtrack);Pop;6;150;zedd-and-alessia-cara-everything-everything-original-motion-picture-soundtrack.jpg;zedd-and-alessia-cara-stay-tab-standard.pdf;Stay;25;Jcq4c;Published;FALSE;zedd-and-alessia-cara-stay-tab.pdf;
guitareo;Zedd, Maren Morris & Grey;The Middle;The Middle;Pop;1;100;zedd-maren-morris-and-grey-the-middle.jpg;zedd-maren-morris-and-grey-the-middle-tab-standard.pdf;The Middle;25;Bcq4c;Published;FALSE;zedd-maren-morris-and-grey-the-middle-tab.pdf;
guitareo;Blink-182;Dammit;Dude Ranch;Rock;5;150;blink182-dude-ranch.jpg;blink182-dammit-tab-standard.pdf;Dammit;25;V-X4c;Published;FALSE;blink182-dammit-tab.pdf;
guitareo;Bob Marley;Three Little Birds;Exodus;Latin/World;1;100;bob-marley--exodus.jpg;bob-marley--three-little-birds-tab-standard.pdf;Three Little Birds;25;hDq4c;Published;FALSE;bob-marley--three-little-birds-tab.pdf;
guitareo;Ramones;I Wanna Be Sedated;Road To Ruin;Rock;5;150;ramones-road-to-ruin.jpg;ramones-i-wanna-be-sedated-tab-standard.pdf;I Wanna Be Sedated;25;-sq4c;Published;FALSE;ramones-i-wanna-be-sedated-tab.pdf;
guitareo;Ramones;Sheena Is A Punk Rocker;Rocket To Russia;Rock;3;100;ramones-rocket-to-russia.jpg;ramones-sheena-is-a-punk-rocker-tab-standard.pdf;Sheena Is A Punk Rocker;25;KMq4c;Published;FALSE;ramones-sheena-is-a-punk-rocker-tab.pdf;
guitareo;The Astronauts;Baja;Surfin' With The Astronauts;Pop;3;100;the-astronauts-surfin-with-the-astronauts.jpg;the-astronauts-baja-tab-standard.pdf;Baja;25;Q8q4c;Published;FALSE;the-astronauts-baja-tab.pdf;
guitareo;The Cramps;Goo Goo Muck;Psychedelic Jungle;Rock;4;150;the-cramps-psychedelic-jungle.jpg;the-cramps-goo-goo-muck-tab-standard.pdf;Goo Goo Muck;25;pDq4c;Published;FALSE;the-cramps-goo-goo-muck-tab.pdf;
guitareo;The Offspring;The Kids Aren't Alright;Americana;Rock;5;150;the-offspring-americana.jpg;the-offspring-the-kids-arent-alright-tab-standard.pdf;The Kids Aren't Alright;25;kpX4c;Published;FALSE;the-offspring-the-kids-arent-alright-tab.pdf;
guitareo;The Rivieras;California Sun;California Sun;Rock;5;150;the-rivieras-california-sun.jpg;the-rivieras-california-sun-tab-standard.pdf;California Sun;25;Rkq4c;Published;FALSE;the-rivieras-california-sun-tab.pdf;
pianote;Traditional Hymn;Amazing Grace;;Hymn;3;100;traditional-hymn--.jpg;traditional-hymn--amazing-grace.pdf;Amazing Grace;25;Ls34c;Published;FALSE;;
pianote;Ace of Base;Beautiful Life;The Bridge;EDM;4;150;ace-of-base-the-bridge.jpg;ace-of-base-beautiful-life.pdf;Beautiful Life;25;Fs34c;Published;FALSE;;
pianote;Holiday;Deck The Halls;;Christmas;3;100;holiday-.jpg;holiday-deck-the-halls.pdf;Deck The Halls;25;kMX4c;Published;FALSE;;
pianote;Dobie Gray;Drift Away;Drift Away;Rock;4;150;dobie-gray-drift-away.jpg;dobie-gray-drift-away.pdf;Drift Away;25;Ks34c;Published;FALSE;;
pianote;Owl City;Fireflies;Ocean Eyes;Pop;6;150;owl-city-ocean-eyes.jpg;owl-city-fireflies.pdf;Fireflies;25;9vR4c;Published;FALSE;;
pianote;Neil Young;Heart Of Gold;Harvest;Folk, Country, Rock;5;150;neil-young-harvest.jpg;neil-young-heart-of-gold.pdf;Heart Of Gold;25;KvR4c;Published;FALSE;;
pianote;Belinda Carlisle;Heaven Is A Place On Earth;Heaven on Earth;Pop;4;150;belinda-carlisle-heaven-on-earth.jpg;belinda-carlisle-heaven-is-a-place-on-earth.pdf;Heaven Is A Place On Earth;25;xvR4c;Published;FALSE;;
pianote;Hymn;How Great Thou Art;;Hymn;4;150;hymn-.jpg;hymn-how-great-thou-art.pdf;How Great Thou Art;25;9s34c;Published;FALSE;;
pianote;Carly Rae Jepsen;I Really Like You;Emotion;Pop;4;150;carly-rae-jepsen-emotion.jpg;carly-rae-jepsen-i-really-like-you.pdf;I Really Like You;25;Ps34c;Published;FALSE;;
pianote;Live;Lightning Crashes;Throwing Copper;Rock;4;150;live-throwing-copper.jpg;live-lightning-crashes.pdf;Lightning Crashes;25;SZR4c;Published;FALSE;;
pianote;Neil Diamond;Sweet Caroline;Sweet Caroline;Rock, Pop;4;150;neil-diamond-sweet-caroline.jpg;neil-diamond-sweet-caroline.pdf;Sweet Caroline;25;8s34c;Published;FALSE;;
pianote;Ariana Grande;Thank U, Next;Thank U, Next;Pop;5;150;ariana-grande-thank-u-next.jpg;ariana-grande-thank-u-next.pdf;Thank U, Next;25;ns34c;Published;FALSE;;
pianote;Dido;Thank You;No Angel;R&B;4;150;dido-no-angel.jpg;dido-thank-you.pdf;Thank You;25;gs34c;Published;FALSE;;
pianote;Lady Gaga;The Edge Of Glory;Born This Way;Pop;5;150;lady-gaga-born-this-way.jpg;lady-gaga-the-edge-of-glory.pdf;The Edge Of Glory;25;pZR4c;Published;FALSE;;
pianote;Kenny Rogers;The Gambler;The Gambler;Country;3;100;kenny-rogers-the-gambler.jpg;kenny-rogers-the-gambler.pdf;The Gambler;25;NLR4c;Published;FALSE;;
pianote;Miranda Lambert;The House That Built Me;Revolution;Country;4;150;miranda-lambert-revolution.jpg;miranda-lambert-the-house-that-built-me.pdf;The House That Built Me;25;Zs34c;Published;FALSE;;
pianote;Robert John;The Lion Sleeps Tonight;The Lion Sleeps Tonight - Single;Pop;3;100;robert-john-the-lion-sleeps-tonight-single.jpg;robert-john-the-lion-sleeps-tonight.pdf;The Lion Sleeps Tonight;25;-vR4c;Published;FALSE;;
pianote;Zedd, Maren Morris, & Grey;The Middle;The Middle - Single;Pop;4;150;zedd-maren-morris-and-grey-the-middle-single.jpg;zedd-maren-morris-and-grey-the-middle.pdf;The Middle;25;VLR4c;Published;FALSE;;
pianote;Celine Dion;The Power Of Love;The Colour of My Love;Pop;4;150;celine-dion-the-colour-of-my-love.jpg;celine-dion-the-power-of-love.pdf;The Power Of Love;25;gvR4c;Published;FALSE;;
pianote;Hoobastank;The Reason;The Reason;Rock;4;150;hoobastank-the-reason.jpg;hoobastank-the-reason.pdf;The Reason;25;QvR4c;Published;FALSE;;
pianote;Lenka;The Show;Lenka;Pop;3;100;lenka-lenka.jpg;lenka-the-show.pdf;The Show;25;nvR4c;Published;FALSE;;
pianote;Ace of Base;The Sign;Happy Nation;Pop;5;150;ace-of-base-happy-nation.jpg;ace-of-base-the-sign.pdf;The Sign;25;fLR4c;Published;FALSE;;
pianote;Brandi Carlile;The Story;The Story;Rock;4;150;brandi-carlile-the-story.jpg;brandi-carlile-the-story.pdf;The Story;25;Qs34c;Published;FALSE;;
pianote;Gwen Stefani;The Sweet Escape;The Sweet Escape;EDM;4;150;gwen-stefani-the-sweet-escape.jpg;gwen-stefani-the-sweet-escape.pdf;The Sweet Escape;25;MLR4c;Published;FALSE;;
pianote;Ingrid Michaelson;The Way I Am;Girls and Boys;Folk;4;150;ingrid-michaelson-girls-and-boys.jpg;ingrid-michaelson-the-way-i-am.pdf;The Way I Am;25;kLR4c;Published;FALSE;;
pianote;The Chainsmokers feat. Kelsea Ballerini;This Feeling;Sick Boy;Pop;4;150;the-chainsmokers-feat-kelsea-ballerini-sick-boy.jpg;the-chainsmokers-feat-kelsea-ballerini-this-feeling.pdf;This Feeling;25;4LR4c;Published;FALSE;;
pianote;Sam Smith;Too Good At Goodbyes;The Thrill of It All;Pop;4;150;sam-smith-the-thrill-of-it-all.jpg;sam-smith-too-good-at-goodbyes.pdf;Too Good At Goodbyes;25;yLR4c;Published;FALSE;;
pianote;Natalie Imbruglia;Torn;Left of the Middle;Pop;4;150;natalie-imbruglia-left-of-the-middle.jpg;natalie-imbruglia-torn.pdf;Torn;25;FvR4c;Published;FALSE;;
pianote;Britney Spears;Toxic;In the Zone;Pop;4;150;britney-spears-in-the-zone.jpg;britney-spears-toxic.pdf;Toxic;25;7s34c;Published;FALSE;;
pianote;P!nk;Try;The Truth About Love;Pop/Rock;4;150;pink-the-truth-about-love.jpg;pink-try.pdf;Try;25;wLR4c;Published;FALSE;;
pianote;Katy Perry;Unconditionally;Prism;Pop;4;150;katy-perry-prism.jpg;katy-perry-unconditionally.pdf;Unconditionally;25;YLR4c;Published;FALSE;;
pianote;Natasha Bedingfield;Unwritten;Unwritten;Pop;5;150;natasha-bedingfield-unwritten.jpg;natasha-bedingfield-unwritten.pdf;Unwritten;25;lLR4c;Published;FALSE;;
pianote;John Mayer;Waiting On The World To Change;Continuum;Rock, Pop/Rock, Blues;5;150;john-mayer-continuum.jpg;john-mayer-waiting-on-the-world-to-change.pdf;Waiting On The World To Change;25;zLR4c;Published;FALSE;;
pianote;Green Day;Wake Me Up When September Ends;American Idiot;Rock;3;100;green-day-american-idiot.jpg;green-day-wake-me-up-when-september-ends.pdf;Wake Me Up When September Ends;25;-s34c;Published;FALSE;;
pianote;P!nk;Walk Me Home;Hurts 2B Human;Pop;4;150;pink-hurts-2b-human.jpg;pink-walk-me-home.pdf;Walk Me Home;25;xs34c;Published;FALSE;;
pianote;Patsy Cline;Walkin’ After Midnight;Patsy Cline;Country;5;150;patsy-cline-patsy-cline.jpg;patsy-cline-walkin-after-midnight.pdf;Walkin’ After Midnight;25;ts34c;Published;FALSE;;
pianote;fun.;We Are Young;Some Nights;Pop, Rock;4;150;fun-some-nights.jpg;fun-we-are-young.pdf;We Are Young;25;g-R4c;Published;FALSE;;
pianote;P!nk;What About Us;Beautiful Trauma;EDM;4;150;pink-beautiful-trauma.jpg;pink-what-about-us.pdf;What About Us;25;5s34c;Published;FALSE;;
pianote;One Direction;What Makes You Beautiful;Up All Night;Pop;5;150;one-direction-up-all-night.jpg;one-direction-what-makes-you-beautiful.pdf;What Makes You Beautiful;25;6-R4c;Published;FALSE;;
pianote;Jason Derulo;Whatcha Say;Jason Derulo;Pop, R&B;4;150;jason-derulo-jason-derulo.jpg;jason-derulo-whatcha-say.pdf;Whatcha Say;25;G-R4c;Published;FALSE;;
pianote;Imagine Dragons;Whatever It Takes;Evolve;Rock;4;150;imagine-dragons-evolve.jpg;imagine-dragons-whatever-it-takes.pdf;Whatever It Takes;25;2LR4c;Published;FALSE;;
pianote;Prince;When Doves Cry;Purple Rain;Pop;5;150;prince-purple-rain.jpg;prince-when-doves-cry.pdf;When Doves Cry;25;RLR4c;Published;FALSE;;
pianote;Anna Kendrick;Cups (When I'm Gone);Ultimate Pitch Perfect: Original Motion Picture Soundtrack;Pop;5;150;anna-kendrick-ultimate-pitch-perfect-original-motion-picture-soundtrack.jpg;anna-kendrick-cups-when-im-gone.pdf;Cups (When I'm Gone);25;3LR4c;Published;FALSE;;
pianote;Whitney Houston;Where Do Broken Hearts Go;Whitney;R&B, Pop;4;150;whitney-houston-whitney.jpg;whitney-houston-where-do-broken-hearts-go.pdf;Where Do Broken Hearts Go;25;XLR4c;Published;FALSE;;
pianote;Dido;White Flag;Life for Rent;Pop;4;150;dido-life-for-rent.jpg;dido-white-flag.pdf;White Flag;25;qLR4c;Published;FALSE;;
pianote;Andy Williams;Winter Wonderland;Merry Christmas;Christmas;5;150;andy-williams-merry-christmas.jpg;andy-williams-winter-wonderland.pdf;Winter Wonderland;25;6s34c;Published;FALSE;;
pianote;Oasis;Wonderwall;(What's the Story) Morning Glory?;Rock;5;150;oasis-whats-the-story-morning-glory.jpg;oasis-wonderwall.pdf;Wonderwall;25;HLR4c;Published;FALSE;;
pianote;The Beatles;Yellow Submarine;Revolver;Pop;4;150;the-beatles-revolver.jpg;the-beatles-yellow-submarine.pdf;Yellow Submarine;25;TLR4c;Published;FALSE;;
pianote;Lifehouse;You And Me;Lifehouse;Rock;4;150;lifehouse-lifehouse.jpg;lifehouse-you-and-me.pdf;You And Me;25;JLR4c;Published;FALSE;;
pianote;Wayne King;You Are My Sunshine;The Wayne King Collection;Jazz, Traditional;4;150;wayne-king-the-wayne-king-collection.jpg;wayne-king-you-are-my-sunshine.pdf;You Are My Sunshine;25;r-R4c;Published;FALSE;;
pianote;Carly Simon;You’re So Vain;No Secrets;Rock;4;150;carly-simon-no-secrets.jpg;carly-simon-youre-so-vain.pdf;You’re So Vain;25;bLR4c;Published;FALSE;;
pianote;The Cranberries;Zombie;No Need to Argue;Rock;4;150;the-cranberries-no-need-to-argue.jpg;the-cranberries-zombie.pdf;Zombie;25;sLR4c;Published;FALSE;;
pianote;Brad Kane and Lea Salonga;A Whole New World;Aladdin: Original Motion Picture Soundtrack;Disney, Soundtrack;5;150;brad-kane-and-lea-salonga-aladdin-original-motion-picture-soundtrack.jpg;brad-kane-and-lea-salonga-a-whole-new-world.pdf;A Whole New World;25;tvR4c;Published;FALSE;;
pianote;Howard Ashman, Alan Menken;Be Our Guest;Beauty and the Beast: Original Motion Picture Soundtrack;Disney, Soundtrack;5;150;howard-ashman-alan-menken-beauty-and-the-beast-original-motion-picture-soundtrack.jpg;howard-ashman-alan-menken-be-our-guest.pdf;Be Our Guest;25;1LR4c;Published;FALSE;;
pianote;Lin-manuel Miranda;We Don't Talk About Bruno;Encanto: Original Motion Picture Soundtrack;Disney, Soundtrack;6;150;linmanuel-miranda-encanto-original-motion-picture-soundtrack.jpg;linmanuel-miranda-we-dont-talk-about-bruno.pdf;We Don't Talk About Bruno;25;h-R4c;Published;FALSE;;
pianote;Alan Menken, David Zippel;Zero to Hero;Hercules: Original Motion Picture Soundtrack;Disney, Soundtrack;5;150;alan-menken-david-zippel-hercules-original-motion-picture-soundtrack.jpg;alan-menken-david-zippel-zero-to-hero.pdf;Zero to Hero;25;m-R4c;Published;FALSE;;
pianote;Donny Osmond;I'll Make a Man Out of You;Mulan: Original Motion Picture Soundtrack;Disney, Soundtrack;5;150;donny-osmond-mulan-original-motion-picture-soundtrack.jpg;donny-osmond-ill-make-a-man-out-of-you.pdf;I'll Make a Man Out of You;25;v-R4c;Published;FALSE;;
pianote;Olivia Rodrigo;Driver's License;Sour;Pop;5;150;olivia-rodrigo-sour.jpg;olivia-rodrigo-drivers-license.pdf;Driver's License;25;S-R4c;Published;FALSE;;
pianote;Adele;Million Years Ago;25;Folk, Pop;5;150;adele-25.jpg;adele-million-years-ago.pdf;Million Years Ago;25;p-R4c;Published;FALSE;;
pianote;Green Day;Good Riddance (Time Of Your Life);Nimrod;Rock;5;150;green-day-nimrod.jpg;green-day-good-riddance-time-of-your-life.pdf;Good Riddance (Time Of Your Life);25;NQR4c;Published;FALSE;;
pianote;Fleetwood Mac;Dreams;Rumours;Rock;6;150;fleetwood-mac-rumours.jpg;fleetwood-mac-dreams.pdf;Dreams;25;cQR4c;Published;FALSE;;
pianote;Andrew Lloyd Webber;I Only Want To Say (Gethsemane);Jesus Christ Superstar - The Musical;Musical;6;150;andrew-lloyd-webber-jesus-christ-superstar-the-musical.jpg;andrew-lloyd-webber-i-only-want-to-say-gethsemane-.pdf;I Only Want To Say (Gethsemane);25;VQR4c;Published;FALSE;;
pianote;Boublil and Schonberg;Castle On A Cloud;Les Misérables - The Musical;Musical;5;150;boublil-and-schonberg-les-miserables-the-musical.jpg;boublil-and-schonberg-castle-on-a-cloud.pdf;Castle On A Cloud;25;fQR4c;Published;FALSE;;
pianote;Boublil and Schonberg;On My Own;Les Misérables - The Musical;Musical;5;150;boublil-and-schonberg-les-miserables-the-musical.jpg;boublil-and-schonberg-on-my-own-.pdf;On My Own;25;Gs34c;Published;FALSE;;
pianote;Charles Strouse;I Don't Need Anything But You;Annie - The Musical;Musical;5;150;charles-strouse-annie-the-musical.jpg;charles-strouse-i-dont-need-anything-but-you.pdf;I Don't Need Anything But You;25;DQR4c;Published;FALSE;;
pianote;Charles Strouse;Maybe;Annie - The Musical;Musical;5;150;charles-strouse-annie-the-musical.jpg;charles-strouse-maybe.pdf;Maybe;25;XMX4c;Published;FALSE;;
pianote;Frank Loesser;Luck Be A Lady;Guys And Dolls - The Musical;Musical;5;150;frank-loesser-guys-and-dolls-the-musical.jpg;frank-loesser-luck-be-a-lady.pdf;Luck Be A Lady;25;MQR4c;Published;FALSE;;
pianote;Lerner & Loewe;On The Street Where You Live;My Fair Lady - The Musical;Musical;5;150;lerner-and-loewe-my-fair-lady-the-musical.jpg;lerner-and-loewe-on-the-street-where-you-live.pdf;On The Street Where You Live;25;kQR4c;Published;FALSE;;
pianote;Rodgers & Hammerstein;Edelweiss;The Sound Of Music: Original Motion Picture Soundtrack;Soundtrack, Musical;3;100;rodgers-and-hammerstein-the-sound-of-music-original-motion-picture-soundtrack.jpg;rodgers-and-hammerstein-edelweiss-.pdf;Edelweiss;25;4QR4c;Published;FALSE;;
pianote;Rodgers & Hammerstein;Getting To Know You;The King And I: Original Motion Picture Soundtrack;Soundtrack, Musical;5;150;rodgers-and-hammerstein-the-king-and-i-original-motion-picture-soundtrack.jpg;rodgers-and-hammerstein-getting-to-know-you.pdf;Getting To Know You;25;yQR4c;Published;FALSE;;
pianote;Julie Andrews;My Favorite Things;The Sound Of Music: Original Motion Picture Soundtrack;Soundtrack, Musical;4;150;julie-andrews-the-sound-of-music-original-motion-picture-soundtrack.jpg;julie-andrews-my-favorite-things.pdf;My Favorite Things;25;2MX4c;Published;FALSE;;
pianote;Rodgers & Hammerstein;Oh, What A Beautiful Mornin';Oklahoma! - The Musical;Soundtrack, Musical;5;150;rodgers-and-hammerstein-oklahoma-the-musical.jpg;rodgers-and-hammerstein-oh-what-a-beautiful-mornin-.pdf;Oh, What A Beautiful Mornin';25;wQR4c;Published;FALSE;;
pianote;Rodgers & Hammerstein;Sixteen Going On Seventeen;The Sound Of Music: Original Motion Picture Soundtrack;Soundtrack, Musical;5;150;rodgers-and-hammerstein-the-sound-of-music-original-motion-picture-soundtrack.jpg;rodgers-and-hammerstein-sixteen-going-on-seventeen-.pdf;Sixteen Going On Seventeen;25;YQR4c;Published;FALSE;;
pianote;Rodgers & Hammerstein;Something Good;The Sound Of Music: Original Motion Picture Soundtrack;Soundtrack, Musical;6;150;rodgers-and-hammerstein-the-sound-of-music-original-motion-picture-soundtrack.jpg;rodgers-and-hammerstein-something-good.pdf;Something Good;25;zMX4c;Published;FALSE;;
pianote;Rodgers & Hammerstein;The Lonely Goatherd;The Sound Of Music: Original Motion Picture Soundtrack;Soundtrack, Musical;4;150;rodgers-and-hammerstein-the-sound-of-music-original-motion-picture-soundtrack.jpg;rodgers-and-hammerstein-the-lonely-goatherd-.pdf;The Lonely Goatherd;25;lMX4c;Published;FALSE;;
pianote;Rodgers & Hammerstein;The Sound Of Music;The Sound Of Music: Original Motion Picture Soundtrack;Soundtrack, Musical;6;150;rodgers-and-hammerstein-the-sound-of-music-original-motion-picture-soundtrack.jpg;rodgers-and-hammerstein-the-sound-of-music.pdf;The Sound Of Music;25;YMX4c;Published;FALSE;;
pianote;Harry Styles;As It Was;Harry's House;Pop;4;150;harry-styles-harrys-house.jpg;harry-styles-as-it-was.pdf;As It Was;25;lQR4c;Published;FALSE;;
pianote;The Weeknd;I Feel It Coming;Starboy;Pop;5;150;the-weeknd-starboy.jpg;the-weeknd-i-feel-it-coming.pdf;I Feel It Coming;25;zQR4c;Published;FALSE;;
pianote;The Weeknd;Blinding Lights;After Hours;Pop;4;150;the-weeknd-after-hours.jpg;the-weeknd-blinding-lights.pdf;Blinding Lights;25;2QR4c;Published;FALSE;;
pianote;The Weeknd;Can't Feel My Face;Beauty Behind the Madness;Pop;5;150;the-weeknd-beauty-behind-the-madness.jpg;the-weeknd-cant-feel-my-face.pdf;Can't Feel My Face;25;CQR4c;Published;FALSE;;
pianote;Irving Berlin;Puttin' On The Ritz;Puttin' On The Ritz - The Musical Film;Musical;5;150;irving-berlin-puttin-on-the-ritz-the-musical-film.jpg;irving-berlin-puttin-on-the-ritz.pdf;Puttin' On The Ritz;25;RQR4c;Published;FALSE;;
pianote;Marvin Gaye;I Heard It Through The Grapevine (Original Version);In The Groove;R&B;5;150;marvin-gaye-in-the-groove.jpg;marvin-gaye-i-heard-it-through-the-grapevine-original-version.pdf;I Heard It Through The Grapevine (Original Version);25;3QR4c;Published;FALSE;;
pianote;Traditional Carol;Greensleeves;;Traditional;3;100;traditional-carol-.jpg;traditional-carol-greensleeves.pdf;Greensleeves;25;XQR4c;Published;FALSE;;
pianote;Stölzel / Bach;Bist Du Bei Mir;;Classical;3;100;stolzel--bach-.jpg;stolzel--bach-bist-du-bei-mir.pdf;Bist Du Bei Mir;25;qQR4c;Published;FALSE;;
pianote;Andy Williams;Blue Christmas;I Still Believe In Santa Claus;Christmas;5;150;andy-williams-i-still-believe-in-santa-claus.jpg;andy-williams-blue-christmas.pdf;Blue Christmas;25;wMX4c;Published;FALSE;;
pianote;Andy Williams;The Most Wonderful Time Of The Year;The Andy Williams Christmas Album;Christmas;5;150;andy-williams-the-andy-williams-christmas-album.jpg;andy-williams-the-most-wonderful-time-of-the-year.pdf;The Most Wonderful Time Of The Year;25;yMX4c;Published;FALSE;;
pianote;Traditional;Still, Still, Still;;Christmas;3;100;traditional-.jpg;traditional-still-still-still.pdf;Still, Still, Still;25;HQR4c;Published;FALSE;;
pianote;Traditional Carol;We Three Kings Of Orient Are;;Christmas;2;100;traditional-carol-.jpg;traditional-carol-we-three-kings-of-orient-are.pdf;We Three Kings Of Orient Are;25;TQR4c;Published;FALSE;;
pianote;Traditional Carol;It Came Upon The Midnight Clear;;Christmas;3;100;traditional-carol-.jpg;traditional-carol-it-came-upon-the-midnight-clear.pdf;It Came Upon The Midnight Clear;25;5vR4c;Published;FALSE;;
pianote;Vince Guaraldi;Christmas Time Is Here;A Charlie Brown Christmas;Jazz, Christmas, Soundtrack;6;150;vince-guaraldi-a-charlie-brown-christmas.jpg;vince-guaraldi-christmas-time-is-here.pdf;Christmas Time Is Here;25;4MX4c;Published;FALSE;;
pianote;African-American Spiritual;Balm In Gilead;;Traditional, Gospel, Hymn;5;150;africanamerican-spiritual-.jpg;africanamerican-spiritual-balm-in-gilead.pdf;Balm In Gilead;25;Ws34c;Published;FALSE;;
pianote;African-American Spiritual;Every Time I Feel The Spirit;;Traditional, Gospel, Hymn;5;150;africanamerican-spiritual-.jpg;africanamerican-spiritual-every-time-i-feel-the-spirit.pdf;Every Time I Feel The Spirit;25;ds34c;Published;FALSE;;
pianote;African-American Spiritual;Go, Tell It On The Mountain;;Traditional, Gospel, Hymn;5;150;africanamerican-spiritual-.jpg;africanamerican-spiritual-go-tell-it-on-the-mountain.pdf;Go, Tell It On The Mountain;25;1s34c;Published;FALSE;;
pianote;African-American Spiritual;This Little Light Of Mine;;Traditional, Gospel, Hymn;5;150;africanamerican-spiritual-.jpg;africanamerican-spiritual-this-little-light-of-mine.pdf;This Little Light Of Mine;25;bs34c;Published;FALSE;;
pianote;African-American Spiritual;Were You There?;;Traditional, Gospel, Hymn;4;150;africanamerican-spiritual-.jpg;africanamerican-spiritual-were-you-there.pdf;Were You There?;25;ss34c;Published;FALSE;;
pianote;Nina Simone;I Loves You, Porgy;Little Girl Blue;Jazz, Pop;5;150;nina-simone-little-girl-blue.jpg;nina-simone-i-loves-you-porgy.pdf;I Loves You, Porgy;25;Ss34c;Published;FALSE;;
pianote;Nina Simone;I Put A Spell On You;I Put A Spell On You;R&B;5;150;nina-simone-i-put-a-spell-on-you.jpg;nina-simone-i-put-a-spell-on-you.pdf;I Put A Spell On You;25;ps34c;Published;FALSE;;
pianote;The Beach Boys;Wouldn't It Be Nice;Pet Sounds;Rock, Pop;4;150;the-beach-boys-pet-sounds.jpg;the-beach-boys-wouldnt-it-be-nice.pdf;Wouldn't It Be Nice;25;vs34c;Published;FALSE;;
pianote;The Supremes;Baby Love;Where Did Our Love Go;Pop, R&B;5;150;the-supremes-where-did-our-love-go.jpg;the-supremes-baby-love.pdf;Baby Love;25;hs34c;Published;FALSE;;
pianote;Al Martino;Spanish Eyes;My Cherie;Jazz;4;150;al-martino-my-cherie.jpg;al-martino-spanish-eyes.pdf;Spanish Eyes;25;rs34c;Published;FALSE;;
pianote;Oscar Peterson;Tin Tin Deo;Perfect Peterson: The Best Of THe Pablo And Telarc Recordings;Jazz;8;200;oscar-peterson-perfect-peterson-the-best-of-the-pablo-and-telarc-recordings.jpg;oscar-peterson-tin-tin-deo.pdf;Tin Tin Deo;25;1MX4c;Published;FALSE;;
pianote;"John ""dizzy"" Gillespie, Frank Paparelli";A Night In Tunisia;Sarah Vaughan;Jazz;6;150;john-dizzy-gillespie-frank-paparelli-sarah-vaughan.jpg;john-dizzy-gillespie-frank-paparelli-a-night-in-tunisia.pdf;A Night In Tunisia;25;ms34c;Published;FALSE;;
pianote;John Jacob Niles;What Songs Were Sung;Karina Gauvin, Michael McMahon & Nora Shulman;Christmas;6;150;john-jacob-niles-karina-gauvin-michael-mcmahon-and-nora-shulman.jpg;john-jacob-niles-what-songs-were-sung.pdf;What Songs Were Sung;25;TMX4c;Published;FALSE;;
pianote;AC/DC;It's a Long Way to the Top (If You Wanna Rock 'n' Roll);T.N.T./High Voltage;Rock;5;150;acdc-tnthigh-voltage.jpg;acdc-its-a-long-way-to-the-top-if-you-wanna-rock-n-roll.pdf;It's a Long Way to the Top (If You Wanna Rock 'n' Roll);25;Bs34c;Published;FALSE;;
pianote;Bryan Adams;(Everything I Do) I Do It For You;Robin Hood - Prince Of Thieves: Original Motion Picture Soundtrack;Soft Rock;6;150;bryan-adams-robin-hood-prince-of-thieves-original-motion-picture-soundtrack.jpg;bryan-adams-everything-i-do-i-do-it-for-you.pdf;(Everything I Do) I Do It For You;25;v6l4c;Published;FALSE;;
pianote;Cutting Crew;(I Just) Died In Your Arms;Broadcast;Pop/Rock;5;150;cutting-crew-broadcast.jpg;cutting-crew-i-just-died-in-your-arms.pdf;(I Just) Died In Your Arms;25;m6l4c;Published;FALSE;;
pianote;Feist;1234;The Reminder;Pop;6;150;feist-the-reminder.jpg;feist-1234.pdf;1234;25;h6l4c;Published;FALSE;;
pianote;Thirsty Merc;20 Good Reasons;Slideshows;Pop/Rock;5;150;thirsty-merc-slideshows.jpg;thirsty-merc-20-good-reasons.pdf;20 Good Reasons;25;wWz4c;Published;FALSE;;
pianote;Taylor Swift;22;Red;Pop;5;150;taylor-swift-red.jpg;taylor-swift-22.pdf;22;25;SC44c;Published;FALSE;;
pianote;Phil Collins;A Groovy Kind Of Love;Buster;Pop;6;150;phil-collins-buster.jpg;phil-collins-a-groovy-kind-of-love.pdf;A Groovy Kind Of Love;25;SDl4c;Published;FALSE;;
pianote;Lady Gaga;A Million Reasons;Joanne;Pop;6;150;lady-gaga-joanne.jpg;lady-gaga-a-million-reasons.pdf;A Million Reasons;25;N7f4c;Published;FALSE;;
pianote;Vanessa Carlton;A Thousand Miles;Be Not Nobody;Pop;8;200;vanessa-carlton-be-not-nobody.jpg;vanessa-carlton-a-thousand-miles.pdf;A Thousand Miles;25;c7f4c;Published;FALSE;;
pianote;Christina Perri;A Thousand Years;The Twilight Saga: Breaking Dawn - Part 1 (soundtrack);Pop;7;200;christina-perri-the-twilight-saga-breaking-dawn-part-1-soundtrack.jpg;christina-perri-a-thousand-years.pdf;A Thousand Years;25;qKy4c;Published;FALSE;;
pianote;Toto;Africa;Toto IV;Pop;6;150;toto-toto-iv.jpg;toto-africa.pdf;Africa;25;pC44c;Published;FALSE;;
pianote;Marvin Gaye and Tammi Terrell;Ain’t No Mountain High Enough;United;Soul;5;150;marvin-gaye-and-tammi-terrell-united.jpg;marvin-gaye-and-tammi-terrell-aint-no-mountain-high-enough.pdf;Ain’t No Mountain High Enough;25;YWz4c;Published;FALSE;;
pianote;Bill Withers;Ain’t No Sunshine;Just As I Am;R&B;7;200;bill-withers-just-as-i-am.jpg;bill-withers-aint-no-sunshine.pdf;Ain’t No Sunshine;25;Z3w4c;Published;FALSE;;
pianote;Celine Dion;All By Myself;Falling into You;Pop;6;150;celine-dion-falling-into-you.jpg;celine-dion-all-by-myself.pdf;All By Myself;25;vjk4c;Published;FALSE;;
pianote;Kodaline;All I Want;In A Perfect World;Rock;5;150;kodaline-in-a-perfect-world.jpg;kodaline-all-i-want.pdf;All I Want;25;lWz4c;Published;FALSE;;
pianote;Adele;All I Ask;25;Pop;6;150;adele-25.jpg;adele-all-i-ask.pdf;All I Ask;25;cR44c;Published;FALSE;;
pianote;John Legend;All Of Me;Love In The Future;R&B;6;150;john-legend-love-in-the-future.jpg;john-legend-all-of-me.pdf;All Of Me;25;S9y4c;Published;FALSE;;
pianote;Air Supply;All Out Of Love;Lost in Love;Rock;4;150;air-supply-lost-in-love.jpg;air-supply-all-out-of-love.pdf;All Out Of Love;25;6Yz4c;Published;FALSE;;
pianote;Cyndi Lauper;All Through The Night;She's So Unusual;Pop/Rock;5;150;cyndi-lauper-shes-so-unusual.jpg;cyndi-lauper-all-through-the-night.pdf;All Through The Night;25;pDl4c;Published;FALSE;;
pianote;The Beatles;All You Need Is Love;All You Need is Love;Pop/Rock;4;150;the-beatles-all-you-need-is-love.jpg;the-beatles-all-you-need-is-love.pdf;All You Need Is Love;25;Zq44c;Published;FALSE;;
pianote;Heart;Alone;Bad Animals;Rock;5;150;heart-bad-animals.jpg;heart-alone.pdf;Alone;25;XqY4c;Published;FALSE;;
pianote;Kelly Clarkson;Already Gone;All I Ever Wanted;Pop;5;150;kelly-clarkson-all-i-ever-wanted.jpg;kelly-clarkson-already-gone.pdf;Already Gone;25;GYz4c;Published;FALSE;;
pianote;Willie Nelson;Always On My Mind;Always On My Mind;Country;5;150;willie-nelson-always-on-my-mind.jpg;willie-nelson-always-on-my-mind.pdf;Always On My Mind;25;nKy4c;Published;FALSE;;
pianote;Lonestar;Amazed;Lonely Grill;Country;5;150;lonestar-lonely-grill.jpg;lonestar-amazed.pdf;Amazed;25;txy4c;Published;FALSE;;
pianote;Tom Petty And The Heartbreakers;American Girl;Tom Petty And The Heartbreakers;Pop/Rock;5;150;tom-petty-and-the-heartbreakers-tom-petty-and-the-heartbreakers.jpg;tom-petty-and-the-heartbreakers-american-girl.pdf;American Girl;25;zWz4c;Published;FALSE;;
pianote;Sarah McLachlan;Angel;Surfacing;Pop;7;200;sarah-mclachlan-surfacing.jpg;sarah-mclachlan-angel.pdf;Angel;25;V7f4c;Published;FALSE;;
pianote;Juice Newton;Angel Of The Morning;Juice;Pop;5;150;juice-newton-juice.jpg;juice-newton-angel-of-the-morning.pdf;Angel Of The Morning;25;rYz4c;Published;FALSE;;
pianote;OneRepublic;Apologize;Dreaming Out Loud;Pop;8;200;onerepublic-dreaming-out-loud.jpg;onerepublic-apologize.pdf;Apologize;25;f7f4c;Published;FALSE;;
pianote;Charlie Puth;Attention;Attention;Pop/Rock;5;150;charlie-puth-attention.jpg;charlie-puth-attention.pdf;Attention;25;hYz4c;Published;FALSE;;
pianote;Miranda Lambert;Automatic;Platinum;Country;4;150;miranda-lambert-platinum.jpg;miranda-lambert-automatic.pdf;Automatic;25;mYz4c;Published;FALSE;;
pianote;Justin Bieber;Baby;My World 2.0;Pop;5;150;justin-bieber-my-world-20.jpg;justin-bieber-baby.pdf;Baby;25;vYz4c;Published;FALSE;;
pianote;Taylor Swift;Bad Blood;1989;Pop;4;150;taylor-swift-1989.jpg;taylor-swift-bad-blood.pdf;Bad Blood;25;SYz4c;Published;FALSE;;
pianote;Daniel Powter;Bad Day;Daniel Powter;Pop;5;150;daniel-powter-daniel-powter.jpg;daniel-powter-bad-day.pdf;Bad Day;25;y-y4c;Published;FALSE;;
pianote;Billie Eilish;Bad Guy;When We All Fall Asleep, Where Do We Go?;Pop;5;150;billie-eilish-when-we-all-fall-asleep-where-do-we-go.jpg;billie-eilish-bad-guy.pdf;Bad Guy;25;2Wz4c;Published;FALSE;;
pianote;Imagine Dragons;Bad Liar;Origins;Pop;5;150;imagine-dragons-origins.jpg;imagine-dragons-bad-liar.pdf;Bad Liar;25;CWz4c;Published;FALSE;;
pianote;Creedence Clearwater Revival;Bad Moon Rising;Green River;Rock;4;150;creedence-clearwater-revival-green-river.jpg;creedence-clearwater-revival-bad-moon-rising.pdf;Bad Moon Rising;25;RWz4c;Published;FALSE;;
pianote;The Rolling Stones;Beast Of Burden;Some Girls;Rock;5;150;the-rolling-stones-some-girls.jpg;the-rolling-stones-beast-of-burden.pdf;Beast Of Burden;25;jSz4c;Published;FALSE;;
pianote;Christina Aguilera;Beautiful;Stripped;Pop;5;150;christina-aguilera-stripped.jpg;christina-aguilera-beautiful.pdf;Beautiful;25;Lq44c;Published;FALSE;;
pianote;Celine Dion;Beauty And The Beast;Beauty and the Beast: Original Motion Picture Soundtrack;Disney, Soundtrack, Pop;6;150;celine-dion-beauty-and-the-beast-original-motion-picture-soundtrack.jpg;celine-dion-beauty-and-the-beast.pdf;Beauty And The Beast;25;fjk4c;Published;FALSE;;
pianote;Celine Dion;Because You Loved Me;Falling into You;Pop;4;150;celine-dion-falling-into-you.jpg;celine-dion-because-you-loved-me.pdf;Because You Loved Me;25;PSz4c;Published;FALSE;;
pianote;Kelly Clarkson;Behind These Hazel Eyes;Breakaway;Pop/Rock;4;150;kelly-clarkson-breakaway.jpg;kelly-clarkson-behind-these-hazel-eyes.pdf;Behind These Hazel Eyes;25;9Sz4c;Published;FALSE;;
pianote;Cher;Believe;Believe;Pop;5;150;cher-believe.jpg;cher-believe.pdf;Believe;25;NMl4c;Published;FALSE;;
pianote;Imagine Dragons;Believer;Evolve;Pop/Rock;4;150;imagine-dragons-evolve.jpg;imagine-dragons-believer.pdf;Believer;25;v-24c;Published;FALSE;;
pianote;Fergie;Big Girls Don’t Cry;The Dutchess;Pop;4;150;fergie-the-dutchess.jpg;fergie-big-girls-dont-cry.pdf;Big Girls Don’t Cry;25;KSz4c;Published;FALSE;;
pianote;Joni Mitchell;Big Yellow Taxi;Ladies of the Canyon;Folk, Rock, Pop;4;150;joni-mitchell-ladies-of-the-canyon.jpg;joni-mitchell-big-yellow-taxi.pdf;Big Yellow Taxi;25;xSz4c;Published;FALSE;;
pianote;Taylor Swift;Blank Space;1989;Pop;5;150;taylor-swift-1989.jpg;taylor-swift-blank-space.pdf;Blank Space;25;jq44c;Published;FALSE;;
pianote;Leona Lewis;Bleeding Love;Spirit;R&B, Pop;5;150;leona-lewis-spirit.jpg;leona-lewis-bleeding-love.pdf;Bleeding Love;25;Pq44c;Published;FALSE;;
pianote;The Marcels;Blue Moon;Blue Moon;Rock and Roll;6;150;the-marcels-blue-moon.jpg;the-marcels-blue-moon.pdf;Blue Moon;25;cMl4c;Published;FALSE;;
pianote;Steppenwolf;Born To Be Wild;Steppenwolf;Rock;7;200;steppenwolf-steppenwolf.jpg;steppenwolf-born-to-be-wild.pdf;Born To Be Wild;25;L3w4c;Published;FALSE;;
pianote;Sara Bareilles;Brave;The Blessed Unrest;Pop;5;150;sara-bareilles-the-blessed-unrest.jpg;sara-bareilles-brave.pdf;Brave;25;m3w4c;Published;FALSE;;
pianote;Kelly Clarkson;Breakaway;Breakaway;Pop/Rock;5;150;kelly-clarkson-breakaway.jpg;kelly-clarkson-breakaway.pdf;Breakaway;25;9q44c;Published;FALSE;;
pianote;The Script;Breakeven;The Script;Pop/Rock;6;150;the-script-the-script.jpg;the-script-breakeven.pdf;Breakeven;25;h3w4c;Published;FALSE;;
pianote;Anna Nalick;Breathe (2 AM);Wreck of the Day;Pop;5;150;anna-nalick-wreck-of-the-day.jpg;anna-nalick-breathe-2-am.pdf;Breathe (2 AM);25;r6l4c;Published;FALSE;;
pianote;Ariana Grande;Breathin;Sweetener;Pop;5;150;ariana-grande-sweetener.jpg;ariana-grande-breathin.pdf;Breathin;25;G6l4c;Published;FALSE;;
pianote;Simon & Garfunkel;Bridge Over Troubled Water;Bridge Over Troubled Water;Folk;7;200;simon-and-garfunkel-bridge-over-troubled-water.jpg;simon-and-garfunkel-bridge-over-troubled-water.pdf;Bridge Over Troubled Water;25;D7f4c;Published;FALSE;;
pianote;Evanescence;Bring Me To Life;Fallen;Rock;6;150;evanescence-fallen.jpg;evanescence-bring-me-to-life.pdf;Bring Me To Life;25;g3w4c;Published;FALSE;;
pianote;Mr. Mister;Broken Wings;Welcome to the Real World;Pop/Rock;5;150;mr-mister-welcome-to-the-real-world.jpg;mr-mister-broken-wings.pdf;Broken Wings;25;66l4c;Published;FALSE;;
pianote;Colbie Caillat;Bubbly;Coco;Pop;5;150;colbie-caillat-coco.jpg;colbie-caillat-bubbly.pdf;Bubbly;25;VMl4c;Published;FALSE;;
pianote;The Foundations;Build Me Up Buttercup;Build Me Up Buttercup;Pop, Soul;5;150;the-foundations-build-me-up-buttercup.jpg;the-foundations-build-me-up-buttercup.pdf;Build Me Up Buttercup;25;F3w4c;Published;FALSE;;
pianote;Sarah McLachlan;Building A Mystery;Surfacing;Pop;5;150;sarah-mclachlan-surfacing.jpg;sarah-mclachlan-building-a-mystery.pdf;Building A Mystery;25;Kq44c;Published;FALSE;;
pianote;Billie Eilish;Bury A Friend;When We All Fall Asleep, Where Do We Go?;Pop;5;150;billie-eilish-when-we-all-fall-asleep-where-do-we-go.jpg;billie-eilish-bury-a-friend.pdf;Bury A Friend;25;g6l4c;Published;FALSE;;
pianote;The Mamas & The Papas;California Dreamin’;California Dreamin';Pop;5;150;the-mamas-and-the-papas-california-dreamin.jpg;the-mamas-and-the-papas-california-dreamin.pdf;California Dreamin’;25;t3w4c;Published;FALSE;;
pianote;Carly Rae Jepsen;Call Me Maybe;Kiss;Pop;5;150;carly-rae-jepsen-kiss.jpg;carly-rae-jepsen-call-me-maybe.pdf;Call Me Maybe;25;G3w4c;Published;FALSE;;
pianote;Train;Calling All Angels;My Private Nation;Pop/Rock;5;150;train-my-private-nation.jpg;train-calling-all-angels.pdf;Calling All Angels;25;pYz4c;Published;FALSE;;
pianote;Elton John;Can You Feel The Love Tonight;The Lion King (1994 soundtrack);Disney, Soundtrack, Pop;6;150;elton-john-the-lion-king-1994-soundtrack.jpg;elton-john-can-you-feel-the-love-tonight.pdf;Can You Feel The Love Tonight;25;M7f4c;Published;FALSE;;
pianote;Elvis Presley;Can’t Help Falling In Love;Blue Hawaii;Pop;6;150;elvis-presley-blue-hawaii.jpg;elvis-presley-cant-help-falling-in-love.pdf;Can’t Help Falling In Love;25;k7f4c;Published;FALSE;;
pianote;Joseph Vincent;Can’t Take My Eyes Off You;Can't Take My Eyes Off You - Single;Pop;5;150;joseph-vincent-cant-take-my-eyes-off-you-single.jpg;joseph-vincent-cant-take-my-eyes-off-you.pdf;Can’t Take My Eyes Off You;25;fMl4c;Published;FALSE;;
pianote;Elton John;Candle In The Wind;Goodbye Yellow Brick Road;Pop;6;150;elton-john-goodbye-yellow-brick-road.jpg;elton-john-candle-in-the-wind.pdf;Candle In The Wind;25;47f4c;Published;FALSE;;
pianote;Kelly Clarkson;Catch My Breath;Greatest Hits – Chapter One;Pop;6;150;kelly-clarkson-greatest-hits--chapter-one.jpg;kelly-clarkson-catch-my-breath.pdf;Catch My Breath;25;Nlz4c;Published;FALSE;;
pianote;Simon & Garfunkel;Cecilia;Bridge Over Troubled Water;Pop/Rock;5;150;simon-and-garfunkel-bridge-over-troubled-water.jpg;simon-and-garfunkel-cecilia.pdf;Cecilia;25;clz4c;Published;FALSE;;
pianote;Snow Patrol;Chasing Cars;Eyes Open;Rock;5;150;snow-patrol-eyes-open.jpg;snow-patrol-chasing-cars.pdf;Chasing Cars;25;63w4c;Published;FALSE;;
pianote;Sia;Cheap Thrills;This Is Acting;Pop;5;150;sia-this-is-acting.jpg;sia-cheap-thrills.pdf;Cheap Thrills;25;63w4c;Published;FALSE;;
pianote;Coldplay;Clocks;A Rush of Blood to the Head;Rock;6;150;coldplay-a-rush-of-blood-to-the-head.jpg;coldplay-clocks.pdf;Clocks;25;y7f4c;Published;FALSE;;
pianote;Ellie Goulding, Diplo, Swae Lee;Close To Me;Brightest Blue;EDM;5;150;ellie-goulding-diplo-swae-lee-brightest-blue.jpg;ellie-goulding-diplo-swae-lee-close-to-me.pdf;Close To Me;25;Vlz4c;Published;FALSE;;
pianote;The Chainsmokers, Halsey;Closer;Collage;Pop;4;150;the-chainsmokers-halsey-collage.jpg;the-chainsmokers-halsey-closer.pdf;Closer;25;Dlz4c;Published;FALSE;;
pianote;Howie Day;Collide;Stop All the World Now;Rock;5;150;howie-day-stop-all-the-world-now.jpg;howie-day-collide.pdf;Collide;25;56l4c;Published;FALSE;;
pianote;Norah Jones;Come Away With Me;Come Away With Me;Pop;6;150;norah-jones-come-away-with-me.jpg;norah-jones-come-away-with-me.pdf;Come Away With Me;25;w7f4c;Published;FALSE;;
pianote;Melissa Etheridge;Come To My Window;Yes I Am;Rock;5;150;melissa-etheridge-yes-i-am.jpg;melissa-etheridge-come-to-my-window.pdf;Come To My Window;25;Y5z4c;Published;FALSE;;
pianote;Avril Lavigne;Complicated;Let Go;Pop/Rock;5;150;avril-lavigne-let-go.jpg;avril-lavigne-complicated.pdf;Complicated;25;t6l4c;Published;FALSE;;
pianote;Bruno Mars;Count On Me;Doo-Wops & Hooligans;Pop;4;150;bruno-mars-doowops-and-hooligans.jpg;bruno-mars-count-on-me.pdf;Count On Me;25;F6l4c;Published;FALSE;;
pianote;Gnarls Barkley;Crazy;St. Elsewhere;Pop;4;150;gnarls-barkley-st-elsewhere.jpg;gnarls-barkley-crazy.pdf;Crazy;25;n6l4c;Published;FALSE;;
pianote;Radiohead;Creep;Pablo Honey;Rock;5;150;radiohead-pablo-honey.jpg;radiohead-creep.pdf;Creep;25;53w4c;Published;FALSE;;
pianote;Tommy James & The Shondells;Crimson And Clover;Crimson and Clover;Pop;5;150;tommy-james-and-the-shondells-crimson-and-clover.jpg;tommy-james-and-the-shondells-crimson-and-clover.pdf;Crimson And Clover;25;Q6l4c;Published;FALSE;;
pianote;Florida Georgia Line;Cruise;Here's to the Good Times;Country;5;150;florida-georgia-line-heres-to-the-good-times.jpg;florida-georgia-line-cruise.pdf;Cruise;25;-Sz4c;Published;FALSE;;
pianote;Justin Timberlake;Cry Me A River;Justified;R&B, Pop;4;150;justin-timberlake-justified.jpg;justin-timberlake-cry-me-a-river.pdf;Cry Me A River;25;r3w4c;Published;FALSE;;
pianote;Bruce Springsteen;Dancing In The Dark;Born in the USA;Rock;4;150;bruce-springsteen-born-in-the-usa.jpg;bruce-springsteen-dancing-in-the-dark.pdf;Dancing In The Dark;25;-6l4c;Published;FALSE;;
pianote;ABBA;Dancing Queen;Arrival;Disco, Pop;6;150;abba-arrival.jpg;abba-dancing-queen.pdf;Dancing Queen;25;xq44c;Published;FALSE;;
pianote;Sam Smith;Dancing With A Stranger;Love Goes;Disco, Pop, R&B;4;150;sam-smith-love-goes.jpg;sam-smith-dancing-with-a-stranger.pdf;Dancing With A Stranger;25;x6l4c;Published;FALSE;;
pianote;The Monkees;Daydream Believer;The Birds, The Bees & The Monkees;Pop;4;150;the-monkees-the-birds-the-bees-and-the-monkees.jpg;the-monkees-daydream-believer.pdf;Daydream Believer;25;QSz4c;Published;FALSE;;
pianote;Taylor Swift;Delicate;Reputation;Pop;5;150;taylor-swift-reputation.jpg;taylor-swift-delicate.pdf;Delicate;25;K6l4c;Published;FALSE;;
pianote;Eagles;Desperado;Desperado;Rock;4;150;eagles-desperado.jpg;eagles-desperado.pdf;Desperado;25;96l4c;Published;FALSE;;
pianote;Elton John;Don’t Let The Sun Go Down On Me;Caribou;Pop;7;200;elton-john-caribou.jpg;elton-john-dont-let-the-sun-go-down-on-me.pdf;Don’t Let The Sun Go Down On Me;25;Y7f4c;Published;FALSE;;
pianote;Oasis;Don’t Look Back In Anger;(What's the Story) Morning Glory?;Rock;5;150;oasis-whats-the-story-morning-glory.jpg;oasis-dont-look-back-in-anger.pdf;Don’t Look Back In Anger;25;Mlz4c;Published;FALSE;;
pianote;No Doubt;Don’t Speak;Tragic Kingdom;Rock;5;150;no-doubt-tragic-kingdom.jpg;no-doubt-dont-speak.pdf;Don’t Speak;25;klz4c;Published;FALSE;;
pianote;Rihanna;Don’t Stop The Music;Don't Stop the Music;Pop, Dance;5;150;rihanna-dont-stop-the-music.jpg;rihanna-dont-stop-the-music.pdf;Don’t Stop The Music;25;P6l4c;Published;FALSE;;
pianote;Bobby McFerrin;Don’t Worry Be Happy;Simple Pleasures;Reggae, Jazz;5;150;bobby-mcferrin-simple-pleasures.jpg;bobby-mcferrin-dont-worry-be-happy.pdf;Don’t Worry Be Happy;25;j6l4c;Published;FALSE;;
pianote;Ella Fitzgerald;Dream A Little Dream;Dream a Little Dream;Pop, Jazz;7;200;ella-fitzgerald-dream-a-little-dream.jpg;ella-fitzgerald-dream-a-little-dream.pdf;Dream A Little Dream;25;MMl4c;Published;FALSE;;
pianote;Train;Drops Of Jupiter (Tell Me);Drops of Jupiter;Pop;6;150;train-drops-of-jupiter.jpg;train-drops-of-jupiter-tell-me.pdf;Drops Of Jupiter (Tell Me);25;l7f4c;Published;FALSE;;
pianote;Kansas;Dust In The Wind;Point of Know Return;Rock;5;150;kansas-point-of-know-return.jpg;kansas-dust-in-the-wind.pdf;Dust In The Wind;25;L6l4c;Published;FALSE;;
pianote;Taio Cruz;Dynamite;Rokstarr;R&B, Pop;5;150;taio-cruz-rokstarr.jpg;taio-cruz-dynamite.pdf;Dynamite;25;n3w4c;Published;FALSE;;
pianote;Benny Blanco, Halsey, Khalid;Eastside;Friends Keep Secrets;Pop;3;100;benny-blanco-halsey-khalid-friends-keep-secrets.jpg;benny-blanco-halsey-khalid-eastside.pdf;Eastside;25;4lz4c;Published;FALSE;;
pianote;Alicia Keys;Empire State Of Mind;The Blueprint 3;R&B;5;150;alicia-keys-the-blueprint-3.jpg;alicia-keys-empire-state-of-mind.pdf;Empire State Of Mind;25;ylz4c;Published;FALSE;;
pianote;Diana Ross & Lionel Richie;Endless Love;Endless Love: Original Motion Picture Soundtrack;R&B;6;150;diana-ross-and-lionel-richie-endless-love-original-motion-picture-soundtrack.jpg;diana-ross-and-lionel-richie-endless-love.pdf;Endless Love;25;-q44c;Published;FALSE;;
pianote;The Bangles;Eternal Flame;Everything;Rock;5;150;the-bangles-everything.jpg;the-bangles-eternal-flame.pdf;Eternal Flame;25;Q3w4c;Published;FALSE;;
pianote;The Police;Every Breath You Take;Synchronicity;Rock;5;150;the-police-synchronicity.jpg;the-police-every-breath-you-take.pdf;Every Breath You Take;25;Qq44c;Published;FALSE;;
pianote;Survivor;Eye Of The Tiger;Eye of the Tiger;Rock;5;150;survivor-eye-of-the-tiger.jpg;survivor-eye-of-the-tiger.pdf;Eye Of The Tiger;25;wlz4c;Published;FALSE;;
pianote;P!nk;F**kin’ Perfect;Greatest Hits... So Far!!!;Pop/Rock;4;150;pink-greatest-hits-so-far.jpg;pink-fkin-perfect.pdf;F**kin’ Perfect;25;Ylz4c;Published;FALSE;;
pianote;Alan Walker;Faded;Different World;Pop;6;150;alan-walker-different-world.jpg;alan-walker-faded.pdf;Faded;25;llz4c;Published;FALSE;;
pianote;George Michael;Faith;Faith;Pop;5;150;george-michael-faith.jpg;george-michael-faith.pdf;Faith;25;nSz4c;Published;FALSE;;
pianote;Journey;Faithfully;Frontiers;Pop/Rock;7;200;journey-frontiers.jpg;journey-faithfully.pdf;Faithfully;25;z7f4c;Published;FALSE;;
pianote;Alicia Keys;Fallin’;Songs in A Minor;Soul, R&B;5;150;alicia-keys-songs-in-a-minor.jpg;alicia-keys-fallin.pdf;Fallin’;25;-3w4c;Published;FALSE;;
pianote;Tracy Chapman;Fast Car;Tracy Chapman;Rock;5;150;tracy-chapman-tracy-chapman.jpg;tracy-chapman-fast-car.pdf;Fast Car;25;x3w4c;Published;FALSE;;
pianote;Chantal Kreviazuk;Feels Like Home;Feels Like Home;Pop;5;150;chantal-kreviazuk-feels-like-home.jpg;chantal-kreviazuk-feels-like-home.pdf;Feels Like Home;25;kMl4c;Published;FALSE;;
pianote;Sting;Fields Of Gold;Ten Summoner's Tales;Pop/Rock;5;150;sting-ten-summoners-tales.jpg;sting-fields-of-gold.pdf;Fields Of Gold;25;27f4c;Published;FALSE;;
pianote;Rachel Platten;Fight Song;Fight Song;Pop/Rock;5;150;rachel-platten-fight-song.jpg;rachel-platten-fight-song.pdf;Fight Song;25;K3w4c;Published;FALSE;;
pianote;Katy Perry;Firework;Teenage Dream;Pop;5;150;katy-perry-teenage-dream.jpg;katy-perry-firework.pdf;Firework;25;nq44c;Published;FALSE;;
pianote;Coldplay;Fix You;X&Y;Pop/Rock;5;150;coldplay-xandy.jpg;coldplay-fix-you.pdf;Fix You;25;C7f4c;Published;FALSE;;
pianote;Jesse J;Flashlight;Pitch Perfect 2;Pop;5;150;jesse-j-pitch-perfect-2.jpg;jesse-j-flashlight.pdf;Flashlight;25;93w4c;Published;FALSE;;
pianote;Uncle Kracker;Follow Me;Double Wide;Country, Pop;5;150;uncle-kracker-double-wide.jpg;uncle-kracker-follow-me.pdf;Follow Me;25;FSz4c;Published;FALSE;;
pianote;Tom Petty And The Heartbreakers;Free Fallin’;Full Moon Fever;Pop/Rock;6;150;tom-petty-and-the-heartbreakers-full-moon-fever.jpg;tom-petty-and-the-heartbreakers-free-fallin.pdf;Free Fallin’;25;tSz4c;Published;FALSE;;
pianote;Justin Bieber & BloodPop;Friends;Friends - Single;Pop;4;150;justin-bieber-and-bloodpop-friends-single.jpg;justin-bieber-and-bloodpop-friends.pdf;Friends;25;5Sz4c;Published;FALSE;;
pianote;Marshmello & Anne-Marie;Friends;Speak Your Mind;EDM, Pop;5;150;marshmello-and-annemarie-speak-your-mind.jpg;marshmello-and-annemarie-friends.pdf;Friends;25;zlz4c;Published;FALSE;;
pianote;Bette Midler;From A Distance;Some People's Lives;Pop;5;150;bette-midler-some-peoples-lives.jpg;bette-midler-from-a-distance.pdf;From A Distance;25;Fq44c;Published;FALSE;;
pianote;Shania Twain;From This Moment On;Come On Over;Country, Pop;5;150;shania-twain-come-on-over.jpg;shania-twain-from-this-moment-on.pdf;From This Moment On;25;P3w4c;Published;FALSE;;
pianote;Maren Morris;Girl;Girl;Country, Pop;4;150;maren-morris-girl.jpg;maren-morris-girl.pdf;Girl;25;2lz4c;Published;FALSE;;
pianote;Little Big Town;Girl Crush;Pain Killer;Country;5;150;little-big-town-pain-killer.jpg;little-big-town-girl-crush.pdf;Girl Crush;25;Clz4c;Published;FALSE;;
pianote;Avril Lavigne;Girlfriend;The Best Damn Thing;Pop;5;150;avril-lavigne-the-best-damn-thing.jpg;avril-lavigne-girlfriend.pdf;Girlfriend;25;Rlz4c;Published;FALSE;;
pianote;Cyndi Lauper;Girls Just Want To Have Fun;She's So Unusual;Pop;5;150;cyndi-lauper-shes-so-unusual.jpg;cyndi-lauper-girls-just-want-to-have-fun.pdf;Girls Just Want To Have Fun;25;Z6l4c;Published;FALSE;;
pianote;Maroon 5;Girls Like You;Red Pill Blues;Pop, Pop/Rock;5;150;maroon-5-red-pill-blues.jpg;maroon-5-girls-like-you.pdf;Girls Like You;25;Xlz4c;Published;FALSE;;
pianote;Supertramp;Give A Little Bit;Even in the Quietest Moments...;Pop, Rock;5;150;supertramp-even-in-the-quietest-moments.jpg;supertramp-give-a-little-bit.pdf;Give A Little Bit;25;l5z4c;Published;FALSE;;
pianote;Tracy Chapman;Give Me One Reason;New Beginning;Rock;5;150;tracy-chapman-new-beginning.jpg;tracy-chapman-give-me-one-reason.pdf;Give Me One Reason;25;B6l4c;Published;FALSE;;
pianote;Blake Shelton;God Gave Me You;Red River Blue;Country;5;150;blake-shelton-red-river-blue.jpg;blake-shelton-god-gave-me-you.pdf;God Gave Me You;25;tq44c;Published;FALSE;;
pianote;Sarah McLachlan;Good Enough;Fumbling Towards Ecstasy;Pop;4;150;sarah-mclachlan-fumbling-towards-ecstasy.jpg;sarah-mclachlan-good-enough.pdf;Good Enough;25;z5z4c;Published;FALSE;;
pianote;Elton John;Goodbye Yellow Brick Road;Goodbye Yellow Brick Road;Pop;5;150;elton-john-goodbye-yellow-brick-road.jpg;elton-john-goodbye-yellow-brick-road.pdf;Goodbye Yellow Brick Road;25;R7f4c;Published;FALSE;;
pianote;Sara Bareilles;Gravity;Little Voice;Pop;5;150;sara-bareilles-little-voice.jpg;sara-bareilles-gravity.pdf;Gravity;25;j3w4c;Published;FALSE;;
pianote;Lorde;Green Light;Melodrama;Pop;4;150;lorde-melodrama.jpg;lorde-green-light.pdf;Green Light;25;25z4c;Published;FALSE;;
pianote;Bruno Mars;Grenade;Doo-Wops & Hooligans;Pop;5;150;bruno-mars-doowops-and-hooligans.jpg;bruno-mars-grenade.pdf;Grenade;25;4nw4c;Published;FALSE;;
pianote;Beyoncé;Halo;I Am... Sasha Fierce;Pop;6;150;beyonce-i-am-sasha-fierce.jpg;beyonce-halo.pdf;Halo;25;37f4c;Published;FALSE;;
pianote;Lifehouse;Hanging By A Moment;No Name Face;Rock;5;150;lifehouse-no-name-face.jpg;lifehouse-hanging-by-a-moment.pdf;Hanging By A Moment;25;C5z4c;Published;FALSE;;
pianote;Pharrell Williams;Happy;Despicable Me 2: Original Motion Picture Soundtrack;Soul;6;150;pharrell-williams-despicable-me-2-original-motion-picture-soundtrack.jpg;pharrell-williams-happy.pdf;Happy;25;5q44c;Published;FALSE;;
pianote;Chicago;Hard To Say I’m Sorry;Chicago 16;Rock;5;150;chicago-chicago-16.jpg;chicago-hard-to-say-im-sorry.pdf;Hard To Say I’m Sorry;25;knw4c;Published;FALSE;;
pianote;Camila Cabello;Havana;Camila;Pop, Latin;5;150;camila-cabello-camila.jpg;camila-cabello-havana.pdf;Havana;25;gq44c;Published;FALSE;;
pianote;Creedence Clearwater Revival;Have You Ever Seen The Rain;Pendulum;Pop/Rock;5;150;creedence-clearwater-revival-pendulum.jpg;creedence-clearwater-revival-have-you-ever-seen-the-rain.pdf;Have You Ever Seen The Rain;25;W6l4c;Published;FALSE;;
pianote;Nirvana;Heart-Shaped Box;In Utero;Rock;5;150;nirvana-in-utero.jpg;nirvana-heartshaped-box.pdf;Heart-Shaped Box;25;R5z4c;Published;FALSE;;
pianote;Bryan Adams;Heaven;Reckless;Rock;6;150;bryan-adams-reckless.jpg;bryan-adams-heaven.pdf;Heaven;25;gQw4c;Published;FALSE;;
pianote;Linkin Park;Heavy;One More Light;Pop, Pop/Rock;5;150;linkin-park-one-more-light.jpg;linkin-park-heavy.pdf;Heavy;25;35z4c;Published;FALSE;;
pianote;Adele;Hello;25;Pop;5;150;adele-25.jpg;adele-hello.pdf;Hello;25;X7f4c;Published;FALSE;;
pianote;Lionel Richie;Hello;Can't Slow Down;Pop, Rock;4;150;lionel-richie-cant-slow-down.jpg;lionel-richie-hello.pdf;Hello;25;3Pw4c;Published;FALSE;;
pianote;Eurythmics;Here Comes The Rain Again;Touch;Pop;4;150;eurythmics-touch.jpg;eurythmics-here-comes-the-rain-again.pdf;Here Comes The Rain Again;25;X5z4c;Published;FALSE;;
pianote;The Beatles;Here Comes The Sun;Abbey Road;Pop;6;150;the-beatles-abbey-road.jpg;the-beatles-here-comes-the-sun.pdf;Here Comes The Sun;25;6q44c;Published;FALSE;;
pianote;Dido;Here With Me;No Angel;Pop;5;150;dido-no-angel.jpg;dido-here-with-me.pdf;Here With Me;25;znw4c;Published;FALSE;;
pianote;3 Doors Down;Here Without You;The Better Life;Rock;5;150;3-doors-down-the-better-life.jpg;3-doors-down-here-without-you.pdf;Here Without You;25;q5z4c;Published;FALSE;;
pianote;Enrique Iglesias;Hero;Escape;Pop;5;150;enrique-iglesias-escape.jpg;enrique-iglesias-hero.pdf;Hero;25;W3w4c;Published;FALSE;;
pianote;Mariah Carey;Hero;Music Box;Pop;7;200;mariah-carey-music-box.jpg;mariah-carey-hero.pdf;Hero;25;B3w4c;Published;FALSE;;
pianote;Avicii;Hey Brother;TRUE;Pop;5;150;avicii-true.jpg;avicii-hey-brother.pdf;Hey Brother;25;XPw4c;Published;FALSE;;
pianote;The Beatles;Hey Jude;Hey Jude - Single;Pop/Rock;6;150;the-beatles-hey-jude-single.jpg;the-beatles-hey-jude.pdf;Hey Jude;25;q7f4c;Published;FALSE;;
pianote;Plain White T’s;Hey There Delilah;All That We Needed;Pop;6;150;plain-white-ts-all-that-we-needed.jpg;plain-white-ts-hey-there-delilah.pdf;Hey There Delilah;25;H5z4c;Published;FALSE;;
pianote;Train;Hey, Soul Sister;Save Me, San Francisco;Pop/Rock;5;150;train-save-me-san-francisco.jpg;train-hey-soul-sister.pdf;Hey, Soul Sister;25;gSz4c;Published;FALSE;;
pianote;Steve Winwood;Higher Love;Back in the High Life;Rock;5;150;steve-winwood-back-in-the-high-life.jpg;steve-winwood-higher-love.pdf;Higher Love;25;Fb24c;Published;FALSE;;
pianote;The Lumineers;Ho Hey;The Lumineers;Folk, Rock;5;150;the-lumineers-the-lumineers.jpg;the-lumineers-ho-hey.pdf;Ho Hey;25;tb24c;Published;FALSE;;
pianote;Mötley Crüe;Home Sweet Home;Theatre of Pain;Rock;5;150;motley-crue-theatre-of-pain.jpg;motley-crue-home-sweet-home.pdf;Home Sweet Home;25;3Wz4c;Published;FALSE;;
pianote;Katy Perry;Hot N Cold;One of the Boys;Pop;5;150;katy-perry-one-of-the-boys.jpg;katy-perry-hot-n-cold.pdf;Hot N Cold;25;XWz4c;Published;FALSE;;
pianote;Eagles;Hotel California;Hotel California;Rock;5;150;eagles-hotel-california.jpg;eagles-hotel-california.pdf;Hotel California;25;lnw4c;Published;FALSE;;
pianote;Twenty One Pilots;House Of Gold;Regional at Best;Folk;4;150;twenty-one-pilots-regional-at-best.jpg;twenty-one-pilots-house-of-gold.pdf;House Of Gold;25;qWz4c;Published;FALSE;;
pianote;LeAnn Rimes;How Do I Live;You Light Up My Life: Inspirational Songs;Pop;5;150;leann-rimes-you-light-up-my-life-inspirational-songs.jpg;leann-rimes-how-do-i-live.pdf;How Do I Live;25;qPw4c;Published;FALSE;;
pianote;The Fray;How To Save A Life;How To Save A Life;Pop/Rock;4;150;the-fray-how-to-save-a-life.jpg;the-fray-how-to-save-a-life.pdf;How To Save A Life;25;HPw4c;Published;FALSE;;
pianote;Johnny Cash;Hurt;American IV: The Man Comes Around;Rock, Country;5;150;johnny-cash-american-iv-the-man-comes-around.jpg;johnny-cash-hurt.pdf;Hurt;25;Mnw4c;Published;FALSE;;
pianote;Matt Redman;10,000 Reasons (Bless The Lord);Spirit & Song: Disc M;Praise and Worship;4;150;matt-redman-spirit-and-song-disc-m.jpg;matt-redman-10000-reasons-bless-the-lord.pdf;10,000 Reasons (Bless The Lord);25;76l4c;Published;FALSE;;
pianote;R. Kelly;I Believe I Can Fly;I Believe I Can Fly;R&B;4;150;r-kelly-i-believe-i-can-fly.jpg;r-kelly-i-believe-i-can-fly.pdf;I Believe I Can Fly;25;Vnw4c;Published;FALSE;;
pianote;Johnny Nash;I Can See Clearly Now;Cool Runnings;Reggae, Soul, R&B;5;150;johnny-nash-cool-runnings.jpg;johnny-nash-i-can-see-clearly-now.pdf;I Can See Clearly Now;25;HWz4c;Published;FALSE;;
pianote;Bonnie Raitt;I Can’t Make You Love Me;Luck of the Draw;Pop;5;150;bonnie-raitt-luck-of-the-draw.jpg;bonnie-raitt-i-cant-make-you-love-me.pdf;I Can’t Make You Love Me;25;cnw4c;Published;FALSE;;
pianote;ZAYN & Taylor Swift;I Don’t Wanna Live Forever;Fifty Shades Darker: Original Motion Picture Soundtrack;Pop, Soundtrack;4;150;zayn-and-taylor-swift-fifty-shades-darker-original-motion-picture-soundtrack.jpg;zayn-and-taylor-swift-i-dont-wanna-live-forever.pdf;I Don’t Wanna Live Forever;25;T5z4c;Published;FALSE;;
pianote;Aerosmith;I Don’t Want To Miss A Thing;I Don't Wanna Miss A Thing;Rock, Pop/Rock;4;150;aerosmith-i-dont-wanna-miss-a-thing.jpg;aerosmith-i-dont-want-to-miss-a-thing.pdf;I Don’t Want To Miss A Thing;25;Nnw4c;Published;FALSE;;
pianote;Patsy Cline;I Fall To Pieces;Patsy Cline Showcase;Country;4;150;patsy-cline-patsy-cline-showcase.jpg;patsy-cline-i-fall-to-pieces.pdf;I Fall To Pieces;25;J5z4c;Published;FALSE;;
pianote;Hank Williams;I Saw The Light;I Saw The Light;Country;4;150;hank-williams-i-saw-the-light.jpg;hank-williams-i-saw-the-light.pdf;I Saw The Light;25;b5z4c;Published;FALSE;;
pianote;Aretha Franklin;I Say A Little Prayer;Aretha Now;Soul, Pop;5;150;aretha-franklin-aretha-now.jpg;aretha-franklin-i-say-a-little-prayer.pdf;I Say A Little Prayer;25;4Ml4c;Published;FALSE;;
pianote;U2;I Still Haven’t Found What I’m Looking For;The Joshua Tree;Rock;6;150;u2-the-joshua-tree.jpg;u2-i-still-havent-found-what-im-looking-for.pdf;I Still Haven’t Found What I’m Looking For;25;s5z4c;Published;FALSE;;
pianote;All-4-One;I Swear;All-4-One;R&B, Pop;5;150;all4one-all4one.jpg;all4one-i-swear.pdf;I Swear;25;pQw4c;Published;FALSE;;
pianote;Tommy James & The Shondells;I Think We’re Alone Now;I Think We're Alone Now;Pop/Rock, Pop;3;100;tommy-james-and-the-shondells-i-think-were-alone-now.jpg;tommy-james-and-the-shondells-i-think-were-alone-now.pdf;I Think We’re Alone Now;25;15z4c;Published;FALSE;;
pianote;Backstreet Boys;I Want It That Way;Milennium;Pop;5;150;backstreet-boys-milennium.jpg;backstreet-boys-i-want-it-that-way.pdf;I Want It That Way;25;85z4c;Published;FALSE;;
pianote;Whitney Houston;I Will Always Love You;The Bodyguard Soundtrack;Soundtrack, R&B, Soul, Pop;5;150;whitney-houston-the-bodyguard-soundtrack.jpg;whitney-houston-i-will-always-love-you.pdf;I Will Always Love You;25;vt44c;Published;FALSE;;
pianote;Tom Petty And The Heartbreakers;I Won’t Back Down;Full Moon Fever;Rock;4;150;tom-petty-and-the-heartbreakers-full-moon-fever.jpg;tom-petty-and-the-heartbreakers-i-wont-back-down.pdf;I Won’t Back Down;25;5b24c;Published;FALSE;;
pianote;Jason Mraz;I Won’t Give Up;Love Is a Four Letter Word;Pop;5;150;jason-mraz-love-is-a-four-letter-word.jpg;jason-mraz-i-wont-give-up.pdf;I Won’t Give Up;25;6Sz4c;Published;FALSE;;
pianote;Edwin McCain;I’ll Be;Misguided Roses;Rock;4;150;edwin-mccain-misguided-roses.jpg;edwin-mccain-ill-be.pdf;I’ll Be;25;d5z4c;Published;FALSE;;
pianote;Mariah Carey;I’ll Be There;Take Me Away;Pop;5;150;mariah-carey-take-me-away.jpg;mariah-carey-ill-be-there.pdf;I’ll Be There;25;75z4c;Published;FALSE;;
pianote;The Rembrandts;I’ll Be There For You;L.P.;Pop, Rock;4;150;the-rembrandts-lp.jpg;the-rembrandts-ill-be-there-for-you.pdf;I’ll Be There For You;25;W5z4c;Published;FALSE;;
pianote;The Monkees;I’m A Believer;More Of The Monkees;Pop, Rock;5;150;the-monkees-more-of-the-monkees.jpg;the-monkees-im-a-believer.pdf;I’m A Believer;25;B5z4c;Published;FALSE;;
pianote;Lonestar;I’m Already There;I'm Already There;Country;4;150;lonestar-im-already-there.jpg;lonestar-im-already-there.pdf;I’m Already There;25;GSz4c;Published;FALSE;;
pianote;Avril Lavigne;I’m With You;Let Go;Rock;4;150;avril-lavigne-let-go.jpg;avril-lavigne-im-with-you.pdf;I’m With You;25;rSz4c;Published;FALSE;;
pianote;Jason Mraz;I’m Yours;We Sing. We Dance. We Steal Things.;Reggae, Pop;5;150;jason-mraz-we-sing-we-dance-we-steal-things.jpg;jason-mraz-im-yours.pdf;I’m Yours;25;hSz4c;Published;FALSE;;
pianote;Sarah McLachlan;Ice Cream;Fumbling Towards Ecstasy;Pop, Rock;4;150;sarah-mclachlan-fumbling-towards-ecstasy.jpg;sarah-mclachlan-ice-cream.pdf;Ice Cream;25;mSz4c;Published;FALSE;;
pianote;Beyoncé;If I Were A Boy;I Am... Sasha Fierce;Pop, R&B;5;150;beyonce-i-am-sasha-fierce.jpg;beyonce-if-i-were-a-boy.pdf;If I Were A Boy;25;vSz4c;Published;FALSE;;
pianote;Gordon Lightfoot;If You Could Read My Mind;Sit Down Young Stranger;Rock;5;150;gordon-lightfoot-sit-down-young-stranger.jpg;gordon-lightfoot-if-you-could-read-my-mind.pdf;If You Could Read My Mind;25;gb24c;Published;FALSE;;
pianote;Jennifer Lopez;If You Had My Love;On the 6;Pop, R&B;5;150;jennifer-lopez-on-the-6.jpg;jennifer-lopez-if-you-had-my-love.pdf;If You Had My Love;25;6b24c;Published;FALSE;;
pianote;Shawn Mendes;In My Blood;Shawn Mendes;Pop/Rock;4;150;shawn-mendes-shawn-mendes.jpg;shawn-mendes-in-my-blood.pdf;In My Blood;25;Gb24c;Published;FALSE;;
pianote;Jann Arden;Insensitive;Living Under June;Rock;4;150;jann-arden-living-under-june.jpg;jann-arden-insensitive.pdf;Insensitive;25;rb24c;Published;FALSE;;
pianote;Van Morrison;Into The Mystic;Moondance;Blues, R&B;4;150;van-morrison-moondance.jpg;van-morrison-into-the-mystic.pdf;Into The Mystic;25;SQw4c;Published;FALSE;;
pianote;Goo Goo Dolls;Iris;City of Angels: Music from the Motion Picture;Rock;4;150;goo-goo-dolls-city-of-angels-music-from-the-motion-picture.jpg;goo-goo-dolls-iris.pdf;Iris;25;hb24c;Published;FALSE;;
pianote;Alanis Morissette;Ironic;Jagged Little Pill;Rock;5;150;alanis-morissette-jagged-little-pill.jpg;alanis-morissette-ironic.pdf;Ironic;25;mt44c;Published;FALSE;;
pianote;Beyoncé;Irreplaceable;B'Day;Pop, R&B;4;150;beyonce-bday.jpg;beyonce-irreplaceable.pdf;Irreplaceable;25;Ynw4c;Published;FALSE;;
pianote;John Mellencamp;Jack And Diane;American Fool;Rock;4;150;john-mellencamp-american-fool.jpg;john-mellencamp-jack-and-diane.pdf;Jack And Diane;25;mb24c;Published;FALSE;;
pianote;Christina Perri;Jar Of Hearts;Lovestrong;Pop;5;150;christina-perri-lovestrong.jpg;christina-perri-jar-of-hearts.pdf;Jar Of Hearts;25;vQw4c;Published;FALSE;;
pianote;Carrie Underwood;Jesus, Take The Wheel;Some Hearts;Country;4;150;carrie-underwood-some-hearts.jpg;carrie-underwood-jesus-take-the-wheel.pdf;Jesus, Take The Wheel;25;vb24c;Published;FALSE;;
pianote;Michael Bublé (feat. The Puppini Sisters);Jingle Bells;Christmas;Christmas;5;150;michael-buble-feat-the-puppini-sisters-christmas.jpg;michael-buble-feat-the-puppini-sisters-jingle-bells.pdf;Jingle Bells;25;ht44c;Published;FALSE;;
pianote;Dolly Parton;Jolene;Jolene;Country;5;150;dolly-parton-jolene.jpg;dolly-parton-jolene.pdf;Jolene;25;mQw4c;Published;FALSE;;
pianote;Holiday;Joy To The World;;Christmas;5;150;holiday-.jpg;holiday-joy-to-the-world.pdf;Joy To The World;25;Sb24c;Published;FALSE;;
pianote;Nelly;Just A Dream;5;R&B, Pop;5;150;nelly-50.jpg;nelly-just-a-dream.pdf;Just A Dream;25;pb24c;Published;FALSE;;
pianote;P!nk;Just Give Me A Reason;The Truth About Love;Pop;5;150;pink-the-truth-about-love.jpg;pink-just-give-me-a-reason.pdf;Just Give Me A Reason;25;dcY4c;Published;FALSE;;
pianote;Bruno Mars;Just The Way You Are;Doo-Wops & Hooligans;Pop;5;150;bruno-mars-doowops-and-hooligans.jpg;bruno-mars-just-the-way-you-are.pdf;Just The Way You Are;25;7cY4c;Published;FALSE;;
pianote;Avril Lavigne;Keep Holding On;The Best Damn Thing;Pop;4;150;avril-lavigne-the-best-damn-thing.jpg;avril-lavigne-keep-holding-on.pdf;Keep Holding On;25;WcY4c;Published;FALSE;;
pianote;Roberta Flack;Killing Me Softly;Killing Me Softly;R&B;5;150;roberta-flack-killing-me-softly.jpg;roberta-flack-killing-me-softly.pdf;Killing Me Softly;25;BcY4c;Published;FALSE;;
pianote;Seal;Kiss From A Rose;Seal;Rock, Soul;5;150;seal-seal.jpg;seal-kiss-from-a-rose.pdf;Kiss From A Rose;25;ZcY4c;Published;FALSE;;
pianote;Sixpence None The Richer;Kiss Me;Sixpence None The Richer;Pop, Rock;5;150;sixpence-none-the-richer-sixpence-none-the-richer.jpg;sixpence-none-the-richer-kiss-me.pdf;Kiss Me;25;Ns24c;Published;FALSE;;
pianote;Bob Dylan;Knockin’ On Heaven’s Door;Pat Garrett & Billy the Kid;Rock, Folk;4;150;bob-dylan-pat-garrett-and-billy-the-kid.jpg;bob-dylan-knockin-on-heavens-door.pdf;Knockin’ On Heaven’s Door;25;cs24c;Published;FALSE;;
pianote;Fleetwood Mac;Landslide;Fleetwood Mac;Rock;4;150;fleetwood-mac-fleetwood-mac.jpg;fleetwood-mac-landslide.pdf;Landslide;25;Vs24c;Published;FALSE;;
pianote;Katy Perry;Last Friday Night (T.G.I.F.);Teenage Dream;Pop;5;150;katy-perry-teenage-dream.jpg;katy-perry-last-friday-night-tgif.pdf;Last Friday Night (T.G.I.F.);25;fs24c;Published;FALSE;;
pianote;Bob Dylan;Lay, Lady, Lay;Nashville Skyline;Country, Rock;4;150;bob-dylan-nashville-skyline.jpg;bob-dylan-lay-lady-lay.pdf;Lay, Lady, Lay;25;Ds24c;Published;FALSE;;
pianote;John Denver;Leaving On A Jet Plane;John Denver Sings;Folk;5;150;john-denver-john-denver-sings.jpg;john-denver-leaving-on-a-jet-plane.pdf;Leaving On A Jet Plane;25;Ms24c;Published;FALSE;;
pianote;Passenger;Let Her Go;All the Little Lights;Folk;6;150;passenger-all-the-little-lights.jpg;passenger-let-her-go.pdf;Let Her Go;25;H7f4c;Published;FALSE;;
pianote;The Beatles;Let It Be;Let It Be;Pop;6;150;the-beatles-let-it-be.jpg;the-beatles-let-it-be.pdf;Let It Be;25;T7f4c;Published;FALSE;;
pianote;Holiday;Let It Snow;;Christmas;5;150;holiday-.jpg;holiday-let-it-snow.pdf;Let It Snow;25;rt44c;Published;FALSE;;
pianote;Hailee Steinfeld & Alesso;Let Me Go;Let Me Go;Pop;5;150;hailee-steinfeld-and-alesso-let-me-go.jpg;hailee-steinfeld-and-alesso-let-me-go.pdf;Let Me Go;25;ks24c;Published;FALSE;;
pianote;Ellie Goulding;Lights;Lights;Pop;5;150;ellie-goulding-lights.jpg;ellie-goulding-lights.pdf;Lights;25;LcY4c;Published;FALSE;;
pianote;Ruth B.;Lost Boy;Lost Boy;Pop;3;100;ruth-b-lost-boy.jpg;ruth-b-lost-boy.pdf;Lost Boy;25;jcY4c;Published;FALSE;;
pianote;Ellie Goulding;Love Me Like You Do;Fifty Shades of Grey Soundtrack;Soundtrack, Pop;5;150;ellie-goulding-fifty-shades-of-grey-soundtrack.jpg;ellie-goulding-love-me-like-you-do.pdf;Love Me Like You Do;25;qqY4c;Published;FALSE;;
pianote;Sara Bareilles;Love Song;Little Voice;Pop;5;150;sara-bareilles-little-voice.jpg;sara-bareilles-love-song.pdf;Love Song;25;J7f4c;Published;FALSE;;
pianote;Taylor Swift;Love Story;Fearless;Pop;5;150;taylor-swift-fearless.jpg;taylor-swift-love-story.pdf;Love Story;25;b7f4c;Published;FALSE;;
pianote;Tears For Fears;Mad World;The Hurting;Pop;5;150;tears-for-fears-the-hurting.jpg;tears-for-fears-mad-world.pdf;Mad World;25;HqY4c;Published;FALSE;;
pianote;Adele;Make You Feel My Love;19;Pop;6;150;adele-19.jpg;adele-make-you-feel-my-love.pdf;Make You Feel My Love;25;TqY4c;Published;FALSE;;
pianote;Waylon Jennings;Mammas Don’t Let Your Babies Grow Up to Be Cowboys;Waylon & Willie;Country;4;150;waylon-jennings-waylon-and-willie.jpg;waylon-jennings-mammas-dont-let-your-babies-grow-up-to-be-cowboys.pdf;Mammas Don’t Let Your Babies Grow Up to Be Cowboys;25;Z5z4c;Published;FALSE;;
pianote;The Bangles;Manic Monday;Different Light;Pop/Rock;4;150;the-bangles-different-light.jpg;the-bangles-manic-monday.pdf;Manic Monday;25;L5z4c;Published;FALSE;;
pianote;Thomas Rhett;Marry Me;Life Changes;Country;4;150;thomas-rhett-life-changes.jpg;thomas-rhett-marry-me.pdf;Marry Me;25;j5z4c;Published;FALSE;;
pianote;Enya;May It Be;The Lord of the Rings: The Fellowship of the Ring (soundtrack);Soundtrack, New Age;3;100;enya-the-lord-of-the-rings-the-fellowship-of-the-ring-soundtrack.jpg;enya-may-it-be.pdf;May It Be;25;P5z4c;Published;FALSE;;
pianote;Taylor Swift;Mean;Speak Now;Country;4;150;taylor-swift-speak-now.jpg;taylor-swift-mean.pdf;Mean;25;Gt44c;Published;FALSE;;
pianote;Bebe Rexha;Meant To Be;All Your Fault: Pt 2;Country;4;150;bebe-rexha-all-your-fault-pt-2.jpg;bebe-rexha-meant-to-be.pdf;Meant To Be;25;SSz4c;Published;FALSE;;
pianote;Brett Young;Mercy;Brett Young;Country;4;150;brett-young-brett-young.jpg;brett-young-mercy.pdf;Mercy;25;pSz4c;Published;FALSE;;
pianote;Duffy;Mercy;Rockferry;Soul;5;150;duffy-rockferry.jpg;duffy-mercy.pdf;Mercy;25;JqY4c;Published;FALSE;;
pianote;Shawn Mendes;Mercy;Illuminate;Rock, Pop;4;150;shawn-mendes-illuminate.jpg;shawn-mendes-mercy.pdf;Mercy;25;Npz4c;Published;FALSE;;
pianote;Vance Joy;Mess Is Mine;Dream Your Life Away;Pop;5;150;vance-joy-dream-your-life-away.jpg;vance-joy-mess-is-mine.pdf;Mess Is Mine;25;Vpz4c;Published;FALSE;;
pianote;Hillsong Worship;Mighty To Save;Mighty to Save;Praise and Worship;4;150;hillsong-worship-mighty-to-save.jpg;hillsong-worship-mighty-to-save.pdf;Mighty To Save;25;fpz4c;Published;FALSE;;
pianote;The Killers;Mr. Brightside;Hot Fuss;Rock;4;150;the-killers-hot-fuss.jpg;the-killers-mr-brightside.pdf;Mr. Brightside;25;Dpz4c;Published;FALSE;;
pianote;Mariah Carey;My All;Butterfly;Pop, R&B;4;150;mariah-carey-butterfly.jpg;mariah-carey-my-all.pdf;My All;25;bqY4c;Published;FALSE;;
pianote;Avril Lavigne;My Happy Ending;Under My Skin;Rock;5;150;avril-lavigne-under-my-skin.jpg;avril-lavigne-my-happy-ending.pdf;My Happy Ending;25;d6l4c;Published;FALSE;;
pianote;Evanescence;My Immortal;Fallen;Pop;5;150;evanescence-fallen.jpg;evanescence-my-immortal.pdf;My Immortal;25;PcY4c;Published;FALSE;;
pianote;Lady Antebellum;Need You Now;Need You To Know;Country;5;150;lady-antebellum-need-you-to-know.jpg;lady-antebellum-need-you-now.pdf;Need You Now;25;9cY4c;Published;FALSE;;
pianote;Shawn Mendes;Never Be Alone;Handwritten;Pop;4;150;shawn-mendes-handwritten.jpg;shawn-mendes-never-be-alone.pdf;Never Be Alone;25;Mpz4c;Published;FALSE;;
pianote;Dua Lipa;New Rules;Dua Lipa;Pop;5;150;dua-lipa-dua-lipa.jpg;dua-lipa-new-rules.pdf;New Rules;25;4s24c;Published;FALSE;;
pianote;Alicia Keys;No One;As I Am;R&B, Pop;5;150;alicia-keys-as-i-am.jpg;alicia-keys-no-one.pdf;No One;25;KcY4c;Published;FALSE;;
pianote;Cheat Codes (feat. Demi Lovato);No Promises;Good Morning;EDM, Pop;5;150;cheat-codes-feat-demi-lovato-good-morning.jpg;cheat-codes-feat-demi-lovato-no-promises.pdf;No Promises;25;ys24c;Published;FALSE;;
pianote;TLC;No Scrubs;FanMail;R&B;4;150;tlc-fanmail.jpg;tlc-no-scrubs.pdf;No Scrubs;25;ws24c;Published;FALSE;;
pianote;Ariana Grande;No Tears Left To Cry;Sweetener;Pop;4;150;ariana-grande-sweetener.jpg;ariana-grande-no-tears-left-to-cry.pdf;No Tears Left To Cry;25;Ys24c;Published;FALSE;;
pianote;Gavin DeGraw;Not Over You;Sweeter;Pop/Rock, Pop;5;150;gavin-degraw-sweeter.jpg;gavin-degraw-not-over-you.pdf;Not Over You;25;6t44c;Published;FALSE;;
pianote;Sam Smith;Not The Only One;In the Lonely Hour;Soul, Pop;5;150;sam-smith-in-the-lonely-hour.jpg;sam-smith-not-the-only-one.pdf;Not The Only One;25;sqY4c;Published;FALSE;;
pianote;Sinéad O’Connor;Nothing Compares 2 U;Year of the Horse;Pop;5;150;sinead-oconnor-year-of-the-horse.jpg;sinead-oconnor-nothing-compares-2-u.pdf;Nothing Compares 2 U;25;8qY4c;Published;FALSE;;
pianote;Metallica;Nothing Else Matters;Metallica;Rock;7;200;metallica-metallica.jpg;metallica-nothing-else-matters.pdf;Nothing Else Matters;25;95z4c;Published;FALSE;;
pianote;Perry Como;O Holy Night;Greatest Christmas Songs;Christmas;4;150;perry-como-greatest-christmas-songs.jpg;perry-como-o-holy-night.pdf;O Holy Night;25;gt44c;Published;FALSE;;
pianote;Billie Eilish;Ocean Eyes;Don't Smile At Me;Pop;4;150;billie-eilish-dont-smile-at-me.jpg;billie-eilish-ocean-eyes.pdf;Ocean Eyes;25;ls24c;Published;FALSE;;
pianote;Edwin Hawkins Singers;Oh Happy Day;Oh Happy Day;Gospel;5;150;edwin-hawkins-singers-oh-happy-day.jpg;edwin-hawkins-singers-oh-happy-day.pdf;Oh Happy Day;25;S-24c;Published;FALSE;;
pianote;Willie Nelson;On The Road Again;Honeysuckle Rose;Country, Rock;4;150;willie-nelson-honeysuckle-rose.jpg;willie-nelson-on-the-road-again.pdf;On The Road Again;25;p-24c;Published;FALSE;;
pianote;U2;One;Achtung Baby;Rock;5;150;u2-achtung-baby.jpg;u2-one.pdf;One;25;NQ24c;Published;FALSE;;
pianote;The Wallflowers;One Headlight;Bringing Down the House;Rock;5;150;the-wallflowers-bringing-down-the-house.jpg;the-wallflowers-one-headlight.pdf;One Headlight;25;cQ24c;Published;FALSE;;
pianote;Linkin Park;One More Light;One More Light;Pop, Pop/Rock;5;150;linkin-park-one-more-light.jpg;linkin-park-one-more-light.pdf;One More Light;25;VQ24c;Published;FALSE;;
pianote;Hootie & The Blowfish;Only Wanna Be With You;Cracked Rearview Mirror;Rock;5;150;hootie-and-the-blowfish-cracked-rearview-mirror.jpg;hootie-and-the-blowfish-only-wanna-be-with-you.pdf;Only Wanna Be With You;25;fQ24c;Published;FALSE;;
pianote;Journey;Open Arms;Escape;Classic Rock;5;150;journey-escape.jpg;journey-open-arms.pdf;Open Arms;25;DQ24c;Published;FALSE;;
pianote;The Lumineers;Ophelia;Cleopatra;Folk, Rock;5;150;the-lumineers-cleopatra.jpg;the-lumineers-ophelia.pdf;Ophelia;25;MQ24c;Published;FALSE;;
pianote;Taylor Swift;Our Song;Taylor Swift;Country, Pop;4;150;taylor-swift-taylor-swift.jpg;taylor-swift-our-song.pdf;Our Song;25;2m44c;Published;FALSE;;
pianote;The Fray;Over My Head (Cable Car);Stealth;Pop/Rock;4;150;the-fray-stealth.jpg;the-fray-over-my-head-cable-car.pdf;Over My Head (Cable Car);25;kQ24c;Published;FALSE;;
pianote;Lady Gaga;Paparazzi;The Fame;Pop;4;150;lady-gaga-the-fame.jpg;lady-gaga-paparazzi.pdf;Paparazzi;25;dqY4c;Published;FALSE;;
pianote;The Chainsmokers;Paris;Memories...Do Not Open;EDM, Pop;4;150;the-chainsmokers-memoriesdo-not-open.jpg;the-chainsmokers-paris.pdf;Paris;25;4Q24c;Published;FALSE;;
pianote;Miley Cyrus;Party In The U.S.A.;Pop It Rock It 2: It's On;Pop;4;150;miley-cyrus-pop-it-rock-it-2-its-on.jpg;miley-cyrus-party-in-the-usa.pdf;Party In The U.S.A.;25;yQ24c;Published;FALSE;;
pianote;The Beatles;Penny Lane;Penny Lane;Pop;5;150;the-beatles-penny-lane.jpg;the-beatles-penny-lane.pdf;Penny Lane;25;Cm44c;Published;FALSE;;
pianote;Ed Sheeran;Perfect;÷;Pop;5;150;ed-sheeran-divide.jpg;ed-sheeran-perfect.pdf;Perfect;25;s7f4c;Published;FALSE;;
pianote;Ed Sheeran;Photograph;X;Pop;4;150;ed-sheeran-x.jpg;ed-sheeran-photograph.pdf;Photograph;25;Rm44c;Published;FALSE;;
pianote;Lady Gaga;Poker Face;The Fame;Pop;5;150;lady-gaga-the-fame.jpg;lady-gaga-poker-face.pdf;Poker Face;25;7qY4c;Published;FALSE;;
pianote;Bastille;Pompeii;Bad Blood;Rock;5;150;bastille-bad-blood.jpg;bastille-pompeii.pdf;Pompeii;25;WqY4c;Published;FALSE;;
pianote;Amy Winehouse;Rehab;Back to Black;Soul;5;150;amy-winehouse-back-to-black.jpg;amy-winehouse-rehab.pdf;Rehab;25;3m44c;Published;FALSE;;
pianote;Adele;Remedy;25;Pop;5;150;adele-25.jpg;adele-remedy.pdf;Remedy;25;Xm44c;Published;FALSE;;
pianote;Aretha Franklin;Respect;I Never Loved a Man the Way I Love You;Soul;5;150;aretha-franklin-i-never-loved-a-man-the-way-i-love-you.jpg;aretha-franklin-respect.pdf;Respect;25;qm44c;Published;FALSE;;
pianote;Richard Marx;Right Here Waiting;Repeat Offender;Pop;4;150;richard-marx-repeat-offender.jpg;richard-marx-right-here-waiting.pdf;Right Here Waiting;25;fqY4c;Published;FALSE;;
pianote;Vance Joy;Riptide;Dream Your Life Away;Pop;4;150;vance-joy-dream-your-life-away.jpg;vance-joy-riptide.pdf;Riptide;25;DqY4c;Published;FALSE;;
pianote;Andra Day;Rise Up;Cheers to the Fall;R&B, Soul;4;150;andra-day-cheers-to-the-fall.jpg;andra-day-rise-up.pdf;Rise Up;25;MqY4c;Published;FALSE;;
pianote;Joni Mitchell;River;Blue;Folk;5;150;joni-mitchell-blue.jpg;joni-mitchell-river.pdf;River;25;yMl4c;Published;FALSE;;
pianote;Katy Perry;Roar;Prism;Pop;5;150;katy-perry-prism.jpg;katy-perry-roar.pdf;Roar;25;wMl4c;Published;FALSE;;
pianote;Elton John;Rocket Man;Honky Château;Rock, Pop;5;150;elton-john-honky-chateau.jpg;elton-john-rocket-man.pdf;Rocket Man;25;Tm44c;Published;FALSE;;
pianote;Neil Young;Rockin’ In The Free World;Freedom;Rock;4;150;neil-young-freedom.jpg;neil-young-rockin-in-the-free-world.pdf;Rockin’ In The Free World;25;wQ24c;Published;FALSE;;
pianote;Adele;Rolling In The Deep;21;Soul;7;200;adele-21.jpg;adele-rolling-in-the-deep.pdf;Rolling In The Deep;25;17f4c;Published;FALSE;;
pianote;Lorde;Royals;Pure Heroine;Pop;5;150;lorde-pure-heroine.jpg;lorde-royals.pdf;Royals;25;y1y4c;Published;FALSE;;
pianote;Blake Shelton;Sangria;Bringing Back the Sunshine;Country;5;150;blake-shelton-bringing-back-the-sunshine.jpg;blake-shelton-sangria.pdf;Sangria;25;YQ24c;Published;FALSE;;
pianote;Eagle-Eye Cherry;Save Tonight;Desireless;Rock;6;150;eagleeye-cherry-desireless.jpg;eagleeye-cherry-save-tonight.pdf;Save Tonight;25;YMl4c;Published;FALSE;;
pianote;A Great Big World;Say Something;Is There Anybody Out There?;Pop;5;150;a-great-big-world-is-there-anybody-out-there.jpg;a-great-big-world-say-something.pdf;Say Something;25;41y4c;Published;FALSE;;
pianote;James Arthur;Say You Won’t Let Go;Back From the Edge;Pop;5;150;james-arthur-back-from-the-edge.jpg;james-arthur-say-you-wont-let-go.pdf;Say You Won’t Let Go;25;lMl4c;Published;FALSE;;
pianote;Alessia Cara;Scars To Your Beautiful;Know-It-All;Pop;4;150;alessia-cara-knowitall.jpg;alessia-cara-scars-to-your-beautiful.pdf;Scars To Your Beautiful;25;lQ24c;Published;FALSE;;
pianote;Wiz Khalifa;See You Again;Most Wanted, Vol. 2;Hip Hop, Pop;5;150;wiz-khalifa-most-wanted-vol-2.jpg;wiz-khalifa-see-you-again.pdf;See You Again;25;wnw4c;Published;FALSE;;
pianote;Third Eye Blind;Semi-Charmed Life;Third Eye Blind;Rock;5;150;third-eye-blind-third-eye-blind.jpg;third-eye-blind-semicharmed-life.pdf;Semi-Charmed Life;25;zQ24c;Published;FALSE;;
pianote;Adele;Set Fire To The Rain;21;Pop;4;150;adele-21.jpg;adele-set-fire-to-the-rain.pdf;Set Fire To The Rain;25;k1y4c;Published;FALSE;;
pianote;Taylor Swift;Shake It Off;1989;Pop;4;150;taylor-swift-1989.jpg;taylor-swift-shake-it-off.pdf;Shake It Off;25;M1y4c;Published;FALSE;;
pianote;Lady Gaga & Bradley Cooper;Shallow;A Star Is Born: Original Motion Picture Soundtrack;Soundtrack, Rock;6;150;lady-gaga-and-bradley-cooper-a-star-is-born-original-motion-picture-soundtrack.jpg;lady-gaga-and-bradley-cooper-shallow.pdf;Shallow;25;87f4c;Published;FALSE;;
pianote;Ed Sheeran;Shape Of You;÷;Pop;4;150;ed-sheeran-divide.jpg;ed-sheeran-shape-of-you.pdf;Shape Of You;25;D1y4c;Published;FALSE;;
pianote;Maroon 5;She Will Be Loved;Songs About Jane;Pop/Rock, Pop;5;150;maroon-5-songs-about-jane.jpg;maroon-5-she-will-be-loved.pdf;She Will Be Loved;25;zMl4c;Published;FALSE;;
pianote;Harry Styles;Sign Of The Times;Harry Styles;Pop;3;100;harry-styles-harry-styles.jpg;harry-styles-sign-of-the-times.pdf;Sign Of The Times;25;2Ml4c;Published;FALSE;;
pianote;Holiday;Silent Night;;Christmas;3;100;holiday-.jpg;holiday-silent-night.pdf;Silent Night;25;f1y4c;Published;FALSE;;
pianote;Bon Iver;Skinny Love;For Emma, Forever Ago;Folk;4;150;bon-iver-for-emma-forever-ago.jpg;bon-iver-skinny-love.pdf;Skinny Love;25;FGw4c;Published;FALSE;;
pianote;Adele;Skyfall;Skyfall;Pop;6;150;adele-skyfall.jpg;adele-skyfall.pdf;Skyfall;25;d7f4c;Published;FALSE;;
pianote;Demi Lovato;Skyscraper;Unbroken;Pop;4;150;demi-lovato-unbroken.jpg;demi-lovato-skyscraper.pdf;Skyscraper;25;GGw4c;Published;FALSE;;
pianote;Adele;Someone Like You;21;Pop;5;150;adele-21.jpg;adele-someone-like-you.pdf;Someone Like You;25;77f4c;Published;FALSE;;
pianote;Coldplay;Speed Of Sound;X&Y;Rock;4;150;coldplay-xandy.jpg;coldplay-speed-of-sound.pdf;Speed Of Sound;25;CMl4c;Published;FALSE;;
pianote;Hailee Steinfeld;Starving;Haiz;Pop;4;150;hailee-steinfeld-haiz.jpg;hailee-steinfeld-starving.pdf;Starving;25;2Q24c;Published;FALSE;;
pianote;Rihanna;Stay;Unapologetic;Pop, R&B;4;150;rihanna-unapologetic.jpg;rihanna-stay.pdf;Stay;25;ynw4c;Published;FALSE;;
pianote;Zedd & Alessia Cara;Stay;Everything, Everything (Original Motion Picture Soundtrack);Soundtrack, EDM, Pop;4;150;zedd-and-alessia-cara-everything-everything-original-motion-picture-soundtrack.jpg;zedd-and-alessia-cara-stay.pdf;Stay;25;CQ24c;Published;FALSE;;
pianote;Sam Smith;Stay With Me;In the Lonely Hour;Pop;5;150;sam-smith-in-the-lonely-hour.jpg;sam-smith-stay-with-me.pdf;Stay With Me;25;RMl4c;Published;FALSE;;
pianote;Shawn Mendes;Stitches;Handwritten;Pop;5;150;shawn-mendes-handwritten.jpg;shawn-mendes-stitches.pdf;Stitches;25;RQ24c;Published;FALSE;;
pianote;OneRepublic;Stop And Stare;Dreaming Out Loud;Pop/Rock;5;150;onerepublic-dreaming-out-loud.jpg;onerepublic-stop-and-stare.pdf;Stop And Stare;25;3Q24c;Published;FALSE;;
pianote;Kelly Clarkson;Stronger;Stronger;Pop/Rock, Pop;5;150;kelly-clarkson-stronger.jpg;kelly-clarkson-stronger.pdf;Stronger;25;XQ24c;Published;FALSE;;
pianote;Jonas Brothers;Sucker;Happiness Begins;Pop/Rock, Pop;4;150;jonas-brothers-happiness-begins.jpg;jonas-brothers-sucker.pdf;Sucker;25;qQ24c;Published;FALSE;;
pianote;The Archies;Sugar, Sugar;Everything's Archie;Pop;5;150;the-archies-everythings-archie.jpg;the-archies-sugar-sugar.pdf;Sugar, Sugar;25;HQ24c;Published;FALSE;;
pianote;Bryan Adams;Summer Of '69;Reckless;Rock, Pop/Rock;5;150;bryan-adams-reckless.jpg;bryan-adams-summer-of-69.pdf;Summer Of '69;25;TQ24c;Published;FALSE;;
pianote;Shawn Colvin;Sunny Came Home;A Few Small Repairs;Folk, Rock;5;150;shawn-colvin-a-few-small-repairs.jpg;shawn-colvin-sunny-came-home.pdf;Sunny Came Home;25;JQ24c;Published;FALSE;;
pianote;Madonna;Take A Bow;Bedtime Stories;Pop;5;150;madonna-bedtime-stories.jpg;madonna-take-a-bow.pdf;Take A Bow;25;86l4c;Published;FALSE;;
pianote;Rihanna;Take A Bow;Good Girl Gone Bad: Reloaded;R&B;5;150;rihanna-good-girl-gone-bad-reloaded.jpg;rihanna-take-a-bow.pdf;Take A Bow;25;Xnw4c;Published;FALSE;;
pianote;Hozier;Take Me To Church;Hozier;Rock;4;150;hozier-hozier.jpg;hozier-take-me-to-church.pdf;Take Me To Church;25;Dnw4c;Published;FALSE;;
pianote;Berlin;Take My Breath Away;Top Gun: Original Motion Picture Soundtrack;Soundtrack, Pop;4;150;berlin-top-gun-original-motion-picture-soundtrack.jpg;berlin-take-my-breath-away.pdf;Take My Breath Away;25;6Qw4c;Published;FALSE;;
pianote;Taylor Swift;We Are Never Ever Getting Back Together;Red;Pop;6;150;taylor-swift-red.jpg;taylor-swift-we-are-never-ever-getting-back-together.pdf;We Are Never Ever Getting Back Together;25;GQw4c;Published;FALSE;;
pianote;Miley Cyrus;The Climb;Hannah Montana: The Movie Soundtrack;Country;4;150;miley-cyrus-hannah-montana-the-movie-soundtrack.jpg;miley-cyrus-the-climb.pdf;The Climb;25;rQw4c;Published;FALSE;;
pianote;Sheryl Crow;The First Cut Is The Deepest;C'Mon America;Pop;5;150;sheryl-crow-cmon-america.jpg;sheryl-crow-the-first-cut-is-the-deepest.pdf;The First Cut Is The Deepest;25;hQw4c;Published;FALSE;;
pianote;Bette Midler;The Rose;The Rose: Original Motion Picture Soundtrack;Pop;6;150;bette-midler-the-rose-original-motion-picture-soundtrack.jpg;bette-midler-the-rose.pdf;The Rose;25;W7f4c;Published;FALSE;;
pianote;Coldplay;The Scientist;A Rush of Blood to the Head;Rock;6;150;coldplay-a-rush-of-blood-to-the-head.jpg;coldplay-the-scientist.pdf;The Scientist;25;fnw4c;Published;FALSE;;
pianote;Simon & Garfunkel;The Sound Of Silence;Sounds of Silence;Folk, Rock;4;150;simon-and-garfunkel-sounds-of-silence.jpg;simon-and-garfunkel-the-sound-of-silence.pdf;The Sound Of Silence;25;V1y4c;Published;FALSE;;
pianote;ABBA;The Winner Takes It All;Super Trouper;Pop;5;150;abba-super-trouper.jpg;abba-the-winner-takes-it-all.pdf;The Winner Takes It All;25;c1y4c;Published;FALSE;;
pianote;Ed Sheeran;Thinking Out Loud;x;Pop, Soul, Rock;5;150;ed-sheeran-x.jpg;ed-sheeran-thinking-out-loud.pdf;Thinking Out Loud;25;N1y4c;Published;FALSE;;
pianote;Maroon 5;This Love;Songs About Jane;Pop/Rock;5;150;maroon-5-songs-about-jane.jpg;maroon-5-this-love.pdf;This Love;25;psy4c;Published;FALSE;;
pianote;Cyndi Lauper;Time After Time;She's So Unusual;Pop;4;150;cyndi-lauper-shes-so-unusual.jpg;cyndi-lauper-time-after-time.pdf;Time After Time;25;xcY4c;Published;FALSE;;
pianote;David Guetta (feat. Sia);Titanium;Nothing but the Beat;Pop;7;200;david-guetta-feat-sia-nothing-but-the-beat.jpg;david-guetta-feat-sia-titanium.pdf;Titanium;25;-cY4c;Published;FALSE;;
pianote;Bonnie Tyler;Total Eclipse Of The Heart;Faster Than the Speed of Night;Pop/Rock;4;150;bonnie-tyler-faster-than-the-speed-of-night.jpg;bonnie-tyler-total-eclipse-of-the-heart.pdf;Total Eclipse Of The Heart;25;3Ml4c;Published;FALSE;;
pianote;Cyndi Lauper;True Colors;True Colors;Pop;5;150;cyndi-lauper-true-colors.jpg;cyndi-lauper-true-colors.pdf;True Colors;25;B7f4c;Published;FALSE;;
pianote;Rihanna;Umbrella;Good Girl Gone Bad;Pop, R&B;5;150;rihanna-good-girl-gone-bad.jpg;rihanna-umbrella.pdf;Umbrella;25;QcY4c;Published;FALSE;;
pianote;Avicii;Wake Me Up;TRUE;EDM, Pop;6;150;avicii-true.jpg;avicii-wake-me-up.pdf;Wake Me Up;25;ncY4c;Published;FALSE;;
pianote;Marc Cohn;Walking In Memphis;Marc Cohn;Country, Rock;5;150;marc-cohn-marc-cohn.jpg;marc-cohn-walking-in-memphis.pdf;Walking In Memphis;25;5t44c;Published;FALSE;;
pianote;ABBA;Waterloo;Waterloo;Pop, Pop/Rock, Rock and Roll;4;150;abba-waterloo.jpg;abba-waterloo.pdf;Waterloo;25;FcY4c;Published;FALSE;;
pianote;Mariah Carey;We Belong Together;The Emancipation of Mimi;R&B, Pop;4;150;mariah-carey-the-emancipation-of-mimi.jpg;mariah-carey-we-belong-together.pdf;We Belong Together;25;tt44c;Published;FALSE;;
pianote;Rihanna;We Found Love;Talk That Talk;Pop;5;150;rihanna-talk-that-talk.jpg;rihanna-we-found-love.pdf;We Found Love;25;Ft44c;Published;FALSE;;
pianote;Bette Midler;Wind Beneath My Wings;Beaches: Original Soundtrack Recording;Soundtrack, Pop;4;150;bette-midler-beaches-original-soundtrack-recording.jpg;bette-midler-wind-beneath-my-wings.pdf;Wind Beneath My Wings;25;nt44c;Published;FALSE;;
pianote;Miley Cyrus;Wrecking Ball;Bangerz;Pop;3;100;miley-cyrus-bangerz.jpg;miley-cyrus-wrecking-ball.pdf;Wrecking Ball;25;GcY4c;Published;FALSE;;
pianote;Sam Smith;Writing’s On The Wall;Writing’s On The Wall - Single;Pop;4;150;sam-smith-writings-on-the-wall-single.jpg;sam-smith-writings-on-the-wall.pdf;Writing’s On The Wall;25;rcY4c;Published;FALSE;;
pianote;Taylor Swift;You Belong With Me;Fearless;Pop;4;150;taylor-swift-fearless.jpg;taylor-swift-you-belong-with-me.pdf;You Belong With Me;25;Z7f4c;Published;FALSE;;
pianote;Josh Groban;You Raise Me Up;Closer;Pop;5;150;josh-groban-closer.jpg;josh-groban-you-raise-me-up.pdf;You Raise Me Up;25;L7f4c;Published;FALSE;;
pianote;Lauren Daigle;You Say;Look Up Child;CCM;3;100;lauren-daigle-look-up-child.jpg;lauren-daigle-you-say.pdf;You Say;25;Qt44c;Published;FALSE;;
pianote;James Blunt;You’re Beautiful;Back to Bedlam;Rock;4;150;james-blunt-back-to-bedlam.jpg;james-blunt-youre-beautiful.pdf;You’re Beautiful;25;hcY4c;Published;FALSE;;
pianote;Adele;Easy On Me;30;Pop;6;150;adele-30.jpg;adele-easy-on-me.pdf;Easy On Me;25;mcY4c;Published;FALSE;;
pianote;Journey;Don't Stop Believin;Escape;Rock;6;150;journey-escape.jpg;journey-dont-stop-believin.pdf;Don't Stop Believin;25;dWy4c;Published;FALSE;;
pianote;John Williams;Hedwig's Theme;Harry Potter and the Sorcerer's Stone: Original Motion Picture Soundtrack;Soundtrack;5;150;john-williams-harry-potter-and-the-sorcerers-stone-original-motion-picture-soundtrack.jpg;john-williams-hedwigs-theme.pdf;Hedwig's Theme;25;TWz4c;Published;FALSE;;
pianote;Zelda;Fairy Fountain;The Legend Of Zelda;Soundtrack;7;200;zelda-the-legend-of-zelda.jpg;zelda-fairy-fountain.pdf;Fairy Fountain;25;JWz4c;Published;FALSE;;
pianote;Pachebel;Canon in D;;Classical, Baroque;6;150;pachebel-.jpg;pachebel-canon-in-d.pdf;Canon in D;25;QlD4c;Published;FALSE;;
pianote;Yiruma;River Flows In You;First Love;New Age;7;200;yiruma-first-love.jpg;yiruma-river-flows-in-you.pdf;River Flows In You;25;nlD4c;Published;FALSE;;
pianote;Yiruma;Kiss The Rain;From The Yellow Room;New Age;7;200;yiruma-from-the-yellow-room.jpg;yiruma-kiss-the-rain.pdf;Kiss The Rain;25;FlD4c;Published;FALSE;;
pianote;Einaudi;Nuvole Bianche;Una Mattina;Classical;7;200;einaudi-una-mattina.jpg;einaudi-nuvole-bianche.pdf;Nuvole Bianche;25;tlD4c;Published;FALSE;;
pianote;Einaudi;Experience;Winds Of Change;Classical;6;150;einaudi-winds-of-change.jpg;einaudi-experience.pdf;Experience;25;5lD4c;Published;FALSE;;
pianote;Einaudi;Unna Mattina;Una Mattina;Classical;5;150;einaudi-una-mattina.jpg;einaudi-unna-mattina.pdf;Unna Mattina;25;glD4c;Published;FALSE;;
pianote;Beethoven;Moonlight Sonata;;Classical;6;150;beethoven-.jpg;beethoven-moonlight-sonata.pdf;Moonlight Sonata;25;bWz4c;Published;FALSE;;
pianote;Beethoven;Fur Elise;;Classical;6;150;beethoven-.jpg;beethoven-fur-elise.pdf;Fur Elise;25;6lD4c;Published;FALSE;;
pianote;Beethoven;Ecossaises;;Classical;2;100;beethoven-.jpg;beethoven-ecossaises.pdf;Ecossaises;25;sWz4c;Published;FALSE;;
pianote;Beethoven;Symphony No. 5;;Classical;8;200;beethoven-.jpg;beethoven-symphony-no-5.pdf;Symphony No. 5;25;GlD4c;Published;FALSE;;
pianote;Beethoven;Ode To Joy;;Classical;2;100;beethoven-.jpg;beethoven-ode-to-joy.pdf;Ode To Joy;25;rlD4c;Published;FALSE;;
pianote;Beethoven;Bagatelle Op. 119, No. 5;;Classical;6;150;beethoven-.jpg;beethoven-bagatelle-op-119-no-5.pdf;Bagatelle Op. 119, No. 5;25;hlD4c;Published;FALSE;;
pianote;Bach;Prelude in C Major;;Classical;5;150;bach-.jpg;bach-prelude-in-c-major.pdf;Prelude in C Major;25;mlD4c;Published;FALSE;;
pianote;Bach;Air;;Classical;4;150;bach-.jpg;bach-air.pdf;Air;25;vlD4c;Published;FALSE;;
pianote;Bach;Jesu, Joy of Man's Desiring;;Classical;6;150;bach-.jpg;bach-jesu-joy-of-mans-desiring.pdf;Jesu, Joy of Man's Desiring;25;1Wz4c;Published;FALSE;;
pianote;Bach;Solfegietto in C Minor;;Classical;8;200;bach-.jpg;bach-solfegietto-in-c-minor-.pdf;Solfegietto in C Minor;25;8Wz4c;Published;FALSE;;
pianote;Brahms;Waltz in A Flat Op. 39, No. 15;;Classical;8;200;brahms-.jpg;brahms-waltz-in-a-flat-op-39-no-15.pdf;Waltz in A Flat Op. 39, No. 15;25;SlD4c;Published;FALSE;;
pianote;Brahms;Hungarian Dance No. 5;;Classical;9;200;brahms-.jpg;brahms-hungarian-dance-no-5.pdf;Hungarian Dance No. 5;25;dWz4c;Published;FALSE;;
pianote;Chopin;Valse Op. 64, No. 2;;Classical;9;200;chopin-.jpg;chopin-valse-op-64-no-2.pdf;Valse Op. 64, No. 2;25;7Wz4c;Published;FALSE;;
pianote;Chopin;Nocturne in E Flat Op. 9, No. 2;;Classical;9;200;chopin-.jpg;chopin-nocturne-in-e-flat-op-9-no-2.pdf;Nocturne in E Flat Op. 9, No. 2;25;plD4c;Published;FALSE;;
pianote;Chopin;Prelude Op. 28, No. 6;;Classical;8;200;chopin-.jpg;chopin-prelude-op-28-no-6.pdf;Prelude Op. 28, No. 6;25;NzD4c;Published;FALSE;;
pianote;Chopin;Prelude Op. 28, No. 7;;Classical;4;150;chopin-.jpg;chopin-prelude-op-28-no-7.pdf;Prelude Op. 28, No. 7;25;czD4c;Published;FALSE;;
pianote;Chopin;Nocturne (posthumous);;Classical;9;200;chopin-.jpg;chopin-nocturne-posthumous.pdf;Nocturne (posthumous);25;fzD4c;Published;FALSE;;
pianote;Chopin;Prelude Op. 28, No. 4;;Classical;7;200;chopin-.jpg;chopin-prelude-op-28-no-4.pdf;Prelude Op. 28, No. 4;25;DzD4c;Published;FALSE;;
pianote;Daquin;Le Coucou;;Classical;9;200;daquin-.jpg;daquin-le-coucou.pdf;Le Coucou;25;MzD4c;Published;FALSE;;
pianote;Debussy;Clair de Lune;;Classical;10;200;debussy-.jpg;debussy-clair-de-lune.pdf;Clair de Lune;25;kzD4c;Published;FALSE;;
pianote;Edvard Grieg;Anitra's Dance from Peer Gynt;;Classical;8;200;edvard-grieg-.jpg;edvard-grieg-anitras-dance-from-peer-gynt.pdf;Anitra's Dance from Peer Gynt;25;WWz4c;Published;FALSE;;
pianote;Edvard Grieg;In the Hall of the Mountain King;;Classical;4;150;edvard-grieg-.jpg;edvard-grieg-in-the-hall-of-the-mountain-king.pdf;In the Hall of the Mountain King;25;4zD4c;Published;FALSE;;
pianote;George Frideric Handel;Sarabande;;Classical;6;150;george-frideric-handel-.jpg;george-frideric-handel-sarabande.pdf;Sarabande;25;BWz4c;Published;FALSE;;
pianote;Felix Mendelssohn;Venetian Boat Song in G Minor Op. 1, No. 6;;Classical;7;200;felix-mendelssohn-.jpg;felix-mendelssohn-venetian-boat-song-in-g-minor-op-1-no-6.pdf;Venetian Boat Song in G Minor Op. 1, No. 6;25;yzD4c;Published;FALSE;;
pianote;Wolfgang Amadeus Mozart;Sonata K. 545;;Classical;8;200;wolfgang-amadeus-mozart-.jpg;wolfgang-amadeus-mozart-sonata-k-545.pdf;Sonata K. 545;25;ZWz4c;Published;FALSE;;
pianote;Wolfgang Amadeus Mozart;Fantasy in D Minor K. 397;;Classical;9;200;wolfgang-amadeus-mozart-.jpg;wolfgang-amadeus-mozart-fantasy-in-d-minor-k-397.pdf;Fantasy in D Minor K. 397;25;wzD4c;Published;FALSE;;
pianote;Wolfgang Amadeus Mozart;Turkish March;;Classical;8;200;wolfgang-amadeus-mozart-.jpg;wolfgang-amadeus-mozart-turkish-march.pdf;Turkish March;25;LWz4c;Published;FALSE;;
pianote;Erik Satie;Gymnopedie No. 1;;Classical;8;200;erik-satie-.jpg;erik-satie-gymnopedie-no-1.pdf;Gymnopedie No. 1;25;YzD4c;Published;FALSE;;
pianote;Johann Strauss II;The Blue Danube;;Classical;3;100;johann-strauss-ii-.jpg;johann-strauss-ii-the-blue-danube.pdf;The Blue Danube;25;jWz4c;Published;FALSE;;
pianote;Tchaikovsky;Dance of the Reed Flutes;;Classical;6;150;tchaikovsky-.jpg;tchaikovsky-dance-of-the-reed-flutes.pdf;Dance of the Reed Flutes;25;PWz4c;Published;FALSE;;
pianote;Tchaikovsky;Swan Lake Waltz;;Classical;6;150;tchaikovsky-.jpg;tchaikovsky-swan-lake-waltz.pdf;Swan Lake Waltz;25;lzD4c;Published;FALSE;;
pianote;Indina Menzel and Aurora;Into the Unknown;Frozen 2: Original Motion Picture Soundtrack;Disney, Soundtrack;5;150;indina-menzel-and-aurora-frozen-2-original-motion-picture-soundtrack.jpg;indina-menzel-and-aurora-into-the-unknown.pdf;Into the Unknown;25;-t44c;Published;FALSE;;
pianote;Michael Bolton;Go The Distance;Hercules: Original Motion Picture Soundtrack;Disney, Soundtrack;5;150;michael-bolton-hercules-original-motion-picture-soundtrack.jpg;michael-bolton-go-the-distance.pdf;Go The Distance;25;vcY4c;Published;FALSE;;
pianote;Alan Menken, Stephen Schwartz;Colors of the Wind;Pocahontas: An Original Walt Disney Records Soundtrack;Disney, Soundtrack;5;150;alan-menken-stephen-schwartz-pocahontas-an-original-walt-disney-records-soundtrack.jpg;alan-menken-stephen-schwartz-colors-of-the-wind.pdf;Colors of the Wind;25;sj44c;Published;FALSE;;
pianote;Mandy Moore and Zachary Levi;I See the Light;Tangled: Original Motion Picture Soundtrack;Disney, Soundtrack;5;150;mandy-moore-and-zachary-levi-tangled-original-motion-picture-soundtrack.jpg;mandy-moore-and-zachary-levi-i-see-the-light.pdf;I See the Light;25;ScY4c;Published;FALSE;;
pianote;Phil Collins;You'll Be In My Heart;Tarzan: Original Motion Picture Soundtrack;Disney, Soundtrack;5;150;phil-collins-tarzan-original-motion-picture-soundtrack.jpg;phil-collins-youll-be-in-my-heart.pdf;You'll Be In My Heart;25;pcY4c;Published;FALSE;;
pianote;Randy Newman;You've Got A Friend In Me;Toy Story: Original Motion Picture Soundtrack;Disney, Soundtrack;6;150;randy-newman-toy-story-original-motion-picture-soundtrack.jpg;randy-newman-youve-got-a-friend-in-me.pdf;You've Got A Friend In Me;25;7Wy4c;Published;FALSE;;
pianote;Up;Married Life;Michael Giacchino;Disney, Soundtrack;6;150;up-michael-giacchino.jpg;up-married-life.pdf;Married Life;25;WWy4c;Published;FALSE;;
pianote;Lady Gaga;Always Remember Us This Way;A Star Is Born: Original Motion Picture Soundtrack;Soundtrack, Pop;5;150;lady-gaga-a-star-is-born-original-motion-picture-soundtrack.jpg;lady-gaga-always-remember-us-this-way.pdf;Always Remember Us This Way;25;XMl4c;Published;FALSE;;
pianote;Oscar Hammerstein Ii, Jerome Kern;All The Things You Are;;Jazz;6;150;oscar-hammerstein-ii-jerome-kern-.jpg;oscar-hammerstein-ii-jerome-kern-all-the-things-you-are-.pdf;All The Things You Are;25;pFy4c;Published;FALSE;;
pianote;Jacques Prévert, Johnny Mercer;Autumn Leaves;;Jazz;6;150;jacques-prevert-johnny-mercer-.jpg;jacques-prevert-johnny-mercer-autumn-leaves.pdf;Autumn Leaves;25;Nty4c;Published;FALSE;;
pianote;Luiz Bonfá;Black Orpheus (Manha De Carnaval);;Jazz;6;150;luiz-bonfa-.jpg;luiz-bonfa-black-orpheus-manha-de-carnaval.pdf;Black Orpheus (Manha De Carnaval);25;cty4c;Published;FALSE;;
pianote;Kenny Dorham;Blue Bossa;;Jazz;6;150;kenny-dorham-.jpg;kenny-dorham-blue-bossa-.pdf;Blue Bossa;25;Vty4c;Published;FALSE;;
pianote;Edward Heyman, Frank Eyton, John Green, Robert Sour;Body and Soul;;Jazz;6;150;edward-heyman-frank-eyton-john-green-robert-sour-.jpg;edward-heyman-frank-eyton-john-green-robert-sour-body-and-soul.pdf;Body and Soul;25;fty4c;Published;FALSE;;
pianote;Mort Dixon, Ray Henderson;Bye Bye Blackbird;;Jazz;6;150;mort-dixon-ray-henderson-.jpg;mort-dixon-ray-henderson-bye-bye-blackbird-.pdf;Bye Bye Blackbird;25;Dty4c;Published;FALSE;;
pianote;Ray Noble;Cherokee;;Jazz;6;150;ray-noble-.jpg;ray-noble-cherokee.pdf;Cherokee;25;Mty4c;Published;FALSE;;
pianote;Johnny Mercer, Henry Mancini;Days Of Wine And Roses;;Jazz;6;150;johnny-mercer-henry-mancini-.jpg;johnny-mercer-henry-mancini-days-of-wine-and-roses.pdf;Days Of Wine And Roses;25;kty4c;Published;FALSE;;
pianote;Wayne Shorter;Footprints;;Jazz;6;150;wayne-shorter-.jpg;wayne-shorter-footprints-.pdf;Footprints;25;4ty4c;Published;FALSE;;
pianote;Ray Charles;Georgia On My Mind;The Genius Hits the Road;Jazz;5;150;ray-charles-the-genius-hits-the-road.jpg;ray-charles-georgia-on-my-mind.pdf;Georgia On My Mind;25;yty4c;Published;FALSE;;
pianote;Antonio Carlos Jobim;Girl From Ipanema;;Jazz;6;150;antonio-carlos-jobim-.jpg;antonio-carlos-jobim-girl-from-ipanema.pdf;Girl From Ipanema;25;wty4c;Published;FALSE;;
pianote;Morgan Lewis, Nancy Hamilton;How High The Moon;;Jazz;6;150;morgan-lewis-nancy-hamilton-.jpg;morgan-lewis-nancy-hamilton-how-high-the-moon.pdf;How High The Moon;25;Yty4c;Published;FALSE;;
pianote;George Gershwin;I Got Rhythm;;Jazz;6;150;george-gershwin-.jpg;george-gershwin-i-got-rhythm.pdf;I Got Rhythm;25;lty4c;Published;FALSE;;
pianote;George Frajos, Dick Gasparre;I Hear A Rhapsody;;Jazz;6;150;george-frajos-dick-gasparre-.jpg;george-frajos-dick-gasparre-i-hear-a-rhapsody-.pdf;I Hear A Rhapsody;25;zty4c;Published;FALSE;;
pianote;Cole Porter;I Love You;;Jazz;6;150;cole-porter-.jpg;cole-porter-i-love-you.pdf;I Love You;25;Cty4c;Published;FALSE;;
pianote;Milt Gabler, Duke Ellington;In A Mellow Tone;;Jazz;6;150;milt-gabler-duke-ellington-.jpg;milt-gabler-duke-ellington-in-a-mellow-tone.pdf;In A Mellow Tone;25;Rty4c;Published;FALSE;;
pianote;Duke Ellington, Manny Kurtz, Irving Mills;In A Sentimental Mood;;Jazz;6;150;duke-ellington-manny-kurtz-irving-mills-.jpg;duke-ellington-manny-kurtz-irving-mills-in-a-sentimental-mood.pdf;In A Sentimental Mood;25;3ty4c;Published;FALSE;;
pianote;Johnny Burke, James Van Heusen;It Could Happen To You;;Jazz;6;150;johnny-burke-james-van-heusen-.jpg;johnny-burke-james-van-heusen-it-could-happen-to-you.pdf;It Could Happen To You;25;Xty4c;Published;FALSE;;
pianote;Duke Ellington, Irving Mills;It Don't Mean A Thing (If It Ain't Got That Swing);;Jazz;6;150;duke-ellington-irving-mills-.jpg;duke-ellington-irving-mills-it-dont-mean-a-thing-if-it-aint-got-that-swing.pdf;It Don't Mean A Thing (If It Ain't Got That Swing);25;qty4c;Published;FALSE;;
pianote;George Shearing, George David Weiss;Lullaby Of Birdland;;Jazz;6;150;george-shearing-george-david-weiss-.jpg;george-shearing-george-david-weiss-lullaby-of-birdland.pdf;Lullaby Of Birdland;25;Hty4c;Published;FALSE;;
pianote;Erroll Garner, Johnny Burke;Misty;;Jazz;6;150;erroll-garner-johnny-burke-.jpg;erroll-garner-johnny-burke-misty.pdf;Misty;25;Tty4c;Published;FALSE;;
pianote;Richard Rodgers, Lorenz Hart;My Funny Valentine;;Jazz;6;150;richard-rodgers-lorenz-hart-.jpg;richard-rodgers-lorenz-hart-my-funny-valentine.pdf;My Funny Valentine;25;Jty4c;Published;FALSE;;
pianote;Cole Porter;Night And Day;;Jazz;6;150;cole-porter-.jpg;cole-porter-night-and-day.pdf;Night And Day;25;bty4c;Published;FALSE;;
pianote;Sonny Rollins;Oleo;;Jazz;6;150;sonny-rollins-.jpg;sonny-rollins-oleo.pdf;Oleo;25;sty4c;Published;FALSE;;
pianote;Bronislau Kaper, Ned Washington;On Green Dolphin Street;;Jazz;6;150;bronislau-kaper-ned-washington-.jpg;bronislau-kaper-ned-washington-on-green-dolphin-street.pdf;On Green Dolphin Street;25;1ty4c;Published;FALSE;;
pianote;Joe Henderson;Recorda Me;;Jazz;6;150;joe-henderson-.jpg;joe-henderson-recorda-me.pdf;Recorda Me;25;kqY4c;Published;FALSE;;
pianote;Duke Ellington, Billy Strayhorn, Johnny Mercer;Satin Doll;;Jazz;6;150;duke-ellington-billy-strayhorn-johnny-mercer-.jpg;duke-ellington-billy-strayhorn-johnny-mercer-satin-doll.pdf;Satin Doll;25;4qY4c;Published;FALSE;;
pianote;Victor Young, Ned Washington;Stella By Starlight;;Jazz;6;150;victor-young-ned-washington-.jpg;victor-young-ned-washington-stella-by-starlight.pdf;Stella By Starlight;25;yqY4c;Published;FALSE;;
pianote;Miles Davis;So What;Kind Of Blue;Jazz;6;150;miles-davis-kind-of-blue.jpg;miles-davis-so-what.pdf;So What;25;wqY4c;Published;FALSE;;
pianote;Al Sherman;Someday My Prince Will Come;;Jazz;6;150;al-sherman-.jpg;al-sherman-someday-my-prince-will-come.pdf;Someday My Prince Will Come;25;YqY4c;Published;FALSE;;
pianote;Miles Davis;Solar;;Jazz;6;150;miles-davis--.jpg;miles-davis--solar.pdf;Solar;25;lqY4c;Published;FALSE;;
pianote;Sonny Rollins;St. Thomas;;Jazz;6;150;sonny-rollins-.jpg;sonny-rollins-st-thomas.pdf;St. Thomas;25;qMl4c;Published;FALSE;;
pianote;George Gershwin;Summertime;;Jazz;6;150;george-gershwin-.jpg;george-gershwin-summertime.pdf;Summertime;25;zqY4c;Published;FALSE;;
pianote;Ben Bernie, Kenneth Casey, Maceo Pinkard;Sweet Georgia Brown;;Jazz;6;150;ben-bernie-kenneth-casey-maceo-pinkard-.jpg;ben-bernie-kenneth-casey-maceo-pinkard-sweet-georgia-brown.pdf;Sweet Georgia Brown;25;HMl4c;Published;FALSE;;
pianote;Duke Ellington;"Take The ""A"" Train";;Jazz;6;150;duke-ellington-.jpg;duke-ellington-take-the-a-train.pdf;"Take The ""A"" Train";25;2qY4c;Published;FALSE;;
pianote;Mack Gordon, Harry Warren;There Will Never Be Another You;;Jazz;6;150;mack-gordon-harry-warren-.jpg;mack-gordon-harry-warren-there-will-never-be-another-you.pdf;There Will Never Be Another You;25;CqY4c;Published;FALSE;;
pianote;Freddie Hubbard, Abbey Lincoln;Up Jumped Spring;;Jazz;6;150;freddie-hubbard-abbey-lincoln-.jpg;freddie-hubbard-abbey-lincoln-up-jumped-spring.pdf;Up Jumped Spring;25;RqY4c;Published;FALSE;;
pianote;Antonio Carlos Jobim;Wave;;Jazz;6;150;antonio-carlos-jobim-.jpg;antonio-carlos-jobim-wave.pdf;Wave;25;3qY4c;Published;FALSE;;
pianote;Adele;When We Were Young;25;Soul;6;150;adele-25.jpg;adele-when-we-were-young.pdf;When We Were Young;25;WMV4c;Published;FALSE;;
pianote;Andrew Lloyd Webber;All I Ask Of You;The Phantom Of The Opera - The Musical;Soundtrack, Musical;5;150;andrew-lloyd-webber-the-phantom-of-the-opera-the-musical.jpg;andrew-lloyd-webber-all-i-ask-of-you-.pdf;All I Ask Of You;25;bTD4c;Published;FALSE;;
pianote;Andrew Lloyd Webber;Don't Cry For Me Argentina;Evita - The Musical;Soundtrack, Musical;5;150;andrew-lloyd-webber-evita-the-musical.jpg;andrew-lloyd-webber-dont-cry-for-me-argentina.pdf;Don't Cry For Me Argentina;25;sTD4c;Published;FALSE;;
pianote;Bill Haley and His Comets;Shake, Rattle And Roll;Shake, Rattle And Roll - Single;Rock;8;200;bill-haley-and-his-comets-shake-rattle-and-roll-single.jpg;bill-haley-and-his-comets-shake-rattle-and-roll.pdf;Shake, Rattle And Roll;25;BMV4c;Published;FALSE;;
pianote;Billie Eilish;No Time To Die;No Time to Die: Original Motion Picture Soundtrack;Pop;6;150;billie-eilish-no-time-to-die-original-motion-picture-soundtrack.jpg;billie-eilish-no-time-to-die.pdf;No Time To Die;25;ZMV4c;Published;FALSE;;
pianote;Billie Eilish and Khalid;lovely;13 Reasons Why: Season 2 (A Netflix Original Series Soundtrack);Pop;7;200;billie-eilish-and-khalid-13-reasons-why-season-2-a-netflix-original-series-soundtrack.jpg;billie-eilish-and-khalid-lovely.pdf;lovely;25;LMV4c;Published;FALSE;;
pianote;Billy Joel;Just The Way You Are;The Stranger;Pop;7;200;billy-joel-the-stranger.jpg;billy-joel-just-the-way-you-are.pdf;Just The Way You Are;25;jMV4c;Published;FALSE;;
pianote;Billy Joel;My Life;52nd Street;Pop;7;200;billy-joel-52nd-street.jpg;billy-joel-my-life.pdf;My Life;25;PMV4c;Published;FALSE;;
pianote;Billy Joel;Only The Good Die Young;The Stranger;Pop;5;150;billy-joel-the-stranger.jpg;billy-joel-only-the-good-die-young.pdf;Only The Good Die Young;25;QTD4c;Published;FALSE;;
pianote;Billy Joel;She's Got A Way;Songs in the Attic;Pop;7;200;billy-joel-songs-in-the-attic.jpg;billy-joel-shes-got-a-way.pdf;She's Got A Way;25;9MV4c;Published;FALSE;;
pianote;Bonnie Raitt;I Can't Make You Love Me;Luck of the Draw;Pop;7;200;bonnie-raitt-luck-of-the-draw.jpg;bonnie-raitt-i-cant-make-you-love-me.pdf;I Can't Make You Love Me;25;KMV4c;Published;FALSE;;
pianote;Brian McKnight;Back At One;Back At One;R&B;7;200;brian-mcknight-back-at-one.jpg;brian-mcknight-back-at-one.pdf;Back At One;25;xMV4c;Published;FALSE;;
pianote;Alicia Keys;If I Ain't Got You;The Diary of Alicia Keys;R&B;7;200;alicia-keys-the-diary-of-alicia-keys.jpg;alicia-keys-if-i-aint-got-you.pdf;If I Ain't Got You;25;-MV4c;Published;FALSE;;
pianote;Alicia Keys Feat. Nicki Minaj;Girl On Fire (Inferno Version);Girl on Fire;R&B;5;150;alicia-keys-feat-nicki-minaj-girl-on-fire.jpg;alicia-keys-feat-nicki-minaj-girl-on-fire-inferno-version.pdf;Girl On Fire (Inferno Version);25;QMV4c;Published;FALSE;;
pianote;Bachman-Turner Overdrive;Takin' Care Of Business;Bachman–Turner Overdrive II;Rock;6;150;bachmanturner-overdrive-bachmanturner-overdrive-ii.jpg;bachmanturner-overdrive-takin-care-of-business.pdf;Takin' Care Of Business;25;nMV4c;Published;FALSE;;
pianote;Barbra Streisand;The Way We Were;The Way We Were;Pop, Soundtrack;5;150;barbra-streisand-the-way-we-were.jpg;barbra-streisand-the-way-we-were.pdf;The Way We Were;25;fnV4c;Published;FALSE;;
pianote;Barbra Streisand;Who Are You Now?;Funny Girl - Musical;Pop, Soundtrack;5;150;barbra-streisand-funny-girl-musical.jpg;barbra-streisand-who-are-you-now.pdf;Who Are You Now?;25;DnV4c;Published;FALSE;;
pianote;Barry Manilow;Mandy;Barry Manilow II;Rock;5;150;barry-manilow-barry-manilow-ii.jpg;barry-manilow-mandy.pdf;Mandy;25;j7f4c;Published;FALSE;;
pianote;Ben Folds Five;Brick;Whatever and Ever Amen;Rock;6;150;ben-folds-five-whatever-and-ever-amen.jpg;ben-folds-five-brick.pdf;Brick;25;tff4c;Published;FALSE;;
pianote;Bette Midler;Friends;The Divine Miss M;Pop;5;150;bette-midler-the-divine-miss-m.jpg;bette-midler-friends.pdf;Friends;25;5ff4c;Published;FALSE;;
pianote;Calum Scott;You Are The Reason;Only Human;Pop;4;150;calum-scott-only-human.jpg;calum-scott-you-are-the-reason.pdf;You Are The Reason;25;gff4c;Published;FALSE;;
pianote;Carole King;I Feel The Earth Move;Tapestry;Pop/Rock;6;150;carole-king-tapestry.jpg;carole-king-i-feel-the-earth-move.pdf;I Feel The Earth Move;25;6ff4c;Published;FALSE;;
pianote;Carole King;It's Too Late;Tapestry;Pop/Rock;6;150;carole-king-tapestry.jpg;carole-king-its-too-late.pdf;It's Too Late;25;Gff4c;Published;FALSE;;
pianote;Carpenters;Yesterday Once More;Now & Then;Pop;5;150;carpenters-now-and-then.jpg;carpenters-yesterday-once-more.pdf;Yesterday Once More;25;rff4c;Published;FALSE;;
pianote;Carpenters;Hurting Each Other;A Song For You;Pop;5;150;carpenters-a-song-for-you.jpg;carpenters-hurting-each-other.pdf;Hurting Each Other;25;hff4c;Published;FALSE;;
pianote;Carpenters;(They Long To Be) Close To You;Close to You;Pop;5;150;carpenters-close-to-you.jpg;carpenters-they-long-to-be-close-to-you.pdf;(They Long To Be) Close To You;25;mff4c;Published;FALSE;;
pianote;Chicago;You're The Inspiration;Chicago 17;Rock;5;150;chicago-chicago-17.jpg;chicago-youre-the-inspiration.pdf;You're The Inspiration;25;P7f4c;Published;FALSE;;
pianote;Dan + Shay & Justin Bieber;10,000 Hours;Good Things;Country, Pop;5;150;dan--shay-and-justin-bieber-good-things.jpg;dan--shay-and-justin-bieber-10000-hours.pdf;10,000 Hours;25;knV4c;Published;FALSE;;
pianote;Danny & The Juniors;Rock And Roll Is Here To Stay;Rock And Roll Is Here To Stay - Single;Rock and Roll;4;150;danny-and-the-juniors-rock-and-roll-is-here-to-stay-single.jpg;danny-and-the-juniors-rock-and-roll-is-here-to-stay.pdf;Rock And Roll Is Here To Stay;25;4nV4c;Published;FALSE;;
pianote;David Bowie;Changes;Hunky Dory;Pop;5;150;david-bowie-hunky-dory.jpg;david-bowie-changes.pdf;Changes;25;ynV4c;Published;FALSE;;
pianote;Dean Pitchford;Mama Says;Footloose - Musical;Soundtrack, Musical;5;150;dean-pitchford-footloose-musical.jpg;dean-pitchford-mama-says.pdf;Mama Says;25;3pk4c;Published;FALSE;;
pianote;Dionne & Friends;That's What Friends Are For;Night Shift;Pop;5;150;dionne-and-friends-night-shift.jpg;dionne-and-friends-thats-what-friends-are-for.pdf;That's What Friends Are For;25;wnV4c;Published;FALSE;;
pianote;Don McLean;American Pie;American Pie;Rock;5;150;don-mclean-american-pie.jpg;don-mclean-american-pie.pdf;American Pie;25;YnV4c;Published;FALSE;;
pianote;Jennifer Holiday;And I Am Telling You I'm Not Going;Dreamgirls - The Musical;Soundtrack, Musical;6;150;jennifer-holiday-dreamgirls-the-musical.jpg;jennifer-holiday-and-i-am-telling-you-im-not-going.pdf;And I Am Telling You I'm Not Going;25;Rpk4c;Published;FALSE;;
pianote;Elton John;Bennie And The Jets;Goodbye Yellow Brick Road;Rock, R&B;6;150;elton-john-goodbye-yellow-brick-road.jpg;elton-john-bennie-and-the-jets.pdf;Bennie And The Jets;25;1TD4c;Published;FALSE;;
pianote;Elton John;Blue Eyes;Jump Up!;Pop;5;150;elton-john-jump-up.jpg;elton-john-blue-eyes.pdf;Blue Eyes;25;lnV4c;Published;FALSE;;
pianote;Elton John;Crocodile Rock;Don't Shoot Me I'm Only the Piano Player;Pop/Rock;5;150;elton-john-dont-shoot-me-im-only-the-piano-player.jpg;elton-john-crocodile-rock.pdf;Crocodile Rock;25;znV4c;Published;FALSE;;
pianote;Elton John;Daniel;Don't Shoot Me I'm Only the Piano Player;Pop;5;150;elton-john-dont-shoot-me-im-only-the-piano-player.jpg;elton-john-daniel.pdf;Daniel;25;2nV4c;Published;FALSE;;
pianote;Elton John;I Guess That's Why They Call It The Blues;Too Low for Zero;Rock;6;150;elton-john-too-low-for-zero.jpg;elton-john-i-guess-thats-why-they-call-it-the-blues.pdf;I Guess That's Why They Call It The Blues;25;CnV4c;Published;FALSE;;
pianote;Elton John;Lucy in the Sky With Diamonds;Lucy in the Sky With Diamonds - Single;Rock;5;150;elton-john-lucy-in-the-sky-with-diamonds-single.jpg;elton-john-lucy-in-the-sky-with-diamonds.pdf;Lucy in the Sky With Diamonds;25;RnV4c;Published;FALSE;;
pianote;Elton John;Philadelphia Freedom;Elton John's Greatest Hits Volume II;Pop;6;150;elton-john-elton-johns-greatest-hits-volume-ii.jpg;elton-john-philadelphia-freedom.pdf;Philadelphia Freedom;25;K3V4c;Published;FALSE;;
pianote;Elton John;Saturday Night's Alright (For Fighting);Goodbye Yellow Brick Road;Rock;5;150;elton-john-goodbye-yellow-brick-road.jpg;elton-john-saturday-nights-alright-for-fighting.pdf;Saturday Night's Alright (For Fighting);25;-3V4c;Published;FALSE;;
pianote;Elton John;Sorry Seems To Be The Hardest Word;Blue Moves;Pop;6;150;elton-john-blue-moves.jpg;elton-john-sorry-seems-to-be-the-hardest-word.pdf;Sorry Seems To Be The Hardest Word;25;Q3V4c;Published;FALSE;;
pianote;Elton John;Don't Let The Sun Go Down On Me;Caribou;Pop;7;200;elton-john-caribou.jpg;elton-john-dont-let-the-sun-go-down-on-me.pdf;Don't Let The Sun Go Down On Me;25;n3V4c;Published;FALSE;;
pianote;Elvis Presley;Blue Suede Shoes;Elvis Presley;Rock and Roll;5;150;elvis-presley-elvis-presley.jpg;elvis-presley-blue-suede-shoes.pdf;Blue Suede Shoes;25;vff4c;Published;FALSE;;
pianote;Elvis Presley;Heartbreak Hotel;Heartbreak Hotel - Single;Rock and Roll;5;150;elvis-presley-heartbreak-hotel-single.jpg;elvis-presley-heartbreak-hotel.pdf;Heartbreak Hotel;25;Sff4c;Published;FALSE;;
pianote;Elvis Presley;Hound Dog;Hound Dog - Single;Rock and Roll;5;150;elvis-presley-hound-dog-single.jpg;elvis-presley-hound-dog.pdf;Hound Dog;25;pff4c;Published;FALSE;;
pianote;Elvis Presley;Jailhouse Rock;Jailhouse Rock EP;Rock and Roll;5;150;elvis-presley-jailhouse-rock-ep.jpg;elvis-presley-jailhouse-rock.pdf;Jailhouse Rock;25;BWy4c;Published;FALSE;;
pianote;Elvis Presley;Blueberry Hill;Loving You - Soundtrack;Rock and Roll, R&B;5;150;elvis-presley-loving-you-soundtrack.jpg;elvis-presley-blueberry-hill.pdf;Blueberry Hill;25;NDf4c;Published;FALSE;;
pianote;Five For Fighting;100 Years;The Battle for Everything;Rock;5;150;five-for-fighting-the-battle-for-everything.jpg;five-for-fighting-100-years.pdf;100 Years;25;cDf4c;Published;FALSE;;
pianote;Fleetwood Mac;Say You Love Me;Fleetwood Mac;Rock;5;150;fleetwood-mac-fleetwood-mac.jpg;fleetwood-mac-say-you-love-me.pdf;Say You Love Me;25;Cpk4c;Published;FALSE;;
pianote;Victor Young, Edward Heyman;When I Fall In Love;;Pop, Jazz;5;150;victor-young-edward-heyman-.jpg;victor-young-edward-heyman-when-i-fall-in-love.pdf;When I Fall In Love;25;2pk4c;Published;FALSE;;
pianote;Janis Joplin;Piece Of My Heart;Cheap Thrills (With Big Brother And The Holding Company);Soul;7;200;janis-joplin-cheap-thrills-with-big-brother-and-the-holding-company.jpg;janis-joplin-piece-of-my-heart.pdf;Piece Of My Heart;25;VDf4c;Published;FALSE;;
pianote;Joe Cocker;You Are So Beautiful;I Can Stand a Little Rain;Pop, Soul;7;200;joe-cocker-i-can-stand-a-little-rain.jpg;joe-cocker-you-are-so-beautiful.pdf;You Are So Beautiful;25;fDf4c;Published;FALSE;;
pianote;Katy Perry;I Kissed A Girl;One of the Boys;Pop;5;150;katy-perry-one-of-the-boys.jpg;katy-perry-i-kissed-a-girl.pdf;I Kissed A Girl;25;DDf4c;Published;FALSE;;
pianote;Katy Perry;Teenage Dream;Teenage Dream;Pop;5;150;katy-perry-teenage-dream.jpg;katy-perry-teenage-dream.pdf;Teenage Dream;25;MDf4c;Published;FALSE;;
pianote;Kelly Clarkson;Because Of You;Breakaway;Pop;5;150;kelly-clarkson-breakaway.jpg;kelly-clarkson-because-of-you.pdf;Because Of You;25;kDf4c;Published;FALSE;;
pianote;La La Land Cast;Another Day Of Sun;La La Land: Original Motion Picture Soundtrack;Soundtrack, Musical;5;150;la-la-land-cast-la-la-land-original-motion-picture-soundtrack.jpg;la-la-land-cast-another-day-of-sun-.pdf;Another Day Of Sun;25;97f4c;Published;FALSE;;
pianote;Lady Gaga;Bad Romance;The Fame Monster;Pop;6;150;lady-gaga-the-fame-monster.jpg;lady-gaga-bad-romance.pdf;Bad Romance;25;yDf4c;Published;FALSE;;
pianote;Lady Gaga;I'll Never Love Again;A Star Is Born: Original Motion Picture Soundtrack;Soundtrack, Pop;5;150;lady-gaga-a-star-is-born-original-motion-picture-soundtrack.jpg;lady-gaga-ill-never-love-again-.pdf;I'll Never Love Again;25;wDf4c;Published;FALSE;;
pianote;Lady Gaga;Is That Alright?;A Star Is Born: Original Motion Picture Soundtrack;Soundtrack, Pop;5;150;lady-gaga-a-star-is-born-original-motion-picture-soundtrack.jpg;lady-gaga-is-that-alright-.pdf;Is That Alright?;25;1rf4c;Published;FALSE;;
pianote;Lewis Capaldi;Someone You Loved;Divinely Uninspired to a Hellish Extent;Pop;4;150;lewis-capaldi-divinely-uninspired-to-a-hellish-extent.jpg;lewis-capaldi-someone-you-loved.pdf;Someone You Loved;25;8rf4c;Published;FALSE;;
pianote;Linda Ronstadt and Aaron Neville;Don't Know Much;Cry Like a Rainstorm, Howl Like the Wind;Rock;5;150;linda-ronstadt-and-aaron-neville-cry-like-a-rainstorm-howl-like-the-wind.jpg;linda-ronstadt-and-aaron-neville-dont-know-much.pdf;Don't Know Much;25;drf4c;Published;FALSE;;
pianote;Little Richard;Good Golly Miss Molly;Little Richard;Rock and Roll;5;150;little-richard-little-richard.jpg;little-richard-good-golly-miss-molly.pdf;Good Golly Miss Molly;25;7rf4c;Published;FALSE;;
pianote;Little Richard;Tutti Frutti;Here's Little Richard;Rock and Roll;5;150;little-richard-heres-little-richard.jpg;little-richard-tutti-frutti.pdf;Tutti Frutti;25;Wrf4c;Published;FALSE;;
pianote;Maroon 5;Memories;Jordi;Pop;5;150;maroon-5-jordi.jpg;maroon-5-memories.pdf;Memories;25;Brf4c;Published;FALSE;;
pianote;Michael Bublé;Feeling Good;It's Time;Jazz, Pop;6;150;michael-buble-its-time.jpg;michael-buble-feeling-good.pdf;Feeling Good;25;Zrf4c;Published;FALSE;;
pianote;Michael Bublé;Lost;Call Me Irresponsible;Jazz, Pop;6;150;michael-buble-call-me-irresponsible.jpg;michael-buble-lost.pdf;Lost;25;Lrf4c;Published;FALSE;;
pianote;Michael Bublé;Everything;Call Me Irresponsible;Jazz, Pop;5;150;michael-buble-call-me-irresponsible.jpg;michael-buble-everything.pdf;Everything;25;jrf4c;Published;FALSE;;
pianote;Michael Bublé;Home;It's Time;Jazz, Pop;5;150;michael-buble-its-time.jpg;michael-buble-home.pdf;Home;25;Prf4c;Published;FALSE;;
pianote;Norah Jones;Don't Know Why;Come Away with Me;Jazz, Pop;5;150;norah-jones-come-away-with-me.jpg;norah-jones-dont-know-why.pdf;Don't Know Why;25;YDf4c;Published;FALSE;;
pianote;Otis Redding;The Dock of the Bay;The Dock of the Bay;Soul;5;150;otis-redding-the-dock-of-the-bay.jpg;#REF!;#REF!;25;lDf4c;Published;FALSE;;
pianote;Olivia Newton-John;Hopelessly Devoted To You;Grease: Original Motion Picture Soundtrack;Soundtrack, Musical;4;150;olivia-newtonjohn-grease-original-motion-picture-soundtrack.jpg;olivia-newtonjohn-hopelessly-devoted-to-you-.pdf;Hopelessly Devoted To You;25;8TD4c;Published;FALSE;;
pianote;Paul McCartney;Maybe I'm Amazed;McCartney;Rock;6;150;paul-mccartney-mccartney.jpg;paul-mccartney-maybe-im-amazed.pdf;Maybe I'm Amazed;25;dTD4c;Published;FALSE;;
pianote;Queen;Bohemian Rhapsody;A Night at the Opera;Rock;7;200;queen-a-night-at-the-opera.jpg;queen-bohemian-rhapsody.pdf;Bohemian Rhapsody;25;-TD4c;Published;FALSE;;
pianote;Queen;Love Of My Life;A Night at the Opera;Rock;5;150;queen-a-night-at-the-opera.jpg;queen-love-of-my-life.pdf;Love Of My Life;25;7TD4c;Published;FALSE;;
pianote;Queen;Somebody To Love;A Day at the Races;Rock;5;150;queen-a-day-at-the-races.jpg;queen-somebody-to-love.pdf;Somebody To Love;25;ZWy4c;Published;FALSE;;
pianote;Queen;We Are The Champions;News of the World;Rock;7;200;queen-news-of-the-world.jpg;queen-we-are-the-champions.pdf;We Are The Champions;25;WTD4c;Published;FALSE;;
pianote;Rihanna;Unfaithful;A Girl like Me;Pop, R&B;4;150;rihanna-a-girl-like-me.jpg;rihanna-unfaithful.pdf;Unfaithful;25;BTD4c;Published;FALSE;;
pianote;Roy Orbison;Oh, Pretty Woman;Pretty Woman: Original Motion Picture Soundtrack;Rock;4;150;roy-orbison-pretty-woman-original-motion-picture-soundtrack.jpg;roy-orbison-oh-pretty-woman.pdf;Oh, Pretty Woman;25;ZTD4c;Published;FALSE;;
pianote;Steve Tyrell;A House Is Not A Home;Back To Bacharach;Soul;7;200;steve-tyrell-back-to-bacharach.jpg;steve-tyrell-a-house-is-not-a-home.pdf;A House Is Not A Home;25;9rf4c;Published;FALSE;;
pianote;Steve Tyrell;Walk On By;Back To Bacharach;Pop, Soul;5;150;steve-tyrell-back-to-bacharach.jpg;steve-tyrell-walk-on-by.pdf;Walk On By;25;Krf4c;Published;FALSE;;
pianote;Styx;Come Sail Away;The Grand Illusion;Rock;5;150;styx-the-grand-illusion.jpg;styx-come-sail-away.pdf;Come Sail Away;25;K7f4c;Published;FALSE;;
pianote;Supertramp;Take The Long Way Home;Breakfast In America;Pop;5;150;supertramp-breakfast-in-america.jpg;supertramp-take-the-long-way-home.pdf;Take The Long Way Home;25;x7f4c;Published;FALSE;;
pianote;Susan Boyle;I Dreamed A Dream;I Dreamed A Dream;Musical, Pop;5;150;susan-boyle-i-dreamed-a-dream.jpg;susan-boyle-i-dreamed-a-dream.pdf;I Dreamed A Dream;25;-7f4c;Published;FALSE;;
pianote;Taylor Swift;Back To December;Speak Now;Pop;5;150;taylor-swift-speak-now.jpg;taylor-swift-back-to-december.pdf;Back To December;25;Q7f4c;Published;FALSE;;
pianote;Taylor Swift;I Knew You Were Trouble;Red;Pop;5;150;taylor-swift-red.jpg;taylor-swift-i-knew-you-were-trouble.pdf;I Knew You Were Trouble;25;n7f4c;Published;FALSE;;
pianote;The Beach Boys;California Girls;Summer Days (And Summer Nights!!);Pop;5;150;the-beach-boys-summer-days-and-summer-nights.jpg;the-beach-boys-california-girls.pdf;California Girls;25;F7f4c;Published;FALSE;;
pianote;The Beach Boys;Don't Worry Baby;Shut Down Volume 2;Pop;5;150;the-beach-boys-shut-down-volume-2.jpg;the-beach-boys-dont-worry-baby.pdf;Don't Worry Baby;25;t7f4c;Published;FALSE;;
pianote;The Beach Boys;Fun, Fun, Fun;Shut Down Volume 2;Pop;5;150;the-beach-boys-shut-down-volume-2.jpg;the-beach-boys-fun-fun-fun.pdf;Fun, Fun, Fun;25;57f4c;Published;FALSE;;
pianote;The Beach Boys;God Only Knows;Pet Sounds;Pop;5;150;the-beach-boys-pet-sounds.jpg;the-beach-boys-god-only-knows.pdf;God Only Knows;25;67f4c;Published;FALSE;;
pianote;The Beach Boys;Good Vibrations;Good Vibrations - Single;Pop;5;150;the-beach-boys-good-vibrations-single.jpg;the-beach-boys-good-vibrations.pdf;Good Vibrations;25;G7f4c;Published;FALSE;;
pianote;The Beach Boys;I Get Around;All Summer Long;Pop;5;150;the-beach-boys-all-summer-long.jpg;the-beach-boys-i-get-around.pdf;I Get Around;25;r7f4c;Published;FALSE;;
pianote;The Beach Boys;In My Room;Surfer Girl;Pop;5;150;the-beach-boys-surfer-girl.jpg;the-beach-boys-in-my-room.pdf;In My Room;25;m7f4c;Published;FALSE;;
pianote;The Beach Boys;Little Deuce Coupe;Little Deuce Coupe;Pop;5;150;the-beach-boys-little-deuce-coupe.jpg;the-beach-boys-little-deuce-coupe.pdf;Little Deuce Coupe;25;v7f4c;Published;FALSE;;
pianote;The Beach Boys;Surfer Girl;Surfer Girl;Pop;5;150;the-beach-boys-surfer-girl.jpg;the-beach-boys-surfer-girl.pdf;Surfer Girl;25;S7f4c;Published;FALSE;;
pianote;The Beach Boys;Surfin' U.S.A.;Surfin' U.S.A.;Pop;5;150;the-beach-boys-surfin-usa.jpg;the-beach-boys-surfin-usa.pdf;Surfin' U.S.A.;25;p7f4c;Published;FALSE;;
pianote;The Beatles;All My Loving;With the Beatles;Rock;5;150;the-beatles-with-the-beatles.jpg;the-beatles-all-my-loving.pdf;All My Loving;25;NWf4c;Published;FALSE;;
pianote;The Beatles;And I Love Her;A Hard Day's Night;Rock;5;150;the-beatles-a-hard-days-night.jpg;the-beatles-and-i-love-her.pdf;And I Love Her;25;cWf4c;Published;FALSE;;
pianote;The Beatles;Back in the U.S.S.R.;The Beatles (White Album);Rock;5;150;the-beatles-the-beatles-white-album.jpg;the-beatles-back-in-the-ussr.pdf;Back in the U.S.S.R.;25;VWf4c;Published;FALSE;;
pianote;The Beatles;Because;Abbey Road;Rock;5;150;the-beatles-abbey-road.jpg;the-beatles-because.pdf;Because;25;fWf4c;Published;FALSE;;
pianote;The Beatles;Yesterday;Yesterday and Today;Rock;5;150;the-beatles-yesterday-and-today.jpg;the-beatles-yesterday.pdf;Yesterday;25;MWf4c;Published;FALSE;;
pianote;The Beatles;Blackbird;The Beatles (White Album);Rock;5;150;the-beatles-the-beatles-white-album.jpg;the-beatles-blackbird.pdf;Blackbird;25;kWf4c;Published;FALSE;;
pianote;The Beatles;Can't Buy Me Love;A Hard Day's Night;Rock;5;150;the-beatles-a-hard-days-night.jpg;the-beatles-cant-buy-me-love.pdf;Can't Buy Me Love;25;4Wf4c;Published;FALSE;;
pianote;The Beatles;Come Together;Abbey Road;Rock;5;150;the-beatles-abbey-road.jpg;the-beatles-come-together.pdf;Come Together;25;yWf4c;Published;FALSE;;
pianote;The Beatles;Day Tripper;Rubber Soul;Rock;5;150;the-beatles-rubber-soul.jpg;the-beatles-day-tripper.pdf;Day Tripper;25;wWf4c;Published;FALSE;;
pianote;The Beatles;Eleanor Rigby;Revolver;Rock;5;150;the-beatles-revolver.jpg;the-beatles-eleanor-rigby.pdf;Eleanor Rigby;25;YWf4c;Published;FALSE;;
pianote;The Beatles;Got To Get You Into My Life;Revolver;Rock;5;150;the-beatles-revolver.jpg;the-beatles-got-to-get-you-into-my-life.pdf;Got To Get You Into My Life;25;K7D4c;Published;FALSE;;
pianote;The Beatles;I Want To Hold Your Hand;I Want To Hold Your Hand - Single;Rock;5;150;the-beatles-i-want-to-hold-your-hand-single.jpg;the-beatles-i-want-to-hold-your-hand.pdf;I Want To Hold Your Hand;25;x7D4c;Published;FALSE;;
pianote;The Beatles;In My Life;Rubber Soul;Rock;5;150;the-beatles-rubber-soul.jpg;the-beatles-in-my-life.pdf;In My Life;25;-7D4c;Published;FALSE;;
pianote;The Beatles;Michelle;Rubber Soul;Rock;5;150;the-beatles-rubber-soul.jpg;the-beatles-michelle.pdf;Michelle;25;Q7D4c;Published;FALSE;;
pianote;The Beatles;Ob-La-Di, Ob-La-Da;The Beatles (White Album);Rock;5;150;the-beatles-the-beatles-white-album.jpg;the-beatles-obladi-oblada.pdf;Ob-La-Di, Ob-La-Da;25;n7D4c;Published;FALSE;;
pianote;The Beatles;Something;Abbey Road;Rock;5;150;the-beatles-abbey-road.jpg;the-beatles-something.pdf;Something;25;F7D4c;Published;FALSE;;
pianote;The Beatles;The Long And Winding Road;Let It Be;Rock;5;150;the-beatles-let-it-be.jpg;the-beatles-the-long-and-winding-road.pdf;The Long And Winding Road;25;t7D4c;Published;FALSE;;
pianote;The Beatles;When I'm Sixty-Four;Sgt. Pepper's Lonely Hearts Club Band;Rock;5;150;the-beatles-sgt-peppers-lonely-hearts-club-band.jpg;the-beatles-when-im-sixtyfour.pdf;When I'm Sixty-Four;25;57D4c;Published;FALSE;;
pianote;The Beatles;While My Guitar Gently Weeps;The Beatles (White Album);Rock;5;150;the-beatles-the-beatles-white-album.jpg;the-beatles-while-my-guitar-gently-weeps.pdf;While My Guitar Gently Weeps;25;g7D4c;Published;FALSE;;
pianote;The Beatles;With A Little Help From My Friends;Sgt. Pepper's Lonely Hearts Club Band;Rock;5;150;the-beatles-sgt-peppers-lonely-hearts-club-band.jpg;the-beatles-with-a-little-help-from-my-friends.pdf;With A Little Help From My Friends;25;67D4c;Published;FALSE;;
pianote;The Commodores;Easy;Commodores;Pop, Soul;5;150;the-commodores-commodores.jpg;the-commodores-easy.pdf;Easy;25;xrf4c;Published;FALSE;;
pianote;The Doors;Break On Through (To The Other Side);The Doors;Rock;6;150;the-doors-the-doors.jpg;the-doors-break-on-through-to-the-other-side.pdf;Break On Through (To The Other Side);25;-rf4c;Published;FALSE;;
pianote;The Doors;Hello, I Love You (Won't You Tell Me Your Name?);Waiting For The Sun;Rock;6;150;the-doors-waiting-for-the-sun.jpg;the-doors-hello-i-love-you-wont-you-tell-me-your-name.pdf;Hello, I Love You (Won't You Tell Me Your Name?);25;Qrf4c;Published;FALSE;;
pianote;The Doors;Roadhouse Blues;Morrison Hotel;Rock;6;150;the-doors-morrison-hotel.jpg;the-doors-roadhouse-blues.pdf;Roadhouse Blues;25;PfD4c;Published;FALSE;;
pianote;The Doors;People Are Strange;Strange Days;Rock;5;150;the-doors-strange-days.jpg;the-doors-people-are-strange.pdf;People Are Strange;25;Xrf4c;Published;FALSE;;
pianote;The Doors;Love Me Two Times;Strange Days;Rock;6;150;the-doors-strange-days.jpg;the-doors-love-me-two-times.pdf;Love Me Two Times;25;qrf4c;Published;FALSE;;
pianote;The Doors;Riders On The Storm;L.A. Woman;Rock;5;150;the-doors-la-woman.jpg;the-doors-riders-on-the-storm.pdf;Riders On The Storm;25;Hrf4c;Published;FALSE;;
pianote;The Four Tops;I Can't Help Myself (Sugar Pie, Honey Bunch);Four Tops Second Album;Soul;5;150;the-four-tops-four-tops-second-album.jpg;the-four-tops-i-cant-help-myself-sugar-pie-honey-bunch.pdf;I Can't Help Myself (Sugar Pie, Honey Bunch);25;Trf4c;Published;FALSE;;
pianote;The Righteous Brothers;Unchained Melody;Just Once In My Life;Pop;4;150;the-righteous-brothers-just-once-in-my-life.jpg;the-righteous-brothers-unchained-melody.pdf;Unchained Melody;25;Jrf4c;Published;FALSE;;
pianote;Tina Turner;What's Love Got To Do With It;Private Dancer;R&B, Pop;5;150;tina-turner-private-dancer.jpg;tina-turner-whats-love-got-to-do-with-it.pdf;What's Love Got To Do With It;25;brf4c;Published;FALSE;;
pianote;Whitney Houston;The Greatest Love Of All;Whitney Houston;R&B;6;150;whitney-houston-whitney-houston.jpg;whitney-houston-the-greatest-love-of-all.pdf;The Greatest Love Of All;25;srf4c;Published;FALSE;;
pianote;Andrew Lloyd Webber;The Music Of The Night;The Phantom Of The Opera - The Musical;Musical;5;150;andrew-lloyd-webber-the-phantom-of-the-opera-the-musical.jpg;andrew-lloyd-webber-the-music-of-the-night-.pdf;The Music Of The Night;25;DKk4c/;Published;FALSE;;
pianote;Andrew Lloyd Webber;Gus: The Theatre Cat;Cats - The Musical;Musical;4;150;andrew-lloyd-webber-cats-the-musical.jpg;andrew-lloyd-webber-gus-the-theatre-cat-.pdf;Gus: The Theatre Cat;25;VR44c;Published;FALSE;;
pianote;Andrew Lloyd Webber;I Don't Know How To Love Him;Jesus Christ Superstar - The Musical;Musical;6;150;andrew-lloyd-webber-jesus-christ-superstar-the-musical.jpg;andrew-lloyd-webber-i-dont-know-how-to-love-him-.pdf;I Don't Know How To Love Him;25;kKk4c;Published;FALSE;;
pianote;Andrew Lloyd Webber;The Point Of No Return;The Phantom Of The Opera - The Musical;Musical;6;150;andrew-lloyd-webber-the-phantom-of-the-opera-the-musical.jpg;andrew-lloyd-webber-the-point-of-no-return-.pdf;The Point Of No Return;25;4Kk4c;Published;FALSE;;
pianote;Andrew Lloyd Webber;Memory;Cats - The Musical;Musical;5;150;andrew-lloyd-webber-cats-the-musical.jpg;andrew-lloyd-webber-memory-.pdf;Memory;25;6Kk4c;Published;FALSE;;
pianote;Barbra Streisand;People;People;Musical;5;150;barbra-streisand-people.jpg;barbra-streisand-people.pdf;People;25;zpk4c;Published;FALSE;;
pianote;Boublil and Schonberg;Do You Hear The People Sing?;Les Misérables - The Musical;Musical;5;150;boublil-and-schonberg-les-miserables-the-musical.jpg;boublil-and-schonberg-do-you-hear-the-people-sing.pdf;Do You Hear The People Sing?;25;lpk4c;Published;FALSE;;
pianote;Boublil and Schonberg;Empty Chairs At Empty Tables;Les Misérables - The Musical;Musical;5;150;boublil-and-schonberg-les-miserables-the-musical.jpg;boublil-and-schonberg-empty-chairs-at-empty-tables-.pdf;Empty Chairs At Empty Tables;25;Ypk4c;Published;FALSE;;
pianote;Charles Strouse;Tomorrow;Annie - The Musical;Musical;5;150;charles-strouse-annie-the-musical.jpg;charles-strouse-tomorrow.pdf;Tomorrow;25;DR44c;Published;FALSE;;
pianote;Claude-Michel Schonberg;Bring Him Home;Les Misérables - The Musical;Musical;5;150;claudemichel-schonberg-les-miserables-the-musical.jpg;claudemichel-schonberg-bring-him-home-.pdf;Bring Him Home;25;MR44c;Published;FALSE;;
pianote;Edith Piaf;La Vie En Rose (Take Me To Your Heart Again);Chansons Parisiennes;Jazz;5;150;edith-piaf-chansons-parisiennes.jpg;edith-piaf-la-vie-en-rose-take-me-to-your-heart-again.pdf;La Vie En Rose (Take Me To Your Heart Again);25;kR44c;Published;FALSE;;
pianote;Leonard Bernstein;Some Other Time;On The Town - The Musical;Musical;5;150;leonard-bernstein-on-the-town-the-musical.jpg;leonard-bernstein-some-other-time.pdf;Some Other Time;25;yY44c;Published;FALSE;;
pianote;Leslie Bricusse and Anthony Newley;Pure Imagination;Willy Wonka and the Chocolate Factory: Original Motion Picture Soundtrack;Soundtrack;6;150;leslie-bricusse-and-anthony-newley-willy-wonka-and-the-chocolate-factory-original-motion-picture-soundtrack-.jpg;leslie-bricusse-and-anthony-newley-pure-imagination-.pdf;Pure Imagination;25;wY44c;Published;FALSE;;
pianote;Lin-Manuel Miranda;Alexander Hamilton;Hamilton - The Musical;Soundtrack, Musical;5;150;linmanuel-miranda-hamilton-the-musical.jpg;linmanuel-miranda-alexander-hamilton-.pdf;Alexander Hamilton;25;GKk4c;Published;FALSE;;
pianote;Lin-Manuel Miranda;Guns And Ships;Hamilton - The Musical;Soundtrack, Musical;5;150;linmanuel-miranda-hamilton-the-musical.jpg;linmanuel-miranda-guns-and-ships-.pdf;Guns And Ships;25;hKk4c;Published;FALSE;;
pianote;Lin-Manuel Miranda;My Shot;Hamilton - The Musical;Soundtrack, Musical;5;150;linmanuel-miranda-hamilton-the-musical.jpg;linmanuel-miranda-my-shot-.pdf;My Shot;25;mKk4c;Published;FALSE;;
pianote;Lin-Manuel Miranda;Satisfied;Hamilton - The Musical;Soundtrack, Musical;5;150;linmanuel-miranda-hamilton-the-musical.jpg;linmanuel-miranda-satisfied-.pdf;Satisfied;25;vKk4c;Published;FALSE;;
pianote;Lin-Manuel Miranda;The Room Where It Happens;Hamilton - The Musical;Soundtrack, Musical;5;150;linmanuel-miranda-hamilton-the-musical.jpg;linmanuel-miranda-the-room-where-it-happens-.pdf;The Room Where It Happens;25;cxk4c;Published;FALSE;;
pianote;Lin-Manuel Miranda;The Schuyler Sisters;Hamilton - The Musical;Soundtrack, Musical;5;150;linmanuel-miranda-hamilton-the-musical.jpg;linmanuel-miranda-the-schuyler-sisters.pdf;The Schuyler Sisters;25;nV44c;Published;FALSE;;
pianote;Lin-Manuel Miranda;Wait For It;Hamilton - The Musical;Soundtrack, Musical;5;150;linmanuel-miranda-hamilton-the-musical.jpg;linmanuel-miranda-wait-for-it-.pdf;Wait For It;25;VM44c;Published;FALSE;;
pianote;Lin-Manuel Miranda;Yorktown (The World Turned Upside Down);Hamilton - The Musical;Soundtrack, Musical;5;150;linmanuel-miranda-hamilton-the-musical.jpg;linmanuel-miranda-yorktown-the-world-turned-upside-down-.pdf;Yorktown (The World Turned Upside Down);25;zY44c;Published;FALSE;;
pianote;Lin-Manuel Miranda;You'll Be Back;Hamilton - The Musical;Soundtrack, Musical;5;150;linmanuel-miranda-hamilton-the-musical.jpg;linmanuel-miranda-youll-be-back-.pdf;You'll Be Back;25;Vxk4c;Published;FALSE;;
pianote;Louis Armstrong;Hello, Dolly!;Hello, Dolly!;Soundtrack, Musical;5;150;louis-armstrong-hello-dolly.jpg;louis-armstrong-hello-dolly.pdf;Hello, Dolly!;25;YY44c;Published;FALSE;;
pianote;Marc Shaiman;I Can Hear The Bells;Hairspray: Original Motion Picture Soundtrack;Soundtrack, Musical;5;150;marc-shaiman-hairspray-original-motion-picture-soundtrack.jpg;marc-shaiman-i-can-hear-the-bells.pdf;I Can Hear The Bells;25;2Y44c;Published;FALSE;;
pianote;Queen Latifah;I Know Where I've Been;Hairspray: Original Motion Picture Soundtrack;Soundtrack, Musical;5;150;queen-latifah-hairspray-original-motion-picture-soundtrack.jpg;queen-latifah-i-know-where-ive-been-.pdf;I Know Where I've Been;25;CY44c;Published;FALSE;;
pianote;Marc Shaiman;Run And Tell That;Hairspray: Original Motion Picture Soundtrack;Soundtrack, Musical;5;150;marc-shaiman-hairspray-original-motion-picture-soundtrack.jpg;marc-shaiman-run-and-tell-that.pdf;Run And Tell That;25;RY44c;Published;FALSE;;
pianote;Marc Shaiman;The Nicest Kids In Town;Hairspray: Original Motion Picture Soundtrack;Soundtrack, Musical;5;150;marc-shaiman-hairspray-original-motion-picture-soundtrack.jpg;marc-shaiman-the-nicest-kids-in-town.pdf;The Nicest Kids In Town;25;4R44c;Published;FALSE;;
pianote;Sia Furler, Jesse Shatkin;Chandelier;Moulin Rouge - The Musical;Soundtrack, Musical;4;150;sia-furler-jesse-shatkin-moulin-rouge-the-musical.jpg;sia-furler-jesse-shatkin-chandelier-.pdf;Chandelier;25;LWy4c;Published;FALSE;;
pianote;David Baerwald, Kevin Gilbert;Come What May;Moulin Rouge - The Musical;Soundtrack, Musical;5;150;david-baerwald-kevin-gilbert-moulin-rouge-the-musical.jpg;david-baerwald-kevin-gilbert-come-what-may-.pdf;Come What May;25;zLk4c;Published;FALSE;;
pianote;Craig Pearce, Baz Luhrmann, Gordon Sumner, Mariano Mores;El Tango De Roxanne;Moulin Rouge - The Musical;Soundtrack, Musical;5;150;craig-pearce-baz-luhrmann-gordon-sumner-mariano-mores-moulin-rouge-the-musical.jpg;craig-pearce-baz-luhrmann-gordon-sumner-mariano-mores-el-tango-de-roxanne-.pdf;El Tango De Roxanne;25;jWy4c;Published;FALSE;;
pianote;Moulin Rouge! The Musical Cast;Firework;Moulin Rouge - The Musical;;4;150;moulin-rouge-the-musical-cast-moulin-rouge-the-musical.jpg;moulin-rouge-the-musical-cast-firework.pdf;Firework;25;TLk4c;Published;FALSE;;
pianote;Nacio Herb Brown;Singin' In The Rain;Singin' In The Rain: Original Film Soundtrack;Soundtrack, Musical;6;150;nacio-herb-brown-singin-in-the-rain-original-film-soundtrack.jpg;nacio-herb-brown-singin-in-the-rain.pdf;Singin' In The Rain;25;wpk4c;Published;FALSE;;
pianote;Nathan Tysen & Daniel Messé;Where Do We Go From Here;Amélie - The Musical;Musical;5;150;nathan-tysen-and-daniel-messe-amelie-the-musical.jpg;nathan-tysen-and-daniel-messe-where-do-we-go-from-here-.pdf;Where Do We Go From Here;25;PWy4c;Published;FALSE;;
pianote;Nina Simone;Little Girl Blue;Little Girl Blue;Jazz, Musical;5;150;nina-simone-little-girl-blue.jpg;nina-simone-little-girl-blue.pdf;Little Girl Blue;25;8Lk4c;Published;FALSE;;
pianote;Rodgers & Hammerstein;Climb Ev'ry Mountain;The Sound Of Music - The Musical Original Motion Picture Soundtrack;Soundtrack, Musical;5;150;rodgers-and-hammerstein-the-sound-of-music-the-musical-original-motion-picture-soundtrack.jpg;rodgers-and-hammerstein-climb-evry-mountain-.pdf;Climb Ev'ry Mountain;25;ypk4c;Published;FALSE;;
pianote;Julie Andrews;Do-Re-Mi;The Sound Of Music: Original Motion Picture Soundtrack;Soundtrack, Musical;4;150;julie-andrews-the-sound-of-music-original-motion-picture-soundtrack.jpg;julie-andrews-doremi-.pdf;Do-Re-Mi;25;4pk4c;Published;FALSE;;
pianote;Rodgers & Hammerstein;I Have Confidence;The Sound Of Music: Original Motion Picture Soundtrack;Soundtrack, Musical;4;150;rodgers-and-hammerstein-the-sound-of-music-original-motion-picture-soundtrack.jpg;rodgers-and-hammerstein-i-have-confidence-.pdf;I Have Confidence;25;kpk4c;Published;FALSE;;
pianote;Rodgers & Hammerstein;Lonely Room;Oklahoma! - The Musical;Soundtrack, Musical;4;150;rodgers-and-hammerstein-oklahoma-the-musical.jpg;rodgers-and-hammerstein-lonely-room-.pdf;Lonely Room;25;5V44c;Published;FALSE;;
pianote;Rodgers & Hammerstein;Maria;The Sound Of Music: Original Motion Picture Soundtrack;Soundtrack, Musical;5;150;rodgers-and-hammerstein-the-sound-of-music-original-motion-picture-soundtrack.jpg;rodgers-and-hammerstein-maria-.pdf;Maria;25;Mpk4c;Published;FALSE;;
pianote;Rodgers & Hammerstein;So Long, Farewell;The Sound Of Music: Original Motion Picture Soundtrack;Soundtrack, Musical;5;150;rodgers-and-hammerstein-the-sound-of-music-original-motion-picture-soundtrack.jpg;rodgers-and-hammerstein-so-long-farewell.pdf;So Long, Farewell;25;fM44c;Published;FALSE;;
pianote;Sammy Davis, Jr.;If My Friends Could See Me Now;Sweet Charity - The Musical;Musical;4;150;sammy-davis-jr-sweet-charity-the-musical.jpg;sammy-davis-jr-if-my-friends-could-see-me-now.pdf;If My Friends Could See Me Now;25;MM44c;Published;FALSE;;
pianote;Alan Menken / Disney;Part Of Your World;The Little Mermaid: Original Walt Disney Records Soundtrack;Soundtrack, Musical;4;150;alan-menken--disney-the-little-mermaid-original-walt-disney-records-soundtrack.jpg;alan-menken--disney-part-of-your-world.pdf;Part Of Your World;25;TMl4c;Published;FALSE;;
pianote;Andrea Bocelli;Because We Believe;Amore, The Best of Andrea Bocelli: Vivere;Pop;5;150;andrea-bocelli-amore-the-best-of-andrea-bocelli-vivere.jpg;andrea-bocelli-because-we-believe.pdf;Because We Believe;25;JMl4c;Published;FALSE;;
pianote;Tony Bennett;I Left My Heart In San Francisco;I Left My Heart in San Francisco;Jazz;6;150;tony-bennett-i-left-my-heart-in-san-francisco.jpg;tony-bennett-i-left-my-heart-in-san-francisco.pdf;I Left My Heart In San Francisco;25;sqM4c;Published;FALSE;;
pianote;Tony Bennett;It Had To Be You;It Had To Be You - Single;Jazz;6;150;tony-bennett-it-had-to-be-you-single.jpg;tony-bennett-it-had-to-be-you.pdf;It Had To Be You;25;1qM4c;Published;FALSE;;
pianote;George Gershwin;I've Got A Crush On You;;Jazz;5;150;george-gershwin-.jpg;george-gershwin-ive-got-a-crush-on-you.pdf;I've Got A Crush On You;25;8qM4c;Published;FALSE;;
pianote;Charles Strouse;Put On A Happy Face;Bye Bye Birdie - The Musical;Musical;5;150;charles-strouse-bye-bye-birdie-the-musical.jpg;charles-strouse-put-on-a-happy-face.pdf;Put On A Happy Face;25;dqM4c;Published;FALSE;;
pianote;Steve Tyrell;Ain't Misbehavin';Standard Time;Jazz;7;200;steve-tyrell-standard-time.jpg;steve-tyrell-aint-misbehavin.pdf;Ain't Misbehavin';25;7qM4c;Published;FALSE;;
pianote;Edward Heyman, Frank Eyton, John Green, Robert Sour;Body And Soul;;Jazz;7;200;edward-heyman-frank-eyton-john-green-robert-sour-.jpg;edward-heyman-frank-eyton-john-green-robert-sour-body-and-soul.pdf;Body And Soul;25;WqM4c;Published;FALSE;;
pianote;Irving Berlin;Cheek To Cheek;;Jazz;7;200;irving-berlin-.jpg;irving-berlin-cheek-to-cheek.pdf;Cheek To Cheek;25;BqM4c;Published;FALSE;;
pianote;Oscar Hammerstein Ii, Richard Rodgers;It Might As Well Be Spring;;Jazz;6;150;oscar-hammerstein-ii-richard-rodgers-.jpg;oscar-hammerstein-ii-richard-rodgers-it-might-as-well-be-spring.pdf;It Might As Well Be Spring;25;ZqM4c;Published;FALSE;;
pianote;Diana Krall;It Could Happen To You;From This Moment On;Jazz;6;150;diana-krall-from-this-moment-on.jpg;diana-krall-it-could-happen-to-you.pdf;It Could Happen To You;25;LqM4c;Published;FALSE;;
pianote;Etta James;I Just Want To Make Love To You;At Last!;R&B;5;150;etta-james-at-last.jpg;etta-james-i-just-want-to-make-love-to-you.pdf;I Just Want To Make Love To You;25;jqM4c;Published;FALSE;;
pianote;Frank Sinatra;A Foggy Day (In London Town);Songs For Young Lovers;Jazz;6;150;frank-sinatra-songs-for-young-lovers.jpg;frank-sinatra-a-foggy-day-in-london-town.pdf;A Foggy Day (In London Town);25;PqM4c;Published;FALSE;;
pianote;Frank Sinatra;As Time Goes By;Point Of No Return;Jazz;5;150;frank-sinatra-point-of-no-return.jpg;frank-sinatra-as-time-goes-by.pdf;As Time Goes By;25;9qM4c;Published;FALSE;;
pianote;Frank Sinatra;Blue Moon;Sinatra's Swingin' Session!!!;Jazz;6;150;frank-sinatra-sinatras-swingin-session.jpg;frank-sinatra-blue-moon.pdf;Blue Moon;25;KqM4c;Published;FALSE;;
pianote;Frank Sinatra;Blues In The Night;Frank Sinatra Sings for Only the Lonely;Jazz;6;150;frank-sinatra-frank-sinatra-sings-for-only-the-lonely.jpg;frank-sinatra-blues-in-the-night.pdf;Blues In The Night;25;xqM4c;Published;FALSE;;
pianote;Frank Sinatra;Come Fly With Me;Come Fly With Me;Jazz;6;150;frank-sinatra-come-fly-with-me.jpg;frank-sinatra-come-fly-with-me.pdf;Come Fly With Me;25;-qM4c;Published;FALSE;;
pianote;Frank Sinatra;Days Of Wine And Roses;Days Of Wine And Roses;Jazz;5;150;frank-sinatra-days-of-wine-and-roses.jpg;frank-sinatra-days-of-wine-and-roses.pdf;Days Of Wine And Roses;25;QqM4c;Published;FALSE;;
pianote;Frank Sinatra;Fly Me To The Moon (In Other Words);Might As Well Be Swing;Jazz;5;150;frank-sinatra-might-as-well-be-swing.jpg;frank-sinatra-fly-me-to-the-moon-in-other-words.pdf;Fly Me To The Moon (In Other Words);25;nqM4c;Published;FALSE;;
pianote;Frank Sinatra;I Could Write A Book;I Hear a Rhapsody;Jazz;6;150;frank-sinatra-i-hear-a-rhapsody.jpg;frank-sinatra-i-could-write-a-book.pdf;I Could Write A Book;25;FqM4c;Published;FALSE;;
pianote;Frank Sinatra;I Get A Kick Out Of You;Songs For Young Lovers;Jazz;5;150;frank-sinatra-songs-for-young-lovers.jpg;frank-sinatra-i-get-a-kick-out-of-you.pdf;I Get A Kick Out Of You;25;tqM4c;Published;FALSE;;
pianote;Frank Sinatra;I've Got You Under My Skin;Songs for Swingin' Lovers!;Jazz;5;150;frank-sinatra-songs-for-swingin-lovers.jpg;frank-sinatra-ive-got-you-under-my-skin.pdf;I've Got You Under My Skin;25;5qM4c;Published;FALSE;;
pianote;Frank Sinatra;My Way;My Way;Jazz;6;150;frank-sinatra-my-way.jpg;frank-sinatra-my-way.pdf;My Way;25;6qM4c;Published;FALSE;;
pianote;Frank Sinatra;Saturday Night (Is The Loneliest Night Of The Week);Sing and Dance with Frank Sinatra;Jazz;6;150;frank-sinatra-sing-and-dance-with-frank-sinatra.jpg;frank-sinatra-saturday-night-is-the-loneliest-night-of-the-week.pdf;Saturday Night (Is The Loneliest Night Of The Week);25;rqM4c;Published;FALSE;;
pianote;Frank Sinatra;Strangers In The Night;Strangers In The Night;Jazz;5;150;frank-sinatra-strangers-in-the-night.jpg;frank-sinatra-strangers-in-the-night.pdf;Strangers In The Night;25;hqM4c;Published;FALSE;;
pianote;Frank Sinatra;"Theme From ""New York, New York""";Trilogy: Past Present Future;Jazz;6;150;frank-sinatra-trilogy-past-present-future.jpg;frank-sinatra-theme-from-new-york-new-york.pdf;"Theme From ""New York, New York""";25;CqM4c;Published;FALSE;;
pianote;Frank Sinatra;They Can't Take That Away From Me;Songs For Young Lovers;Jazz;6;150;frank-sinatra-songs-for-young-lovers.jpg;frank-sinatra-they-cant-take-that-away-from-me.pdf;They Can't Take That Away From Me;25;RqM4c;Published;FALSE;;
pianote;Kander & Ebb;Cabaret;;Jazz, Musical;6;150;kander-and-ebb-.jpg;kander-and-ebb-cabaret.pdf;Cabaret;25;3qM4c;Published;FALSE;;
pianote;Louis Armstrong;Basin Street Blues;Basin Street Blues;Jazz;6;150;louis-armstrong-basin-street-blues.jpg;louis-armstrong-basin-street-blues.pdf;Basin Street Blues;25;XqM4c;Published;FALSE;;
pianote;Louis Armstrong;On The Sunny Side Of The Street;The Definitive Collection;Jazz;4;150;louis-armstrong-the-definitive-collection.jpg;louis-armstrong-on-the-sunny-side-of-the-street.pdf;On The Sunny Side Of The Street;25;qqM4c;Published;FALSE;;
pianote;Nat King Cole;Mona Lisa;Mona Lisa - Single;Jazz;5;150;nat-king-cole-mona-lisa-single.jpg;nat-king-cole-mona-lisa.pdf;Mona Lisa;25;HqM4c;Published;FALSE;;
pianote;Peggy Lee;Fever;Fever - Single;Jazz;2;100;peggy-lee-fever-single.jpg;peggy-lee-fever.pdf;Fever;25;TqM4c;Published;FALSE;;
pianote;Bert Brecht, Marc Blitzstein, Kurt Weill;Mack The Knife;;Jazz;5;150;bert-brecht-marc-blitzstein-kurt-weill-.jpg;bert-brecht-marc-blitzstein-kurt-weill-mack-the-knife.pdf;Mack The Knife;25;JqM4c;Published;FALSE;;
pianote;Rodgers & Hammerstein;Hello, Young Lovers;;Jazz;4;150;rodgers-and-hammerstein-.jpg;rodgers-and-hammerstein-hello-young-lovers.pdf;Hello, Young Lovers;25;bqM4c;Published;FALSE;;
pianote;Bing Crosby;I'll Be Home For Christmas;I'll Be Home For Christmas - Single;Christmas;5;150;bing-crosby-ill-be-home-for-christmas-single.jpg;bing-crosby-ill-be-home-for-christmas.pdf;I'll Be Home For Christmas;25;kM44c;Published;FALSE;;
pianote;Andy Williams;Do You Hear What I Hear;Merry Christmas;Christmas;4;150;andy-williams-merry-christmas.jpg;andy-williams-do-you-hear-what-i-hear.pdf;Do You Hear What I Hear;25;Y6M4c;Published;FALSE;;
pianote;Andy Williams;Silver Bells;Merry Christmas;Christmas;4;150;andy-williams-merry-christmas.jpg;andy-williams-silver-bells.pdf;Silver Bells;25;C6M4c;Published;FALSE;;
pianote;Andy Williams;The Christmas Song (Chestnuts Roasting On An Open Fire);The Andy Williams Christmas Album;Christmas;6;150;andy-williams-the-andy-williams-christmas-album.jpg;andy-williams-the-christmas-song-chestnuts-roasting-on-an-open-fire.pdf;The Christmas Song (Chestnuts Roasting On An Open Fire);25;T6M4c;Published;FALSE;;
pianote;Bobby Vinton;Do You Hear What I Hear;Kissin' Christmas;Christmas;4;150;bobby-vinton-kissin-christmas.jpg;bobby-vinton-do-you-hear-what-i-hear.pdf;Do You Hear What I Hear;25;J6M4c;Published;FALSE;;
pianote;Brenda Lee;Rockin' Around The Christmas Tree;Rockin' Around The Christmas Tree;Christmas;5;150;brenda-lee-rockin-around-the-christmas-tree.jpg;brenda-lee-rockin-around-the-christmas-tree.pdf;Rockin' Around The Christmas Tree;25;j6M4c;Published;FALSE;;
pianote;Traditional Carol;Away In A Manger (Murray);;Christmas;3;100;traditional-carol-.jpg;traditional-carol-away-in-a-manger-murray.pdf;Away In A Manger (Murray);25;bMl4c;Published;FALSE;;
pianote;Tim Rice, Elton John;Circle of Life;The Lion King: Original Motion Picture Soundtrack;Disney, Soundtrack;4;150;tim-rice-elton-john-the-lion-king-original-motion-picture-soundtrack.jpg;tim-rice-elton-john-circle-of-life.pdf;Circle of Life;25;P6M4c;Published;FALSE;;
pianote;High School Musical Cast;Start Of Something New;High School Musical: Original Motion Picture Soundtrack;Disney, Soundtrack, Musical;5;150;high-school-musical-cast-high-school-musical-original-motion-picture-soundtrack.jpg;high-school-musical-cast-start-of-something-new.pdf;Start Of Something New;25;t6M4c;Published;FALSE;;
pianote;High School Musical Cast;What I've Been Looking For;High School Musical: Original Motion Picture Soundtrack;Disney, Soundtrack, Musical;4;150;high-school-musical-cast-high-school-musical-original-motion-picture-soundtrack.jpg;high-school-musical-cast-what-ive-been-looking-for.pdf;What I've Been Looking For;25;v6M4c;Published;FALSE;;
pianote;High School Musical Cast;When There Was Me And You;High School Musical: Original Motion Picture Soundtrack;Disney, Soundtrack, Musical;5;150;high-school-musical-cast-high-school-musical-original-motion-picture-soundtrack.jpg;high-school-musical-cast-when-there-was-me-and-you.pdf;When There Was Me And You;25;VGM4c;Published;FALSE;;
pianote;Sammy Fain;Once Upon A Dream;Sleeping Beauty: Original Motion Picture Soundtrack;Disney, Soundtrack;3;100;sammy-fain-sleeping-beauty-original-motion-picture-soundtrack.jpg;sammy-fain-once-upon-a-dream.pdf;Once Upon A Dream;25;9Wy4c;Published;FALSE;;
pianote;Sherman Brothers;Feed The Birds;Mary Poppins: Original Motion Picture Soundtrack;Disney, Soundtrack;4;150;sherman-brothers-mary-poppins-original-motion-picture-soundtrack.jpg;sherman-brothers-feed-the-birds.pdf;Feed The Birds;25;KWy4c;Published;FALSE;;
pianote;Sherman Brothers;Let's Go Fly A Kite;Mary Poppins: Original Motion Picture Soundtrack;Disney, Soundtrack;3;100;sherman-brothers-mary-poppins-original-motion-picture-soundtrack.jpg;sherman-brothers-lets-go-fly-a-kite.pdf;Let's Go Fly A Kite;25;xt44c;Published;FALSE;;
pianote;Sherman Brothers;The Perfect Nanny;Mary Poppins: Original Motion Picture Soundtrack;Disney, Soundtrack;4;150;sherman-brothers-mary-poppins-original-motion-picture-soundtrack.jpg;sherman-brothers-the-perfect-nanny.pdf;The Perfect Nanny;25;Kt44c;Published;FALSE;;
pianote;Sherman Brothers;The Wonderful Thing About Tiggers;Disney's Greatest, Vol. 3;Disney, Soundtrack;3;100;sherman-brothers-disneys-greatest-vol-3.jpg;sherman-brothers-the-wonderful-thing-about-tiggers.pdf;The Wonderful Thing About Tiggers;25;9t44c;Published;FALSE;;
pianote;Terry Gilkyson;The Bare Necessities;The Jungle Book: Original Motion Picture Soundtrack;Disney, Soundtrack;4;150;terry-gilkyson-the-jungle-book-original-motion-picture-soundtrack.jpg;terry-gilkyson-the-bare-necessities.pdf;The Bare Necessities;25;Pt44c;Published;FALSE;;
pianote;Zac Efron & Vanessa Hudgens;Breaking Free;High School Musical: An Original Walk Disney Soundtrack;Disney, Soundtrack, Musical;5;150;zac-efron-and-vanessa-hudgens-high-school-musical-an-original-walk-disney-soundtrack.jpg;zac-efron-and-vanessa-hudgens-breaking-free-.pdf;Breaking Free;25;MGM4c;Published;FALSE;;
pianote;Carole King;You've Got A Friend;Tapestry;Rock, Pop;5;150;carole-king-tapestry.jpg;carole-king-youve-got-a-friend.pdf;You've Got A Friend;25;yGM4c;Published;FALSE;;
pianote;John Lennon;Imagine;Imagine;Pop, Rock;4;150;john-lennon-imagine.jpg;john-lennon-imagine.pdf;Imagine;25;jt44c;Published;FALSE;;
pianote;Leonard Cohen;Hallelujah;Various Positions;Folk, Rock;4;150;leonard-cohen-various-positions.jpg;leonard-cohen-hallelujah.pdf;Hallelujah;25;chM4c;Published;FALSE;;
pianote;Nina Simone;He Needs Me;Little Girl Blue;Jazz, Pop;4;150;nina-simone-little-girl-blue.jpg;nina-simone-he-needs-me.pdf;He Needs Me;25;GmM4c;Published;FALSE;;
pianote;Nina Simone;Lilac Wine;Wild Is The Wind;Pop;4;150;nina-simone-wild-is-the-wind.jpg;nina-simone-lilac-wine.pdf;Lilac Wine;25;rmM4c;Published;FALSE;;
pianote;Nina Simone;My Baby Just Cares For Me;Little Girl Blue;Pop, Soul;5;150;nina-simone-little-girl-blue.jpg;nina-simone-my-baby-just-cares-for-me.pdf;My Baby Just Cares For Me;25;mmM4c;Published;FALSE;;
pianote;Nina Simone;Young, Gifted And Black;Black Gold;Soul;5;150;nina-simone-black-gold.jpg;nina-simone-young-gifted-and-black.pdf;Young, Gifted And Black;25;vmM4c;Published;FALSE;;
pianote;Lynyrd Skynyrd;Sweet Home Alabama;Second Helping;Rock;5;150;lynyrd-skynyrd-second-helping.jpg;lynyrd-skynyrd-sweet-home-alabama.pdf;Sweet Home Alabama;25;SmM4c;Published;FALSE;;
pianote;Patsy Cline;Crazy;Showcase;Country;5;150;patsy-cline-showcase.jpg;patsy-cline-crazy.pdf;Crazy;25;pmM4c;Published;FALSE;;
pianote;Rascal Flatts;Bless The Broken Road;Feels Like Today;Country;4;150;rascal-flatts-feels-like-today.jpg;rascal-flatts-bless-the-broken-road.pdf;Bless The Broken Road;25;NvM4c;Published;FALSE;;
pianote;Shania Twain;You're Still The One;Come On Over;Country;4;150;shania-twain-come-on-over.jpg;shania-twain-youre-still-the-one.pdf;You're Still The One;25;cvM4c;Published;FALSE;;
pianote;Carole King;(You Make Me Feel Like) A Natural Woman;Tapestry;Soul;4;150;carole-king-tapestry.jpg;carole-king-you-make-me-feel-like-a-natural-woman.pdf;(You Make Me Feel Like) A Natural Woman;25;VvM4c;Published;FALSE;;
pianote;Stevie Wonder;You Are The Sunshine Of My Life;Talking Book;Soul, Pop;5;150;stevie-wonder-talking-book.jpg;stevie-wonder-you-are-the-sunshine-of-my-life.pdf;You Are The Sunshine Of My Life;25;DvM4c;Published;FALSE;;
pianote;The Staple Singers;Respect Yourself;Be Altitude: Respect Yourself;Soul;4;150;the-staple-singers-be-altitude-respect-yourself.jpg;the-staple-singers-respect-yourself.pdf;Respect Yourself;25;MvM4c;Published;FALSE;;
pianote;Diana Krall;How Insensitive (Insensatez);From This Moment On;Jazz;5;150;diana-krall-from-this-moment-on.jpg;diana-krall-how-insensitive-insensatez.pdf;How Insensitive (Insensatez);25;kvM4c;Published;FALSE;;
pianote;MercyMe;I Can Only Imagine;Almost There;CCM, Pop;5;150;mercyme-almost-there.jpg;mercyme-i-can-only-imagine.pdf;I Can Only Imagine;25;k5M4c;Published;FALSE;;
pianote;Ray Charles;What'd I Say;What'd I Say;R&B;4;150;ray-charles-whatd-i-say.jpg;ray-charles-whatd-i-say.pdf;What'd I Say;25;z5M4c;Published;FALSE;;
pianote;Taylor Swift;Style;1989;Pop;5;150;taylor-swift-1989.jpg;taylor-swift-style.pdf;Style;25;W5M4c;Published;FALSE;;
pianote;Kane Brown;Heaven;Kane Brown;Country;5;150;kane-brown-kane-brown.jpg;kane-brown-heaven.pdf;Heaven;25;L5M4c;Published;FALSE;;
pianote;Sara Bareilles;She Used To Be Mine;What's Inside: Songs from Waitress;Pop/Rock, Pop;3;100;sara-bareilles-whats-inside-songs-from-waitress.jpg;sara-bareilles-she-used-to-be-mine-.pdf;She Used To Be Mine;25;x5M4c;Published;FALSE;;
pianote;John Lennon;Happy Xmas (War Is Over);Happy Xmas (War Is Over) - Single;Christmas;4;150;john-lennon-happy-xmas-war-is-over-single.jpg;john-lennon-happy-xmas-war-is-over.pdf;Happy Xmas (War Is Over);25;Q5M4c;Published;FALSE;;
pianote;Johnny Marks;Rudolph The Red-Nosed Reindeer;;Christmas;4;150;johnny-marks-.jpg;johnny-marks-rudolph-the-rednosed-reindeer.pdf;Rudolph The Red-Nosed Reindeer;25;t5M4c;Published;FALSE;;
pianote;Jose Feliciano;Feliz Navidad;Feliz Navidad;Christmas;5;150;jose-feliciano-feliz-navidad.jpg;jose-feliciano-feliz-navidad.pdf;Feliz Navidad;25;sMl4c;Published;FALSE;;
pianote;Josh Groban;Believe;The Polar Express: Original Motion Picture Soundtrack;Soundtrack, Christmas;4;150;josh-groban-the-polar-express-original-motion-picture-soundtrack.jpg;josh-groban-believe-.pdf;Believe;25;6vM4c;Published;FALSE;;
pianote;Christina Aguilera;Reflection;Mulan: An Original Walt Disney Records Soundtrack;Disney, Soundtrack, Pop;5;150;christina-aguilera-mulan-an-original-walt-disney-records-soundtrack.jpg;christina-aguilera-reflection.pdf;Reflection;25;mvM4c;Published;FALSE;;
pianote;Aaron Copland;Ching-A-Ring Chaw;Copland Conducts Copland;Classical;4;150;aaron-copland-copland-conducts-copland.jpg;aaron-copland-chingaring-chaw.pdf;Ching-A-Ring Chaw;25;zSM4c;Published;FALSE;;
pianote;Kevin Murphy, Kevin Murphy, Aaron Copland;Long Time Ago;American Anthem (From Ragtime To Art Song);Classical;5;150;kevin-murphy-kevin-murphy-aaron-copland-american-anthem-from-ragtime-to-art-song.jpg;kevin-murphy-kevin-murphy-aaron-copland-long-time-ago.pdf;Long Time Ago;25;KYk4c;Published;FALSE;;
pianote;Aaron Copland;The Little Horses;Copland Conducts Copland;Classical;5;150;aaron-copland-copland-conducts-copland.jpg;aaron-copland-the-little-horses.pdf;The Little Horses;25;MBk4c;Published;FALSE;;
pianote;Elton John;Fortune Favors The Brave (from Aida);Aida: Original Broadway Cast Recording;Soundtrack, Musical;5;150;elton-john-aida-original-broadway-cast-recording.jpg;elton-john-fortune-favors-the-brave-from-aida.pdf;Fortune Favors The Brave (from Aida);25;kBk4c;Published;FALSE;;
pianote;Elton John;Radames' Letter;Aida: Original Broadway Cast Recording;Soundtrack, Musical;4;150;elton-john-aida-original-broadway-cast-recording.jpg;elton-john-radames-letter.pdf;Radames' Letter;25;yBk4c;Published;FALSE;;
pianote;David Lindsay-Abaire;The Ballad of Farquaad;Shrek - The Musical;Soundtrack, Musical;5;150;david-lindsayabaire-shrek-the-musical.jpg;david-lindsayabaire-the-ballad-of-farquaad-.pdf;The Ballad of Farquaad;25;7Zk4c;Published;FALSE;;
pianote;Tom Jones;Love, Don't Turn Away;110 In THe Shade: The Original Broadway Cast Recording;Soundtrack, Musical;5;150;tom-jones-110-in-the-shade-the-original-broadway-cast-recording.jpg;tom-jones-love-dont-turn-away.pdf;Love, Don't Turn Away;25;WZk4c;Published;FALSE;;
pianote;Tom Petty And The Heartbreakers;Don't Do Me Like That;Damn the Torpedoes;Rock;4;150;tom-petty-and-the-heartbreakers-damn-the-torpedoes.jpg;tom-petty-and-the-heartbreakers-dont-do-me-like-that.pdf;Don't Do Me Like That;25;jZk4c;Published;FALSE;;
pianote;Perry Como;And I Love You So;And I Love You So;Rock, Pop;5;150;perry-como-and-i-love-you-so.jpg;perry-como-and-i-love-you-so.pdf;And I Love You So;25;KZk4c;Published;FALSE;;
pianote;Peter Cetera;Glory Of Love;Solitude/Solitaire;Rock, Pop/Rock;5;150;peter-cetera-solitudesolitaire.jpg;peter-cetera-glory-of-love.pdf;Glory Of Love;25;GZk4c;Published;FALSE;;
pianote;Phil Collins;Against All Odds (Take A Look At Me Now);Against All Odds: Music from the Original Motion Picture Soundtrack;Pop;5;150;phil-collins-against-all-odds-music-from-the-original-motion-picture-soundtrack.jpg;phil-collins-against-all-odds-take-a-look-at-me-now.pdf;Against All Odds (Take A Look At Me Now);25;rZk4c;Published;FALSE;;
singeo;Bryan Adams;(Everything I Do) I Do It For You;Robin Hood: Prince of Thieves (Original Soundtrack);Rock;3;100;bryan-adams-robin-hood-prince-of-thieves-original-soundtrack.jpg;;(Everything I Do) I Do It For You;25;sXC4c;Published;FALSE;;
singeo;Cutting Crew;(I Just) Died In Your Arms;Broadcast;Rock;4;150;cutting-crew-broadcast.jpg;;(I Just) Died In Your Arms;25;1XC4c;Published;FALSE;;
singeo;Feist;1234;The Reminder;Pop;1;100;feist-the-reminder.jpg;;1234;25;BXC4c;Published;FALSE;;
singeo;Thirsty Merc;20 Good Reasons;Slideshows;Rock;3;100;thirsty-merc-slideshows.jpg;;20 Good Reasons;25;ZXC4c;Published;FALSE;;
singeo;Taylor Swift;22;Red;Pop;2;100;taylor-swift-red.jpg;;22;25;LXC4c;Published;FALSE;;
singeo;Phil Collins;A Groovy Kind Of Love;Buster;Pop;4;150;phil-collins-buster.jpg;;A Groovy Kind Of Love;25;jXC4c;Published;FALSE;;
singeo;Lady Gaga;A Million Reasons;Joanne;Pop;4;150;lady-gaga-joanne.jpg;;A Million Reasons;25;9XC4c;Published;FALSE;;
singeo;Vanessa Carlton;A Thousand Miles;Be Not Nobody;Pop;3;100;vanessa-carlton-be-not-nobody.jpg;;A Thousand Miles;25;KXC4c;Published;FALSE;;
singeo;Christina Perri;A Thousand Years;The Twilight Saga: Breaking Dawn - Part 1 (soundtrack);Pop;3;100;christina-perri-the-twilight-saga-breaking-dawn-part-1-soundtrack.jpg;;A Thousand Years;25;xXC4c;Published;FALSE;;
singeo;Toto;Africa;Toto IV;Pop;3;100;toto-toto-iv.jpg;;Africa;25;-XC4c;Published;FALSE;;
singeo;Marvin Gaye and Tammi Terrell;Ain’t No Mountain High Enough;United;R&B/Soul;4;150;marvin-gaye-and-tammi-terrell-united.jpg;;Ain’t No Mountain High Enough;25;QXC4c;Published;FALSE;;
singeo;Bill Withers;Ain’t No Sunshine;Just As I Am;R&B/Soul;3;100;bill-withers-just-as-i-am.jpg;;Ain’t No Sunshine;25;nXC4c;Published;FALSE;;
singeo;Celine Dion;All By Myself;Falling into You;Pop;7;200;celine-dion-falling-into-you.jpg;;All By Myself;25;FXC4c;Published;FALSE;;
singeo;Kodaline;All I Want;Love Songs 2013;Rock;2;100;kodaline-love-songs-2013.jpg;;All I Want;25;tXC4c;Published;FALSE;;
singeo;Adele;All I Ask;25;Pop;5;150;adele-25.jpg;;All I Ask;25;5XC4c;Published;FALSE;;
singeo;John Legend;All Of Me;Love In The Future;R&B/Soul;4;150;john-legend-love-in-the-future.jpg;;All Of Me;25;gXC4c;Published;FALSE;;
singeo;Air Supply;All Out Of Love;Lost in Love;Rock;5;150;air-supply-lost-in-love.jpg;;All Out Of Love;25;6XC4c;Published;FALSE;;
singeo;Cyndi Lauper;All Through The Night;She's So Unusual;Pop;4;150;cyndi-lauper-shes-so-unusual.jpg;;All Through The Night;25;GXC4c;Published;FALSE;;
singeo;The Beatles;All You Need Is Love;All You Need is Love;Rock;2;100;the-beatles-all-you-need-is-love.jpg;;All You Need Is Love;25;rXC4c;Published;FALSE;;
singeo;Heart;Alone;Bad Animals;Rock;8;200;heart-bad-animals.jpg;;Alone;25;hXC4c;Published;FALSE;;
singeo;Kelly Clarkson;Already Gone;All I Ever Wanted;Pop;6;150;kelly-clarkson-all-i-ever-wanted.jpg;;Already Gone;25;mXC4c;Published;FALSE;;
singeo;Willie Nelson;Always On My Mind;Always On My Mind;Country;3;100;willie-nelson-always-on-my-mind.jpg;;Always On My Mind;25;vXC4c;Published;FALSE;;
singeo;Lonestar;Amazed;Lonely Grill;Country;4;150;lonestar-lonely-grill.jpg;;Amazed;25;SXC4c;Published;FALSE;;
singeo;Tom Petty And The Heartbreakers;American Girl;Tom Petty And The Heartbreakers;Rock;4;150;tom-petty-and-the-heartbreakers-tom-petty-and-the-heartbreakers.jpg;;American Girl;25;pXC4c;Published;FALSE;;
singeo;Sarah McLachlan;Angel;Surfacing;Pop;2;100;sarah-mclachlan-surfacing.jpg;;Angel;25;NqC4c;Published;FALSE;;
singeo;Juice Newton;Angel Of The Morning;Juice;Pop;2;100;juice-newton-juice.jpg;;Angel Of The Morning;25;cqC4c;Published;FALSE;;
singeo;OneRepublic;Apologize;Shock Value;Pop;3;100;onerepublic-shock-value.jpg;;Apologize;25;VqC4c;Published;FALSE;;
singeo;Charlie Puth;Attention;Attention;Rock;5;150;charlie-puth-attention.jpg;;Attention;25;fqC4c;Published;FALSE;;
singeo;Miranda Lambert;Automatic;Platinum;Country;2;100;miranda-lambert-platinum.jpg;;Automatic;25;DqC4c;Published;FALSE;;
singeo;Justin Bieber;Baby;My World 2.0;Pop;3;100;justin-bieber-my-world-20.jpg;;Baby;25;MqC4c;Published;FALSE;;
singeo;Taylor Swift;Bad Blood;1989;Pop;3;100;taylor-swift-1989.jpg;;Bad Blood;25;kqC4c;Published;FALSE;;
singeo;Daniel Powter;Bad Day;Daniel Powter;Pop;4;150;daniel-powter-daniel-powter.jpg;;Bad Day;25;4qC4c;Published;FALSE;;
singeo;Billie Eilish;Bad Guy;When We All Fall Asleep, Where Do We Go?;Pop;2;100;billie-eilish-when-we-all-fall-asleep-where-do-we-go.jpg;;Bad Guy;25;yqC4c;Published;FALSE;;
singeo;Imagine Dragons;Bad Liar;Origins;Pop;4;150;imagine-dragons-origins.jpg;;Bad Liar;25;wqC4c;Published;FALSE;;
singeo;Creedence Clearwater Revival;Bad Moon Rising;Green River;Rock;1;100;creedence-clearwater-revival-green-river.jpg;;Bad Moon Rising;25;YqC4c;Published;FALSE;;
singeo;Christina Aguilera;Beautiful;Stripped;Pop;5;150;christina-aguilera-stripped.jpg;;Beautiful;25;lqC4c;Published;FALSE;;
singeo;Celine Dion;Beauty And The Beast;Beauty and the Beast: Original Motion Picture Soundtrack;Soundtrack;4;150;celine-dion-beauty-and-the-beast-original-motion-picture-soundtrack.jpg;;Beauty And The Beast;25;zqC4c;Published;FALSE;;
singeo;Cher;Believe;Believe;Pop;3;100;cher-believe.jpg;;Believe;25;2qC4c;Published;FALSE;;
singeo;Taylor Swift;Blank Space;1989;Pop;3;100;taylor-swift-1989.jpg;;Blank Space;25;CqC4c;Published;FALSE;;
singeo;Leona Lewis;Bleeding Love;Spirit;R&B/Soul;5;150;leona-lewis-spirit.jpg;;Bleeding Love;25;RqC4c;Published;FALSE;;
singeo;The Marcels;Blue Moon;Blue Moon;Rock;5;150;the-marcels-blue-moon.jpg;;Blue Moon;25;3qC4c;Published;FALSE;;
singeo;Steppenwolf;Born To Be Wild;Steppenwolf;Rock;3;100;steppenwolf-steppenwolf.jpg;;Born To Be Wild;25;XqC4c;Published;FALSE;;
singeo;Sara Bareilles;Brave;The Blessed Unrest;Pop;6;150;sara-bareilles-the-blessed-unrest.jpg;;Brave;25;qqC4c;Published;FALSE;;
singeo;Kelly Clarkson;Breakaway;Breakaway;Pop;6;150;kelly-clarkson-breakaway.jpg;;Breakaway;25;HqC4c;Published;FALSE;;
singeo;The Script;Breakeven;The Script;Rock;6;150;the-script-the-script.jpg;;Breakeven;25;TqC4c;Published;FALSE;;
singeo;Anna Nalick;Breathe (2 AM);Wreck of the Day;Pop;4;150;anna-nalick-wreck-of-the-day.jpg;;Breathe (2 AM);25;JqC4c;Published;FALSE;;
singeo;Ariana Grande;Breathin;Sweetener;Pop;5;150;ariana-grande-sweetener.jpg;;Breathin;25;bqC4c;Published;FALSE;;
singeo;Simon & Garfunkel;Bridge Over Troubled Water;Bridge Over Troubled Water;Folk;4;150;simon-and-garfunkel-bridge-over-troubled-water.jpg;;Bridge Over Troubled Water;25;sqC4c;Published;FALSE;;
singeo;Evanescence;Bring Me To Life;Fallen;Rock;6;150;evanescence-fallen.jpg;;Bring Me To Life;25;1qC4c;Published;FALSE;;
singeo;Mr. Mister;Broken Wings;Welcome to the Real World;Rock;4;150;mr-mister-welcome-to-the-real-world.jpg;;Broken Wings;25;8qC4c;Published;FALSE;;
singeo;Colbie Caillat;Bubbly;Coco;Pop;3;100;colbie-caillat-coco.jpg;;Bubbly;25;dqC4c;Published;FALSE;;
singeo;The Foundations;Build Me Up Buttercup;Build Me Up Buttercup;R&B/Soul;2;100;the-foundations-build-me-up-buttercup.jpg;;Build Me Up Buttercup;25;7qC4c;Published;FALSE;;
singeo;Sarah McLachlan;Building A Mystery;Surfacing;Pop;3;100;sarah-mclachlan-surfacing.jpg;;Building A Mystery;25;WqC4c;Published;FALSE;;
singeo;Billie Eilish;Bury A Friend;When We All Fall Asleep, Where Do We Go?;Pop;2;100;billie-eilish-when-we-all-fall-asleep-where-do-we-go.jpg;;Bury A Friend;25;BqC4c;Published;FALSE;;
singeo;The Mamas & The Papas;California Dreamin’;California Dreamin';Pop;3;100;the-mamas-and-the-papas-california-dreamin.jpg;;California Dreamin’;25;ZqC4c;Published;FALSE;;
singeo;Carly Rae Jepsen;Call Me Maybe;Kiss;Pop;2;100;carly-rae-jepsen-kiss.jpg;;Call Me Maybe;25;LqC4c;Published;FALSE;;
singeo;Train;Calling All Angels;My Private Nation;Rock;4;150;train-my-private-nation.jpg;;Calling All Angels;25;jqC4c;Published;FALSE;;
singeo;Elton John;Can You Feel The Love Tonight;The Lion King (1994 soundtrack);Soundtrack;3;100;elton-john-the-lion-king-1994-soundtrack.jpg;;Can You Feel The Love Tonight;25;PqC4c;Published;FALSE;;
singeo;Elvis Presley;Can’t Help Falling In Love;Blue Hawaii;Pop;2;100;elvis-presley-blue-hawaii.jpg;;Can’t Help Falling In Love;25;9qC4c;Published;FALSE;;
singeo;Joseph Vincent;Can’t Take My Eyes Off You;Can't Take My Eyes Off You - Single;Pop;2;100;joseph-vincent-cant-take-my-eyes-off-you-single.jpg;;Can’t Take My Eyes Off You;25;KqC4c;Published;FALSE;;
singeo;Elton John;Candle In The Wind;Goodbye Yellow Brick Road;Pop;4;150;elton-john-goodbye-yellow-brick-road.jpg;;Candle In The Wind;25;xqC4c;Published;FALSE;;
singeo;Kelly Clarkson;Catch My Breath;Greatest Hits – Chapter One;Pop;5;150;kelly-clarkson-greatest-hits--chapter-one.jpg;;Catch My Breath;25;-qC4c;Published;FALSE;;
singeo;Simon & Garfunkel;Cecilia;Bridge Over Troubled Water;Rock;2;100;simon-and-garfunkel-bridge-over-troubled-water.jpg;;Cecilia;25;QqC4c;Published;FALSE;;
singeo;Snow Patrol;Chasing Cars;Eyes Open;Rock;1;100;snow-patrol-eyes-open.jpg;;Chasing Cars;25;FqC4c;Published;FALSE;;
singeo;Sia;Cheap Thrills;This Is Acting;Pop;3;100;sia-this-is-acting.jpg;;Cheap Thrills;25;5qC4c;Published;FALSE;;
singeo;Coldplay;Clocks;A Rush of Blood to the Head;Rock;3;100;coldplay-a-rush-of-blood-to-the-head.jpg;;Clocks;25;tqC4c;Published;FALSE;;
singeo;Ellie Goulding, Diplo, Swae Lee;Close To Me;Brightest Blue;Electronic;4;150;ellie-goulding-diplo-swae-lee-brightest-blue.jpg;;Close To Me;25;1GC4c;Published;FALSE;;
singeo;The Chainsmokers, Halsey;Closer;Collage;Pop;3;100;the-chainsmokers-halsey-collage.jpg;;Closer;25;gqC4c;Published;FALSE;;
singeo;Howie Day;Collide;Stop All the World Now;Rock;2;100;howie-day-stop-all-the-world-now.jpg;;Collide;25;6qC4c;Published;FALSE;;
singeo;Norah Jones;Come Away With Me;Come Away With Me;Pop;3;100;norah-jones-come-away-with-me.jpg;;Come Away With Me;25;GqC4c;Published;FALSE;;
singeo;Avril Lavigne;Complicated;Let Go;Pop;3;100;avril-lavigne-let-go.jpg;;Complicated;25;rqC4c;Published;FALSE;;
singeo;Bruno Mars;Count On Me;Doo-Wops & Hooligans;Pop;2;100;bruno-mars-doowops-and-hooligans.jpg;;Count On Me;25;hqC4c;Published;FALSE;;
singeo;Gnarles Barkley;Crazy;St. Elsewhere;Pop;4;150;gnarles-barkley-st-elsewhere.jpg;;Crazy;25;mqC4c;Published;FALSE;;
singeo;Radiohead;Creep;Pablo Honey;Rock;4;150;radiohead-pablo-honey.jpg;;Creep;25;vqC4c;Published;FALSE;;
singeo;Tommy James & The Shondells;Crimson And Clover;Crimson and Clover;Pop;1;100;tommy-james-and-the-shondells-crimson-and-clover.jpg;;#REF!;25;SqC4c;Published;FALSE;;
singeo;Justin Timberlake;Cry Me A River;Justified;R&B/Soul;5;150;justin-timberlake-justified.jpg;;Cry Me A River;25;pqC4c;Published;FALSE;;
singeo;Bruce Springsteen;Dancing In The Dark;Born in the USA;Rock;3;100;bruce-springsteen-born-in-the-usa.jpg;;Dancing In The Dark;25;NHC4c;Published;FALSE;;
singeo;ABBA;Dancing Queen;Arrival;Disco;5;150;abba-arrival.jpg;;Dancing Queen;25;cHC4c;Published;FALSE;;
singeo;Sam Smith;Dancing With A Stranger;Love Goes;Disco;4;150;sam-smith-love-goes.jpg;;Dancing With A Stranger;25;VHC4c;Published;FALSE;;
singeo;Taylor Swift;Delicate;Reputation;Pop;2;100;taylor-swift-reputation.jpg;;Delicate;25;fHC4c;Published;FALSE;;
singeo;Eagles;Desperado;Desperado;Rock;5;150;eagles-desperado.jpg;;Desperado;25;DHC4c;Published;FALSE;;
singeo;Elton John;Don’t Let The Sun Go Down On Me;Caribou;Pop;5;150;elton-john-caribou.jpg;;Don’t Let The Sun Go Down On Me;25;MHC4c;Published;FALSE;;
singeo;Oasis;Don’t Look Back In Anger;(What's the Story) Morning Glory?;Rock;4;150;oasis-whats-the-story-morning-glory.jpg;;Don’t Look Back In Anger;25;kHC4c;Published;FALSE;;
singeo;No Doubt;Don’t Speak;Tragic Kingdom;Rock;4;150;no-doubt-tragic-kingdom.jpg;;Don’t Speak;25;4HC4c;Published;FALSE;;
singeo;Rihanna;Don’t Stop The Music;Don't Stop the Music;Pop;4;150;rihanna-dont-stop-the-music.jpg;;Don’t Stop The Music;25;yHC4c;Published;FALSE;;
singeo;Bobby McFerrin;Don’t Worry Be Happy;Simple Pleasures;Jazz;2;100;bobby-mcferrin-simple-pleasures.jpg;;Don’t Worry Be Happy;25;wHC4c;Published;FALSE;;
singeo;Ella Fitzgerald;Dream A Little Dream;Dream a Little Dream;Jazz;5;150;ella-fitzgerald-dream-a-little-dream.jpg;;Dream A Little Dream;25;YHC4c;Published;FALSE;;
singeo;Train;Drops Of Jupiter (Tell Me);Drops of Jupiter;Pop;4;150;train-drops-of-jupiter.jpg;;Drops Of Jupiter (Tell Me);25;lHC4c;Published;FALSE;;
singeo;Kansas;Dust In The Wind;Point of Know Return;Rock;3;100;kansas-point-of-know-return.jpg;;Dust In The Wind;25;zHC4c;Published;FALSE;;
singeo;Taio Cruz;Dynamite;Rokstarr;R&B/Soul;3;100;taio-cruz-rokstarr.jpg;;Dynamite;25;2HC4c;Published;FALSE;;
singeo;Benny Blanco, Halsey, Khalid;Eastside;Friends Keep Secrets;Pop;2;100;benny-blanco-halsey-khalid-friends-keep-secrets.jpg;;Eastside;25;CHC4c;Published;FALSE;;
singeo;Alicia Keys;Empire State Of Mind;The Blueprint 3;R&B/Soul;6;150;alicia-keys-the-blueprint-3.jpg;;Empire State Of Mind;25;RHC4c;Published;FALSE;;
singeo;Diana Ross & Lionel Richie;Endless Love;Endless Love;R&B/Soul;5;150;diana-ross-and-lionel-richie-endless-love.jpg;;Endless Love;25;3HC4c;Published;FALSE;;
singeo;The Bangles;Eternal Flame;Everything;Rock;6;150;the-bangles-everything.jpg;;Eternal Flame;25;XHC4c;Published;FALSE;;
singeo;The Police;Every Breath You Take;Synchronicity;Rock;3;100;the-police-synchronicity.jpg;;Every Breath You Take;25;qHC4c;Published;FALSE;;
singeo;Survivor;Eye Of The Tiger;Eye of the Tiger;Rock;6;150;survivor-eye-of-the-tiger.jpg;;Eye Of The Tiger;25;HHC4c;Published;FALSE;;
singeo;P!nk;F**kin’ Perfect;Greatest Hits... So Far!!!;Pop;7;200;pink-greatest-hits-so-far.jpg;;F**kin’ Perfect;25;THC4c;Published;FALSE;;
singeo;Alan Walker;Faded;Different World;Pop;6;150;alan-walker-different-world.jpg;;Faded;25;JHC4c;Published;FALSE;;
singeo;Journey;Faithfully;Frontiers;Rock;7;200;journey-frontiers.jpg;;Faithfully;25;bHC4c;Published;FALSE;;
singeo;Alicia Keys;Fallin’;Songs in A Minor;R&B/Soul;6;150;alicia-keys-songs-in-a-minor.jpg;;Fallin’;25;sHC4c;Published;FALSE;;
singeo;Tracy Chapman;Fast Car;Tracy Chapman;Rock;4;150;tracy-chapman-tracy-chapman.jpg;;Fast Car;25;1HC4c;Published;FALSE;;
singeo;Chantal Kreviazuk;Feels Like Home;Feels Like Home;Pop;3;100;chantal-kreviazuk-feels-like-home.jpg;;Feels Like Home;25;8HC4c;Published;FALSE;;
singeo;Sting;Fields Of Gold;Ten Summoner's Tales;Rock;3;100;sting-ten-summoners-tales.jpg;;Fields Of Gold;25;dHC4c;Published;FALSE;;
singeo;Rachel Platten;Fight Song;Fight Song;Rock;6;150;rachel-platten-fight-song.jpg;;Fight Song;25;7HC4c;Published;FALSE;;
singeo;Katy Perry;Firework;Teenage Dream;Pop;8;200;katy-perry-teenage-dream.jpg;;Firework;25;WHC4c;Published;FALSE;;
singeo;Coldplay;Fix You;X&Y;Rock;3;100;coldplay-xandy.jpg;;Fix You;25;BHC4c;Published;FALSE;;
singeo;Jesse J;Flashlight;Pitch Perfect 2;Pop;7;200;jesse-j-pitch-perfect-2.jpg;;Flashlight;25;ZHC4c;Published;FALSE;;
singeo;Marshmello & Anne-Marie;Friends;Speak Your Mind;Electronic;3;100;marshmello-and-annemarie-speak-your-mind.jpg;;Friends;25;LHC4c;Published;FALSE;;
singeo;Bette Midler;From A Distance;Some People's Lives;Pop;4;150;bette-midler-some-peoples-lives.jpg;;From A Distance;25;jHC4c;Published;FALSE;;
singeo;Shania Twain;From This Moment On;Come On Over;Country;5;150;shania-twain-come-on-over.jpg;;From This Moment On;25;PHC4c;Published;FALSE;;
singeo;Maren Morris;Girl;Girl;Country;4;150;maren-morris-girl.jpg;;Girl;25;9HC4c;Published;FALSE;;
singeo;Little Big Town;Girl Crush;Pain Killer;Country;3;100;little-big-town-pain-killer.jpg;;Girl Crush;25;KHC4c;Published;FALSE;;
singeo;Avril Lavigne;Girlfriend;The Best Damn Thing;Pop;3;100;avril-lavigne-the-best-damn-thing.jpg;;Girlfriend;25;xHC4c;Published;FALSE;;
singeo;Cyndi Lauper;Girls Just Want To Have Fun;She's So Unusual;Pop;6;150;cyndi-lauper-shes-so-unusual.jpg;;Girls Just Want To Have Fun;25;-HC4c;Published;FALSE;;
singeo;Maroon 5;Girls Like You;Red Pill Blues;Pop;3;100;maroon-5-red-pill-blues.jpg;;Girls Like You;25;QHC4c;Published;FALSE;;
singeo;Tracy Chapman;Give Me One Reason;New Beginning;Rock;3;100;tracy-chapman-new-beginning.jpg;;Give Me One Reason;25;nHC4c;Published;FALSE;;
singeo;Blake Shelton;God Gave Me You;Red River Blue;Country;2;100;blake-shelton-red-river-blue.jpg;;God Gave Me You;25;FHC4c;Published;FALSE;;
singeo;Elton John;Goodbye Yellow Brick Road;Goodbye Yellow Brick Road;Pop;5;150;elton-john-goodbye-yellow-brick-road.jpg;;Goodbye Yellow Brick Road;25;tHC4c;Published;FALSE;;
singeo;Sara Bareilles;Gravity;Little Voice;Pop;6;150;sara-bareilles-little-voice.jpg;;Gravity;25;5HC4c;Published;FALSE;;
singeo;Beyoncé;Halo;I Am... Sasha Fierce;Pop;8;200;beyonce-i-am-sasha-fierce.jpg;;Halo;25;6HC4c;Published;FALSE;;
singeo;Pharrell Williams;Happy;Despicable Me 2;R&B/Soul;3;100;pharrell-williams-despicable-me-2.jpg;;Happy;25;GHC4c;Published;FALSE;;
singeo;Camila Cabello;Havana;Camila;Latin/World;4;150;camila-cabello-camila.jpg;;Havana;25;hHC4c;Published;FALSE;;
singeo;Creedence Clearwater Revival;Have You Ever Seen The Rain;Pendulum;Rock;3;100;creedence-clearwater-revival-pendulum.jpg;;Have You Ever Seen The Rain;25;mHC4c;Published;FALSE;;
singeo;Adele;Hello;25;Pop;6;150;adele-25.jpg;;Hello;25;SHC4c;Published;FALSE;;
singeo;Lionel Richie;Hello;Can't Slow Down;Rock;4;150;lionel-richie-cant-slow-down.jpg;;Hello;25;pHC4c;Published;FALSE;;
singeo;The Beatles;Here Comes The Sun;Abbey Road;Pop;4;150;the-beatles-abbey-road.jpg;;Here Comes The Sun;25;NTC4c;Published;FALSE;;
singeo;Enrique Iglesias;Hero;Escape;Pop;3;100;enrique-iglesias-escape.jpg;;Hero;25;VTC4c;Published;FALSE;;
singeo;Mariah Carey;Hero;Music Box;Pop;7;200;mariah-carey-music-box.jpg;;Hero;25;fTC4c;Published;FALSE;;
singeo;Avicii;Hey Brother;TRUE;Pop;2;100;avicii-true.jpg;;Hey Brother;25;DTC4c;Published;FALSE;;
singeo;The Beatles;Hey Jude;Hey Jude - Single;Rock;3;100;the-beatles-hey-jude-single.jpg;;Hey Jude;25;MTC4c;Published;FALSE;;
singeo;Mötley Crüe;Home Sweet Home;Theatre of Pain;Rock;5;150;motley-crue-theatre-of-pain.jpg;;Home Sweet Home;25;kTC4c;Published;FALSE;;
singeo;Katy Perry;Hot N Cold;One of the Boys;Pop;4;150;katy-perry-one-of-the-boys.jpg;;Hot N Cold;25;4TC4c;Published;FALSE;;
singeo;Twenty One Pilots;House Of Gold;Regional at Best;Folk;3;100;twenty-one-pilots-regional-at-best.jpg;;House Of Gold;25;wTC4c;Published;FALSE;;
singeo;LeAnn Rimes;How Do I Live;You Light Up My Life: Inspirational Songs;Pop;7;200;leann-rimes-you-light-up-my-life-inspirational-songs.jpg;;How Do I Live;25;YTC4c;Published;FALSE;;
singeo;The Fray;How To Save A Life;How To Save A Life;Pop;4;150;the-fray-how-to-save-a-life.jpg;;How To Save A Life;25;lTC4c;Published;FALSE;;
singeo;Matt Redman;10,000 Reasons (Bless The Lord);Spirit & Song: Disc M;CCM/Worship;4;150;matt-redman-spirit-and-song-disc-m.jpg;;10,000 Reasons (Bless The Lord);25;2TC4c;Published;FALSE;;
singeo;Johnny Nash;I Can See Clearly Now;Cool Runnings;R&B/Soul;3;100;johnny-nash-cool-runnings.jpg;;I Can See Clearly Now;25;RTC4c;Published;FALSE;;
singeo;Aretha Franklin;I Say A Little Prayer;Aretha Now;R&B/Soul;5;150;aretha-franklin-aretha-now.jpg;;I Say A Little Prayer;25;qTC4c;Published;FALSE;;
singeo;Whitney Houston;I Will Always Love You;The Bodyguard Soundtrack;Soundtrack;6;150;whitney-houston-the-bodyguard-soundtrack.jpg;;I Will Always Love You;25;TTC4c;Published;FALSE;;
singeo;Alanis Morissette;Ironic;Jagged Little Pill;Rock;3;100;alanis-morissette-jagged-little-pill.jpg;;Ironic;25;bTC4c;Published;FALSE;;
singeo;Michael Bublé (feat. The Puppini Sisters);Jingle Bells;Holiday;Holiday;1;100;michael-buble-feat-the-puppini-sisters-holiday.jpg;;Jingle Bells;25;8TC4c;Published;FALSE;;
singeo;Dolly Parton;Jolene;Jolene;Country;4;150;dolly-parton-jolene.jpg;;Jolene;25;dTC4c;Published;FALSE;;
singeo;P!nk;Just Give Me A Reason;The Truth About Love;Pop;5;150;pink-the-truth-about-love.jpg;;Just Give Me A Reason;25;7TC4c;Published;FALSE;;
singeo;Bruno Mars;Just The Way You Are;Doo-Wops & Hooligans;Pop;3;100;bruno-mars-doowops-and-hooligans.jpg;;Just The Way You Are;25;WTC4c;Published;FALSE;;
singeo;Avril Lavigne;Keep Holding On;Eragon;Pop;4;150;avril-lavigne-eragon.jpg;;Keep Holding On;25;BTC4c;Published;FALSE;;
singeo;Roberta Flack;Killing Me Softly;Killing Me Softly;R&B/Soul;3;100;roberta-flack-killing-me-softly.jpg;;Killing Me Softly;25;ZTC4c;Published;FALSE;;
singeo;Seal;Kiss From A Rose;Seal;Rock;4;150;seal-seal.jpg;;Kiss From A Rose;25;LTC4c;Published;FALSE;;
singeo;Passenger;Let Her Go;All the Little Lights;Folk;2;100;passenger-all-the-little-lights.jpg;;Let Her Go;25;jTC4c;Published;FALSE;;
singeo;The Beatles;Let It Be;Let It Be;Pop;3;100;the-beatles-let-it-be.jpg;;Let It Be;25;PTC4c;Published;FALSE;;
singeo;Ellie Goulding;Lights;Lights;Pop;2;100;ellie-goulding-lights.jpg;;Lights;25;9TC4c;Published;FALSE;;
singeo;Ruth B.;Lost Boy;Lost Boy;Pop;2;100;ruth-b-lost-boy.jpg;;Lost Boy;25;KTC4c;Published;FALSE;;
singeo;Ellie Goulding;Love Me Like You Do;Fifty Shades of Grey Soundtrack;Soundtrack;5;150;ellie-goulding-fifty-shades-of-grey-soundtrack.jpg;;Love Me Like You Do;25;xTC4c;Published;FALSE;;
singeo;Sara Bareilles;Love Song;Little Voice;Pop;5;150;sara-bareilles-little-voice.jpg;;Love Song;25;-TC4c;Published;FALSE;;
singeo;Taylor Swift;Love Story;Fearless;Pop;4;150;taylor-swift-fearless.jpg;;Love Story;25;QTC4c;Published;FALSE;;
singeo;Tears For Fears;Mad World;The Hurting;Pop;2;100;tears-for-fears-the-hurting.jpg;;Mad World;25;nTC4c;Published;FALSE;;
singeo;Adele;Make You Feel My Love;19;Pop;5;150;adele-19.jpg;;Make You Feel My Love;25;FTC4c;Published;FALSE;;
singeo;Taylor Swift;Mean;Speak Now;Country;3;100;taylor-swift-speak-now.jpg;;Mean;25;tTC4c;Published;FALSE;;
singeo;Duffy;Mercy;Rockferry;R&B/Soul;3;100;duffy-rockferry.jpg;;Mercy;25;5TC4c;Published;FALSE;;
singeo;Mariah Carey;My All;Butterfly;R&B/Soul;10;200;mariah-carey-butterfly.jpg;;My All;25;gTC4c;Published;FALSE;;
singeo;Avril Lavigne;My Happy Ending;Under My Skin;Rock;6;150;avril-lavigne-under-my-skin.jpg;;My Happy Ending;25;6TC4c;Published;FALSE;;
singeo;Evanescence;My Immortal;Fallen;Pop;3;100;evanescence-fallen.jpg;;My Immortal;25;4bC4c;Published;FALSE;;
singeo;Lady Antebellum;Need You Now;Need You To Know;Country;3;100;lady-antebellum-need-you-to-know.jpg;;Need You Now;25;ybC4c;Published;FALSE;;
singeo;Alicia Keys;No One;As I Am;R&B/Soul;5;150;alicia-keys-as-i-am.jpg;;No One;25;wbC4c;Published;FALSE;;
singeo;Gavin DeGraw;Not Over You;Sweeter;Pop;4;150;gavin-degraw-sweeter.jpg;;Not Over You;25;YbC4c;Published;FALSE;;
singeo;Sam Smith;Not The Only One;In the Lonely Hour;R&B/Soul;5;150;sam-smith-in-the-lonely-hour.jpg;;Not The Only One;25;lbC4c;Published;FALSE;;
singeo;Sinéad O’Connor;Nothing Compares 2 U;Year of the Horse;Pop;5;150;sinead-oconnor-year-of-the-horse.jpg;;Nothing Compares 2 U;25;zbC4c;Published;FALSE;;
singeo;Perry Como;O Holy Night;Greatest Holiday Songs;Holiday;3;100;perry-como-greatest-holiday-songs.jpg;;O Holy Night;25;2bC4c;Published;FALSE;;
singeo;Taylor Swift;Our Song;Taylor Swift;Country;4;150;taylor-swift-taylor-swift.jpg;;Our Song;25;CbC4c;Published;FALSE;;
singeo;Lady Gaga;Paparazzi;The Fame;Pop;6;150;lady-gaga-the-fame.jpg;;Paparazzi;25;RbC4c;Published;FALSE;;
singeo;The Beatles;Penny Lane;Penny Lane;Pop;3;100;the-beatles-penny-lane.jpg;;Penny Lane;25;3bC4c;Published;FALSE;;
singeo;Ed Sheeran;Perfect;÷;Pop;3;100;ed-sheeran-divide.jpg;;Perfect;25;XbC4c;Published;FALSE;;
singeo;Ed Sheeran;Photograph;X;Pop;3;100;ed-sheeran-x.jpg;;Photograph;25;qbC4c;Published;FALSE;;
singeo;Lady Gaga;Poker Face;The Fame;Pop;5;150;lady-gaga-the-fame.jpg;;Poker Face;25;HbC4c;Published;FALSE;;
singeo;Bastille;Pompeii;Bad Blood;Rock;6;150;bastille-bad-blood.jpg;;Pompeii;25;TbC4c;Published;FALSE;;
singeo;Amy Winehouse;Rehab;Back to Black;R&B/Soul;5;150;amy-winehouse-back-to-black.jpg;;Rehab;25;JbC4c;Published;FALSE;;
singeo;Adele;Remedy;25;Pop;7;200;adele-25.jpg;;Remedy;25;bbC4c;Published;FALSE;;
singeo;Aretha Franklin;Respect;I Never Loved a Man the Way I Love You;R&B/Soul;8;200;aretha-franklin-i-never-loved-a-man-the-way-i-love-you.jpg;;Respect;25;sbC4c;Published;FALSE;;
singeo;Richard Marx;Right Here Waiting;Repeat Offender;Pop;6;150;richard-marx-repeat-offender.jpg;;Right Here Waiting;25;1bC4c;Published;FALSE;;
singeo;Vance Joy;Riptide;God Loves You When You're Dancing;Pop;3;100;vance-joy-god-loves-you-when-youre-dancing.jpg;;Riptide;25;8bC4c;Published;FALSE;;
singeo;Andra Day;Rise Up;Cheers to the Fall;R&B/Soul;9;200;andra-day-cheers-to-the-fall.jpg;;Rise Up;25;dbC4c;Published;FALSE;;
singeo;Joni Mitchell;River;Blue;Folk;5;150;joni-mitchell-blue.jpg;;River;25;7bC4c;Published;FALSE;;
singeo;Katy Perry;Roar;Prism;Pop;6;150;katy-perry-prism.jpg;;Roar;25;WbC4c;Published;FALSE;;
singeo;Elton John;Rocket Man;Honky Château;Rock;8;200;elton-john-honky-chateau.jpg;;Rocket Man;25;BbC4c;Published;FALSE;;
singeo;Adele;Rolling In The Deep;21;R&B/Soul;6;150;adele-21.jpg;;Rolling In The Deep;25;ZbC4c;Published;FALSE;;
singeo;Lorde;Royals;Pure Heroine;Pop;4;150;lorde-pure-heroine.jpg;;Royals;25;LbC4c;Published;FALSE;;
singeo;Eagle-Eye Cherry;Save Tonight;Desireless;Rock;2;100;eagleeye-cherry-desireless.jpg;;Save Tonight;25;jbC4c;Published;FALSE;;
singeo;A Great Big World;Say Something;Is There Anybody Out There?;Pop;3;100;a-great-big-world-is-there-anybody-out-there.jpg;;Say Something;25;PbC4c;Published;FALSE;;
singeo;James Arthur;Say You Won’t Let Go;Back From the Edge;Pop;4;150;james-arthur-back-from-the-edge.jpg;;Say You Won’t Let Go;25;9bC4c;Published;FALSE;;
singeo;Adele;Set Fire To The Rain;21;Pop;7;200;adele-21.jpg;;Set Fire To The Rain;25;xbC4c;Published;FALSE;;
singeo;Taylor Swift;Shake It Off;1989;Pop;4;150;taylor-swift-1989.jpg;;Shake It Off;25;-bC4c;Published;FALSE;;
singeo;Lady Gaga & Bradley Cooper;Shallow;A Star Is Born: Original Motion Picture Soundtrack;Soundtrack;6;150;lady-gaga-and-bradley-cooper-a-star-is-born-original-motion-picture-soundtrack.jpg;;Shallow;25;nbC4c;Published;FALSE;;
singeo;Ed Sheeran;Shape Of You;÷;Pop;4;150;ed-sheeran-divide.jpg;;Shape Of You;25;tbC4c;Published;FALSE;;
singeo;Maroon 5;She Will Be Loved;Songs About Jane;Pop;6;150;maroon-5-songs-about-jane.jpg;;She Will Be Loved;25;5bC4c;Published;FALSE;;
singeo;Harry Styles;Sign Of The Times;Harry Styles;Pop;8;200;harry-styles-harry-styles.jpg;;Sign Of The Times;25;gbC4c;Published;FALSE;;
singeo;Adele;Skyfall;Skyfall;Pop;7;200;adele-skyfall.jpg;;Skyfall;25;GbC4c;Published;FALSE;;
singeo;Adele;Someone Like You;21;Pop;5;150;adele-21.jpg;;Someone Like You;25;hbC4c;Published;FALSE;;
singeo;Coldplay;Speed Of Sound;X&Y;Rock;4;150;coldplay-xandy.jpg;;Speed Of Sound;25;mbC4c;Published;FALSE;;
singeo;Sam Smith;Stay With Me;In the Lonely Hour;Pop;4;150;sam-smith-in-the-lonely-hour.jpg;;Stay With Me;25;SbC4c;Published;FALSE;;
singeo;Madonna;Take A Bow;Bedtime Stories;Pop;4;150;madonna-bedtime-stories.jpg;;Take A Bow;25;pbC4c;Published;FALSE;;
singeo;Hozier;Take Me To Church;Hozier;Rock;6;150;hozier-hozier.jpg;;Take Me To Church;25;csC4c;Published;FALSE;;
singeo;Berlin;Take My Breath Away;Top Gun: Original Motion Picture Soundtrack;Soundtrack;5;150;berlin-top-gun-original-motion-picture-soundtrack.jpg;;Take My Breath Away;25;VsC4c;Published;FALSE;;
singeo;Taylor Swift;We Are Never Ever Getting Back Together;Red;Pop;4;150;taylor-swift-red.jpg;;We Are Never Ever Getting Back Together;25;fsC4c;Published;FALSE;;
singeo;Miley Cyrus;The Climb;Hannah Montana: The Movie;Country;5;150;miley-cyrus-hannah-montana-the-movie.jpg;;The Climb;25;DsC4c;Published;FALSE;;
singeo;Sheryl Crow;The First Cut Is The Deepest;The First Cut Is The Deepest - Single;Pop;3;100;sheryl-crow-the-first-cut-is-the-deepest-single.jpg;;The First Cut Is The Deepest;25;MsC4c;Published;FALSE;;
singeo;Bette Midler;The Rose;Growing Up in Hollywood Town;Pop;4;150;bette-midler-growing-up-in-hollywood-town.jpg;;The Rose;25;ksC4c;Published;FALSE;;
singeo;Coldplay;The Scientist;A Rush of Blood to the Head;Rock;4;150;coldplay-a-rush-of-blood-to-the-head.jpg;;The Scientist;25;4sC4c;Published;FALSE;;
singeo;Simon & Garfunkel;The Sound Of Silence;Sounds of Silence;Folk;4;150;simon-and-garfunkel-sounds-of-silence.jpg;;The Sound Of Silence;25;ysC4c;Published;FALSE;;
singeo;ABBA;The Winner Takes It All;Super Trouper;Pop;6;150;abba-super-trouper.jpg;;The Winner Takes It All;25;wsC4c;Published;FALSE;;
singeo;Ed Sheeran;Thinking Out Loud;x;Pop;4;150;ed-sheeran-x.jpg;;Thinking Out Loud;25;YsC4c;Published;FALSE;;
singeo;Maroon 5;This Love;Songs About Jane;Pop;5;150;maroon-5-songs-about-jane.jpg;;This Love;25;lsC4c;Published;FALSE;;
singeo;Cyndi Lauper;Time After Time;She's So Unusual;Pop;3;100;cyndi-lauper-shes-so-unusual.jpg;;Time After Time;25;zsC4c;Published;FALSE;;
singeo;David Guetta feat. Sia;Titanium;Nothing but the Beat;Pop;8;200;david-guetta-feat-sia-nothing-but-the-beat.jpg;;Titanium;25;2sC4c;Published;FALSE;;
singeo;Bonnie Tyler;Total Eclipse Of The Heart;Faster Than the Speed of Night;Pop;6;150;bonnie-tyler-faster-than-the-speed-of-night.jpg;;Total Eclipse Of The Heart;25;CsC4c;Published;FALSE;;
singeo;Cyndi Lauper;True Colors;True Colors;Pop;3;100;cyndi-lauper-true-colors.jpg;;True Colors;25;RsC4c;Published;FALSE;;
singeo;Rihanna;Umbrella;Good Girl Gone Bad;R&B/Soul;2;100;rihanna-good-girl-gone-bad.jpg;;Umbrella;25;3sC4c;Published;FALSE;;
singeo;Avicii;Wake Me Up;TRUE;Electronic;3;100;avicii-true.jpg;;Wake Me Up;25;XsC4c;Published;FALSE;;
singeo;Marc Cohn;Walking In Memphis;Marc Cohn;Rock;5;150;marc-cohn-marc-cohn.jpg;;Walking In Memphis;25;qsC4c;Published;FALSE;;
singeo;ABBA;Waterloo;Waterloo;Pop;4;150;abba-waterloo.png;;Waterloo;25;HsC4c;Published;FALSE;;
singeo;Mariah Carey;We Belong Together;The Emancipation of Mimi;R&B/Soul;5;150;mariah-carey-the-emancipation-of-mimi.jpg;;We Belong Together;25;TsC4c;Published;FALSE;;
singeo;Rihanna;We Found Love;Talk That Talk;Pop;3;100;rihanna-talk-that-talk.png;;We Found Love;25;JsC4c;Published;FALSE;;
singeo;Bette Midler;Wind Beneath My Wings;Beaches: Original Soundtrack Recording;Soundtrack;5;150;bette-midler-beaches-original-soundtrack-recording.jpg;;Wind Beneath My Wings;25;bsC4c;Published;FALSE;;
singeo;Miley Cyrus;Wrecking Ball;Bangerz;Pop;5;150;miley-cyrus-bangerz.jpg;;Wrecking Ball;25;ssC4c;Published;FALSE;;
singeo;Sam Smith;Writing’s On The Wall;Writing’s On The Wall - Single;Pop;7;200;sam-smith-writings-on-the-wall-single.jpg;;Writing’s On The Wall;25;1sC4c;Published;FALSE;;
singeo;Taylor Swift;You Belong With Me;Fearless;Pop;4;150;taylor-swift-fearless.jpg;;You Belong With Me;25;8sC4c;Published;FALSE;;
singeo;Josh Groban;You Raise Me Up;Closer;Pop;8;200;josh-groban-closer.jpg;;You Raise Me Up;25;dsC4c;Published;FALSE;;
singeo;Lauren Daigle;You Say;Look Up Child;CCM/Worship;6;150;lauren-daigle-look-up-child.jpg;;You Say;25;7sC4c;Published;FALSE;;
singeo;James Blunt;You’re Beautiful;Back to Bedlam;Rock;5;150;james-blunt-back-to-bedlam.jpg;;You’re Beautiful;25;WsC4c;Published;FALSE;;
singeo;Adele;Easy On Me;30;Pop;7;200;adele-30.jpg;;Easy On Me;25;BsC4c;Published;FALSE;;
singeo;Journey;Don't Stop Believin;Escape;Rock;9;200;journey-escape.jpg;;Don't Stop Believin;25;ZsC4c;Published;FALSE;;
singeo;Indina Menzel and Aurora;Into the Unknown;Frozen 2: Original Motion Picture Soundtrack;Soundtrack;7;200;indina-menzel-and-aurora-frozen-2-original-motion-picture-soundtrack.jpg;;Into the Unknown;25;LsC4c;Published;FALSE;;
singeo;Michael Bolton;Go The Distance;Hercules: Original Motion Picture Soundtrack;Soundtrack;6;150;michael-bolton-hercules-original-motion-picture-soundtrack.jpg;;Go The Distance;25;jsC4c;Published;FALSE;;
singeo;Alan Menken, Stephen Schwartz;Colors of the Wind;Pocahontas: An Original Walt Disney Records Soundtrack;Soundtrack;5;150;alan-menken-stephen-schwartz-pocahontas-an-original-walt-disney-records-soundtrack.jpg;;Colors of the Wind;25;PsC4c;Published;FALSE;;
singeo;Mandy Moore and Zachary Levi;I See the Light;Tangled: Original Motion Picture Soundtrack;Soundtrack;6;150;mandy-moore-and-zachary-levi-tangled-original-motion-picture-soundtrack.jpg;;I See the Light;25;9sC4c;Published;FALSE;;
singeo;Phil Collins;You'll Be In My Heart;Tarzan: Original Motion Picture Soundtrack;Soundtrack;6;150;phil-collins-tarzan-original-motion-picture-soundtrack.jpg;;You'll Be In My Heart;25;KsC4c;Published;FALSE;;
singeo;Randy Newman;You've Got A Friend In Me;Toy Story: Original Motion Picture Soundtrack;Soundtrack;3;100;randy-newman-toy-story-original-motion-picture-soundtrack.jpg;;You've Got A Friend In Me;25;xsC4c;Published;FALSE;;
singeo;Lady Gaga;Always Remember Us This Way;A Star Is Born: Original Motion Picture Soundtrack;Soundtrack;6;150;lady-gaga-a-star-is-born-original-motion-picture-soundtrack.jpg;;Always Remember Us This Way;25;-sC4c;Published;FALSE;;
singeo;Adele;When We Were Young;25;R&B/Soul;7;200;adele-25.jpg;;When We Were Young;25;QsC4c;Published;FALSE;;
singeo;Andrew Lloyd Webber;All I Ask Of You;The Phantom Of The Opera - The Musical;Soundtrack;8;200;andrew-lloyd-webber-the-phantom-of-the-opera-the-musical.jpg;;All I Ask Of You;25;nsC4c;Published;FALSE;;
singeo;Andrew Lloyd Webber;Don't Cry For Me Argentina;Evita - The Musical;Soundtrack;6;150;andrew-lloyd-webber-evita-the-musical.jpg;;Don't Cry For Me Argentina;25;FsC4c;Published;FALSE;;
singeo;Bill Haley and His Comets;Shake, Rattle And Roll;Shake, Rattle And Roll - Single;Rock;3;100;bill-haley-and-his-comets-shake-rattle-and-roll-single.jpg;;Shake, Rattle And Roll;25;tsC4c;Published;FALSE;;
singeo;Billie Eilish;No Time To Die;No Time to Die: Original Motion Picture Soundtrack;Pop;4;150;billie-eilish-no-time-to-die-original-motion-picture-soundtrack.jpg;;No Time To Die;25;5sC4c;Published;FALSE;;
singeo;Billie Eilish and Khalid;lovely;13 Reasons Why: Season 2 (A Netflix Original Series Soundtrack);Pop;5;150;billie-eilish-and-khalid-13-reasons-why-season-2-a-netflix-original-series-soundtrack.jpg;;lovely;25;gsC4c;Published;FALSE;;
singeo;Billy Joel;Just The Way You Are;The Stranger;Pop;3;100;billy-joel-the-stranger.jpg;;Just The Way You Are;25;6sC4c;Published;FALSE;;
singeo;Billy Joel;My Life;52nd Street;Pop;3;100;billy-joel-52nd-street.jpg;;My Life;25;GsC4c;Published;FALSE;;
singeo;Billy Joel;Only The Good Die Young;The Stranger;Pop;3;100;billy-joel-the-stranger.jpg;;Only The Good Die Young;25;rsC4c;Published;FALSE;;
singeo;Billy Joel;She's Got A Way;Songs in the Attic;Pop;4;150;billy-joel-songs-in-the-attic.jpg;;She's Got A Way;25;hsC4c;Published;FALSE;;
singeo;Bonnie Raitt;I Can't Make You Love Me;Luck of the Draw;Pop;5;150;bonnie-raitt-luck-of-the-draw.jpg;;I Can't Make You Love Me;25;msC4c;Published;FALSE;;
singeo;Brian McKnight;Back At One;Back At One;R&B/Soul;3;100;brian-mcknight-back-at-one.jpg;;Back At One;25;vsC4c;Published;FALSE;;
singeo;Alicia Keys;If I Ain't Got You;The Diary of Alicia Keys;R&B/Soul;8;200;alicia-keys-the-diary-of-alicia-keys.jpg;;If I Ain't Got You;25;SsC4c;Published;FALSE;;
singeo;Alicia Keys Feat. Nicki Minaj;Girl On Fire (Inferno Version);Girl on Fire;R&B/Soul;8;200;alicia-keys-feat-nicki-minaj-girl-on-fire.jpg;;Girl On Fire (Inferno Version);25;psC4c;Published;FALSE;;
singeo;Bachman-Turner Overdrive;Takin' Care Of Business;Bachman–Turner Overdrive II;Rock;5;150;bachmanturner-overdrive-bachmanturner-overdrive-ii.jpg;;Takin' Care Of Business;25;N1C4c;Published;FALSE;;
singeo;Barbra Streisand;The Way We Were;The Way We Were;Soundtrack;9;200;barbra-streisand-the-way-we-were.jpg;;The Way We Were;25;c1C4c;Published;FALSE;;
singeo;Barbra Streisand;Who Are You Now?;Funny Girl - Musical;Soundtrack;7;200;barbra-streisand-funny-girl-musical.jpg;;Who Are You Now?;25;V1C4c;Published;FALSE;;
singeo;Barry Manilow;Mandy;Barry Manilow II;Rock;4;150;barry-manilow-barry-manilow-ii.jpg;;Mandy;25;f1C4c;Published;FALSE;;
singeo;Ben Folds Five;Brick;Whatever and Ever Amen;Rock;2;100;ben-folds-five-whatever-and-ever-amen.jpg;;Brick;25;D1C4c;Published;FALSE;;
singeo;Bette Midler;Friends;The Divine Miss M;Pop;6;150;bette-midler-the-divine-miss-m.jpg;;Friends;25;M1C4c;Published;FALSE;;
singeo;Carole King;I Feel The Earth Move;Tapestry;Rock;5;150;carole-king-tapestry.jpg;;I Feel The Earth Move;25;w1C4c;Published;FALSE;;
singeo;Carole King;It's Too Late;Tapestry;Rock;5;150;carole-king-tapestry.jpg;;It's Too Late;25;Y1C4c;Published;FALSE;;
singeo;Carpenters;Yesterday Once More;Now & Then;Pop;4;150;carpenters-now-and-then.jpg;;Yesterday Once More;25;l1C4c;Published;FALSE;;
singeo;Carpenters;Hurting Each Other;A Song For You;Pop;4;150;carpenters-a-song-for-you.jpg;;Hurting Each Other;25;z1C4c;Published;FALSE;;
singeo;Carpenters;(They Long To Be) Close To You;Close to You;Pop;4;150;carpenters-close-to-you.jpg;;(They Long To Be) Close To You;25;21C4c;Published;FALSE;;
singeo;Chicago;You're The Inspiration;Chicago 17;Rock;6;150;chicago-chicago-17.jpg;;You're The Inspiration;25;C1C4c;Published;FALSE;;
singeo;Dan + Shay & Justin Bieber;10,000 Hours;Good Things;Pop;2;100;dan--shay-and-justin-bieber-good-things.jpg;;10,000 Hours;25;R1C4c;Published;FALSE;;
singeo;Danny & The Juniors;Rock And Roll Is Here To Stay;Rock And Roll Is Here To Stay - Single;Rock;1;100;danny-and-the-juniors-rock-and-roll-is-here-to-stay-single.jpg;;Rock And Roll Is Here To Stay;25;31C4c;Published;FALSE;;
singeo;David Bowie;Changes;Hunky Dory;Pop;4;150;david-bowie-hunky-dory.jpg;;Changes;25;X1C4c;Published;FALSE;;
singeo;Dean Pitchford;Mama Says;Footloose - Musical;Soundtrack;8;200;dean-pitchford-footloose-musical.jpg;;Mama Says;25;q1C4c;Published;FALSE;;
singeo;Dionne & Friends;That's What Friends Are For;Night Shift;Pop;7;200;dionne-and-friends-night-shift.jpg;;That's What Friends Are For;25;H1C4c;Published;FALSE;;
singeo;Don McLean;American Pie;American Pie;Rock;3;100;don-mclean-american-pie.jpg;;American Pie;25;T1C4c;Published;FALSE;;
singeo;Jennifer Holiday;And I Am Telling You I'm Not Going;Dreamgirls - The Musical;Soundtrack;10;200;jennifer-holiday-dreamgirls-the-musical.jpg;;And I Am Telling You I'm Not Going;25;J1C4c;Published;FALSE;;
singeo;Elton John;Bennie And The Jets;Goodbye Yellow Brick Road;R&B/Soul;5;150;elton-john-goodbye-yellow-brick-road.jpg;;Bennie And The Jets;25;b1C4c;Published;FALSE;;
singeo;Elton John;Blue Eyes;Jump Up!;Rock;4;150;elton-john-jump-up.jpg;;Blue Eyes;25;s1C4c;Published;FALSE;;
singeo;Elton John;Crocodile Rock;Don't Shoot Me I'm Only the Piano Player;Rock;4;150;elton-john-dont-shoot-me-im-only-the-piano-player.jpg;;Crocodile Rock;25;11C4c;Published;FALSE;;
singeo;Elton John;Daniel;Don't Shoot Me I'm Only the Piano Player;Rock;3;100;elton-john-dont-shoot-me-im-only-the-piano-player.jpg;;Daniel;25;81C4c;Published;FALSE;;
singeo;Elton John;I Guess That's Why They Call It The Blues;Too Low for Zero;Rock;6;150;elton-john-too-low-for-zero.jpg;;I Guess That's Why They Call It The Blues;25;d1C4c;Published;FALSE;;
singeo;Elton John;Lucy in the Sky With Diamonds;Lucy in the Sky With Diamonds - Single;Rock;3;100;elton-john-lucy-in-the-sky-with-diamonds-single.jpg;;Lucy in the Sky With Diamonds;25;71C4c;Published;FALSE;;
singeo;Elton John;Philadelphia Freedom;Elton John's Greatest Hits Volume II;Rock;4;150;elton-john-elton-johns-greatest-hits-volume-ii.jpg;;Philadelphia Freedom;25;W1C4c;Published;FALSE;;
singeo;Elton John;Saturday Night's Alright (For Fighting);Goodbye Yellow Brick Road;Rock;5;150;elton-john-goodbye-yellow-brick-road.jpg;;Saturday Night's Alright (For Fighting);25;B1C4c;Published;FALSE;;
singeo;Elton John;Sorry Seems To Be The Hardest Word;Blue Moves;Rock;5;150;elton-john-blue-moves.jpg;;Sorry Seems To Be The Hardest Word;25;Z1C4c;Published;FALSE;;
singeo;Elton John;Don't Let The Sun Go Down On Me;Caribou;Rock;4;150;elton-john-caribou.jpg;;Don't Let The Sun Go Down On Me;25;L1C4c;Published;FALSE;;
singeo;Elvis Presley;Blue Suede Shoes;Elvis Presley;Rock;3;100;elvis-presley-elvis-presley.jpg;;Blue Suede Shoes;25;j1C4c;Published;FALSE;;
singeo;Elvis Presley;Heartbreak Hotel;Heartbreak Hotel - Single;Rock;3;100;elvis-presley-heartbreak-hotel-single.jpg;;Heartbreak Hotel;25;P1C4c;Published;FALSE;;
singeo;Elvis Presley;Hound Dog;Hound Dog - Single;Rock;3;100;elvis-presley-hound-dog-single.jpg;;Hound Dog;25;91C4c;Published;FALSE;;
singeo;Elvis Presley;Jailhouse Rock;Jailhouse Rock EP;Rock;3;100;elvis-presley-jailhouse-rock-ep.jpg;;Jailhouse Rock;25;K1C4c;Published;FALSE;;
singeo;Elvis Presley;Blueberry Hill;Loving You - Soundtrack;Rock;4;150;elvis-presley-loving-you-soundtrack.jpg;;Blueberry Hill;25;x1C4c;Published;FALSE;;
singeo;Five For Fighting;100 Years;The Battle for Everything;Rock;9;200;five-for-fighting-the-battle-for-everything.jpg;;100 Years;25;-1C4c;Published;FALSE;;
singeo;Fleetwood Mac;Say You Love Me;Fleetwood Mac;Rock;3;100;fleetwood-mac-fleetwood-mac.jpg;;Say You Love Me;25;Q1C4c;Published;FALSE;;
singeo;Janis Joplin;Piece Of My Heart;Cheap Thrills (With Big Brother And The Holding Company);R&B/Soul;5;150;janis-joplin-cheap-thrills-with-big-brother-and-the-holding-company.jpg;;Piece Of My Heart;25;n1C4c;Published;FALSE;;
singeo;Joe Cocker;You Are So Beautiful;I Can Stand a Little Rain;R&B/Soul;4;150;joe-cocker-i-can-stand-a-little-rain.jpg;;You Are So Beautiful;25;F1C4c;Published;FALSE;;
singeo;Katy Perry;I Kissed A Girl;One of the Boys;Pop;3;100;katy-perry-one-of-the-boys.jpg;;I Kissed A Girl;25;t1C4c;Published;FALSE;;
singeo;Katy Perry;Teenage Dream;Teenage Dream;Pop;6;150;katy-perry-teenage-dream.jpg;;Teenage Dream;25;51C4c;Published;FALSE;;
singeo;Kelly Clarkson;Because Of You;Breakaway;Pop;5;150;kelly-clarkson-breakaway.jpg;;Because Of You;25;g1C4c;Published;FALSE;;
singeo;La La Land Cast;Another Day Of Sun;La La Land: Original Motion Picture Soundtrack;Soundtrack;4;150;la-la-land-cast-la-la-land-original-motion-picture-soundtrack.jpg;;Another Day Of Sun;25;61C4c;Published;FALSE;;
singeo;Lady Gaga;Bad Romance;The Fame Monster;Pop;4;150;lady-gaga-the-fame-monster.jpg;;Bad Romance;25;G1C4c;Published;FALSE;;
singeo;Lady Gaga;I'll Never Love Again;A Star Is Born: Original Motion Picture Soundtrack;Soundtrack;7;200;lady-gaga-a-star-is-born-original-motion-picture-soundtrack.jpg;;I'll Never Love Again;25;r1C4c;Published;FALSE;;
singeo;Lady Gaga;Is That Alright?;A Star Is Born: Original Motion Picture Soundtrack;Soundtrack;7;200;lady-gaga-a-star-is-born-original-motion-picture-soundtrack.jpg;;Is That Alright?;25;h1C4c;Published;FALSE;;
singeo;Lewis Capaldi;Someone You Loved;Divinely Uninspired to a Hellish Extent;Pop;6;150;lewis-capaldi-divinely-uninspired-to-a-hellish-extent.jpg;;Someone You Loved;25;m1C4c;Published;FALSE;;
singeo;Linda Ronstadt and Aaron Neville;Don't Know Much;Cry Like a Rainstorm, Howl Like the Wind;Rock;8;200;linda-ronstadt-and-aaron-neville-cry-like-a-rainstorm-howl-like-the-wind.jpg;;Don't Know Much;25;v1C4c;Published;FALSE;;
singeo;Little Richard;Good Golly Miss Molly;Little Richard;Rock;9;200;little-richard-little-richard.jpg;;Good Golly Miss Molly;25;S1C4c;Published;FALSE;;
singeo;Little Richard;Tutti Frutti;Here's Little Richard;Rock;3;100;little-richard-heres-little-richard.jpg;;Tutti Frutti;25;p1C4c;Published;FALSE;;
singeo;Maroon 5;Memories;Jordi;Pop;6;150;maroon-5-jordi.jpg;;Memories;25;N8C4c;Published;FALSE;;
singeo;Michael Bublé;Feeling Good;It's Time;Jazz;6;150;michael-buble-its-time.jpg;;Feeling Good;25;c8C4c;Published;FALSE;;
singeo;Michael Bublé;Lost;Call Me Irresponsible;Jazz;3;100;michael-buble-call-me-irresponsible.jpg;;Lost;25;V8C4c;Published;FALSE;;
singeo;Michael Bublé;Everything;Call Me Irresponsible;Jazz;3;100;michael-buble-call-me-irresponsible.jpg;;Everything;25;f8C4c;Published;FALSE;;
singeo;Michael Bublé;Home;It's Time;Jazz;4;150;michael-buble-its-time.jpg;;Home;25;D8C4c;Published;FALSE;;
singeo;Norah Jones;Don't Know Why;Come Away with Me;Jazz;4;150;norah-jones-come-away-with-me.jpg;;Don't Know Why;25;M8C4c;Published;FALSE;;
singeo;Otis Redding;(Sittin' On) The Dock Of The Bay;The Dock of the Bay;R&B/Soul;4;150;otis-redding-the-dock-of-the-bay.jpg;;(Sittin' On) The Dock Of The Bay;25;k8C4c;Published;FALSE;;
singeo;Olivia Newton-John;Hopelessly Devoted To You;Grease: Original Motion Picture Soundtrack;Soundtrack;6;150;olivia-newtonjohn-grease-original-motion-picture-soundtrack.jpg;;Hopelessly Devoted To You;25;48C4c;Published;FALSE;;
singeo;Paul McCartney;Maybe I'm Amazed;McCartney;Rock;5;150;paul-mccartney-mccartney.jpg;;Maybe I'm Amazed;25;y8C4c;Published;FALSE;;
singeo;Queen;Bohemian Rhapsody;A Night at the Opera;Rock;10;200;queen-a-night-at-the-opera.jpg;;Bohemian Rhapsody;25;w8C4c;Published;FALSE;;
singeo;Queen;Love Of My Life;A Night at the Opera;Rock;7;200;queen-a-night-at-the-opera.jpg;;Love Of My Life;25;Y8C4c;Published;FALSE;;
singeo;Queen;Somebody To Love;A Day at the Races;Rock;6;150;queen-a-day-at-the-races.jpg;;Somebody To Love;25;l8C4c;Published;FALSE;;
singeo;Queen;We Are The Champions;News of the World;Rock;6;150;queen-news-of-the-world.jpg;;We Are The Champions;25;z8C4c;Published;FALSE;;
singeo;Rihanna;Unfaithful;A Girl like Me;R&B/Soul;7;200;rihanna-a-girl-like-me.jpg;;Unfaithful;25;28C4c;Published;FALSE;;
singeo;Roy Orbison;Oh, Pretty Woman;Pretty Woman: Original Motion Picture Soundtrack;Rock;4;150;roy-orbison-pretty-woman-original-motion-picture-soundtrack.jpg;;Oh, Pretty Woman;25;C8C4c;Published;FALSE;;
singeo;Steve Tyrell;A House Is Not A Home;Back To Bacharach;R&B/Soul;7;200;steve-tyrell-back-to-bacharach.jpg;;A House Is Not A Home;25;R8C4c;Published;FALSE;;
singeo;Steve Tyrell;Walk On By;Back To Bacharach;R&B/Soul;6;150;steve-tyrell-back-to-bacharach.jpg;;Walk On By;25;38C4c;Published;FALSE;;
singeo;Styx;Come Sail Away;The Grand Illusion;Rock;5;150;styx-the-grand-illusion.jpg;;Come Sail Away;25;X8C4c;Published;FALSE;;
singeo;Supertramp;Take The Long Way Home;Breakfast In America;Pop;4;150;supertramp-breakfast-in-america.jpg;;Take The Long Way Home;25;q8C4c;Published;FALSE;;
singeo;Susan Boyle;I Dreamed A Dream;I Dreamed A Dream;Soundtrack;7;200;susan-boyle-i-dreamed-a-dream.jpg;;I Dreamed A Dream;25;H8C4c;Published;FALSE;;
singeo;Taylor Swift;Back To December;Speak Now;Pop;6;150;taylor-swift-speak-now.jpg;;Back To December;25;T8C4c;Published;FALSE;;
singeo;Taylor Swift;I Knew You Were Trouble;Red;Pop;5;150;taylor-swift-red.jpg;;I Knew You Were Trouble;25;J8C4c;Published;FALSE;;
singeo;The Beach Boys;California Girls;Summer Days (And Summer Nights!!);Pop;5;150;the-beach-boys-summer-days-and-summer-nights.jpg;;California Girls;25;b8C4c;Published;FALSE;;
singeo;The Beach Boys;Don't Worry Baby;Shut Down Volume 2;Pop;5;150;the-beach-boys-shut-down-volume-2.jpg;;Don't Worry Baby;25;s8C4c;Published;FALSE;;
singeo;The Beach Boys;Fun, Fun, Fun;Shut Down Volume 2;Pop;5;150;the-beach-boys-shut-down-volume-2.jpg;;Fun, Fun, Fun;25;18C4c;Published;FALSE;;
singeo;The Beach Boys;God Only Knows;Pet Sounds;Pop;5;150;the-beach-boys-pet-sounds.jpg;;God Only Knows;25;88C4c;Published;FALSE;;
singeo;The Beach Boys;Good Vibrations;Good Vibrations - Single;Pop;5;150;the-beach-boys-good-vibrations-single.jpg;;Good Vibrations;25;d8C4c;Published;FALSE;;
singeo;The Beach Boys;I Get Around;All Summer Long;Pop;5;150;the-beach-boys-all-summer-long.jpg;;I Get Around;25;78C4c;Published;FALSE;;
singeo;The Beach Boys;In My Room;Surfer Girl;Pop;5;150;the-beach-boys-surfer-girl.jpg;;In My Room;25;W8C4c;Published;FALSE;;
singeo;The Beach Boys;Little Deuce Coupe;Little Deuce Coupe;Pop;5;150;the-beach-boys-little-deuce-coupe.jpg;;Little Deuce Coupe;25;B8C4c;Published;FALSE;;
singeo;The Beach Boys;Surfer Girl;Surfer Girl;Pop;4;150;the-beach-boys-surfer-girl.jpg;;Surfer Girl;25;Z8C4c;Published;FALSE;;
singeo;The Beach Boys;Surfin' U.S.A.;Surfin' U.S.A.;Pop;4;150;the-beach-boys-surfin-usa.jpg;;Surfin' U.S.A.;25;L8C4c;Published;FALSE;;
singeo;The Beatles;All My Loving;With the Beatles;Rock;4;150;the-beatles-with-the-beatles.jpg;;All My Loving;25;j8C4c;Published;FALSE;;
singeo;The Beatles;And I Love Her;A Hard Day's Night;Rock;4;150;the-beatles-a-hard-days-night.jpg;;And I Love Her;25;P8C4c;Published;FALSE;;
singeo;The Beatles;Back in the U.S.S.R.;The Beatles (White Album);Rock;4;150;the-beatles-the-beatles-white-album.jpg;;Back in the U.S.S.R.;25;98C4c;Published;FALSE;;
singeo;The Beatles;Because;Abbey Road;Rock;5;150;the-beatles-abbey-road.jpg;;Because;25;K8C4c;Published;FALSE;;
singeo;The Beatles;Yesterday;Yesterday and Today;Rock;5;150;the-beatles-yesterday-and-today.jpg;;Yesterday;25;x8C4c;Published;FALSE;;
singeo;The Beatles;Blackbird;The Beatles (White Album);Rock;6;150;the-beatles-the-beatles-white-album.jpg;;Blackbird;25;-8C4c;Published;FALSE;;
singeo;The Beatles;Can't Buy Me Love;A Hard Day's Night;Rock;5;150;the-beatles-a-hard-days-night.jpg;;Can't Buy Me Love;25;Q8C4c;Published;FALSE;;
singeo;The Beatles;Come Together;Abbey Road;Rock;4;150;the-beatles-abbey-road.jpg;;Come Together;25;n8C4c;Published;FALSE;;
singeo;The Beatles;Day Tripper;Rubber Soul;Rock;3;100;the-beatles-rubber-soul.jpg;;Day Tripper;25;F8C4c;Published;FALSE;;
singeo;The Beatles;Eleanor Rigby;Revolver;Rock;4;150;the-beatles-revolver.jpg;;Eleanor Rigby;25;t8C4c;Published;FALSE;;
singeo;The Beatles;Got To Get You Into My Life;Revolver;Rock;4;150;the-beatles-revolver.jpg;;Got To Get You Into My Life;25;58C4c;Published;FALSE;;
singeo;The Beatles;I Want To Hold Your Hand;I Want To Hold Your Hand - Single;Rock;4;150;the-beatles-i-want-to-hold-your-hand-single.jpg;;I Want To Hold Your Hand;25;g8C4c;Published;FALSE;;
singeo;The Beatles;In My Life;Rubber Soul;Rock;4;150;the-beatles-rubber-soul.jpg;;In My Life;25;68C4c;Published;FALSE;;
singeo;The Beatles;Michelle;Rubber Soul;Rock;4;150;the-beatles-rubber-soul.jpg;;Michelle;25;G8C4c;Published;FALSE;;
singeo;The Beatles;Ob-La-Di, Ob-La-Da;The Beatles (White Album);Rock;4;150;the-beatles-the-beatles-white-album.jpg;;Ob-La-Di, Ob-La-Da;25;r8C4c;Published;FALSE;;
singeo;The Beatles;Something;Abbey Road;Rock;4;150;the-beatles-abbey-road.jpg;;Something;25;h8C4c;Published;FALSE;;
singeo;The Beatles;The Long And Winding Road;Let It Be;Rock;5;150;the-beatles-let-it-be.jpg;;The Long And Winding Road;25;m8C4c;Published;FALSE;;
singeo;The Beatles;When I'm Sixty-Four;Sgt. Pepper's Lonely Hearts Club Band;Rock;5;150;the-beatles-sgt-peppers-lonely-hearts-club-band.jpg;;When I'm Sixty-Four;25;S8C4c;Published;FALSE;;
singeo;The Beatles;While My Guitar Gently Weeps;The Beatles (White Album);Rock;6;150;the-beatles-the-beatles-white-album.jpg;;While My Guitar Gently Weeps;25;p8C4c;Published;FALSE;;
singeo;The Beatles;With A Little Help From My Friends;Sgt. Pepper's Lonely Hearts Club Band;Rock;4;150;the-beatles-sgt-peppers-lonely-hearts-club-band.jpg;;With A Little Help From My Friends;25;NdC4c;Published;FALSE;;
singeo;The Commodores;Easy;Commodores;R&B/Soul;4;150;the-commodores-commodores.jpg;;Easy;25;cdC4c;Published;FALSE;;
singeo;The Doors;Break On Through (To The Other Side);The Doors;Rock;4;150;the-doors-the-doors.jpg;;Break On Through (To The Other Side);25;VdC4c;Published;FALSE;;
singeo;The Doors;Hello, I Love You (Won't You Tell Me Your Name?);Waiting For The Sun;Rock;2;100;the-doors-waiting-for-the-sun.jpg;;Hello, I Love You (Won't You Tell Me Your Name?);25;fdC4c;Published;FALSE;;
singeo;The Doors;Roadhouse Blues;Morrison Hotel;Rock;3;100;the-doors-morrison-hotel.jpg;;Roadhouse Blues;25;DdC4c;Published;FALSE;;
singeo;The Doors;People Are Strange;Strange Days;Rock;2;100;the-doors-strange-days.jpg;;People Are Strange;25;MdC4c;Published;FALSE;;
singeo;The Doors;Love Me Two Times;Strange Days;Rock;2;100;the-doors-strange-days.jpg;;Love Me Two Times;25;kdC4c;Published;FALSE;;
singeo;The Doors;Riders On The Storm;L.A. Woman;Rock;1;100;the-doors-la-woman.jpg;;Riders On The Storm;25;4dC4c;Published;FALSE;;
singeo;The Four Tops;I Can't Help Myself (Sugar Pie, Honey Bunch);Four Tops Second Album;R&B/Soul;2;100;the-four-tops-four-tops-second-album.jpg;;I Can't Help Myself (Sugar Pie, Honey Bunch);25;ydC4c;Published;FALSE;;
singeo;The Righteous Brothers;Unchained Melody;Just Once In My Life;Pop;9;200;the-righteous-brothers-just-once-in-my-life.jpg;;Unchained Melody;25;wdC4c;Published;FALSE;;
singeo;Tina Turner;What's Love Got To Do With It;Private Dancer;R&B/Soul;4;150;tina-turner-private-dancer.jpg;;What's Love Got To Do With It;25;YdC4c;Published;FALSE;;
singeo;Whitney Houston;The Greatest Love Of All;Whitney Houston;R&B/Soul;7;200;whitney-houston-whitney-houston.jpg;;The Greatest Love Of All;25;ldC4c;Published;FALSE;;
singeo;Andrew Lloyd Webber;The Music Of The Night;The Phantom Of The Opera - The Musical;Soundtrack;8;200;andrew-lloyd-webber-the-phantom-of-the-opera-the-musical.jpg;;The Music Of The Night;25;zdC4c;Published;FALSE;;
singeo;Andrew Lloyd Webber;Gus: The Theatre Cat;Cats - The Musical;Soundtrack;5;150;andrew-lloyd-webber-cats-the-musical.jpg;;Gus: The Theatre Cat;25;2dC4c;Published;FALSE;;
singeo;Andrew Lloyd Webber;I Don't Know How To Love Him;Jesus Christ Superstar - The Musical;Soundtrack;6;150;andrew-lloyd-webber-jesus-christ-superstar-the-musical.jpg;;I Don't Know How To Love Him;25;CdC4c;Published;FALSE;;
singeo;Andrew Lloyd Webber;The Point Of No Return;The Phantom Of The Opera - The Musical;Soundtrack;9;200;andrew-lloyd-webber-the-phantom-of-the-opera-the-musical.jpg;;The Point Of No Return;25;RdC4c;Published;FALSE;;
singeo;Andrew Lloyd Webber;Memory;Cats - The Musical;Soundtrack;9;200;andrew-lloyd-webber-cats-the-musical.jpg;;Memory;25;3dC4c;Published;FALSE;;
singeo;Barbra Streisand;People;People;Soundtrack;7;200;barbra-streisand-people.jpg;;People;25;XdC4c;Published;FALSE;;
singeo;Boublil and Schonberg;Do You Hear The People Sing?;Les Misérables - The Musical;Soundtrack;4;150;boublil-and-schonberg-les-miserables-the-musical.jpg;;Do You Hear The People Sing?;25;qdC4c;Published;FALSE;;
singeo;Boublil and Schonberg;Empty Chairs At Empty Tables;Les Misérables - The Musical;Soundtrack;9;200;boublil-and-schonberg-les-miserables-the-musical.jpg;;Empty Chairs At Empty Tables;25;HdC4c;Published;FALSE;;
singeo;Charles Strouse;Tomorrow;Annie - The Musical;Soundtrack;5;150;charles-strouse-annie-the-musical.jpg;;Tomorrow;25;TdC4c;Published;FALSE;;
singeo;Claude-Michel Schonberg;Bring Him Home;Les Misérables - The Musical;Soundtrack;9;200;claudemichel-schonberg-les-miserables-the-musical.jpg;;Bring Him Home;25;JdC4c;Published;FALSE;;
singeo;Edith Piaf;La Vie En Rose (Take Me To Your Heart Again);Chansons Parisiennes;Jazz;8;200;edith-piaf-chansons-parisiennes.jpg;;La Vie En Rose (Take Me To Your Heart Again);25;bdC4c;Published;FALSE;;
singeo;Leonard Bernstein;Some Other Time;On The Town - The Musical;Soundtrack;6;150;leonard-bernstein-on-the-town-the-musical.jpg;;Some Other Time;25;sdC4c;Published;FALSE;;
singeo;Leslie Bricusse and Anthony Newley;Pure Imagination;Willy Wonka and the Chocolate Factory: Original Motion Picture Soundtrack;Soundtrack;5;150;leslie-bricusse-and-anthony-newley-willy-wonka-and-the-chocolate-factory-original-motion-picture-soundtrack-.jpg;;Pure Imagination;25;1dC4c;Published;FALSE;;
singeo;Lin-Manuel Miranda;Alexander Hamilton;Hamilton - The Musical;Soundtrack;6;150;linmanuel-miranda-hamilton-the-musical.jpg;;Alexander Hamilton;25;8dC4c;Published;FALSE;;
singeo;Lin-Manuel Miranda;Guns And Ships;Hamilton - The Musical;Soundtrack;6;150;linmanuel-miranda-hamilton-the-musical.jpg;;Guns And Ships;25;ddC4c;Published;FALSE;;
singeo;Lin-Manuel Miranda;My Shot;Hamilton - The Musical;Soundtrack;6;150;linmanuel-miranda-hamilton-the-musical.jpg;;My Shot;25;7dC4c;Published;FALSE;;
singeo;Lin-Manuel Miranda;Satisfied;Hamilton - The Musical;Soundtrack;6;150;linmanuel-miranda-hamilton-the-musical.jpg;;Satisfied;25;WdC4c;Published;FALSE;;
singeo;Lin-Manuel Miranda;The Room Where It Happens;Hamilton - The Musical;Soundtrack;6;150;linmanuel-miranda-hamilton-the-musical.jpg;;The Room Where It Happens;25;BdC4c;Published;FALSE;;
singeo;Lin-Manuel Miranda;The Schuyler Sisters;Hamilton - The Musical;Soundtrack;6;150;linmanuel-miranda-hamilton-the-musical.jpg;;The Schuyler Sisters;25;ZdC4c;Published;FALSE;;
singeo;Lin-Manuel Miranda;Wait For It;Hamilton - The Musical;Soundtrack;6;150;linmanuel-miranda-hamilton-the-musical.jpg;;Wait For It;25;LdC4c;Published;FALSE;;
singeo;Lin-Manuel Miranda;Yorktown (The World Turned Upside Down);Hamilton - The Musical;Soundtrack;6;150;linmanuel-miranda-hamilton-the-musical.jpg;;Yorktown (The World Turned Upside Down);25;jdC4c;Published;FALSE;;
singeo;Lin-Manuel Miranda;You'll Be Back;Hamilton - The Musical;Soundtrack;6;150;linmanuel-miranda-hamilton-the-musical.jpg;;You'll Be Back;25;PdC4c;Published;FALSE;;
singeo;Louis Armstrong;Hello, Dolly!;Hello, Dolly!;Soundtrack;5;150;louis-armstrong-hello-dolly.jpg;;Hello, Dolly!;25;9dC4c;Published;FALSE;;
singeo;Marc Shaiman;I Can Hear The Bells;Hairspray: Original Motion Picture Soundtrack;Soundtrack;5;150;marc-shaiman-hairspray-original-motion-picture-soundtrack.jpg;;I Can Hear The Bells;25;KdC4c;Published;FALSE;;
singeo;Queen Latifah;I Know Where I've Been;Hairspray: Original Motion Picture Soundtrack;Soundtrack;6;150;queen-latifah-hairspray-original-motion-picture-soundtrack.jpg;;I Know Where I've Been;25;xdC4c;Published;FALSE;;
singeo;Marc Shaiman;Run And Tell That;Hairspray: Original Motion Picture Soundtrack;Soundtrack;7;200;marc-shaiman-hairspray-original-motion-picture-soundtrack.jpg;;Run And Tell That;25;-dC4c;Published;FALSE;;
singeo;Marc Shaiman;The Nicest Kids In Town;Hairspray: Original Motion Picture Soundtrack;Soundtrack;5;150;marc-shaiman-hairspray-original-motion-picture-soundtrack.jpg;;The Nicest Kids In Town;25;QdC4c;Published;FALSE;;
singeo;Sia Furler, Jesse Shatkin;Chandelier;Moulin Rouge - The Musical;Soundtrack;10;200;sia-furler-jesse-shatkin-moulin-rouge-the-musical.jpg;;Chandelier;25;ndC4c;Published;FALSE;;
singeo;David Baerwald, Kevin Gilbert;Come What May;Moulin Rouge - The Musical;Soundtrack;7;200;david-baerwald-kevin-gilbert-moulin-rouge-the-musical.jpg;;Come What May;25;FdC4c;Published;FALSE;;
singeo;Craig Pearce, Baz Luhrmann, Gordon Sumner, Mariano Mores;El Tango De Roxanne;Moulin Rouge - The Musical;Soundtrack;7;200;craig-pearce-baz-luhrmann-gordon-sumner-mariano-mores-moulin-rouge-the-musical.jpg;;El Tango De Roxanne;25;tdC4c;Published;FALSE;;
singeo;Moulin Rouge! The Musical Cast;Firework;Moulin Rouge - The Musical;Soundtrack;8;200;moulin-rouge-the-musical-cast-moulin-rouge-the-musical.jpg;;Firework;25;5dC4c;Published;FALSE;;
singeo;Nacio Herb Brown;Singin' In The Rain;Singin' In The Rain: Original Film Soundtrack;Soundtrack;6;150;nacio-herb-brown-singin-in-the-rain-original-film-soundtrack.jpg;;Singin' In The Rain;25;gdC4c;Published;FALSE;;
singeo;Nathan Tysen & Daniel Messé;Where Do We Go From Here;Amélie - The Musical;Soundtrack;5;150;nathan-tysen-and-daniel-messe-amelie-the-musical.jpg;;Where Do We Go From Here;25;6dC4c;Published;FALSE;;
singeo;Nina Simone;Little Girl Blue;Little Girl Blue;Soundtrack;4;150;nina-simone-little-girl-blue.jpg;;Little Girl Blue;25;GdC4c;Published;FALSE;;
singeo;Rodgers & Hammerstein;Climb Ev'ry Mountain;The Sound Of Music - The Musical Original Motion Picture Soundtrack;Soundtrack;8;200;rodgers-and-hammerstein-the-sound-of-music-the-musical-original-motion-picture-soundtrack.jpg;;Climb Ev'ry Mountain;25;rdC4c;Published;FALSE;;
singeo;Julie Andrews;Do-Re-Mi;The Sound Of Music: Original Motion Picture Soundtrack;Soundtrack;3;100;julie-andrews-the-sound-of-music-original-motion-picture-soundtrack.jpg;;Do-Re-Mi;25;4pk4c;Published;FALSE;;
singeo;Rodgers & Hammerstein;I Have Confidence;The Sound Of Music: Original Motion Picture Soundtrack;Soundtrack;5;150;rodgers-and-hammerstein-the-sound-of-music-original-motion-picture-soundtrack.jpg;;I Have Confidence;25;hdC4c;Published;FALSE;;
singeo;Rodgers & Hammerstein;Lonely Room;Oklahoma! - The Musical;Soundtrack;7;200;rodgers-and-hammerstein-oklahoma-the-musical.jpg;;Lonely Room;25;vdC4c;Published;FALSE;;
singeo;Rodgers & Hammerstein;Maria;The Sound Of Music: Original Motion Picture Soundtrack;Soundtrack;5;150;rodgers-and-hammerstein-the-sound-of-music-original-motion-picture-soundtrack.jpg;;Maria;25;SdC4c;Published;FALSE;;
singeo;Rodgers & Hammerstein;So Long, Farewell;The Sound Of Music: Original Motion Picture Soundtrack;Soundtrack;2;100;rodgers-and-hammerstein-the-sound-of-music-original-motion-picture-soundtrack.jpg;;So Long, Farewell;25;pdC4c;Published;FALSE;;
singeo;Sammy Davis, Jr.;If My Friends Could See Me Now;Sweet Charity - The Musical;Soundtrack;4;150;sammy-davis-jr-sweet-charity-the-musical.jpg;;If My Friends Could See Me Now;25;N7C4c;Published;FALSE;;
singeo;Alan Menken / Disney;Part Of Your World;The Little Mermaid: Original Walt Disney Records Soundtrack;Soundtrack;3;100;alan-menken--disney-the-little-mermaid-original-walt-disney-records-soundtrack.jpg;;Part Of Your World;25;c7C4c;Published;FALSE;;
singeo;Andrea Bocelli;Because We Believe;Amore, The Best of Andrea Bocelli: Vivere;Pop;7;200;andrea-bocelli-amore-the-best-of-andrea-bocelli-vivere.jpg;;Because We Believe;25;V7C4c;Published;FALSE;;
singeo;Bing Crosby;I'll Be Home For Holiday;I'll Be Home For Holiday - Single;Holiday;5;150;bing-crosby-ill-be-home-for-holiday-single.jpg;;I'll Be Home For Holiday;25;f7C4c;Published;FALSE;;
singeo;Andy Williams;Do You Hear What I Hear;Merry Holiday;Holiday;4;150;andy-williams-merry-holiday.jpg;;Do You Hear What I Hear;25;D7C4c;Published;FALSE;;
singeo;Andy Williams;Silver Bells;Merry Holiday;Holiday;3;100;andy-williams-merry-holiday.jpg;;Silver Bells;25;M7C4c;Published;FALSE;;
singeo;Andy Williams;The Holiday Song (Chestnuts Roasting On An Open Fire);The Andy Williams Holiday Album;Holiday;8;200;andy-williams-the-andy-williams-holiday-album.jpg;;The Holiday Song (Chestnuts Roasting On An Open Fire);25;k7C4c;Published;FALSE;;
singeo;Bobby Vinton;Do You Hear What I Hear;Kissin' Holiday;Holiday;4;150;bobby-vinton-kissin-holiday.jpg;;Do You Hear What I Hear;25;47C4c;Published;FALSE;;
singeo;Brenda Lee;Rockin' Around The Holiday Tree;Rockin' Around The Holiday Tree;Holiday;3;100;brenda-lee-rockin-around-the-holiday-tree.jpg;;Rockin' Around The Holiday Tree;25;y7C4c;Published;FALSE;;
singeo;Tim Rice, Elton John;Circle of Life;The Lion King: Original Motion Picture Soundtrack;Soundtrack;7;200;tim-rice-elton-john-the-lion-king-original-motion-picture-soundtrack.jpg;;Circle of Life;25;w7C4c;Published;FALSE;;
singeo;High School Musical Cast;Start Of Something New;High School Musical: Original Motion Picture Soundtrack;Soundtrack;4;150;high-school-musical-cast-high-school-musical-original-motion-picture-soundtrack.jpg;;Start Of Something New;25;Y7C4c;Published;FALSE;;
singeo;High School Musical Cast;What I've Been Looking For;High School Musical: Original Motion Picture Soundtrack;Soundtrack;3;100;high-school-musical-cast-high-school-musical-original-motion-picture-soundtrack.jpg;;What I've Been Looking For;25;l7C4c;Published;FALSE;;
singeo;High School Musical Cast;When There Was Me And You;High School Musical: Original Motion Picture Soundtrack;Soundtrack;5;150;high-school-musical-cast-high-school-musical-original-motion-picture-soundtrack.jpg;;When There Was Me And You;25;z7C4c;Published;FALSE;;
singeo;Sammy Fain;Once Upon A Dream;Sleeping Beauty: Original Motion Picture Soundtrack;Soundtrack;4;150;sammy-fain-sleeping-beauty-original-motion-picture-soundtrack.jpg;;Once Upon A Dream;25;27C4c;Published;FALSE;;
singeo;Sherman Brothers;Feed The Birds;Mary Poppins: Original Motion Picture Soundtrack;Soundtrack;4;150;sherman-brothers-mary-poppins-original-motion-picture-soundtrack.jpg;;Feed The Birds;25;C7C4c;Published;FALSE;;
singeo;Sherman Brothers;Let's Go Fly A Kite;Mary Poppins: Original Motion Picture Soundtrack;Soundtrack;3;100;sherman-brothers-mary-poppins-original-motion-picture-soundtrack.jpg;;Let's Go Fly A Kite;25;R7C4c;Published;FALSE;;
singeo;Sherman Brothers;The Perfect Nanny;Mary Poppins: Original Motion Picture Soundtrack;Soundtrack;3;100;sherman-brothers-mary-poppins-original-motion-picture-soundtrack.jpg;;The Perfect Nanny;25;37C4c;Published;FALSE;;
singeo;Sherman Brothers;The Wonderful Thing About Tiggers;Disney's Greatest, Vol. 3;Soundtrack;2;100;sherman-brothers-disneys-greatest-vol-3.jpg;;The Wonderful Thing About Tiggers;25;X7C4c;Published;FALSE;;
singeo;Terry Gilkyson;The Bare Necessities;The Jungle Book: Original Motion Picture Soundtrack;Soundtrack;3;100;terry-gilkyson-the-jungle-book-original-motion-picture-soundtrack.jpg;;The Bare Necessities;25;q7C4c;Published;FALSE;;
singeo;Zac Efron & Vanessa Hudgens;Breaking Free;High School Musical: An Original Walk Disney Soundtrack;Soundtrack;4;150;zac-efron-and-vanessa-hudgens-high-school-musical-an-original-walk-disney-soundtrack.jpg;;Breaking Free;25;H7C4c;Published;FALSE;;
singeo;Carole King;You've Got A Friend;Tapestry;Rock;3;100;carole-king-tapestry.jpg;;You've Got A Friend;25;T7C4c;Published;FALSE;;
singeo;John Lennon;Imagine;Imagine;Rock;4;150;john-lennon-imagine.jpg;;Imagine;25;J7C4c;Published;FALSE;;
singeo;Leonard Cohen;Hallelujah;Various Positions;CCM/Worship;5;150;leonard-cohen-various-positions.jpg;;Hallelujah;25;b7C4c;Published;FALSE;;
singeo;Nina Simone;He Needs Me;Little Girl Blue;Jazz;6;150;nina-simone-little-girl-blue.jpg;;He Needs Me;25;s7C4c;Published;FALSE;;
singeo;Nina Simone;Lilac Wine;Wild Is The Wind;Pop;6;150;nina-simone-wild-is-the-wind.jpg;;Lilac Wine;25;17C4c;Published;FALSE;;
singeo;Nina Simone;My Baby Just Cares For Me;Little Girl Blue;R&B/Soul;4;150;nina-simone-little-girl-blue.jpg;;My Baby Just Cares For Me;25;87C4c;Published;FALSE;;
singeo;Nina Simone;To Be Young, Gifted And Black;Black Gold;R&B/Soul;5;150;nina-simone-black-gold.jpg;;To Be Young, Gifted And Black;25;d7C4c;Published;FALSE;;
singeo;Lynyrd Skynyrd;Sweet Home Alabama;Second Helping;Rock;3;100;lynyrd-skynyrd-second-helping.jpg;;Sweet Home Alabama;25;77C4c;Published;FALSE;;
singeo;Patsy Cline;Crazy;Showcase;Country;9;200;patsy-cline-showcase.jpg;;Crazy;25;W7C4c;Published;FALSE;;
singeo;Rascal Flatts;Bless The Broken Road;Feels Like Today;Country;6;150;rascal-flatts-feels-like-today.jpg;;Bless The Broken Road;25;B7C4c;Published;FALSE;;
singeo;Shania Twain;You're Still The One;Come On Over;Country;5;150;shania-twain-come-on-over.jpg;;You're Still The One;25;Z7C4c;Published;FALSE;;
singeo;Carole King;(You Make Me Feel Like) A Natural Woman;Tapestry;R&B/Soul;7;200;carole-king-tapestry.jpg;;(You Make Me Feel Like) A Natural Woman;25;L7C4c;Published;FALSE;;
singeo;Stevie Wonder;You Are The Sunshine Of My Life;Talking Book;R&B/Soul;7;200;stevie-wonder-talking-book.jpg;;You Are The Sunshine Of My Life;25;j7C4c;Published;FALSE;;
singeo;The Staple Singers;Respect Yourself;Be Altitude: Respect Yourself;R&B/Soul;3;100;the-staple-singers-be-altitude-respect-yourself.jpg;;Respect Yourself;25;P7C4c;Published;FALSE;;
singeo;Diana Krall;How Insensitive (Insensatez);From This Moment On;Jazz;2;100;diana-krall-from-this-moment-on.jpg;;How Insensitive (Insensatez);25;97C4c;Published;FALSE;;
singeo;MercyMe;I Can Only Imagine;Almost There;CCM/Worship;4;150;mercyme-almost-there.jpg;;I Can Only Imagine;25;K7C4c;Published;FALSE;;
singeo;Ray Charles;What'd I Say;What'd I Say;R&B/Soul;2;100;ray-charles-whatd-i-say.jpg;;What'd I Say;25;x7C4c;Published;FALSE;;
singeo;Taylor Swift;Style;1989;Pop;5;150;taylor-swift-1989.jpg;;Style;25;-7C4c;Published;FALSE;;
singeo;Kane Brown;Heaven;Kane Brown;Country;4;150;kane-brown-kane-brown.jpg;;Heaven;25;Q7C4c;Published;FALSE;;
singeo;Sara Bareilles;She Used To Be Mine;What's Inside: Songs from Waitress;Pop;6;150;sara-bareilles-whats-inside-songs-from-waitress.jpg;;She Used To Be Mine;25;n7C4c;Published;FALSE;;
singeo;John Lennon;Happy Xmas (War Is Over);Happy Xmas (War Is Over) - Single;Holiday;3;100;john-lennon-happy-xmas-war-is-over-single.jpg;;Happy Xmas (War Is Over);25;F7C4c;Published;FALSE;;
singeo;Jose Feliciano;Feliz Navidad;Feliz Navidad;Holiday;1;100;jose-feliciano-feliz-navidad.jpg;;Feliz Navidad;25;t7C4c;Published;FALSE;;
singeo;Josh Groban;Believe;The Polar Express: Original Motion Picture Soundtrack;Soundtrack;7;200;josh-groban-the-polar-express-original-motion-picture-soundtrack.jpg;;Believe;25;57C4c;Published;FALSE;;
singeo;Christina Aguilera;Reflection;Mulan: An Original Walt Disney Records Soundtrack;Soundtrack;10;200;christina-aguilera-mulan-an-original-walt-disney-records-soundtrack.jpg;;Reflection;25;g7C4c;Published;FALSE;;
singeo;Aaron Copland;Ching-A-Ring Chaw;Copland Conducts Copland;Classical;9;200;aaron-copland-copland-conducts-copland.jpg;;Ching-A-Ring Chaw;25;67C4c;Published;FALSE;;
singeo;Kevin Murphy, Kevin Murphy, Aaron Copland;Long Time Ago;American Anthem (From Ragtime To Art Song);Classical;9;200;kevin-murphy-kevin-murphy-aaron-copland-american-anthem-from-ragtime-to-art-song.jpg;;Long Time Ago;25;G7C4c;Published;FALSE;;
singeo;Aaron Copland;The Little Horses;Copland Conducts Copland;Classical;8;200;aaron-copland-copland-conducts-copland.jpg;;The Little Horses;25;r7C4c;Published;FALSE;;
singeo;Elton John;Fortune Favors The Brave (from Aida);Aida: Original Broadway Cast Recording;Soundtrack;7;200;elton-john-aida-original-broadway-cast-recording.jpg;;Fortune Favors The Brave (from Aida);25;h7C4c;Published;FALSE;;
singeo;Elton John;Radames' Letter;Aida: Original Broadway Cast Recording;Soundtrack;6;150;elton-john-aida-original-broadway-cast-recording.jpg;;Radames' Letter;25;m7C4c;Published;FALSE;;
singeo;David Lindsay-Abaire;The Ballad of Farquaad;Shrek - The Musical;Soundtrack;9;200;david-lindsayabaire-shrek-the-musical.jpg;;The Ballad of Farquaad;25;v7C4c;Published;FALSE;;
singeo;Tom Jones;Love, Don't Turn Away;110 In THe Shade: The Original Broadway Cast Recording;Soundtrack;8;200;tom-jones-110-in-the-shade-the-original-broadway-cast-recording.jpg;;Love, Don't Turn Away;25;S7C4c;Published;FALSE;;
singeo;Tom Petty And The Heartbreakers;Don't Do Me Like That;Damn the Torpedoes;Rock;4;150;tom-petty-and-the-heartbreakers-damn-the-torpedoes.jpg;;Don't Do Me Like That;25;p7C4c;Published;FALSE;;
singeo;Perry Como;And I Love You So;And I Love You So;Rock;7;200;perry-como-and-i-love-you-so.jpg;;And I Love You So;25;NWC4c;Published;FALSE;;
singeo;Peter Cetera;Glory Of Love;Solitude/Solitaire;Rock;4;150;peter-cetera-solitudesolitaire.jpg;;Glory Of Love;25;cWC4c;Published;FALSE;;
singeo;Phil Collins;Against All Odds (Take A Look At Me Now);Against All Odds: Music from the Original Motion Picture Soundtrack;Pop;7;200;phil-collins-against-all-odds-music-from-the-original-motion-picture-soundtrack.jpg;;Against All Odds (Take A Look At Me Now);25;VWC4c;Published;FALSE;;
singeo;The Rolling Stones;Beast Of Burden;Some Girls;Rock;5;150;the-rolling-stones-some-girls.jpg;;Beast Of Burden;25;Cn34c;Published;FALSE;;
singeo;Celine Dion;Because You Loved Me;Falling into You;Pop;8;200;celine-dion-falling-into-you.jpg;;Because You Loved Me;25;Rn34c;Published;FALSE;;
singeo;Kelly Clarkson;Behind These Hazel Eyes;Breakaway;Pop;7;200;kelly-clarkson-breakaway.jpg;;Behind These Hazel Eyes;25;3n34c;Published;FALSE;;
singeo;Imagine Dragons;Believer;Evolve;Rock;7;200;imagine-dragons-evolve.jpg;;Believer;25;Xn34c;Published;FALSE;;
singeo;Fergie;Big Girls Don’t Cry;The Dutchess;Pop;5;150;fergie-the-dutchess.jpg;;Big Girls Don’t Cry;25;8534c;Published;FALSE;;
singeo;Joni Mitchell;Big Yellow Taxi;Ladies of the Canyon;Folk;7;200;joni-mitchell-ladies-of-the-canyon.jpg;;Big Yellow Taxi;25;1n34c;Published;FALSE;;
singeo;Melissa Etheridge;Come To My Window;Yes I Am;Rock;5;150;melissa-etheridge-yes-i-am.jpg;;Come To My Window;25;8n34c;Published;FALSE;;
singeo;Florida Georgia Line;Cruise;Here's to the Good Times;Country;3;100;florida-georgia-line-heres-to-the-good-times.jpg;;Cruise;25;dn34c;Published;FALSE;;
singeo;The Monkees;Daydream Believer;The Birds, The Bees & The Monkees;Pop;3;100;the-monkees-the-birds-the-bees-and-the-monkees.jpg;;Daydream Believer;25;7n34c;Published;FALSE;;
singeo;George Michael;Faith;Faith;Pop;4;150;george-michael-faith.jpg;;Faith;25;Wn34c;Published;FALSE;;
singeo;Uncle Kracker;Follow Me;Double Wide;Country;1;100;uncle-kracker-double-wide.jpg;;Follow Me;25;Bn34c;Published;FALSE;;
singeo;Tom Petty And The Heartbreakers;Free Fallin’;Full Moon Fever;Pop;3;100;tom-petty-and-the-heartbreakers-full-moon-fever.jpg;;Free Fallin’;25;Zn34c;Published;FALSE;;
singeo;Justin Bieber & BloodPop;Friends;Friends - Single;Pop;3;100;justin-bieber-and-bloodpop-friends-single.jpg;;Friends;25;Ln34c;Published;FALSE;;
singeo;Supertramp;Give A Little Bit;Even in the Quietest Moments...;Pop;3;100;supertramp-even-in-the-quietest-moments.jpg;;Give A Little Bit;25;jn34c;Published;FALSE;;
singeo;Sarah McLachlan;Good Enough;Fumbling Towards Ecstasy;Pop;2;100;sarah-mclachlan-fumbling-towards-ecstasy.jpg;;Good Enough;25;Pn34c;Published;FALSE;;
singeo;Lorde;Green Light;Melodrama;Pop;4;150;lorde-melodrama.jpg;;Green Light;25;9n34c;Published;FALSE;;
singeo;Lifehouse;Hanging By A Moment;No Name Face;Rock;4;150;lifehouse-no-name-face.jpg;;Hanging By A Moment;25;Kn34c;Published;FALSE;;
singeo;Nirvana;Heart-Shaped Box;In Utero;Rock;4;150;nirvana-in-utero.jpg;;Heart-Shaped Box;25;xn34c;Published;FALSE;;
singeo;Linkin Park;Heavy;One More Light;Rock;5;150;linkin-park-one-more-light.jpg;;Heavy;25;-n34c;Published;FALSE;;
singeo;Eurythmics;Here Comes The Rain Again;Touch;Pop;2;100;eurythmics-touch.jpg;;Here Comes The Rain Again;25;Qn34c;Published;FALSE;;
singeo;3 Doors Down;Here Without You;The Better Life;Rock;4;150;3-doors-down-the-better-life.jpg;;Here Without You;25;nn34c;Published;FALSE;;
singeo;Plain White T’s;Hey There Delilah;All That We Needed;Pop;3;100;plain-white-ts-all-that-we-needed.jpg;;Hey There Delilah;25;Fn34c;Published;FALSE;;
singeo;Train;Hey, Soul Sister;Save Me, San Francisco;Rock;3;100;train-save-me-san-francisco.jpg;;Hey, Soul Sister;25;tn34c;Published;FALSE;;
singeo;The Lumineers;Ho Hey;The Lumineers;Folk;3;100;the-lumineers-the-lumineers.jpg;;Ho Hey;25;5n34c;Published;FALSE;;
singeo;ZAYN & Taylor Swift;I Don’t Wanna Live Forever;Fifty Shades Darker: Original Motion Picture Soundtrack;Soundtrack;5;150;zayn-and-taylor-swift-fifty-shades-darker-original-motion-picture-soundtrack.jpg;;I Don’t Wanna Live Forever;25;gn34c;Published;FALSE;;
singeo;Patsy Cline;I Fall To Pieces;Patsy Cline Showcase;Country;5;150;patsy-cline-patsy-cline-showcase.jpg;;I Fall To Pieces;25;6n34c;Published;FALSE;;
singeo;Hank Williams;I Saw The Light;I Saw The Light;Country;1;100;hank-williams-i-saw-the-light.jpg;;I Saw The Light;25;Gn34c;Published;FALSE;;
singeo;U2;I Still Haven’t Found What I’m Looking For;The Joshua Tree;Rock;4;150;u2-the-joshua-tree.jpg;;I Still Haven’t Found What I’m Looking For;25;rn34c;Published;FALSE;;
singeo;Tommy James & The Shondells;I Think We’re Alone Now;I Think We're Alone Now;Pop;2;100;tommy-james-and-the-shondells-i-think-were-alone-now.jpg;;I Think We’re Alone Now;25;hn34c;Published;FALSE;;
singeo;Backstreet Boys;I Want It That Way;Milennium;Pop;4;150;backstreet-boys-milennium.jpg;;I Want It That Way;25;mn34c;Published;FALSE;;
singeo;Tom Petty And The Heartbreakers;I Won’t Back Down;Full Moon Fever;Rock;3;100;tom-petty-and-the-heartbreakers-full-moon-fever.jpg;;I Won’t Back Down;25;vn34c;Published;FALSE;;
singeo;Jason Mraz;I Won’t Give Up;Love Is a Four Letter Word;Pop;3;100;jason-mraz-love-is-a-four-letter-word.jpg;;I Won’t Give Up;25;Sn34c;Published;FALSE;;
singeo;Edwin McCain;I’ll Be;Misguided Roses;Rock;5;150;edwin-mccain-misguided-roses.jpg;;I’ll Be;25;pn34c;Published;FALSE;;
singeo;Mariah Carey;I’ll Be There;Take Me Away;Pop;9;200;mariah-carey-take-me-away.jpg;;I’ll Be There;25;NF34c;Published;FALSE;;
singeo;The Rembrandts;I’ll Be There For You;L.P.;Pop;4;150;the-rembrandts-lp.jpg;;I’ll Be There For You;25;cF34c;Published;FALSE;;
singeo;The Monkees;I’m A Believer;More Of The Monkees;Pop;3;100;the-monkees-more-of-the-monkees.jpg;;I’m A Believer;25;VF34c;Published;FALSE;;
singeo;Lonestar;I’m Already There;I'm Already There;Country;6;150;lonestar-im-already-there.jpg;;I’m Already There;25;fF34c;Published;FALSE;;
singeo;Avril Lavigne;I’m With You;Let Go;Rock;7;200;avril-lavigne-let-go.jpg;;I’m With You;25;DF34c;Published;FALSE;;
singeo;Jason Mraz;I’m Yours;We Sing. We Dance. We Steal Things.;Latin/World;4;150;jason-mraz-we-sing-we-dance-we-steal-things.jpg;;I’m Yours;25;MF34c;Published;FALSE;;
singeo;Sarah McLachlan;Ice Cream;Fumbling Towards Ecstasy;Pop;3;100;sarah-mclachlan-fumbling-towards-ecstasy.jpg;;Ice Cream;25;kF34c;Published;FALSE;;
singeo;Beyoncé;If I Were A Boy;I Am... Sasha Fierce;R&B/Soul;9;200;beyonce-i-am-sasha-fierce.jpg;;If I Were A Boy;25;4F34c;Published;FALSE;;
singeo;Gordon Lightfoot;If You Could Read My Mind;Sit Down Young Stranger;Rock;4;150;gordon-lightfoot-sit-down-young-stranger.jpg;;If You Could Read My Mind;25;yF34c;Published;FALSE;;
singeo;Jennifer Lopez;If You Had My Love;On the 6;R&B/Soul;3;100;jennifer-lopez-on-the-6.jpg;;If You Had My Love;25;wF34c;Published;FALSE;;
singeo;Shawn Mendes;In My Blood;Shawn Mendes;Pop;6;150;shawn-mendes-shawn-mendes.jpg;;In My Blood;25;YF34c;Published;FALSE;;
singeo;Jann Arden;Insensitive;Living Under June;Rock;2;100;jann-arden-living-under-june.jpg;;Insensitive;25;lF34c;Published;FALSE;;
singeo;Goo Goo Dolls;Iris;City of Angels: Music from the Motion Picture;Rock;6;150;goo-goo-dolls-city-of-angels-music-from-the-motion-picture.jpg;;Iris;25;zF34c;Published;FALSE;;
singeo;John Mellencamp;Jack And Diane;American Fool;Rock;5;150;john-mellencamp-american-fool.jpg;;Jack And Diane;25;2F34c;Published;FALSE;;
singeo;Carrie Underwood;Jesus, Take The Wheel;Some Hearts;Country;7;200;carrie-underwood-some-hearts.jpg;;Jesus, Take The Wheel;25;CF34c;Published;FALSE;;
singeo;Holiday;Joy To The World;;Holiday;4;150;holiday-.jpg;;Joy To The World;25;RF34c;Published;FALSE;;
singeo;Nelly;Just A Dream;5;R&B/Soul;5;150;nelly-50.jpg;;Just A Dream;25;3F34c;Published;FALSE;;
singeo;Sixpence None The Richer;Kiss Me;Sixpence None The Richer;Pop;3;100;sixpence-none-the-richer-sixpence-none-the-richer.jpg;;Kiss Me;25;XF34c;Published;FALSE;;
singeo;Bob Dylan;Knockin’ On Heaven’s Door;Pat Garrett & Billy the Kid;Folk;4;150;bob-dylan-pat-garrett-and-billy-the-kid.jpg;;Knockin’ On Heaven’s Door;25;qF34c;Published;FALSE;;
singeo;Fleetwood Mac;Landslide;Fleetwood Mac;Rock;6;150;fleetwood-mac-fleetwood-mac.jpg;;Landslide;25;HF34c;Published;FALSE;;
singeo;Katy Perry;Last Friday Night (T.G.I.F.);Teenage Dream;Pop;5;150;katy-perry-teenage-dream.jpg;;Last Friday Night (T.G.I.F.);25;TF34c;Published;FALSE;;
singeo;Bob Dylan;Lay, Lady, Lay;Nashville Skyline;Country;2;100;bob-dylan-nashville-skyline.jpg;;Lay, Lady, Lay;25;JF34c;Published;FALSE;;
singeo;John Denver;Leaving On A Jet Plane;John Denver Sings;Folk;2;100;john-denver-john-denver-sings.jpg;;Leaving On A Jet Plane;25;bF34c;Published;FALSE;;
singeo;Hailee Steinfeld & Alesso;Let Me Go;Let Me Go;Pop;4;150;hailee-steinfeld-and-alesso-let-me-go.jpg;;Let Me Go;25;sF34c;Published;FALSE;;
singeo;Live;Lightning Crashes;Throwing Copper;Rock;2;100;live-throwing-copper.jpg;;Lightning Crashes;25;1F34c;Published;FALSE;;
singeo;Waylon Jennings;Mammas Don’t Let Your Babies Grow Up to Be Cowboys;Waylon & Willie;Country;3;100;waylon-jennings-waylon-and-willie.jpg;;Mammas Don’t Let Your Babies Grow Up to Be Cowboys;25;8F34c;Published;FALSE;;
singeo;The Bangles;Manic Monday;Different Light;Pop;2;100;the-bangles-different-light.jpg;;Manic Monday;25;dF34c;Published;FALSE;;
singeo;Thomas Rhett;Marry Me;Life Changes;Country;4;150;thomas-rhett-life-changes.jpg;;Marry Me;25;7F34c;Published;FALSE;;
singeo;Enya;May It Be;The Lord of the Rings: The Fellowship of the Ring (soundtrack);Soundtrack;5;150;enya-the-lord-of-the-rings-the-fellowship-of-the-ring-soundtrack.jpg;;May It Be;25;WF34c;Published;FALSE;;
singeo;Bebe Rexha;Meant To Be;All Your Fault: Pt 2;Country;3;100;bebe-rexha-all-your-fault-pt-2.jpg;;Meant To Be;25;BF34c;Published;FALSE;;
singeo;Brett Young;Mercy;Brett Young;Country;5;150;brett-young-brett-young.jpg;;Mercy;25;ZF34c;Published;FALSE;;
singeo;Shawn Mendes;Mercy;Illuminate;Pop;6;150;shawn-mendes-illuminate.jpg;;Mercy;25;LF34c;Published;FALSE;;
singeo;Vance Joy;Mess Is Mine;Dream Your Life Away;Pop;4;150;vance-joy-dream-your-life-away.jpg;;Mess Is Mine;25;jF34c;Published;FALSE;;
singeo;Hillsong Worship;Mighty To Save;Mighty to Save;CCM/Worship;2;100;hillsong-worship-mighty-to-save.jpg;;Mighty To Save;25;PF34c;Published;FALSE;;
singeo;The Killers;Mr. Brightside;Hot Fuss;Rock;4;150;the-killers-hot-fuss.jpg;;Mr. Brightside;25;9F34c;Published;FALSE;;
singeo;Shawn Mendes;Never Be Alone;Handwritten;Pop;4;150;shawn-mendes-handwritten.jpg;;Never Be Alone;25;KF34c;Published;FALSE;;
singeo;Dua Lipa;New Rules;Dua Lipa;Pop;5;150;dua-lipa-dua-lipa.jpg;;New Rules;25;xF34c;Published;FALSE;;
singeo;Cheat Codes (feat. Demi Lovato);No Promises;Good Morning;Electronic;3;100;cheat-codes-feat-demi-lovato-good-morning.jpg;;No Promises;25;-F34c;Published;FALSE;;
singeo;TLC;No Scrubs;FanMail;R&B/Soul;4;150;tlc-fanmail.jpg;;No Scrubs;25;QF34c;Published;FALSE;;
singeo;Ariana Grande;No Tears Left To Cry;Sweetener;Pop;4;150;ariana-grande-sweetener.jpg;;No Tears Left To Cry;25;nF34c;Published;FALSE;;
singeo;Metallica;Nothing Else Matters;Metallica;Rock;5;150;metallica-metallica.jpg;;Nothing Else Matters;25;FF34c;Published;FALSE;;
singeo;Billie Eilish;Ocean Eyes;Don't Smile At Me;Pop;3;100;billie-eilish-dont-smile-at-me.jpg;;Ocean Eyes;25;tF34c;Published;FALSE;;
singeo;Edwin Hawkins Singers;Oh Happy Day;Oh Happy Day;CCM/Worship;6;150;edwin-hawkins-singers-oh-happy-day.jpg;;Oh Happy Day;25;5F34c;Published;FALSE;;
singeo;Willie Nelson;On The Road Again;Honeysuckle Rose;Country;3;100;willie-nelson-honeysuckle-rose.jpg;;On The Road Again;25;gF34c;Published;FALSE;;
singeo;U2;One;Achtung Baby;Rock;2;100;u2-achtung-baby.jpg;;One;25;6F34c;Published;FALSE;;
singeo;The Wallflowers;One Headlight;Bringing Down the House;Rock;3;100;the-wallflowers-bringing-down-the-house.jpg;;One Headlight;25;GF34c;Published;FALSE;;
singeo;Linkin Park;One More Light;One More Light;Pop;2;100;linkin-park-one-more-light.jpg;;One More Light;25;rF34c;Published;FALSE;;
singeo;Hootie & The Blowfish;Only Wanna Be With You;Cracked Rearview Mirror;Rock;2;100;hootie-and-the-blowfish-cracked-rearview-mirror.jpg;;Only Wanna Be With You;25;mF34c;Published;FALSE;;
singeo;Journey;Open Arms;Escape;Rock;9;200;journey-escape.jpg;;Open Arms;25;vF34c;Published;FALSE;;
singeo;The Lumineers;Ophelia;Cleopatra;Folk;3;100;the-lumineers-cleopatra.jpg;;Ophelia;25;SF34c;Published;FALSE;;
singeo;The Fray;Over My Head (Cable Car);Stealth;Pop;3;100;the-fray-stealth.jpg;;Over My Head (Cable Car);25;pF34c;Published;FALSE;;
singeo;The Chainsmokers;Paris;Memories...Do Not Open;Electronic;2;100;the-chainsmokers-memoriesdo-not-open.jpg;;Paris;25;Nt34c;Published;FALSE;;
singeo;Miley Cyrus;Party In The U.S.A.;Pop It Rock It 2: It's On;Pop;6;150;miley-cyrus-pop-it-rock-it-2-its-on.jpg;;Party In The U.S.A.;25;ct34c;Published;FALSE;;
singeo;Neil Young;Rockin’ In The Free World;Freedom;Rock;5;150;neil-young-freedom.jpg;;Rockin’ In The Free World;25;Vt34c;Published;FALSE;;
singeo;Blake Shelton;Sangria;Bringing Back the Sunshine;Country;2;100;blake-shelton-bringing-back-the-sunshine.jpg;;Sangria;25;ft34c;Published;FALSE;;
singeo;Alessia Cara;Scars To Your Beautiful;Know-It-All;Pop;6;150;alessia-cara-knowitall.jpg;;Scars To Your Beautiful;25;Dt34c;Published;FALSE;;
singeo;Third Eye Blind;Semi-Charmed Life;Third Eye Blind;Rock;3;100;third-eye-blind-third-eye-blind.jpg;;Semi-Charmed Life;25;Mt34c;Published;FALSE;;
singeo;Hailee Steinfeld;Starving;Haiz;Pop;4;150;hailee-steinfeld-haiz.jpg;;Starving;25;kt34c;Published;FALSE;;
singeo;Zedd & Alessia Cara;Stay;Everything, Everything (Original Motion Picture Soundtrack);Soundtrack;5;150;zedd-and-alessia-cara-everything-everything-original-motion-picture-soundtrack.jpg;;Stay;25;4t34c;Published;FALSE;;
singeo;Shawn Mendes;Stitches;Handwritten;Pop;4;150;shawn-mendes-handwritten.jpg;;Stitches;25;yt34c;Published;FALSE;;
singeo;OneRepublic;Stop And Stare;Dreaming Out Loud;Rock;4;150;onerepublic-dreaming-out-loud.jpg;;Stop And Stare;25;wt34c;Published;FALSE;;
singeo;Kelly Clarkson;Stronger;Stronger;Pop;8;200;kelly-clarkson-stronger.jpg;;Stronger;25;Yt34c;Published;FALSE;;
singeo;Jonas Brothers;Sucker;Happiness Begins;Pop;6;150;jonas-brothers-happiness-begins.jpg;;Sucker;25;lt34c;Published;FALSE;;
singeo;The Archies;Sugar, Sugar;Everything's Archie;Pop;2;100;the-archies-everythings-archie.jpg;;Sugar, Sugar;25;zt34c;Published;FALSE;;
singeo;Bryan Adams;Summer Of '69;Reckless;Rock;7;200;bryan-adams-reckless.jpg;;Summer Of '69;25;2t34c;Published;FALSE;;
singeo;Shawn Colvin;Sunny Came Home;A Few Small Repairs;Pop;4;150;shawn-colvin-a-few-small-repairs.jpg;;Sunny Came Home;25;Ct34c;Published;FALSE;;
singeo;Lady Gaga;The Edge Of Glory;Born This Way;Pop;6;150;lady-gaga-born-this-way.jpg;;The Edge Of Glory;25;Rt34c;Published;FALSE;;
singeo;Kenny Rogers;The Gambler;The Gambler;Country;2;100;kenny-rogers-the-gambler.jpg;;The Gambler;25;3t34c;Published;FALSE;;
singeo;Zedd, Maren Morris, & Grey;The Middle;The Middle - Single;Pop;5;150;zedd-maren-morris-and-grey-the-middle-single.jpg;;The Middle;25;Xt34c;Published;FALSE;;
singeo;Ace of Base;The Sign;Happy Nation;Pop;3;100;ace-of-base-happy-nation.jpg;;The Sign;25;qt34c;Published;FALSE;;
singeo;Brandi Carlile;The Story;The Story;Rock;7;200;brandi-carlile-the-story.jpg;;The Story;25;Ht34c;Published;FALSE;;
singeo;Gwen Stefani;The Sweet Escape;The Sweet Escape;Electronic;2;100;gwen-stefani-the-sweet-escape.jpg;;The Sweet Escape;25;Tt34c;Published;FALSE;;
singeo;Ingrid Michaelson;The Way I Am;Girls and Boys;Folk;3;100;ingrid-michaelson-girls-and-boys.jpg;;The Way I Am;25;Jt34c;Published;FALSE;;
singeo;The Chainsmokers feat. Kelsea Ballerini;This Feeling;Sick Boy;Pop;3;100;the-chainsmokers-feat-kelsea-ballerini-sick-boy.jpg;;This Feeling;25;bt34c;Published;FALSE;;
singeo;Sam Smith;Too Good At Goodbyes;The Thrill of It All;Pop;6;150;sam-smith-the-thrill-of-it-all.jpg;;Too Good At Goodbyes;25;st34c;Published;FALSE;;
singeo;P!nk;Try;The Truth About Love;Pop;6;150;pink-the-truth-about-love.jpg;;Try;25;1t34c;Published;FALSE;;
singeo;Katy Perry;Unconditionally;Prism;Pop;6;150;katy-perry-prism.jpg;;Unconditionally;25;8t34c;Published;FALSE;;
singeo;Natasha Bedingfield;Unwritten;Unwritten;Pop;4;150;natasha-bedingfield-unwritten.jpg;;Unwritten;25;dt34c;Published;FALSE;;
singeo;John Mayer;Waiting On The World To Change;Continuum;Pop;4;150;john-mayer-continuum.jpg;;Waiting On The World To Change;25;7t34c;Published;FALSE;;
singeo;Imagine Dragons;Whatever It Takes;Evolve;Rock;4;150;imagine-dragons-evolve.jpg;;Whatever It Takes;25;Wt34c;Published;FALSE;;
singeo;Prince;When Doves Cry;Purple Rain;Pop;2;100;prince-purple-rain.jpg;;When Doves Cry;25;Bt34c;Published;FALSE;;
singeo;Anna Kendrick;Cups (When I'm Gone);Ultimate Pitch Perfect: Original Motion Picture Soundtrack;Pop;3;100;anna-kendrick-ultimate-pitch-perfect-original-motion-picture-soundtrack.jpg;;Cups (When I'm Gone);25;Zt34c;Published;FALSE;;
singeo;Whitney Houston;Where Do Broken Hearts Go;Whitney;R&B/Soul;5;150;whitney-houston-whitney.jpg;;Where Do Broken Hearts Go;25;Lt34c;Published;FALSE;;
singeo;Dido;White Flag;Life for Rent;Pop;2;100;dido-life-for-rent.jpg;;White Flag;25;jt34c;Published;FALSE;;
singeo;Oasis;Wonderwall;(What's the Story) Morning Glory?;Rock;3;100;oasis-whats-the-story-morning-glory.jpg;;Wonderwall;25;Pt34c;Published;FALSE;;
singeo;The Beatles;Yellow Submarine;Revolver;Pop;3;100;the-beatles-revolver.jpg;;Yellow Submarine;25;9t34c;Published;FALSE;;
singeo;Lifehouse;You And Me;Lifehouse;Rock;2;100;lifehouse-lifehouse.jpg;;You And Me;25;Kt34c;Published;FALSE;;
singeo;Carly Simon;You’re So Vain;No Secrets;Rock;4;150;carly-simon-no-secrets.jpg;;You’re So Vain;25;xt34c;Published;FALSE;;
singeo;The Cranberries;Zombie;No Need to Argue;Rock;5;150;the-cranberries-no-need-to-argue.jpg;;Zombie;25;-t34c;Published;FALSE;;
singeo;Howard Ashman, Alan Menken;Be Our Guest;Beauty and the Beast: Original Motion Picture Soundtrack;Soundtrack;6;150;howard-ashman-alan-menken-beauty-and-the-beast-original-motion-picture-soundtrack.jpg;;Be Our Guest;25;Qt34c;Published;FALSE;;
singeo;Calum Scott;You Are The Reason;Only Human;Pop;3;100;calum-scott-only-human.jpg;;You Are The Reason;25;nt34c;Published;FALSE;;
singeo;Rihanna;Stay;Unapologetic;R&B/Soul;3;100;rihanna-unapologetic.jpg;;Stay;25;vbC4c;Published;FALSE;;
singeo;Demi Lovato;Skyscraper;Unbroken;Pop;5;150;demi-lovato-unbroken.jpg;;Skyscraper;25;rbC4c;Published;FALSE;;
singeo;Bon Iver;Skinny Love;For Emma, Forever Ago;Folk;4;150;bon-iver-for-emma-forever-ago.jpg;;Skinny Love;25;6bC4c;Published;FALSE;;
singeo;Wiz Khalifa;See You Again;Most Wanted, Vol. 2;Pop;3;100;wiz-khalifa-most-wanted-vol-2.jpg;;See You Again;25;KbC4c;Published;FALSE;;
singeo;Christina Perri;Jar Of Hearts;Lovestrong;Pop;4;150;christina-perri-lovestrong.jpg;;Jar Of Hearts;25;1TC4c;Published;FALSE;;
singeo;Beyoncé;Irreplaceable;B'Day;R&B/Soul;6;150;beyonce-bday.jpg;;Irreplaceable;25;sTC4c;Published;FALSE;;
singeo;Van Morrison;Into The Mystic;Moondance;R&B/Soul;5;150;van-morrison-moondance.jpg;;Into The Mystic;25;-N34c;Published;FALSE;;
singeo;All-4-One;I Swear;All-4-One;Pop;3;100;all4one-all4one.jpg;;I Swear;25;HTC4c;Published;FALSE;;
singeo;Aerosmith;I Don’t Want To Miss A Thing;I Don't Wanna Miss A Thing;Rock;6;150;aerosmith-i-dont-wanna-miss-a-thing.jpg;;I Don’t Want To Miss A Thing;25;XTC4c;Published;FALSE;;
singeo;Bonnie Raitt;I Can’t Make You Love Me;Luck of the Draw;Pop;4;150;bonnie-raitt-luck-of-the-draw.jpg;;I Can’t Make You Love Me;25;3TC4c;Published;FALSE;;
singeo;R. Kelly;I Believe I Can Fly;I Believe I Can Fly;R&B/Soul;2;100;r-kelly-i-believe-i-can-fly.jpg;;I Believe I Can Fly;25;CTC4c;Published;FALSE;;
singeo;Johnny Cash;Hurt;American IV: The Man Comes Around;Country;2;100;johnny-cash-american-iv-the-man-comes-around.jpg;;Hurt;25;zTC4c;Published;FALSE;;
singeo;Eagles;Hotel California;Hotel California;Rock;4;150;eagles-hotel-california.jpg;;Hotel California;25;Tc34c;Published;FALSE;;
singeo;Dido;Here With Me;No Angel;Pop;2;100;dido-no-angel.jpg;;Here With Me;25;cTC4c;Published;FALSE;;
singeo;Bryan Adams;Heaven;Reckless;Rock;4;150;bryan-adams-reckless.jpg;;Heaven;25;vHC4c;Published;FALSE;;
singeo;Rihanna;Take A Bow;Good Girl Gone Bad: Reloaded;R&B/Soul;3;100;rihanna-good-girl-gone-bad-reloaded.jpg;;Take A Bow;25;NsC4c;Published;FALSE;;
singeo;Owl City;Fireflies;Ocean Eyes;Pop;3;100;owl-city-ocean-eyes.jpg;;Fireflies;25;Ft34c;Published;FALSE;;
singeo;Neil Young;Heart Of Gold;Harvest;Country;3;100;neil-young-harvest.jpg;;Heart Of Gold;25;hfX4c;Published;FALSE;;
singeo;Belinda Carlisle;Heaven Is A Place On Earth;Heaven on Earth;Pop;5;150;belinda-carlisle-heaven-on-earth.jpg;;Heaven Is A Place On Earth;25;5t34c;Published;FALSE;;
singeo;Robert John;The Lion Sleeps Tonight;The Lion Sleeps Tonight - Single;Pop;3;100;robert-john-the-lion-sleeps-tonight-single.jpg;;The Lion Sleeps Tonight;25;gt34c;Published;FALSE;;
singeo;Celine Dion;The Power Of Love;The Colour of My Love;Pop;6;150;celine-dion-the-colour-of-my-love.jpg;;The Power Of Love;25;6t34c;Published;FALSE;;
singeo;Hoobastank;The Reason;The Reason;Rock;4;150;hoobastank-the-reason.jpg;;The Reason;25;Gt34c;Published;FALSE;;
singeo;Lenka;The Show;Lenka;Pop;2;100;lenka-lenka.jpg;;The Show;25;rt34c;Published;FALSE;;
singeo;Natalie Imbruglia;Torn;Left of the Middle;Pop;3;100;natalie-imbruglia-left-of-the-middle.jpg;;Torn;25;ht34c;Published;FALSE;;
singeo;fun.;We Are Young;Some Nights;Pop;3;100;fun-some-nights.jpg;;We Are Young;25;mt34c;Published;FALSE;;
singeo;One Direction;What Makes You Beautiful;Up All Night;Pop;3;100;one-direction-up-all-night.jpg;;What Makes You Beautiful;25;vt34c;Published;FALSE;;
singeo;Jason Derulo;Whatcha Say;Jason Derulo;R&B/Soul;3;100;jason-derulo-jason-derulo.jpg;;Whatcha Say;25;St34c;Published;FALSE;;
singeo;Brad Kane and Lea Salonga;A Whole New World;Aladdin: Original Motion Picture Soundtrack;Soundtrack;3;100;brad-kane-and-lea-salonga-aladdin-original-motion-picture-soundtrack.jpg;;A Whole New World;25;pt34c;Published;FALSE;;
singeo;Lin-manuel Miranda;We Don't Talk About Bruno;Encanto: Original Motion Picture Soundtrack;Soundtrack;3;100;linmanuel-miranda-encanto-original-motion-picture-soundtrack.jpg;;We Don't Talk About Bruno;25;N534c;Published;FALSE;;
singeo;Alan Menken, David Zippel;Zero to Hero;Hercules: Original Motion Picture Soundtrack;Soundtrack;3;100;alan-menken-david-zippel-hercules-original-motion-picture-soundtrack.jpg;;Zero to Hero;25;c534c;Published;FALSE;;
singeo;Donny Osmond;I'll Make a Man Out of You;Mulan: Original Motion Picture Soundtrack;Soundtrack;3;100;donny-osmond-mulan-original-motion-picture-soundtrack.jpg;;I'll Make a Man Out of You;25;V534c;Published;FALSE;;
singeo;Olivia Rodrigo;Driver's License;Sour;Pop;5;150;olivia-rodrigo-sour.jpg;;Driver's License;25;f534c;Published;FALSE;;
singeo;Adele;Million Years Ago;25;Folk;5;150;adele-25.jpg;;Million Years Ago;25;D534c;Published;FALSE;;
singeo;Green Day;Good Riddance (Time Of Your Life);Nimrod;Rock;3;100;green-day-nimrod.jpg;;Good Riddance (Time Of Your Life);25;M534c;Published;FALSE;;
singeo;Fleetwood Mac;Dreams;Rumours;Rock;1;100;fleetwood-mac-rumours.jpg;;Dreams;25;k534c;Published;FALSE;;
singeo;Andrew Lloyd Webber;I Only Want To Say (Gethsemane);Jesus Christ Superstar - The Musical;Soundtrack;6;150;andrew-lloyd-webber-jesus-christ-superstar-the-musical.jpg;;I Only Want To Say (Gethsemane);25;4534c;Published;FALSE;;
singeo;Boublil and Schonberg;Castle On A Cloud;Les Misérables - The Musical;Soundtrack;4;150;boublil-and-schonberg-les-miserables-the-musical.jpg;;Castle On A Cloud;25;y534c;Published;FALSE;;
singeo;Charles Strouse;I Don't Need Anything But You;Annie - The Musical;Soundtrack;5;150;charles-strouse-annie-the-musical.jpg;;I Don't Need Anything But You;25;w534c;Published;FALSE;;
singeo;Lerner & Loewe;On The Street Where You Live;My Fair Lady - The Musical;Soundtrack;5;150;lerner-and-loewe-my-fair-lady-the-musical.jpg;;On The Street Where You Live;25;Y534c;Published;FALSE;;
singeo;Rodgers & Hammerstein;Edelweiss;The Sound Of Music: Original Motion Picture Soundtrack;Soundtrack;2;100;rodgers-and-hammerstein-the-sound-of-music-original-motion-picture-soundtrack.jpg;;Edelweiss;25;l534c;Published;FALSE;;
singeo;Rodgers & Hammerstein;Getting To Know You;The King And I: Original Motion Picture Soundtrack;Soundtrack;3;100;rodgers-and-hammerstein-the-king-and-i-original-motion-picture-soundtrack.jpg;;Getting To Know You;25;z534c;Published;FALSE;;
singeo;Harry Styles;As It Was;Harry's House;Pop;3;100;harry-styles-harrys-house.jpg;;As It Was;25;2534c;Published;FALSE;;
singeo;The Weeknd;I Feel It Coming;Starboy;Pop;2;100;the-weeknd-starboy.jpg;;I Feel It Coming;25;C534c;Published;FALSE;;
singeo;The Weeknd;Blinding Lights;After Hours;Pop;2;100;the-weeknd-after-hours.jpg;;Blinding Lights;25;R534c;Published;FALSE;;
singeo;The Weeknd;Can't Feel My Face;Beauty Behind the Madness;Pop;1;100;the-weeknd-beauty-behind-the-madness.jpg;;Can't Feel My Face;25;3534c;Published;FALSE;;
singeo;Irving Berlin;Puttin' On The Ritz;Puttin' On The Ritz - The Musical Film;Soundtrack;3;100;irving-berlin-puttin-on-the-ritz-the-musical-film.jpg;;Puttin' On The Ritz;25;X534c;Published;FALSE;;
singeo;Marvin Gaye;I Heard It Through The Grapevine (Original Version);In The Groove;R&B/Soul;3;100;marvin-gaye-in-the-groove.jpg;;I Heard It Through The Grapevine (Original Version);25;q534c;Published;FALSE;;
singeo;Traditional Carol;Greensleeves;;Holiday;1;100;traditional-carol-.jpg;;Greensleeves;25;H534c;Published;FALSE;;
singeo;Stölzel / Bach;Bist Du Bei Mir;;Classical;4;150;stolzel--bach-.jpg;;Bist Du Bei Mir;25;T534c;Published;FALSE;;
singeo;Traditional Carol;We Three Kings Of Orient Are;;Holiday;2;100;traditional-carol-.jpg;;We Three Kings Of Orient Are;25;J534c;Published;FALSE;;
singeo;Bruno Mars;Grenade;Doo-Wops & Hooligans;Pop;4;150;bruno-mars-doowops-and-hooligans.jpg;;Grenade;25;DG34c;Published;FALSE;;
singeo;Chicago;Hard To Say I’m Sorry;Chicago 16;Rock;2;100;chicago-chicago-16.jpg;;Hard To Say I’m Sorry;25;rHC4c;Published;FALSE;;
drumeo;10 Years;The Shift;;;;;;;;;;;TRUE;;374523
drumeo;3 Doors Down;It's Not My Time;;;;;;;;;;;TRUE;;373786
drumeo;311;Beautiful Disaster;;;;;;;;;;;TRUE;;284668
drumeo;38 Special;Hold On Loosely;;;;;;;;;;;TRUE;;284670
drumeo;4 Non Blondes;What's Up;;;;;;;;;;;TRUE;;314501
drumeo;5 Seconds Of Summer;She Looks So Perfect;;;;;;;;;;;TRUE;;284672
drumeo;A Day To Remember;Sometimes You're The Hammer, Sometimes You're The Nail;;;;;;;;;;;TRUE;;275326
drumeo;A Day To Remember;I Surrender;;;;;;;;;;;TRUE;;284674
drumeo;A Day To Remember;If It Means A Lot To You;;;;;;;;;;;TRUE;;278879
drumeo;A Day To Remember;2nd Sucks;;;;;;;;;;;TRUE;;284676
drumeo;A Day To Remember;Right Back At It Again;;;;;;;;;;;TRUE;;278877
drumeo;A Perfect Circle;Judith;;;;;;;;;;;TRUE;;291178
drumeo;A Perfect Circle;Weak And Powerless;;;;;;;;;;;TRUE;;291180
drumeo;A Perfect Circle;The Outsider;;;;;;;;;;;TRUE;;284678
drumeo;A Perfect Circle;3 Libras;;;;;;;;;;;TRUE;;278881
drumeo;a-ha;Take On Me;;;;;;;;;;;TRUE;;275328
drumeo;Aaron Parks;Nemesis;;;;;;;;;;;TRUE;;270297
drumeo;ABBA;Voulez-Vous;;;;;;;;;;;TRUE;;275330
drumeo;ABBA;Mamma Mia;;;;;;;;;;;TRUE;;270299
drumeo;ABBA;Knowing Me, Knowing You;;;;;;;;;;;TRUE;;284682
drumeo;ABBA;The Visitors;;;;;;;;;;;TRUE;;374525
drumeo;ABBA;Dancing Queen;;;;;;;;;;;TRUE;;284680
drumeo;ABBA;I Still Have Faith In You;;;;;;;;;;;TRUE;;356069
drumeo;ABBA;Super Trouper;;;;;;;;;;;TRUE;;284684
drumeo;ABBA;The Winner Takes It All;;;;;;;;;;;TRUE;;270301
drumeo;AC/DC;Shot In The Dark;;;;;;;;;;;TRUE;;284696
drumeo;AC/DC;Love Hungry Man;;;;;;;;;;;TRUE;;296521
drumeo;AC/DC;I Put The Finger On You;;;;;;;;;;;TRUE;;296491
drumeo;AC/DC;Night Prowler;;;;;;;;;;;TRUE;;296523
drumeo;AC/DC;Who Made Who;;;;;;;;;;;TRUE;;284698
drumeo;AC/DC;For Those About To Rock (We Salute You);;;;;;;;;;;TRUE;;264249
drumeo;AC/DC;Hells Bells;;;;;;;;;;;TRUE;;255148
drumeo;AC/DC;Let There Be Rock;;;;;;;;;;;TRUE;;275332
drumeo;Adele;Skyfall;;;;;;;;;;;TRUE;;328146
drumeo;Adele;Rolling In The Deep;;;;;;;;;;;TRUE;;264261
drumeo;Aerosmith;Home Tonight;;;;;;;;;;;TRUE;;284708
drumeo;Aerosmith;What Could Have Been Love;;;;;;;;;;;TRUE;;270317
drumeo;Aerosmith;Back In The Saddle;;;;;;;;;;;TRUE;;278891
drumeo;Aerosmith;Cryin';;;;;;;;;;;TRUE;;270315
drumeo;Aerosmith;Sweet Emotion;;;;;;;;;;;TRUE;;294505
drumeo;Aerosmith;Dude (Looks Like A Lady);;;;;;;;;;;TRUE;;278889
drumeo;Aerosmith;Jaded;;;;;;;;;;;TRUE;;278887
drumeo;Aerosmith;Last Child;;;;;;;;;;;TRUE;;275334
drumeo;Aerosmith;Make It;;;;;;;;;;;TRUE;;284700
drumeo;Aerosmith;Heart's Done Time;;;;;;;;;;;TRUE;;284706
drumeo;Aerosmith;Janie's Got A Gun;;;;;;;;;;;TRUE;;270319
drumeo;Air Supply;All Out Of Love;;;;;;;;;;;TRUE;;275336
drumeo;Airbag;Colors;;;;;;;;;;;TRUE;;349668
drumeo;Airbourne;Too Much, Too Young, Too Fast;;;;;;;;;;;TRUE;;275338
drumeo;Airbourne;Diamond In The Rough;;;;;;;;;;;TRUE;;284710
drumeo;Al Jarreau;Spain (I Can Recall);;;;;;;;;;;TRUE;;295630
drumeo;Al Jarreau;Mornin';;;;;;;;;;;TRUE;;295188
drumeo;Alan Jackson;Chattahoochee;;;;;;;;;;;TRUE;;284712
drumeo;Alanis Morissette;Uninvited;;;;;;;;;;;TRUE;;291184
drumeo;Alanis Morissette;Ironic;;;;;;;;;;;TRUE;;322451
drumeo;Alanis Morissette;Forgiven;;;;;;;;;;;TRUE;;291186
drumeo;Albert King;Born Under A Bad Sign;;;;;;;;;;;TRUE;;264263
drumeo;Alessia Cara;Here;;;;;;;;;;;TRUE;;275340
drumeo;Alice Cooper;Welcome To My Nightmare;;;;;;;;;;;TRUE;;373790
drumeo;Alice Cooper;Poison;;;;;;;;;;;TRUE;;305644
drumeo;Alice Cooper;Hey Stoopid;;;;;;;;;;;TRUE;;373788
drumeo;Alice Cooper;No More Mr. Nice Guy;;;;;;;;;;;TRUE;;291188
drumeo;Alice Cooper;Muscle Of Love;;;;;;;;;;;TRUE;;291190
drumeo;Alice In Chains;Rain When I Die;;;;;;;;;;;TRUE;;359967
drumeo;Alice In Chains;Would?;;;;;;;;;;;TRUE;;264265
drumeo;Alice In Chains;Man In The Box;;;;;;;;;;;TRUE;;270321
drumeo;Alice In Chains;Again;;;;;;;;;;;TRUE;;364651
drumeo;Alice In Chains;Them Bones;;;;;;;;;;;TRUE;;284714
drumeo;Alice In Chains;Rooster;;;;;;;;;;;TRUE;;275346
drumeo;Alice In Chains;Down In A Hole;;;;;;;;;;;TRUE;;275344
drumeo;Alice In Chains;Over Now;;;;;;;;;;;TRUE;;328148
drumeo;Alice In Chains;Check My Brain;;;;;;;;;;;TRUE;;373792
drumeo;Alicia Keys;Fallin';;;;;;;;;;;TRUE;;352677
drumeo;Alien Ant Farm;Smooth Criminal;;;;;;;;;;;TRUE;;302626
drumeo;Alkaline Trio;Private Eye;;;;;;;;;;;TRUE;;349673
drumeo;All Sons & Daughters;Great Are You Lord;;;;;;;;;;;TRUE;;278895
drumeo;All Time Low;Damned If I Do Ya (Damned If I Don't);;;;;;;;;;;TRUE;;373794
drumeo;Alphaville;Forever Young;;;;;;;;;;;TRUE;;270323
drumeo;Amy Winehouse;Rehab;;;;;;;;;;;TRUE;;291192
drumeo;Amy Winehouse;Love Is A Losing Game;;;;;;;;;;;TRUE;;264267
drumeo;Amy Winehouse;You Know I’m No Good;;;;;;;;;;;TRUE;;264269
drumeo;Anberlin;Feel Good Drag;;;;;;;;;;;TRUE;;270325
drumeo;Anderson .Paak;Tints;;;;;;;;;;;TRUE;;284718
drumeo;Angus & Julia Stone;Big Jet Plane;;;;;;;;;;;TRUE;;291194
drumeo;Anika Nilles;Mister;;;;;;;;;;;TRUE;;284720
drumeo;Anika Nilles;Greenfield;;;;;;;;;;;TRUE;;278899
drumeo;Anika Nilles;Orange Leaves;;;;;;;;;;;TRUE;;284722
drumeo;Anika Nilles;Synergy;;;;;;;;;;;TRUE;;299076
drumeo;Animals As Leaders;The Woven Web;;;;;;;;;;;TRUE;;278901
drumeo;Animals As Leaders;Lippincott;;;;;;;;;;;TRUE;;275350
drumeo;Animals As Leaders;Ka$cade;;;;;;;;;;;TRUE;;275348
drumeo;Animals As Leaders;Tooth And Claw;;;;;;;;;;;TRUE;;270327
drumeo;Animals As Leaders;Physical Education;;;;;;;;;;;TRUE;;275352
drumeo;Annihilator;King Of The Kill;;;;;;;;;;;TRUE;;284724
drumeo;Anthrax;Indians;;;;;;;;;;;TRUE;;349675
drumeo;Anthrax;The Devil You Know;;;;;;;;;;;TRUE;;328155
drumeo;Anthrax;I Am The Law;;;;;;;;;;;TRUE;;337401
drumeo;Antônio Carlos Jobim;Wave;;;;;;;;;;;TRUE;;275354
drumeo;Antônio Carlos Jobim;Triste;;;;;;;;;;;TRUE;;291196
drumeo;Appe;Under Flying Colours;;;;;;;;;;;TRUE;;344716
drumeo;April Wine;Just Between You And Me;;;;;;;;;;;TRUE;;270329
drumeo;Architects;Little Wonder;;;;;;;;;;;TRUE;;349680
drumeo;Architects;Daybreak;;;;;;;;;;;TRUE;;275356
drumeo;Architects;Dead Butterflies;;;;;;;;;;;TRUE;;291200
drumeo;Architects;C.A.N.C.E.R;;;;;;;;;;;TRUE;;270331
drumeo;Architects;Impermanence;;;;;;;;;;;TRUE;;364653
drumeo;Architects;Royal Beggars;;;;;;;;;;;TRUE;;264273
drumeo;Architects;Black Lungs;;;;;;;;;;;TRUE;;291198
drumeo;Architects;Animals;;;;;;;;;;;TRUE;;349677
drumeo;Architects;Gravedigger;;;;;;;;;;;TRUE;;264271
drumeo;Arctic Monkeys;R U Mine?;;;;;;;;;;;TRUE;;270335
drumeo;Arctic Monkeys;Brianstorm;;;;;;;;;;;TRUE;;284726
drumeo;Arctic Monkeys;Four Out Of Five;;;;;;;;;;;TRUE;;270339
drumeo;Arctic Monkeys;I Bet You Look Good On The Dancefloor;;;;;;;;;;;TRUE;;291202
drumeo;Arctic Monkeys;The View From The Afternoon;;;;;;;;;;;TRUE;;278903
drumeo;Arctic Monkeys;Piledriver Waltz;;;;;;;;;;;TRUE;;270337
drumeo;Aretha Franklin;Rock Steady;;;;;;;;;;;TRUE;;275362
drumeo;Aretha Franklin;Respect;;;;;;;;;;;TRUE;;275360
drumeo;Aretha Franklin;Freeway Of Love;;;;;;;;;;;TRUE;;284728
drumeo;Aretha Franklin;How I Got Over;;;;;;;;;;;TRUE;;275358
drumeo;Aretha Franklin;What A Fool Believes;;;;;;;;;;;TRUE;;295192
drumeo;Ariana Grande;Thank U, Next;;;;;;;;;;;TRUE;;291208
drumeo;Ariana Grande;Breathin;;;;;;;;;;;TRUE;;291206
drumeo;Ariana Grande;Dangerous Woman;;;;;;;;;;;TRUE;;347045
drumeo;Ariana Grande;No Tears Left To Cry;;;;;;;;;;;TRUE;;347039
drumeo;Ariana Grande;Into You;;;;;;;;;;;TRUE;;291204
drumeo;Arrow;Hot Hot Hot;;;;;;;;;;;TRUE;;291210
drumeo;Art Blakey & The Jazz Messengers;Caravan;;;;;;;;;;;TRUE;;346193
drumeo;Art Blakey & The Jazz Messengers;Moanin';;;;;;;;;;;TRUE;;264275
drumeo;Art Blakey & The Jazz Messengers;A Night In Tunisia;;;;;;;;;;;TRUE;;346190
drumeo;Ashley Monroe;Wild Love;;;;;;;;;;;TRUE;;291214
drumeo;Ashley Monroe;Hands On You;;;;;;;;;;;TRUE;;291212
drumeo;Asia;Only Time Will Tell;;;;;;;;;;;TRUE;;275366
drumeo;Asia;Heat Of The Moment;;;;;;;;;;;TRUE;;275364
drumeo;Atlanta Rhythm Section;Spooky;;;;;;;;;;;TRUE;;374527
drumeo;Audioslave;Doesn't Remind Me;;;;;;;;;;;TRUE;;356013
drumeo;Audioslave;I Am The Highway;;;;;;;;;;;TRUE;;365646
drumeo;Audioslave;Show Me How To Live;;;;;;;;;;;TRUE;;328157
drumeo;Avenged Sevenfold;Natural Born Killer;;;;;;;;;;;TRUE;;275370
drumeo;Avenged Sevenfold;Buried Alive;;;;;;;;;;;TRUE;;275368
drumeo;Avenged Sevenfold;Bat Country;;;;;;;;;;;TRUE;;270341
drumeo;Avenged Sevenfold;Scream;;;;;;;;;;;TRUE;;284734
drumeo;Avenged Sevenfold;Lost;;;;;;;;;;;TRUE;;373800
drumeo;Avenged Sevenfold;Acid Rain;;;;;;;;;;;TRUE;;284736
drumeo;Avenged Sevenfold;Unholy Confessions;;;;;;;;;;;TRUE;;264279
drumeo;Avenged Sevenfold;I Won't See You Tonight, Pt. 1;;;;;;;;;;;TRUE;;284744
drumeo;Avenged Sevenfold;Seize The Day;;;;;;;;;;;TRUE;;278909
drumeo;Avenged Sevenfold;Welcome To The Family;;;;;;;;;;;TRUE;;291216
drumeo;Avenged Sevenfold;Nightmare;;;;;;;;;;;TRUE;;284742
drumeo;Avenged Sevenfold;Brompton Cocktail;;;;;;;;;;;TRUE;;373796
drumeo;Avenged Sevenfold;Gunslinger;;;;;;;;;;;TRUE;;373798
drumeo;Avenged Sevenfold;Chapter Four;;;;;;;;;;;TRUE;;278911
drumeo;Avenged Sevenfold;I Won't See You Tonight, Pt. 2;;;;;;;;;;;TRUE;;284746
drumeo;Avenged Sevenfold;Shepherd Of Fire;;;;;;;;;;;TRUE;;364655
drumeo;Avenged Sevenfold;A Little Piece Of Heaven;;;;;;;;;;;TRUE;;284730
drumeo;Avenged Sevenfold;Beast And The Harlot;;;;;;;;;;;TRUE;;373804
drumeo;Avenged Sevenfold;Hail To The King;;;;;;;;;;;TRUE;;270343
drumeo;Avenged Sevenfold;Almost Easy;;;;;;;;;;;TRUE;;278905
drumeo;Avenged Sevenfold;So Far Away;;;;;;;;;;;TRUE;;264277
drumeo;Avenged Sevenfold;God Damn;;;;;;;;;;;TRUE;;328159
drumeo;Avril Lavigne;Bois Lie;;;;;;;;;;;TRUE;;374529
drumeo;Avril Lavigne;Sk8er Boi;;;;;;;;;;;TRUE;;314503
drumeo;B.B. King;Please Send Me Someone To Love;;;;;;;;;;;TRUE;;278913
drumeo;B.B. King;Rock Me Baby;;;;;;;;;;;TRUE;;270347
drumeo;B.B. King;Eyesight To The Blind;;;;;;;;;;;TRUE;;270349
drumeo;B.B. King;Lucille;;;;;;;;;;;TRUE;;270345
drumeo;B.o.B.;Nothin' On You;;;;;;;;;;;TRUE;;284750
drumeo;B.o.B.;Airplanes;;;;;;;;;;;TRUE;;284748
drumeo;Bachman-Turner Overdrive;Takin' Care Of Business;;;;;;;;;;;TRUE;;264281
drumeo;Bad Company;Rock Steady;;;;;;;;;;;TRUE;;275374
drumeo;Bad Company;Bad Company;;;;;;;;;;;TRUE;;275372
drumeo;Barenaked Ladies;The Old Apartment;;;;;;;;;;;TRUE;;264287
drumeo;Beastie Boys;Sabotage;;;;;;;;;;;TRUE;;302629
drumeo;Bellevue Suite;Somewhere Along The Way;;;;;;;;;;;TRUE;;337858
drumeo;Bellevue Suite;For The Love Of God;;;;;;;;;;;TRUE;;337856
drumeo;Ben Sidran;Seven Steps To Heaven;;;;;;;;;;;TRUE;;295632
drumeo;Benny Goodman;One O'Clock Jump;;;;;;;;;;;TRUE;;346197
drumeo;Benny Greb;Grebfruit;;;;;;;;;;;TRUE;;291218
drumeo;Bernard Purdie;Soul Drums;;;;;;;;;;;TRUE;;360023
drumeo;Bethel Music;No Longer Slaves;;;;;;;;;;;TRUE;;291222
drumeo;Bethel Music;You Make Me Brave;;;;;;;;;;;TRUE;;291226
drumeo;Bethel Music;It Is Well;;;;;;;;;;;TRUE;;291224
drumeo;Bikini Kill;Rebel Girl;;;;;;;;;;;TRUE;;294790
drumeo;Bilal;Soul Sista;;;;;;;;;;;TRUE;;278927
drumeo;Bill Withers;Lean On Me;;;;;;;;;;;TRUE;;284758
drumeo;Billie Eilish;My Future;;;;;;;;;;;TRUE;;291228
drumeo;Billy Cobham;Spectrum;;;;;;;;;;;TRUE;;270361
drumeo;Billy Idol;Rebel Yell;;;;;;;;;;;TRUE;;284760
drumeo;Billy Joel;New York State Of Mind;;;;;;;;;;;TRUE;;260313
drumeo;Billy Ray Cyrus;Achy Breaky Heart;;;;;;;;;;;TRUE;;275384
drumeo;Billy Talent;Surrender;;;;;;;;;;;TRUE;;278931
drumeo;Black Sabbath;Rat Salad;;;;;;;;;;;TRUE;;330367
drumeo;Black Sabbath;Lord Of This World;;;;;;;;;;;TRUE;;330344
drumeo;Black Sabbath;Under The Sun;;;;;;;;;;;TRUE;;330360
drumeo;Black Sabbath;Heaven And Hell;;;;;;;;;;;TRUE;;284764
drumeo;Black Sabbath;The Mob Rules;;;;;;;;;;;TRUE;;291232
drumeo;Black Sabbath;Iron Man;;;;;;;;;;;TRUE;;275386
drumeo;Black Sabbath;Snowblind;;;;;;;;;;;TRUE;;330348
drumeo;Black Sabbath;The Wizard;;;;;;;;;;;TRUE;;326646
drumeo;Black Sabbath;End Of The Beginning;;;;;;;;;;;TRUE;;284762
drumeo;Black Sabbath;War Pigs;;;;;;;;;;;TRUE;;291236
drumeo;Black Sabbath;Tomorrow's Dreams;;;;;;;;;;;TRUE;;330355
drumeo;Black Sabbath;St. Vitus Dance;;;;;;;;;;;TRUE;;330350
drumeo;Black Sabbath;Supernaut;;;;;;;;;;;TRUE;;330352
drumeo;Black Sabbath;After Forever;;;;;;;;;;;TRUE;;278937
drumeo;Black Sabbath;Planet Caravan;;;;;;;;;;;TRUE;;278945
drumeo;Black Sabbath;Turn Up The Night;;;;;;;;;;;TRUE;;291234
drumeo;Blink-182;Reckless Abandon;;;;;;;;;;;TRUE;;327342
drumeo;Blink-182;Rabbit Hole;;;;;;;;;;;TRUE;;327123
drumeo;Blink-182;Mutt;;;;;;;;;;;TRUE;;327154
drumeo;Blink-182;Love Is Dangerous;;;;;;;;;;;TRUE;;327149
drumeo;Blink-182;Left Alone;;;;;;;;;;;TRUE;;327117
drumeo;Blink-182;The Party Song;;;;;;;;;;;TRUE;;327157
drumeo;Blink-182;I Miss You;;;;;;;;;;;TRUE;;326648
drumeo;Blink-182;Anthem Part Two;;;;;;;;;;;TRUE;;327329
drumeo;Blink-182;Happy Holidays, You Bastard;;;;;;;;;;;TRUE;;327335
drumeo;Blink-182;Kings Of The Weekend;;;;;;;;;;;TRUE;;327115
drumeo;Blink-182;Teenage Satellites;;;;;;;;;;;TRUE;;327130
drumeo;Blink-182;Kaleidoscope;;;;;;;;;;;TRUE;;327145
drumeo;Blink-182;Online Songs;;;;;;;;;;;TRUE;;327338
drumeo;Blink-182;MH 4.18.2011;;;;;;;;;;;TRUE;;327171
drumeo;Blink-182;Please Take Me Home;;;;;;;;;;;TRUE;;327340
drumeo;Blink-182;Built This Pool;;;;;;;;;;;TRUE;;327110
drumeo;Blink-182;Aliens Exist;;;;;;;;;;;TRUE;;327139
drumeo;Blink-182;Heart's All Gone;;;;;;;;;;;TRUE;;327142
drumeo;Blink-182;Anthem;;;;;;;;;;;TRUE;;327144
drumeo;Blink-182;Stay Together For The Kids;;;;;;;;;;;TRUE;;327348
drumeo;Blink-182;Ghosts On The Dance Floor;;;;;;;;;;;TRUE;;327137
drumeo;Blink-182;Natives;;;;;;;;;;;TRUE;;327173
drumeo;Blink-182;Home Is Such A Lonely Place;;;;;;;;;;;TRUE;;291242
drumeo;Blink-182;Stockholm Syndrome;;;;;;;;;;;TRUE;;291240
drumeo;Blink-182;Going Away To College;;;;;;;;;;;TRUE;;275392
drumeo;Blink-182;Story Of A Lonely Guy;;;;;;;;;;;TRUE;;327350
drumeo;Blink-182;She's Out Of Her Mind;;;;;;;;;;;TRUE;;278949
drumeo;Blink-182;What's My Age Again?;;;;;;;;;;;TRUE;;327161
drumeo;Blink-182;Cynical;;;;;;;;;;;TRUE;;327113
drumeo;Blink-182;Shut Up;;;;;;;;;;;TRUE;;327346
drumeo;Blink-182;No Future;;;;;;;;;;;TRUE;;327121
drumeo;Blink-182;Los Angeles;;;;;;;;;;;TRUE;;327119
drumeo;Blink-182;Wendy Clear;;;;;;;;;;;TRUE;;327159
drumeo;Bob Marley & The Wailers;I Shot The Sheriff;;;;;;;;;;;TRUE;;331551
drumeo;Bob Marley & The Wailers;Punky Reggae Party;;;;;;;;;;;TRUE;;331563
drumeo;Bob Marley & The Wailers;So Much Trouble In The World;;;;;;;;;;;TRUE;;331577
drumeo;Bob Marley & The Wailers;No Woman, No Cry;;;;;;;;;;;TRUE;;331573
drumeo;Bob Marley & The Wailers;Is This Love;;;;;;;;;;;TRUE;;331569
drumeo;Bob Marley & The Wailers;Satisfy My Soul;;;;;;;;;;;TRUE;;331571
drumeo;Bob Marley & The Wailers;War;;;;;;;;;;;TRUE;;331575
drumeo;Bob Marley & The Wailers;One Love/People Get Ready;;;;;;;;;;;TRUE;;331561
drumeo;Bob Marley & The Wailers;Jamming;;;;;;;;;;;TRUE;;264307
drumeo;Bob Seger;Night Moves;;;;;;;;;;;TRUE;;264311
drumeo;Bon Jovi;Captain Crash & The Beauty Queen From Mars;;;;;;;;;;;TRUE;;321981
drumeo;Bon Jovi;Raise Your Hands;;;;;;;;;;;TRUE;;284774
drumeo;Bon Jovi;Social Disease;;;;;;;;;;;TRUE;;322163
drumeo;Bon Jovi;Only Lonely;;;;;;;;;;;TRUE;;321934
drumeo;Bon Jovi;She Don't Know Me;;;;;;;;;;;TRUE;;321976
drumeo;Bon Jovi;Mystery Train;;;;;;;;;;;TRUE;;321992
drumeo;Bon Jovi;(It's Hard) Letting You Go;;;;;;;;;;;TRUE;;322172
drumeo;Bon Jovi;Secret Dreams;;;;;;;;;;;TRUE;;321944
drumeo;Bon Jovi;The Hardest Part Is The Night;;;;;;;;;;;TRUE;;321949
drumeo;Bon Jovi;Just Older;;;;;;;;;;;TRUE;;321990
drumeo;Bon Jovi;We Weren't Born To Follow;;;;;;;;;;;TRUE;;324386
drumeo;Bon Jovi;My Guitar Lies Bleeding in My Arms;;;;;;;;;;;TRUE;;322186
drumeo;Bon Jovi;Wanted Dead Or Alive;;;;;;;;;;;TRUE;;278961
drumeo;Bon Jovi;Shot Through The Heart;;;;;;;;;;;TRUE;;321979
drumeo;Bon Jovi;Never Say Goodbye;;;;;;;;;;;TRUE;;322161
drumeo;Bon Jovi;Hearts Breaking Even;;;;;;;;;;;TRUE;;322180
drumeo;Bon Jovi;This Ain't A Love Song;;;;;;;;;;;TRUE;;322194
drumeo;Bon Jovi;Let It Rock;;;;;;;;;;;TRUE;;322158
drumeo;Bon Jovi;Always Run To You;;;;;;;;;;;TRUE;;321927
drumeo;Bon Jovi;It's My Life;;;;;;;;;;;TRUE;;264315
drumeo;Bon Jovi;Next 100 Years;;;;;;;;;;;TRUE;;321994
drumeo;Bon Jovi;Something For The Pain;;;;;;;;;;;TRUE;;322188
drumeo;Bon Jovi;Tokyo Road;;;;;;;;;;;TRUE;;321958
drumeo;Bon Jovi;I Got The Girl;;;;;;;;;;;TRUE;;321988
drumeo;Bon Jovi;Neurotica;;;;;;;;;;;TRUE;;321996
drumeo;Bon Jovi;To The Fire;;;;;;;;;;;TRUE;;321954
drumeo;Bon Jovi;Love Lies;;;;;;;;;;;TRUE;;321972
drumeo;Bon Jovi;Silent Night;;;;;;;;;;;TRUE;;321946
drumeo;Bon Jovi;King Of The Mountain;;;;;;;;;;;TRUE;;321932
drumeo;Bon Jovi;Something To Believe In;;;;;;;;;;;TRUE;;322190
drumeo;Bon Jovi;Homebound Train;;;;;;;;;;;TRUE;;322062
drumeo;Bon Jovi;The Price Of Love;;;;;;;;;;;TRUE;;321951
drumeo;Bon Jovi;Roulette;;;;;;;;;;;TRUE;;321974
drumeo;Boston;Rock & Roll Band;;;;;;;;;;;TRUE;;302631
drumeo;Boston;Amanda;;;;;;;;;;;TRUE;;270383
drumeo;Boston;Let Me Take You Home Tonight;;;;;;;;;;;TRUE;;275400
drumeo;Boston;A Man I'll Never Be;;;;;;;;;;;TRUE;;278967
drumeo;Boz Scaggs;I Don't Hear You;;;;;;;;;;;TRUE;;295194
drumeo;Breaking Benjamin;You;;;;;;;;;;;TRUE;;275406
drumeo;Brian Wilson;Oxygen To The Brain;;;;;;;;;;;TRUE;;298372
drumeo;Brian Wilson;Forever She'll Be My Surfer Girl;;;;;;;;;;;TRUE;;298357
drumeo;Brian Wilson;Going Home;;;;;;;;;;;TRUE;;298359
drumeo;Brian Wilson;Live Let Live/That Lucky Old Sun (Reprise);;;;;;;;;;;TRUE;;298363
drumeo;Brian Wilson;Mexican Girl;;;;;;;;;;;TRUE;;298366
drumeo;Brian Wilson;Narrative: Cinco De Mayo;;;;;;;;;;;TRUE;;298370
drumeo;Brian Wilson;Morning Beat;;;;;;;;;;;TRUE;;298368
drumeo;Brian Wilson;Good Kind Of Love;;;;;;;;;;;TRUE;;298361
drumeo;Bring Me The Horizon;Avalanche;;;;;;;;;;;TRUE;;284784
drumeo;Bring Me The Horizon;Shadow Moses;;;;;;;;;;;TRUE;;278979
drumeo;Brooks & Dunn;Neon Moon;;;;;;;;;;;TRUE;;275414
drumeo;Bruce Springsteen;The Promised Land;;;;;;;;;;;TRUE;;284788
drumeo;Bruce Springsteen;Tougher Than The Rest;;;;;;;;;;;TRUE;;291250
drumeo;Bruce Springsteen;No Surrender;;;;;;;;;;;TRUE;;374547
drumeo;Bruno Mars;Just The Way You Are;;;;;;;;;;;TRUE;;264323
drumeo;Bruno Mars;The Lazy Song;;;;;;;;;;;TRUE;;264325
drumeo;Buddy Holly;Rave On!;;;;;;;;;;;TRUE;;284794
drumeo;Buddy Rich Big Band;Caravan;;;;;;;;;;;TRUE;;275422
drumeo;Buddy Rich Big Band;Love For Sale;;;;;;;;;;;TRUE;;270395
drumeo;Buju Banton;Not An Easy Road;;;;;;;;;;;TRUE;;291252
drumeo;Bullet For My Valentine;Scream Aim Fire;;;;;;;;;;;TRUE;;284796
drumeo;Burning Spear;Red, Gold & Green;;;;;;;;;;;TRUE;;284798
drumeo;Byron Lee And The Dragonaires;Jamaica Ska;;;;;;;;;;;TRUE;;291254
drumeo;Cage The Elephant;Ain't No Rest For The Wicked;;;;;;;;;;;TRUE;;275424
drumeo;Cake;Short Skirt/Long Jacket;;;;;;;;;;;TRUE;;344724
drumeo;Carl Douglas;Kung Fu Fighting;;;;;;;;;;;TRUE;;275426
drumeo;Carrie Underwood;Two Black Cadillacs;;;;;;;;;;;TRUE;;284800
drumeo;Casting Crowns;Glorious Day (Living He Loved Me);;;;;;;;;;;TRUE;;270403
drumeo;Casting Crowns;Who Am I;;;;;;;;;;;TRUE;;270399
drumeo;Casting Crowns;Lifesong;;;;;;;;;;;TRUE;;270401
drumeo;Cee Lo Green And Daryl Hall;I Can't Go For That;;;;;;;;;;;TRUE;;362430
drumeo;CeeLo Green;Forget You;;;;;;;;;;;TRUE;;278991
drumeo;Celine Dion;It's All Coming Back To Me Now;;;;;;;;;;;TRUE;;278993
drumeo;Celine Dion;My Heart Will Go On;;;;;;;;;;;TRUE;;270405
drumeo;Chaka Khan;Castles Made Of Sand;;;;;;;;;;;TRUE;;347049
drumeo;Chaka Khan;Angel;;;;;;;;;;;TRUE;;347047
drumeo;Chaka Khan;One For All Time;;;;;;;;;;;TRUE;;347054
drumeo;Charles Mingus;Nostalgia In Times Square;;;;;;;;;;;TRUE;;328165
drumeo;Charlie Parker;Ornithology;;;;;;;;;;;TRUE;;275428
drumeo;Charlie Puth;How Long;;;;;;;;;;;TRUE;;291258
drumeo;Cheap Trick;The Flame;;;;;;;;;;;TRUE;;278997
drumeo;Cheap Trick;Surrender;;;;;;;;;;;TRUE;;275430
drumeo;Chic;Le Freak;;;;;;;;;;;TRUE;;278999
drumeo;Chicago;Make Me Smile;;;;;;;;;;;TRUE;;302634
drumeo;Chicago;90 Degrees And Freezing;;;;;;;;;;;TRUE;;279001
drumeo;Chicago;Hard Habit To Break;;;;;;;;;;;TRUE;;270407
drumeo;Chicago;Introduction;;;;;;;;;;;TRUE;;365691
drumeo;Chicago;Saturday In The Park;;;;;;;;;;;TRUE;;365693
drumeo;Chick Corea;Samba Song;;;;;;;;;;;TRUE;;295636
drumeo;Chick Corea;Nite Sprite;;;;;;;;;;;TRUE;;295638
drumeo;Chick Corea;Lenore;;;;;;;;;;;TRUE;;295634
drumeo;Chick Corea & Return To Forever;Spain;;;;;;;;;;;TRUE;;299078
drumeo;Chick Webb And His Orchestra;Spinnin' The Webb;;;;;;;;;;;TRUE;;346204
drumeo;Chris Stapleton;Tennessee Whiskey;;;;;;;;;;;TRUE;;279003
drumeo;Chris Tomlin;At The Cross (Love Ran Red);;;;;;;;;;;TRUE;;315887
drumeo;Chris Tomlin;Made To Worship;;;;;;;;;;;TRUE;;315889
drumeo;Chris Tomlin;How Can I Keep From Singing;;;;;;;;;;;TRUE;;270425
drumeo;Chris Tomlin;Whom Shall I Fear (God Of Angel Armies);;;;;;;;;;;TRUE;;270417
drumeo;Chris Tomlin;God And God Alone;;;;;;;;;;;TRUE;;284804
drumeo;Chris Tomlin;Our God;;;;;;;;;;;TRUE;;264333
drumeo;Chris Tomlin;Good Good Father;;;;;;;;;;;TRUE;;264331
drumeo;Chris Tomlin;God Of This City;;;;;;;;;;;TRUE;;275436
drumeo;Chris Tomlin;Not To Us;;;;;;;;;;;TRUE;;284806
drumeo;Christina Aguilera;The Voice Within;;;;;;;;;;;TRUE;;270427
drumeo;Chuck Berry;Johnny B. Goode;;;;;;;;;;;TRUE;;270429
drumeo;Chuck Brown & The Soul Searchers;Bustin' Loose;;;;;;;;;;;TRUE;;275438
drumeo;Coldplay;Paradise;;;;;;;;;;;TRUE;;264337
drumeo;Coldplay;Twisted Logic;;;;;;;;;;;TRUE;;284810
drumeo;Coldplay;Cemeteries Of London;;;;;;;;;;;TRUE;;284808
drumeo;Collective Soul;The World I Know;;;;;;;;;;;TRUE;;291262
drumeo;Concrete Blonde;Joey;;;;;;;;;;;TRUE;;275444
drumeo;Cory Asbury;Reckless Love;;;;;;;;;;;TRUE;;291266
drumeo;Cory Asbury;The Father's House;;;;;;;;;;;TRUE;;315891
drumeo;Cream;Sunshine Of Your Love;;;;;;;;;;;TRUE;;302638
drumeo;Cream;Toad;;;;;;;;;;;TRUE;;362433
drumeo;Creedence Clearwater Revival;Commotion;;;;;;;;;;;TRUE;;270449
drumeo;Curtis Mayfield;Keep On Keeping On;;;;;;;;;;;TRUE;;279017
drumeo;Curtis Mayfield;Super Fly;;;;;;;;;;;TRUE;;317758
drumeo;Curtis Mayfield;Move On Up;;;;;;;;;;;TRUE;;279015
drumeo;Cutting Crew;(I Just) Died In Your Arms;;;;;;;;;;;TRUE;;270455
drumeo;DarWin;Forever;;;;;;;;;;;TRUE;;357338
drumeo;Dave Brubeck Quartet;Eleven Four;;;;;;;;;;;TRUE;;275450
drumeo;Dave Matthews Band;Rapunzel;;;;;;;;;;;TRUE;;275454
drumeo;Dave Matthews Band;Seven;;;;;;;;;;;TRUE;;291274
drumeo;Dave Matthews Band;So Much To Say;;;;;;;;;;;TRUE;;291280
drumeo;Dave Matthews Band;Two Step;;;;;;;;;;;TRUE;;305651
drumeo;Dave Weckl;Hard-Wired;;;;;;;;;;;TRUE;;270461
drumeo;David Benoit;Human Nature;;;;;;;;;;;TRUE;;352690
drumeo;David Bowie;Changes;;;;;;;;;;;TRUE;;284832
drumeo;David Bowie;Ashes To Ashes;;;;;;;;;;;TRUE;;356022
drumeo;David Bowie;Ziggy Stardust;;;;;;;;;;;TRUE;;309153
drumeo;David Bowie;Golden Years;;;;;;;;;;;TRUE;;326653
drumeo;Dead Kennedys;Police Truck;;;;;;;;;;;TRUE;;291288
drumeo;Deana Carter;Strawberry Wine;;;;;;;;;;;TRUE;;279037
drumeo;Death;Perennial Quest;;;;;;;;;;;TRUE;;294205
drumeo;Death;1,000 Eyes;;;;;;;;;;;TRUE;;294185
drumeo;Death;Misanthrope;;;;;;;;;;;TRUE;;294195
drumeo;Death;Zero Tolerance;;;;;;;;;;;TRUE;;294215
drumeo;Death;Symbolic;;;;;;;;;;;TRUE;;294209
drumeo;Death;Sacred Serenity;;;;;;;;;;;TRUE;;294207
drumeo;Deep Purple;Perfect Strangers;;;;;;;;;;;TRUE;;275460
drumeo;Def Leppard;Rock Of Ages;;;;;;;;;;;TRUE;;275468
drumeo;Def Leppard;Ring Of Fire;;;;;;;;;;;TRUE;;324921
drumeo;Def Leppard;On Through The Night;;;;;;;;;;;TRUE;;324869
drumeo;Def Leppard;Another Hit And Run;;;;;;;;;;;TRUE;;324857
drumeo;Def Leppard;It’s Only Love;;;;;;;;;;;TRUE;;324847
drumeo;Def Leppard;To Be Alive;;;;;;;;;;;TRUE;;324855
drumeo;Def Leppard;Paper Sun;;;;;;;;;;;TRUE;;324851
drumeo;Def Leppard;Tonight;;;;;;;;;;;TRUE;;324827
drumeo;Def Leppard;Armageddon It;;;;;;;;;;;TRUE;;324877
drumeo;Def Leppard;Hysteria;;;;;;;;;;;TRUE;;275462
drumeo;Def Leppard;Miss You In A Heartbeat;;;;;;;;;;;TRUE;;324917
drumeo;Def Leppard;Switch 625;;;;;;;;;;;TRUE;;324871
drumeo;Def Leppard;Two Steps Behind;;;;;;;;;;;TRUE;;324925
drumeo;Def Leppard;21st Century Sha La La La Girl;;;;;;;;;;;TRUE;;324831
drumeo;Def Leppard;White Lightning;;;;;;;;;;;TRUE;;324829
drumeo;Def Leppard;Back In Your Face;;;;;;;;;;;TRUE;;324835
drumeo;Def Leppard;Tear It Down;;;;;;;;;;;TRUE;;324825
drumeo;Def Leppard;Love Bites;;;;;;;;;;;TRUE;;324887
drumeo;Def Leppard;Stand Up (Kick Love Into Motion);;;;;;;;;;;TRUE;;324823
drumeo;Def Leppard;All Night;;;;;;;;;;;TRUE;;324833
drumeo;Def Leppard;Mirror Mirror;;;;;;;;;;;TRUE;;324865
drumeo;Def Leppard;Excitable;;;;;;;;;;;TRUE;;324881
drumeo;Def Leppard;Action! Not Words;;;;;;;;;;;TRUE;;324895
drumeo;Def Leppard;You Got Me Runnin';;;;;;;;;;;TRUE;;324873
drumeo;Def Leppard;No, No, No;;;;;;;;;;;TRUE;;324867
drumeo;Def Leppard;Only After Dark;;;;;;;;;;;TRUE;;324919
drumeo;Def Leppard;Fractured Love;;;;;;;;;;;TRUE;;324913
drumeo;Def Leppard;Lady Strange;;;;;;;;;;;TRUE;;324861
drumeo;Def Leppard;Love And Affection;;;;;;;;;;;TRUE;;324885
drumeo;Def Leppard;Guilty;;;;;;;;;;;TRUE;;324845
drumeo;Def Leppard;Personal Property;;;;;;;;;;;TRUE;;324821
drumeo;Def Leppard;Gods Of War;;;;;;;;;;;TRUE;;324883
drumeo;Def Leppard;Run Riot;;;;;;;;;;;TRUE;;324891
drumeo;Deftones;Change (In The House Of Flies);;;;;;;;;;;TRUE;;294515
drumeo;Demi Lovato;Tell Me You Love Me;;;;;;;;;;;TRUE;;284840
drumeo;Demi Lovato;Confident;;;;;;;;;;;TRUE;;291294
drumeo;Dennis Chambers;Outbreak;;;;;;;;;;;TRUE;;352739
drumeo;Dermot Kennedy;After Rain;;;;;;;;;;;TRUE;;349686
drumeo;Devin Townsend Project;Planet Of The Apes;;;;;;;;;;;TRUE;;305656
drumeo;Devo;Whip It;;;;;;;;;;;TRUE;;291296
drumeo;Diana Ross;Ain't No Mountain High Enough;;;;;;;;;;;TRUE;;279041
drumeo;Diana Ross;Upside Down;;;;;;;;;;;TRUE;;291298
drumeo;Dick Dale & His Del-Tones;Misirlou;;;;;;;;;;;TRUE;;279043
drumeo;Dio;Rainbow In The Dark;;;;;;;;;;;TRUE;;270467
drumeo;Dire Straits;Money For Nothing;;;;;;;;;;;TRUE;;279049
drumeo;Dixie Chicks;Sin Wagon;;;;;;;;;;;TRUE;;337452
drumeo;Dixie Chicks;The Long Way Around;;;;;;;;;;;TRUE;;291302
drumeo;Don Ellis;Whiplash;;;;;;;;;;;TRUE;;346206
drumeo;Dr. Dre;I Need A Doctor;;;;;;;;;;;TRUE;;264355
drumeo;Dream Theater;Pale Blue Dot;;;;;;;;;;;TRUE;;264367
drumeo;Dream Theater;Under A Glass Moon;;;;;;;;;;;TRUE;;264379
drumeo;Dream Theater;Scarred;;;;;;;;;;;TRUE;;275474
drumeo;Dream Theater;Fatal Tragedy;;;;;;;;;;;TRUE;;264361
drumeo;Dream Theater;The Dance Of Eternity;;;;;;;;;;;TRUE;;264373
drumeo;Dream Theater;The Count Of Tuscany;;;;;;;;;;;TRUE;;270475
drumeo;Dream Theater;Metropolis, Part I: The Miracle And The Sleeper;;;;;;;;;;;TRUE;;264365
drumeo;Dream Theater;Surrounded;;;;;;;;;;;TRUE;;284846
drumeo;Dream Theater;The Mirror;;;;;;;;;;;TRUE;;264375
drumeo;Duran Duran;Hungry Like The Wolf;;;;;;;;;;;TRUE;;284848
drumeo;Earth Wind & Fire;September;;;;;;;;;;;TRUE;;264383
drumeo;Ed Sheeran;Perfect;;;;;;;;;;;TRUE;;264385
drumeo;Electric Light Orchestra;Mr. Blue Sky;;;;;;;;;;;TRUE;;291314
drumeo;Elevation Worship;Resurrecting;;;;;;;;;;;TRUE;;291320
drumeo;Elevation Worship;It Is So;;;;;;;;;;;TRUE;;315897
drumeo;Elevation Worship;O Come To The Altar;;;;;;;;;;;TRUE;;279059
drumeo;Elevation Worship;Graves Into Gardens;;;;;;;;;;;TRUE;;275482
drumeo;Elevation Worship;See A Victory;;;;;;;;;;;TRUE;;291316
drumeo;Elliott Smith;Waltz #2 (XO);;;;;;;;;;;TRUE;;349692
drumeo;Elton John;Bennie And The Jets;;;;;;;;;;;TRUE;;264387
drumeo;Elton John;Susie (Dramas);;;;;;;;;;;TRUE;;356026
drumeo;Elton John;Levon;;;;;;;;;;;TRUE;;284852
drumeo;Elton John;Your Song;;;;;;;;;;;TRUE;;264395
drumeo;Eminem;Mockingbird;;;;;;;;;;;TRUE;;270491
drumeo;Eric Clapton;Bad Love;;;;;;;;;;;TRUE;;364683
drumeo;Europe;Rock The Night;;;;;;;;;;;TRUE;;275496
drumeo;Europe;Carrie;;;;;;;;;;;TRUE;;279067
drumeo;Europe;The Final Countdown;;;;;;;;;;;TRUE;;270503
drumeo;Faith No More;Midlife Crisis;;;;;;;;;;;TRUE;;356028
drumeo;Faith No More;Ashes To Ashes;;;;;;;;;;;TRUE;;349694
drumeo;Fall Out Boy;Centuries;;;;;;;;;;;TRUE;;291328
drumeo;Fates Warning;Still Remains;;;;;;;;;;;TRUE;;359995
drumeo;Fear Factory;Linchpin;;;;;;;;;;;TRUE;;284864
drumeo;Finger Eleven;Other Light;;;;;;;;;;;TRUE;;279071
drumeo;First State;Reach Me;;;;;;;;;;;TRUE;;291334
drumeo;Fleetwood Mac;Rhiannon;;;;;;;;;;;TRUE;;284868
drumeo;Fleetwood Mac;You Make Loving Fun;;;;;;;;;;;TRUE;;279073
drumeo;Fleetwood Mac;Need Your Love So Bad;;;;;;;;;;;TRUE;;291336
drumeo;Fleetwood Mac;Second Hand News;;;;;;;;;;;TRUE;;284870
drumeo;Florence + The Machine;Howl;;;;;;;;;;;TRUE;;279075
drumeo;Flying Lotus;Never Catch Me;;;;;;;;;;;TRUE;;284872
drumeo;Foo Fighters;Resolve;;;;;;;;;;;TRUE;;358986
drumeo;Foo Fighters;Miracle;;;;;;;;;;;TRUE;;358978
drumeo;Foo Fighters;Making A Fire;;;;;;;;;;;TRUE;;359062
drumeo;Foo Fighters;Alone + Easy Target;;;;;;;;;;;TRUE;;358910
drumeo;Foo Fighters;My Hero;;;;;;;;;;;TRUE;;270511
drumeo;Foo Fighters;Low;;;;;;;;;;;TRUE;;358960
drumeo;Foo Fighters;Virginia Moon;;;;;;;;;;;TRUE;;358994
drumeo;Foo Fighters;Congregation;;;;;;;;;;;TRUE;;359018
drumeo;Foo Fighters;Wattershed;;;;;;;;;;;TRUE;;358922
drumeo;Foo Fighters;Disenchanted Lullaby;;;;;;;;;;;TRUE;;358952
drumeo;Foo Fighters;Hell;;;;;;;;;;;TRUE;;358974
drumeo;Foo Fighters;Another Round;;;;;;;;;;;TRUE;;358964
drumeo;Foo Fighters;Subterranean;;;;;;;;;;;TRUE;;359028
drumeo;Foo Fighters;Walk;;;;;;;;;;;TRUE;;275512
drumeo;Foo Fighters;On The Mend;;;;;;;;;;;TRUE;;358982
drumeo;Foo Fighters;Happy Ever After (Zero Hour);;;;;;;;;;;TRUE;;359040
drumeo;Foo Fighters;Medicine At Midnight;;;;;;;;;;;TRUE;;359064
drumeo;Foo Fighters;The Feast And The Famine;;;;;;;;;;;TRUE;;359030
drumeo;Foo Fighters;Holding Poison;;;;;;;;;;;TRUE;;359058
drumeo;Foo Fighters;Dirty Water;;;;;;;;;;;TRUE;;359038
drumeo;Foo Fighters;Cheer Up, Boys (Your Make Up Is Running);;;;;;;;;;;TRUE;;359000
drumeo;Foo Fighters;Come Back;;;;;;;;;;;TRUE;;358950
drumeo;Foo Fighters;I Am A River;;;;;;;;;;;TRUE;;359020
drumeo;Foo Fighters;In The Clear;;;;;;;;;;;TRUE;;359022
drumeo;Foo Fighters;For All The Cows;;;;;;;;;;;TRUE;;291338
drumeo;Foo Fighters;Halo;;;;;;;;;;;TRUE;;358954
drumeo;Foo Fighters;Stacked Actors;;;;;;;;;;;TRUE;;358946
drumeo;Foo Fighters;Sunday Rain;;;;;;;;;;;TRUE;;359048
drumeo;Foo Fighters;My Poor Brain;;;;;;;;;;;TRUE;;300280
drumeo;Foo Fighters;T-Shirt;;;;;;;;;;;TRUE;;359050
drumeo;Foo Fighters;The Colour And The Shape;;;;;;;;;;;TRUE;;300290
drumeo;Foo Fighters;Run;;;;;;;;;;;TRUE;;359046
drumeo;Foo Fighters;Let It Die;;;;;;;;;;;TRUE;;279077
drumeo;Foo Fighters;Love Dies Young;;;;;;;;;;;TRUE;;359060
drumeo;Foo Fighters;Walking After You;;;;;;;;;;;TRUE;;300294
drumeo;Foo Fighters;The Last Song;;;;;;;;;;;TRUE;;358992
drumeo;Foo Fighters;Overdrive;;;;;;;;;;;TRUE;;358962
drumeo;Foo Fighters;Home;;;;;;;;;;;TRUE;;284874
drumeo;Foo Fighters;New Way Home;;;;;;;;;;;TRUE;;300284
drumeo;Foo Fighters;Make It Right;;;;;;;;;;;TRUE;;359044
drumeo;Foo Fighters;Next Year;;;;;;;;;;;TRUE;;358944
drumeo;Foo Fighters;Stranger Things Have Happened;;;;;;;;;;;TRUE;;359008
drumeo;Foo Fighters;This Is A Call;;;;;;;;;;;TRUE;;291340
drumeo;Foo Fighters;See You;;;;;;;;;;;TRUE;;300287
drumeo;Foo Fighters;Weenie Beenie;;;;;;;;;;;TRUE;;358924
drumeo;Foo Fighters;Dear Rosemary;;;;;;;;;;;TRUE;;275510
drumeo;Foo Fighters;No Son Of Mine;;;;;;;;;;;TRUE;;359066
drumeo;Foo Fighters;Over And Out;;;;;;;;;;;TRUE;;358984
drumeo;Foo Fighters;What Did I Do?/God As My Witness;;;;;;;;;;;TRUE;;359032
drumeo;Foo Fighters;Still;;;;;;;;;;;TRUE;;358988
drumeo;Foo Fighters;In Your Honor;;;;;;;;;;;TRUE;;358976
drumeo;Foo Fighters;I Should Have Known;;;;;;;;;;;TRUE;;359014
drumeo;Foo Fighters;Times Like These;;;;;;;;;;;TRUE;;279079
drumeo;Foo Fighters;Waiting On A War;;;;;;;;;;;TRUE;;359070
drumeo;Foo Fighters;What If I Do?;;;;;;;;;;;TRUE;;358996
drumeo;Foo Fighters;Summer's End;;;;;;;;;;;TRUE;;284878
drumeo;Foo Fighters;Cloudspotter;;;;;;;;;;;TRUE;;359056
drumeo;Foo Fighters;Headwires;;;;;;;;;;;TRUE;;358938
drumeo;Foo Fighters;These Days;;;;;;;;;;;TRUE;;317238
drumeo;Foo Fighters;Concrete And Gold;;;;;;;;;;;TRUE;;359036
drumeo;Foo Fighters;Gimme Stitches;;;;;;;;;;;TRUE;;358936
drumeo;Foo Fighters;White Limo;;;;;;;;;;;TRUE;;275514
drumeo;Foo Fighters;Generator;;;;;;;;;;;TRUE;;358934
drumeo;Foo Fighters;La Dee Da;;;;;;;;;;;TRUE;;359042
drumeo;Foo Fighters;Learn To Fly;;;;;;;;;;;TRUE;;275504
drumeo;Foo Fighters;Come Alive;;;;;;;;;;;TRUE;;359002
drumeo;Foo Fighters;Good Grief;;;;;;;;;;;TRUE;;358916
drumeo;Foo Fighters;Something From Nothing;;;;;;;;;;;TRUE;;359026
drumeo;Foo Fighters;Hey, Johnny Park!;;;;;;;;;;;TRUE;;300277
drumeo;Foo Fighters;Free Me;;;;;;;;;;;TRUE;;358972
drumeo;Foo Fighters;The Deepest Blues Are Black;;;;;;;;;;;TRUE;;358990
drumeo;Foo Fighters;Miss The Misery;;;;;;;;;;;TRUE;;359016
drumeo;Foo Fighters;Outside;;;;;;;;;;;TRUE;;359024
drumeo;Foo Fighters;Shame Shame;;;;;;;;;;;TRUE;;359068
drumeo;Foo Fighters;Chasing Birds;;;;;;;;;;;TRUE;;359054
drumeo;Foo Fighters;Live-In Skin;;;;;;;;;;;TRUE;;358940
drumeo;Foo Fighters;Have It All;;;;;;;;;;;TRUE;;358956
drumeo;Foo Fighters;Erase/Replace;;;;;;;;;;;TRUE;;359004
drumeo;Foo Fighters;No Way Back;;;;;;;;;;;TRUE;;358980
drumeo;Foo Fighters;Lonely As You;;;;;;;;;;;TRUE;;358958
drumeo;Foo Fighters;M.I.A.;;;;;;;;;;;TRUE;;358942
drumeo;Foo Fighters;Statues;;;;;;;;;;;TRUE;;359006
drumeo;Foo Fighters;The Line;;;;;;;;;;;TRUE;;359052
drumeo;Foo Fighters;Oh, George;;;;;;;;;;;TRUE;;358920
drumeo;Foo Fighters;Long Road To Ruin;;;;;;;;;;;TRUE;;284876
drumeo;Foo Fighters;Up In Arms;;;;;;;;;;;TRUE;;300292
drumeo;Foo Fighters;I'll Stick Around;;;;;;;;;;;TRUE;;358918
drumeo;Foreigner;Juke Box Hero;;;;;;;;;;;TRUE;;264405
drumeo;Foreigner;Cold As Ice;;;;;;;;;;;TRUE;;337409
drumeo;Foreigner;That Was Yesterday;;;;;;;;;;;TRUE;;284880
drumeo;Foreigner;Hot Blooded;;;;;;;;;;;TRUE;;348736
drumeo;Fountains Of Wayne;Stacy's Mom;;;;;;;;;;;TRUE;;371137
drumeo;Four Tops;It's The Same Old Song;;;;;;;;;;;TRUE;;275516
drumeo;Fourplay;Silver Streak;;;;;;;;;;;TRUE;;371173
drumeo;Frank Turner;I Still Believe;;;;;;;;;;;TRUE;;348738
drumeo;Frank Zappa;Keep It Greasey;;;;;;;;;;;TRUE;;264409
drumeo;Frank Zappa;Zomby Woof;;;;;;;;;;;TRUE;;264411
drumeo;Frank Zappa;Catholic Girls;;;;;;;;;;;TRUE;;341261
drumeo;Frankie Goes To Hollywood;Relax;;;;;;;;;;;TRUE;;291342
drumeo;Franz Ferdinand;No You Girls;;;;;;;;;;;TRUE;;374567
drumeo;Franz Ferdinand;Take Me Out;;;;;;;;;;;TRUE;;322455
drumeo;Freddy King;See See Baby;;;;;;;;;;;TRUE;;284882
drumeo;Freddy King;Hide Away;;;;;;;;;;;TRUE;;279083
drumeo;Free;All Right Now;;;;;;;;;;;TRUE;;264413
drumeo;Fun.;Carry On;;;;;;;;;;;TRUE;;284884
drumeo;Fun.;We Are Young;;;;;;;;;;;TRUE;;279085
drumeo;Funkadelic;Hit It And Quit It;;;;;;;;;;;TRUE;;264415
drumeo;Funkadelic;Super Stupid;;;;;;;;;;;TRUE;;275518
drumeo;Funkadelic;One Nation Under A Groove;;;;;;;;;;;TRUE;;275520
drumeo;Garbage;Stupid Girl;;;;;;;;;;;TRUE;;348740
drumeo;Gareth Emery;Sansa;;;;;;;;;;;TRUE;;291344
drumeo;Garth Brooks;Friends In Low Places;;;;;;;;;;;TRUE;;264417
drumeo;Gary Wright;Love Is Alive;;;;;;;;;;;TRUE;;264419
drumeo;Genesis;Land Of Confusion;;;;;;;;;;;TRUE;;291346
drumeo;Genesis;I Can't Dance;;;;;;;;;;;TRUE;;291348
drumeo;Genesis;Turn It On Again;;;;;;;;;;;TRUE;;279087
drumeo;George Michael;Careless Whisper;;;;;;;;;;;TRUE;;270515
drumeo;Gino Vannelli;Seek And You Will Find;;;;;;;;;;;TRUE;;279089
drumeo;Godsmack;When Legends Rise;;;;;;;;;;;TRUE;;279091
drumeo;Godsmack;Voodoo;;;;;;;;;;;TRUE;;309157
drumeo;Godsmack;I Stand Alone;;;;;;;;;;;TRUE;;305660
drumeo;Gojira;The Art Of Dying;;;;;;;;;;;TRUE;;373819
drumeo;Gojira;Into The Storm;;;;;;;;;;;TRUE;;314513
drumeo;Gojira;Silvera;;;;;;;;;;;TRUE;;373817
drumeo;Gojira;Amazonia;;;;;;;;;;;TRUE;;309159
drumeo;Gojira;Stranded;;;;;;;;;;;TRUE;;284886
drumeo;Gojira;L'Enfant Sauvage;;;;;;;;;;;TRUE;;352701
drumeo;Gojira;Born For One Thing;;;;;;;;;;;TRUE;;294271
drumeo;Golden Earring;Radar Love;;;;;;;;;;;TRUE;;299080
drumeo;Goldfinger;A Million Miles;;;;;;;;;;;TRUE;;291350
drumeo;Goo Goo Dolls;Iris;;;;;;;;;;;TRUE;;322458
drumeo;Gorillaz;Feel Good Inc.;;;;;;;;;;;TRUE;;302643
drumeo;Grace Potter And The Nocturnals;The Lion The Beast The Beat;;;;;;;;;;;TRUE;;364689
drumeo;Great White;The Angel Song;;;;;;;;;;;TRUE;;275522
drumeo;Green Day;Know Your Enemy;;;;;;;;;;;TRUE;;264429
drumeo;Green Day;Are We The Waiting;;;;;;;;;;;TRUE;;279093
drumeo;Green Day;Holiday;;;;;;;;;;;TRUE;;284890
drumeo;Green Day;Jesus Of Suburbia;;;;;;;;;;;TRUE;;305663
drumeo;Green Day;When I Come Around;;;;;;;;;;;TRUE;;317240
drumeo;Green Day;Boulevard Of Broken Dreams;;;;;;;;;;;TRUE;;264427
drumeo;Green Day;¡Viva La Gloria!;;;;;;;;;;;TRUE;;284888
drumeo;Green Day;St. Jimmy;;;;;;;;;;;TRUE;;279095
drumeo;Green Day;Wake Me Up When September Ends;;;;;;;;;;;TRUE;;264431
drumeo;Green Day;Hitchin’ A Ride;;;;;;;;;;;TRUE;;328180
drumeo;Green Day;Longview;;;;;;;;;;;TRUE;;352703
drumeo;Gungor;Beautiful Things;;;;;;;;;;;TRUE;;279097
drumeo;Guns N' Roses;Rocket Queen;;;;;;;;;;;TRUE;;308896
drumeo;Guns N' Roses;Don't Cry;;;;;;;;;;;TRUE;;270517
drumeo;Guns N' Roses;November Rain;;;;;;;;;;;TRUE;;309161
drumeo;Guns N' Roses;You're Crazy;;;;;;;;;;;TRUE;;308900
drumeo;Guns N' Roses;Shotgun Blues;;;;;;;;;;;TRUE;;308925
drumeo;Guns N' Roses;Yesterdays;;;;;;;;;;;TRUE;;264435
drumeo;Guns N' Roses;Live and Let Die (Live);;;;;;;;;;;TRUE;;362437
drumeo;Guns N' Roses;Locomotive;;;;;;;;;;;TRUE;;308917
drumeo;Guns N' Roses;14 Years;;;;;;;;;;;TRUE;;308905
drumeo;Guns N' Roses;My World;;;;;;;;;;;TRUE;;308919
drumeo;Guns N' Roses;My Michelle;;;;;;;;;;;TRUE;;284894
drumeo;Guns N' Roses;Knockin' On Heaven's Door;;;;;;;;;;;TRUE;;264433
drumeo;Guns N' Roses;Think About You;;;;;;;;;;;TRUE;;308898
drumeo;Guns N' Roses;Estranged;;;;;;;;;;;TRUE;;308913
drumeo;Guns N' Roses;Welcome To The Jungle;;;;;;;;;;;TRUE;;302645
drumeo;Guns N' Roses;It's So Easy;;;;;;;;;;;TRUE;;308888
drumeo;Guns N' Roses;You Could Be Mine;;;;;;;;;;;TRUE;;270519
drumeo;Guns N' Roses;Mr. Brownstone;;;;;;;;;;;TRUE;;284892
drumeo;Guns N' Roses;So Fine;;;;;;;;;;;TRUE;;308923
drumeo;Guns N' Roses;Nightrain;;;;;;;;;;;TRUE;;308890
drumeo;Guns N' Roses;Out Ta Get Me;;;;;;;;;;;TRUE;;308892
drumeo;Guns N' Roses;Anything Goes;;;;;;;;;;;TRUE;;308883
drumeo;Guns N' Roses;Pretty Tied Up;;;;;;;;;;;TRUE;;308921
drumeo;Guns N' Roses;Sweet Child O' Mine;;;;;;;;;;;TRUE;;24244
drumeo;H.E.R.;Carried Away;;;;;;;;;;;TRUE;;275524
drumeo;Haken;The Endless Knot;;;;;;;;;;;TRUE;;284896
drumeo;Haken;Canary Yellow;;;;;;;;;;;TRUE;;374569
drumeo;Hall & Oates;Sara Smile;;;;;;;;;;;TRUE;;275526
drumeo;Hands Like Houses;Colourblind;;;;;;;;;;;TRUE;;284898
drumeo;Harvey Mason;The Mase;;;;;;;;;;;TRUE;;371175
drumeo;Heart;Barracuda;;;;;;;;;;;TRUE;;270523
drumeo;Heart;Magic Man;;;;;;;;;;;TRUE;;328182
drumeo;Hella;Biblical Violence;;;;;;;;;;;TRUE;;349715
drumeo;Herbie Hancock;Rockit;;;;;;;;;;;TRUE;;279099
drumeo;Herbie Hancock;Cantaloupe Island;;;;;;;;;;;TRUE;;264441
drumeo;Herbie Hancock;Hang Up Your Hang Ups;;;;;;;;;;;TRUE;;275530
drumeo;Herbie Hancock;Maiden Voyage;;;;;;;;;;;TRUE;;275528
drumeo;Herbie Hancock;Actual Proof;;;;;;;;;;;TRUE;;264439
drumeo;Herbie Hancock;Palm Grease;;;;;;;;;;;TRUE;;317764
drumeo;Herbie Hancock;Butterfly;;;;;;;;;;;TRUE;;270529
drumeo;Herbie Hancock;Watermelon Man;;;;;;;;;;;TRUE;;270527
drumeo;Herbie Hancock;Chameleon;;;;;;;;;;;TRUE;;270525
drumeo;Herbie Hancock;Sly;;;;;;;;;;;TRUE;;371177
drumeo;Héroes Del Silencio;Entre Dos Tierras;;;;;;;;;;;TRUE;;349717
drumeo;Hillsong United;Desert Song;;;;;;;;;;;TRUE;;315901
drumeo;Hillsong United;Salvation Is Here;;;;;;;;;;;TRUE;;315907
drumeo;Hillsong United;Oceans (Where Feet May Fail);;;;;;;;;;;TRUE;;275534
drumeo;Hillsong United;Highlands (Song Of Ascent);;;;;;;;;;;TRUE;;315911
drumeo;Hillsong United;Prince Of Peace;;;;;;;;;;;TRUE;;315905
drumeo;Hillsong United;Another In The Fire;;;;;;;;;;;TRUE;;284900
drumeo;Hillsong United;The Stand;;;;;;;;;;;TRUE;;275532
drumeo;Hillsong United;Lead Me To The Cross;;;;;;;;;;;TRUE;;315903
drumeo;Hillsong Worship;Hosanna;;;;;;;;;;;TRUE;;315921
drumeo;Hillsong Worship;King Of Kings;;;;;;;;;;;TRUE;;315915
drumeo;Hillsong Worship;What A Beautiful Name;;;;;;;;;;;TRUE;;284902
drumeo;Hillsong Worship;This I Believe (The Creed);;;;;;;;;;;TRUE;;291354
drumeo;Hillsong Worship;O Praise The Name (Anastasis);;;;;;;;;;;TRUE;;315919
drumeo;Hillsong Worship;Mighty To Save;;;;;;;;;;;TRUE;;284904
drumeo;Hillsong Worship;Awake My Soul;;;;;;;;;;;TRUE;;279101
drumeo;Hillsong Worship;So Will I (100 Billion X);;;;;;;;;;;TRUE;;284906
drumeo;Hillsong Worship;Let There Be Light;;;;;;;;;;;TRUE;;315917
drumeo;Hillsong Young & Free;Song For His Presence;;;;;;;;;;;TRUE;;364691
drumeo;Hinder;Lips Of An Angel;;;;;;;;;;;TRUE;;270531
drumeo;Hiraes;Eyes Over Black;;;;;;;;;;;TRUE;;356034
drumeo;Hole;Celebrity Skin;;;;;;;;;;;TRUE;;356036
drumeo;Hoobastank;The Reason;;;;;;;;;;;TRUE;;264443
drumeo;Hootie & The Blowfish;Hold My Hand;;;;;;;;;;;TRUE;;373371
drumeo;Horace Silver;Song For My Father;;;;;;;;;;;TRUE;;270533
drumeo;Howlin' Wolf;Forty Four;;;;;;;;;;;TRUE;;284910
drumeo;Howlin' Wolf;Moanin' At Midnight;;;;;;;;;;;TRUE;;284912
drumeo;Huey Lewis And The News;Stuck With You;;;;;;;;;;;TRUE;;279107
drumeo;Huey Lewis And The News;The Only One;;;;;;;;;;;TRUE;;284922
drumeo;Huey Lewis And The News;Tell Me A Little Lie;;;;;;;;;;;TRUE;;284920
drumeo;Huey Lewis And The News;Giving It All Up For Love;;;;;;;;;;;TRUE;;284918
drumeo;Huey Lewis And The News;Hip To Be Square;;;;;;;;;;;TRUE;;275536
drumeo;Huey Lewis And The News;Back In Time;;;;;;;;;;;TRUE;;284916
drumeo;Huey Lewis And The News;Heart And Soul;;;;;;;;;;;TRUE;;275540
drumeo;Huey Lewis And The News;Workin' For A Livin';;;;;;;;;;;TRUE;;275538
drumeo;Huey Lewis And The News;The Heart Of Rock & Roll;;;;;;;;;;;TRUE;;275544
drumeo;Ike & Tina Turner;Proud Mary;;;;;;;;;;;TRUE;;291356
drumeo;INXS;Never Tear Us Apart;;;;;;;;;;;TRUE;;284926
drumeo;INXS;Need You Tonight;;;;;;;;;;;TRUE;;279111
drumeo;INXS;Suicide Blonde;;;;;;;;;;;TRUE;;275558
drumeo;INXS;Devil Inside;;;;;;;;;;;TRUE;;275556
drumeo;Iron Butterfly;In-A-Gadda-Da-Vida;;;;;;;;;;;TRUE;;359997
drumeo;Iron Maiden;Fear Of The Dark;;;;;;;;;;;TRUE;;371139
drumeo;Iron Maiden;Wasted Years;;;;;;;;;;;TRUE;;322460
drumeo;Iron Maiden;The Trooper;;;;;;;;;;;TRUE;;305670
drumeo;Iron Maiden;2 Minutes To Midnight;;;;;;;;;;;TRUE;;294521
drumeo;Iron Maiden;Seventh Son Of A Seventh Son;;;;;;;;;;;TRUE;;299082
drumeo;Iron Maiden;The Evil That Men Do;;;;;;;;;;;TRUE;;362439
drumeo;Iron Maiden;Wrathchild;;;;;;;;;;;TRUE;;365657
drumeo;Iron Maiden;The Number Of The Beast;;;;;;;;;;;TRUE;;309163
drumeo;Iron Maiden;Run To The Hills;;;;;;;;;;;TRUE;;24733
drumeo;Iron Maiden;Phantom Of The Opera;;;;;;;;;;;TRUE;;331187
drumeo;Iron Maiden;Rime Of The Ancient Mariner;;;;;;;;;;;TRUE;;314519
drumeo;Iron Maiden;Hallowed Be Thy Name;;;;;;;;;;;TRUE;;326655
drumeo;Jack Savoretti;Back Where I Belong;;;;;;;;;;;TRUE;;328184
drumeo;Jackson Browne;The Pretender;;;;;;;;;;;TRUE;;295200
drumeo;James Bay;Let It Go;;;;;;;;;;;TRUE;;275560
drumeo;James Brown;Get Up (I Feel Like Being A) Sex Machine;;;;;;;;;;;TRUE;;270539
drumeo;James Brown;Living In America;;;;;;;;;;;TRUE;;362441
drumeo;James Brown;Funky President (People It's Bad);;;;;;;;;;;TRUE;;317766
drumeo;James Brown;Funky Drummer;;;;;;;;;;;TRUE;;264445
drumeo;James Brown;It's A Man's Man's Man's World;;;;;;;;;;;TRUE;;275562
drumeo;James Gang;Funk #49;;;;;;;;;;;TRUE;;349878
drumeo;James Taylor;October Road;;;;;;;;;;;TRUE;;295641
drumeo;Jamey Johnson;In Color;;;;;;;;;;;TRUE;;364693
drumeo;Jane's Addiction;Jane Says;;;;;;;;;;;TRUE;;291358
drumeo;Janet Jackson;Rhythm Nation;;;;;;;;;;;TRUE;;371141
drumeo;Jason Aldean;They Don’t Know;;;;;;;;;;;TRUE;;349719
drumeo;Jason Aldean;Dirt Road Anthem;;;;;;;;;;;TRUE;;279117
drumeo;Jason Derulo;Savage Love;;;;;;;;;;;TRUE;;291360
drumeo;Jay-Z;Run This Town;;;;;;;;;;;TRUE;;279121
drumeo;Jeff Beck;Space Boogie;;;;;;;;;;;TRUE;;359325
drumeo;Jeff Beck;The Pump;;;;;;;;;;;TRUE;;359329
drumeo;Jeff Buckley;Last Goodbye;;;;;;;;;;;TRUE;;264451
drumeo;Jeff Buckley;Grace;;;;;;;;;;;TRUE;;264449
drumeo;Jerry Lee Lewis;Crazy Arms;;;;;;;;;;;TRUE;;291362
drumeo;Jesus Culture;Love Has A Name;;;;;;;;;;;TRUE;;270543
drumeo;Jesus Culture;Your Love Never Fails;;;;;;;;;;;TRUE;;279123
drumeo;Jesus Culture;Rooftops;;;;;;;;;;;TRUE;;315923
drumeo;Jesus Jones;Right Here, Right Now;;;;;;;;;;;TRUE;;352705
drumeo;Jethro Tull;Aqualung;;;;;;;;;;;TRUE;;305672
drumeo;Jimmy Barnes;Message To My Girl;;;;;;;;;;;TRUE;;373484
drumeo;Jimmy Reed;I Ain't Got You;;;;;;;;;;;TRUE;;279125
drumeo;Joan Jett & The Blackhearts;I Hate Myself For Loving You;;;;;;;;;;;TRUE;;356038
drumeo;Joe Cocker;Unchain My Heart;;;;;;;;;;;TRUE;;371144
drumeo;Joe Cocker;With A Little Help From My Friends;;;;;;;;;;;TRUE;;371146
drumeo;Joe Cocker;You Can Leave Your Hat On;;;;;;;;;;;TRUE;;294524
drumeo;Joe Cocker;Night Calls;;;;;;;;;;;TRUE;;349723
drumeo;Joe Jackson;It's Different For Girls;;;;;;;;;;;TRUE;;291364
drumeo;Joe Satriani;Summer Song;;;;;;;;;;;TRUE;;362476
drumeo;Joe Walsh;Rocky Mountain Way;;;;;;;;;;;TRUE;;284928
drumeo;John Coltrane;Acknowledgement;;;;;;;;;;;TRUE;;264453
drumeo;John Coltrane;My Favorite Things;;;;;;;;;;;TRUE;;270545
drumeo;John Coltrane;Village Blues;;;;;;;;;;;TRUE;;279127
drumeo;John Cougar Mellencamp;Pink Houses;;;;;;;;;;;TRUE;;291368
drumeo;John Cougar Mellencamp;Small Town;;;;;;;;;;;TRUE;;291366
drumeo;John Cougar Mellencamp;Jack & Diane;;;;;;;;;;;TRUE;;317244
drumeo;John Cougar Mellencamp;Authority Song;;;;;;;;;;;TRUE;;264455
drumeo;John Mayer;Waiting On The World To Change;;;;;;;;;;;TRUE;;264461
drumeo;John Mayer;Why Georgia;;;;;;;;;;;TRUE;;275566
drumeo;John Mayer;Heartbreak Warfare;;;;;;;;;;;TRUE;;264457
drumeo;John Mayer;Last Train Home;;;;;;;;;;;TRUE;;307172
drumeo;John Mayer;Neon;;;;;;;;;;;TRUE;;284932
drumeo;John Mayer;Rosie;;;;;;;;;;;TRUE;;270551
drumeo;John Mayer;Your Body Is A Wonderland;;;;;;;;;;;TRUE;;279131
drumeo;John Mayer;Gravity;;;;;;;;;;;TRUE;;284930
drumeo;John Mayer;No Such Thing;;;;;;;;;;;TRUE;;264459
drumeo;John Mayer;Slow Dancing In A Burning Room;;;;;;;;;;;TRUE;;270549
drumeo;John Mayer;Vultures;;;;;;;;;;;TRUE;;279129
drumeo;John Mayer;Perfectly Lonely;;;;;;;;;;;TRUE;;270547
drumeo;John Parr;St. Elmo's Fire (Man In Motion);;;;;;;;;;;TRUE;;294526
drumeo;John Scofield;So You Say;;;;;;;;;;;TRUE;;351989
drumeo;John Scofield;Blue Matter;;;;;;;;;;;TRUE;;352741
drumeo;John Stewart;Gold;;;;;;;;;;;TRUE;;328189
drumeo;Johnny Winter;Be Careful With A Fool;;;;;;;;;;;TRUE;;291370
drumeo;Jon Pardi;Head Over Boots;;;;;;;;;;;TRUE;;291372
drumeo;Jon Pardi;Night Shift;;;;;;;;;;;TRUE;;275568
drumeo;Joni Mitchell;Two Grey Rooms;;;;;;;;;;;TRUE;;341265
drumeo;Jordan Davis;Buy Dirt;;;;;;;;;;;TRUE;;374571
drumeo;Josh Baldwin;Let The Redeemed;;;;;;;;;;;TRUE;;279137
drumeo;Journey;Any Way You Want It;;;;;;;;;;;TRUE;;260441
drumeo;Journey;Faithfully;;;;;;;;;;;TRUE;;275572
drumeo;Journey;Mother, Father;;;;;;;;;;;TRUE;;361704
drumeo;Journey;Back Talk;;;;;;;;;;;TRUE;;361713
drumeo;Journey;After All These Years;;;;;;;;;;;TRUE;;275574
drumeo;Journey;Chain Reaction;;;;;;;;;;;TRUE;;361715
drumeo;Journey;Still They Ride;;;;;;;;;;;TRUE;;361706
drumeo;Journey;Rubicon;;;;;;;;;;;TRUE;;361721
drumeo;Journey;Troubled Child;;;;;;;;;;;TRUE;;361725
drumeo;Journey;Send Her My Love;;;;;;;;;;;TRUE;;361723
drumeo;Journey;Escape;;;;;;;;;;;TRUE;;361698
drumeo;Journey;Open Arms;;;;;;;;;;;TRUE;;275570
drumeo;Journey;Dead Or Alive;;;;;;;;;;;TRUE;;361693
drumeo;Journey;Where Were You;;;;;;;;;;;TRUE;;361689
drumeo;Journey;Lights;;;;;;;;;;;TRUE;;279139
drumeo;Journey;Stone In Love;;;;;;;;;;;TRUE;;361708
drumeo;Journey;Keep On Runnin';;;;;;;;;;;TRUE;;361700
drumeo;Journey;After The Fall;;;;;;;;;;;TRUE;;361710
drumeo;Journey;Lay It Down;;;;;;;;;;;TRUE;;361702
drumeo;Journey;Lă Do Dā;;;;;;;;;;;TRUE;;361687
drumeo;Journey;Frontiers;;;;;;;;;;;TRUE;;361719
drumeo;Journey;Lovin', Touchin', Squeezin';;;;;;;;;;;TRUE;;291376
drumeo;Joy Division;Love Will Tear Us Apart;;;;;;;;;;;TRUE;;291378
drumeo;Judas Priest;The Hellion/Electric Eye;;;;;;;;;;;TRUE;;279141
drumeo;Judas Priest;Last Rose Of Summer;;;;;;;;;;;TRUE;;349725
drumeo;Judas Priest;Hell Bent For Leather;;;;;;;;;;;TRUE;;328191
drumeo;Judas Priest;Living After Midnight;;;;;;;;;;;TRUE;;264465
drumeo;Judas Priest;Dissident Aggressor;;;;;;;;;;;TRUE;;357339
drumeo;Judas Priest;Riding On The Wind;;;;;;;;;;;TRUE;;284934
drumeo;Judas Priest;Painkiller;;;;;;;;;;;TRUE;;291380
drumeo;Juice Wrld;Lucid Dreams;;;;;;;;;;;TRUE;;328193
drumeo;Justin Timberlake;I'm Lovin' It;;;;;;;;;;;TRUE;;284936
drumeo;Justin Timberlake;Suit & Tie;;;;;;;;;;;TRUE;;279143
drumeo;Jxdn;Pills;;;;;;;;;;;TRUE;;364706
drumeo;Jxdn;Lips;;;;;;;;;;;TRUE;;364695
drumeo;K'naan;Wavin' Flag;;;;;;;;;;;TRUE;;284938
drumeo;Kacey Musgraves;Space Cowboy;;;;;;;;;;;TRUE;;291384
drumeo;Kacey Musgraves;Slow Burn;;;;;;;;;;;TRUE;;291382
drumeo;Kaiser Chiefs;I Predict A Riot;;;;;;;;;;;TRUE;;305674
drumeo;Kaleo;No Good;;;;;;;;;;;TRUE;;291388
drumeo;Kansas;Point Of Know Return;;;;;;;;;;;TRUE;;264467
drumeo;Kanye West;Power;;;;;;;;;;;TRUE;;284940
drumeo;Karnivool;New Day;;;;;;;;;;;TRUE;;344733
drumeo;Katy Perry;Last Friday Night (T.G.I.F.);;;;;;;;;;;TRUE;;270553
drumeo;Katy Perry;Teenage Dream;;;;;;;;;;;TRUE;;264469
drumeo;Katy Perry;Who Am I Living For?;;;;;;;;;;;TRUE;;264471
drumeo;Keane;Somewhere Only We Know;;;;;;;;;;;TRUE;;270555
drumeo;Keane;Everybody's Changing;;;;;;;;;;;TRUE;;302647
drumeo;Keith Richards;How I Wish;;;;;;;;;;;TRUE;;291390
drumeo;Keith Urban;Somebody Like You;;;;;;;;;;;TRUE;;284944
drumeo;Kelly Clarkson;My Life Would Suck Without You;;;;;;;;;;;TRUE;;284946
drumeo;Kenny Loggins;Danger Zone;;;;;;;;;;;TRUE;;348745
drumeo;Kid Rock;All Summer Long;;;;;;;;;;;TRUE;;291392
drumeo;Kid Rock;Let's Ride;;;;;;;;;;;TRUE;;284950
drumeo;Kim Mitchell;All We Are;;;;;;;;;;;TRUE;;352707
drumeo;King Cobra;Hunger;;;;;;;;;;;TRUE;;356005
drumeo;King Crimson;Level Five;;;;;;;;;;;TRUE;;374575
drumeo;King Crimson;21st Century Schizoid Man;;;;;;;;;;;TRUE;;284952
drumeo;Kings Of Leon;Red Morning Light;;;;;;;;;;;TRUE;;291396
drumeo;Kings Of Leon;Crawl;;;;;;;;;;;TRUE;;291394
drumeo;Kirk Franklin;I Smile;;;;;;;;;;;TRUE;;264473
drumeo;Kirk Franklin;Hosanna;;;;;;;;;;;TRUE;;364708
drumeo;KISS;Rock And Roll All Nite;;;;;;;;;;;TRUE;;264477
drumeo;KISS;100,000 Years;;;;;;;;;;;TRUE;;279145
drumeo;KISS;Lick It Up;;;;;;;;;;;TRUE;;264475
drumeo;KISS;Love Gun;;;;;;;;;;;TRUE;;337411
drumeo;KISS;Heaven's On Fire;;;;;;;;;;;TRUE;;284954
drumeo;KISS;God Gave Rock And Roll To You;;;;;;;;;;;TRUE;;337413
drumeo;KISS;Room Service;;;;;;;;;;;TRUE;;284958
drumeo;KISS;Detroit Rock City;;;;;;;;;;;TRUE;;356040
drumeo;KISS;I Love It Loud;;;;;;;;;;;TRUE;;349728
drumeo;Kool & The Gang;Jungle Boogie;;;;;;;;;;;TRUE;;275576
drumeo;Kool & The Gang;Hollywood Swinging;;;;;;;;;;;TRUE;;317772
drumeo;Korn;Here To Stay;;;;;;;;;;;TRUE;;291406
drumeo;Korn;Got The Life;;;;;;;;;;;TRUE;;331189
drumeo;Korn;Coming Undone;;;;;;;;;;;TRUE;;291404
drumeo;Korn;Freak On A Leash;;;;;;;;;;;TRUE;;291402
drumeo;Korn;Hater;;;;;;;;;;;TRUE;;328195
drumeo;Kungs Vs. Cookin' On 3 Burners;This Girl;;;;;;;;;;;TRUE;;349730
drumeo;Kyuss;Hurricane;;;;;;;;;;;TRUE;;349732
drumeo;Lady Antebellum;Need You Now;;;;;;;;;;;TRUE;;284962
drumeo;Lady Gaga;Bad Romance;;;;;;;;;;;TRUE;;270561
drumeo;Lady Gaga;Poker Face;;;;;;;;;;;TRUE;;270559
drumeo;Lady Gaga;The Edge Of Glory;;;;;;;;;;;TRUE;;270557
drumeo;Lady Gaga And Bradley Cooper;Shallow;;;;;;;;;;;TRUE;;374578
drumeo;Lake Street Dive;I Don’t Care About You;;;;;;;;;;;TRUE;;374580
drumeo;Lamb Of God;Redneck;;;;;;;;;;;TRUE;;279151
drumeo;Lamb Of God;Ashes Of The Wake;;;;;;;;;;;TRUE;;279149
drumeo;Lamb Of God;Laid To Rest;;;;;;;;;;;TRUE;;284964
drumeo;Lamb Of God;Pathetic;;;;;;;;;;;TRUE;;284966
drumeo;Lauren Daigle;Everything;;;;;;;;;;;TRUE;;291408
drumeo;Lauren Daigle;You Say;;;;;;;;;;;TRUE;;291414
drumeo;Lauren Daigle;Love Like This;;;;;;;;;;;TRUE;;291412
drumeo;Lauren Daigle;Look Up Child;;;;;;;;;;;TRUE;;291410
drumeo;Lauren Daigle;Your Wings;;;;;;;;;;;TRUE;;291416
drumeo;LCD Soundsystem;Dance Yrself Clean;;;;;;;;;;;TRUE;;364710
drumeo;Led Zeppelin;Ozone Baby;;;;;;;;;;;TRUE;;327462
drumeo;Led Zeppelin;Rock And Roll;;;;;;;;;;;TRUE;;301985
drumeo;Led Zeppelin;I Can't Quit You Baby;;;;;;;;;;;TRUE;;301948
drumeo;Led Zeppelin;How Many More Times;;;;;;;;;;;TRUE;;301945
drumeo;Led Zeppelin;Four Sticks;;;;;;;;;;;TRUE;;301979
drumeo;Led Zeppelin;Celebration Day;;;;;;;;;;;TRUE;;301972
drumeo;Led Zeppelin;Ten Years Gone;;;;;;;;;;;TRUE;;284976
drumeo;Led Zeppelin;The Lemon Song;;;;;;;;;;;TRUE;;301962
drumeo;Led Zeppelin;South Bound Suarez;;;;;;;;;;;TRUE;;327488
drumeo;Led Zeppelin;Communication Breakdown;;;;;;;;;;;TRUE;;270569
drumeo;Led Zeppelin;When The Levee Breaks;;;;;;;;;;;TRUE;;284968
drumeo;Led Zeppelin;Dancing Days;;;;;;;;;;;TRUE;;301935
drumeo;Led Zeppelin;Dazed And Confused;;;;;;;;;;;TRUE;;301943
drumeo;Led Zeppelin;Bring It On Home;;;;;;;;;;;TRUE;;301954
drumeo;Led Zeppelin;Poor Tom;;;;;;;;;;;TRUE;;327466
drumeo;Led Zeppelin;Gallows Pole;;;;;;;;;;;TRUE;;301975
drumeo;Led Zeppelin;You Shook Me;;;;;;;;;;;TRUE;;301950
drumeo;Led Zeppelin;Whole Lotta Love;;;;;;;;;;;TRUE;;301967
drumeo;Led Zeppelin;Babe I'm Gonna Leave You;;;;;;;;;;;TRUE;;270567
drumeo;Led Zeppelin;Tea For One;;;;;;;;;;;TRUE;;327506
drumeo;Led Zeppelin;Houses Of The Holy;;;;;;;;;;;TRUE;;284972
drumeo;Led Zeppelin;Wearing And Tearing;;;;;;;;;;;TRUE;;327470
drumeo;Led Zeppelin;Out On The Tiles;;;;;;;;;;;TRUE;;301977
drumeo;Led Zeppelin;For Your Life;;;;;;;;;;;TRUE;;327497
drumeo;Led Zeppelin;The Rover;;;;;;;;;;;TRUE;;284978
drumeo;Led Zeppelin;Thank You;;;;;;;;;;;TRUE;;301960
drumeo;Led Zeppelin;Since I've Been Loving You;;;;;;;;;;;TRUE;;301981
drumeo;Led Zeppelin;Hot Dog;;;;;;;;;;;TRUE;;327479
drumeo;Led Zeppelin;What Is And What Should Never Be;;;;;;;;;;;TRUE;;301964
drumeo;Led Zeppelin;Trampled Under Foot;;;;;;;;;;;TRUE;;302000
drumeo;Led Zeppelin;The Wanton Song;;;;;;;;;;;TRUE;;279159
drumeo;Led Zeppelin;Achilles Last Stand;;;;;;;;;;;TRUE;;327491
drumeo;Led Zeppelin;Nobody's Fault But Mine;;;;;;;;;;;TRUE;;327500
drumeo;Led Zeppelin;Carouselambra;;;;;;;;;;;TRUE;;327476
drumeo;Led Zeppelin;Royal Orleans;;;;;;;;;;;TRUE;;327504
drumeo;Led Zeppelin;Hots On For Nowhere;;;;;;;;;;;TRUE;;327502
drumeo;Led Zeppelin;Misty Mountain Hop;;;;;;;;;;;TRUE;;270573
drumeo;Led Zeppelin;No Quarter;;;;;;;;;;;TRUE;;301937
drumeo;Led Zeppelin;Night Flight;;;;;;;;;;;TRUE;;301995
drumeo;Led Zeppelin;Heartbreaker;;;;;;;;;;;TRUE;;275580
drumeo;Led Zeppelin;Stairway To Heaven;;;;;;;;;;;TRUE;;279157
drumeo;Led Zeppelin;Moby Dick;;;;;;;;;;;TRUE;;301956
drumeo;Led Zeppelin;The Rain Song;;;;;;;;;;;TRUE;;301939
drumeo;Led Zeppelin;Ramble On;;;;;;;;;;;TRUE;;301958
drumeo;Led Zeppelin;Your Time Is Gonna Come;;;;;;;;;;;TRUE;;301952
drumeo;Led Zeppelin;The Crunge;;;;;;;;;;;TRUE;;279153
drumeo;Led Zeppelin;Fool In The Rain;;;;;;;;;;;TRUE;;275578
drumeo;Led Zeppelin;In The Light;;;;;;;;;;;TRUE;;301993
drumeo;Led Zeppelin;Tangerine;;;;;;;;;;;TRUE;;279155
drumeo;Led Zeppelin;Living Loving Maid (She's Just A Woman);;;;;;;;;;;TRUE;;270571
drumeo;Led Zeppelin;The Song Remains The Same;;;;;;;;;;;TRUE;;301941
drumeo;Led Zeppelin;Over The Hills And Far Away;;;;;;;;;;;TRUE;;270565
drumeo;Led Zeppelin;Walter's Walk;;;;;;;;;;;TRUE;;327464
drumeo;Led Zeppelin;All My Love;;;;;;;;;;;TRUE;;327472
drumeo;Led Zeppelin;We're Gonna Groove;;;;;;;;;;;TRUE;;327468
drumeo;Leeland;Lion And The Lamb;;;;;;;;;;;TRUE;;279161
drumeo;Leeland;Way Maker;;;;;;;;;;;TRUE;;275584
drumeo;Lenny Kravitz;Low;;;;;;;;;;;TRUE;;284982
drumeo;Lenny Kravitz;Let Love Rule;;;;;;;;;;;TRUE;;284980
drumeo;Leprous;The Price;;;;;;;;;;;TRUE;;284984
drumeo;Lianne La Havas;Don't Wake Me Up;;;;;;;;;;;TRUE;;284986
drumeo;Limp Bizkit;Rollin' (Air Raid Vehicle);;;;;;;;;;;TRUE;;373823
drumeo;Limp Bizkit;Take A Look Around;;;;;;;;;;;TRUE;;294528
drumeo;Lin-Manuel Miranda;Wait For It;;;;;;;;;;;TRUE;;313356
drumeo;Lin-Manuel Miranda;The Election Of 1800;;;;;;;;;;;TRUE;;313347
drumeo;Lin-Manuel Miranda;One Last Time;;;;;;;;;;;TRUE;;313342
drumeo;Lin-Manuel Miranda;The Schuyler Sisters;;;;;;;;;;;TRUE;;313351
drumeo;Lin-Manuel Miranda;Non-Stop;;;;;;;;;;;TRUE;;313339
drumeo;Lin-Manuel Miranda;Alexander Hamilton;;;;;;;;;;;TRUE;;313329
drumeo;Lin-Manuel Miranda;My Shot;;;;;;;;;;;TRUE;;313337
drumeo;Lin-Manuel Miranda;Yorktown (The World Turned Upside Down);;;;;;;;;;;TRUE;;313358
drumeo;Lin-Manuel Miranda;The Room Where It Happens;;;;;;;;;;;TRUE;;313349
drumeo;Lin-Manuel Miranda;Guns And Ships;;;;;;;;;;;TRUE;;313335
drumeo;Lin-Manuel Miranda;Right Hand Man;;;;;;;;;;;TRUE;;313345
drumeo;Lin-Manuel Miranda;The World Was Wide Enough;;;;;;;;;;;TRUE;;313353
drumeo;Lincoln Brewster;Let The Praises Ring;;;;;;;;;;;TRUE;;275586
drumeo;Lincoln Brewster;Today Is The Day;;;;;;;;;;;TRUE;;270575
drumeo;Lincoln Brewster;Reaching For You;;;;;;;;;;;TRUE;;275588
drumeo;Linda Ronstadt;You're No Good;;;;;;;;;;;TRUE;;373373
drumeo;Linkin Park;New Divide;;;;;;;;;;;TRUE;;349735
drumeo;Linkin Park;Numb;;;;;;;;;;;TRUE;;279163
drumeo;Linkin Park;Faint;;;;;;;;;;;TRUE;;356042
drumeo;Linkin Park;One Step Closer;;;;;;;;;;;TRUE;;291420
drumeo;Linkin Park;What I've Done;;;;;;;;;;;TRUE;;279165
drumeo;Lionel Richie;Hello;;;;;;;;;;;TRUE;;279167
drumeo;Lionel Richie;All Night Long (All Night);;;;;;;;;;;TRUE;;275590
drumeo;Lipps Inc.;Funkytown;;;;;;;;;;;TRUE;;317774
drumeo;Liquid Tension Experiment;When The Water Breaks;;;;;;;;;;;TRUE;;264479
drumeo;Lit;My Own Worst Enemy;;;;;;;;;;;TRUE;;352709
drumeo;Live;I Alone;;;;;;;;;;;TRUE;;365659
drumeo;Live;Pain Lies On The Riverside;;;;;;;;;;;TRUE;;374584
drumeo;Live;White, Discussion;;;;;;;;;;;TRUE;;328199
drumeo;Live;Selling The Drama;;;;;;;;;;;TRUE;;294530
drumeo;Live;Waitress;;;;;;;;;;;TRUE;;328197
drumeo;Living Colour;Love Rears Its Ugly Head;;;;;;;;;;;TRUE;;352711
drumeo;Lord Huron;Meet Me In The Woods;;;;;;;;;;;TRUE;;374586
drumeo;Lost Frequencies;Love To Go;;;;;;;;;;;TRUE;;291422
drumeo;Louie Bellson;Skin Deep;;;;;;;;;;;TRUE;;305676
drumeo;Louie Bellson;The Intimacy Of The Blues;;;;;;;;;;;TRUE;;346210
drumeo;Louis Armstrong & Duke Ellington;It Don't Mean A Thing (If It Ain't Got That Swing);;;;;;;;;;;TRUE;;346213
drumeo;Louis Jordan And His Tympany Five;Saturday Night Fish Fry;;;;;;;;;;;TRUE;;291424
drumeo;Louis Prima;(I'll Be Glad When You're Dead) You Rascal You;;;;;;;;;;;TRUE;;291426
drumeo;Loverboy;Working For The Weekend;;;;;;;;;;;TRUE;;264481
drumeo;Lucifer’s Friend;Any Day Now;;;;;;;;;;;TRUE;;374588
drumeo;Luke Combs;She Got The Best Of Me;;;;;;;;;;;TRUE;;270577
drumeo;Luke Combs;Forever After All;;;;;;;;;;;TRUE;;328201
drumeo;Luke Combs;Beautiful Crazy;;;;;;;;;;;TRUE;;264483
drumeo;Luke Combs;When It Rains It Pours;;;;;;;;;;;TRUE;;284994
drumeo;Lynyrd Skynyrd;Simple Man;;;;;;;;;;;TRUE;;326660
drumeo;Lynyrd Skynyrd;What's Your Name;;;;;;;;;;;TRUE;;284998
drumeo;Lynyrd Skynyrd;Saturday Night Special;;;;;;;;;;;TRUE;;284996
drumeo;Lynyrd Skynyrd;Free Bird;;;;;;;;;;;TRUE;;314521
drumeo;M People;Moving On Up;;;;;;;;;;;TRUE;;291428
drumeo;Machine Gun Kelly;Forget Me Too;;;;;;;;;;;TRUE;;291434
drumeo;Machine Gun Kelly;My Ex's Best Friend;;;;;;;;;;;TRUE;;291436
drumeo;Machine Gun Kelly;Bloody Valentine;;;;;;;;;;;TRUE;;291430
drumeo;Macklemore & Ryan Lewis;Same Love;;;;;;;;;;;TRUE;;291440
drumeo;Macklemore & Ryan Lewis;Thrift Shop;;;;;;;;;;;TRUE;;291442
drumeo;Macy Gray;I Try;;;;;;;;;;;TRUE;;364712
drumeo;Maddie & Tae;Shut Up And Fish;;;;;;;;;;;TRUE;;291444
drumeo;Madness;Night Boat To Cairo;;;;;;;;;;;TRUE;;291446
drumeo;Madness;One Step Beyond;;;;;;;;;;;TRUE;;371148
drumeo;Madonna;Like A Virgin;;;;;;;;;;;TRUE;;279169
drumeo;Madonna;Hung Up;;;;;;;;;;;TRUE;;373486
drumeo;Make Them Suffer;Let Me In;;;;;;;;;;;TRUE;;291452
drumeo;Make Them Suffer;Soul Decay;;;;;;;;;;;TRUE;;291450
drumeo;Make Them Suffer;Drown With Me;;;;;;;;;;;TRUE;;291448
drumeo;Manchester Orchestra;The Moth;;;;;;;;;;;TRUE;;328203
drumeo;Måneskin;Beggin';;;;;;;;;;;TRUE;;328206
drumeo;Manowar;Thor (The Powerhead);;;;;;;;;;;TRUE;;364714
drumeo;Mariah Carey;All I Want For Christmas Is You;;;;;;;;;;;TRUE;;291454
drumeo;Marilyn Manson;The Beautiful People;;;;;;;;;;;TRUE;;285000
drumeo;Marilyn Manson;Sweet Dreams (Are Made Of This);;;;;;;;;;;TRUE;;291456
drumeo;Mark Ronson & Amy Winehouse;Valerie;;;;;;;;;;;TRUE;;264485
drumeo;Maroon 5;Sunday Morning;;;;;;;;;;;TRUE;;352715
drumeo;Maroon 5;Makes Me Wonder;;;;;;;;;;;TRUE;;264487
drumeo;Maroon 5;Moves Like Jagger;;;;;;;;;;;TRUE;;291458
drumeo;Maroon 5;She Will Be Loved;;;;;;;;;;;TRUE;;373825
drumeo;Marvin Gaye;What's Going On;;;;;;;;;;;TRUE;;331193
drumeo;Marvin Gaye;Let's Get It On;;;;;;;;;;;TRUE;;264489
drumeo;Marvin Gaye;That's The Way Love Is;;;;;;;;;;;TRUE;;285006
drumeo;Marvin Gaye;I Heard It Through The Grapevine;;;;;;;;;;;TRUE;;285002
drumeo;Marvin Gaye & Tammi Terrell;Ain't No Mountain High Enough;;;;;;;;;;;TRUE;;275594
drumeo;Mastodon;Colony Of Birchmen;;;;;;;;;;;TRUE;;364716
drumeo;Mastodon;Steambreather;;;;;;;;;;;TRUE;;364718
drumeo;Matchbox Twenty;3:00 AM;;;;;;;;;;;TRUE;;264491
drumeo;Matchbox Twenty;Unwell;;;;;;;;;;;TRUE;;285008
drumeo;Matt Maher;Lord, I Need You;;;;;;;;;;;TRUE;;279173
drumeo;Max Roach;Driva' Man;;;;;;;;;;;TRUE;;275598
drumeo;Max Roach;The Drum Also Waltzes;;;;;;;;;;;TRUE;;270579
drumeo;Max Roach;For Big Sid;;;;;;;;;;;TRUE;;275596
drumeo;Maynard Ferguson;Gonna Fly Now;;;;;;;;;;;TRUE;;275600
drumeo;MC Hammer;U Can't Touch This;;;;;;;;;;;TRUE;;270581
drumeo;McCoy Tyner;Effendi;;;;;;;;;;;TRUE;;279175
drumeo;Meat Loaf;I'd Do Anything For Love (But I Won't Do That);;;;;;;;;;;TRUE;;322462
drumeo;Meat Loaf;Paradise By The Dashboard Light;;;;;;;;;;;TRUE;;348743
drumeo;Meat Puppets;Backwater;;;;;;;;;;;TRUE;;364720
drumeo;Megadeth;Peace Sells;;;;;;;;;;;TRUE;;337417
drumeo;Megadeth;Holy Wars...The Punishment Due;;;;;;;;;;;TRUE;;305678
drumeo;Megadeth;Kill The King;;;;;;;;;;;TRUE;;328212
drumeo;Megadeth;Train Of Consequences;;;;;;;;;;;TRUE;;285012
drumeo;Megadeth;Sweating Bullets;;;;;;;;;;;TRUE;;270583
drumeo;Megadeth;Foreclosure Of A Dream;;;;;;;;;;;TRUE;;285010
drumeo;Megadeth;Hangar 18;;;;;;;;;;;TRUE;;275602
drumeo;Megadeth;A Tout Le Monde;;;;;;;;;;;TRUE;;279179
drumeo;Megadeth;Kick The Chair;;;;;;;;;;;TRUE;;341267
drumeo;Megadeth;Trust;;;;;;;;;;;TRUE;;279177
drumeo;Men At Work;Down Under;;;;;;;;;;;TRUE;;270585
drumeo;Men Without Hats;The Safety Dance;;;;;;;;;;;TRUE;;291460
drumeo;MercyMe;Flawless;;;;;;;;;;;TRUE;;315925
drumeo;MercyMe;Best News Ever;;;;;;;;;;;TRUE;;279181
drumeo;MercyMe;I Can Only Imagine;;;;;;;;;;;TRUE;;275604
drumeo;Meshuggah;Combustion;;;;;;;;;;;TRUE;;291464
drumeo;Meshuggah;New Millenium Cyanide Christ;;;;;;;;;;;TRUE;;264493
drumeo;Meshuggah;Stengah;;;;;;;;;;;TRUE;;291462
drumeo;Meshuggah;Do Not Look Down;;;;;;;;;;;TRUE;;275608
drumeo;Meshuggah;Future Breed Machine;;;;;;;;;;;TRUE;;275606
drumeo;Meshuggah;Rational Gaze;;;;;;;;;;;TRUE;;275610
drumeo;Metallica;Thorn Within;;;;;;;;;;;TRUE;;333493
drumeo;Metallica;The Shortest Straw;;;;;;;;;;;TRUE;;333472
drumeo;Metallica;Hero Of The Day;;;;;;;;;;;TRUE;;349737
drumeo;Metallica;Welcome Home (Sanitarium);;;;;;;;;;;TRUE;;333503
drumeo;Metallica;Holier Than Thou;;;;;;;;;;;TRUE;;333509
drumeo;Metallica;Whiskey In The Jar;;;;;;;;;;;TRUE;;322466
drumeo;Metallica;My Friend Of Misery;;;;;;;;;;;TRUE;;356044
drumeo;Metallica;The Frayed Ends Of Sanity;;;;;;;;;;;TRUE;;372930
drumeo;Metallica;The Memory Remains;;;;;;;;;;;TRUE;;331196
drumeo;Metallica;To Live Is To Die;;;;;;;;;;;TRUE;;285014
drumeo;Metallica;Cyanide;;;;;;;;;;;TRUE;;333474
drumeo;Metallica;Hit The Lights;;;;;;;;;;;TRUE;;333484
drumeo;Metallica;Wherever I May Roam;;;;;;;;;;;TRUE;;314523
drumeo;Metallica;The Day That Never Comes;;;;;;;;;;;TRUE;;285016
drumeo;Metallica;Frantic;;;;;;;;;;;TRUE;;333527
drumeo;Metallica;The Unforgiven III;;;;;;;;;;;TRUE;;279187
drumeo;Metallica;Leper Messiah;;;;;;;;;;;TRUE;;279183
drumeo;Metallica;Eye Of The Beholder;;;;;;;;;;;TRUE;;333468
drumeo;Metallica;Ride The Lightning;;;;;;;;;;;TRUE;;322463
drumeo;Metallica;The Struggle Within;;;;;;;;;;;TRUE;;333514
drumeo;Metallica;For Whom The Bell Tolls;;;;;;;;;;;TRUE;;260486
drumeo;Metallica;The Four Horsemen;;;;;;;;;;;TRUE;;275612
drumeo;Metallica;Harvester Of Sorrow;;;;;;;;;;;TRUE;;333470
drumeo;Metallica;The Thing That Should Not Be;;;;;;;;;;;TRUE;;333505
drumeo;Metallica;The God That Failed;;;;;;;;;;;TRUE;;333516
drumeo;Metallica;The Unforgiven II;;;;;;;;;;;TRUE;;285024
drumeo;Metallica;Wasting My Hate;;;;;;;;;;;TRUE;;333495
drumeo;Metallica;Battery;;;;;;;;;;;TRUE;;333497
drumeo;Metallica;Ain't My Bitch;;;;;;;;;;;TRUE;;333486
drumeo;Metallica;King Nothing;;;;;;;;;;;TRUE;;333488
drumeo;Metallica;Fuel;;;;;;;;;;;TRUE;;326665
drumeo;Metallica;Fixxxer;;;;;;;;;;;TRUE;;333520
drumeo;Metallica;Don't Tread On Me;;;;;;;;;;;TRUE;;333507
drumeo;Metallica;Disposable Heroes;;;;;;;;;;;TRUE;;333501
drumeo;Metallica;Mama Said;;;;;;;;;;;TRUE;;333490
drumeo;Metallica;Of Wolf And Man;;;;;;;;;;;TRUE;;333511
drumeo;Metallica;Orion;;;;;;;;;;;TRUE;;279185
drumeo;Metallica;Fight Fire With Fire;;;;;;;;;;;TRUE;;333522
drumeo;Metallica;Seek & Destroy;;;;;;;;;;;TRUE;;326663
drumeo;Metallica;Master Of Puppets;;;;;;;;;;;TRUE;;25335
drumeo;Metallica;Dyers Eve;;;;;;;;;;;TRUE;;333466
drumeo;Metallica;The Call Of Ktulu;;;;;;;;;;;TRUE;;333524
drumeo;Metallica;St. Anger;;;;;;;;;;;TRUE;;349739
drumeo;Metallica;The Unforgiven;;;;;;;;;;;TRUE;;285022
drumeo;Metallica;Sad But True;;;;;;;;;;;TRUE;;275614
drumeo;Metallica;Hardwired;;;;;;;;;;;TRUE;;333480
drumeo;Metallica;Moth Into Flame;;;;;;;;;;;TRUE;;302652
drumeo;Metallica;Halo On Fire;;;;;;;;;;;TRUE;;333478
drumeo;Metallica;Turn The Page;;;;;;;;;;;TRUE;;333476
drumeo;Metallica;Damage, Inc.;;;;;;;;;;;TRUE;;333499
drumeo;Metallica;Creeping Death;;;;;;;;;;;TRUE;;299086
drumeo;Metallica;Until It Sleeps;;;;;;;;;;;TRUE;;285020
drumeo;Metallica;Through The Never;;;;;;;;;;;TRUE;;333518
drumeo;mewithoutYou;Wolf Am I! (And Shadow);;;;;;;;;;;TRUE;;364724
drumeo;Michael Jackson;Remember The Time;;;;;;;;;;;TRUE;;315981
drumeo;Michael Jackson;Get On The Floor;;;;;;;;;;;TRUE;;315997
drumeo;Michael Jackson;Burn This Disco Out;;;;;;;;;;;TRUE;;315993
drumeo;Michael Jackson;Man In The Mirror;;;;;;;;;;;TRUE;;315961
drumeo;Michael Jackson;The Lady In My Life;;;;;;;;;;;TRUE;;285030
drumeo;Michael Jackson;P.Y.T. (Pretty Young Thing);;;;;;;;;;;TRUE;;270593
drumeo;Michael Jackson;Why You Wanna Trip On Me;;;;;;;;;;;TRUE;;315987
drumeo;Michael Jackson;She Drives Me Wild;;;;;;;;;;;TRUE;;315983
drumeo;Michael Jackson;Just Good Friends;;;;;;;;;;;TRUE;;315955
drumeo;Michael Jackson;Another Part Of Me;;;;;;;;;;;TRUE;;315951
drumeo;Michael Jackson;Can't Let Her Get Away;;;;;;;;;;;TRUE;;315969
drumeo;Michael Jackson;In The Closet;;;;;;;;;;;TRUE;;315977
drumeo;Michael Jackson;They Don't Care About Us;;;;;;;;;;;TRUE;;315991
drumeo;Michael Jackson;I Just Can't Stop Loving You;;;;;;;;;;;TRUE;;315953
drumeo;Michael Jackson;Smooth Criminal;;;;;;;;;;;TRUE;;315963
drumeo;Michael Jackson;Working Day And Night;;;;;;;;;;;TRUE;;316009
drumeo;Michael Jackson;The Way You Make Me Feel;;;;;;;;;;;TRUE;;315967
drumeo;Michael Jackson;Wanna Be Startin' Somethin';;;;;;;;;;;TRUE;;316013
drumeo;Michael Jackson;It's The Falling In Love;;;;;;;;;;;TRUE;;316003
drumeo;Michael Jackson;Heal The World;;;;;;;;;;;TRUE;;315975
drumeo;Michael Jackson;Leave Me Alone;;;;;;;;;;;TRUE;;315957
drumeo;Michael Jackson;Who Is it;;;;;;;;;;;TRUE;;315985
drumeo;Michael Jackson;Liberian Girl;;;;;;;;;;;TRUE;;315959
drumeo;Michael Jackson;Keep The Faith;;;;;;;;;;;TRUE;;315979
drumeo;Michael Jackson;Speed Demon;;;;;;;;;;;TRUE;;315965
drumeo;Michael Jackson;The Girl Is Mine;;;;;;;;;;;TRUE;;264495
drumeo;Michael Jackson;I Can't Help It;;;;;;;;;;;TRUE;;316001
drumeo;Michael Jackson;Girlfriend;;;;;;;;;;;TRUE;;315999
drumeo;Michael Jackson;Earth Song;;;;;;;;;;;TRUE;;270591
drumeo;Michael Jackson;Off The Wall;;;;;;;;;;;TRUE;;316005
drumeo;Michael Jackson;Baby Be Mine;;;;;;;;;;;TRUE;;316011
drumeo;Michael Jackson;Rock With You;;;;;;;;;;;TRUE;;316007
drumeo;Michael Jackson;Jam;;;;;;;;;;;TRUE;;279191
drumeo;Michael Jackson;Human Nature;;;;;;;;;;;TRUE;;279193
drumeo;Michael McDonald;I Keep Forgettin';;;;;;;;;;;TRUE;;295202
drumeo;Michael Schenker Group;Victim Of Illusion;;;;;;;;;;;TRUE;;357342
drumeo;Miles Davis;Stuff;;;;;;;;;;;TRUE;;270595
drumeo;Miles Davis;Petits Machins;;;;;;;;;;;TRUE;;285032
drumeo;Miles Davis;Pinocchio;;;;;;;;;;;TRUE;;270601
drumeo;Miles Davis;Tutu;;;;;;;;;;;TRUE;;270603
drumeo;Miles Davis;Freedom Jazz Dance;;;;;;;;;;;TRUE;;270597
drumeo;Miles Davis;I Could Write A Book;;;;;;;;;;;TRUE;;275618
drumeo;Miles Davis;Straight, No Chaser;;;;;;;;;;;TRUE;;275616
drumeo;Miles Davis;So What;;;;;;;;;;;TRUE;;346215
drumeo;Miles Davis;Milestones;;;;;;;;;;;TRUE;;270599
drumeo;Miley Cyrus;Party In The U.S.A.;;;;;;;;;;;TRUE;;275620
drumeo;Millencolin;Penguins & Polarbears;;;;;;;;;;;TRUE;;364728
drumeo;Misfits;Dig Up Her Bones;;;;;;;;;;;TRUE;;291468
drumeo;Misfits;Last Caress;;;;;;;;;;;TRUE;;291470
drumeo;Misfits;Hybrid Moments;;;;;;;;;;;TRUE;;291472
drumeo;Modest Mouse;Float On;;;;;;;;;;;TRUE;;331201
drumeo;Monster Truck;Don’t Tell Me How To Live;;;;;;;;;;;TRUE;;374590
drumeo;Mosaic MSC;Unknown;;;;;;;;;;;TRUE;;315927
drumeo;Mötley Crüe;Looks That Kill;;;;;;;;;;;TRUE;;373832
drumeo;Mötley Crüe;Live Wire;;;;;;;;;;;TRUE;;373375
drumeo;Mötley Crüe;Take Me To The Top;;;;;;;;;;;TRUE;;373834
drumeo;Mötley Crüe;Same Ol' Situation (S.O.S.);;;;;;;;;;;TRUE;;373827
drumeo;Mötley Crüe;Girls, Girls, Girls;;;;;;;;;;;TRUE;;373829
drumeo;Mötley Crüe;Kickstart My Heart;;;;;;;;;;;TRUE;;299088
drumeo;Mötley Crüe;Red Hot;;;;;;;;;;;TRUE;;275622
drumeo;Mötley Crüe;Wild Side;;;;;;;;;;;TRUE;;305680
drumeo;Mötley Crüe;Saints Of Los Angeles;;;;;;;;;;;TRUE;;291476
drumeo;Mötley Crüe;Too Young To Fall In Love;;;;;;;;;;;TRUE;;285034
drumeo;Motörhead;Ace Of Spades;;;;;;;;;;;TRUE;;302654
drumeo;Mountain;Mississippi Queen;;;;;;;;;;;TRUE;;264497
drumeo;Movements;Daylily;;;;;;;;;;;TRUE;;349741
drumeo;Mr. Big;Take Cover;;;;;;;;;;;TRUE;;291480
drumeo;Muddy Waters;Mannish Boy;;;;;;;;;;;TRUE;;270605
drumeo;Muddy Waters;Trouble No More;;;;;;;;;;;TRUE;;279195
drumeo;Muse;Supremacy;;;;;;;;;;;TRUE;;264505
drumeo;Muse;Plug In Baby;;;;;;;;;;;TRUE;;352717
drumeo;Muse;Animals;;;;;;;;;;;TRUE;;279197
drumeo;Muse;Time Is Running Out;;;;;;;;;;;TRUE;;331204
drumeo;Muse;Assassin;;;;;;;;;;;TRUE;;270607
drumeo;Mutemath;Hit Parade;;;;;;;;;;;TRUE;;275626
drumeo;Mutemath;Chaos;;;;;;;;;;;TRUE;;275624
drumeo;My Chemical Romance;Welcome To The Black Parade;;;;;;;;;;;TRUE;;275630
drumeo;My Chemical Romance;Disenchanted;;;;;;;;;;;TRUE;;264507
drumeo;My Chemical Romance;I Don't Love You;;;;;;;;;;;TRUE;;275628
drumeo;N.W.A.;Straight Outta Compton;;;;;;;;;;;TRUE;;270611
drumeo;Nazareth;Love Hurts;;;;;;;;;;;TRUE;;275632
drumeo;Neil Young;Rockin' In The Free World;;;;;;;;;;;TRUE;;337421
drumeo;Neon Trees;Everybody Talks;;;;;;;;;;;TRUE;;291482
drumeo;New Found Glory;My Friends Over You;;;;;;;;;;;TRUE;;275634
drumeo;New Found Glory;Truth Of My Youth;;;;;;;;;;;TRUE;;364732
drumeo;New Order;True Faith;;;;;;;;;;;TRUE;;349744
drumeo;Niacin;Things Ain't Like They Used To Be;;;;;;;;;;;TRUE;;352743
drumeo;Nickelback;Burn It To The Ground;;;;;;;;;;;TRUE;;373836
drumeo;Nickelback;Gotta Be Somebody;;;;;;;;;;;TRUE;;270613
drumeo;Nickelback;Someday;;;;;;;;;;;TRUE;;285040
drumeo;Nickelback;Photograph;;;;;;;;;;;TRUE;;285038
drumeo;Nickelback;Rockstar;;;;;;;;;;;TRUE;;279199
drumeo;Night Ranger;Sister Christian;;;;;;;;;;;TRUE;;275636
drumeo;Nine Inch Nails;Every Day Is Exactly The Same;;;;;;;;;;;TRUE;;344735
drumeo;Nine Inch Nails;Last;;;;;;;;;;;TRUE;;279201
drumeo;Nine Inch Nails;The Hand That Feeds;;;;;;;;;;;TRUE;;275644
drumeo;Nine Inch Nails;Closer;;;;;;;;;;;TRUE;;275642
drumeo;Nirvana;Very Ape;;;;;;;;;;;TRUE;;317818
drumeo;Nirvana;Lounge Act;;;;;;;;;;;TRUE;;270615
drumeo;Nirvana;Serve The Servants;;;;;;;;;;;TRUE;;317812
drumeo;Nirvana;Milk It;;;;;;;;;;;TRUE;;317799
drumeo;Nirvana;Pennyroyal Tea;;;;;;;;;;;TRUE;;317801
drumeo;Nirvana;Territorial Pissings;;;;;;;;;;;TRUE;;317827
drumeo;Nirvana;Drain You;;;;;;;;;;;TRUE;;279203
drumeo;Nirvana;Rape Me;;;;;;;;;;;TRUE;;317808
drumeo;Nirvana;Dumb;;;;;;;;;;;TRUE;;317794
drumeo;Nirvana;Breed;;;;;;;;;;;TRUE;;275648
drumeo;Nirvana;Something In The Way;;;;;;;;;;;TRUE;;275650
drumeo;Nirvana;Tourette's;;;;;;;;;;;TRUE;;317815
drumeo;Nirvana;Frances Farmer Will Have Her Revenge On Seattle;;;;;;;;;;;TRUE;;317796
drumeo;Nirvana;The Man Who Sold The World;;;;;;;;;;;TRUE;;359999
drumeo;Nirvana;Polly;;;;;;;;;;;TRUE;;264515
drumeo;Nirvana;Stay Away;;;;;;;;;;;TRUE;;317824
drumeo;Nirvana;Smells Like Teen Spirit;;;;;;;;;;;TRUE;;13595
drumeo;Nirvana;All Apologies;;;;;;;;;;;TRUE;;275646
drumeo;Nirvana;Scentless Apprentice;;;;;;;;;;;TRUE;;317810
drumeo;Nirvana;Radio Friendly Unit Shifter;;;;;;;;;;;TRUE;;317803
drumeo;Nirvana;Lithium;;;;;;;;;;;TRUE;;264513
drumeo;Nirvana;Come As You Are;;;;;;;;;;;TRUE;;264509
drumeo;Nirvana;On A Plain;;;;;;;;;;;TRUE;;317822
drumeo;Nirvana;Heart-Shaped Box;;;;;;;;;;;TRUE;;264511
drumeo;No Doubt;Hella Good;;;;;;;;;;;TRUE;;371405
drumeo;No Doubt;Just A Girl;;;;;;;;;;;TRUE;;264517
drumeo;Norah Jones;Flame Twin;;;;;;;;;;;TRUE;;279207
drumeo;Norah Jones;Turn Me On;;;;;;;;;;;TRUE;;279205
drumeo;Norah Jones;Hurts To Be Alone;;;;;;;;;;;TRUE;;291484
drumeo;Norah Jones;Just A Little Bit;;;;;;;;;;;TRUE;;285042
drumeo;Norah Jones;Begin Again;;;;;;;;;;;TRUE;;275652
drumeo;North Point Worship;Death Was Arrested;;;;;;;;;;;TRUE;;315929
drumeo;Northlane;Soma;;;;;;;;;;;TRUE;;275656
drumeo;Northlane;Rot;;;;;;;;;;;TRUE;;275654
drumeo;Nothing But Thieves;Amsterdam;;;;;;;;;;;TRUE;;291486
drumeo;Oasis;Champagne Supernova;;;;;;;;;;;TRUE;;356046
drumeo;Oasis;Don't Look Back In Anger;;;;;;;;;;;TRUE;;270617
drumeo;Oasis;Wonderwall;;;;;;;;;;;TRUE;;260526
drumeo;Oasis;Supersonic;;;;;;;;;;;TRUE;;344737
drumeo;Oceans Ate Alaska;Hansha;;;;;;;;;;;TRUE;;328217
drumeo;Of Monsters And Men;Little Talks;;;;;;;;;;;TRUE;;360001
drumeo;Oh, Sleeper;Fissure;;;;;;;;;;;TRUE;;374592
drumeo;Ohio Players;Love Rollercoaster;;;;;;;;;;;TRUE;;317778
drumeo;Ohio Players;Fire;;;;;;;;;;;TRUE;;317776
drumeo;Oingo Boingo;Just Another Day;;;;;;;;;;;TRUE;;328219
drumeo;Oingo Boingo;Weird Science;;;;;;;;;;;TRUE;;344740
drumeo;OK Go;Here It Goes Again;;;;;;;;;;;TRUE;;322469
drumeo;Old Dominion;One Man Band;;;;;;;;;;;TRUE;;291488
drumeo;Olivia Rodrigo;Drivers License;;;;;;;;;;;TRUE;;356083
drumeo;OneRepublic;Love Runs Out;;;;;;;;;;;TRUE;;374594
drumeo;OneRepublic;Apologize;;;;;;;;;;;TRUE;;279209
drumeo;OneRepublic;Counting Stars;;;;;;;;;;;TRUE;;270619
drumeo;Opus;Live Is Life;;;;;;;;;;;TRUE;;349747
drumeo;Oscar Peterson;The Girl From Ipanema;;;;;;;;;;;TRUE;;275658
drumeo;Otis Redding;Down In The Valley;;;;;;;;;;;TRUE;;362443
drumeo;Our Last Night;Lost;;;;;;;;;;;TRUE;;279211
drumeo;OutKast;Hey Ya!;;;;;;;;;;;TRUE;;270621
drumeo;Ozzy Osbourne;Road To Nowhere;;;;;;;;;;;TRUE;;330302
drumeo;Ozzy Osbourne;Over The Mountain;;;;;;;;;;;TRUE;;330279
drumeo;Ozzy Osbourne;Hellraiser;;;;;;;;;;;TRUE;;330293
drumeo;P!nk;Funhouse;;;;;;;;;;;TRUE;;275660
drumeo;P!nk;Try;;;;;;;;;;;TRUE;;270625
drumeo;P!nk;Raise Your Glass;;;;;;;;;;;TRUE;;270623
drumeo;Pantera;5 Minutes Alone;;;;;;;;;;;TRUE;;279213
drumeo;Pantera;Throes Of Rejection;;;;;;;;;;;TRUE;;294233
drumeo;Pantera;Strength Beyond Strength;;;;;;;;;;;TRUE;;294231
drumeo;Pantera;Planet Caravan;;;;;;;;;;;TRUE;;371331
drumeo;Pantera;25 Years;;;;;;;;;;;TRUE;;294217
drumeo;Pantera;Hard Lines, Sunken Cheeks;;;;;;;;;;;TRUE;;294225
drumeo;Pantera;Becoming;;;;;;;;;;;TRUE;;294220
drumeo;Pantera;Cemetery Gates;;;;;;;;;;;TRUE;;371150
drumeo;Pantera;Good Friends And A Bottle Of Pills;;;;;;;;;;;TRUE;;294223
drumeo;Pantera;Slaughtered;;;;;;;;;;;TRUE;;294229
drumeo;Pantera;Use My Third Arm;;;;;;;;;;;TRUE;;294235
drumeo;Pantera;Cowboys From Hell;;;;;;;;;;;TRUE;;270627
drumeo;Pantera;I'm Broken;;;;;;;;;;;TRUE;;275664
drumeo;Pantera;Shedding Skin;;;;;;;;;;;TRUE;;294227
drumeo;Papa Roach;Last Resort;;;;;;;;;;;TRUE;;344742
drumeo;Paramore;That's What You Get;;;;;;;;;;;TRUE;;373379
drumeo;Paramore;Still Into You;;;;;;;;;;;TRUE;;19806
drumeo;Paramore;Pressure;;;;;;;;;;;TRUE;;291490
drumeo;Paramore;Misery Business;;;;;;;;;;;TRUE;;305683
drumeo;Parliament;Give Up the Funk (Tear The Roof Off The Sucker);;;;;;;;;;;TRUE;;285044
drumeo;Parliament;P-Funk;;;;;;;;;;;TRUE;;317782
drumeo;Passenger;Let Her Go;;;;;;;;;;;TRUE;;270629
drumeo;Passion;Revelation Song;;;;;;;;;;;TRUE;;315935
drumeo;Passion;Jesus, Son Of God;;;;;;;;;;;TRUE;;315937
drumeo;Passion;More To Come;;;;;;;;;;;TRUE;;315931
drumeo;Passion;One Thing Remains;;;;;;;;;;;TRUE;;315939
drumeo;Passion;In Christ Alone;;;;;;;;;;;TRUE;;315933
drumeo;Passion;Build My Life;;;;;;;;;;;TRUE;;315941
drumeo;Pat Benatar;Love Is A Battlefield;;;;;;;;;;;TRUE;;279215
drumeo;Patti Smith;Because The Night;;;;;;;;;;;TRUE;;362445
drumeo;Paul Simon;You Can Call Me Al;;;;;;;;;;;TRUE;;373381
drumeo;Pearl Jam;Rearviewmirror;;;;;;;;;;;TRUE;;365663
drumeo;Pearl Jam;Jeremy;;;;;;;;;;;TRUE;;331207
drumeo;Pearl Jam;W.M.A.;;;;;;;;;;;TRUE;;360003
drumeo;Pearl Jam;Alive;;;;;;;;;;;TRUE;;285046
drumeo;Pearl Jam;Garden;;;;;;;;;;;TRUE;;364737
drumeo;Periphery;Icarus Lives!;;;;;;;;;;;TRUE;;279217
drumeo;Periphery;Blood Eagle;;;;;;;;;;;TRUE;;291494
drumeo;Periphery;Satellites;;;;;;;;;;;TRUE;;365681
drumeo;Periphery;Absolomb;;;;;;;;;;;TRUE;;275666
drumeo;Periphery;Scarlet;;;;;;;;;;;TRUE;;279219
drumeo;Periphery;Marigold;;;;;;;;;;;TRUE;;264523
drumeo;Periphery;Stranger Things;;;;;;;;;;;TRUE;;270631
drumeo;Periphery;Flatline;;;;;;;;;;;TRUE;;291492
drumeo;Pete Townshend;Give Blood;;;;;;;;;;;TRUE;;359319
drumeo;Peter Gabriel;Red Rain;;;;;;;;;;;TRUE;;305685
drumeo;Peter Gabriel;Solsbury Hill;;;;;;;;;;;TRUE;;360005
drumeo;Peter Gabriel;Sledgehammer;;;;;;;;;;;TRUE;;264525
drumeo;Peter Tosh;African;;;;;;;;;;;TRUE;;291496
drumeo;Pharrell Williams;Happy;;;;;;;;;;;TRUE;;264527
drumeo;Phil Collins;In The Air Tonight;;;;;;;;;;;TRUE;;270633
drumeo;Phil Collins;Against All Odds;;;;;;;;;;;TRUE;;340125
drumeo;Phil Collins;You Can't Hurry Love;;;;;;;;;;;TRUE;;340130
drumeo;Phil Collins;I Don't Care Anymore;;;;;;;;;;;TRUE;;340127
drumeo;Phil Collins;I Wish It Would Rain Down;;;;;;;;;;;TRUE;;348751
drumeo;Phil Collins;You'll Be In My Heart;;;;;;;;;;;TRUE;;360007
drumeo;Phil Collins;Another Day In Paradise;;;;;;;;;;;TRUE;;340123
drumeo;Phil Collins;Sussudio;;;;;;;;;;;TRUE;;340132
drumeo;Phil Wickham;Living Hope;;;;;;;;;;;TRUE;;264529
drumeo;Phil Wickham;Your Love Awakens Me;;;;;;;;;;;TRUE;;264533
drumeo;Phil Wickham;This Is Amazing Grace;;;;;;;;;;;TRUE;;264531
drumeo;Philip Bailey & Phil Collins;Easy Lover;;;;;;;;;;;TRUE;;264535
drumeo;Pink;Perfect;;;;;;;;;;;TRUE;;362447
drumeo;Pink Floyd;On The Turning Away;;;;;;;;;;;TRUE;;329026
drumeo;Pink Floyd;Young Lust;;;;;;;;;;;TRUE;;275676
drumeo;Pink Floyd;One Slip;;;;;;;;;;;TRUE;;329028
drumeo;Pink Floyd;Learning To Fly;;;;;;;;;;;TRUE;;329024
drumeo;Pink Floyd;Breathe;;;;;;;;;;;TRUE;;279221
drumeo;Pink Floyd;Shine On You Crazy Diamond (Parts VI-IX);;;;;;;;;;;TRUE;;293070
drumeo;Pink Floyd;Shine On You Crazy Diamond (Parts I-V);;;;;;;;;;;TRUE;;293068
drumeo;Pink Floyd;One Of My Turns;;;;;;;;;;;TRUE;;329054
drumeo;Pink Floyd;Pigs (Three Different Ones);;;;;;;;;;;TRUE;;329040
drumeo;Pink Floyd;The Show Must Go On;;;;;;;;;;;TRUE;;329066
drumeo;Pink Floyd;Any Colour You Like;;;;;;;;;;;TRUE;;275668
drumeo;Pink Floyd;Sheep;;;;;;;;;;;TRUE;;329043
drumeo;Pink Floyd;Waiting For The Worms;;;;;;;;;;;TRUE;;329061
drumeo;Pink Floyd;On The Run;;;;;;;;;;;TRUE;;293064
drumeo;Pink Floyd;The Trial;;;;;;;;;;;TRUE;;329059
drumeo;Pink Floyd;Another Brick In The Wall, Part 2;;;;;;;;;;;TRUE;;264537
drumeo;Pink Floyd;Another Brick In The Wall, Pt. 3;;;;;;;;;;;TRUE;;329045
drumeo;Pink Floyd;The Thin Ice;;;;;;;;;;;TRUE;;329069
drumeo;Pink Floyd;The Great Gig In The Sky;;;;;;;;;;;TRUE;;293066
drumeo;Pink Floyd;Sorrow;;;;;;;;;;;TRUE;;329030
drumeo;Pink Floyd;Hey You;;;;;;;;;;;TRUE;;264541
drumeo;Pink Floyd;Run Like Hell;;;;;;;;;;;TRUE;;279223
drumeo;Pink Floyd;Terminal Frost;;;;;;;;;;;TRUE;;329032
drumeo;Pink Floyd;Have A Cigar;;;;;;;;;;;TRUE;;264539
drumeo;Pink Floyd;The Dogs Of War;;;;;;;;;;;TRUE;;329034
drumeo;Pink Floyd;The Happiest Days Of Our Lives;;;;;;;;;;;TRUE;;329056
drumeo;Pink Floyd;Mother;;;;;;;;;;;TRUE;;329051
drumeo;Pixies;Gigantic;;;;;;;;;;;TRUE;;364740
drumeo;Pixies;Here Comes Your Man;;;;;;;;;;;TRUE;;371152
drumeo;Placebo;Nancy Boy;;;;;;;;;;;TRUE;;352719
drumeo;Poison;Nothin' But A Good Time;;;;;;;;;;;TRUE;;291502
drumeo;Poison;Unskinny Bop;;;;;;;;;;;TRUE;;373383
drumeo;Polyphia;G.O.A.T.;;;;;;;;;;;TRUE;;317250
drumeo;Pond;The Boys Are Killing Me;;;;;;;;;;;TRUE;;291504
drumeo;Porcupine Tree;Shallow;;;;;;;;;;;TRUE;;270645
drumeo;Porcupine Tree;Lazarus;;;;;;;;;;;TRUE;;270641
drumeo;Porcupine Tree;Halo;;;;;;;;;;;TRUE;;270639
drumeo;Porcupine Tree;Start Of Something Beautiful;;;;;;;;;;;TRUE;;279225
drumeo;Porcupine Tree;Anesthetize;;;;;;;;;;;TRUE;;275678
drumeo;Porcupine Tree;Arriving Somewhere But Not Here;;;;;;;;;;;TRUE;;270637
drumeo;Porcupine Tree;Open Car;;;;;;;;;;;TRUE;;270643
drumeo;Porcupine Tree;Harridan;;;;;;;;;;;TRUE;;329576
drumeo;Porcupine Tree;Way Out Of Here;;;;;;;;;;;TRUE;;275680
drumeo;Porcupine Tree;Blackest Eyes;;;;;;;;;;;TRUE;;275682
drumeo;Porcupine Tree;Trains;;;;;;;;;;;TRUE;;270647
drumeo;Portishead;Wandering Star;;;;;;;;;;;TRUE;;349752
drumeo;Portugal. The Man;People Say;;;;;;;;;;;TRUE;;328221
drumeo;Powerwolf;Resurrection By Erection;;;;;;;;;;;TRUE;;364742
drumeo;Primus;Tommy The Cat;;;;;;;;;;;TRUE;;264545
drumeo;Primus;My Name Is Mud;;;;;;;;;;;TRUE;;275684
drumeo;Primus;Jerry Was A Race Car Driver;;;;;;;;;;;TRUE;;326667
drumeo;Prince;Purple Rain;;;;;;;;;;;TRUE;;303259
drumeo;Prince;Baby I'm A Star;;;;;;;;;;;TRUE;;303246
drumeo;Prince Buster;Madness;;;;;;;;;;;TRUE;;291506
drumeo;Procol Harum;A Whiter Shade Of Pale;;;;;;;;;;;TRUE;;344744
drumeo;PSY;Gangam Style;;;;;;;;;;;TRUE;;291508
drumeo;Psychodelic Porn Crumpets;Gurzle;;;;;;;;;;;TRUE;;360009
drumeo;Public Service Broadcasting;Gagarin;;;;;;;;;;;TRUE;;352721
drumeo;Pulp;Common People;;;;;;;;;;;TRUE;;352723
drumeo;Pure Prairie League;Amie;;;;;;;;;;;TRUE;;285050
drumeo;Queen;Somebody To Love;;;;;;;;;;;TRUE;;291510
drumeo;Queen;Now I'm Here;;;;;;;;;;;TRUE;;311124
drumeo;Queen;The March Of The Black Queen;;;;;;;;;;;TRUE;;311129
drumeo;Queen;The Prophet's Song;;;;;;;;;;;TRUE;;311109
drumeo;Queen;It's Late;;;;;;;;;;;TRUE;;311120
drumeo;Queen;I Want It All;;;;;;;;;;;TRUE;;311140
drumeo;Queen;Bicycle Race;;;;;;;;;;;TRUE;;285052
drumeo;Queen;Don't Stop Me Now;;;;;;;;;;;TRUE;;275686
drumeo;Queen;Dragon Attack;;;;;;;;;;;TRUE;;311131
drumeo;Queen;Breakthru;;;;;;;;;;;TRUE;;311136
drumeo;Queen;Play The Game;;;;;;;;;;;TRUE;;264553
drumeo;Queen;Mustapha;;;;;;;;;;;TRUE;;311116
drumeo;Queen;Tie Your Mother Down;;;;;;;;;;;TRUE;;331209
drumeo;Queen;Hammer To Fall;;;;;;;;;;;TRUE;;264549
drumeo;Queen;Friends Will Be Friends;;;;;;;;;;;TRUE;;311101
drumeo;Queen;I Want To Break Free;;;;;;;;;;;TRUE;;311142
drumeo;Queen;Spread Your Wings;;;;;;;;;;;TRUE;;311122
drumeo;Queen;Who Wants To Live Forever;;;;;;;;;;;TRUE;;311107
drumeo;Queen;Innuendo;;;;;;;;;;;TRUE;;311112
drumeo;Queen;Dead On Time;;;;;;;;;;;TRUE;;311114
drumeo;Queen;We Will Rock You;;;;;;;;;;;TRUE;;275688
drumeo;Queen;Radio Ga Ga;;;;;;;;;;;TRUE;;311145
drumeo;Queen;Under Pressure;;;;;;;;;;;TRUE;;305687
drumeo;Queen;One Vision;;;;;;;;;;;TRUE;;311105
drumeo;Queen;Save Me;;;;;;;;;;;TRUE;;311133
drumeo;Queen;You’re My Best Friend;;;;;;;;;;;TRUE;;264555
drumeo;Queen;Killer Queen;;;;;;;;;;;TRUE;;264551
drumeo;Queen;Keep Yourself Alive;;;;;;;;;;;TRUE;;311126
drumeo;Queen;A Kind Of Magic;;;;;;;;;;;TRUE;;365666
drumeo;Queen;Crazy Little Thing Called Love;;;;;;;;;;;TRUE;;275690
drumeo;Queen;All Dead, All Dead;;;;;;;;;;;TRUE;;311118
drumeo;Queen;Good Old-Fashioned Lover Boy;;;;;;;;;;;TRUE;;311099
drumeo;Queens Of The Stone Age;Song For The Deaf;;;;;;;;;;;TRUE;;317252
drumeo;Queens Of The Stone Age;Song For The Dead;;;;;;;;;;;TRUE;;348753
drumeo;Queens Of The Stone Age;Go With The Flow;;;;;;;;;;;TRUE;;285054
drumeo;Queens Of The Stone Age;Little Sister;;;;;;;;;;;TRUE;;279231
drumeo;Queens Of The Stone Age;You Think I Ain't Worth A Dollar, But I Feel Like A Millionaire;;;;;;;;;;;TRUE;;279233
drumeo;Queensrÿche;Silent Lucidity;;;;;;;;;;;TRUE;;275692
drumeo;Queensrÿche;The Mission;;;;;;;;;;;TRUE;;348755
drumeo;Quiet Riot;Bang Your Head (Metal Health);;;;;;;;;;;TRUE;;362449
drumeo;R.E.M.;Everybody Hurts;;;;;;;;;;;TRUE;;373840
drumeo;R.E.M.;Losing My Religion;;;;;;;;;;;TRUE;;270649
drumeo;R.E.M.;Orange Crush;;;;;;;;;;;TRUE;;328223
drumeo;R.E.M.;Shiny Happy People;;;;;;;;;;;TRUE;;360013
drumeo;Radiohead;High And Dry;;;;;;;;;;;TRUE;;264557
drumeo;Rage Against The Machine;Killing In The Name;;;;;;;;;;;TRUE;;264563
drumeo;Rage Against The Machine;Bombtrack;;;;;;;;;;;TRUE;;264559
drumeo;Rage Against The Machine;Know Your Enemy;;;;;;;;;;;TRUE;;275694
drumeo;Rage Against The Machine;Bulls On Parade;;;;;;;;;;;TRUE;;264561
drumeo;Rage Against The Machine;Renegades Of Funk;;;;;;;;;;;TRUE;;344746
drumeo;Rage Against The Machine;Freedom;;;;;;;;;;;TRUE;;279235
drumeo;Rainbow;Gates Of Babylon;;;;;;;;;;;TRUE;;364749
drumeo;Ram Jam;Black Betty;;;;;;;;;;;TRUE;;305689
drumeo;Rammstein;Du Hast;;;;;;;;;;;TRUE;;264565
drumeo;Rammstein;Haifisch;;;;;;;;;;;TRUE;;349755
drumeo;Rammstein;Sonne;;;;;;;;;;;TRUE;;331212
drumeo;Ramones;My Brain Is Hanging Upside Down (Bonzo Goes To Bitburg);;;;;;;;;;;TRUE;;270651
drumeo;Rancid;Maxwell Murder;;;;;;;;;;;TRUE;;291512
drumeo;Rancid;Ruby Soho;;;;;;;;;;;TRUE;;291514
drumeo;Rancid;Side Kick;;;;;;;;;;;TRUE;;279237
drumeo;Randy Houser;How Country Feels;;;;;;;;;;;TRUE;;264571
drumeo;Randy Waldman;The Jetsons;;;;;;;;;;;TRUE;;341269
drumeo;Rascal Flatts;Bless The Broken Road;;;;;;;;;;;TRUE;;279239
drumeo;Rascal Flatts;What Hurts The Most;;;;;;;;;;;TRUE;;264573
drumeo;Rascal Flatts;My Wish;;;;;;;;;;;TRUE;;270653
drumeo;Rascal Flatts;Life Is A Highway;;;;;;;;;;;TRUE;;275696
drumeo;Ratt;Round And Round;;;;;;;;;;;TRUE;;373385
drumeo;Ray Charles;Hit The Road Jack;;;;;;;;;;;TRUE;;275698
drumeo;Red;Start Again;;;;;;;;;;;TRUE;;364752
drumeo;Red Hot Chili Peppers;Can't Stop;;;;;;;;;;;TRUE;;299097
drumeo;Red Hot Chili Peppers;Snow (Hey Oh);;;;;;;;;;;TRUE;;279243
drumeo;Red Hot Chili Peppers;Scar Tissue;;;;;;;;;;;TRUE;;305691
drumeo;Red Hot Chili Peppers;Otherside;;;;;;;;;;;TRUE;;352725
drumeo;Red Hot Chili Peppers;Dani California;;;;;;;;;;;TRUE;;275700
drumeo;Red Hot Chili Peppers;Suck My Kiss;;;;;;;;;;;TRUE;;270655
drumeo;Red Hot Chili Peppers;Easily;;;;;;;;;;;TRUE;;373387
drumeo;Red Hot Chili Peppers;Nobody Weird Like Me;;;;;;;;;;;TRUE;;365661
drumeo;Red Hot Chili Peppers;Under The Bridge;;;;;;;;;;;TRUE;;264575
drumeo;Red Hot Chili Peppers;Soul To Squeeze;;;;;;;;;;;TRUE;;299100
drumeo;Red Hot Chili Peppers;Californication;;;;;;;;;;;TRUE;;279241
drumeo;Redbone;Come And Get Your Love;;;;;;;;;;;TRUE;;328225
drumeo;Rend Collective;Joy Of The Lord;;;;;;;;;;;TRUE;;315945
drumeo;Rend Collective;Every Giant Will Fall;;;;;;;;;;;TRUE;;315943
drumeo;Rend Collective;My Lighthouse;;;;;;;;;;;TRUE;;315947
drumeo;REO Speedwagon;Can't Fight This Feeling;;;;;;;;;;;TRUE;;264577
drumeo;REO Speedwagon;Take It On The Run;;;;;;;;;;;TRUE;;302660
drumeo;Rick Astley;Never Gonna Give You Up;;;;;;;;;;;TRUE;;270657
drumeo;Rick James;Super Freak;;;;;;;;;;;TRUE;;317784
drumeo;Ride;Vapour Trail;;;;;;;;;;;TRUE;;374600
drumeo;Rihanna;Umbrella;;;;;;;;;;;TRUE;;285062
drumeo;Rise Against;Injection;;;;;;;;;;;TRUE;;374603
drumeo;Rise Against;Make It Stop (September's Children);;;;;;;;;;;TRUE;;270659
drumeo;Rise Against;Prayer Of The Refugee;;;;;;;;;;;TRUE;;299102
drumeo;Robbie Williams;I Wan'na Be Like You;;;;;;;;;;;TRUE;;337454
drumeo;Robert Palmer;Addicted To Love;;;;;;;;;;;TRUE;;279245
drumeo;Roberta Flack & Donny Hathaway;Where Is The Love;;;;;;;;;;;TRUE;;360029
drumeo;Robin Thicke;Blurred Lines;;;;;;;;;;;TRUE;;270661
drumeo;Rod Stewart;Da Ya Think I’m Sexy?;;;;;;;;;;;TRUE;;356007
drumeo;Rod Stewart;Young Turks;;;;;;;;;;;TRUE;;356009
drumeo;Rodriguez;Sugar Man;;;;;;;;;;;TRUE;;291518
drumeo;Rodriguez;I Wonder;;;;;;;;;;;TRUE;;291516
drumeo;Rose Royce;Car Wash;;;;;;;;;;;TRUE;;291520
drumeo;Roxette;The Look;;;;;;;;;;;TRUE;;337426
drumeo;Roy Haynes;Reflection;;;;;;;;;;;TRUE;;346217
drumeo;Roy Orbison;Ooby Dooby;;;;;;;;;;;TRUE;;279247
drumeo;Roy Orbison;Oh, Pretty Woman;;;;;;;;;;;TRUE;;371154
drumeo;Royal Blood;Figure It Out;;;;;;;;;;;TRUE;;317255
drumeo;Royal Blood;Oblivion;;;;;;;;;;;TRUE;;328227
drumeo;Royal Coda;Breathe Correct;;;;;;;;;;;TRUE;;291524
drumeo;Royal Coda;Becoming The Memory;;;;;;;;;;;TRUE;;291522
drumeo;Rufus;Tell Me Something Good;;;;;;;;;;;TRUE;;364757
drumeo;Run-D.M.C.;It's Like That;;;;;;;;;;;TRUE;;285064
drumeo;Rush;Limbo;;;;;;;;;;;TRUE;;270673
drumeo;Rush;Malignant Narcissism;;;;;;;;;;;TRUE;;318745
drumeo;Rush;By-Tor & The Snow Dog;;;;;;;;;;;TRUE;;264591
drumeo;Rush;Prime Mover;;;;;;;;;;;TRUE;;318659
drumeo;Rush;Between Sun & Moon;;;;;;;;;;;TRUE;;318599
drumeo;Rush;Digital Man;;;;;;;;;;;TRUE;;264597
drumeo;Rush;Freeze (Part IV Of Fear);;;;;;;;;;;TRUE;;318777
drumeo;Rush;New World Man;;;;;;;;;;;TRUE;;275718
drumeo;Rush;The Garden;;;;;;;;;;;TRUE;;318591
drumeo;Rush;Hand Over Fist;;;;;;;;;;;TRUE;;318697
drumeo;Rush;You Can't Fight It;;;;;;;;;;;TRUE;;318675
drumeo;Rush;Ceiling Unlimited;;;;;;;;;;;TRUE;;318773
drumeo;Rush;Ghost Rider;;;;;;;;;;;TRUE;;318779
drumeo;Rush;Madrigal;;;;;;;;;;;TRUE;;318569
drumeo;Rush;BU2B;;;;;;;;;;;TRUE;;318575
drumeo;Rush;Halo Effect;;;;;;;;;;;TRUE;;318583
drumeo;Rush;Kid Gloves;;;;;;;;;;;TRUE;;318641
drumeo;Rush;Chemistry;;;;;;;;;;;TRUE;;318731
drumeo;Rush;Show Don't Tell;;;;;;;;;;;TRUE;;264613
drumeo;Rush;For What It's Worth;;;;;;;;;;;TRUE;;318617
drumeo;Rush;Anthem;;;;;;;;;;;TRUE;;264585
drumeo;Rush;The Camera Eye;;;;;;;;;;;TRUE;;318667
drumeo;Rush;I Think I'm Going Bald;;;;;;;;;;;TRUE;;318571
drumeo;Rush;Countdown;;;;;;;;;;;TRUE;;318733
drumeo;Rush;YYZ;;;;;;;;;;;TRUE;;275710
drumeo;Rush;Alien Shore;;;;;;;;;;;TRUE;;318597
drumeo;Rush;Force Ten;;;;;;;;;;;TRUE;;264605
drumeo;Rush;Everyday Glory;;;;;;;;;;;TRUE;;318607
drumeo;Rush;Tom Sawyer;;;;;;;;;;;TRUE;;19307
drumeo;Rush;The Larger Bowl (A Pantoum);;;;;;;;;;;TRUE;;318749
drumeo;Rush;Turn The Page;;;;;;;;;;;TRUE;;318665
drumeo;Rush;Cinderella Man;;;;;;;;;;;TRUE;;318567
drumeo;Rush;The Pass;;;;;;;;;;;TRUE;;264615
drumeo;Rush;The Enemy Within;;;;;;;;;;;TRUE;;318647
drumeo;Rush;Nobody's Hero;;;;;;;;;;;TRUE;;318609
drumeo;Rush;Spindrift;;;;;;;;;;;TRUE;;318747
drumeo;Rush;Tai Shan;;;;;;;;;;;TRUE;;318663
drumeo;Rush;The Trees;;;;;;;;;;;TRUE;;275706
drumeo;Rush;Not Fade Away;;;;;;;;;;;TRUE;;318673
drumeo;Rush;Carve Away The Stone;;;;;;;;;;;TRUE;;318759
drumeo;Rush;Stick It Out;;;;;;;;;;;TRUE;;318611
drumeo;Rush;The Seeker;;;;;;;;;;;TRUE;;318629
drumeo;Rush;Time Stand Still;;;;;;;;;;;TRUE;;264617
drumeo;Rush;In The Mood;;;;;;;;;;;TRUE;;264607
drumeo;Rush;Virtuality;;;;;;;;;;;TRUE;;318771
drumeo;Rush;Here Again;;;;;;;;;;;TRUE;;318725
drumeo;Rush;Wish Them Well;;;;;;;;;;;TRUE;;318595
drumeo;Rush;The Weapon (Part II Of Fear);;;;;;;;;;;TRUE;;318735
drumeo;Rush;The Big Money;;;;;;;;;;;TRUE;;318689
drumeo;Rush;Double Agent;;;;;;;;;;;TRUE;;318605
drumeo;Rush;Witch Hunt;;;;;;;;;;;TRUE;;318671
drumeo;Rush;The Stars Look Down;;;;;;;;;;;TRUE;;318795
drumeo;Rush;Lock And Key;;;;;;;;;;;TRUE;;318653
drumeo;Rush;Take A Friend;;;;;;;;;;;TRUE;;318729
drumeo;Rush;Losing It;;;;;;;;;;;TRUE;;285070
drumeo;Rush;Cygnus X-1 Book I: The Voyage;;;;;;;;;;;TRUE;;264595
drumeo;Rush;Shape Of Things;;;;;;;;;;;TRUE;;318625
drumeo;Rush;Headlong Flight;;;;;;;;;;;TRUE;;318585
drumeo;Rush;Workin' Them Angels;;;;;;;;;;;TRUE;;318757
drumeo;Rush;Half The World;;;;;;;;;;;TRUE;;318763
drumeo;Rush;Cut To The Chase;;;;;;;;;;;TRUE;;318603
drumeo;Rush;A Passage To Bangkok;;;;;;;;;;;TRUE;;264581
drumeo;Rush;Vapor Trail;;;;;;;;;;;TRUE;;318797
drumeo;Rush;Summertime Blues;;;;;;;;;;;TRUE;;318627
drumeo;Rush;Natural Science;;;;;;;;;;;TRUE;;275714
drumeo;Rush;Secret Touch;;;;;;;;;;;TRUE;;318791
drumeo;Rush;Xanadu;;;;;;;;;;;TRUE;;264621
drumeo;Rush;Driven;;;;;;;;;;;TRUE;;285074
drumeo;Rush;Making Memories;;;;;;;;;;;TRUE;;318633
drumeo;Rush;The Way The Wind Blows;;;;;;;;;;;TRUE;;318753
drumeo;Rush;The Color Of Right;;;;;;;;;;;TRUE;;318767
drumeo;Rush;Bastille Day;;;;;;;;;;;TRUE;;264587
drumeo;Rush;The Twilight Zone;;;;;;;;;;;TRUE;;318565
drumeo;Rush;Second Nature;;;;;;;;;;;TRUE;;318661
drumeo;Rush;War Paint;;;;;;;;;;;TRUE;;318705
drumeo;Rush;Clockwork Angels;;;;;;;;;;;TRUE;;318581
drumeo;Rush;Test For Echo;;;;;;;;;;;TRUE;;318765
drumeo;Rush;Available Light;;;;;;;;;;;TRUE;;318693
drumeo;Rush;Dreamline;;;;;;;;;;;TRUE;;264599
drumeo;Rush;Finding My Way;;;;;;;;;;;TRUE;;264601
drumeo;Rush;Working Man;;;;;;;;;;;TRUE;;264619
drumeo;Rush;Grand Designs;;;;;;;;;;;TRUE;;318681
drumeo;Rush;Red Tide;;;;;;;;;;;TRUE;;318701
drumeo;Rush;How It Is;;;;;;;;;;;TRUE;;318781
drumeo;Rush;Far Cry;;;;;;;;;;;TRUE;;279251
drumeo;Rush;Heart Full Of Soul;;;;;;;;;;;TRUE;;318619
drumeo;Rush;Leave That Thing Alone;;;;;;;;;;;TRUE;;279249
drumeo;Rush;La Villa Strangiato;;;;;;;;;;;TRUE;;275704
drumeo;Rush;One Little Victory;;;;;;;;;;;TRUE;;318785
drumeo;Rush;The Spirit Of Radio;;;;;;;;;;;TRUE;;275716
drumeo;Rush;Open Secrets;;;;;;;;;;;TRUE;;318657
drumeo;Rush;Faithless;;;;;;;;;;;TRUE;;318741
drumeo;Rush;Cold Fire;;;;;;;;;;;TRUE;;318601
drumeo;Rush;High Water;;;;;;;;;;;TRUE;;318651
drumeo;Rush;Territories;;;;;;;;;;;TRUE;;318687
drumeo;Rush;The Analog Kid;;;;;;;;;;;TRUE;;285072
drumeo;Rush;Bravado;;;;;;;;;;;TRUE;;285068
drumeo;Rush;Middletown Dreams;;;;;;;;;;;TRUE;;318683
drumeo;Rush;Peaceable Kingdom;;;;;;;;;;;TRUE;;318789
drumeo;Rush;Closer To The Heart;;;;;;;;;;;TRUE;;275702
drumeo;Rush;Bravest Face;;;;;;;;;;;TRUE;;318739
drumeo;Rush;We Hold On;;;;;;;;;;;TRUE;;318755
drumeo;Rush;Carnies;;;;;;;;;;;TRUE;;318579
drumeo;Rush;The Main Monkey Business;;;;;;;;;;;TRUE;;318751
drumeo;Rush;Subdivisions;;;;;;;;;;;TRUE;;260575
drumeo;Rush;Before And After;;;;;;;;;;;TRUE;;318723
drumeo;Rush;Out Of The Cradle;;;;;;;;;;;TRUE;;318787
drumeo;Rush;Jacob's Ladder;;;;;;;;;;;TRUE;;270667
drumeo;Rush;Nocturne;;;;;;;;;;;TRUE;;318783
drumeo;Rush;Best I Can;;;;;;;;;;;TRUE;;264589
drumeo;Rush;Mystic Rhythms;;;;;;;;;;;TRUE;;318685
drumeo;Rush;Marathon;;;;;;;;;;;TRUE;;264611
drumeo;Rush;The Wreckers;;;;;;;;;;;TRUE;;318593
drumeo;Rush;Armor And Sword;;;;;;;;;;;TRUE;;318737
drumeo;Rush;Circumstances;;;;;;;;;;;TRUE;;264593
drumeo;Rush;Chain Lightning;;;;;;;;;;;TRUE;;318695
drumeo;Rush;Seven Cities Of Gold;;;;;;;;;;;TRUE;;318587
drumeo;Rush;Presto;;;;;;;;;;;TRUE;;318699
drumeo;Rush;Superconductor;;;;;;;;;;;TRUE;;270669
drumeo;Rush;The Body Electric;;;;;;;;;;;TRUE;;318645
drumeo;Rush;Lessons;;;;;;;;;;;TRUE;;318561
drumeo;Rush;The Anarchist;;;;;;;;;;;TRUE;;318589
drumeo;Rush;Between The Wheels;;;;;;;;;;;TRUE;;318637
drumeo;Rush;Emotion Detector;;;;;;;;;;;TRUE;;318679
drumeo;Rush;Caravan;;;;;;;;;;;TRUE;;318577
drumeo;Rush;Need Some Love;;;;;;;;;;;TRUE;;318727
drumeo;Rush;Dog Years;;;;;;;;;;;TRUE;;318761
drumeo;Rush;Red Lenses;;;;;;;;;;;TRUE;;318643
drumeo;Rush;Sweet Miracle;;;;;;;;;;;TRUE;;318793
drumeo;Rush;Mission;;;;;;;;;;;TRUE;;318655
drumeo;Rush;Good News First;;;;;;;;;;;TRUE;;318743
drumeo;Rush;Scars;;;;;;;;;;;TRUE;;318703
drumeo;Rush;Totem;;;;;;;;;;;TRUE;;318769
drumeo;Rush;Afterimage;;;;;;;;;;;TRUE;;318635
drumeo;Rush;Seven And Seven Is;;;;;;;;;;;TRUE;;318623
drumeo;Rush;Mr. Soul;;;;;;;;;;;TRUE;;318621
drumeo;Rush;The Speed Of Love;;;;;;;;;;;TRUE;;318613
drumeo;Rush;The Necromancer;;;;;;;;;;;TRUE;;270663
drumeo;Rush;Something For Nothing;;;;;;;;;;;TRUE;;318563
drumeo;Rush;Manhattan Project;;;;;;;;;;;TRUE;;285066
drumeo;Rush;The Fountain Of Lamneth;;;;;;;;;;;TRUE;;318573
drumeo;Rush;Freewill;;;;;;;;;;;TRUE;;275712
drumeo;Rush;What You're Doing;;;;;;;;;;;TRUE;;270671
drumeo;Rush;Limelight;;;;;;;;;;;TRUE;;275708
drumeo;Rush;Anagram (For Mongo);;;;;;;;;;;TRUE;;318691
drumeo;Rush;Neurotica;;;;;;;;;;;TRUE;;318715
drumeo;Rush;Ghost Of A Chance;;;;;;;;;;;TRUE;;318711
drumeo;Rush;Face Up;;;;;;;;;;;TRUE;;318709
drumeo;Rush;Big Wheel;;;;;;;;;;;TRUE;;318707
drumeo;Rush;You Bet Your Life;;;;;;;;;;;TRUE;;318721
drumeo;Rush;Heresy;;;;;;;;;;;TRUE;;318713
drumeo;Rush;Where's My Thing;;;;;;;;;;;TRUE;;318719
drumeo;Rush;Red Barchetta;;;;;;;;;;;TRUE;;275722
drumeo;Rush;Different Strings;;;;;;;;;;;TRUE;;318677
drumeo;Rush;Red Sector A;;;;;;;;;;;TRUE;;275720
drumeo;Rush;Roll The Bones;;;;;;;;;;;TRUE;;318717
drumeo;Sade;Soldier Of Love;;;;;;;;;;;TRUE;;291534
drumeo;Sade;Your Love Is King;;;;;;;;;;;TRUE;;291528
drumeo;Sade;No Ordinary Love;;;;;;;;;;;TRUE;;291530
drumeo;Sade;The Sweetest Taboo;;;;;;;;;;;TRUE;;291532
drumeo;Sam & Dave;Hold On, I'm Comin';;;;;;;;;;;TRUE;;317258
drumeo;Sam Hunt;Leave The Night On;;;;;;;;;;;TRUE;;279253
drumeo;Sammy Hagar;Heavy Metal;;;;;;;;;;;TRUE;;349862
drumeo;Sammy Hagar;Give To Live;;;;;;;;;;;TRUE;;356048
drumeo;Santana;Soul Sacrifice;;;;;;;;;;;TRUE;;279255
drumeo;Saturnus;Christ Goodbye;;;;;;;;;;;TRUE;;349864
drumeo;Scorpions;The Zoo;;;;;;;;;;;TRUE;;275724
drumeo;Scorpions;No One Like You;;;;;;;;;;;TRUE;;275726
drumeo;Scorpions;Always Somewhere;;;;;;;;;;;TRUE;;275730
drumeo;Scorpions;Wind Of Change;;;;;;;;;;;TRUE;;275728
drumeo;Screaming Trees;Nearly Lost You;;;;;;;;;;;TRUE;;356050
drumeo;Seal;Redzone Killer;;;;;;;;;;;TRUE;;279259
drumeo;Seether;Remedy;;;;;;;;;;;TRUE;;291540
drumeo;Seether;Country Song;;;;;;;;;;;TRUE;;291538
drumeo;Seether;Rise Above This;;;;;;;;;;;TRUE;;291536
drumeo;Sepultura;Ratamahatta;;;;;;;;;;;TRUE;;374605
drumeo;Sepultura;Refuse/Resist;;;;;;;;;;;TRUE;;279261
drumeo;Sepultura;Territory;;;;;;;;;;;TRUE;;279263
drumeo;Seven Mary Three;Cumbersome;;;;;;;;;;;TRUE;;348757
drumeo;Sex Pistols;Silly Thing;;;;;;;;;;;TRUE;;374608
drumeo;Sex Pistols;God Save The Queen;;;;;;;;;;;TRUE;;373389
drumeo;Shakira;Si Te Vas;;;;;;;;;;;TRUE;;328233
drumeo;Shawn Mendes;Señorita;;;;;;;;;;;TRUE;;291546
drumeo;Shawn Mendes;In My Blood;;;;;;;;;;;TRUE;;291544
drumeo;Sheryl Crow;If It Makes You Happy;;;;;;;;;;;TRUE;;373391
drumeo;Sheryl Crow;All I Wanna Do;;;;;;;;;;;TRUE;;285078
drumeo;Shinedown;Sound Of Madness;;;;;;;;;;;TRUE;;264625
drumeo;Shinedown;Bully;;;;;;;;;;;TRUE;;275732
drumeo;Shinedown;Miracle;;;;;;;;;;;TRUE;;264623
drumeo;Sia;Chandelier;;;;;;;;;;;TRUE;;275734
drumeo;Sigala;Just Got Paid;;;;;;;;;;;TRUE;;285080
drumeo;Silversun Pickups;Panic Switch;;;;;;;;;;;TRUE;;364755
drumeo;Simon & Garfunkel;Bridge Over Troubled Water;;;;;;;;;;;TRUE;;270675
drumeo;Simon & Garfunkel;Mrs. Robinson;;;;;;;;;;;TRUE;;291548
drumeo;Simon Phillips;Undeviginti;;;;;;;;;;;TRUE;;359333
drumeo;Simple Minds;Don’t You (Forget About Me);;;;;;;;;;;TRUE;;264627
drumeo;Simple Minds;Alive And Kicking;;;;;;;;;;;TRUE;;356052
drumeo;Simple Plan;Welcome To My Life;;;;;;;;;;;TRUE;;264629
drumeo;Skid Row;Youth Gone Wild;;;;;;;;;;;TRUE;;374610
drumeo;Skillet;Comatose;;;;;;;;;;;TRUE;;279267
drumeo;Skillet;Monster;;;;;;;;;;;TRUE;;279265
drumeo;Skillet;Falling Inside The Black;;;;;;;;;;;TRUE;;285082
drumeo;Skillet;Whispers In The Dark;;;;;;;;;;;TRUE;;285084
drumeo;Skrillex;Scary Monsters And Nice Spirits;;;;;;;;;;;TRUE;;291550
drumeo;Skunk Anansie;Charlie Big Potato;;;;;;;;;;;TRUE;;285086
drumeo;Skunk Anansie;Weak;;;;;;;;;;;TRUE;;337430
drumeo;Slayer;Angel Of Death;;;;;;;;;;;TRUE;;291554
drumeo;Slayer;South Of Heaven;;;;;;;;;;;TRUE;;373393
drumeo;Slayer;Raining Blood;;;;;;;;;;;TRUE;;291558
drumeo;Slayer;Gemini;;;;;;;;;;;TRUE;;364759
drumeo;Slayer;Reborn;;;;;;;;;;;TRUE;;291560
drumeo;Slayer;Criminally Insane;;;;;;;;;;;TRUE;;291556
drumeo;Slayer;Dead Skin Mask;;;;;;;;;;;TRUE;;362455
drumeo;Slipknot;The Devil In I;;;;;;;;;;;TRUE;;349866
drumeo;Slipknot;Liberate;;;;;;;;;;;TRUE;;275736
drumeo;Slipknot;My Plague;;;;;;;;;;;TRUE;;373844
drumeo;Slipknot;The Chapeltown Rag;;;;;;;;;;;TRUE;;372745
drumeo;Slipknot;Unsainted;;;;;;;;;;;TRUE;;328239
drumeo;Slipknot;Psychosocial;;;;;;;;;;;TRUE;;309165
drumeo;Slipknot;The Dying Song (Time To Sing);;;;;;;;;;;TRUE;;372749
drumeo;Slipknot;Left Behind;;;;;;;;;;;TRUE;;373842
drumeo;Slipknot;Spit It Out;;;;;;;;;;;TRUE;;279269
drumeo;Slipknot;Duality;;;;;;;;;;;TRUE;;356054
drumeo;Smash Mouth;All Star;;;;;;;;;;;TRUE;;285088
drumeo;Smokey Robinson & The Miracles;Shop Around;;;;;;;;;;;TRUE;;279273
drumeo;Smokey Robinson & The Miracles;The Tracks Of My Tears;;;;;;;;;;;TRUE;;264631
drumeo;Smokey Robinson & The Miracles;You've Really Got A Hold On Me;;;;;;;;;;;TRUE;;285090
drumeo;Snarky Puppy;Shofukan;;;;;;;;;;;TRUE;;280217
drumeo;Snarky Puppy;What About Me?;;;;;;;;;;;TRUE;;280219
drumeo;Snarky Puppy;Sleeper;;;;;;;;;;;TRUE;;280213
drumeo;Snarky Puppy;Lingus;;;;;;;;;;;TRUE;;280203
drumeo;Snow Patrol;Chasing Cars;;;;;;;;;;;TRUE;;270677
drumeo;Snow Patrol;Run;;;;;;;;;;;TRUE;;270679
drumeo;Social Distortion;Story Of My Life;;;;;;;;;;;TRUE;;349868
drumeo;Sonny Rollins;Mambo Bounce;;;;;;;;;;;TRUE;;279275
drumeo;Sonny Rollins;St. Thomas;;;;;;;;;;;TRUE;;346219
drumeo;Sophie Ellis-Bextor;Murder On The Dancefloor;;;;;;;;;;;TRUE;;291562
drumeo;Soul Asylum;Runaway Train;;;;;;;;;;;TRUE;;362457
drumeo;Soundgarden;Let Me Drown;;;;;;;;;;;TRUE;;294026
drumeo;Soundgarden;Rusty Cage;;;;;;;;;;;TRUE;;352727
drumeo;Soundgarden;Fresh Tendrils;;;;;;;;;;;TRUE;;293869
drumeo;Soundgarden;Superunknown;;;;;;;;;;;TRUE;;294042
drumeo;Soundgarden;Limo Wreck;;;;;;;;;;;TRUE;;294030
drumeo;Soundgarden;Like Suicide;;;;;;;;;;;TRUE;;294028
drumeo;Soundgarden;Blow Up The Outside World;;;;;;;;;;;TRUE;;373395
drumeo;Soundgarden;The Day I Tried To Live;;;;;;;;;;;TRUE;;275738
drumeo;Soundgarden;Head Down;;;;;;;;;;;TRUE;;294020
drumeo;Soundgarden;Kickstand;;;;;;;;;;;TRUE;;294024
drumeo;Soundgarden;She Likes Surprises;;;;;;;;;;;TRUE;;294039
drumeo;Soundgarden;4th Of July;;;;;;;;;;;TRUE;;293788
drumeo;Soundgarden;Outshined;;;;;;;;;;;TRUE;;344748
drumeo;Soundgarden;My Wave;;;;;;;;;;;TRUE;;294036
drumeo;Soundgarden;Jesus Christ Pose;;;;;;;;;;;TRUE;;314525
drumeo;Soundgarden;Half;;;;;;;;;;;TRUE;;294017
drumeo;Soundgarden;Mailman;;;;;;;;;;;TRUE;;294033
drumeo;Soundgarden;Burden In My Hand;;;;;;;;;;;TRUE;;337432
drumeo;Spandau Ballet;TRUE;;;;;;;;;;;TRUE;;328241
drumeo;Spin Doctors;Two Princes;;;;;;;;;;;TRUE;;279279
drumeo;Spiritbox;Circle With Me;;;;;;;;;;;TRUE;;317262
drumeo;Spock's Beard;Crack The Big Sky;;;;;;;;;;;TRUE;;362459
drumeo;Spoon;I Turn My Camera On;;;;;;;;;;;TRUE;;291564
drumeo;St. Vincent;Pay Your Way In Pain;;;;;;;;;;;TRUE;;356086
drumeo;Stand Atlantic;Jurassic Park;;;;;;;;;;;TRUE;;373397
drumeo;Starship;Nothing’s Gonna Stop Us Now;;;;;;;;;;;TRUE;;349721
drumeo;Starship;We Built This City;;;;;;;;;;;TRUE;;279281
drumeo;Stealers Wheel;Stuck In The Middle With You;;;;;;;;;;;TRUE;;279283
drumeo;Steely Dan;Reelin' In The Years;;;;;;;;;;;TRUE;;275742
drumeo;Steely Dan;Rikki Don't Lose That Number;;;;;;;;;;;TRUE;;331216
drumeo;Steely Dan;Home At Last;;;;;;;;;;;TRUE;;279285
drumeo;Steely Dan;Aja;;;;;;;;;;;TRUE;;275740
drumeo;Steely Dan;Babylon Sisters;;;;;;;;;;;TRUE;;352746
drumeo;Steely Dan;Peg;;;;;;;;;;;TRUE;;362461
drumeo;Steely Dan;Babylon Sisters;;;;;;;;;;;TRUE;;352746
drumeo;Steely Dan;Third World Man;;;;;;;;;;;TRUE;;295645
drumeo;Steely Dan;Your Gold Teeth II;;;;;;;;;;;TRUE;;295209
drumeo;Stereophonics;Mr. And Mrs. Smith;;;;;;;;;;;TRUE;;328243
drumeo;Steve Lukather;Party In Simon's Pants;;;;;;;;;;;TRUE;;357344
drumeo;Steve Miller Band;Rock'n Me;;;;;;;;;;;TRUE;;275744
drumeo;Steve Miller Band;Take The Money And Run;;;;;;;;;;;TRUE;;275746
drumeo;Steve Miller Band;Jet Airliner;;;;;;;;;;;TRUE;;364765
drumeo;Steve Miller Band;Jungle Love;;;;;;;;;;;TRUE;;270681
drumeo;Steve Miller Band;The Joker;;;;;;;;;;;TRUE;;270683
drumeo;Steve Winwood;Higher Love;;;;;;;;;;;TRUE;;275748
drumeo;Stevie Nicks;Edge Of Seventeen;;;;;;;;;;;TRUE;;348763
drumeo;Stevie Ray Vaughan;Love Me Darlin';;;;;;;;;;;TRUE;;270685
drumeo;Stevie Ray Vaughan;This House Is Rockin';;;;;;;;;;;TRUE;;270687
drumeo;Stevie Wonder;I Wish;;;;;;;;;;;TRUE;;275752
drumeo;Stevie Wonder;Signed, Sealed, Delivered I'm Yours;;;;;;;;;;;TRUE;;270691
drumeo;Stevie Wonder;Uptight (Everything's Alright);;;;;;;;;;;TRUE;;279287
drumeo;Stevie Wonder;Sir Duke;;;;;;;;;;;TRUE;;270695
drumeo;Stevie Wonder;For Your Love;;;;;;;;;;;TRUE;;275750
drumeo;Stevie Wonder;Higher Ground;;;;;;;;;;;TRUE;;270689
drumeo;Stevie Wonder;Superstition;;;;;;;;;;;TRUE;;264633
drumeo;Stevie Wonder;Isn't She Lovely;;;;;;;;;;;TRUE;;270693
drumeo;Stiltskin;Inside;;;;;;;;;;;TRUE;;364767
drumeo;Sting;If I Ever Lose My Faith In You;;;;;;;;;;;TRUE;;264635
drumeo;Sting;The Hounds Of Winter;;;;;;;;;;;TRUE;;341272
drumeo;Sting;I Hung My Head;;;;;;;;;;;TRUE;;270697
drumeo;Sting;St. Augustine In Hell;;;;;;;;;;;TRUE;;341279
drumeo;Sting;Shape Of My Heart;;;;;;;;;;;TRUE;;341277
drumeo;Sting;Love Is Stronger Than Justice (The Munificent Seven);;;;;;;;;;;TRUE;;341275
drumeo;Stone Temple Pilots;Plush;;;;;;;;;;;TRUE;;348766
drumeo;Stone Temple Pilots;Interstate Love Song;;;;;;;;;;;TRUE;;264637
drumeo;Stone Temple Pilots;Crackerman;;;;;;;;;;;TRUE;;349758
drumeo;Stratovarius;Soul Of A Vagabond;;;;;;;;;;;TRUE;;364769
drumeo;Stratovarius;Against The Wind;;;;;;;;;;;TRUE;;285092
drumeo;Stratovarius;Speed Of Light;;;;;;;;;;;TRUE;;374612
drumeo;Stray Cats;Stray Cat Strut;;;;;;;;;;;TRUE;;374615
drumeo;Stromae;Santé;;;;;;;;;;;TRUE;;364771
drumeo;Stryper;To Hell With The Devil;;;;;;;;;;;TRUE;;328245
drumeo;Stuff;Foots;;;;;;;;;;;TRUE;;295648
drumeo;Styx;Renegade;;;;;;;;;;;TRUE;;291566
drumeo;Styx;Red Storm;;;;;;;;;;;TRUE;;298494
drumeo;Styx;These Are The Times;;;;;;;;;;;TRUE;;298410
drumeo;Styx;Trouble At The Big Show;;;;;;;;;;;TRUE;;298506
drumeo;Styx;Overture;;;;;;;;;;;TRUE;;298490
drumeo;Styx;Genki Desu Ka;;;;;;;;;;;TRUE;;298383
drumeo;Styx;One With Everything;;;;;;;;;;;TRUE;;298407
drumeo;Styx;Hundred Million Miles From Home;;;;;;;;;;;TRUE;;298484
drumeo;Styx;Mission To Mars;;;;;;;;;;;TRUE;;298488
drumeo;Styx;Time May Bend;;;;;;;;;;;TRUE;;298504
drumeo;Styx;Bourgeois Pig;;;;;;;;;;;TRUE;;298374
drumeo;Styx;Ten Thousand Ways;;;;;;;;;;;TRUE;;298496
drumeo;Styx;The Greater Good;;;;;;;;;;;TRUE;;298498
drumeo;Styx;Fooling Yourself (The Angry Young Man);;;;;;;;;;;TRUE;;374703
drumeo;Styx;Do Things My Way;;;;;;;;;;;TRUE;;298378
drumeo;Styx;Fields Of The Brave;;;;;;;;;;;TRUE;;298380
drumeo;Styx;Gone Gone Gone;;;;;;;;;;;TRUE;;298482
drumeo;Styx;Radio Silence;;;;;;;;;;;TRUE;;298492
drumeo;Styx;Kiss Your Ass Goodbye;;;;;;;;;;;TRUE;;298403
drumeo;Styx;Waiting For Our Time;;;;;;;;;;;TRUE;;298415
drumeo;Styx;The Outpost;;;;;;;;;;;TRUE;;298502
drumeo;Styx;Killing The Thing That You Love;;;;;;;;;;;TRUE;;298385
drumeo;Styx;Locomotive;;;;;;;;;;;TRUE;;298486
drumeo;Sublime;What I Got;;;;;;;;;;;TRUE;;264639
drumeo;Suffocation;Pierced From Within;;;;;;;;;;;TRUE;;291570
drumeo;Sugarland;It Happens;;;;;;;;;;;TRUE;;349870
drumeo;Sum 41;Fat Lip;;;;;;;;;;;TRUE;;285094
drumeo;Sum 41;In Too Deep;;;;;;;;;;;TRUE;;279289
drumeo;Sum 41;Still Waiting;;;;;;;;;;;TRUE;;309167
drumeo;Sum 41;Catching Fire;;;;;;;;;;;TRUE;;349872
drumeo;Surf Mesa;ILY (I Love You Baby);;;;;;;;;;;TRUE;;328247
drumeo;Survivor;Burning Heart;;;;;;;;;;;TRUE;;362463
drumeo;Sweet;The Ballroom Blitz;;;;;;;;;;;TRUE;;275754
drumeo;Switchfoot;This Is Home;;;;;;;;;;;TRUE;;270703
drumeo;Switchfoot;Dare You To Move;;;;;;;;;;;TRUE;;270699
drumeo;Switchfoot;We Are One Tonight;;;;;;;;;;;TRUE;;275756
drumeo;Switchfoot;This Is Your Life;;;;;;;;;;;TRUE;;270701
drumeo;System Of A Down;Aerials;;;;;;;;;;;TRUE;;264641
drumeo;System Of A Down;Hypnotize;;;;;;;;;;;TRUE;;302658
drumeo;System Of A Down;B.Y.O.B.;;;;;;;;;;;TRUE;;302662
drumeo;T-Bone Walker;The Hustle Is On – Single;;;;;;;;;;;TRUE;;285098
drumeo;T-Bone Walker;Tell Me What's The Reason;;;;;;;;;;;TRUE;;285096
drumeo;T-Bone Walker;T-Bone Shuffle;;;;;;;;;;;TRUE;;279291
drumeo;T. Rex;Bang A Gong (Get It On);;;;;;;;;;;TRUE;;349874
drumeo;Talking Heads;Psycho Killer;;;;;;;;;;;TRUE;;365669
drumeo;Talking Heads;Road To Nowhere;;;;;;;;;;;TRUE;;314528
drumeo;Tame Impala;Elephant;;;;;;;;;;;TRUE;;279293
drumeo;Taylor Swift;Shake It Off;;;;;;;;;;;TRUE;;270705
drumeo;Tenacious D;Tribute;;;;;;;;;;;TRUE;;279295
drumeo;Tenacious D;The Metal;;;;;;;;;;;TRUE;;326671
drumeo;Tesla;Modern Day Cowboy;;;;;;;;;;;TRUE;;279297
drumeo;Tesla;What You Give;;;;;;;;;;;TRUE;;374617
drumeo;TesseracT;Perfection - Concealing Fate, Pt. 4;;;;;;;;;;;TRUE;;285102
drumeo;TesseracT;Epiphany - Concealing Fate, Pt. 5;;;;;;;;;;;TRUE;;291576
drumeo;TesseracT;Deception - Concealing Fate, Pt. 2;;;;;;;;;;;TRUE;;279301
drumeo;TesseracT;Acceptance - Concealing Fate, Pt. 1;;;;;;;;;;;TRUE;;279299
drumeo;Tetrarch;Stitch Me Up;;;;;;;;;;;TRUE;;344750
drumeo;The 1975;Chocolate;;;;;;;;;;;TRUE;;264645
drumeo;The 1975;Somebody Else;;;;;;;;;;;TRUE;;279303
drumeo;The All-American Rejects;It Ends Tonight;;;;;;;;;;;TRUE;;275758
drumeo;The All-American Rejects;Move Along;;;;;;;;;;;TRUE;;275760
drumeo;The All-American Rejects;Gives You Hell;;;;;;;;;;;TRUE;;270709
drumeo;The Allman Brothers Band;Ramblin' Man;;;;;;;;;;;TRUE;;275762
drumeo;The Allman Brothers Band;Whipping Post;;;;;;;;;;;TRUE;;279305
drumeo;The Allman Brothers Band;No One To Run With;;;;;;;;;;;TRUE;;366280
drumeo;The Allman Brothers Band;Statesboro Blues;;;;;;;;;;;TRUE;;328249
drumeo;The Angels;Marseilles;;;;;;;;;;;TRUE;;291580
drumeo;The Animals;The House Of The Rising Sun;;;;;;;;;;;TRUE;;317234
drumeo;The B-52's;Love Shack;;;;;;;;;;;TRUE;;270711
drumeo;The B-52's;Rock Lobster;;;;;;;;;;;TRUE;;352729
drumeo;The Band;The Weight;;;;;;;;;;;TRUE;;275764
drumeo;The Band;Ophelia;;;;;;;;;;;TRUE;;275766
drumeo;The Bangles;Walk Like An Egyptian;;;;;;;;;;;TRUE;;270713
drumeo;The Bangles;Manic Monday;;;;;;;;;;;TRUE;;294793
drumeo;The Beach Boys;Fun, Fun, Fun;;;;;;;;;;;TRUE;;285108
drumeo;The Beach Boys;All Summer Long;;;;;;;;;;;TRUE;;285106
drumeo;The Beach Boys;Then I Kissed Her;;;;;;;;;;;TRUE;;285114
drumeo;The Beach Boys;Surfin' U.S.A.;;;;;;;;;;;TRUE;;279307
drumeo;The Beach Boys;Good Vibrations;;;;;;;;;;;TRUE;;285110
drumeo;The Beaches;T-Shirt;;;;;;;;;;;TRUE;;374619
drumeo;The Beat;Mirror In The Bathroom;;;;;;;;;;;TRUE;;291584
drumeo;The Beatles;I'll Be Back;;;;;;;;;;;TRUE;;309322
drumeo;The Black Crowes;She Talks To Angels;;;;;;;;;;;TRUE;;291586
drumeo;The Black Crowes;Remedy;;;;;;;;;;;TRUE;;322478
drumeo;The Black Crowes;Hard To Handle;;;;;;;;;;;TRUE;;264665
drumeo;The Black Keys;Lonely Boy;;;;;;;;;;;TRUE;;279315
drumeo;The Blues Brothers;Everybody Needs Somebody To Love;;;;;;;;;;;TRUE;;291588
drumeo;The Becker Brothers;Some Skunk Funk;;;;;;;;;;;TRUE;;371179
drumeo;Buddy Rich Big Band;The Beat Goes On;;;;;;;;;;;TRUE;;322476
drumeo;The Calling;Wherever You Will Go;;;;;;;;;;;TRUE;;264669
drumeo;The Cardigans;Lovefool;;;;;;;;;;;TRUE;;270719
drumeo;The Cars;Just What I Needed;;;;;;;;;;;TRUE;;264671
drumeo;The Chainsmokers;Paris;;;;;;;;;;;TRUE;;291592
drumeo;The Chainsmokers;Don't Let Me Down;;;;;;;;;;;TRUE;;291590
drumeo;The Chainsmokers;Something Just Like This;;;;;;;;;;;TRUE;;291594
drumeo;The Clash;Rock The Casbah;;;;;;;;;;;TRUE;;275782
drumeo;The Clash;Should I Stay Or Should I Go;;;;;;;;;;;TRUE;;331219
drumeo;The Clash;London Calling;;;;;;;;;;;TRUE;;317260
drumeo;The Clash;I Fought The Law;;;;;;;;;;;TRUE;;279317
drumeo;The Clash;Rudie Can't Fail;;;;;;;;;;;TRUE;;302664
drumeo;The Clash;Tommy Gun;;;;;;;;;;;TRUE;;270723
drumeo;The Clash;Stay Free;;;;;;;;;;;TRUE;;270721
drumeo;The Commitments;Chain Of Fools;;;;;;;;;;;TRUE;;371160
drumeo;The Cranberries;Dreams;;;;;;;;;;;TRUE;;317265
drumeo;The Cranberries;Linger;;;;;;;;;;;TRUE;;291596
drumeo;The Cranberries;Zombie;;;;;;;;;;;TRUE;;291598
drumeo;The Crystal Method;Name Of The Game;;;;;;;;;;;TRUE;;349876
drumeo;The Cult;She Sells Sanctuary;;;;;;;;;;;TRUE;;264673
drumeo;The Cure;Pictures Of You;;;;;;;;;;;TRUE;;291600
drumeo;The Cure;Push;;;;;;;;;;;TRUE;;374621
drumeo;The Cure;Just Like Heaven;;;;;;;;;;;TRUE;;275784
drumeo;The Cure;Friday I'm In Love;;;;;;;;;;;TRUE;;360017
drumeo;The Darkness;Growing On Me;;;;;;;;;;;TRUE;;360019
drumeo;The Darkness;I Believe In A Thing Called Love;;;;;;;;;;;TRUE;;362465
drumeo;Dave Brubeck Quartet;Blue Rondo A La Turk;;;;;;;;;;;TRUE;;346221
drumeo;The Death Riders;Dead Garden;;;;;;;;;;;TRUE;;374623
drumeo;The Doobie Brothers;Long Train Runnin';;;;;;;;;;;TRUE;;291602
drumeo;The Doors;Roadhouse Blues;;;;;;;;;;;TRUE;;348768
drumeo;The Doors;Light My Fire;;;;;;;;;;;TRUE;;279321
drumeo;The Doors;Riders On The Storm;;;;;;;;;;;TRUE;;279319
drumeo;The Four Seasons;December, 1963 (Oh, What A Night);;;;;;;;;;;TRUE;;299106
drumeo;The Fratellis;Chelsea Dagger;;;;;;;;;;;TRUE;;344753
drumeo;The Fray;You Found Me;;;;;;;;;;;TRUE;;279323
drumeo;The Fray;How To Save A Life;;;;;;;;;;;TRUE;;264675
drumeo;The Gaslight Anthem;1930;;;;;;;;;;;TRUE;;291604
drumeo;The Go-Go's;We Got The Beat;;;;;;;;;;;TRUE;;294799
drumeo;The Go-Go's;Our Lips Are Sealed;;;;;;;;;;;TRUE;;294797
drumeo;The Hives;Tick Tick Boom;;;;;;;;;;;TRUE;;374625
drumeo;The Hollies;Long Cool Woman (In A Black Dress);;;;;;;;;;;TRUE;;291606
drumeo;The Isley Brothers;This Old Heart Of Mine (Is Weak For You);;;;;;;;;;;TRUE;;364777
drumeo;The Isley Brothers;It's Your Thing;;;;;;;;;;;TRUE;;291608
drumeo;The Jackson 5;ABC;;;;;;;;;;;TRUE;;270725
drumeo;The Jackson 5;The Love You Save;;;;;;;;;;;TRUE;;264677
drumeo;The Jackson 5;Blame It On The Boogie;;;;;;;;;;;TRUE;;279325
drumeo;The Jackson 5;Shake Your Body (Down To The Ground);;;;;;;;;;;TRUE;;285124
drumeo;The Jam;Going Underground;;;;;;;;;;;TRUE;;291610
drumeo;The Jimi Hendrix Experience;Purple Haze;;;;;;;;;;;TRUE;;264679
drumeo;The Jimi Hendrix Experience;Voodoo Child;;;;;;;;;;;TRUE;;344757
drumeo;The Kid LAROI & Justin Bieber;Stay;;;;;;;;;;;TRUE;;356088
drumeo;The Killers;Don't Shoot Me Santa;;;;;;;;;;;TRUE;;364779
drumeo;The Killers;Human;;;;;;;;;;;TRUE;;299108
drumeo;The Killers;Mr. Brightside;;;;;;;;;;;TRUE;;264681
drumeo;The Killers;Read My Mind;;;;;;;;;;;TRUE;;264683
drumeo;The Kinks;You Really Got Me;;;;;;;;;;;TRUE;;279327
drumeo;The Kinks;Lola;;;;;;;;;;;TRUE;;275786
drumeo;The Knack;My Sharona;;;;;;;;;;;TRUE;;305695
drumeo;The Meters;Look-Ka Py Py;;;;;;;;;;;TRUE;;317788
drumeo;The Meters;Fire On The Bayou;;;;;;;;;;;TRUE;;270727
drumeo;The Meters;Hey Pocky A-Way;;;;;;;;;;;TRUE;;270729
drumeo;The Meters;Cissy Strut;;;;;;;;;;;TRUE;;275788
drumeo;The Mighty Mighty Bosstones;The Impression That I Get;;;;;;;;;;;TRUE;;317269
drumeo;The Moody Blues;I'm Just A Singer (In A Rock And Roll Band);;;;;;;;;;;TRUE;;360021
drumeo;The Moody Blues;Nights In White Satin;;;;;;;;;;;TRUE;;337435
drumeo;The National;About Today;;;;;;;;;;;TRUE;;291614
drumeo;The O’Jays;Love Train;;;;;;;;;;;TRUE;;374627
drumeo;The Offspring;You're Gonna Go Far, Kid;;;;;;;;;;;TRUE;;264687
drumeo;The Offspring;The Kids Aren't Alright;;;;;;;;;;;TRUE;;314530
drumeo;The Offspring;Gone Away;;;;;;;;;;;TRUE;;356059
drumeo;The Offspring;Pretty Fly (For A White Guy);;;;;;;;;;;TRUE;;344759
drumeo;The Offspring;Self Esteem;;;;;;;;;;;TRUE;;305697
drumeo;The Outfield;Your Love;;;;;;;;;;;TRUE;;264689
drumeo;The Pineapple Thief;Wretched Soul;;;;;;;;;;;TRUE;;331221
drumeo;The Pineapple Thief;Versions Of The Truth;;;;;;;;;;;TRUE;;302666
drumeo;Pixies;Where Is My Mind?;;;;;;;;;;;TRUE;;299094
drumeo;The Police;Man In A Suitcase;;;;;;;;;;;TRUE;;321373
drumeo;The Police;Walking On The Moon;;;;;;;;;;;TRUE;;321279
drumeo;The Police;Born In The 50s;;;;;;;;;;;TRUE;;321192
drumeo;The Police;Hole In My Life;;;;;;;;;;;TRUE;;321197
drumeo;The Police;Can't Stand Losing You;;;;;;;;;;;TRUE;;321195
drumeo;The Police;Too Much Information;;;;;;;;;;;TRUE;;321187
drumeo;The Police;Canary In A Coalmine;;;;;;;;;;;TRUE;;321365
drumeo;The Police;Invisible Sun;;;;;;;;;;;TRUE;;321176
drumeo;The Police;Behind My Camel;;;;;;;;;;;TRUE;;321360
drumeo;The Police;Driven To Tears;;;;;;;;;;;TRUE;;321371
drumeo;The Police;It's Alright For You;;;;;;;;;;;TRUE;;321258
drumeo;The Police;Mother;;;;;;;;;;;TRUE;;321339
drumeo;The Police;When The World Is Running Down, You Make The Best Of What's Still Around;;;;;;;;;;;TRUE;;321385
drumeo;The Police;Contact;;;;;;;;;;;TRUE;;321215
drumeo;The Police;Rehumanize Yourself;;;;;;;;;;;TRUE;;321183
drumeo;The Police;Synchronicity II;;;;;;;;;;;TRUE;;321350
drumeo;The Police;One World (Not Three);;;;;;;;;;;TRUE;;321181
drumeo;The Police;Voices Inside My Head;;;;;;;;;;;TRUE;;321383
drumeo;The Police;Synchronicity I;;;;;;;;;;;TRUE;;321345
drumeo;The Police;De Do Do Do, De Da Da Da;;;;;;;;;;;TRUE;;321367
drumeo;The Police;Every Breath You Take;;;;;;;;;;;TRUE;;234286
drumeo;The Police;Darkness;;;;;;;;;;;TRUE;;321166
drumeo;The Police;Bombs Away;;;;;;;;;;;TRUE;;321362
drumeo;The Police;On Any Other Day;;;;;;;;;;;TRUE;;321268
drumeo;The Police;Roxanne;;;;;;;;;;;TRUE;;23527
drumeo;The Police;The Bed's Too Big Without You;;;;;;;;;;;TRUE;;321272
drumeo;The Police;The Other Way Of Stopping;;;;;;;;;;;TRUE;;321381
drumeo;The Police;Wrapped Around Your Finger;;;;;;;;;;;TRUE;;321356
drumeo;The Police;Message In A Bottle;;;;;;;;;;;TRUE;;260638
drumeo;The Police;Miss Gradenko;;;;;;;;;;;TRUE;;321337
drumeo;The Police;So Lonely;;;;;;;;;;;TRUE;;232623
drumeo;The Police;O My God;;;;;;;;;;;TRUE;;321343
drumeo;The Police;Be My Girl, Sally;;;;;;;;;;;TRUE;;321190
drumeo;The Police;Does Everyone Stare;;;;;;;;;;;TRUE;;321254
drumeo;The Police;Next To You;;;;;;;;;;;TRUE;;321202
drumeo;The Police;Hungry For You;;;;;;;;;;;TRUE;;321174
drumeo;The Police;King Of Pain;;;;;;;;;;;TRUE;;321283
drumeo;The Police;No Time This Time;;;;;;;;;;;TRUE;;321264
drumeo;The Police;Murder By Numbers;;;;;;;;;;;TRUE;;321341
drumeo;The Police;Every Little Thing She Does Is Magic;;;;;;;;;;;TRUE;;321171
drumeo;The Police;Reggatta De Blanc;;;;;;;;;;;TRUE;;321270
drumeo;The Police;Secret Journey;;;;;;;;;;;TRUE;;321185
drumeo;The Police;Deathwish;;;;;;;;;;;TRUE;;321219
drumeo;The Police;Shadows In The Rain;;;;;;;;;;;TRUE;;321375
drumeo;The Police;Truth Hits Everybody;;;;;;;;;;;TRUE;;321206
drumeo;The Police;Bring On The Night;;;;;;;;;;;TRUE;;321208
drumeo;The Police;Don't Stand So Close To Me;;;;;;;;;;;TRUE;;321369
drumeo;The Police;Demolition Man;;;;;;;;;;;TRUE;;321168
drumeo;The Police;Masoko Tanga;;;;;;;;;;;TRUE;;321200
drumeo;The Police;Spirits In The Material World;;;;;;;;;;;TRUE;;270731
drumeo;The Police;Peanuts;;;;;;;;;;;TRUE;;321204
drumeo;The Police;Omegaman;;;;;;;;;;;TRUE;;321178
drumeo;The Police;Tea In The Sahara;;;;;;;;;;;TRUE;;321352
drumeo;The Police;Walking In Your Footsteps;;;;;;;;;;;TRUE;;321354
drumeo;The Presidents Of The United States Of America;Lump;;;;;;;;;;;TRUE;;309169
drumeo;The Pretenders;Middle Of The Road;;;;;;;;;;;TRUE;;279331
drumeo;The Pretty Reckless;Death By Rock And Roll;;;;;;;;;;;TRUE;;309171
drumeo;The Raconteurs;Steady As She Goes;;;;;;;;;;;TRUE;;352731
drumeo;The Reign Of Kindo;Till We Make Our Ascent;;;;;;;;;;;TRUE;;285128
drumeo;The Rolling Stones;Ventilator Blues;;;;;;;;;;;TRUE;;291624
drumeo;The Rolling Stones;Start Me Up;;;;;;;;;;;TRUE;;279333
drumeo;The Rolling Stones;Sympathy For The Devil;;;;;;;;;;;TRUE;;275792
drumeo;The Rolling Stones;Miss You;;;;;;;;;;;TRUE;;264697
drumeo;The Rolling Stones;Under My Thumb;;;;;;;;;;;TRUE;;291622
drumeo;The Rolling Stones;Ruby Tuesday;;;;;;;;;;;TRUE;;270733
drumeo;The Rolling Stones;Gimme Shelter;;;;;;;;;;;TRUE;;348770
drumeo;The Rolling Stones;Jumpin' Jack Flash;;;;;;;;;;;TRUE;;264695
drumeo;The Rolling Stones;Not Fade Away;;;;;;;;;;;TRUE;;374198
drumeo;The Roots;You Got Me;;;;;;;;;;;TRUE;;270737
drumeo;The Roots;Mellow My Man;;;;;;;;;;;TRUE;;275794
drumeo;The Roots;Dear God 2.0;;;;;;;;;;;TRUE;;279334
drumeo;The Roots;The OtherSide;;;;;;;;;;;TRUE;;270739
drumeo;The Runaways;Cherry Bomb;;;;;;;;;;;TRUE;;279336
drumeo;The Runaways;You Drive Me Wild;;;;;;;;;;;TRUE;;294801
drumeo;The Script;Nothing;;;;;;;;;;;TRUE;;279338
drumeo;The Script;The Man Who Can't Be Moved;;;;;;;;;;;TRUE;;291626
drumeo;The Smashing Pumpkins;Cherub Rock;;;;;;;;;;;TRUE;;275798
drumeo;The Smashing Pumpkins;Zero;;;;;;;;;;;TRUE;;373401
drumeo;The Smashing Pumpkins;Bullet With Butterfly Wings;;;;;;;;;;;TRUE;;279340
drumeo;The Smashing Pumpkins;1979;;;;;;;;;;;TRUE;;275796
drumeo;The Smashing Pumpkins;Tonight, Tonight;;;;;;;;;;;TRUE;;344762
drumeo;The Smashing Pumpkins;Today;;;;;;;;;;;TRUE;;275800
drumeo;The Smiths;How Soon Is Now?;;;;;;;;;;;TRUE;;291628
drumeo;The Soul Searchers;Ashley's Roachclip;;;;;;;;;;;TRUE;;356061
drumeo;The Stone Roses;I Wanna Be Adored;;;;;;;;;;;TRUE;;291630
drumeo;The Stone Roses;Made Of Stone;;;;;;;;;;;TRUE;;291632
drumeo;The Stone Roses;Fools Gold;;;;;;;;;;;TRUE;;374629
drumeo;The Stooges;I Wanna Be Your Dog;;;;;;;;;;;TRUE;;270741
drumeo;The Strokes;Last Nite;;;;;;;;;;;TRUE;;337437
drumeo;The Style Council;Dropping Bombs On The White House;;;;;;;;;;;TRUE;;337439
drumeo;The Supremes;Stop! In The Name Of Love;;;;;;;;;;;TRUE;;279342
drumeo;The Supremes;Where Did Our Love Go;;;;;;;;;;;TRUE;;285132
drumeo;The Supremes;Baby Love;;;;;;;;;;;TRUE;;285130
drumeo;The Temptations;Just My Imagination (Running Away With Me);;;;;;;;;;;TRUE;;270747
drumeo;The Temptations;Papa Was A Rollin' Stone;;;;;;;;;;;TRUE;;270743
drumeo;The Temptations;My Girl;;;;;;;;;;;TRUE;;279344
drumeo;The Temptations;Get Ready;;;;;;;;;;;TRUE;;270745
drumeo;The Temptations;Ain't Too Proud To Beg;;;;;;;;;;;TRUE;;285134
drumeo;The Teskey Brothers;So Caught Up;;;;;;;;;;;TRUE;;364781
drumeo;The Tony Williams Lifetime;Proto-Cosmos;;;;;;;;;;;TRUE;;270749
drumeo;The Tragically Hip;Blow At High Dough;;;;;;;;;;;TRUE;;291634
drumeo;The Travelling Wilburys;End Of The Line;;;;;;;;;;;TRUE;;337441
drumeo;The Used;Buried Myself Alive;;;;;;;;;;;TRUE;;291640
drumeo;The Used;A Box Full Of Sharp Objects;;;;;;;;;;;TRUE;;291638
drumeo;The Ventures;Walk, Don't Run;;;;;;;;;;;TRUE;;279346
drumeo;The Wallflowers;One Headlight;;;;;;;;;;;TRUE;;365671
drumeo;The Wallflowers;6th Avenue Heartache;;;;;;;;;;;TRUE;;326673
drumeo;The Weeknd;Blinding Lights;;;;;;;;;;;TRUE;;302668
drumeo;The White Stripes;Seven Nation Army;;;;;;;;;;;TRUE;;264699
drumeo;The Who;Behind Blue Eyes;;;;;;;;;;;TRUE;;337443
drumeo;The Who;Pinball Wizard;;;;;;;;;;;TRUE;;373403
drumeo;The Who;My Generation;;;;;;;;;;;TRUE;;279348
drumeo;The Who;Baba O'Riley;;;;;;;;;;;TRUE;;291644
drumeo;The Winstons;Amen, Brother;;;;;;;;;;;TRUE;;275804
drumeo;The Wonders;That Thing You Do!;;;;;;;;;;;TRUE;;291646
drumeo;Them Crooked Vultures;No One Loves Me & Neither Do I;;;;;;;;;;;TRUE;;285136
drumeo;Them Crooked Vultures;New Fang;;;;;;;;;;;TRUE;;279350
drumeo;Theory Of A Deadman;Bad Girlfriend;;;;;;;;;;;TRUE;;374633
drumeo;They Might Be Giants;Boss Of Me;;;;;;;;;;;TRUE;;348774
drumeo;Thin Lizzy;Cowboy Song;;;;;;;;;;;TRUE;;285138
drumeo;Thin Lizzy;Don't Believe A Word;;;;;;;;;;;TRUE;;279354
drumeo;Thin Lizzy;Whiskey In The Jar;;;;;;;;;;;TRUE;;285140
drumeo;Thin Lizzy;Jailbreak;;;;;;;;;;;TRUE;;279352
drumeo;Third Eye Blind;Graduate;;;;;;;;;;;TRUE;;373848
drumeo;Third Eye Blind;Semi-Charmed Life;;;;;;;;;;;TRUE;;309175
drumeo;Three Days Grace;I Am Machine;;;;;;;;;;;TRUE;;373851
drumeo;Thundercat;Them Changes;;;;;;;;;;;TRUE;;264701
drumeo;Tiffany;I Think We're Alone Now;;;;;;;;;;;TRUE;;365683
drumeo;Till Lindemann;Ich Hasse Kinder;;;;;;;;;;;TRUE;;374582
drumeo;Tina Turner;What's Love Got To Do With It;;;;;;;;;;;TRUE;;270755
drumeo;TLC;Waterfalls;;;;;;;;;;;TRUE;;322480
drumeo;Tom Cochrane;Life Is A Highway;;;;;;;;;;;TRUE;;275806
drumeo;Tom Petty;A Mind With A Heart Of Its Own;;;;;;;;;;;TRUE;;296077
drumeo;Tom Petty;You Wreck Me;;;;;;;;;;;TRUE;;279356
drumeo;Tom Petty;Yer So Bad;;;;;;;;;;;TRUE;;296090
drumeo;Tom Petty;I Won’t Back Down;;;;;;;;;;;TRUE;;264705
drumeo;Tom Petty;Love Is A Long Road;;;;;;;;;;;TRUE;;296083
drumeo;Tom Petty;Runnin' Down A Dream;;;;;;;;;;;TRUE;;296086
drumeo;Tom Petty;A Face In The Crowd;;;;;;;;;;;TRUE;;296074
drumeo;Tom Petty;The Apartment Song;;;;;;;;;;;TRUE;;296088
drumeo;Tom Petty;Zombie Zoo;;;;;;;;;;;TRUE;;296092
drumeo;Tom Petty;You Don't Know How It Feels;;;;;;;;;;;TRUE;;285146
drumeo;Tom Petty;Free Fallin’;;;;;;;;;;;TRUE;;264703
drumeo;Tom Petty & The Heartbreakers;Refugee;;;;;;;;;;;TRUE;;373853
drumeo;Tom Petty & The Heartbreakers;Learning To Fly;;;;;;;;;;;TRUE;;264707
drumeo;Tom Petty & The Heartbreakers;American Girl;;;;;;;;;;;TRUE;;270757
drumeo;Tommy Tutone;867-5309/Jenny;;;;;;;;;;;TRUE;;291652
drumeo;Tony Joe White;Polk Salad Annie;;;;;;;;;;;TRUE;;349880
drumeo;Tool;7empest;;;;;;;;;;;TRUE;;368735
drumeo;Tool;Invincible;;;;;;;;;;;TRUE;;270765
drumeo;Tool;Pneuma;;;;;;;;;;;TRUE;;270767
drumeo;Tool;Rosetta Stoned;;;;;;;;;;;TRUE;;372740
drumeo;Tool;Ænema;;;;;;;;;;;TRUE;;270761
drumeo;Tool;Jambi;;;;;;;;;;;TRUE;;270759
drumeo;Tool;Schism;;;;;;;;;;;TRUE;;270769
drumeo;Tool;Eulogy;;;;;;;;;;;TRUE;;270763
drumeo;Tool;Forty Six & 2;;;;;;;;;;;TRUE;;264709
drumeo;Tool;Stinkfist;;;;;;;;;;;TRUE;;360015
drumeo;Tool;The Grudge;;;;;;;;;;;TRUE;;270771
drumeo;Tori Amos;Space Dog;;;;;;;;;;;TRUE;;328251
drumeo;Tori Kelly;Masterpiece;;;;;;;;;;;TRUE;;285148
drumeo;Toto;Rockmaker;;;;;;;;;;;TRUE;;291660
drumeo;Toto;Jake To The Bone;;;;;;;;;;;TRUE;;295214
drumeo;Toto;Pamela;;;;;;;;;;;TRUE;;270775
drumeo;Toto;Mama;;;;;;;;;;;TRUE;;291654
drumeo;Toto;Angela;;;;;;;;;;;TRUE;;291656
drumeo;Toto;Stop Loving You;;;;;;;;;;;TRUE;;285152
drumeo;Toto;Lovers In The Night;;;;;;;;;;;TRUE;;291662
drumeo;Toto;Mushanga;;;;;;;;;;;TRUE;;295218
drumeo;Toto;I'll Supply The Love;;;;;;;;;;;TRUE;;291658
drumeo;Toto;These Chains;;;;;;;;;;;TRUE;;295220
drumeo;Tower Of Power;What Is Hip?;;;;;;;;;;;TRUE;;19653
drumeo;Tower Of Power;On The Serious Side;;;;;;;;;;;TRUE;;373409
drumeo;Tower Of Power;Ebony Jam;;;;;;;;;;;TRUE;;373411
drumeo;Tower Of Power;Squib Cakes;;;;;;;;;;;TRUE;;317790
drumeo;Tower Of Power;Vuela Por Noche;;;;;;;;;;;TRUE;;373413
drumeo;Tower Of Power;Soul With A Capital S;;;;;;;;;;;TRUE;;309177
drumeo;Tower Of Power;Soul Vaccination;;;;;;;;;;;TRUE;;373407
drumeo;Tracy Chapman;Fast Car;;;;;;;;;;;TRUE;;337445
drumeo;Tracy Chapman;America;;;;;;;;;;;TRUE;;374635
drumeo;Train;This'll Be My Year;;;;;;;;;;;TRUE;;285154
drumeo;Train;Hey, Soul Sister;;;;;;;;;;;TRUE;;275808
drumeo;Train;Save Me, San Francisco;;;;;;;;;;;TRUE;;285156
drumeo;Train;Drops Of Jupiter;;;;;;;;;;;TRUE;;270779
drumeo;Train;50 Ways To Say Goodbye;;;;;;;;;;;TRUE;;291664
drumeo;Train;If It's Love;;;;;;;;;;;TRUE;;291668
drumeo;Train;Drive By;;;;;;;;;;;TRUE;;270777
drumeo;Train;Bulletproof Picasso;;;;;;;;;;;TRUE;;373855
drumeo;Train;Parachute;;;;;;;;;;;TRUE;;291670
drumeo;Trapt;Headstrong;;;;;;;;;;;TRUE;;349884
drumeo;Trooper;Raise A Little Hell;;;;;;;;;;;TRUE;;328253
drumeo;Twenty One Pilots;Leave The City;;;;;;;;;;;TRUE;;303699
drumeo;Twenty One Pilots;Morph;;;;;;;;;;;TRUE;;303708
drumeo;Twenty One Pilots;Legend;;;;;;;;;;;TRUE;;303703
drumeo;Twenty One Pilots;The Judge;;;;;;;;;;;TRUE;;303687
drumeo;Twenty One Pilots;Goner;;;;;;;;;;;TRUE;;303645
drumeo;Twenty One Pilots;Migraine;;;;;;;;;;;TRUE;;279360
drumeo;Twenty One Pilots;Jumpsuit;;;;;;;;;;;TRUE;;303697
drumeo;Twenty One Pilots;Stressed Out;;;;;;;;;;;TRUE;;275810
drumeo;Twenty One Pilots;Neon Gravestones;;;;;;;;;;;TRUE;;303712
drumeo;Twenty One Pilots;Nico And The Niners;;;;;;;;;;;TRUE;;303714
drumeo;Twenty One Pilots;Message Man;;;;;;;;;;;TRUE;;303679
drumeo;Twenty One Pilots;My Blood;;;;;;;;;;;TRUE;;303710
drumeo;Twenty One Pilots;Chlorine;;;;;;;;;;;TRUE;;303693
drumeo;Twenty One Pilots;We Don't Believe What's On TV;;;;;;;;;;;TRUE;;303689
drumeo;Twenty One Pilots;Doubt;;;;;;;;;;;TRUE;;303638
drumeo;Twenty One Pilots;Smithereens;;;;;;;;;;;TRUE;;303718
drumeo;Twenty One Pilots;Heavydirtysoul;;;;;;;;;;;TRUE;;285158
drumeo;Twenty One Pilots;Lane Boy;;;;;;;;;;;TRUE;;303677
drumeo;Twenty One Pilots;Not Today;;;;;;;;;;;TRUE;;303681
drumeo;Twenty One Pilots;Pet Cheetah;;;;;;;;;;;TRUE;;303716
drumeo;Twenty One Pilots;Polarize;;;;;;;;;;;TRUE;;303683
drumeo;Twenty One Pilots;Levitate;;;;;;;;;;;TRUE;;303705
drumeo;Twenty One Pilots;Tear In My Heart;;;;;;;;;;;TRUE;;303685
drumeo;Twenty One Pilots;The Hype;;;;;;;;;;;TRUE;;303720
drumeo;Twenty One Pilots;Fairly Local;;;;;;;;;;;TRUE;;303643
drumeo;Twenty One Pilots;Shy Away;;;;;;;;;;;TRUE;;328255
drumeo;Tyrone Davis;Turn Back The Hands Of Time;;;;;;;;;;;TRUE;;352733
drumeo;U2;Red Light;;;;;;;;;;;TRUE;;324106
drumeo;U2;I Threw A Brick Through A Window;;;;;;;;;;;TRUE;;324012
drumeo;U2;Miracle Drug;;;;;;;;;;;TRUE;;323970
drumeo;U2;Until The End Of The World;;;;;;;;;;;TRUE;;323942
drumeo;U2;Love Is Blindness;;;;;;;;;;;TRUE;;323914
drumeo;U2;Heartland;;;;;;;;;;;TRUE;;324069
drumeo;U2;Promenade;;;;;;;;;;;TRUE;;324094
drumeo;U2;Vertigo;;;;;;;;;;;TRUE;;279364
drumeo;U2;Stand Up Comedy;;;;;;;;;;;TRUE;;324016
drumeo;U2;Stuck In A Moment You Can’t Get Out Of;;;;;;;;;;;TRUE;;323922
drumeo;U2;I'll Go Crazy If I Don't Go Crazy Tonight;;;;;;;;;;;TRUE;;324001
drumeo;U2;The Ocean;;;;;;;;;;;TRUE;;323990
drumeo;U2;The Ground Beneath Her Feet;;;;;;;;;;;TRUE;;323926
drumeo;U2;Red Hill Mining Town;;;;;;;;;;;TRUE;;324072
drumeo;U2;Sometimes You Can't Make It On Your Own;;;;;;;;;;;TRUE;;323976
drumeo;U2;With Or Without You;;;;;;;;;;;TRUE;;291672
drumeo;U2;Out Of Control;;;;;;;;;;;TRUE;;323963
drumeo;U2;The Refugee;;;;;;;;;;;TRUE;;324112
drumeo;U2;40;;;;;;;;;;;TRUE;;324100
drumeo;U2;Magnificent;;;;;;;;;;;TRUE;;324006
drumeo;U2;Like A Song;;;;;;;;;;;TRUE;;324104
drumeo;U2;I Will Follow;;;;;;;;;;;TRUE;;264723
drumeo;U2;Moment Of Surrender;;;;;;;;;;;TRUE;;324009
drumeo;U2;One Step Closer;;;;;;;;;;;TRUE;;323972
drumeo;U2;Elevation;;;;;;;;;;;TRUE;;264719
drumeo;U2;All I Want Is You;;;;;;;;;;;TRUE;;324050
drumeo;U2;Beautiful Day;;;;;;;;;;;TRUE;;264715
drumeo;U2;Original Of The Species;;;;;;;;;;;TRUE;;323974
drumeo;U2;Acrobat;;;;;;;;;;;TRUE;;323905
drumeo;U2;New York;;;;;;;;;;;TRUE;;323915
drumeo;U2;Is That All?;;;;;;;;;;;TRUE;;324017
drumeo;U2;Get On Your Boots;;;;;;;;;;;TRUE;;323997
drumeo;U2;Sunday Bloody Sunday;;;;;;;;;;;TRUE;;270781
drumeo;U2;New Year's Day;;;;;;;;;;;TRUE;;264725
drumeo;U2;Stories For Boys;;;;;;;;;;;TRUE;;323984
drumeo;U2;Grace;;;;;;;;;;;TRUE;;323902
drumeo;U2;Silver And Gold;;;;;;;;;;;TRUE;;324081
drumeo;U2;Hawkmoon 269;;;;;;;;;;;TRUE;;324064
drumeo;U2;A Man And A Woman;;;;;;;;;;;TRUE;;323950
drumeo;U2;Shadows And Tall Trees/Saturday Matinee;;;;;;;;;;;TRUE;;323981
drumeo;U2;A Sort Of Homecoming;;;;;;;;;;;TRUE;;324086
drumeo;U2;Walk On;;;;;;;;;;;TRUE;;323930
drumeo;U2;So Cruel;;;;;;;;;;;TRUE;;323925
drumeo;U2;Rejoice;;;;;;;;;;;TRUE;;324024
drumeo;U2;City Of Blinding Lights;;;;;;;;;;;TRUE;;323959
drumeo;U2;Trip Through Your Wires;;;;;;;;;;;TRUE;;324082
drumeo;U2;Scarlet;;;;;;;;;;;TRUE;;324026
drumeo;U2;Twilight;;;;;;;;;;;TRUE;;323994
drumeo;U2;No Line On The Horizon;;;;;;;;;;;TRUE;;324013
drumeo;U2;All Because Of You;;;;;;;;;;;TRUE;;323954
drumeo;U2;White As Snow;;;;;;;;;;;TRUE;;324022
drumeo;U2;Surrender;;;;;;;;;;;TRUE;;324110
drumeo;U2;Tomorrow;;;;;;;;;;;TRUE;;324031
drumeo;U2;I Fall Down;;;;;;;;;;;TRUE;;324008
drumeo;U2;The Fly;;;;;;;;;;;TRUE;;323929
drumeo;U2;Zoo Station;;;;;;;;;;;TRUE;;323948
drumeo;U2;When I Look At The World;;;;;;;;;;;TRUE;;323934
drumeo;U2;Helter Skelter;;;;;;;;;;;TRUE;;324060
drumeo;U2;Gloria;;;;;;;;;;;TRUE;;324000
drumeo;U2;The Unforgettable Fire;;;;;;;;;;;TRUE;;324096
drumeo;U2;Tryin' To Throw Your Arms Around The World;;;;;;;;;;;TRUE;;323933
drumeo;U2;Unknown Caller;;;;;;;;;;;TRUE;;324020
drumeo;U2;Love And Peace Or Else;;;;;;;;;;;TRUE;;323968
drumeo;U2;The Electric Co.;;;;;;;;;;;TRUE;;323988
drumeo;U2;Cedars Of Lebanon;;;;;;;;;;;TRUE;;323986
drumeo;U2;A Day Without Me;;;;;;;;;;;TRUE;;323943
drumeo;U2;Two Hearts Beat As One;;;;;;;;;;;TRUE;;324114
drumeo;U2;Even Better Than The Real Thing;;;;;;;;;;;TRUE;;323911
drumeo;U2;One Tree Hill;;;;;;;;;;;TRUE;;324068
drumeo;U2;When Love Comes To Town;;;;;;;;;;;TRUE;;324078
drumeo;U2;Love Rescue Me;;;;;;;;;;;TRUE;;324073
drumeo;U2;Angel Of Harlem;;;;;;;;;;;TRUE;;324052
drumeo;U2;Stranger In A Strange Land;;;;;;;;;;;TRUE;;324028
drumeo;U2;Who's Gonna Ride Your Wild Horses;;;;;;;;;;;TRUE;;323946
drumeo;U2;I Still Haven't Found What I'm Looking For;;;;;;;;;;;TRUE;;264721
drumeo;U2;Another Time, Another Place;;;;;;;;;;;TRUE;;323955
drumeo;U2;An Cat Dubh;;;;;;;;;;;TRUE;;323951
drumeo;U2;All Along The Watchtower;;;;;;;;;;;TRUE;;324038
drumeo;U2;God Part II;;;;;;;;;;;TRUE;;324057
drumeo;U2;Peace On Earth;;;;;;;;;;;TRUE;;323918
drumeo;U2;Mysterious Ways;;;;;;;;;;;TRUE;;279362
drumeo;U2;Running To Stand Still;;;;;;;;;;;TRUE;;324077
drumeo;U2;Seconds;;;;;;;;;;;TRUE;;324108
drumeo;U2;Pride (In the Name of Love);;;;;;;;;;;TRUE;;324092
drumeo;UB40;Red Red Wine;;;;;;;;;;;TRUE;;270783
drumeo;UB40;Kingston Town;;;;;;;;;;;TRUE;;344765
drumeo;Ugly Kid Joe;Cats In The Cradle;;;;;;;;;;;TRUE;;326676
drumeo;Ugress;Spider-Man Theme;;;;;;;;;;;TRUE;;364783
drumeo;Usher;Dive;;;;;;;;;;;TRUE;;347063
drumeo;Usher;Caught Up;;;;;;;;;;;TRUE;;347061
drumeo;Usher;Burn;;;;;;;;;;;TRUE;;347058
drumeo;Van Halen;Right Now;;;;;;;;;;;TRUE;;326678
drumeo;Van Halen;And The Cradle Will Rock...;;;;;;;;;;;TRUE;;264729
drumeo;Van Halen;Light Up The Sky;;;;;;;;;;;TRUE;;299010
drumeo;Van Halen;Ain't Talkin' 'Bout Love;;;;;;;;;;;TRUE;;291680
drumeo;Van Halen;Somebody Get Me A Doctor;;;;;;;;;;;TRUE;;299014
drumeo;Van Halen;Unchained;;;;;;;;;;;TRUE;;291684
drumeo;Van Halen;Little Dreamer;;;;;;;;;;;TRUE;;298995
drumeo;Van Halen;Outta Love Again;;;;;;;;;;;TRUE;;299012
drumeo;Van Halen;Good Enough;;;;;;;;;;;TRUE;;298976
drumeo;Van Halen;House Of Pain;;;;;;;;;;;TRUE;;298965
drumeo;Van Halen;Why Can't This Be Love;;;;;;;;;;;TRUE;;264731
drumeo;Van Halen;5150;;;;;;;;;;;TRUE;;298971
drumeo;Van Halen;On Fire;;;;;;;;;;;TRUE;;298997
drumeo;Van Halen;Atomic Punk;;;;;;;;;;;TRUE;;298983
drumeo;Van Halen;Intruder/(Oh) Pretty Woman;;;;;;;;;;;TRUE;;349887
drumeo;Van Halen;Jamie's Cryin';;;;;;;;;;;TRUE;;298993
drumeo;Van Halen;Runnin' With The Devil;;;;;;;;;;;TRUE;;291682
drumeo;Van Halen;Love Walks In;;;;;;;;;;;TRUE;;298981
drumeo;Van Halen;Hang ‘em High;;;;;;;;;;;TRUE;;374641
drumeo;Van Halen;You're No Good;;;;;;;;;;;TRUE;;299020
drumeo;Van Halen;You Really Got Me;;;;;;;;;;;TRUE;;299000
drumeo;Van Halen;Dreams;;;;;;;;;;;TRUE;;291676
drumeo;Vanilla Fudge;You Keep Me Hangin' On;;;;;;;;;;;TRUE;;356011
drumeo;Vasco Rossi;Gli Spari Sopra;;;;;;;;;;;TRUE;;362478
drumeo;Velvet Revolver;Slither;;;;;;;;;;;TRUE;;371162
drumeo;Violent Femmes;Blister in The Sun;;;;;;;;;;;TRUE;;337447
drumeo;Volbeat;Lola Montez;;;;;;;;;;;TRUE;;371164
drumeo;Voyager;Entropy;;;;;;;;;;;TRUE;;371167
drumeo;Vulfpeck;Back Pocket;;;;;;;;;;;TRUE;;275814
drumeo;Vulfpeck;Dean Town;;;;;;;;;;;TRUE;;285160
drumeo;Vulfpeck;1612;;;;;;;;;;;TRUE;;275812
drumeo;Vulkan;This Visual Hex;;;;;;;;;;;TRUE;;364786
drumeo;Walk The Moon;Shut Up And Dance;;;;;;;;;;;TRUE;;264735
drumeo;Warpaint;Love Is To Die;;;;;;;;;;;TRUE;;374643
drumeo;Warrant;Cherry Pie;;;;;;;;;;;TRUE;;365675
drumeo;Warrant;I Saw Red;;;;;;;;;;;TRUE;;270785
drumeo;Warren Zevon;Werewolves Of London;;;;;;;;;;;TRUE;;365677
drumeo;Warren Zevon;Poor Poor Pitiful Me;;;;;;;;;;;TRUE;;291686
drumeo;Wayne Shorter;Black Nile;;;;;;;;;;;TRUE;;275816
drumeo;Wayne Shorter;Footprints;;;;;;;;;;;TRUE;;346223
drumeo;Wayne Shorter;Night Dreamer;;;;;;;;;;;TRUE;;285162
drumeo;We The Kingdom;Holy Water;;;;;;;;;;;TRUE;;315949
drumeo;We The Kings;Check Yes, Juliet;;;;;;;;;;;TRUE;;349889
drumeo;Weezer;Undone – The Sweater Song;;;;;;;;;;;TRUE;;275820
drumeo;Weezer;Island In The Sun;;;;;;;;;;;TRUE;;275818
drumeo;Weezer;Hash Pipe;;;;;;;;;;;TRUE;;356067
drumeo;Wham!;Wake Me Up Before You Go-Go;;;;;;;;;;;TRUE;;275822
drumeo;Wham!;Last Christmas;;;;;;;;;;;TRUE;;291688
drumeo;White Zombie;Thunder Kiss '65;;;;;;;;;;;TRUE;;362468
drumeo;Whitesnake;Slide It In;;;;;;;;;;;TRUE;;275824
drumeo;Whitesnake;Slip Of The Tongue;;;;;;;;;;;TRUE;;285164
drumeo;Willie Nile;One Guitar;;;;;;;;;;;TRUE;;365685
drumeo;Winger;Miles Away;;;;;;;;;;;TRUE;;291692
drumeo;Wings;Live And Let Die;;;;;;;;;;;TRUE;;373858
drumeo;Yeah Yeah Yeahs;Maps;;;;;;;;;;;TRUE;;322483
drumeo;Yes;Roundabout;;;;;;;;;;;TRUE;;365679
drumeo;Yes;Heart Of The Sunrise;;;;;;;;;;;TRUE;;279374
drumeo;Young The Giant;Apartment;;;;;;;;;;;TRUE;;264743
drumeo;Zac Brown Band;Different Kind Of Fine;;;;;;;;;;;TRUE;;279376
drumeo;Zach Williams;Chain Breaker;;;;;;;;;;;TRUE;;275826
drumeo;ZZ Top;Beer Drinkers & Hell Raisers;;;;;;;;;;;TRUE;;349893
drumeo;ZZ Top;I Gotsta Get Paid;;;;;;;;;;;TRUE;;349891
drumeo;ZZ Top;La Grange;;;;;;;;;;;TRUE;;275828
drumeo;ZZ Top;Gimme All Your Lovin';;;;;;;;;;;TRUE;;294252
