brand;artist;title;album;style;difficulty;total_xp;artwork_filename;pdf_filename;assignment_title;assignment_xp;soundslice_slug;publishing_status;instrument_removed;pdf_filename_tabs_and_notation;content_id
drumeo;10 Years;The Shift;;;;;;;;;;;TRUE;;374523
drumeo;3 Doors Down;It's Not My Time;;;;;;;;;;;TRUE;;373786
drumeo;311;Beautiful Disaster;;;;;;;;;;;TRUE;;284668
drumeo;38 Special;Hold On Loosely;;;;;;;;;;;TRUE;;284670
drumeo;4 Non Blondes;What's Up;;;;;;;;;;;TRUE;;314501
drumeo;5 Seconds Of Summer;She Looks So Perfect;;;;;;;;;;;TRUE;;284672
drumeo;A Day To Remember;Sometimes You're The Hammer, Sometimes You're The Nail;;;;;;;;;;;TRUE;;275326
drumeo;A Day To Remember;I Surrender;;;;;;;;;;;TRUE;;284674
drumeo;A Day To Remember;If It Means A Lot To You;;;;;;;;;;;TRUE;;278879
drumeo;A Day To Remember;2nd Sucks;;;;;;;;;;;TRUE;;284676
drumeo;A Day To Remember;Right Back At It Again;;;;;;;;;;;TRUE;;278877
drumeo;A Perfect Circle;Judith;;;;;;;;;;;TRUE;;291178
drumeo;A Perfect Circle;Weak And Powerless;;;;;;;;;;;TRUE;;291180
drumeo;A Perfect Circle;The Outsider;;;;;;;;;;;TRUE;;284678
drumeo;A Perfect Circle;3 Libras;;;;;;;;;;;TRUE;;278881
drumeo;a-ha;Take On Me;;;;;;;;;;;TRUE;;275328
drumeo;Aaron Parks;Nemesis;;;;;;;;;;;TRUE;;270297
drumeo;ABBA;Voulez-Vous;;;;;;;;;;;TRUE;;275330
drumeo;ABBA;Mamma Mia;;;;;;;;;;;TRUE;;270299
drumeo;ABBA;Knowing Me, Knowing You;;;;;;;;;;;TRUE;;284682
drumeo;ABBA;The Visitors;;;;;;;;;;;TRUE;;374525
drumeo;ABBA;Dancing Queen;;;;;;;;;;;TRUE;;284680
drumeo;ABBA;I Still Have Faith In You;;;;;;;;;;;TRUE;;356069
drumeo;ABBA;Super Trouper;;;;;;;;;;;TRUE;;284684
drumeo;ABBA;The Winner Takes It All;;;;;;;;;;;TRUE;;270301
drumeo;AC/DC;Shot In The Dark;;;;;;;;;;;TRUE;;284696
drumeo;AC/DC;Love Hungry Man;;;;;;;;;;;TRUE;;296521
drumeo;AC/DC;I Put The Finger On You;;;;;;;;;;;TRUE;;296491
drumeo;AC/DC;Night Prowler;;;;;;;;;;;TRUE;;296523
drumeo;AC/DC;Who Made Who;;;;;;;;;;;TRUE;;284698
drumeo;AC/DC;For Those About To Rock (We Salute You);;;;;;;;;;;TRUE;;264249
drumeo;AC/DC;Hells Bells;;;;;;;;;;;TRUE;;255148
drumeo;AC/DC;Let There Be Rock;;;;;;;;;;;TRUE;;275332
drumeo;Adele;Skyfall;;;;;;;;;;;TRUE;;328146
drumeo;Adele;Rolling In The Deep;;;;;;;;;;;TRUE;;264261
drumeo;Aerosmith;Home Tonight;;;;;;;;;;;TRUE;;284708
drumeo;Aerosmith;What Could Have Been Love;;;;;;;;;;;TRUE;;270317
drumeo;Aerosmith;Back In The Saddle;;;;;;;;;;;TRUE;;278891
drumeo;Aerosmith;Cryin';;;;;;;;;;;TRUE;;270315
drumeo;Aerosmith;Sweet Emotion;;;;;;;;;;;TRUE;;294505
drumeo;Aerosmith;Dude (Looks Like A Lady);;;;;;;;;;;TRUE;;278889
drumeo;Aerosmith;Jaded;;;;;;;;;;;TRUE;;278887
drumeo;Aerosmith;Last Child;;;;;;;;;;;TRUE;;275334
drumeo;Aerosmith;Make It;;;;;;;;;;;TRUE;;284700
drumeo;Aerosmith;Heart's Done Time;;;;;;;;;;;TRUE;;284706
drumeo;Aerosmith;Janie's Got A Gun;;;;;;;;;;;TRUE;;270319
drumeo;Air Supply;All Out Of Love;;;;;;;;;;;TRUE;;275336
drumeo;Airbag;Colors;;;;;;;;;;;TRUE;;349668
drumeo;Airbourne;Too Much, Too Young, Too Fast;;;;;;;;;;;TRUE;;275338
drumeo;Airbourne;Diamond In The Rough;;;;;;;;;;;TRUE;;284710
drumeo;Al Jarreau;Spain (I Can Recall);;;;;;;;;;;TRUE;;295630
drumeo;Al Jarreau;Mornin';;;;;;;;;;;TRUE;;295188
drumeo;Alan Jackson;Chattahoochee;;;;;;;;;;;TRUE;;284712
drumeo;Alanis Morissette;Uninvited;;;;;;;;;;;TRUE;;291184
drumeo;Alanis Morissette;Ironic;;;;;;;;;;;TRUE;;322451
drumeo;Alanis Morissette;Forgiven;;;;;;;;;;;TRUE;;291186
drumeo;Albert King;Born Under A Bad Sign;;;;;;;;;;;TRUE;;264263
drumeo;Alessia Cara;Here;;;;;;;;;;;TRUE;;275340
drumeo;Alice Cooper;Welcome To My Nightmare;;;;;;;;;;;TRUE;;373790
drumeo;Alice Cooper;Poison;;;;;;;;;;;TRUE;;305644
drumeo;Alice Cooper;Hey Stoopid;;;;;;;;;;;TRUE;;373788
drumeo;Alice Cooper;No More Mr. Nice Guy;;;;;;;;;;;TRUE;;291188
drumeo;Alice Cooper;Muscle Of Love;;;;;;;;;;;TRUE;;291190
drumeo;Alice In Chains;Rain When I Die;;;;;;;;;;;TRUE;;359967
drumeo;Alice In Chains;Would?;;;;;;;;;;;TRUE;;264265
drumeo;Alice In Chains;Man In The Box;;;;;;;;;;;TRUE;;270321
drumeo;Alice In Chains;Again;;;;;;;;;;;TRUE;;364651
drumeo;Alice In Chains;Them Bones;;;;;;;;;;;TRUE;;284714
drumeo;Alice In Chains;Rooster;;;;;;;;;;;TRUE;;275346
drumeo;Alice In Chains;Down In A Hole;;;;;;;;;;;TRUE;;275344
drumeo;Alice In Chains;Over Now;;;;;;;;;;;TRUE;;328148
drumeo;Alice In Chains;Check My Brain;;;;;;;;;;;TRUE;;373792
drumeo;Alicia Keys;Fallin';;;;;;;;;;;TRUE;;352677
drumeo;Alien Ant Farm;Smooth Criminal;;;;;;;;;;;TRUE;;302626
drumeo;Alkaline Trio;Private Eye;;;;;;;;;;;TRUE;;349673
drumeo;All Sons & Daughters;Great Are You Lord;;;;;;;;;;;TRUE;;278895
drumeo;All Time Low;Damned If I Do Ya (Damned If I Don't);;;;;;;;;;;TRUE;;373794
drumeo;Alphaville;Forever Young;;;;;;;;;;;TRUE;;270323
drumeo;Amy Winehouse;Rehab;;;;;;;;;;;TRUE;;291192
drumeo;Amy Winehouse;Love Is A Losing Game;;;;;;;;;;;TRUE;;264267
drumeo;Amy Winehouse;You Know I’m No Good;;;;;;;;;;;TRUE;;264269
drumeo;Anberlin;Feel Good Drag;;;;;;;;;;;TRUE;;270325
drumeo;Anderson .Paak;Tints;;;;;;;;;;;TRUE;;284718
drumeo;Angus & Julia Stone;Big Jet Plane;;;;;;;;;;;TRUE;;291194
drumeo;Anika Nilles;Mister;;;;;;;;;;;TRUE;;284720
drumeo;Anika Nilles;Greenfield;;;;;;;;;;;TRUE;;278899
drumeo;Anika Nilles;Orange Leaves;;;;;;;;;;;TRUE;;284722
drumeo;Anika Nilles;Synergy;;;;;;;;;;;TRUE;;299076
drumeo;Animals As Leaders;The Woven Web;;;;;;;;;;;TRUE;;278901
drumeo;Animals As Leaders;Lippincott;;;;;;;;;;;TRUE;;275350
drumeo;Animals As Leaders;Ka$cade;;;;;;;;;;;TRUE;;275348
drumeo;Animals As Leaders;Tooth And Claw;;;;;;;;;;;TRUE;;270327
drumeo;Animals As Leaders;Physical Education;;;;;;;;;;;TRUE;;275352
drumeo;Annihilator;King Of The Kill;;;;;;;;;;;TRUE;;284724
drumeo;Anthrax;Indians;;;;;;;;;;;TRUE;;349675
drumeo;Anthrax;The Devil You Know;;;;;;;;;;;TRUE;;328155
drumeo;Anthrax;I Am The Law;;;;;;;;;;;TRUE;;337401
drumeo;Antônio Carlos Jobim;Wave;;;;;;;;;;;TRUE;;275354
drumeo;Antônio Carlos Jobim;Triste;;;;;;;;;;;TRUE;;291196
drumeo;Appe;Under Flying Colours;;;;;;;;;;;TRUE;;344716
drumeo;April Wine;Just Between You And Me;;;;;;;;;;;TRUE;;270329
drumeo;Architects;Little Wonder;;;;;;;;;;;TRUE;;349680
drumeo;Architects;Daybreak;;;;;;;;;;;TRUE;;275356
drumeo;Architects;Dead Butterflies;;;;;;;;;;;TRUE;;291200
drumeo;Architects;C.A.N.C.E.R;;;;;;;;;;;TRUE;;270331
drumeo;Architects;Impermanence;;;;;;;;;;;TRUE;;364653
drumeo;Architects;Royal Beggars;;;;;;;;;;;TRUE;;264273
drumeo;Architects;Black Lungs;;;;;;;;;;;TRUE;;291198
drumeo;Architects;Animals;;;;;;;;;;;TRUE;;349677
drumeo;Architects;Gravedigger;;;;;;;;;;;TRUE;;264271
drumeo;Arctic Monkeys;R U Mine?;;;;;;;;;;;TRUE;;270335
drumeo;Arctic Monkeys;Brianstorm;;;;;;;;;;;TRUE;;284726
drumeo;Arctic Monkeys;Four Out Of Five;;;;;;;;;;;TRUE;;270339
drumeo;Arctic Monkeys;I Bet You Look Good On The Dancefloor;;;;;;;;;;;TRUE;;291202
drumeo;Arctic Monkeys;The View From The Afternoon;;;;;;;;;;;TRUE;;278903
drumeo;Arctic Monkeys;Piledriver Waltz;;;;;;;;;;;TRUE;;270337
drumeo;Aretha Franklin;Rock Steady;;;;;;;;;;;TRUE;;275362
drumeo;Aretha Franklin;Respect;;;;;;;;;;;TRUE;;275360
drumeo;Aretha Franklin;Freeway Of Love;;;;;;;;;;;TRUE;;284728
drumeo;Aretha Franklin;How I Got Over;;;;;;;;;;;TRUE;;275358
drumeo;Aretha Franklin;What A Fool Believes;;;;;;;;;;;TRUE;;295192
drumeo;Ariana Grande;Thank U, Next;;;;;;;;;;;TRUE;;291208
drumeo;Ariana Grande;Breathin;;;;;;;;;;;TRUE;;291206
drumeo;Ariana Grande;Dangerous Woman;;;;;;;;;;;TRUE;;347045
drumeo;Ariana Grande;No Tears Left To Cry;;;;;;;;;;;TRUE;;347039
drumeo;Ariana Grande;Into You;;;;;;;;;;;TRUE;;291204
drumeo;Arrow;Hot Hot Hot;;;;;;;;;;;TRUE;;291210
drumeo;Art Blakey & The Jazz Messengers;Caravan;;;;;;;;;;;TRUE;;346193
drumeo;Art Blakey & The Jazz Messengers;Moanin';;;;;;;;;;;TRUE;;264275
drumeo;Art Blakey & The Jazz Messengers;A Night In Tunisia;;;;;;;;;;;TRUE;;346190
drumeo;Ashley Monroe;Wild Love;;;;;;;;;;;TRUE;;291214
drumeo;Ashley Monroe;Hands On You;;;;;;;;;;;TRUE;;291212
drumeo;Asia;Only Time Will Tell;;;;;;;;;;;TRUE;;275366
drumeo;Asia;Heat Of The Moment;;;;;;;;;;;TRUE;;275364
drumeo;Atlanta Rhythm Section;Spooky;;;;;;;;;;;TRUE;;374527
drumeo;Audioslave;Doesn't Remind Me;;;;;;;;;;;TRUE;;356013
drumeo;Audioslave;I Am The Highway;;;;;;;;;;;TRUE;;365646
drumeo;Audioslave;Show Me How To Live;;;;;;;;;;;TRUE;;328157
drumeo;Avenged Sevenfold;Natural Born Killer;;;;;;;;;;;TRUE;;275370
drumeo;Avenged Sevenfold;Buried Alive;;;;;;;;;;;TRUE;;275368
drumeo;Avenged Sevenfold;Bat Country;;;;;;;;;;;TRUE;;270341
drumeo;Avenged Sevenfold;Scream;;;;;;;;;;;TRUE;;284734
drumeo;Avenged Sevenfold;Lost;;;;;;;;;;;TRUE;;373800
drumeo;Avenged Sevenfold;Acid Rain;;;;;;;;;;;TRUE;;284736
drumeo;Avenged Sevenfold;Unholy Confessions;;;;;;;;;;;TRUE;;264279
drumeo;Avenged Sevenfold;I Won't See You Tonight, Pt. 1;;;;;;;;;;;TRUE;;284744
drumeo;Avenged Sevenfold;Seize The Day;;;;;;;;;;;TRUE;;278909
drumeo;Avenged Sevenfold;Welcome To The Family;;;;;;;;;;;TRUE;;291216
drumeo;Avenged Sevenfold;Nightmare;;;;;;;;;;;TRUE;;284742
drumeo;Avenged Sevenfold;Brompton Cocktail;;;;;;;;;;;TRUE;;373796
drumeo;Avenged Sevenfold;Gunslinger;;;;;;;;;;;TRUE;;373798
drumeo;Avenged Sevenfold;Chapter Four;;;;;;;;;;;TRUE;;278911
drumeo;Avenged Sevenfold;I Won't See You Tonight, Pt. 2;;;;;;;;;;;TRUE;;284746
drumeo;Avenged Sevenfold;Shepherd Of Fire;;;;;;;;;;;TRUE;;364655
drumeo;Avenged Sevenfold;A Little Piece Of Heaven;;;;;;;;;;;TRUE;;284730
drumeo;Avenged Sevenfold;Beast And The Harlot;;;;;;;;;;;TRUE;;373804
drumeo;Avenged Sevenfold;Hail To The King;;;;;;;;;;;TRUE;;270343
drumeo;Avenged Sevenfold;Almost Easy;;;;;;;;;;;TRUE;;278905
drumeo;Avenged Sevenfold;So Far Away;;;;;;;;;;;TRUE;;264277
drumeo;Avenged Sevenfold;God Damn;;;;;;;;;;;TRUE;;328159
drumeo;Avril Lavigne;Bois Lie;;;;;;;;;;;TRUE;;374529
drumeo;Avril Lavigne;Sk8er Boi;;;;;;;;;;;TRUE;;314503
drumeo;B.B. King;Please Send Me Someone To Love;;;;;;;;;;;TRUE;;278913
drumeo;B.B. King;Rock Me Baby;;;;;;;;;;;TRUE;;270347
drumeo;B.B. King;Eyesight To The Blind;;;;;;;;;;;TRUE;;270349
drumeo;B.B. King;Lucille;;;;;;;;;;;TRUE;;270345
drumeo;B.o.B.;Nothin' On You;;;;;;;;;;;TRUE;;284750
drumeo;B.o.B.;Airplanes;;;;;;;;;;;TRUE;;284748
drumeo;Bachman-Turner Overdrive;Takin' Care Of Business;;;;;;;;;;;TRUE;;264281
drumeo;Bad Company;Rock Steady;;;;;;;;;;;TRUE;;275374
drumeo;Bad Company;Bad Company;;;;;;;;;;;TRUE;;275372
drumeo;Barenaked Ladies;The Old Apartment;;;;;;;;;;;TRUE;;264287
drumeo;Beastie Boys;Sabotage;;;;;;;;;;;TRUE;;302629
drumeo;Bellevue Suite;Somewhere Along The Way;;;;;;;;;;;TRUE;;337858
drumeo;Bellevue Suite;For The Love Of God;;;;;;;;;;;TRUE;;337856
drumeo;Ben Sidran;Seven Steps To Heaven;;;;;;;;;;;TRUE;;295632
drumeo;Benny Goodman;One O'Clock Jump;;;;;;;;;;;TRUE;;346197
drumeo;Benny Greb;Grebfruit;;;;;;;;;;;TRUE;;291218
drumeo;Bernard Purdie;Soul Drums;;;;;;;;;;;TRUE;;360023
drumeo;Bethel Music;No Longer Slaves;;;;;;;;;;;TRUE;;291222
drumeo;Bethel Music;You Make Me Brave;;;;;;;;;;;TRUE;;291226
drumeo;Bethel Music;It Is Well;;;;;;;;;;;TRUE;;291224
drumeo;Bikini Kill;Rebel Girl;;;;;;;;;;;TRUE;;294790
drumeo;Bilal;Soul Sista;;;;;;;;;;;TRUE;;278927
drumeo;Bill Withers;Lean On Me;;;;;;;;;;;TRUE;;284758
drumeo;Billie Eilish;My Future;;;;;;;;;;;TRUE;;291228
drumeo;Billy Cobham;Spectrum;;;;;;;;;;;TRUE;;270361
drumeo;Billy Idol;Rebel Yell;;;;;;;;;;;TRUE;;284760
drumeo;Billy Joel;New York State Of Mind;;;;;;;;;;;TRUE;;260313
drumeo;Billy Ray Cyrus;Achy Breaky Heart;;;;;;;;;;;TRUE;;275384
drumeo;Billy Talent;Surrender;;;;;;;;;;;TRUE;;278931
drumeo;Black Sabbath;Rat Salad;;;;;;;;;;;TRUE;;330367
drumeo;Black Sabbath;Lord Of This World;;;;;;;;;;;TRUE;;330344
drumeo;Black Sabbath;Under The Sun;;;;;;;;;;;TRUE;;330360
drumeo;Black Sabbath;Heaven And Hell;;;;;;;;;;;TRUE;;284764
drumeo;Black Sabbath;The Mob Rules;;;;;;;;;;;TRUE;;291232
drumeo;Black Sabbath;Iron Man;;;;;;;;;;;TRUE;;275386
drumeo;Black Sabbath;Snowblind;;;;;;;;;;;TRUE;;330348
drumeo;Black Sabbath;The Wizard;;;;;;;;;;;TRUE;;326646
drumeo;Black Sabbath;End Of The Beginning;;;;;;;;;;;TRUE;;284762
drumeo;Black Sabbath;War Pigs;;;;;;;;;;;TRUE;;291236
drumeo;Black Sabbath;Tomorrow's Dreams;;;;;;;;;;;TRUE;;330355
drumeo;Black Sabbath;St. Vitus Dance;;;;;;;;;;;TRUE;;330350
drumeo;Black Sabbath;Supernaut;;;;;;;;;;;TRUE;;330352
drumeo;Black Sabbath;After Forever;;;;;;;;;;;TRUE;;278937
drumeo;Black Sabbath;Planet Caravan;;;;;;;;;;;TRUE;;278945
drumeo;Black Sabbath;Turn Up The Night;;;;;;;;;;;TRUE;;291234
drumeo;Blink-182;Reckless Abandon;;;;;;;;;;;TRUE;;327342
drumeo;Blink-182;Rabbit Hole;;;;;;;;;;;TRUE;;327123
drumeo;Blink-182;Mutt;;;;;;;;;;;TRUE;;327154
drumeo;Blink-182;Love Is Dangerous;;;;;;;;;;;TRUE;;327149
drumeo;Blink-182;Left Alone;;;;;;;;;;;TRUE;;327117
drumeo;Blink-182;The Party Song;;;;;;;;;;;TRUE;;327157
drumeo;Blink-182;I Miss You;;;;;;;;;;;TRUE;;326648
drumeo;Blink-182;Anthem Part Two;;;;;;;;;;;TRUE;;327329
drumeo;Blink-182;Happy Holidays, You Bastard;;;;;;;;;;;TRUE;;327335
drumeo;Blink-182;Kings Of The Weekend;;;;;;;;;;;TRUE;;327115
drumeo;Blink-182;Teenage Satellites;;;;;;;;;;;TRUE;;327130
drumeo;Blink-182;Kaleidoscope;;;;;;;;;;;TRUE;;327145
drumeo;Blink-182;Online Songs;;;;;;;;;;;TRUE;;327338
drumeo;Blink-182;MH 4.18.2011;;;;;;;;;;;TRUE;;327171
drumeo;Blink-182;Please Take Me Home;;;;;;;;;;;TRUE;;327340
drumeo;Blink-182;Built This Pool;;;;;;;;;;;TRUE;;327110
drumeo;Blink-182;Aliens Exist;;;;;;;;;;;TRUE;;327139
drumeo;Blink-182;Heart's All Gone;;;;;;;;;;;TRUE;;327142
drumeo;Blink-182;Anthem;;;;;;;;;;;TRUE;;327144
drumeo;Blink-182;Stay Together For The Kids;;;;;;;;;;;TRUE;;327348
drumeo;Blink-182;Ghosts On The Dance Floor;;;;;;;;;;;TRUE;;327137
drumeo;Blink-182;Natives;;;;;;;;;;;TRUE;;327173
drumeo;Blink-182;Home Is Such A Lonely Place;;;;;;;;;;;TRUE;;291242
drumeo;Blink-182;Stockholm Syndrome;;;;;;;;;;;TRUE;;291240
drumeo;Blink-182;Going Away To College;;;;;;;;;;;TRUE;;275392
drumeo;Blink-182;Story Of A Lonely Guy;;;;;;;;;;;TRUE;;327350
drumeo;Blink-182;She's Out Of Her Mind;;;;;;;;;;;TRUE;;278949
drumeo;Blink-182;What's My Age Again?;;;;;;;;;;;TRUE;;327161
drumeo;Blink-182;Cynical;;;;;;;;;;;TRUE;;327113
drumeo;Blink-182;Shut Up;;;;;;;;;;;TRUE;;327346
drumeo;Blink-182;No Future;;;;;;;;;;;TRUE;;327121
drumeo;Blink-182;Los Angeles;;;;;;;;;;;TRUE;;327119
drumeo;Blink-182;Wendy Clear;;;;;;;;;;;TRUE;;327159
drumeo;Bob Marley & The Wailers;I Shot The Sheriff;;;;;;;;;;;TRUE;;331551
drumeo;Bob Marley & The Wailers;Punky Reggae Party;;;;;;;;;;;TRUE;;331563
drumeo;Bob Marley & The Wailers;So Much Trouble In The World;;;;;;;;;;;TRUE;;331577
drumeo;Bob Marley & The Wailers;No Woman, No Cry;;;;;;;;;;;TRUE;;331573
drumeo;Bob Marley & The Wailers;Is This Love;;;;;;;;;;;TRUE;;331569
drumeo;Bob Marley & The Wailers;Satisfy My Soul;;;;;;;;;;;TRUE;;331571
drumeo;Bob Marley & The Wailers;War;;;;;;;;;;;TRUE;;331575
drumeo;Bob Marley & The Wailers;One Love/People Get Ready;;;;;;;;;;;TRUE;;331561
drumeo;Bob Marley & The Wailers;Jamming;;;;;;;;;;;TRUE;;264307
drumeo;Bob Seger;Night Moves;;;;;;;;;;;TRUE;;264311
drumeo;Bon Jovi;Captain Crash & The Beauty Queen From Mars;;;;;;;;;;;TRUE;;321981
drumeo;Bon Jovi;Raise Your Hands;;;;;;;;;;;TRUE;;284774
drumeo;Bon Jovi;Social Disease;;;;;;;;;;;TRUE;;322163
drumeo;Bon Jovi;Only Lonely;;;;;;;;;;;TRUE;;321934
drumeo;Bon Jovi;She Don't Know Me;;;;;;;;;;;TRUE;;321976
drumeo;Bon Jovi;Mystery Train;;;;;;;;;;;TRUE;;321992
drumeo;Bon Jovi;(It's Hard) Letting You Go;;;;;;;;;;;TRUE;;322172
drumeo;Bon Jovi;Secret Dreams;;;;;;;;;;;TRUE;;321944
drumeo;Bon Jovi;The Hardest Part Is The Night;;;;;;;;;;;TRUE;;321949
drumeo;Bon Jovi;Just Older;;;;;;;;;;;TRUE;;321990
drumeo;Bon Jovi;We Weren't Born To Follow;;;;;;;;;;;TRUE;;324386
drumeo;Bon Jovi;My Guitar Lies Bleeding in My Arms;;;;;;;;;;;TRUE;;322186
drumeo;Bon Jovi;Wanted Dead Or Alive;;;;;;;;;;;TRUE;;278961
drumeo;Bon Jovi;Shot Through The Heart;;;;;;;;;;;TRUE;;321979
drumeo;Bon Jovi;Never Say Goodbye;;;;;;;;;;;TRUE;;322161
drumeo;Bon Jovi;Hearts Breaking Even;;;;;;;;;;;TRUE;;322180
drumeo;Bon Jovi;This Ain't A Love Song;;;;;;;;;;;TRUE;;322194
drumeo;Bon Jovi;Let It Rock;;;;;;;;;;;TRUE;;322158
drumeo;Bon Jovi;Always Run To You;;;;;;;;;;;TRUE;;321927
drumeo;Bon Jovi;It's My Life;;;;;;;;;;;TRUE;;264315
drumeo;Bon Jovi;Next 100 Years;;;;;;;;;;;TRUE;;321994
drumeo;Bon Jovi;Something For The Pain;;;;;;;;;;;TRUE;;322188
drumeo;Bon Jovi;Tokyo Road;;;;;;;;;;;TRUE;;321958
drumeo;Bon Jovi;I Got The Girl;;;;;;;;;;;TRUE;;321988
drumeo;Bon Jovi;Neurotica;;;;;;;;;;;TRUE;;321996
drumeo;Bon Jovi;To The Fire;;;;;;;;;;;TRUE;;321954
drumeo;Bon Jovi;Love Lies;;;;;;;;;;;TRUE;;321972
drumeo;Bon Jovi;Silent Night;;;;;;;;;;;TRUE;;321946
drumeo;Bon Jovi;King Of The Mountain;;;;;;;;;;;TRUE;;321932
drumeo;Bon Jovi;Something To Believe In;;;;;;;;;;;TRUE;;322190
drumeo;Bon Jovi;Homebound Train;;;;;;;;;;;TRUE;;322062
drumeo;Bon Jovi;The Price Of Love;;;;;;;;;;;TRUE;;321951
drumeo;Bon Jovi;Roulette;;;;;;;;;;;TRUE;;321974
drumeo;Boston;Rock & Roll Band;;;;;;;;;;;TRUE;;302631
drumeo;Boston;Amanda;;;;;;;;;;;TRUE;;270383
drumeo;Boston;Let Me Take You Home Tonight;;;;;;;;;;;TRUE;;275400
drumeo;Boston;A Man I'll Never Be;;;;;;;;;;;TRUE;;278967
drumeo;Boz Scaggs;I Don't Hear You;;;;;;;;;;;TRUE;;295194
drumeo;Breaking Benjamin;You;;;;;;;;;;;TRUE;;275406
drumeo;Brian Wilson;Oxygen To The Brain;;;;;;;;;;;TRUE;;298372
drumeo;Brian Wilson;Forever She'll Be My Surfer Girl;;;;;;;;;;;TRUE;;298357
drumeo;Brian Wilson;Going Home;;;;;;;;;;;TRUE;;298359
drumeo;Brian Wilson;Live Let Live/That Lucky Old Sun (Reprise);;;;;;;;;;;TRUE;;298363
drumeo;Brian Wilson;Mexican Girl;;;;;;;;;;;TRUE;;298366
drumeo;Brian Wilson;Narrative: Cinco De Mayo;;;;;;;;;;;TRUE;;298370
drumeo;Brian Wilson;Morning Beat;;;;;;;;;;;TRUE;;298368
drumeo;Brian Wilson;Good Kind Of Love;;;;;;;;;;;TRUE;;298361
drumeo;Bring Me The Horizon;Avalanche;;;;;;;;;;;TRUE;;284784
drumeo;Bring Me The Horizon;Shadow Moses;;;;;;;;;;;TRUE;;278979
drumeo;Brooks & Dunn;Neon Moon;;;;;;;;;;;TRUE;;275414
drumeo;Bruce Springsteen;The Promised Land;;;;;;;;;;;TRUE;;284788
drumeo;Bruce Springsteen;Tougher Than The Rest;;;;;;;;;;;TRUE;;291250
drumeo;Bruce Springsteen;No Surrender;;;;;;;;;;;TRUE;;374547
drumeo;Bruno Mars;Just The Way You Are;;;;;;;;;;;TRUE;;264323
drumeo;Bruno Mars;The Lazy Song;;;;;;;;;;;TRUE;;264325
drumeo;Buddy Holly;Rave On!;;;;;;;;;;;TRUE;;284794
drumeo;Buddy Rich Big Band;Caravan;;;;;;;;;;;TRUE;;275422
drumeo;Buddy Rich Big Band;Love For Sale;;;;;;;;;;;TRUE;;270395
drumeo;Buju Banton;Not An Easy Road;;;;;;;;;;;TRUE;;291252
drumeo;Bullet For My Valentine;Scream Aim Fire;;;;;;;;;;;TRUE;;284796
drumeo;Burning Spear;Red, Gold & Green;;;;;;;;;;;TRUE;;284798
drumeo;Byron Lee And The Dragonaires;Jamaica Ska;;;;;;;;;;;TRUE;;291254
drumeo;Cage The Elephant;Ain't No Rest For The Wicked;;;;;;;;;;;TRUE;;275424
drumeo;Cake;Short Skirt/Long Jacket;;;;;;;;;;;TRUE;;344724
drumeo;Carl Douglas;Kung Fu Fighting;;;;;;;;;;;TRUE;;275426
drumeo;Carrie Underwood;Two Black Cadillacs;;;;;;;;;;;TRUE;;284800
drumeo;Casting Crowns;Glorious Day (Living He Loved Me);;;;;;;;;;;TRUE;;270403
drumeo;Casting Crowns;Who Am I;;;;;;;;;;;TRUE;;270399
drumeo;Casting Crowns;Lifesong;;;;;;;;;;;TRUE;;270401
drumeo;Cee Lo Green And Daryl Hall;I Can't Go For That;;;;;;;;;;;TRUE;;362430
drumeo;CeeLo Green;Forget You;;;;;;;;;;;TRUE;;278991
drumeo;Celine Dion;It's All Coming Back To Me Now;;;;;;;;;;;TRUE;;278993
drumeo;Celine Dion;My Heart Will Go On;;;;;;;;;;;TRUE;;270405
drumeo;Chaka Khan;Castles Made Of Sand;;;;;;;;;;;TRUE;;347049
drumeo;Chaka Khan;Angel;;;;;;;;;;;TRUE;;347047
drumeo;Chaka Khan;One For All Time;;;;;;;;;;;TRUE;;347054
drumeo;Charles Mingus;Nostalgia In Times Square;;;;;;;;;;;TRUE;;328165
drumeo;Charlie Parker;Ornithology;;;;;;;;;;;TRUE;;275428
drumeo;Charlie Puth;How Long;;;;;;;;;;;TRUE;;291258
drumeo;Cheap Trick;The Flame;;;;;;;;;;;TRUE;;278997
drumeo;Cheap Trick;Surrender;;;;;;;;;;;TRUE;;275430
drumeo;Chic;Le Freak;;;;;;;;;;;TRUE;;278999
drumeo;Chicago;Make Me Smile;;;;;;;;;;;TRUE;;302634
drumeo;Chicago;90 Degrees And Freezing;;;;;;;;;;;TRUE;;279001
drumeo;Chicago;Hard Habit To Break;;;;;;;;;;;TRUE;;270407
drumeo;Chicago;Introduction;;;;;;;;;;;TRUE;;365691
drumeo;Chicago;Saturday In The Park;;;;;;;;;;;TRUE;;365693
drumeo;Chick Corea;Samba Song;;;;;;;;;;;TRUE;;295636
drumeo;Chick Corea;Nite Sprite;;;;;;;;;;;TRUE;;295638
drumeo;Chick Corea;Lenore;;;;;;;;;;;TRUE;;295634
drumeo;Chick Corea & Return To Forever;Spain;;;;;;;;;;;TRUE;;299078
drumeo;Chick Webb And His Orchestra;Spinnin' The Webb;;;;;;;;;;;TRUE;;346204
drumeo;Chris Stapleton;Tennessee Whiskey;;;;;;;;;;;TRUE;;279003
drumeo;Chris Tomlin;At The Cross (Love Ran Red);;;;;;;;;;;TRUE;;315887
drumeo;Chris Tomlin;Made To Worship;;;;;;;;;;;TRUE;;315889
drumeo;Chris Tomlin;How Can I Keep From Singing;;;;;;;;;;;TRUE;;270425
drumeo;Chris Tomlin;Whom Shall I Fear (God Of Angel Armies);;;;;;;;;;;TRUE;;270417
drumeo;Chris Tomlin;God And God Alone;;;;;;;;;;;TRUE;;284804
drumeo;Chris Tomlin;Our God;;;;;;;;;;;TRUE;;264333
drumeo;Chris Tomlin;Good Good Father;;;;;;;;;;;TRUE;;264331
drumeo;Chris Tomlin;God Of This City;;;;;;;;;;;TRUE;;275436
drumeo;Chris Tomlin;Not To Us;;;;;;;;;;;TRUE;;284806
drumeo;Christina Aguilera;The Voice Within;;;;;;;;;;;TRUE;;270427
drumeo;Chuck Berry;Johnny B. Goode;;;;;;;;;;;TRUE;;270429
drumeo;Chuck Brown & The Soul Searchers;Bustin' Loose;;;;;;;;;;;TRUE;;275438
drumeo;Coldplay;Paradise;;;;;;;;;;;TRUE;;264337
drumeo;Coldplay;Twisted Logic;;;;;;;;;;;TRUE;;284810
drumeo;Coldplay;Cemeteries Of London;;;;;;;;;;;TRUE;;284808
drumeo;Collective Soul;The World I Know;;;;;;;;;;;TRUE;;291262
drumeo;Concrete Blonde;Joey;;;;;;;;;;;TRUE;;275444
drumeo;Cory Asbury;Reckless Love;;;;;;;;;;;TRUE;;291266
drumeo;Cory Asbury;The Father's House;;;;;;;;;;;TRUE;;315891
drumeo;Cream;Sunshine Of Your Love;;;;;;;;;;;TRUE;;302638
drumeo;Cream;Toad;;;;;;;;;;;TRUE;;362433
drumeo;Creedence Clearwater Revival;Commotion;;;;;;;;;;;TRUE;;270449
drumeo;Curtis Mayfield;Keep On Keeping On;;;;;;;;;;;TRUE;;279017
drumeo;Curtis Mayfield;Super Fly;;;;;;;;;;;TRUE;;317758
drumeo;Curtis Mayfield;Move On Up;;;;;;;;;;;TRUE;;279015
drumeo;Cutting Crew;(I Just) Died In Your Arms;;;;;;;;;;;TRUE;;270455
drumeo;DarWin;Forever;;;;;;;;;;;TRUE;;357338
drumeo;Dave Brubeck Quartet;Eleven Four;;;;;;;;;;;TRUE;;275450
drumeo;Dave Matthews Band;Rapunzel;;;;;;;;;;;TRUE;;275454
drumeo;Dave Matthews Band;Seven;;;;;;;;;;;TRUE;;291274
drumeo;Dave Matthews Band;So Much To Say;;;;;;;;;;;TRUE;;291280
drumeo;Dave Matthews Band;Two Step;;;;;;;;;;;TRUE;;305651
drumeo;Dave Weckl;Hard-Wired;;;;;;;;;;;TRUE;;270461
drumeo;David Benoit;Human Nature;;;;;;;;;;;TRUE;;352690
drumeo;David Bowie;Changes;;;;;;;;;;;TRUE;;284832
drumeo;David Bowie;Ashes To Ashes;;;;;;;;;;;TRUE;;356022
drumeo;David Bowie;Ziggy Stardust;;;;;;;;;;;TRUE;;309153
drumeo;David Bowie;Golden Years;;;;;;;;;;;TRUE;;326653
drumeo;Dead Kennedys;Police Truck;;;;;;;;;;;TRUE;;291288
drumeo;Deana Carter;Strawberry Wine;;;;;;;;;;;TRUE;;279037
drumeo;Death;Perennial Quest;;;;;;;;;;;TRUE;;294205
drumeo;Death;1,000 Eyes;;;;;;;;;;;TRUE;;294185
drumeo;Death;Misanthrope;;;;;;;;;;;TRUE;;294195
drumeo;Death;Zero Tolerance;;;;;;;;;;;TRUE;;294215
drumeo;Death;Symbolic;;;;;;;;;;;TRUE;;294209
drumeo;Death;Sacred Serenity;;;;;;;;;;;TRUE;;294207
drumeo;Deep Purple;Perfect Strangers;;;;;;;;;;;TRUE;;275460
drumeo;Def Leppard;Rock Of Ages;;;;;;;;;;;TRUE;;275468
drumeo;Def Leppard;Ring Of Fire;;;;;;;;;;;TRUE;;324921
drumeo;Def Leppard;On Through The Night;;;;;;;;;;;TRUE;;324869
drumeo;Def Leppard;Another Hit And Run;;;;;;;;;;;TRUE;;324857
drumeo;Def Leppard;It’s Only Love;;;;;;;;;;;TRUE;;324847
drumeo;Def Leppard;To Be Alive;;;;;;;;;;;TRUE;;324855
drumeo;Def Leppard;Paper Sun;;;;;;;;;;;TRUE;;324851
drumeo;Def Leppard;Tonight;;;;;;;;;;;TRUE;;324827
drumeo;Def Leppard;Armageddon It;;;;;;;;;;;TRUE;;324877
drumeo;Def Leppard;Hysteria;;;;;;;;;;;TRUE;;275462
drumeo;Def Leppard;Miss You In A Heartbeat;;;;;;;;;;;TRUE;;324917
drumeo;Def Leppard;Switch 625;;;;;;;;;;;TRUE;;324871
drumeo;Def Leppard;Two Steps Behind;;;;;;;;;;;TRUE;;324925
drumeo;Def Leppard;21st Century Sha La La La Girl;;;;;;;;;;;TRUE;;324831
drumeo;Def Leppard;White Lightning;;;;;;;;;;;TRUE;;324829
drumeo;Def Leppard;Back In Your Face;;;;;;;;;;;TRUE;;324835
drumeo;Def Leppard;Tear It Down;;;;;;;;;;;TRUE;;324825
drumeo;Def Leppard;Love Bites;;;;;;;;;;;TRUE;;324887
drumeo;Def Leppard;Stand Up (Kick Love Into Motion);;;;;;;;;;;TRUE;;324823
drumeo;Def Leppard;All Night;;;;;;;;;;;TRUE;;324833
drumeo;Def Leppard;Mirror Mirror;;;;;;;;;;;TRUE;;324865
drumeo;Def Leppard;Excitable;;;;;;;;;;;TRUE;;324881
drumeo;Def Leppard;Action! Not Words;;;;;;;;;;;TRUE;;324895
drumeo;Def Leppard;You Got Me Runnin';;;;;;;;;;;TRUE;;324873
drumeo;Def Leppard;No, No, No;;;;;;;;;;;TRUE;;324867
drumeo;Def Leppard;Only After Dark;;;;;;;;;;;TRUE;;324919
drumeo;Def Leppard;Fractured Love;;;;;;;;;;;TRUE;;324913
drumeo;Def Leppard;Lady Strange;;;;;;;;;;;TRUE;;324861
drumeo;Def Leppard;Love And Affection;;;;;;;;;;;TRUE;;324885
drumeo;Def Leppard;Guilty;;;;;;;;;;;TRUE;;324845
drumeo;Def Leppard;Personal Property;;;;;;;;;;;TRUE;;324821
drumeo;Def Leppard;Gods Of War;;;;;;;;;;;TRUE;;324883
drumeo;Def Leppard;Run Riot;;;;;;;;;;;TRUE;;324891
drumeo;Deftones;Change (In The House Of Flies);;;;;;;;;;;TRUE;;294515
drumeo;Demi Lovato;Tell Me You Love Me;;;;;;;;;;;TRUE;;284840
drumeo;Demi Lovato;Confident;;;;;;;;;;;TRUE;;291294
drumeo;Dennis Chambers;Outbreak;;;;;;;;;;;TRUE;;352739
drumeo;Dermot Kennedy;After Rain;;;;;;;;;;;TRUE;;349686
drumeo;Devin Townsend Project;Planet Of The Apes;;;;;;;;;;;TRUE;;305656
drumeo;Devo;Whip It;;;;;;;;;;;TRUE;;291296
drumeo;Diana Ross;Ain't No Mountain High Enough;;;;;;;;;;;TRUE;;279041
drumeo;Diana Ross;Upside Down;;;;;;;;;;;TRUE;;291298
drumeo;Dick Dale & His Del-Tones;Misirlou;;;;;;;;;;;TRUE;;279043
drumeo;Dio;Rainbow In The Dark;;;;;;;;;;;TRUE;;270467
drumeo;Dire Straits;Money For Nothing;;;;;;;;;;;TRUE;;279049
drumeo;Dixie Chicks;Sin Wagon;;;;;;;;;;;TRUE;;337452
drumeo;Dixie Chicks;The Long Way Around;;;;;;;;;;;TRUE;;291302
drumeo;Don Ellis;Whiplash;;;;;;;;;;;TRUE;;346206
drumeo;Dr. Dre;I Need A Doctor;;;;;;;;;;;TRUE;;264355
drumeo;Dream Theater;Pale Blue Dot;;;;;;;;;;;TRUE;;264367
drumeo;Dream Theater;Under A Glass Moon;;;;;;;;;;;TRUE;;264379
drumeo;Dream Theater;Scarred;;;;;;;;;;;TRUE;;275474
drumeo;Dream Theater;Fatal Tragedy;;;;;;;;;;;TRUE;;264361
drumeo;Dream Theater;The Dance Of Eternity;;;;;;;;;;;TRUE;;264373
drumeo;Dream Theater;The Count Of Tuscany;;;;;;;;;;;TRUE;;270475
drumeo;Dream Theater;Metropolis, Part I: The Miracle And The Sleeper;;;;;;;;;;;TRUE;;264365
drumeo;Dream Theater;Surrounded;;;;;;;;;;;TRUE;;284846
drumeo;Dream Theater;The Mirror;;;;;;;;;;;TRUE;;264375
drumeo;Duran Duran;Hungry Like The Wolf;;;;;;;;;;;TRUE;;284848
drumeo;Earth Wind & Fire;September;;;;;;;;;;;TRUE;;264383
drumeo;Ed Sheeran;Perfect;;;;;;;;;;;TRUE;;264385
drumeo;Electric Light Orchestra;Mr. Blue Sky;;;;;;;;;;;TRUE;;291314
drumeo;Elevation Worship;Resurrecting;;;;;;;;;;;TRUE;;291320
drumeo;Elevation Worship;It Is So;;;;;;;;;;;TRUE;;315897
drumeo;Elevation Worship;O Come To The Altar;;;;;;;;;;;TRUE;;279059
drumeo;Elevation Worship;Graves Into Gardens;;;;;;;;;;;TRUE;;275482
drumeo;Elevation Worship;See A Victory;;;;;;;;;;;TRUE;;291316
drumeo;Elliott Smith;Waltz #2 (XO);;;;;;;;;;;TRUE;;349692
drumeo;Elton John;Bennie And The Jets;;;;;;;;;;;TRUE;;264387
drumeo;Elton John;Susie (Dramas);;;;;;;;;;;TRUE;;356026
drumeo;Elton John;Levon;;;;;;;;;;;TRUE;;284852
drumeo;Elton John;Your Song;;;;;;;;;;;TRUE;;264395
drumeo;Eminem;Mockingbird;;;;;;;;;;;TRUE;;270491
drumeo;Eric Clapton;Bad Love;;;;;;;;;;;TRUE;;364683
drumeo;Europe;Rock The Night;;;;;;;;;;;TRUE;;275496
drumeo;Europe;Carrie;;;;;;;;;;;TRUE;;279067
drumeo;Europe;The Final Countdown;;;;;;;;;;;TRUE;;270503
drumeo;Faith No More;Midlife Crisis;;;;;;;;;;;TRUE;;356028
drumeo;Faith No More;Ashes To Ashes;;;;;;;;;;;TRUE;;349694
drumeo;Fall Out Boy;Centuries;;;;;;;;;;;TRUE;;291328
drumeo;Fates Warning;Still Remains;;;;;;;;;;;TRUE;;359995
drumeo;Fear Factory;Linchpin;;;;;;;;;;;TRUE;;284864
drumeo;Finger Eleven;Other Light;;;;;;;;;;;TRUE;;279071
drumeo;First State;Reach Me;;;;;;;;;;;TRUE;;291334
drumeo;Fleetwood Mac;Rhiannon;;;;;;;;;;;TRUE;;284868
drumeo;Fleetwood Mac;You Make Loving Fun;;;;;;;;;;;TRUE;;279073
drumeo;Fleetwood Mac;Need Your Love So Bad;;;;;;;;;;;TRUE;;291336
drumeo;Fleetwood Mac;Second Hand News;;;;;;;;;;;TRUE;;284870
drumeo;Florence + The Machine;Howl;;;;;;;;;;;TRUE;;279075
drumeo;Flying Lotus;Never Catch Me;;;;;;;;;;;TRUE;;284872
drumeo;Foo Fighters;Resolve;;;;;;;;;;;TRUE;;358986
drumeo;Foo Fighters;Miracle;;;;;;;;;;;TRUE;;358978
drumeo;Foo Fighters;Making A Fire;;;;;;;;;;;TRUE;;359062
drumeo;Foo Fighters;Alone + Easy Target;;;;;;;;;;;TRUE;;358910
drumeo;Foo Fighters;My Hero;;;;;;;;;;;TRUE;;270511
drumeo;Foo Fighters;Low;;;;;;;;;;;TRUE;;358960
drumeo;Foo Fighters;Virginia Moon;;;;;;;;;;;TRUE;;358994
drumeo;Foo Fighters;Congregation;;;;;;;;;;;TRUE;;359018
drumeo;Foo Fighters;Wattershed;;;;;;;;;;;TRUE;;358922
drumeo;Foo Fighters;Disenchanted Lullaby;;;;;;;;;;;TRUE;;358952
drumeo;Foo Fighters;Hell;;;;;;;;;;;TRUE;;358974
drumeo;Foo Fighters;Another Round;;;;;;;;;;;TRUE;;358964
drumeo;Foo Fighters;Subterranean;;;;;;;;;;;TRUE;;359028
drumeo;Foo Fighters;Walk;;;;;;;;;;;TRUE;;275512
drumeo;Foo Fighters;On The Mend;;;;;;;;;;;TRUE;;358982
drumeo;Foo Fighters;Happy Ever After (Zero Hour);;;;;;;;;;;TRUE;;359040
drumeo;Foo Fighters;Medicine At Midnight;;;;;;;;;;;TRUE;;359064
drumeo;Foo Fighters;The Feast And The Famine;;;;;;;;;;;TRUE;;359030
drumeo;Foo Fighters;Holding Poison;;;;;;;;;;;TRUE;;359058
drumeo;Foo Fighters;Dirty Water;;;;;;;;;;;TRUE;;359038
drumeo;Foo Fighters;Cheer Up, Boys (Your Make Up Is Running);;;;;;;;;;;TRUE;;359000
drumeo;Foo Fighters;Come Back;;;;;;;;;;;TRUE;;358950
drumeo;Foo Fighters;I Am A River;;;;;;;;;;;TRUE;;359020
drumeo;Foo Fighters;In The Clear;;;;;;;;;;;TRUE;;359022
drumeo;Foo Fighters;For All The Cows;;;;;;;;;;;TRUE;;291338
drumeo;Foo Fighters;Halo;;;;;;;;;;;TRUE;;358954
drumeo;Foo Fighters;Stacked Actors;;;;;;;;;;;TRUE;;358946
drumeo;Foo Fighters;Sunday Rain;;;;;;;;;;;TRUE;;359048
drumeo;Foo Fighters;My Poor Brain;;;;;;;;;;;TRUE;;300280
drumeo;Foo Fighters;T-Shirt;;;;;;;;;;;TRUE;;359050
drumeo;Foo Fighters;The Colour And The Shape;;;;;;;;;;;TRUE;;300290
drumeo;Foo Fighters;Run;;;;;;;;;;;TRUE;;359046
drumeo;Foo Fighters;Let It Die;;;;;;;;;;;TRUE;;279077
drumeo;Foo Fighters;Love Dies Young;;;;;;;;;;;TRUE;;359060
drumeo;Foo Fighters;Walking After You;;;;;;;;;;;TRUE;;300294
drumeo;Foo Fighters;The Last Song;;;;;;;;;;;TRUE;;358992
drumeo;Foo Fighters;Overdrive;;;;;;;;;;;TRUE;;358962
drumeo;Foo Fighters;Home;;;;;;;;;;;TRUE;;284874
drumeo;Foo Fighters;New Way Home;;;;;;;;;;;TRUE;;300284
drumeo;Foo Fighters;Make It Right;;;;;;;;;;;TRUE;;359044
drumeo;Foo Fighters;Next Year;;;;;;;;;;;TRUE;;358944
drumeo;Foo Fighters;Stranger Things Have Happened;;;;;;;;;;;TRUE;;359008
drumeo;Foo Fighters;This Is A Call;;;;;;;;;;;TRUE;;291340
drumeo;Foo Fighters;See You;;;;;;;;;;;TRUE;;300287
drumeo;Foo Fighters;Weenie Beenie;;;;;;;;;;;TRUE;;358924
drumeo;Foo Fighters;Dear Rosemary;;;;;;;;;;;TRUE;;275510
drumeo;Foo Fighters;No Son Of Mine;;;;;;;;;;;TRUE;;359066
drumeo;Foo Fighters;Over And Out;;;;;;;;;;;TRUE;;358984
drumeo;Foo Fighters;What Did I Do?/God As My Witness;;;;;;;;;;;TRUE;;359032
drumeo;Foo Fighters;Still;;;;;;;;;;;TRUE;;358988
drumeo;Foo Fighters;In Your Honor;;;;;;;;;;;TRUE;;358976
drumeo;Foo Fighters;I Should Have Known;;;;;;;;;;;TRUE;;359014
drumeo;Foo Fighters;Times Like These;;;;;;;;;;;TRUE;;279079
drumeo;Foo Fighters;Waiting On A War;;;;;;;;;;;TRUE;;359070
drumeo;Foo Fighters;What If I Do?;;;;;;;;;;;TRUE;;358996
drumeo;Foo Fighters;Summer's End;;;;;;;;;;;TRUE;;284878
drumeo;Foo Fighters;Cloudspotter;;;;;;;;;;;TRUE;;359056
drumeo;Foo Fighters;Headwires;;;;;;;;;;;TRUE;;358938
drumeo;Foo Fighters;These Days;;;;;;;;;;;TRUE;;317238
drumeo;Foo Fighters;Concrete And Gold;;;;;;;;;;;TRUE;;359036
drumeo;Foo Fighters;Gimme Stitches;;;;;;;;;;;TRUE;;358936
drumeo;Foo Fighters;White Limo;;;;;;;;;;;TRUE;;275514
drumeo;Foo Fighters;Generator;;;;;;;;;;;TRUE;;358934
drumeo;Foo Fighters;La Dee Da;;;;;;;;;;;TRUE;;359042
drumeo;Foo Fighters;Learn To Fly;;;;;;;;;;;TRUE;;275504
drumeo;Foo Fighters;Come Alive;;;;;;;;;;;TRUE;;359002
drumeo;Foo Fighters;Good Grief;;;;;;;;;;;TRUE;;358916
drumeo;Foo Fighters;Something From Nothing;;;;;;;;;;;TRUE;;359026
drumeo;Foo Fighters;Hey, Johnny Park!;;;;;;;;;;;TRUE;;300277
drumeo;Foo Fighters;Free Me;;;;;;;;;;;TRUE;;358972
drumeo;Foo Fighters;The Deepest Blues Are Black;;;;;;;;;;;TRUE;;358990
drumeo;Foo Fighters;Miss The Misery;;;;;;;;;;;TRUE;;359016
drumeo;Foo Fighters;Outside;;;;;;;;;;;TRUE;;359024
drumeo;Foo Fighters;Shame Shame;;;;;;;;;;;TRUE;;359068
drumeo;Foo Fighters;Chasing Birds;;;;;;;;;;;TRUE;;359054
drumeo;Foo Fighters;Live-In Skin;;;;;;;;;;;TRUE;;358940
drumeo;Foo Fighters;Have It All;;;;;;;;;;;TRUE;;358956
drumeo;Foo Fighters;Erase/Replace;;;;;;;;;;;TRUE;;359004
drumeo;Foo Fighters;No Way Back;;;;;;;;;;;TRUE;;358980
drumeo;Foo Fighters;Lonely As You;;;;;;;;;;;TRUE;;358958
drumeo;Foo Fighters;M.I.A.;;;;;;;;;;;TRUE;;358942
drumeo;Foo Fighters;Statues;;;;;;;;;;;TRUE;;359006
drumeo;Foo Fighters;The Line;;;;;;;;;;;TRUE;;359052
drumeo;Foo Fighters;Oh, George;;;;;;;;;;;TRUE;;358920
drumeo;Foo Fighters;Long Road To Ruin;;;;;;;;;;;TRUE;;284876
drumeo;Foo Fighters;Up In Arms;;;;;;;;;;;TRUE;;300292
drumeo;Foo Fighters;I'll Stick Around;;;;;;;;;;;TRUE;;358918
drumeo;Foreigner;Juke Box Hero;;;;;;;;;;;TRUE;;264405
drumeo;Foreigner;Cold As Ice;;;;;;;;;;;TRUE;;337409
drumeo;Foreigner;That Was Yesterday;;;;;;;;;;;TRUE;;284880
drumeo;Foreigner;Hot Blooded;;;;;;;;;;;TRUE;;348736
drumeo;Fountains Of Wayne;Stacy's Mom;;;;;;;;;;;TRUE;;371137
drumeo;Four Tops;It's The Same Old Song;;;;;;;;;;;TRUE;;275516
drumeo;Fourplay;Silver Streak;;;;;;;;;;;TRUE;;371173
drumeo;Frank Turner;I Still Believe;;;;;;;;;;;TRUE;;348738
drumeo;Frank Zappa;Keep It Greasey;;;;;;;;;;;TRUE;;264409
drumeo;Frank Zappa;Zomby Woof;;;;;;;;;;;TRUE;;264411
drumeo;Frank Zappa;Catholic Girls;;;;;;;;;;;TRUE;;341261
drumeo;Frankie Goes To Hollywood;Relax;;;;;;;;;;;TRUE;;291342
drumeo;Franz Ferdinand;No You Girls;;;;;;;;;;;TRUE;;374567
drumeo;Franz Ferdinand;Take Me Out;;;;;;;;;;;TRUE;;322455
drumeo;Freddy King;See See Baby;;;;;;;;;;;TRUE;;284882
drumeo;Freddy King;Hide Away;;;;;;;;;;;TRUE;;279083
drumeo;Free;All Right Now;;;;;;;;;;;TRUE;;264413
drumeo;Fun.;Carry On;;;;;;;;;;;TRUE;;284884
drumeo;Fun.;We Are Young;;;;;;;;;;;TRUE;;279085
drumeo;Funkadelic;Hit It And Quit It;;;;;;;;;;;TRUE;;264415
drumeo;Funkadelic;Super Stupid;;;;;;;;;;;TRUE;;275518
drumeo;Funkadelic;One Nation Under A Groove;;;;;;;;;;;TRUE;;275520
drumeo;Garbage;Stupid Girl;;;;;;;;;;;TRUE;;348740
drumeo;Gareth Emery;Sansa;;;;;;;;;;;TRUE;;291344
drumeo;Garth Brooks;Friends In Low Places;;;;;;;;;;;TRUE;;264417
drumeo;Gary Wright;Love Is Alive;;;;;;;;;;;TRUE;;264419
drumeo;Genesis;Land Of Confusion;;;;;;;;;;;TRUE;;291346
drumeo;Genesis;I Can't Dance;;;;;;;;;;;TRUE;;291348
drumeo;Genesis;Turn It On Again;;;;;;;;;;;TRUE;;279087
drumeo;George Michael;Careless Whisper;;;;;;;;;;;TRUE;;270515
drumeo;Gino Vannelli;Seek And You Will Find;;;;;;;;;;;TRUE;;279089
drumeo;Godsmack;When Legends Rise;;;;;;;;;;;TRUE;;279091
drumeo;Godsmack;Voodoo;;;;;;;;;;;TRUE;;309157
drumeo;Godsmack;I Stand Alone;;;;;;;;;;;TRUE;;305660
drumeo;Gojira;The Art Of Dying;;;;;;;;;;;TRUE;;373819
drumeo;Gojira;Into The Storm;;;;;;;;;;;TRUE;;314513
drumeo;Gojira;Silvera;;;;;;;;;;;TRUE;;373817
drumeo;Gojira;Amazonia;;;;;;;;;;;TRUE;;309159
drumeo;Gojira;Stranded;;;;;;;;;;;TRUE;;284886
drumeo;Gojira;L'Enfant Sauvage;;;;;;;;;;;TRUE;;352701
drumeo;Gojira;Born For One Thing;;;;;;;;;;;TRUE;;294271
drumeo;Golden Earring;Radar Love;;;;;;;;;;;TRUE;;299080
drumeo;Goldfinger;A Million Miles;;;;;;;;;;;TRUE;;291350
drumeo;Goo Goo Dolls;Iris;;;;;;;;;;;TRUE;;322458
drumeo;Gorillaz;Feel Good Inc.;;;;;;;;;;;TRUE;;302643
drumeo;Grace Potter And The Nocturnals;The Lion The Beast The Beat;;;;;;;;;;;TRUE;;364689
drumeo;Great White;The Angel Song;;;;;;;;;;;TRUE;;275522
drumeo;Green Day;Know Your Enemy;;;;;;;;;;;TRUE;;264429
drumeo;Green Day;Are We The Waiting;;;;;;;;;;;TRUE;;279093
drumeo;Green Day;Holiday;;;;;;;;;;;TRUE;;284890
drumeo;Green Day;Jesus Of Suburbia;;;;;;;;;;;TRUE;;305663
drumeo;Green Day;When I Come Around;;;;;;;;;;;TRUE;;317240
drumeo;Green Day;Boulevard Of Broken Dreams;;;;;;;;;;;TRUE;;264427
drumeo;Green Day;¡Viva La Gloria!;;;;;;;;;;;TRUE;;284888
drumeo;Green Day;St. Jimmy;;;;;;;;;;;TRUE;;279095
drumeo;Green Day;Wake Me Up When September Ends;;;;;;;;;;;TRUE;;264431
drumeo;Green Day;Hitchin’ A Ride;;;;;;;;;;;TRUE;;328180
drumeo;Green Day;Longview;;;;;;;;;;;TRUE;;352703
drumeo;Gungor;Beautiful Things;;;;;;;;;;;TRUE;;279097
drumeo;Guns N' Roses;Rocket Queen;;;;;;;;;;;TRUE;;308896
drumeo;Guns N' Roses;Don't Cry;;;;;;;;;;;TRUE;;270517
drumeo;Guns N' Roses;November Rain;;;;;;;;;;;TRUE;;309161
drumeo;Guns N' Roses;You're Crazy;;;;;;;;;;;TRUE;;308900
drumeo;Guns N' Roses;Shotgun Blues;;;;;;;;;;;TRUE;;308925
drumeo;Guns N' Roses;Yesterdays;;;;;;;;;;;TRUE;;264435
drumeo;Guns N' Roses;Live and Let Die (Live);;;;;;;;;;;TRUE;;362437
drumeo;Guns N' Roses;Locomotive;;;;;;;;;;;TRUE;;308917
drumeo;Guns N' Roses;14 Years;;;;;;;;;;;TRUE;;308905
drumeo;Guns N' Roses;My World;;;;;;;;;;;TRUE;;308919
drumeo;Guns N' Roses;My Michelle;;;;;;;;;;;TRUE;;284894
drumeo;Guns N' Roses;Knockin' On Heaven's Door;;;;;;;;;;;TRUE;;264433
drumeo;Guns N' Roses;Think About You;;;;;;;;;;;TRUE;;308898
drumeo;Guns N' Roses;Estranged;;;;;;;;;;;TRUE;;308913
drumeo;Guns N' Roses;Welcome To The Jungle;;;;;;;;;;;TRUE;;302645
drumeo;Guns N' Roses;It's So Easy;;;;;;;;;;;TRUE;;308888
drumeo;Guns N' Roses;You Could Be Mine;;;;;;;;;;;TRUE;;270519
drumeo;Guns N' Roses;Mr. Brownstone;;;;;;;;;;;TRUE;;284892
drumeo;Guns N' Roses;So Fine;;;;;;;;;;;TRUE;;308923
drumeo;Guns N' Roses;Nightrain;;;;;;;;;;;TRUE;;308890
drumeo;Guns N' Roses;Out Ta Get Me;;;;;;;;;;;TRUE;;308892
drumeo;Guns N' Roses;Anything Goes;;;;;;;;;;;TRUE;;308883
drumeo;Guns N' Roses;Pretty Tied Up;;;;;;;;;;;TRUE;;308921
drumeo;Guns N' Roses;Sweet Child O' Mine;;;;;;;;;;;TRUE;;24244
drumeo;H.E.R.;Carried Away;;;;;;;;;;;TRUE;;275524
drumeo;Haken;The Endless Knot;;;;;;;;;;;TRUE;;284896
drumeo;Haken;Canary Yellow;;;;;;;;;;;TRUE;;374569
drumeo;Hall & Oates;Sara Smile;;;;;;;;;;;TRUE;;275526
drumeo;Hands Like Houses;Colourblind;;;;;;;;;;;TRUE;;284898
drumeo;Harvey Mason;The Mase;;;;;;;;;;;TRUE;;371175
drumeo;Heart;Barracuda;;;;;;;;;;;TRUE;;270523
drumeo;Heart;Magic Man;;;;;;;;;;;TRUE;;328182
drumeo;Hella;Biblical Violence;;;;;;;;;;;TRUE;;349715
drumeo;Herbie Hancock;Rockit;;;;;;;;;;;TRUE;;279099
drumeo;Herbie Hancock;Cantaloupe Island;;;;;;;;;;;TRUE;;264441
drumeo;Herbie Hancock;Hang Up Your Hang Ups;;;;;;;;;;;TRUE;;275530
drumeo;Herbie Hancock;Maiden Voyage;;;;;;;;;;;TRUE;;275528
drumeo;Herbie Hancock;Actual Proof;;;;;;;;;;;TRUE;;264439
drumeo;Herbie Hancock;Palm Grease;;;;;;;;;;;TRUE;;317764
drumeo;Herbie Hancock;Butterfly;;;;;;;;;;;TRUE;;270529
drumeo;Herbie Hancock;Watermelon Man;;;;;;;;;;;TRUE;;270527
drumeo;Herbie Hancock;Chameleon;;;;;;;;;;;TRUE;;270525
drumeo;Herbie Hancock;Sly;;;;;;;;;;;TRUE;;371177
drumeo;Héroes Del Silencio;Entre Dos Tierras;;;;;;;;;;;TRUE;;349717
drumeo;Hillsong United;Desert Song;;;;;;;;;;;TRUE;;315901
drumeo;Hillsong United;Salvation Is Here;;;;;;;;;;;TRUE;;315907
drumeo;Hillsong United;Oceans (Where Feet May Fail);;;;;;;;;;;TRUE;;275534
drumeo;Hillsong United;Highlands (Song Of Ascent);;;;;;;;;;;TRUE;;315911
drumeo;Hillsong United;Prince Of Peace;;;;;;;;;;;TRUE;;315905
drumeo;Hillsong United;Another In The Fire;;;;;;;;;;;TRUE;;284900
drumeo;Hillsong United;The Stand;;;;;;;;;;;TRUE;;275532
drumeo;Hillsong United;Lead Me To The Cross;;;;;;;;;;;TRUE;;315903
drumeo;Hillsong Worship;Hosanna;;;;;;;;;;;TRUE;;315921
drumeo;Hillsong Worship;King Of Kings;;;;;;;;;;;TRUE;;315915
drumeo;Hillsong Worship;What A Beautiful Name;;;;;;;;;;;TRUE;;284902
drumeo;Hillsong Worship;This I Believe (The Creed);;;;;;;;;;;TRUE;;291354
drumeo;Hillsong Worship;O Praise The Name (Anastasis);;;;;;;;;;;TRUE;;315919
drumeo;Hillsong Worship;Mighty To Save;;;;;;;;;;;TRUE;;284904
drumeo;Hillsong Worship;Awake My Soul;;;;;;;;;;;TRUE;;279101
drumeo;Hillsong Worship;So Will I (100 Billion X);;;;;;;;;;;TRUE;;284906
drumeo;Hillsong Worship;Let There Be Light;;;;;;;;;;;TRUE;;315917
drumeo;Hillsong Young & Free;Song For His Presence;;;;;;;;;;;TRUE;;364691
drumeo;Hinder;Lips Of An Angel;;;;;;;;;;;TRUE;;270531
drumeo;Hiraes;Eyes Over Black;;;;;;;;;;;TRUE;;356034
drumeo;Hole;Celebrity Skin;;;;;;;;;;;TRUE;;356036
drumeo;Hoobastank;The Reason;;;;;;;;;;;TRUE;;264443
drumeo;Hootie & The Blowfish;Hold My Hand;;;;;;;;;;;TRUE;;373371
drumeo;Horace Silver;Song For My Father;;;;;;;;;;;TRUE;;270533
drumeo;Howlin' Wolf;Forty Four;;;;;;;;;;;TRUE;;284910
drumeo;Howlin' Wolf;Moanin' At Midnight;;;;;;;;;;;TRUE;;284912
drumeo;Huey Lewis And The News;Stuck With You;;;;;;;;;;;TRUE;;279107
drumeo;Huey Lewis And The News;The Only One;;;;;;;;;;;TRUE;;284922
drumeo;Huey Lewis And The News;Tell Me A Little Lie;;;;;;;;;;;TRUE;;284920
drumeo;Huey Lewis And The News;Giving It All Up For Love;;;;;;;;;;;TRUE;;284918
drumeo;Huey Lewis And The News;Hip To Be Square;;;;;;;;;;;TRUE;;275536
drumeo;Huey Lewis And The News;Back In Time;;;;;;;;;;;TRUE;;284916
drumeo;Huey Lewis And The News;Heart And Soul;;;;;;;;;;;TRUE;;275540
drumeo;Huey Lewis And The News;Workin' For A Livin';;;;;;;;;;;TRUE;;275538
drumeo;Huey Lewis And The News;The Heart Of Rock & Roll;;;;;;;;;;;TRUE;;275544
drumeo;Ike & Tina Turner;Proud Mary;;;;;;;;;;;TRUE;;291356
drumeo;INXS;Never Tear Us Apart;;;;;;;;;;;TRUE;;284926
drumeo;INXS;Need You Tonight;;;;;;;;;;;TRUE;;279111
drumeo;INXS;Suicide Blonde;;;;;;;;;;;TRUE;;275558
drumeo;INXS;Devil Inside;;;;;;;;;;;TRUE;;275556
drumeo;Iron Butterfly;In-A-Gadda-Da-Vida;;;;;;;;;;;TRUE;;359997
drumeo;Iron Maiden;Fear Of The Dark;;;;;;;;;;;TRUE;;371139
drumeo;Iron Maiden;Wasted Years;;;;;;;;;;;TRUE;;322460
drumeo;Iron Maiden;The Trooper;;;;;;;;;;;TRUE;;305670
drumeo;Iron Maiden;2 Minutes To Midnight;;;;;;;;;;;TRUE;;294521
drumeo;Iron Maiden;Seventh Son Of A Seventh Son;;;;;;;;;;;TRUE;;299082
drumeo;Iron Maiden;The Evil That Men Do;;;;;;;;;;;TRUE;;362439
drumeo;Iron Maiden;Wrathchild;;;;;;;;;;;TRUE;;365657
drumeo;Iron Maiden;The Number Of The Beast;;;;;;;;;;;TRUE;;309163
drumeo;Iron Maiden;Run To The Hills;;;;;;;;;;;TRUE;;24733
drumeo;Iron Maiden;Phantom Of The Opera;;;;;;;;;;;TRUE;;331187
drumeo;Iron Maiden;Rime Of The Ancient Mariner;;;;;;;;;;;TRUE;;314519
drumeo;Iron Maiden;Hallowed Be Thy Name;;;;;;;;;;;TRUE;;326655
drumeo;Jack Savoretti;Back Where I Belong;;;;;;;;;;;TRUE;;328184
drumeo;Jackson Browne;The Pretender;;;;;;;;;;;TRUE;;295200
drumeo;James Bay;Let It Go;;;;;;;;;;;TRUE;;275560
drumeo;James Brown;Get Up (I Feel Like Being A) Sex Machine;;;;;;;;;;;TRUE;;270539
drumeo;James Brown;Living In America;;;;;;;;;;;TRUE;;362441
drumeo;James Brown;Funky President (People It's Bad);;;;;;;;;;;TRUE;;317766
drumeo;James Brown;Funky Drummer;;;;;;;;;;;TRUE;;264445
drumeo;James Brown;It's A Man's Man's Man's World;;;;;;;;;;;TRUE;;275562
drumeo;James Gang;Funk #49;;;;;;;;;;;TRUE;;349878
drumeo;James Taylor;October Road;;;;;;;;;;;TRUE;;295641
drumeo;Jamey Johnson;In Color;;;;;;;;;;;TRUE;;364693
drumeo;Jane's Addiction;Jane Says;;;;;;;;;;;TRUE;;291358
drumeo;Janet Jackson;Rhythm Nation;;;;;;;;;;;TRUE;;371141
drumeo;Jason Aldean;They Don’t Know;;;;;;;;;;;TRUE;;349719
drumeo;Jason Aldean;Dirt Road Anthem;;;;;;;;;;;TRUE;;279117
drumeo;Jason Derulo;Savage Love;;;;;;;;;;;TRUE;;291360
drumeo;Jay-Z;Run This Town;;;;;;;;;;;TRUE;;279121
drumeo;Jeff Beck;Space Boogie;;;;;;;;;;;TRUE;;359325
drumeo;Jeff Beck;The Pump;;;;;;;;;;;TRUE;;359329
drumeo;Jeff Buckley;Last Goodbye;;;;;;;;;;;TRUE;;264451
drumeo;Jeff Buckley;Grace;;;;;;;;;;;TRUE;;264449
drumeo;Jerry Lee Lewis;Crazy Arms;;;;;;;;;;;TRUE;;291362
drumeo;Jesus Culture;Love Has A Name;;;;;;;;;;;TRUE;;270543
drumeo;Jesus Culture;Your Love Never Fails;;;;;;;;;;;TRUE;;279123
drumeo;Jesus Culture;Rooftops;;;;;;;;;;;TRUE;;315923
drumeo;Jesus Jones;Right Here, Right Now;;;;;;;;;;;TRUE;;352705
drumeo;Jethro Tull;Aqualung;;;;;;;;;;;TRUE;;305672
drumeo;Jimmy Barnes;Message To My Girl;;;;;;;;;;;TRUE;;373484
drumeo;Jimmy Reed;I Ain't Got You;;;;;;;;;;;TRUE;;279125
drumeo;Joan Jett & The Blackhearts;I Hate Myself For Loving You;;;;;;;;;;;TRUE;;356038
drumeo;Joe Cocker;Unchain My Heart;;;;;;;;;;;TRUE;;371144
drumeo;Joe Cocker;With A Little Help From My Friends;;;;;;;;;;;TRUE;;371146
drumeo;Joe Cocker;You Can Leave Your Hat On;;;;;;;;;;;TRUE;;294524
drumeo;Joe Cocker;Night Calls;;;;;;;;;;;TRUE;;349723
drumeo;Joe Jackson;It's Different For Girls;;;;;;;;;;;TRUE;;291364
drumeo;Joe Satriani;Summer Song;;;;;;;;;;;TRUE;;362476
drumeo;Joe Walsh;Rocky Mountain Way;;;;;;;;;;;TRUE;;284928
drumeo;John Coltrane;Acknowledgement;;;;;;;;;;;TRUE;;264453
drumeo;John Coltrane;My Favorite Things;;;;;;;;;;;TRUE;;270545
drumeo;John Coltrane;Village Blues;;;;;;;;;;;TRUE;;279127
drumeo;John Cougar Mellencamp;Pink Houses;;;;;;;;;;;TRUE;;291368
drumeo;John Cougar Mellencamp;Small Town;;;;;;;;;;;TRUE;;291366
drumeo;John Cougar Mellencamp;Jack & Diane;;;;;;;;;;;TRUE;;317244
drumeo;John Cougar Mellencamp;Authority Song;;;;;;;;;;;TRUE;;264455
drumeo;John Mayer;Waiting On The World To Change;;;;;;;;;;;TRUE;;264461
drumeo;John Mayer;Why Georgia;;;;;;;;;;;TRUE;;275566
drumeo;John Mayer;Heartbreak Warfare;;;;;;;;;;;TRUE;;264457
drumeo;John Mayer;Last Train Home;;;;;;;;;;;TRUE;;307172
drumeo;John Mayer;Neon;;;;;;;;;;;TRUE;;284932
drumeo;John Mayer;Rosie;;;;;;;;;;;TRUE;;270551
drumeo;John Mayer;Your Body Is A Wonderland;;;;;;;;;;;TRUE;;279131
drumeo;John Mayer;Gravity;;;;;;;;;;;TRUE;;284930
drumeo;John Mayer;No Such Thing;;;;;;;;;;;TRUE;;264459
drumeo;John Mayer;Slow Dancing In A Burning Room;;;;;;;;;;;TRUE;;270549
drumeo;John Mayer;Vultures;;;;;;;;;;;TRUE;;279129
drumeo;John Mayer;Perfectly Lonely;;;;;;;;;;;TRUE;;270547
drumeo;John Parr;St. Elmo's Fire (Man In Motion);;;;;;;;;;;TRUE;;294526
drumeo;John Scofield;So You Say;;;;;;;;;;;TRUE;;351989
drumeo;John Scofield;Blue Matter;;;;;;;;;;;TRUE;;352741
drumeo;John Stewart;Gold;;;;;;;;;;;TRUE;;328189
drumeo;Johnny Winter;Be Careful With A Fool;;;;;;;;;;;TRUE;;291370
drumeo;Jon Pardi;Head Over Boots;;;;;;;;;;;TRUE;;291372
drumeo;Jon Pardi;Night Shift;;;;;;;;;;;TRUE;;275568
drumeo;Joni Mitchell;Two Grey Rooms;;;;;;;;;;;TRUE;;341265
drumeo;Jordan Davis;Buy Dirt;;;;;;;;;;;TRUE;;374571
drumeo;Josh Baldwin;Let The Redeemed;;;;;;;;;;;TRUE;;279137
drumeo;Journey;Any Way You Want It;;;;;;;;;;;TRUE;;260441
drumeo;Journey;Faithfully;;;;;;;;;;;TRUE;;275572
drumeo;Journey;Mother, Father;;;;;;;;;;;TRUE;;361704
drumeo;Journey;Back Talk;;;;;;;;;;;TRUE;;361713
drumeo;Journey;After All These Years;;;;;;;;;;;TRUE;;275574
drumeo;Journey;Chain Reaction;;;;;;;;;;;TRUE;;361715
drumeo;Journey;Still They Ride;;;;;;;;;;;TRUE;;361706
drumeo;Journey;Rubicon;;;;;;;;;;;TRUE;;361721
drumeo;Journey;Troubled Child;;;;;;;;;;;TRUE;;361725
drumeo;Journey;Send Her My Love;;;;;;;;;;;TRUE;;361723
drumeo;Journey;Escape;;;;;;;;;;;TRUE;;361698
drumeo;Journey;Open Arms;;;;;;;;;;;TRUE;;275570
drumeo;Journey;Dead Or Alive;;;;;;;;;;;TRUE;;361693
drumeo;Journey;Where Were You;;;;;;;;;;;TRUE;;361689
drumeo;Journey;Lights;;;;;;;;;;;TRUE;;279139
drumeo;Journey;Stone In Love;;;;;;;;;;;TRUE;;361708
drumeo;Journey;Keep On Runnin';;;;;;;;;;;TRUE;;361700
drumeo;Journey;After The Fall;;;;;;;;;;;TRUE;;361710
drumeo;Journey;Lay It Down;;;;;;;;;;;TRUE;;361702
drumeo;Journey;Lă Do Dā;;;;;;;;;;;TRUE;;361687
drumeo;Journey;Frontiers;;;;;;;;;;;TRUE;;361719
drumeo;Journey;Lovin', Touchin', Squeezin';;;;;;;;;;;TRUE;;291376
drumeo;Joy Division;Love Will Tear Us Apart;;;;;;;;;;;TRUE;;291378
drumeo;Judas Priest;The Hellion/Electric Eye;;;;;;;;;;;TRUE;;279141
drumeo;Judas Priest;Last Rose Of Summer;;;;;;;;;;;TRUE;;349725
drumeo;Judas Priest;Hell Bent For Leather;;;;;;;;;;;TRUE;;328191
drumeo;Judas Priest;Living After Midnight;;;;;;;;;;;TRUE;;264465
drumeo;Judas Priest;Dissident Aggressor;;;;;;;;;;;TRUE;;357339
drumeo;Judas Priest;Riding On The Wind;;;;;;;;;;;TRUE;;284934
drumeo;Judas Priest;Painkiller;;;;;;;;;;;TRUE;;291380
drumeo;Juice Wrld;Lucid Dreams;;;;;;;;;;;TRUE;;328193
drumeo;Justin Timberlake;I'm Lovin' It;;;;;;;;;;;TRUE;;284936
drumeo;Justin Timberlake;Suit & Tie;;;;;;;;;;;TRUE;;279143
drumeo;Jxdn;Pills;;;;;;;;;;;TRUE;;364706
drumeo;Jxdn;Lips;;;;;;;;;;;TRUE;;364695
drumeo;K'naan;Wavin' Flag;;;;;;;;;;;TRUE;;284938
drumeo;Kacey Musgraves;Space Cowboy;;;;;;;;;;;TRUE;;291384
drumeo;Kacey Musgraves;Slow Burn;;;;;;;;;;;TRUE;;291382
drumeo;Kaiser Chiefs;I Predict A Riot;;;;;;;;;;;TRUE;;305674
drumeo;Kaleo;No Good;;;;;;;;;;;TRUE;;291388
drumeo;Kansas;Point Of Know Return;;;;;;;;;;;TRUE;;264467
drumeo;Kanye West;Power;;;;;;;;;;;TRUE;;284940
drumeo;Karnivool;New Day;;;;;;;;;;;TRUE;;344733
drumeo;Katy Perry;Last Friday Night (T.G.I.F.);;;;;;;;;;;TRUE;;270553
drumeo;Katy Perry;Teenage Dream;;;;;;;;;;;TRUE;;264469
drumeo;Katy Perry;Who Am I Living For?;;;;;;;;;;;TRUE;;264471
drumeo;Keane;Somewhere Only We Know;;;;;;;;;;;TRUE;;270555
drumeo;Keane;Everybody's Changing;;;;;;;;;;;TRUE;;302647
drumeo;Keith Richards;How I Wish;;;;;;;;;;;TRUE;;291390
drumeo;Keith Urban;Somebody Like You;;;;;;;;;;;TRUE;;284944
drumeo;Kelly Clarkson;My Life Would Suck Without You;;;;;;;;;;;TRUE;;284946
drumeo;Kenny Loggins;Danger Zone;;;;;;;;;;;TRUE;;348745
drumeo;Kid Rock;All Summer Long;;;;;;;;;;;TRUE;;291392
drumeo;Kid Rock;Let's Ride;;;;;;;;;;;TRUE;;284950
drumeo;Kim Mitchell;All We Are;;;;;;;;;;;TRUE;;352707
drumeo;King Cobra;Hunger;;;;;;;;;;;TRUE;;356005
drumeo;King Crimson;Level Five;;;;;;;;;;;TRUE;;374575
drumeo;King Crimson;21st Century Schizoid Man;;;;;;;;;;;TRUE;;284952
drumeo;Kings Of Leon;Red Morning Light;;;;;;;;;;;TRUE;;291396
drumeo;Kings Of Leon;Crawl;;;;;;;;;;;TRUE;;291394
drumeo;Kirk Franklin;I Smile;;;;;;;;;;;TRUE;;264473
drumeo;Kirk Franklin;Hosanna;;;;;;;;;;;TRUE;;364708
drumeo;KISS;Rock And Roll All Nite;;;;;;;;;;;TRUE;;264477
drumeo;KISS;100,000 Years;;;;;;;;;;;TRUE;;279145
drumeo;KISS;Lick It Up;;;;;;;;;;;TRUE;;264475
drumeo;KISS;Love Gun;;;;;;;;;;;TRUE;;337411
drumeo;KISS;Heaven's On Fire;;;;;;;;;;;TRUE;;284954
drumeo;KISS;God Gave Rock And Roll To You;;;;;;;;;;;TRUE;;337413
drumeo;KISS;Room Service;;;;;;;;;;;TRUE;;284958
drumeo;KISS;Detroit Rock City;;;;;;;;;;;TRUE;;356040
drumeo;KISS;I Love It Loud;;;;;;;;;;;TRUE;;349728
drumeo;Kool & The Gang;Jungle Boogie;;;;;;;;;;;TRUE;;275576
drumeo;Kool & The Gang;Hollywood Swinging;;;;;;;;;;;TRUE;;317772
drumeo;Korn;Here To Stay;;;;;;;;;;;TRUE;;291406
drumeo;Korn;Got The Life;;;;;;;;;;;TRUE;;331189
drumeo;Korn;Coming Undone;;;;;;;;;;;TRUE;;291404
drumeo;Korn;Freak On A Leash;;;;;;;;;;;TRUE;;291402
drumeo;Korn;Hater;;;;;;;;;;;TRUE;;328195
drumeo;Kungs Vs. Cookin' On 3 Burners;This Girl;;;;;;;;;;;TRUE;;349730
drumeo;Kyuss;Hurricane;;;;;;;;;;;TRUE;;349732
drumeo;Lady Antebellum;Need You Now;;;;;;;;;;;TRUE;;284962
drumeo;Lady Gaga;Bad Romance;;;;;;;;;;;TRUE;;270561
drumeo;Lady Gaga;Poker Face;;;;;;;;;;;TRUE;;270559
drumeo;Lady Gaga;The Edge Of Glory;;;;;;;;;;;TRUE;;270557
drumeo;Lady Gaga And Bradley Cooper;Shallow;;;;;;;;;;;TRUE;;374578
drumeo;Lake Street Dive;I Don’t Care About You;;;;;;;;;;;TRUE;;374580
drumeo;Lamb Of God;Redneck;;;;;;;;;;;TRUE;;279151
drumeo;Lamb Of God;Ashes Of The Wake;;;;;;;;;;;TRUE;;279149
drumeo;Lamb Of God;Laid To Rest;;;;;;;;;;;TRUE;;284964
drumeo;Lamb Of God;Pathetic;;;;;;;;;;;TRUE;;284966
drumeo;Lauren Daigle;Everything;;;;;;;;;;;TRUE;;291408
drumeo;Lauren Daigle;You Say;;;;;;;;;;;TRUE;;291414
drumeo;Lauren Daigle;Love Like This;;;;;;;;;;;TRUE;;291412
drumeo;Lauren Daigle;Look Up Child;;;;;;;;;;;TRUE;;291410
drumeo;Lauren Daigle;Your Wings;;;;;;;;;;;TRUE;;291416
drumeo;LCD Soundsystem;Dance Yrself Clean;;;;;;;;;;;TRUE;;364710
drumeo;Led Zeppelin;Ozone Baby;;;;;;;;;;;TRUE;;327462
drumeo;Led Zeppelin;Rock And Roll;;;;;;;;;;;TRUE;;301985
drumeo;Led Zeppelin;I Can't Quit You Baby;;;;;;;;;;;TRUE;;301948
drumeo;Led Zeppelin;How Many More Times;;;;;;;;;;;TRUE;;301945
drumeo;Led Zeppelin;Four Sticks;;;;;;;;;;;TRUE;;301979
drumeo;Led Zeppelin;Celebration Day;;;;;;;;;;;TRUE;;301972
drumeo;Led Zeppelin;Ten Years Gone;;;;;;;;;;;TRUE;;284976
drumeo;Led Zeppelin;The Lemon Song;;;;;;;;;;;TRUE;;301962
drumeo;Led Zeppelin;South Bound Suarez;;;;;;;;;;;TRUE;;327488
drumeo;Led Zeppelin;Communication Breakdown;;;;;;;;;;;TRUE;;270569
drumeo;Led Zeppelin;When The Levee Breaks;;;;;;;;;;;TRUE;;284968
drumeo;Led Zeppelin;Dancing Days;;;;;;;;;;;TRUE;;301935
drumeo;Led Zeppelin;Dazed And Confused;;;;;;;;;;;TRUE;;301943
drumeo;Led Zeppelin;Bring It On Home;;;;;;;;;;;TRUE;;301954
drumeo;Led Zeppelin;Poor Tom;;;;;;;;;;;TRUE;;327466
drumeo;Led Zeppelin;Gallows Pole;;;;;;;;;;;TRUE;;301975
drumeo;Led Zeppelin;You Shook Me;;;;;;;;;;;TRUE;;301950
drumeo;Led Zeppelin;Whole Lotta Love;;;;;;;;;;;TRUE;;301967
drumeo;Led Zeppelin;Babe I'm Gonna Leave You;;;;;;;;;;;TRUE;;270567
drumeo;Led Zeppelin;Tea For One;;;;;;;;;;;TRUE;;327506
drumeo;Led Zeppelin;Houses Of The Holy;;;;;;;;;;;TRUE;;284972
drumeo;Led Zeppelin;Wearing And Tearing;;;;;;;;;;;TRUE;;327470
drumeo;Led Zeppelin;Out On The Tiles;;;;;;;;;;;TRUE;;301977
drumeo;Led Zeppelin;For Your Life;;;;;;;;;;;TRUE;;327497
drumeo;Led Zeppelin;The Rover;;;;;;;;;;;TRUE;;284978
drumeo;Led Zeppelin;Thank You;;;;;;;;;;;TRUE;;301960
drumeo;Led Zeppelin;Since I've Been Loving You;;;;;;;;;;;TRUE;;301981
drumeo;Led Zeppelin;Hot Dog;;;;;;;;;;;TRUE;;327479
drumeo;Led Zeppelin;What Is And What Should Never Be;;;;;;;;;;;TRUE;;301964
drumeo;Led Zeppelin;Trampled Under Foot;;;;;;;;;;;TRUE;;302000
drumeo;Led Zeppelin;The Wanton Song;;;;;;;;;;;TRUE;;279159
drumeo;Led Zeppelin;Achilles Last Stand;;;;;;;;;;;TRUE;;327491
drumeo;Led Zeppelin;Nobody's Fault But Mine;;;;;;;;;;;TRUE;;327500
drumeo;Led Zeppelin;Carouselambra;;;;;;;;;;;TRUE;;327476
drumeo;Led Zeppelin;Royal Orleans;;;;;;;;;;;TRUE;;327504
drumeo;Led Zeppelin;Hots On For Nowhere;;;;;;;;;;;TRUE;;327502
drumeo;Led Zeppelin;Misty Mountain Hop;;;;;;;;;;;TRUE;;270573
drumeo;Led Zeppelin;No Quarter;;;;;;;;;;;TRUE;;301937
drumeo;Led Zeppelin;Night Flight;;;;;;;;;;;TRUE;;301995
drumeo;Led Zeppelin;Heartbreaker;;;;;;;;;;;TRUE;;275580
drumeo;Led Zeppelin;Stairway To Heaven;;;;;;;;;;;TRUE;;279157
drumeo;Led Zeppelin;Moby Dick;;;;;;;;;;;TRUE;;301956
drumeo;Led Zeppelin;The Rain Song;;;;;;;;;;;TRUE;;301939
drumeo;Led Zeppelin;Ramble On;;;;;;;;;;;TRUE;;301958
drumeo;Led Zeppelin;Your Time Is Gonna Come;;;;;;;;;;;TRUE;;301952
drumeo;Led Zeppelin;The Crunge;;;;;;;;;;;TRUE;;279153
drumeo;Led Zeppelin;Fool In The Rain;;;;;;;;;;;TRUE;;275578
drumeo;Led Zeppelin;In The Light;;;;;;;;;;;TRUE;;301993
drumeo;Led Zeppelin;Tangerine;;;;;;;;;;;TRUE;;279155
drumeo;Led Zeppelin;Living Loving Maid (She's Just A Woman);;;;;;;;;;;TRUE;;270571
drumeo;Led Zeppelin;The Song Remains The Same;;;;;;;;;;;TRUE;;301941
drumeo;Led Zeppelin;Over The Hills And Far Away;;;;;;;;;;;TRUE;;270565
drumeo;Led Zeppelin;Walter's Walk;;;;;;;;;;;TRUE;;327464
drumeo;Led Zeppelin;All My Love;;;;;;;;;;;TRUE;;327472
drumeo;Led Zeppelin;We're Gonna Groove;;;;;;;;;;;TRUE;;327468
drumeo;Leeland;Lion And The Lamb;;;;;;;;;;;TRUE;;279161
drumeo;Leeland;Way Maker;;;;;;;;;;;TRUE;;275584
drumeo;Lenny Kravitz;Low;;;;;;;;;;;TRUE;;284982
drumeo;Lenny Kravitz;Let Love Rule;;;;;;;;;;;TRUE;;284980
drumeo;Leprous;The Price;;;;;;;;;;;TRUE;;284984
drumeo;Lianne La Havas;Don't Wake Me Up;;;;;;;;;;;TRUE;;284986
drumeo;Limp Bizkit;Rollin' (Air Raid Vehicle);;;;;;;;;;;TRUE;;373823
drumeo;Limp Bizkit;Take A Look Around;;;;;;;;;;;TRUE;;294528
drumeo;Lin-Manuel Miranda;Wait For It;;;;;;;;;;;TRUE;;313356
drumeo;Lin-Manuel Miranda;The Election Of 1800;;;;;;;;;;;TRUE;;313347
drumeo;Lin-Manuel Miranda;One Last Time;;;;;;;;;;;TRUE;;313342
drumeo;Lin-Manuel Miranda;The Schuyler Sisters;;;;;;;;;;;TRUE;;313351
drumeo;Lin-Manuel Miranda;Non-Stop;;;;;;;;;;;TRUE;;313339
drumeo;Lin-Manuel Miranda;Alexander Hamilton;;;;;;;;;;;TRUE;;313329
drumeo;Lin-Manuel Miranda;My Shot;;;;;;;;;;;TRUE;;313337
drumeo;Lin-Manuel Miranda;Yorktown (The World Turned Upside Down);;;;;;;;;;;TRUE;;313358
drumeo;Lin-Manuel Miranda;The Room Where It Happens;;;;;;;;;;;TRUE;;313349
drumeo;Lin-Manuel Miranda;Guns And Ships;;;;;;;;;;;TRUE;;313335
drumeo;Lin-Manuel Miranda;Right Hand Man;;;;;;;;;;;TRUE;;313345
drumeo;Lin-Manuel Miranda;The World Was Wide Enough;;;;;;;;;;;TRUE;;313353
drumeo;Lincoln Brewster;Let The Praises Ring;;;;;;;;;;;TRUE;;275586
drumeo;Lincoln Brewster;Today Is The Day;;;;;;;;;;;TRUE;;270575
drumeo;Lincoln Brewster;Reaching For You;;;;;;;;;;;TRUE;;275588
drumeo;Linda Ronstadt;You're No Good;;;;;;;;;;;TRUE;;373373
drumeo;Linkin Park;New Divide;;;;;;;;;;;TRUE;;349735
drumeo;Linkin Park;Numb;;;;;;;;;;;TRUE;;279163
drumeo;Linkin Park;Faint;;;;;;;;;;;TRUE;;356042
drumeo;Linkin Park;One Step Closer;;;;;;;;;;;TRUE;;291420
drumeo;Linkin Park;What I've Done;;;;;;;;;;;TRUE;;279165
drumeo;Lionel Richie;Hello;;;;;;;;;;;TRUE;;279167
drumeo;Lionel Richie;All Night Long (All Night);;;;;;;;;;;TRUE;;275590
drumeo;Lipps Inc.;Funkytown;;;;;;;;;;;TRUE;;317774
drumeo;Liquid Tension Experiment;When The Water Breaks;;;;;;;;;;;TRUE;;264479
drumeo;Lit;My Own Worst Enemy;;;;;;;;;;;TRUE;;352709
drumeo;Live;I Alone;;;;;;;;;;;TRUE;;365659
drumeo;Live;Pain Lies On The Riverside;;;;;;;;;;;TRUE;;374584
drumeo;Live;White, Discussion;;;;;;;;;;;TRUE;;328199
drumeo;Live;Selling The Drama;;;;;;;;;;;TRUE;;294530
drumeo;Live;Waitress;;;;;;;;;;;TRUE;;328197
drumeo;Living Colour;Love Rears Its Ugly Head;;;;;;;;;;;TRUE;;352711
drumeo;Lord Huron;Meet Me In The Woods;;;;;;;;;;;TRUE;;374586
drumeo;Lost Frequencies;Love To Go;;;;;;;;;;;TRUE;;291422
drumeo;Louie Bellson;Skin Deep;;;;;;;;;;;TRUE;;305676
drumeo;Louie Bellson;The Intimacy Of The Blues;;;;;;;;;;;TRUE;;346210
drumeo;Louis Armstrong & Duke Ellington;It Don't Mean A Thing (If It Ain't Got That Swing);;;;;;;;;;;TRUE;;346213
drumeo;Louis Jordan And His Tympany Five;Saturday Night Fish Fry;;;;;;;;;;;TRUE;;291424
drumeo;Louis Prima;(I'll Be Glad When You're Dead) You Rascal You;;;;;;;;;;;TRUE;;291426
drumeo;Loverboy;Working For The Weekend;;;;;;;;;;;TRUE;;264481
drumeo;Lucifer’s Friend;Any Day Now;;;;;;;;;;;TRUE;;374588
drumeo;Luke Combs;She Got The Best Of Me;;;;;;;;;;;TRUE;;270577
drumeo;Luke Combs;Forever After All;;;;;;;;;;;TRUE;;328201
drumeo;Luke Combs;Beautiful Crazy;;;;;;;;;;;TRUE;;264483
drumeo;Luke Combs;When It Rains It Pours;;;;;;;;;;;TRUE;;284994
drumeo;Lynyrd Skynyrd;Simple Man;;;;;;;;;;;TRUE;;326660
drumeo;Lynyrd Skynyrd;What's Your Name;;;;;;;;;;;TRUE;;284998
drumeo;Lynyrd Skynyrd;Saturday Night Special;;;;;;;;;;;TRUE;;284996
drumeo;Lynyrd Skynyrd;Free Bird;;;;;;;;;;;TRUE;;314521
drumeo;M People;Moving On Up;;;;;;;;;;;TRUE;;291428
drumeo;Machine Gun Kelly;Forget Me Too;;;;;;;;;;;TRUE;;291434
drumeo;Machine Gun Kelly;My Ex's Best Friend;;;;;;;;;;;TRUE;;291436
drumeo;Machine Gun Kelly;Bloody Valentine;;;;;;;;;;;TRUE;;291430
drumeo;Macklemore & Ryan Lewis;Same Love;;;;;;;;;;;TRUE;;291440
drumeo;Macklemore & Ryan Lewis;Thrift Shop;;;;;;;;;;;TRUE;;291442
drumeo;Macy Gray;I Try;;;;;;;;;;;TRUE;;364712
drumeo;Maddie & Tae;Shut Up And Fish;;;;;;;;;;;TRUE;;291444
drumeo;Madness;Night Boat To Cairo;;;;;;;;;;;TRUE;;291446
drumeo;Madness;One Step Beyond;;;;;;;;;;;TRUE;;371148
drumeo;Madonna;Like A Virgin;;;;;;;;;;;TRUE;;279169
drumeo;Madonna;Hung Up;;;;;;;;;;;TRUE;;373486
drumeo;Make Them Suffer;Let Me In;;;;;;;;;;;TRUE;;291452
drumeo;Make Them Suffer;Soul Decay;;;;;;;;;;;TRUE;;291450
drumeo;Make Them Suffer;Drown With Me;;;;;;;;;;;TRUE;;291448
drumeo;Manchester Orchestra;The Moth;;;;;;;;;;;TRUE;;328203
drumeo;Måneskin;Beggin';;;;;;;;;;;TRUE;;328206
drumeo;Manowar;Thor (The Powerhead);;;;;;;;;;;TRUE;;364714
drumeo;Mariah Carey;All I Want For Christmas Is You;;;;;;;;;;;TRUE;;291454
drumeo;Marilyn Manson;The Beautiful People;;;;;;;;;;;TRUE;;285000
drumeo;Marilyn Manson;Sweet Dreams (Are Made Of This);;;;;;;;;;;TRUE;;291456
drumeo;Mark Ronson & Amy Winehouse;Valerie;;;;;;;;;;;TRUE;;264485
drumeo;Maroon 5;Sunday Morning;;;;;;;;;;;TRUE;;352715
drumeo;Maroon 5;Makes Me Wonder;;;;;;;;;;;TRUE;;264487
drumeo;Maroon 5;Moves Like Jagger;;;;;;;;;;;TRUE;;291458
drumeo;Maroon 5;She Will Be Loved;;;;;;;;;;;TRUE;;373825
drumeo;Marvin Gaye;What's Going On;;;;;;;;;;;TRUE;;331193
drumeo;Marvin Gaye;Let's Get It On;;;;;;;;;;;TRUE;;264489
drumeo;Marvin Gaye;That's The Way Love Is;;;;;;;;;;;TRUE;;285006
drumeo;Marvin Gaye;I Heard It Through The Grapevine;;;;;;;;;;;TRUE;;285002
drumeo;Marvin Gaye & Tammi Terrell;Ain't No Mountain High Enough;;;;;;;;;;;TRUE;;275594
drumeo;Mastodon;Colony Of Birchmen;;;;;;;;;;;TRUE;;364716
drumeo;Mastodon;Steambreather;;;;;;;;;;;TRUE;;364718
drumeo;Matchbox Twenty;3:00 AM;;;;;;;;;;;TRUE;;264491
drumeo;Matchbox Twenty;Unwell;;;;;;;;;;;TRUE;;285008
drumeo;Matt Maher;Lord, I Need You;;;;;;;;;;;TRUE;;279173
drumeo;Max Roach;Driva' Man;;;;;;;;;;;TRUE;;275598
drumeo;Max Roach;The Drum Also Waltzes;;;;;;;;;;;TRUE;;270579
drumeo;Max Roach;For Big Sid;;;;;;;;;;;TRUE;;275596
drumeo;Maynard Ferguson;Gonna Fly Now;;;;;;;;;;;TRUE;;275600
drumeo;MC Hammer;U Can't Touch This;;;;;;;;;;;TRUE;;270581
drumeo;McCoy Tyner;Effendi;;;;;;;;;;;TRUE;;279175
drumeo;Meat Loaf;I'd Do Anything For Love (But I Won't Do That);;;;;;;;;;;TRUE;;322462
drumeo;Meat Loaf;Paradise By The Dashboard Light;;;;;;;;;;;TRUE;;348743
drumeo;Meat Puppets;Backwater;;;;;;;;;;;TRUE;;364720
drumeo;Megadeth;Peace Sells;;;;;;;;;;;TRUE;;337417
drumeo;Megadeth;Holy Wars...The Punishment Due;;;;;;;;;;;TRUE;;305678
drumeo;Megadeth;Kill The King;;;;;;;;;;;TRUE;;328212
drumeo;Megadeth;Train Of Consequences;;;;;;;;;;;TRUE;;285012
drumeo;Megadeth;Sweating Bullets;;;;;;;;;;;TRUE;;270583
drumeo;Megadeth;Foreclosure Of A Dream;;;;;;;;;;;TRUE;;285010
drumeo;Megadeth;Hangar 18;;;;;;;;;;;TRUE;;275602
drumeo;Megadeth;A Tout Le Monde;;;;;;;;;;;TRUE;;279179
drumeo;Megadeth;Kick The Chair;;;;;;;;;;;TRUE;;341267
drumeo;Megadeth;Trust;;;;;;;;;;;TRUE;;279177
drumeo;Men At Work;Down Under;;;;;;;;;;;TRUE;;270585
drumeo;Men Without Hats;The Safety Dance;;;;;;;;;;;TRUE;;291460
drumeo;MercyMe;Flawless;;;;;;;;;;;TRUE;;315925
drumeo;MercyMe;Best News Ever;;;;;;;;;;;TRUE;;279181
drumeo;MercyMe;I Can Only Imagine;;;;;;;;;;;TRUE;;275604
drumeo;Meshuggah;Combustion;;;;;;;;;;;TRUE;;291464
drumeo;Meshuggah;New Millenium Cyanide Christ;;;;;;;;;;;TRUE;;264493
drumeo;Meshuggah;Stengah;;;;;;;;;;;TRUE;;291462
drumeo;Meshuggah;Do Not Look Down;;;;;;;;;;;TRUE;;275608
drumeo;Meshuggah;Future Breed Machine;;;;;;;;;;;TRUE;;275606
drumeo;Meshuggah;Rational Gaze;;;;;;;;;;;TRUE;;275610
drumeo;Metallica;Thorn Within;;;;;;;;;;;TRUE;;333493
drumeo;Metallica;The Shortest Straw;;;;;;;;;;;TRUE;;333472
drumeo;Metallica;Hero Of The Day;;;;;;;;;;;TRUE;;349737
drumeo;Metallica;Welcome Home (Sanitarium);;;;;;;;;;;TRUE;;333503
drumeo;Metallica;Holier Than Thou;;;;;;;;;;;TRUE;;333509
drumeo;Metallica;Whiskey In The Jar;;;;;;;;;;;TRUE;;322466
drumeo;Metallica;My Friend Of Misery;;;;;;;;;;;TRUE;;356044
drumeo;Metallica;The Frayed Ends Of Sanity;;;;;;;;;;;TRUE;;372930
drumeo;Metallica;The Memory Remains;;;;;;;;;;;TRUE;;331196
drumeo;Metallica;To Live Is To Die;;;;;;;;;;;TRUE;;285014
drumeo;Metallica;Cyanide;;;;;;;;;;;TRUE;;333474
drumeo;Metallica;Hit The Lights;;;;;;;;;;;TRUE;;333484
drumeo;Metallica;Wherever I May Roam;;;;;;;;;;;TRUE;;314523
drumeo;Metallica;The Day That Never Comes;;;;;;;;;;;TRUE;;285016
drumeo;Metallica;Frantic;;;;;;;;;;;TRUE;;333527
drumeo;Metallica;The Unforgiven III;;;;;;;;;;;TRUE;;279187
drumeo;Metallica;Leper Messiah;;;;;;;;;;;TRUE;;279183
drumeo;Metallica;Eye Of The Beholder;;;;;;;;;;;TRUE;;333468
drumeo;Metallica;Ride The Lightning;;;;;;;;;;;TRUE;;322463
drumeo;Metallica;The Struggle Within;;;;;;;;;;;TRUE;;333514
drumeo;Metallica;For Whom The Bell Tolls;;;;;;;;;;;TRUE;;260486
drumeo;Metallica;The Four Horsemen;;;;;;;;;;;TRUE;;275612
drumeo;Metallica;Harvester Of Sorrow;;;;;;;;;;;TRUE;;333470
drumeo;Metallica;The Thing That Should Not Be;;;;;;;;;;;TRUE;;333505
drumeo;Metallica;The God That Failed;;;;;;;;;;;TRUE;;333516
drumeo;Metallica;The Unforgiven II;;;;;;;;;;;TRUE;;285024
drumeo;Metallica;Wasting My Hate;;;;;;;;;;;TRUE;;333495
drumeo;Metallica;Battery;;;;;;;;;;;TRUE;;333497
drumeo;Metallica;Ain't My Bitch;;;;;;;;;;;TRUE;;333486
drumeo;Metallica;King Nothing;;;;;;;;;;;TRUE;;333488
drumeo;Metallica;Fuel;;;;;;;;;;;TRUE;;326665
drumeo;Metallica;Fixxxer;;;;;;;;;;;TRUE;;333520
drumeo;Metallica;Don't Tread On Me;;;;;;;;;;;TRUE;;333507
drumeo;Metallica;Disposable Heroes;;;;;;;;;;;TRUE;;333501
drumeo;Metallica;Mama Said;;;;;;;;;;;TRUE;;333490
drumeo;Metallica;Of Wolf And Man;;;;;;;;;;;TRUE;;333511
drumeo;Metallica;Orion;;;;;;;;;;;TRUE;;279185
drumeo;Metallica;Fight Fire With Fire;;;;;;;;;;;TRUE;;333522
drumeo;Metallica;Seek & Destroy;;;;;;;;;;;TRUE;;326663
drumeo;Metallica;Master Of Puppets;;;;;;;;;;;TRUE;;25335
drumeo;Metallica;Dyers Eve;;;;;;;;;;;TRUE;;333466
drumeo;Metallica;The Call Of Ktulu;;;;;;;;;;;TRUE;;333524
drumeo;Metallica;St. Anger;;;;;;;;;;;TRUE;;349739
drumeo;Metallica;The Unforgiven;;;;;;;;;;;TRUE;;285022
drumeo;Metallica;Sad But True;;;;;;;;;;;TRUE;;275614
drumeo;Metallica;Hardwired;;;;;;;;;;;TRUE;;333480
drumeo;Metallica;Moth Into Flame;;;;;;;;;;;TRUE;;302652
drumeo;Metallica;Halo On Fire;;;;;;;;;;;TRUE;;333478
drumeo;Metallica;Turn The Page;;;;;;;;;;;TRUE;;333476
drumeo;Metallica;Damage, Inc.;;;;;;;;;;;TRUE;;333499
drumeo;Metallica;Creeping Death;;;;;;;;;;;TRUE;;299086
drumeo;Metallica;Until It Sleeps;;;;;;;;;;;TRUE;;285020
drumeo;Metallica;Through The Never;;;;;;;;;;;TRUE;;333518
drumeo;mewithoutYou;Wolf Am I! (And Shadow);;;;;;;;;;;TRUE;;364724
drumeo;Michael Jackson;Remember The Time;;;;;;;;;;;TRUE;;315981
drumeo;Michael Jackson;Get On The Floor;;;;;;;;;;;TRUE;;315997
drumeo;Michael Jackson;Burn This Disco Out;;;;;;;;;;;TRUE;;315993
drumeo;Michael Jackson;Man In The Mirror;;;;;;;;;;;TRUE;;315961
drumeo;Michael Jackson;The Lady In My Life;;;;;;;;;;;TRUE;;285030
drumeo;Michael Jackson;P.Y.T. (Pretty Young Thing);;;;;;;;;;;TRUE;;270593
drumeo;Michael Jackson;Why You Wanna Trip On Me;;;;;;;;;;;TRUE;;315987
drumeo;Michael Jackson;She Drives Me Wild;;;;;;;;;;;TRUE;;315983
drumeo;Michael Jackson;Just Good Friends;;;;;;;;;;;TRUE;;315955
drumeo;Michael Jackson;Another Part Of Me;;;;;;;;;;;TRUE;;315951
drumeo;Michael Jackson;Can't Let Her Get Away;;;;;;;;;;;TRUE;;315969
drumeo;Michael Jackson;In The Closet;;;;;;;;;;;TRUE;;315977
drumeo;Michael Jackson;They Don't Care About Us;;;;;;;;;;;TRUE;;315991
drumeo;Michael Jackson;I Just Can't Stop Loving You;;;;;;;;;;;TRUE;;315953
drumeo;Michael Jackson;Smooth Criminal;;;;;;;;;;;TRUE;;315963
drumeo;Michael Jackson;Working Day And Night;;;;;;;;;;;TRUE;;316009
drumeo;Michael Jackson;The Way You Make Me Feel;;;;;;;;;;;TRUE;;315967
drumeo;Michael Jackson;Wanna Be Startin' Somethin';;;;;;;;;;;TRUE;;316013
drumeo;Michael Jackson;It's The Falling In Love;;;;;;;;;;;TRUE;;316003
drumeo;Michael Jackson;Heal The World;;;;;;;;;;;TRUE;;315975
drumeo;Michael Jackson;Leave Me Alone;;;;;;;;;;;TRUE;;315957
drumeo;Michael Jackson;Who Is it;;;;;;;;;;;TRUE;;315985
drumeo;Michael Jackson;Liberian Girl;;;;;;;;;;;TRUE;;315959
drumeo;Michael Jackson;Keep The Faith;;;;;;;;;;;TRUE;;315979
drumeo;Michael Jackson;Speed Demon;;;;;;;;;;;TRUE;;315965
drumeo;Michael Jackson;The Girl Is Mine;;;;;;;;;;;TRUE;;264495
drumeo;Michael Jackson;I Can't Help It;;;;;;;;;;;TRUE;;316001
drumeo;Michael Jackson;Girlfriend;;;;;;;;;;;TRUE;;315999
drumeo;Michael Jackson;Earth Song;;;;;;;;;;;TRUE;;270591
drumeo;Michael Jackson;Off The Wall;;;;;;;;;;;TRUE;;316005
drumeo;Michael Jackson;Baby Be Mine;;;;;;;;;;;TRUE;;316011
drumeo;Michael Jackson;Rock With You;;;;;;;;;;;TRUE;;316007
drumeo;Michael Jackson;Jam;;;;;;;;;;;TRUE;;279191
drumeo;Michael Jackson;Human Nature;;;;;;;;;;;TRUE;;279193
drumeo;Michael McDonald;I Keep Forgettin';;;;;;;;;;;TRUE;;295202
drumeo;Michael Schenker Group;Victim Of Illusion;;;;;;;;;;;TRUE;;357342
drumeo;Miles Davis;Stuff;;;;;;;;;;;TRUE;;270595
drumeo;Miles Davis;Petits Machins;;;;;;;;;;;TRUE;;285032
drumeo;Miles Davis;Pinocchio;;;;;;;;;;;TRUE;;270601
drumeo;Miles Davis;Tutu;;;;;;;;;;;TRUE;;270603
drumeo;Miles Davis;Freedom Jazz Dance;;;;;;;;;;;TRUE;;270597
drumeo;Miles Davis;I Could Write A Book;;;;;;;;;;;TRUE;;275618
drumeo;Miles Davis;Straight, No Chaser;;;;;;;;;;;TRUE;;275616
drumeo;Miles Davis;So What;;;;;;;;;;;TRUE;;346215
drumeo;Miles Davis;Milestones;;;;;;;;;;;TRUE;;270599
drumeo;Miley Cyrus;Party In The U.S.A.;;;;;;;;;;;TRUE;;275620
drumeo;Millencolin;Penguins & Polarbears;;;;;;;;;;;TRUE;;364728
drumeo;Misfits;Dig Up Her Bones;;;;;;;;;;;TRUE;;291468
drumeo;Misfits;Last Caress;;;;;;;;;;;TRUE;;291470
drumeo;Misfits;Hybrid Moments;;;;;;;;;;;TRUE;;291472
drumeo;Modest Mouse;Float On;;;;;;;;;;;TRUE;;331201
drumeo;Monster Truck;Don’t Tell Me How To Live;;;;;;;;;;;TRUE;;374590
drumeo;Mosaic MSC;Unknown;;;;;;;;;;;TRUE;;315927
drumeo;Mötley Crüe;Looks That Kill;;;;;;;;;;;TRUE;;373832
drumeo;Mötley Crüe;Live Wire;;;;;;;;;;;TRUE;;373375
drumeo;Mötley Crüe;Take Me To The Top;;;;;;;;;;;TRUE;;373834
drumeo;Mötley Crüe;Same Ol' Situation (S.O.S.);;;;;;;;;;;TRUE;;373827
drumeo;Mötley Crüe;Girls, Girls, Girls;;;;;;;;;;;TRUE;;373829
drumeo;Mötley Crüe;Kickstart My Heart;;;;;;;;;;;TRUE;;299088
drumeo;Mötley Crüe;Red Hot;;;;;;;;;;;TRUE;;275622
drumeo;Mötley Crüe;Wild Side;;;;;;;;;;;TRUE;;305680
drumeo;Mötley Crüe;Saints Of Los Angeles;;;;;;;;;;;TRUE;;291476
drumeo;Mötley Crüe;Too Young To Fall In Love;;;;;;;;;;;TRUE;;285034
drumeo;Motörhead;Ace Of Spades;;;;;;;;;;;TRUE;;302654
drumeo;Mountain;Mississippi Queen;;;;;;;;;;;TRUE;;264497
drumeo;Movements;Daylily;;;;;;;;;;;TRUE;;349741
drumeo;Mr. Big;Take Cover;;;;;;;;;;;TRUE;;291480
drumeo;Muddy Waters;Mannish Boy;;;;;;;;;;;TRUE;;270605
drumeo;Muddy Waters;Trouble No More;;;;;;;;;;;TRUE;;279195
drumeo;Muse;Supremacy;;;;;;;;;;;TRUE;;264505
drumeo;Muse;Plug In Baby;;;;;;;;;;;TRUE;;352717
drumeo;Muse;Animals;;;;;;;;;;;TRUE;;279197
drumeo;Muse;Time Is Running Out;;;;;;;;;;;TRUE;;331204
drumeo;Muse;Assassin;;;;;;;;;;;TRUE;;270607
drumeo;Mutemath;Hit Parade;;;;;;;;;;;TRUE;;275626
drumeo;Mutemath;Chaos;;;;;;;;;;;TRUE;;275624
drumeo;My Chemical Romance;Welcome To The Black Parade;;;;;;;;;;;TRUE;;275630
drumeo;My Chemical Romance;Disenchanted;;;;;;;;;;;TRUE;;264507
drumeo;My Chemical Romance;I Don't Love You;;;;;;;;;;;TRUE;;275628
drumeo;N.W.A.;Straight Outta Compton;;;;;;;;;;;TRUE;;270611
drumeo;Nazareth;Love Hurts;;;;;;;;;;;TRUE;;275632
drumeo;Neil Young;Rockin' In The Free World;;;;;;;;;;;TRUE;;337421
drumeo;Neon Trees;Everybody Talks;;;;;;;;;;;TRUE;;291482
drumeo;New Found Glory;My Friends Over You;;;;;;;;;;;TRUE;;275634
drumeo;New Found Glory;Truth Of My Youth;;;;;;;;;;;TRUE;;364732
drumeo;New Order;True Faith;;;;;;;;;;;TRUE;;349744
drumeo;Niacin;Things Ain't Like They Used To Be;;;;;;;;;;;TRUE;;352743
drumeo;Nickelback;Burn It To The Ground;;;;;;;;;;;TRUE;;373836
drumeo;Nickelback;Gotta Be Somebody;;;;;;;;;;;TRUE;;270613
drumeo;Nickelback;Someday;;;;;;;;;;;TRUE;;285040
drumeo;Nickelback;Photograph;;;;;;;;;;;TRUE;;285038
drumeo;Nickelback;Rockstar;;;;;;;;;;;TRUE;;279199
drumeo;Night Ranger;Sister Christian;;;;;;;;;;;TRUE;;275636
drumeo;Nine Inch Nails;Every Day Is Exactly The Same;;;;;;;;;;;TRUE;;344735
drumeo;Nine Inch Nails;Last;;;;;;;;;;;TRUE;;279201
drumeo;Nine Inch Nails;The Hand That Feeds;;;;;;;;;;;TRUE;;275644
drumeo;Nine Inch Nails;Closer;;;;;;;;;;;TRUE;;275642
drumeo;Nirvana;Very Ape;;;;;;;;;;;TRUE;;317818
drumeo;Nirvana;Lounge Act;;;;;;;;;;;TRUE;;270615
drumeo;Nirvana;Serve The Servants;;;;;;;;;;;TRUE;;317812
drumeo;Nirvana;Milk It;;;;;;;;;;;TRUE;;317799
drumeo;Nirvana;Pennyroyal Tea;;;;;;;;;;;TRUE;;317801
drumeo;Nirvana;Territorial Pissings;;;;;;;;;;;TRUE;;317827
drumeo;Nirvana;Drain You;;;;;;;;;;;TRUE;;279203
drumeo;Nirvana;Rape Me;;;;;;;;;;;TRUE;;317808
drumeo;Nirvana;Dumb;;;;;;;;;;;TRUE;;317794
drumeo;Nirvana;Breed;;;;;;;;;;;TRUE;;275648
drumeo;Nirvana;Something In The Way;;;;;;;;;;;TRUE;;275650
drumeo;Nirvana;Tourette's;;;;;;;;;;;TRUE;;317815
drumeo;Nirvana;Frances Farmer Will Have Her Revenge On Seattle;;;;;;;;;;;TRUE;;317796
drumeo;Nirvana;The Man Who Sold The World;;;;;;;;;;;TRUE;;359999
drumeo;Nirvana;Polly;;;;;;;;;;;TRUE;;264515
drumeo;Nirvana;Stay Away;;;;;;;;;;;TRUE;;317824
drumeo;Nirvana;Smells Like Teen Spirit;;;;;;;;;;;TRUE;;13595
drumeo;Nirvana;All Apologies;;;;;;;;;;;TRUE;;275646
drumeo;Nirvana;Scentless Apprentice;;;;;;;;;;;TRUE;;317810
drumeo;Nirvana;Radio Friendly Unit Shifter;;;;;;;;;;;TRUE;;317803
drumeo;Nirvana;Lithium;;;;;;;;;;;TRUE;;264513
drumeo;Nirvana;Come As You Are;;;;;;;;;;;TRUE;;264509
drumeo;Nirvana;On A Plain;;;;;;;;;;;TRUE;;317822
drumeo;Nirvana;Heart-Shaped Box;;;;;;;;;;;TRUE;;264511
drumeo;No Doubt;Hella Good;;;;;;;;;;;TRUE;;371405
drumeo;No Doubt;Just A Girl;;;;;;;;;;;TRUE;;264517
drumeo;Norah Jones;Flame Twin;;;;;;;;;;;TRUE;;279207
drumeo;Norah Jones;Turn Me On;;;;;;;;;;;TRUE;;279205
drumeo;Norah Jones;Hurts To Be Alone;;;;;;;;;;;TRUE;;291484
drumeo;Norah Jones;Just A Little Bit;;;;;;;;;;;TRUE;;285042
drumeo;Norah Jones;Begin Again;;;;;;;;;;;TRUE;;275652
drumeo;North Point Worship;Death Was Arrested;;;;;;;;;;;TRUE;;315929
drumeo;Northlane;Soma;;;;;;;;;;;TRUE;;275656
drumeo;Northlane;Rot;;;;;;;;;;;TRUE;;275654
drumeo;Nothing But Thieves;Amsterdam;;;;;;;;;;;TRUE;;291486
drumeo;Oasis;Champagne Supernova;;;;;;;;;;;TRUE;;356046
drumeo;Oasis;Don't Look Back In Anger;;;;;;;;;;;TRUE;;270617
drumeo;Oasis;Wonderwall;;;;;;;;;;;TRUE;;260526
drumeo;Oasis;Supersonic;;;;;;;;;;;TRUE;;344737
drumeo;Oceans Ate Alaska;Hansha;;;;;;;;;;;TRUE;;328217
drumeo;Of Monsters And Men;Little Talks;;;;;;;;;;;TRUE;;360001
drumeo;Oh, Sleeper;Fissure;;;;;;;;;;;TRUE;;374592
drumeo;Ohio Players;Love Rollercoaster;;;;;;;;;;;TRUE;;317778
drumeo;Ohio Players;Fire;;;;;;;;;;;TRUE;;317776
drumeo;Oingo Boingo;Just Another Day;;;;;;;;;;;TRUE;;328219
drumeo;Oingo Boingo;Weird Science;;;;;;;;;;;TRUE;;344740
drumeo;OK Go;Here It Goes Again;;;;;;;;;;;TRUE;;322469
drumeo;Old Dominion;One Man Band;;;;;;;;;;;TRUE;;291488
drumeo;Olivia Rodrigo;Drivers License;;;;;;;;;;;TRUE;;356083
drumeo;OneRepublic;Love Runs Out;;;;;;;;;;;TRUE;;374594
drumeo;OneRepublic;Apologize;;;;;;;;;;;TRUE;;279209
drumeo;OneRepublic;Counting Stars;;;;;;;;;;;TRUE;;270619
drumeo;Opus;Live Is Life;;;;;;;;;;;TRUE;;349747
drumeo;Oscar Peterson;The Girl From Ipanema;;;;;;;;;;;TRUE;;275658
drumeo;Otis Redding;Down In The Valley;;;;;;;;;;;TRUE;;362443
drumeo;Our Last Night;Lost;;;;;;;;;;;TRUE;;279211
drumeo;OutKast;Hey Ya!;;;;;;;;;;;TRUE;;270621
drumeo;Ozzy Osbourne;Road To Nowhere;;;;;;;;;;;TRUE;;330302
drumeo;Ozzy Osbourne;Over The Mountain;;;;;;;;;;;TRUE;;330279
drumeo;Ozzy Osbourne;Hellraiser;;;;;;;;;;;TRUE;;330293
drumeo;P!nk;Funhouse;;;;;;;;;;;TRUE;;275660
drumeo;P!nk;Try;;;;;;;;;;;TRUE;;270625
drumeo;P!nk;Raise Your Glass;;;;;;;;;;;TRUE;;270623
drumeo;Pantera;5 Minutes Alone;;;;;;;;;;;TRUE;;279213
drumeo;Pantera;Throes Of Rejection;;;;;;;;;;;TRUE;;294233
drumeo;Pantera;Strength Beyond Strength;;;;;;;;;;;TRUE;;294231
drumeo;Pantera;Planet Caravan;;;;;;;;;;;TRUE;;371331
drumeo;Pantera;25 Years;;;;;;;;;;;TRUE;;294217
drumeo;Pantera;Hard Lines, Sunken Cheeks;;;;;;;;;;;TRUE;;294225
drumeo;Pantera;Becoming;;;;;;;;;;;TRUE;;294220
drumeo;Pantera;Cemetery Gates;;;;;;;;;;;TRUE;;371150
drumeo;Pantera;Good Friends And A Bottle Of Pills;;;;;;;;;;;TRUE;;294223
drumeo;Pantera;Slaughtered;;;;;;;;;;;TRUE;;294229
drumeo;Pantera;Use My Third Arm;;;;;;;;;;;TRUE;;294235
drumeo;Pantera;Cowboys From Hell;;;;;;;;;;;TRUE;;270627
drumeo;Pantera;I'm Broken;;;;;;;;;;;TRUE;;275664
drumeo;Pantera;Shedding Skin;;;;;;;;;;;TRUE;;294227
drumeo;Papa Roach;Last Resort;;;;;;;;;;;TRUE;;344742
drumeo;Paramore;That's What You Get;;;;;;;;;;;TRUE;;373379
drumeo;Paramore;Still Into You;;;;;;;;;;;TRUE;;19806
drumeo;Paramore;Pressure;;;;;;;;;;;TRUE;;291490
drumeo;Paramore;Misery Business;;;;;;;;;;;TRUE;;305683
drumeo;Parliament;Give Up the Funk (Tear The Roof Off The Sucker);;;;;;;;;;;TRUE;;285044
drumeo;Parliament;P-Funk;;;;;;;;;;;TRUE;;317782
drumeo;Passenger;Let Her Go;;;;;;;;;;;TRUE;;270629
drumeo;Passion;Revelation Song;;;;;;;;;;;TRUE;;315935
drumeo;Passion;Jesus, Son Of God;;;;;;;;;;;TRUE;;315937
drumeo;Passion;More To Come;;;;;;;;;;;TRUE;;315931
drumeo;Passion;One Thing Remains;;;;;;;;;;;TRUE;;315939
drumeo;Passion;In Christ Alone;;;;;;;;;;;TRUE;;315933
drumeo;Passion;Build My Life;;;;;;;;;;;TRUE;;315941
drumeo;Pat Benatar;Love Is A Battlefield;;;;;;;;;;;TRUE;;279215
drumeo;Patti Smith;Because The Night;;;;;;;;;;;TRUE;;362445
drumeo;Paul Simon;You Can Call Me Al;;;;;;;;;;;TRUE;;373381
drumeo;Pearl Jam;Rearviewmirror;;;;;;;;;;;TRUE;;365663
drumeo;Pearl Jam;Jeremy;;;;;;;;;;;TRUE;;331207
drumeo;Pearl Jam;W.M.A.;;;;;;;;;;;TRUE;;360003
drumeo;Pearl Jam;Alive;;;;;;;;;;;TRUE;;285046
drumeo;Pearl Jam;Garden;;;;;;;;;;;TRUE;;364737
drumeo;Periphery;Icarus Lives!;;;;;;;;;;;TRUE;;279217
drumeo;Periphery;Blood Eagle;;;;;;;;;;;TRUE;;291494
drumeo;Periphery;Satellites;;;;;;;;;;;TRUE;;365681
drumeo;Periphery;Absolomb;;;;;;;;;;;TRUE;;275666
drumeo;Periphery;Scarlet;;;;;;;;;;;TRUE;;279219
drumeo;Periphery;Marigold;;;;;;;;;;;TRUE;;264523
drumeo;Periphery;Stranger Things;;;;;;;;;;;TRUE;;270631
drumeo;Periphery;Flatline;;;;;;;;;;;TRUE;;291492
drumeo;Pete Townshend;Give Blood;;;;;;;;;;;TRUE;;359319
drumeo;Peter Gabriel;Red Rain;;;;;;;;;;;TRUE;;305685
drumeo;Peter Gabriel;Solsbury Hill;;;;;;;;;;;TRUE;;360005
drumeo;Peter Gabriel;Sledgehammer;;;;;;;;;;;TRUE;;264525
drumeo;Peter Tosh;African;;;;;;;;;;;TRUE;;291496
drumeo;Pharrell Williams;Happy;;;;;;;;;;;TRUE;;264527
drumeo;Phil Collins;In The Air Tonight;;;;;;;;;;;TRUE;;270633
drumeo;Phil Collins;Against All Odds;;;;;;;;;;;TRUE;;340125
drumeo;Phil Collins;You Can't Hurry Love;;;;;;;;;;;TRUE;;340130
drumeo;Phil Collins;I Don't Care Anymore;;;;;;;;;;;TRUE;;340127
drumeo;Phil Collins;I Wish It Would Rain Down;;;;;;;;;;;TRUE;;348751
drumeo;Phil Collins;You'll Be In My Heart;;;;;;;;;;;TRUE;;360007
drumeo;Phil Collins;Another Day In Paradise;;;;;;;;;;;TRUE;;340123
drumeo;Phil Collins;Sussudio;;;;;;;;;;;TRUE;;340132
drumeo;Phil Wickham;Living Hope;;;;;;;;;;;TRUE;;264529
drumeo;Phil Wickham;Your Love Awakens Me;;;;;;;;;;;TRUE;;264533
drumeo;Phil Wickham;This Is Amazing Grace;;;;;;;;;;;TRUE;;264531
drumeo;Philip Bailey & Phil Collins;Easy Lover;;;;;;;;;;;TRUE;;264535
drumeo;Pink;Perfect;;;;;;;;;;;TRUE;;362447
drumeo;Pink Floyd;On The Turning Away;;;;;;;;;;;TRUE;;329026
drumeo;Pink Floyd;Young Lust;;;;;;;;;;;TRUE;;275676
drumeo;Pink Floyd;One Slip;;;;;;;;;;;TRUE;;329028
drumeo;Pink Floyd;Learning To Fly;;;;;;;;;;;TRUE;;329024
drumeo;Pink Floyd;Breathe;;;;;;;;;;;TRUE;;279221
drumeo;Pink Floyd;Shine On You Crazy Diamond (Parts VI-IX);;;;;;;;;;;TRUE;;293070
drumeo;Pink Floyd;Shine On You Crazy Diamond (Parts I-V);;;;;;;;;;;TRUE;;293068
drumeo;Pink Floyd;One Of My Turns;;;;;;;;;;;TRUE;;329054
drumeo;Pink Floyd;Pigs (Three Different Ones);;;;;;;;;;;TRUE;;329040
drumeo;Pink Floyd;The Show Must Go On;;;;;;;;;;;TRUE;;329066
drumeo;Pink Floyd;Any Colour You Like;;;;;;;;;;;TRUE;;275668
drumeo;Pink Floyd;Sheep;;;;;;;;;;;TRUE;;329043
drumeo;Pink Floyd;Waiting For The Worms;;;;;;;;;;;TRUE;;329061
drumeo;Pink Floyd;On The Run;;;;;;;;;;;TRUE;;293064
drumeo;Pink Floyd;The Trial;;;;;;;;;;;TRUE;;329059
drumeo;Pink Floyd;Another Brick In The Wall, Part 2;;;;;;;;;;;TRUE;;264537
drumeo;Pink Floyd;Another Brick In The Wall, Pt. 3;;;;;;;;;;;TRUE;;329045
drumeo;Pink Floyd;The Thin Ice;;;;;;;;;;;TRUE;;329069
drumeo;Pink Floyd;The Great Gig In The Sky;;;;;;;;;;;TRUE;;293066
drumeo;Pink Floyd;Sorrow;;;;;;;;;;;TRUE;;329030
drumeo;Pink Floyd;Hey You;;;;;;;;;;;TRUE;;264541
drumeo;Pink Floyd;Run Like Hell;;;;;;;;;;;TRUE;;279223
drumeo;Pink Floyd;Terminal Frost;;;;;;;;;;;TRUE;;329032
drumeo;Pink Floyd;Have A Cigar;;;;;;;;;;;TRUE;;264539
drumeo;Pink Floyd;The Dogs Of War;;;;;;;;;;;TRUE;;329034
drumeo;Pink Floyd;The Happiest Days Of Our Lives;;;;;;;;;;;TRUE;;329056
drumeo;Pink Floyd;Mother;;;;;;;;;;;TRUE;;329051
drumeo;Pixies;Gigantic;;;;;;;;;;;TRUE;;364740
drumeo;Pixies;Here Comes Your Man;;;;;;;;;;;TRUE;;371152
drumeo;Placebo;Nancy Boy;;;;;;;;;;;TRUE;;352719
drumeo;Poison;Nothin' But A Good Time;;;;;;;;;;;TRUE;;291502
drumeo;Poison;Unskinny Bop;;;;;;;;;;;TRUE;;373383
drumeo;Polyphia;G.O.A.T.;;;;;;;;;;;TRUE;;317250
drumeo;Pond;The Boys Are Killing Me;;;;;;;;;;;TRUE;;291504
drumeo;Porcupine Tree;Shallow;;;;;;;;;;;TRUE;;270645
drumeo;Porcupine Tree;Lazarus;;;;;;;;;;;TRUE;;270641
drumeo;Porcupine Tree;Halo;;;;;;;;;;;TRUE;;270639
drumeo;Porcupine Tree;Start Of Something Beautiful;;;;;;;;;;;TRUE;;279225
drumeo;Porcupine Tree;Anesthetize;;;;;;;;;;;TRUE;;275678
drumeo;Porcupine Tree;Arriving Somewhere But Not Here;;;;;;;;;;;TRUE;;270637
drumeo;Porcupine Tree;Open Car;;;;;;;;;;;TRUE;;270643
drumeo;Porcupine Tree;Harridan;;;;;;;;;;;TRUE;;329576
drumeo;Porcupine Tree;Way Out Of Here;;;;;;;;;;;TRUE;;275680
drumeo;Porcupine Tree;Blackest Eyes;;;;;;;;;;;TRUE;;275682
drumeo;Porcupine Tree;Trains;;;;;;;;;;;TRUE;;270647
drumeo;Portishead;Wandering Star;;;;;;;;;;;TRUE;;349752
drumeo;Portugal. The Man;People Say;;;;;;;;;;;TRUE;;328221
drumeo;Powerwolf;Resurrection By Erection;;;;;;;;;;;TRUE;;364742
drumeo;Primus;Tommy The Cat;;;;;;;;;;;TRUE;;264545
drumeo;Primus;My Name Is Mud;;;;;;;;;;;TRUE;;275684
drumeo;Primus;Jerry Was A Race Car Driver;;;;;;;;;;;TRUE;;326667
drumeo;Prince;Purple Rain;;;;;;;;;;;TRUE;;303259
drumeo;Prince;Baby I'm A Star;;;;;;;;;;;TRUE;;303246
drumeo;Prince Buster;Madness;;;;;;;;;;;TRUE;;291506
drumeo;Procol Harum;A Whiter Shade Of Pale;;;;;;;;;;;TRUE;;344744
drumeo;PSY;Gangam Style;;;;;;;;;;;TRUE;;291508
drumeo;Psychodelic Porn Crumpets;Gurzle;;;;;;;;;;;TRUE;;360009
drumeo;Public Service Broadcasting;Gagarin;;;;;;;;;;;TRUE;;352721
drumeo;Pulp;Common People;;;;;;;;;;;TRUE;;352723
drumeo;Pure Prairie League;Amie;;;;;;;;;;;TRUE;;285050
drumeo;Queen;Somebody To Love;;;;;;;;;;;TRUE;;291510
drumeo;Queen;Now I'm Here;;;;;;;;;;;TRUE;;311124
drumeo;Queen;The March Of The Black Queen;;;;;;;;;;;TRUE;;311129
drumeo;Queen;The Prophet's Song;;;;;;;;;;;TRUE;;311109
drumeo;Queen;It's Late;;;;;;;;;;;TRUE;;311120
drumeo;Queen;I Want It All;;;;;;;;;;;TRUE;;311140
drumeo;Queen;Bicycle Race;;;;;;;;;;;TRUE;;285052
drumeo;Queen;Don't Stop Me Now;;;;;;;;;;;TRUE;;275686
drumeo;Queen;Dragon Attack;;;;;;;;;;;TRUE;;311131
drumeo;Queen;Breakthru;;;;;;;;;;;TRUE;;311136
drumeo;Queen;Play The Game;;;;;;;;;;;TRUE;;264553
drumeo;Queen;Mustapha;;;;;;;;;;;TRUE;;311116
drumeo;Queen;Tie Your Mother Down;;;;;;;;;;;TRUE;;331209
drumeo;Queen;Hammer To Fall;;;;;;;;;;;TRUE;;264549
drumeo;Queen;Friends Will Be Friends;;;;;;;;;;;TRUE;;311101
drumeo;Queen;I Want To Break Free;;;;;;;;;;;TRUE;;311142
drumeo;Queen;Spread Your Wings;;;;;;;;;;;TRUE;;311122
drumeo;Queen;Who Wants To Live Forever;;;;;;;;;;;TRUE;;311107
drumeo;Queen;Innuendo;;;;;;;;;;;TRUE;;311112
drumeo;Queen;Dead On Time;;;;;;;;;;;TRUE;;311114
drumeo;Queen;We Will Rock You;;;;;;;;;;;TRUE;;275688
drumeo;Queen;Radio Ga Ga;;;;;;;;;;;TRUE;;311145
drumeo;Queen;Under Pressure;;;;;;;;;;;TRUE;;305687
drumeo;Queen;One Vision;;;;;;;;;;;TRUE;;311105
drumeo;Queen;Save Me;;;;;;;;;;;TRUE;;311133
drumeo;Queen;You’re My Best Friend;;;;;;;;;;;TRUE;;264555
drumeo;Queen;Killer Queen;;;;;;;;;;;TRUE;;264551
drumeo;Queen;Keep Yourself Alive;;;;;;;;;;;TRUE;;311126
drumeo;Queen;A Kind Of Magic;;;;;;;;;;;TRUE;;365666
drumeo;Queen;Crazy Little Thing Called Love;;;;;;;;;;;TRUE;;275690
drumeo;Queen;All Dead, All Dead;;;;;;;;;;;TRUE;;311118
drumeo;Queen;Good Old-Fashioned Lover Boy;;;;;;;;;;;TRUE;;311099
drumeo;Queens Of The Stone Age;Song For The Deaf;;;;;;;;;;;TRUE;;317252
drumeo;Queens Of The Stone Age;Song For The Dead;;;;;;;;;;;TRUE;;348753
drumeo;Queens Of The Stone Age;Go With The Flow;;;;;;;;;;;TRUE;;285054
drumeo;Queens Of The Stone Age;Little Sister;;;;;;;;;;;TRUE;;279231
drumeo;Queens Of The Stone Age;You Think I Ain't Worth A Dollar, But I Feel Like A Millionaire;;;;;;;;;;;TRUE;;279233
drumeo;Queensrÿche;Silent Lucidity;;;;;;;;;;;TRUE;;275692
drumeo;Queensrÿche;The Mission;;;;;;;;;;;TRUE;;348755
drumeo;Quiet Riot;Bang Your Head (Metal Health);;;;;;;;;;;TRUE;;362449
drumeo;R.E.M.;Everybody Hurts;;;;;;;;;;;TRUE;;373840
drumeo;R.E.M.;Losing My Religion;;;;;;;;;;;TRUE;;270649
drumeo;R.E.M.;Orange Crush;;;;;;;;;;;TRUE;;328223
drumeo;R.E.M.;Shiny Happy People;;;;;;;;;;;TRUE;;360013
drumeo;Radiohead;High And Dry;;;;;;;;;;;TRUE;;264557
drumeo;Rage Against The Machine;Killing In The Name;;;;;;;;;;;TRUE;;264563
drumeo;Rage Against The Machine;Bombtrack;;;;;;;;;;;TRUE;;264559
drumeo;Rage Against The Machine;Know Your Enemy;;;;;;;;;;;TRUE;;275694
drumeo;Rage Against The Machine;Bulls On Parade;;;;;;;;;;;TRUE;;264561
drumeo;Rage Against The Machine;Renegades Of Funk;;;;;;;;;;;TRUE;;344746
drumeo;Rage Against The Machine;Freedom;;;;;;;;;;;TRUE;;279235
drumeo;Rainbow;Gates Of Babylon;;;;;;;;;;;TRUE;;364749
drumeo;Ram Jam;Black Betty;;;;;;;;;;;TRUE;;305689
drumeo;Rammstein;Du Hast;;;;;;;;;;;TRUE;;264565
drumeo;Rammstein;Haifisch;;;;;;;;;;;TRUE;;349755
drumeo;Rammstein;Sonne;;;;;;;;;;;TRUE;;331212
drumeo;Ramones;My Brain Is Hanging Upside Down (Bonzo Goes To Bitburg);;;;;;;;;;;TRUE;;270651
drumeo;Rancid;Maxwell Murder;;;;;;;;;;;TRUE;;291512
drumeo;Rancid;Ruby Soho;;;;;;;;;;;TRUE;;291514
drumeo;Rancid;Side Kick;;;;;;;;;;;TRUE;;279237
drumeo;Randy Houser;How Country Feels;;;;;;;;;;;TRUE;;264571
drumeo;Randy Waldman;The Jetsons;;;;;;;;;;;TRUE;;341269
drumeo;Rascal Flatts;Bless The Broken Road;;;;;;;;;;;TRUE;;279239
drumeo;Rascal Flatts;What Hurts The Most;;;;;;;;;;;TRUE;;264573
drumeo;Rascal Flatts;My Wish;;;;;;;;;;;TRUE;;270653
drumeo;Rascal Flatts;Life Is A Highway;;;;;;;;;;;TRUE;;275696
drumeo;Ratt;Round And Round;;;;;;;;;;;TRUE;;373385
drumeo;Ray Charles;Hit The Road Jack;;;;;;;;;;;TRUE;;275698
drumeo;Red;Start Again;;;;;;;;;;;TRUE;;364752
drumeo;Red Hot Chili Peppers;Can't Stop;;;;;;;;;;;TRUE;;299097
drumeo;Red Hot Chili Peppers;Snow (Hey Oh);;;;;;;;;;;TRUE;;279243
drumeo;Red Hot Chili Peppers;Scar Tissue;;;;;;;;;;;TRUE;;305691
drumeo;Red Hot Chili Peppers;Otherside;;;;;;;;;;;TRUE;;352725
drumeo;Red Hot Chili Peppers;Dani California;;;;;;;;;;;TRUE;;275700
drumeo;Red Hot Chili Peppers;Suck My Kiss;;;;;;;;;;;TRUE;;270655
drumeo;Red Hot Chili Peppers;Easily;;;;;;;;;;;TRUE;;373387
drumeo;Red Hot Chili Peppers;Nobody Weird Like Me;;;;;;;;;;;TRUE;;365661
drumeo;Red Hot Chili Peppers;Under The Bridge;;;;;;;;;;;TRUE;;264575
drumeo;Red Hot Chili Peppers;Soul To Squeeze;;;;;;;;;;;TRUE;;299100
drumeo;Red Hot Chili Peppers;Californication;;;;;;;;;;;TRUE;;279241
drumeo;Redbone;Come And Get Your Love;;;;;;;;;;;TRUE;;328225
drumeo;Rend Collective;Joy Of The Lord;;;;;;;;;;;TRUE;;315945
drumeo;Rend Collective;Every Giant Will Fall;;;;;;;;;;;TRUE;;315943
drumeo;Rend Collective;My Lighthouse;;;;;;;;;;;TRUE;;315947
drumeo;REO Speedwagon;Can't Fight This Feeling;;;;;;;;;;;TRUE;;264577
drumeo;REO Speedwagon;Take It On The Run;;;;;;;;;;;TRUE;;302660
drumeo;Rick Astley;Never Gonna Give You Up;;;;;;;;;;;TRUE;;270657
drumeo;Rick James;Super Freak;;;;;;;;;;;TRUE;;317784
drumeo;Ride;Vapour Trail;;;;;;;;;;;TRUE;;374600
drumeo;Rihanna;Umbrella;;;;;;;;;;;TRUE;;285062
drumeo;Rise Against;Injection;;;;;;;;;;;TRUE;;374603
drumeo;Rise Against;Make It Stop (September's Children);;;;;;;;;;;TRUE;;270659
drumeo;Rise Against;Prayer Of The Refugee;;;;;;;;;;;TRUE;;299102
drumeo;Robbie Williams;I Wan'na Be Like You;;;;;;;;;;;TRUE;;337454
drumeo;Robert Palmer;Addicted To Love;;;;;;;;;;;TRUE;;279245
drumeo;Roberta Flack & Donny Hathaway;Where Is The Love;;;;;;;;;;;TRUE;;360029
drumeo;Robin Thicke;Blurred Lines;;;;;;;;;;;TRUE;;270661
drumeo;Rod Stewart;Da Ya Think I’m Sexy?;;;;;;;;;;;TRUE;;356007
drumeo;Rod Stewart;Young Turks;;;;;;;;;;;TRUE;;356009
drumeo;Rodriguez;Sugar Man;;;;;;;;;;;TRUE;;291518
drumeo;Rodriguez;I Wonder;;;;;;;;;;;TRUE;;291516
drumeo;Rose Royce;Car Wash;;;;;;;;;;;TRUE;;291520
drumeo;Roxette;The Look;;;;;;;;;;;TRUE;;337426
drumeo;Roy Haynes;Reflection;;;;;;;;;;;TRUE;;346217
drumeo;Roy Orbison;Ooby Dooby;;;;;;;;;;;TRUE;;279247
drumeo;Roy Orbison;Oh, Pretty Woman;;;;;;;;;;;TRUE;;371154
drumeo;Royal Blood;Figure It Out;;;;;;;;;;;TRUE;;317255
drumeo;Royal Blood;Oblivion;;;;;;;;;;;TRUE;;328227
drumeo;Royal Coda;Breathe Correct;;;;;;;;;;;TRUE;;291524
drumeo;Royal Coda;Becoming The Memory;;;;;;;;;;;TRUE;;291522
drumeo;Rufus;Tell Me Something Good;;;;;;;;;;;TRUE;;364757
drumeo;Run-D.M.C.;It's Like That;;;;;;;;;;;TRUE;;285064
drumeo;Rush;Limbo;;;;;;;;;;;TRUE;;270673
drumeo;Rush;Malignant Narcissism;;;;;;;;;;;TRUE;;318745
drumeo;Rush;By-Tor & The Snow Dog;;;;;;;;;;;TRUE;;264591
drumeo;Rush;Prime Mover;;;;;;;;;;;TRUE;;318659
drumeo;Rush;Between Sun & Moon;;;;;;;;;;;TRUE;;318599
drumeo;Rush;Digital Man;;;;;;;;;;;TRUE;;264597
drumeo;Rush;Freeze (Part IV Of Fear);;;;;;;;;;;TRUE;;318777
drumeo;Rush;New World Man;;;;;;;;;;;TRUE;;275718
drumeo;Rush;The Garden;;;;;;;;;;;TRUE;;318591
drumeo;Rush;Hand Over Fist;;;;;;;;;;;TRUE;;318697
drumeo;Rush;You Can't Fight It;;;;;;;;;;;TRUE;;318675
drumeo;Rush;Ceiling Unlimited;;;;;;;;;;;TRUE;;318773
drumeo;Rush;Ghost Rider;;;;;;;;;;;TRUE;;318779
drumeo;Rush;Madrigal;;;;;;;;;;;TRUE;;318569
drumeo;Rush;BU2B;;;;;;;;;;;TRUE;;318575
drumeo;Rush;Halo Effect;;;;;;;;;;;TRUE;;318583
drumeo;Rush;Kid Gloves;;;;;;;;;;;TRUE;;318641
drumeo;Rush;Chemistry;;;;;;;;;;;TRUE;;318731
drumeo;Rush;Show Don't Tell;;;;;;;;;;;TRUE;;264613
drumeo;Rush;For What It's Worth;;;;;;;;;;;TRUE;;318617
drumeo;Rush;Anthem;;;;;;;;;;;TRUE;;264585
drumeo;Rush;The Camera Eye;;;;;;;;;;;TRUE;;318667
drumeo;Rush;I Think I'm Going Bald;;;;;;;;;;;TRUE;;318571
drumeo;Rush;Countdown;;;;;;;;;;;TRUE;;318733
drumeo;Rush;YYZ;;;;;;;;;;;TRUE;;275710
drumeo;Rush;Alien Shore;;;;;;;;;;;TRUE;;318597
drumeo;Rush;Force Ten;;;;;;;;;;;TRUE;;264605
drumeo;Rush;Everyday Glory;;;;;;;;;;;TRUE;;318607
drumeo;Rush;Tom Sawyer;;;;;;;;;;;TRUE;;19307
drumeo;Rush;The Larger Bowl (A Pantoum);;;;;;;;;;;TRUE;;318749
drumeo;Rush;Turn The Page;;;;;;;;;;;TRUE;;318665
drumeo;Rush;Cinderella Man;;;;;;;;;;;TRUE;;318567
drumeo;Rush;The Pass;;;;;;;;;;;TRUE;;264615
drumeo;Rush;The Enemy Within;;;;;;;;;;;TRUE;;318647
drumeo;Rush;Nobody's Hero;;;;;;;;;;;TRUE;;318609
drumeo;Rush;Spindrift;;;;;;;;;;;TRUE;;318747
drumeo;Rush;Tai Shan;;;;;;;;;;;TRUE;;318663
drumeo;Rush;The Trees;;;;;;;;;;;TRUE;;275706
drumeo;Rush;Not Fade Away;;;;;;;;;;;TRUE;;318673
drumeo;Rush;Carve Away The Stone;;;;;;;;;;;TRUE;;318759
drumeo;Rush;Stick It Out;;;;;;;;;;;TRUE;;318611
drumeo;Rush;The Seeker;;;;;;;;;;;TRUE;;318629
drumeo;Rush;Time Stand Still;;;;;;;;;;;TRUE;;264617
drumeo;Rush;In The Mood;;;;;;;;;;;TRUE;;264607
drumeo;Rush;Virtuality;;;;;;;;;;;TRUE;;318771
drumeo;Rush;Here Again;;;;;;;;;;;TRUE;;318725
drumeo;Rush;Wish Them Well;;;;;;;;;;;TRUE;;318595
drumeo;Rush;The Weapon (Part II Of Fear);;;;;;;;;;;TRUE;;318735
drumeo;Rush;The Big Money;;;;;;;;;;;TRUE;;318689
drumeo;Rush;Double Agent;;;;;;;;;;;TRUE;;318605
drumeo;Rush;Witch Hunt;;;;;;;;;;;TRUE;;318671
drumeo;Rush;The Stars Look Down;;;;;;;;;;;TRUE;;318795
drumeo;Rush;Lock And Key;;;;;;;;;;;TRUE;;318653
drumeo;Rush;Take A Friend;;;;;;;;;;;TRUE;;318729
drumeo;Rush;Losing It;;;;;;;;;;;TRUE;;285070
drumeo;Rush;Cygnus X-1 Book I: The Voyage;;;;;;;;;;;TRUE;;264595
drumeo;Rush;Shape Of Things;;;;;;;;;;;TRUE;;318625
drumeo;Rush;Headlong Flight;;;;;;;;;;;TRUE;;318585
drumeo;Rush;Workin' Them Angels;;;;;;;;;;;TRUE;;318757
drumeo;Rush;Half The World;;;;;;;;;;;TRUE;;318763
drumeo;Rush;Cut To The Chase;;;;;;;;;;;TRUE;;318603
drumeo;Rush;A Passage To Bangkok;;;;;;;;;;;TRUE;;264581
drumeo;Rush;Vapor Trail;;;;;;;;;;;TRUE;;318797
drumeo;Rush;Summertime Blues;;;;;;;;;;;TRUE;;318627
drumeo;Rush;Natural Science;;;;;;;;;;;TRUE;;275714
drumeo;Rush;Secret Touch;;;;;;;;;;;TRUE;;318791
drumeo;Rush;Xanadu;;;;;;;;;;;TRUE;;264621
drumeo;Rush;Driven;;;;;;;;;;;TRUE;;285074
drumeo;Rush;Making Memories;;;;;;;;;;;TRUE;;318633
drumeo;Rush;The Way The Wind Blows;;;;;;;;;;;TRUE;;318753
drumeo;Rush;The Color Of Right;;;;;;;;;;;TRUE;;318767
drumeo;Rush;Bastille Day;;;;;;;;;;;TRUE;;264587
drumeo;Rush;The Twilight Zone;;;;;;;;;;;TRUE;;318565
drumeo;Rush;Second Nature;;;;;;;;;;;TRUE;;318661
drumeo;Rush;War Paint;;;;;;;;;;;TRUE;;318705
drumeo;Rush;Clockwork Angels;;;;;;;;;;;TRUE;;318581
drumeo;Rush;Test For Echo;;;;;;;;;;;TRUE;;318765
drumeo;Rush;Available Light;;;;;;;;;;;TRUE;;318693
drumeo;Rush;Dreamline;;;;;;;;;;;TRUE;;264599
drumeo;Rush;Finding My Way;;;;;;;;;;;TRUE;;264601
drumeo;Rush;Working Man;;;;;;;;;;;TRUE;;264619
drumeo;Rush;Grand Designs;;;;;;;;;;;TRUE;;318681
drumeo;Rush;Red Tide;;;;;;;;;;;TRUE;;318701
drumeo;Rush;How It Is;;;;;;;;;;;TRUE;;318781
drumeo;Rush;Far Cry;;;;;;;;;;;TRUE;;279251
drumeo;Rush;Heart Full Of Soul;;;;;;;;;;;TRUE;;318619
drumeo;Rush;Leave That Thing Alone;;;;;;;;;;;TRUE;;279249
drumeo;Rush;La Villa Strangiato;;;;;;;;;;;TRUE;;275704
drumeo;Rush;One Little Victory;;;;;;;;;;;TRUE;;318785
drumeo;Rush;The Spirit Of Radio;;;;;;;;;;;TRUE;;275716
drumeo;Rush;Open Secrets;;;;;;;;;;;TRUE;;318657
drumeo;Rush;Faithless;;;;;;;;;;;TRUE;;318741
drumeo;Rush;Cold Fire;;;;;;;;;;;TRUE;;318601
drumeo;Rush;High Water;;;;;;;;;;;TRUE;;318651
drumeo;Rush;Territories;;;;;;;;;;;TRUE;;318687
drumeo;Rush;The Analog Kid;;;;;;;;;;;TRUE;;285072
drumeo;Rush;Bravado;;;;;;;;;;;TRUE;;285068
drumeo;Rush;Middletown Dreams;;;;;;;;;;;TRUE;;318683
drumeo;Rush;Peaceable Kingdom;;;;;;;;;;;TRUE;;318789
drumeo;Rush;Closer To The Heart;;;;;;;;;;;TRUE;;275702
drumeo;Rush;Bravest Face;;;;;;;;;;;TRUE;;318739
drumeo;Rush;We Hold On;;;;;;;;;;;TRUE;;318755
drumeo;Rush;Carnies;;;;;;;;;;;TRUE;;318579
drumeo;Rush;The Main Monkey Business;;;;;;;;;;;TRUE;;318751
drumeo;Rush;Subdivisions;;;;;;;;;;;TRUE;;260575
drumeo;Rush;Before And After;;;;;;;;;;;TRUE;;318723
drumeo;Rush;Out Of The Cradle;;;;;;;;;;;TRUE;;318787
drumeo;Rush;Jacob's Ladder;;;;;;;;;;;TRUE;;270667
drumeo;Rush;Nocturne;;;;;;;;;;;TRUE;;318783
drumeo;Rush;Best I Can;;;;;;;;;;;TRUE;;264589
drumeo;Rush;Mystic Rhythms;;;;;;;;;;;TRUE;;318685
drumeo;Rush;Marathon;;;;;;;;;;;TRUE;;264611
drumeo;Rush;The Wreckers;;;;;;;;;;;TRUE;;318593
drumeo;Rush;Armor And Sword;;;;;;;;;;;TRUE;;318737
drumeo;Rush;Circumstances;;;;;;;;;;;TRUE;;264593
drumeo;Rush;Chain Lightning;;;;;;;;;;;TRUE;;318695
drumeo;Rush;Seven Cities Of Gold;;;;;;;;;;;TRUE;;318587
drumeo;Rush;Presto;;;;;;;;;;;TRUE;;318699
drumeo;Rush;Superconductor;;;;;;;;;;;TRUE;;270669
drumeo;Rush;The Body Electric;;;;;;;;;;;TRUE;;318645
drumeo;Rush;Lessons;;;;;;;;;;;TRUE;;318561
drumeo;Rush;The Anarchist;;;;;;;;;;;TRUE;;318589
drumeo;Rush;Between The Wheels;;;;;;;;;;;TRUE;;318637
drumeo;Rush;Emotion Detector;;;;;;;;;;;TRUE;;318679
drumeo;Rush;Caravan;;;;;;;;;;;TRUE;;318577
drumeo;Rush;Need Some Love;;;;;;;;;;;TRUE;;318727
drumeo;Rush;Dog Years;;;;;;;;;;;TRUE;;318761
drumeo;Rush;Red Lenses;;;;;;;;;;;TRUE;;318643
drumeo;Rush;Sweet Miracle;;;;;;;;;;;TRUE;;318793
drumeo;Rush;Mission;;;;;;;;;;;TRUE;;318655
drumeo;Rush;Good News First;;;;;;;;;;;TRUE;;318743
drumeo;Rush;Scars;;;;;;;;;;;TRUE;;318703
drumeo;Rush;Totem;;;;;;;;;;;TRUE;;318769
drumeo;Rush;Afterimage;;;;;;;;;;;TRUE;;318635
drumeo;Rush;Seven And Seven Is;;;;;;;;;;;TRUE;;318623
drumeo;Rush;Mr. Soul;;;;;;;;;;;TRUE;;318621
drumeo;Rush;The Speed Of Love;;;;;;;;;;;TRUE;;318613
drumeo;Rush;The Necromancer;;;;;;;;;;;TRUE;;270663
drumeo;Rush;Something For Nothing;;;;;;;;;;;TRUE;;318563
drumeo;Rush;Manhattan Project;;;;;;;;;;;TRUE;;285066
drumeo;Rush;The Fountain Of Lamneth;;;;;;;;;;;TRUE;;318573
drumeo;Rush;Freewill;;;;;;;;;;;TRUE;;275712
drumeo;Rush;What You're Doing;;;;;;;;;;;TRUE;;270671
drumeo;Rush;Limelight;;;;;;;;;;;TRUE;;275708
drumeo;Rush;Anagram (For Mongo);;;;;;;;;;;TRUE;;318691
drumeo;Rush;Neurotica;;;;;;;;;;;TRUE;;318715
drumeo;Rush;Ghost Of A Chance;;;;;;;;;;;TRUE;;318711
drumeo;Rush;Face Up;;;;;;;;;;;TRUE;;318709
drumeo;Rush;Big Wheel;;;;;;;;;;;TRUE;;318707
drumeo;Rush;You Bet Your Life;;;;;;;;;;;TRUE;;318721
drumeo;Rush;Heresy;;;;;;;;;;;TRUE;;318713
drumeo;Rush;Where's My Thing;;;;;;;;;;;TRUE;;318719
drumeo;Rush;Red Barchetta;;;;;;;;;;;TRUE;;275722
drumeo;Rush;Different Strings;;;;;;;;;;;TRUE;;318677
drumeo;Rush;Red Sector A;;;;;;;;;;;TRUE;;275720
drumeo;Rush;Roll The Bones;;;;;;;;;;;TRUE;;318717
drumeo;Sade;Soldier Of Love;;;;;;;;;;;TRUE;;291534
drumeo;Sade;Your Love Is King;;;;;;;;;;;TRUE;;291528
drumeo;Sade;No Ordinary Love;;;;;;;;;;;TRUE;;291530
drumeo;Sade;The Sweetest Taboo;;;;;;;;;;;TRUE;;291532
drumeo;Sam & Dave;Hold On, I'm Comin';;;;;;;;;;;TRUE;;317258
drumeo;Sam Hunt;Leave The Night On;;;;;;;;;;;TRUE;;279253
drumeo;Sammy Hagar;Heavy Metal;;;;;;;;;;;TRUE;;349862
drumeo;Sammy Hagar;Give To Live;;;;;;;;;;;TRUE;;356048
drumeo;Santana;Soul Sacrifice;;;;;;;;;;;TRUE;;279255
drumeo;Saturnus;Christ Goodbye;;;;;;;;;;;TRUE;;349864
drumeo;Scorpions;The Zoo;;;;;;;;;;;TRUE;;275724
drumeo;Scorpions;No One Like You;;;;;;;;;;;TRUE;;275726
drumeo;Scorpions;Always Somewhere;;;;;;;;;;;TRUE;;275730
drumeo;Scorpions;Wind Of Change;;;;;;;;;;;TRUE;;275728
drumeo;Screaming Trees;Nearly Lost You;;;;;;;;;;;TRUE;;356050
drumeo;Seal;Redzone Killer;;;;;;;;;;;TRUE;;279259
drumeo;Seether;Remedy;;;;;;;;;;;TRUE;;291540
drumeo;Seether;Country Song;;;;;;;;;;;TRUE;;291538
drumeo;Seether;Rise Above This;;;;;;;;;;;TRUE;;291536
drumeo;Sepultura;Ratamahatta;;;;;;;;;;;TRUE;;374605
drumeo;Sepultura;Refuse/Resist;;;;;;;;;;;TRUE;;279261
drumeo;Sepultura;Territory;;;;;;;;;;;TRUE;;279263
drumeo;Seven Mary Three;Cumbersome;;;;;;;;;;;TRUE;;348757
drumeo;Sex Pistols;Silly Thing;;;;;;;;;;;TRUE;;374608
drumeo;Sex Pistols;God Save The Queen;;;;;;;;;;;TRUE;;373389
drumeo;Shakira;Si Te Vas;;;;;;;;;;;TRUE;;328233
drumeo;Shawn Mendes;Señorita;;;;;;;;;;;TRUE;;291546
drumeo;Shawn Mendes;In My Blood;;;;;;;;;;;TRUE;;291544
drumeo;Sheryl Crow;If It Makes You Happy;;;;;;;;;;;TRUE;;373391
drumeo;Sheryl Crow;All I Wanna Do;;;;;;;;;;;TRUE;;285078
drumeo;Shinedown;Sound Of Madness;;;;;;;;;;;TRUE;;264625
drumeo;Shinedown;Bully;;;;;;;;;;;TRUE;;275732
drumeo;Shinedown;Miracle;;;;;;;;;;;TRUE;;264623
drumeo;Sia;Chandelier;;;;;;;;;;;TRUE;;275734
drumeo;Sigala;Just Got Paid;;;;;;;;;;;TRUE;;285080
drumeo;Silversun Pickups;Panic Switch;;;;;;;;;;;TRUE;;364755
drumeo;Simon & Garfunkel;Bridge Over Troubled Water;;;;;;;;;;;TRUE;;270675
drumeo;Simon & Garfunkel;Mrs. Robinson;;;;;;;;;;;TRUE;;291548
drumeo;Simon Phillips;Undeviginti;;;;;;;;;;;TRUE;;359333
drumeo;Simple Minds;Don’t You (Forget About Me);;;;;;;;;;;TRUE;;264627
drumeo;Simple Minds;Alive And Kicking;;;;;;;;;;;TRUE;;356052
drumeo;Simple Plan;Welcome To My Life;;;;;;;;;;;TRUE;;264629
drumeo;Skid Row;Youth Gone Wild;;;;;;;;;;;TRUE;;374610
drumeo;Skillet;Comatose;;;;;;;;;;;TRUE;;279267
drumeo;Skillet;Monster;;;;;;;;;;;TRUE;;279265
drumeo;Skillet;Falling Inside The Black;;;;;;;;;;;TRUE;;285082
drumeo;Skillet;Whispers In The Dark;;;;;;;;;;;TRUE;;285084
drumeo;Skrillex;Scary Monsters And Nice Spirits;;;;;;;;;;;TRUE;;291550
drumeo;Skunk Anansie;Charlie Big Potato;;;;;;;;;;;TRUE;;285086
drumeo;Skunk Anansie;Weak;;;;;;;;;;;TRUE;;337430
drumeo;Slayer;Angel Of Death;;;;;;;;;;;TRUE;;291554
drumeo;Slayer;South Of Heaven;;;;;;;;;;;TRUE;;373393
drumeo;Slayer;Raining Blood;;;;;;;;;;;TRUE;;291558
drumeo;Slayer;Gemini;;;;;;;;;;;TRUE;;364759
drumeo;Slayer;Reborn;;;;;;;;;;;TRUE;;291560
drumeo;Slayer;Criminally Insane;;;;;;;;;;;TRUE;;291556
drumeo;Slayer;Dead Skin Mask;;;;;;;;;;;TRUE;;362455
drumeo;Slipknot;The Devil In I;;;;;;;;;;;TRUE;;349866
drumeo;Slipknot;Liberate;;;;;;;;;;;TRUE;;275736
drumeo;Slipknot;My Plague;;;;;;;;;;;TRUE;;373844
drumeo;Slipknot;The Chapeltown Rag;;;;;;;;;;;TRUE;;372745
drumeo;Slipknot;Unsainted;;;;;;;;;;;TRUE;;328239
drumeo;Slipknot;Psychosocial;;;;;;;;;;;TRUE;;309165
drumeo;Slipknot;The Dying Song (Time To Sing);;;;;;;;;;;TRUE;;372749
drumeo;Slipknot;Left Behind;;;;;;;;;;;TRUE;;373842
drumeo;Slipknot;Spit It Out;;;;;;;;;;;TRUE;;279269
drumeo;Slipknot;Duality;;;;;;;;;;;TRUE;;356054
drumeo;Smash Mouth;All Star;;;;;;;;;;;TRUE;;285088
drumeo;Smokey Robinson & The Miracles;Shop Around;;;;;;;;;;;TRUE;;279273
drumeo;Smokey Robinson & The Miracles;The Tracks Of My Tears;;;;;;;;;;;TRUE;;264631
drumeo;Smokey Robinson & The Miracles;You've Really Got A Hold On Me;;;;;;;;;;;TRUE;;285090
drumeo;Snarky Puppy;Shofukan;;;;;;;;;;;TRUE;;280217
drumeo;Snarky Puppy;What About Me?;;;;;;;;;;;TRUE;;280219
drumeo;Snarky Puppy;Sleeper;;;;;;;;;;;TRUE;;280213
drumeo;Snarky Puppy;Lingus;;;;;;;;;;;TRUE;;280203
drumeo;Snow Patrol;Chasing Cars;;;;;;;;;;;TRUE;;270677
drumeo;Snow Patrol;Run;;;;;;;;;;;TRUE;;270679
drumeo;Social Distortion;Story Of My Life;;;;;;;;;;;TRUE;;349868
drumeo;Sonny Rollins;Mambo Bounce;;;;;;;;;;;TRUE;;279275
drumeo;Sonny Rollins;St. Thomas;;;;;;;;;;;TRUE;;346219
drumeo;Sophie Ellis-Bextor;Murder On The Dancefloor;;;;;;;;;;;TRUE;;291562
drumeo;Soul Asylum;Runaway Train;;;;;;;;;;;TRUE;;362457
drumeo;Soundgarden;Let Me Drown;;;;;;;;;;;TRUE;;294026
drumeo;Soundgarden;Rusty Cage;;;;;;;;;;;TRUE;;352727
drumeo;Soundgarden;Fresh Tendrils;;;;;;;;;;;TRUE;;293869
drumeo;Soundgarden;Superunknown;;;;;;;;;;;TRUE;;294042
drumeo;Soundgarden;Limo Wreck;;;;;;;;;;;TRUE;;294030
drumeo;Soundgarden;Like Suicide;;;;;;;;;;;TRUE;;294028
drumeo;Soundgarden;Blow Up The Outside World;;;;;;;;;;;TRUE;;373395
drumeo;Soundgarden;The Day I Tried To Live;;;;;;;;;;;TRUE;;275738
drumeo;Soundgarden;Head Down;;;;;;;;;;;TRUE;;294020
drumeo;Soundgarden;Kickstand;;;;;;;;;;;TRUE;;294024
drumeo;Soundgarden;She Likes Surprises;;;;;;;;;;;TRUE;;294039
drumeo;Soundgarden;4th Of July;;;;;;;;;;;TRUE;;293788
drumeo;Soundgarden;Outshined;;;;;;;;;;;TRUE;;344748
drumeo;Soundgarden;My Wave;;;;;;;;;;;TRUE;;294036
drumeo;Soundgarden;Jesus Christ Pose;;;;;;;;;;;TRUE;;314525
drumeo;Soundgarden;Half;;;;;;;;;;;TRUE;;294017
drumeo;Soundgarden;Mailman;;;;;;;;;;;TRUE;;294033
drumeo;Soundgarden;Burden In My Hand;;;;;;;;;;;TRUE;;337432
drumeo;Spandau Ballet;TRUE;;;;;;;;;;;TRUE;;328241
drumeo;Spin Doctors;Two Princes;;;;;;;;;;;TRUE;;279279
drumeo;Spiritbox;Circle With Me;;;;;;;;;;;TRUE;;317262
drumeo;Spock's Beard;Crack The Big Sky;;;;;;;;;;;TRUE;;362459
drumeo;Spoon;I Turn My Camera On;;;;;;;;;;;TRUE;;291564
drumeo;St. Vincent;Pay Your Way In Pain;;;;;;;;;;;TRUE;;356086
drumeo;Stand Atlantic;Jurassic Park;;;;;;;;;;;TRUE;;373397
drumeo;Starship;Nothing’s Gonna Stop Us Now;;;;;;;;;;;TRUE;;349721
drumeo;Starship;We Built This City;;;;;;;;;;;TRUE;;279281
drumeo;Stealers Wheel;Stuck In The Middle With You;;;;;;;;;;;TRUE;;279283
drumeo;Steely Dan;Reelin' In The Years;;;;;;;;;;;TRUE;;275742
drumeo;Steely Dan;Rikki Don't Lose That Number;;;;;;;;;;;TRUE;;331216
drumeo;Steely Dan;Home At Last;;;;;;;;;;;TRUE;;279285
drumeo;Steely Dan;Aja;;;;;;;;;;;TRUE;;275740
drumeo;Steely Dan;Babylon Sisters;;;;;;;;;;;TRUE;;352746
drumeo;Steely Dan;Peg;;;;;;;;;;;TRUE;;362461
drumeo;Steely Dan;Babylon Sisters;;;;;;;;;;;TRUE;;352746
drumeo;Steely Dan;Third World Man;;;;;;;;;;;TRUE;;295645
drumeo;Steely Dan;Your Gold Teeth II;;;;;;;;;;;TRUE;;295209
drumeo;Stereophonics;Mr. And Mrs. Smith;;;;;;;;;;;TRUE;;328243
drumeo;Steve Lukather;Party In Simon's Pants;;;;;;;;;;;TRUE;;357344
drumeo;Steve Miller Band;Rock'n Me;;;;;;;;;;;TRUE;;275744
drumeo;Steve Miller Band;Take The Money And Run;;;;;;;;;;;TRUE;;275746
drumeo;Steve Miller Band;Jet Airliner;;;;;;;;;;;TRUE;;364765
drumeo;Steve Miller Band;Jungle Love;;;;;;;;;;;TRUE;;270681
drumeo;Steve Miller Band;The Joker;;;;;;;;;;;TRUE;;270683
drumeo;Steve Winwood;Higher Love;;;;;;;;;;;TRUE;;275748
drumeo;Stevie Nicks;Edge Of Seventeen;;;;;;;;;;;TRUE;;348763
drumeo;Stevie Ray Vaughan;Love Me Darlin';;;;;;;;;;;TRUE;;270685
drumeo;Stevie Ray Vaughan;This House Is Rockin';;;;;;;;;;;TRUE;;270687
drumeo;Stevie Wonder;I Wish;;;;;;;;;;;TRUE;;275752
drumeo;Stevie Wonder;Signed, Sealed, Delivered I'm Yours;;;;;;;;;;;TRUE;;270691
drumeo;Stevie Wonder;Uptight (Everything's Alright);;;;;;;;;;;TRUE;;279287
drumeo;Stevie Wonder;Sir Duke;;;;;;;;;;;TRUE;;270695
drumeo;Stevie Wonder;For Your Love;;;;;;;;;;;TRUE;;275750
drumeo;Stevie Wonder;Higher Ground;;;;;;;;;;;TRUE;;270689
drumeo;Stevie Wonder;Superstition;;;;;;;;;;;TRUE;;264633
drumeo;Stevie Wonder;Isn't She Lovely;;;;;;;;;;;TRUE;;270693
drumeo;Stiltskin;Inside;;;;;;;;;;;TRUE;;364767
drumeo;Sting;If I Ever Lose My Faith In You;;;;;;;;;;;TRUE;;264635
drumeo;Sting;The Hounds Of Winter;;;;;;;;;;;TRUE;;341272
drumeo;Sting;I Hung My Head;;;;;;;;;;;TRUE;;270697
drumeo;Sting;St. Augustine In Hell;;;;;;;;;;;TRUE;;341279
drumeo;Sting;Shape Of My Heart;;;;;;;;;;;TRUE;;341277
drumeo;Sting;Love Is Stronger Than Justice (The Munificent Seven);;;;;;;;;;;TRUE;;341275
drumeo;Stone Temple Pilots;Plush;;;;;;;;;;;TRUE;;348766
drumeo;Stone Temple Pilots;Interstate Love Song;;;;;;;;;;;TRUE;;264637
drumeo;Stone Temple Pilots;Crackerman;;;;;;;;;;;TRUE;;349758
drumeo;Stratovarius;Soul Of A Vagabond;;;;;;;;;;;TRUE;;364769
drumeo;Stratovarius;Against The Wind;;;;;;;;;;;TRUE;;285092
drumeo;Stratovarius;Speed Of Light;;;;;;;;;;;TRUE;;374612
drumeo;Stray Cats;Stray Cat Strut;;;;;;;;;;;TRUE;;374615
drumeo;Stromae;Santé;;;;;;;;;;;TRUE;;364771
drumeo;Stryper;To Hell With The Devil;;;;;;;;;;;TRUE;;328245
drumeo;Stuff;Foots;;;;;;;;;;;TRUE;;295648
drumeo;Styx;Renegade;;;;;;;;;;;TRUE;;291566
drumeo;Styx;Red Storm;;;;;;;;;;;TRUE;;298494
drumeo;Styx;These Are The Times;;;;;;;;;;;TRUE;;298410
drumeo;Styx;Trouble At The Big Show;;;;;;;;;;;TRUE;;298506
drumeo;Styx;Overture;;;;;;;;;;;TRUE;;298490
drumeo;Styx;Genki Desu Ka;;;;;;;;;;;TRUE;;298383
drumeo;Styx;One With Everything;;;;;;;;;;;TRUE;;298407
drumeo;Styx;Hundred Million Miles From Home;;;;;;;;;;;TRUE;;298484
drumeo;Styx;Mission To Mars;;;;;;;;;;;TRUE;;298488
drumeo;Styx;Time May Bend;;;;;;;;;;;TRUE;;298504
drumeo;Styx;Bourgeois Pig;;;;;;;;;;;TRUE;;298374
drumeo;Styx;Ten Thousand Ways;;;;;;;;;;;TRUE;;298496
drumeo;Styx;The Greater Good;;;;;;;;;;;TRUE;;298498
drumeo;Styx;Fooling Yourself (The Angry Young Man);;;;;;;;;;;TRUE;;374703
drumeo;Styx;Do Things My Way;;;;;;;;;;;TRUE;;298378
drumeo;Styx;Fields Of The Brave;;;;;;;;;;;TRUE;;298380
drumeo;Styx;Gone Gone Gone;;;;;;;;;;;TRUE;;298482
drumeo;Styx;Radio Silence;;;;;;;;;;;TRUE;;298492
drumeo;Styx;Kiss Your Ass Goodbye;;;;;;;;;;;TRUE;;298403
drumeo;Styx;Waiting For Our Time;;;;;;;;;;;TRUE;;298415
drumeo;Styx;The Outpost;;;;;;;;;;;TRUE;;298502
drumeo;Styx;Killing The Thing That You Love;;;;;;;;;;;TRUE;;298385
drumeo;Styx;Locomotive;;;;;;;;;;;TRUE;;298486
drumeo;Sublime;What I Got;;;;;;;;;;;TRUE;;264639
drumeo;Suffocation;Pierced From Within;;;;;;;;;;;TRUE;;291570
drumeo;Sugarland;It Happens;;;;;;;;;;;TRUE;;349870
drumeo;Sum 41;Fat Lip;;;;;;;;;;;TRUE;;285094
drumeo;Sum 41;In Too Deep;;;;;;;;;;;TRUE;;279289
drumeo;Sum 41;Still Waiting;;;;;;;;;;;TRUE;;309167
drumeo;Sum 41;Catching Fire;;;;;;;;;;;TRUE;;349872
drumeo;Surf Mesa;ILY (I Love You Baby);;;;;;;;;;;TRUE;;328247
drumeo;Survivor;Burning Heart;;;;;;;;;;;TRUE;;362463
drumeo;Sweet;The Ballroom Blitz;;;;;;;;;;;TRUE;;275754
drumeo;Switchfoot;This Is Home;;;;;;;;;;;TRUE;;270703
drumeo;Switchfoot;Dare You To Move;;;;;;;;;;;TRUE;;270699
drumeo;Switchfoot;We Are One Tonight;;;;;;;;;;;TRUE;;275756
drumeo;Switchfoot;This Is Your Life;;;;;;;;;;;TRUE;;270701
drumeo;System Of A Down;Aerials;;;;;;;;;;;TRUE;;264641
drumeo;System Of A Down;Hypnotize;;;;;;;;;;;TRUE;;302658
drumeo;System Of A Down;B.Y.O.B.;;;;;;;;;;;TRUE;;302662
drumeo;T-Bone Walker;The Hustle Is On – Single;;;;;;;;;;;TRUE;;285098
drumeo;T-Bone Walker;Tell Me What's The Reason;;;;;;;;;;;TRUE;;285096
drumeo;T-Bone Walker;T-Bone Shuffle;;;;;;;;;;;TRUE;;279291
drumeo;T. Rex;Bang A Gong (Get It On);;;;;;;;;;;TRUE;;349874
drumeo;Talking Heads;Psycho Killer;;;;;;;;;;;TRUE;;365669
drumeo;Talking Heads;Road To Nowhere;;;;;;;;;;;TRUE;;314528
drumeo;Tame Impala;Elephant;;;;;;;;;;;TRUE;;279293
drumeo;Taylor Swift;Shake It Off;;;;;;;;;;;TRUE;;270705
drumeo;Tenacious D;Tribute;;;;;;;;;;;TRUE;;279295
drumeo;Tenacious D;The Metal;;;;;;;;;;;TRUE;;326671
drumeo;Tesla;Modern Day Cowboy;;;;;;;;;;;TRUE;;279297
drumeo;Tesla;What You Give;;;;;;;;;;;TRUE;;374617
drumeo;TesseracT;Perfection - Concealing Fate, Pt. 4;;;;;;;;;;;TRUE;;285102
drumeo;TesseracT;Epiphany - Concealing Fate, Pt. 5;;;;;;;;;;;TRUE;;291576
drumeo;TesseracT;Deception - Concealing Fate, Pt. 2;;;;;;;;;;;TRUE;;279301
drumeo;TesseracT;Acceptance - Concealing Fate, Pt. 1;;;;;;;;;;;TRUE;;279299
drumeo;Tetrarch;Stitch Me Up;;;;;;;;;;;TRUE;;344750
drumeo;The 1975;Chocolate;;;;;;;;;;;TRUE;;264645
drumeo;The 1975;Somebody Else;;;;;;;;;;;TRUE;;279303
drumeo;The All-American Rejects;It Ends Tonight;;;;;;;;;;;TRUE;;275758
drumeo;The All-American Rejects;Move Along;;;;;;;;;;;TRUE;;275760
drumeo;The All-American Rejects;Gives You Hell;;;;;;;;;;;TRUE;;270709
drumeo;The Allman Brothers Band;Ramblin' Man;;;;;;;;;;;TRUE;;275762
drumeo;The Allman Brothers Band;Whipping Post;;;;;;;;;;;TRUE;;279305
drumeo;The Allman Brothers Band;No One To Run With;;;;;;;;;;;TRUE;;366280
drumeo;The Allman Brothers Band;Statesboro Blues;;;;;;;;;;;TRUE;;328249
drumeo;The Angels;Marseilles;;;;;;;;;;;TRUE;;291580
drumeo;The Animals;The House Of The Rising Sun;;;;;;;;;;;TRUE;;317234
drumeo;The B-52's;Love Shack;;;;;;;;;;;TRUE;;270711
drumeo;The B-52's;Rock Lobster;;;;;;;;;;;TRUE;;352729
drumeo;The Band;The Weight;;;;;;;;;;;TRUE;;275764
drumeo;The Band;Ophelia;;;;;;;;;;;TRUE;;275766
drumeo;The Bangles;Walk Like An Egyptian;;;;;;;;;;;TRUE;;270713
drumeo;The Bangles;Manic Monday;;;;;;;;;;;TRUE;;294793
drumeo;The Beach Boys;Fun, Fun, Fun;;;;;;;;;;;TRUE;;285108
drumeo;The Beach Boys;All Summer Long;;;;;;;;;;;TRUE;;285106
drumeo;The Beach Boys;Then I Kissed Her;;;;;;;;;;;TRUE;;285114
drumeo;The Beach Boys;Surfin' U.S.A.;;;;;;;;;;;TRUE;;279307
drumeo;The Beach Boys;Good Vibrations;;;;;;;;;;;TRUE;;285110
drumeo;The Beaches;T-Shirt;;;;;;;;;;;TRUE;;374619
drumeo;The Beat;Mirror In The Bathroom;;;;;;;;;;;TRUE;;291584
drumeo;The Beatles;I'll Be Back;;;;;;;;;;;TRUE;;309322
drumeo;The Black Crowes;She Talks To Angels;;;;;;;;;;;TRUE;;291586
drumeo;The Black Crowes;Remedy;;;;;;;;;;;TRUE;;322478
drumeo;The Black Crowes;Hard To Handle;;;;;;;;;;;TRUE;;264665
drumeo;The Black Keys;Lonely Boy;;;;;;;;;;;TRUE;;279315
drumeo;The Blues Brothers;Everybody Needs Somebody To Love;;;;;;;;;;;TRUE;;291588
drumeo;The Becker Brothers;Some Skunk Funk;;;;;;;;;;;TRUE;;371179
drumeo;Buddy Rich Big Band;The Beat Goes On;;;;;;;;;;;TRUE;;322476
drumeo;The Calling;Wherever You Will Go;;;;;;;;;;;TRUE;;264669
drumeo;The Cardigans;Lovefool;;;;;;;;;;;TRUE;;270719
drumeo;The Cars;Just What I Needed;;;;;;;;;;;TRUE;;264671
drumeo;The Chainsmokers;Paris;;;;;;;;;;;TRUE;;291592
drumeo;The Chainsmokers;Don't Let Me Down;;;;;;;;;;;TRUE;;291590
drumeo;The Chainsmokers;Something Just Like This;;;;;;;;;;;TRUE;;291594
drumeo;The Clash;Rock The Casbah;;;;;;;;;;;TRUE;;275782
drumeo;The Clash;Should I Stay Or Should I Go;;;;;;;;;;;TRUE;;331219
drumeo;The Clash;London Calling;;;;;;;;;;;TRUE;;317260
drumeo;The Clash;I Fought The Law;;;;;;;;;;;TRUE;;279317
drumeo;The Clash;Rudie Can't Fail;;;;;;;;;;;TRUE;;302664
drumeo;The Clash;Tommy Gun;;;;;;;;;;;TRUE;;270723
drumeo;The Clash;Stay Free;;;;;;;;;;;TRUE;;270721
drumeo;The Commitments;Chain Of Fools;;;;;;;;;;;TRUE;;371160
drumeo;The Cranberries;Dreams;;;;;;;;;;;TRUE;;317265
drumeo;The Cranberries;Linger;;;;;;;;;;;TRUE;;291596
drumeo;The Cranberries;Zombie;;;;;;;;;;;TRUE;;291598
drumeo;The Crystal Method;Name Of The Game;;;;;;;;;;;TRUE;;349876
drumeo;The Cult;She Sells Sanctuary;;;;;;;;;;;TRUE;;264673
drumeo;The Cure;Pictures Of You;;;;;;;;;;;TRUE;;291600
drumeo;The Cure;Push;;;;;;;;;;;TRUE;;374621
drumeo;The Cure;Just Like Heaven;;;;;;;;;;;TRUE;;275784
drumeo;The Cure;Friday I'm In Love;;;;;;;;;;;TRUE;;360017
drumeo;The Darkness;Growing On Me;;;;;;;;;;;TRUE;;360019
drumeo;The Darkness;I Believe In A Thing Called Love;;;;;;;;;;;TRUE;;362465
drumeo;Dave Brubeck Quartet;Blue Rondo A La Turk;;;;;;;;;;;TRUE;;346221
drumeo;The Death Riders;Dead Garden;;;;;;;;;;;TRUE;;374623
drumeo;The Doobie Brothers;Long Train Runnin';;;;;;;;;;;TRUE;;291602
drumeo;The Doors;Roadhouse Blues;;;;;;;;;;;TRUE;;348768
drumeo;The Doors;Light My Fire;;;;;;;;;;;TRUE;;279321
drumeo;The Doors;Riders On The Storm;;;;;;;;;;;TRUE;;279319
drumeo;The Four Seasons;December, 1963 (Oh, What A Night);;;;;;;;;;;TRUE;;299106
drumeo;The Fratellis;Chelsea Dagger;;;;;;;;;;;TRUE;;344753
drumeo;The Fray;You Found Me;;;;;;;;;;;TRUE;;279323
drumeo;The Fray;How To Save A Life;;;;;;;;;;;TRUE;;264675
drumeo;The Gaslight Anthem;1930;;;;;;;;;;;TRUE;;291604
drumeo;The Go-Go's;We Got The Beat;;;;;;;;;;;TRUE;;294799
drumeo;The Go-Go's;Our Lips Are Sealed;;;;;;;;;;;TRUE;;294797
drumeo;The Hives;Tick Tick Boom;;;;;;;;;;;TRUE;;374625
drumeo;The Hollies;Long Cool Woman (In A Black Dress);;;;;;;;;;;TRUE;;291606
drumeo;The Isley Brothers;This Old Heart Of Mine (Is Weak For You);;;;;;;;;;;TRUE;;364777
drumeo;The Isley Brothers;It's Your Thing;;;;;;;;;;;TRUE;;291608
drumeo;The Jackson 5;ABC;;;;;;;;;;;TRUE;;270725
drumeo;The Jackson 5;The Love You Save;;;;;;;;;;;TRUE;;264677
drumeo;The Jackson 5;Blame It On The Boogie;;;;;;;;;;;TRUE;;279325
drumeo;The Jackson 5;Shake Your Body (Down To The Ground);;;;;;;;;;;TRUE;;285124
drumeo;The Jam;Going Underground;;;;;;;;;;;TRUE;;291610
drumeo;The Jimi Hendrix Experience;Purple Haze;;;;;;;;;;;TRUE;;264679
drumeo;The Jimi Hendrix Experience;Voodoo Child;;;;;;;;;;;TRUE;;344757
drumeo;The Kid LAROI & Justin Bieber;Stay;;;;;;;;;;;TRUE;;356088
drumeo;The Killers;Don't Shoot Me Santa;;;;;;;;;;;TRUE;;364779
drumeo;The Killers;Human;;;;;;;;;;;TRUE;;299108
drumeo;The Killers;Mr. Brightside;;;;;;;;;;;TRUE;;264681
drumeo;The Killers;Read My Mind;;;;;;;;;;;TRUE;;264683
drumeo;The Kinks;You Really Got Me;;;;;;;;;;;TRUE;;279327
drumeo;The Kinks;Lola;;;;;;;;;;;TRUE;;275786
drumeo;The Knack;My Sharona;;;;;;;;;;;TRUE;;305695
drumeo;The Meters;Look-Ka Py Py;;;;;;;;;;;TRUE;;317788
drumeo;The Meters;Fire On The Bayou;;;;;;;;;;;TRUE;;270727
drumeo;The Meters;Hey Pocky A-Way;;;;;;;;;;;TRUE;;270729
drumeo;The Meters;Cissy Strut;;;;;;;;;;;TRUE;;275788
drumeo;The Mighty Mighty Bosstones;The Impression That I Get;;;;;;;;;;;TRUE;;317269
drumeo;The Moody Blues;I'm Just A Singer (In A Rock And Roll Band);;;;;;;;;;;TRUE;;360021
drumeo;The Moody Blues;Nights In White Satin;;;;;;;;;;;TRUE;;337435
drumeo;The National;About Today;;;;;;;;;;;TRUE;;291614
drumeo;The O’Jays;Love Train;;;;;;;;;;;TRUE;;374627
drumeo;The Offspring;You're Gonna Go Far, Kid;;;;;;;;;;;TRUE;;264687
drumeo;The Offspring;The Kids Aren't Alright;;;;;;;;;;;TRUE;;314530
drumeo;The Offspring;Gone Away;;;;;;;;;;;TRUE;;356059
drumeo;The Offspring;Pretty Fly (For A White Guy);;;;;;;;;;;TRUE;;344759
drumeo;The Offspring;Self Esteem;;;;;;;;;;;TRUE;;305697
drumeo;The Outfield;Your Love;;;;;;;;;;;TRUE;;264689
drumeo;The Pineapple Thief;Wretched Soul;;;;;;;;;;;TRUE;;331221
drumeo;The Pineapple Thief;Versions Of The Truth;;;;;;;;;;;TRUE;;302666
drumeo;Pixies;Where Is My Mind?;;;;;;;;;;;TRUE;;299094
drumeo;The Police;Man In A Suitcase;;;;;;;;;;;TRUE;;321373
drumeo;The Police;Walking On The Moon;;;;;;;;;;;TRUE;;321279
drumeo;The Police;Born In The 50s;;;;;;;;;;;TRUE;;321192
drumeo;The Police;Hole In My Life;;;;;;;;;;;TRUE;;321197
drumeo;The Police;Can't Stand Losing You;;;;;;;;;;;TRUE;;321195
drumeo;The Police;Too Much Information;;;;;;;;;;;TRUE;;321187
drumeo;The Police;Canary In A Coalmine;;;;;;;;;;;TRUE;;321365
drumeo;The Police;Invisible Sun;;;;;;;;;;;TRUE;;321176
drumeo;The Police;Behind My Camel;;;;;;;;;;;TRUE;;321360
drumeo;The Police;Driven To Tears;;;;;;;;;;;TRUE;;321371
drumeo;The Police;It's Alright For You;;;;;;;;;;;TRUE;;321258
drumeo;The Police;Mother;;;;;;;;;;;TRUE;;321339
drumeo;The Police;When The World Is Running Down, You Make The Best Of What's Still Around;;;;;;;;;;;TRUE;;321385
drumeo;The Police;Contact;;;;;;;;;;;TRUE;;321215
drumeo;The Police;Rehumanize Yourself;;;;;;;;;;;TRUE;;321183
drumeo;The Police;Synchronicity II;;;;;;;;;;;TRUE;;321350
drumeo;The Police;One World (Not Three);;;;;;;;;;;TRUE;;321181
drumeo;The Police;Voices Inside My Head;;;;;;;;;;;TRUE;;321383
drumeo;The Police;Synchronicity I;;;;;;;;;;;TRUE;;321345
drumeo;The Police;De Do Do Do, De Da Da Da;;;;;;;;;;;TRUE;;321367
drumeo;The Police;Every Breath You Take;;;;;;;;;;;TRUE;;234286
drumeo;The Police;Darkness;;;;;;;;;;;TRUE;;321166
drumeo;The Police;Bombs Away;;;;;;;;;;;TRUE;;321362
drumeo;The Police;On Any Other Day;;;;;;;;;;;TRUE;;321268
drumeo;The Police;Roxanne;;;;;;;;;;;TRUE;;23527
drumeo;The Police;The Bed's Too Big Without You;;;;;;;;;;;TRUE;;321272
drumeo;The Police;The Other Way Of Stopping;;;;;;;;;;;TRUE;;321381
drumeo;The Police;Wrapped Around Your Finger;;;;;;;;;;;TRUE;;321356
drumeo;The Police;Message In A Bottle;;;;;;;;;;;TRUE;;260638
drumeo;The Police;Miss Gradenko;;;;;;;;;;;TRUE;;321337
drumeo;The Police;So Lonely;;;;;;;;;;;TRUE;;232623
drumeo;The Police;O My God;;;;;;;;;;;TRUE;;321343
drumeo;The Police;Be My Girl, Sally;;;;;;;;;;;TRUE;;321190
drumeo;The Police;Does Everyone Stare;;;;;;;;;;;TRUE;;321254
drumeo;The Police;Next To You;;;;;;;;;;;TRUE;;321202
drumeo;The Police;Hungry For You;;;;;;;;;;;TRUE;;321174
drumeo;The Police;King Of Pain;;;;;;;;;;;TRUE;;321283
drumeo;The Police;No Time This Time;;;;;;;;;;;TRUE;;321264
drumeo;The Police;Murder By Numbers;;;;;;;;;;;TRUE;;321341
drumeo;The Police;Every Little Thing She Does Is Magic;;;;;;;;;;;TRUE;;321171
drumeo;The Police;Reggatta De Blanc;;;;;;;;;;;TRUE;;321270
drumeo;The Police;Secret Journey;;;;;;;;;;;TRUE;;321185
drumeo;The Police;Deathwish;;;;;;;;;;;TRUE;;321219
drumeo;The Police;Shadows In The Rain;;;;;;;;;;;TRUE;;321375
drumeo;The Police;Truth Hits Everybody;;;;;;;;;;;TRUE;;321206
drumeo;The Police;Bring On The Night;;;;;;;;;;;TRUE;;321208
drumeo;The Police;Don't Stand So Close To Me;;;;;;;;;;;TRUE;;321369
drumeo;The Police;Demolition Man;;;;;;;;;;;TRUE;;321168
drumeo;The Police;Masoko Tanga;;;;;;;;;;;TRUE;;321200
drumeo;The Police;Spirits In The Material World;;;;;;;;;;;TRUE;;270731
drumeo;The Police;Peanuts;;;;;;;;;;;TRUE;;321204
drumeo;The Police;Omegaman;;;;;;;;;;;TRUE;;321178
drumeo;The Police;Tea In The Sahara;;;;;;;;;;;TRUE;;321352
drumeo;The Police;Walking In Your Footsteps;;;;;;;;;;;TRUE;;321354
drumeo;The Presidents Of The United States Of America;Lump;;;;;;;;;;;TRUE;;309169
drumeo;The Pretenders;Middle Of The Road;;;;;;;;;;;TRUE;;279331
drumeo;The Pretty Reckless;Death By Rock And Roll;;;;;;;;;;;TRUE;;309171
drumeo;The Raconteurs;Steady As She Goes;;;;;;;;;;;TRUE;;352731
drumeo;The Reign Of Kindo;Till We Make Our Ascent;;;;;;;;;;;TRUE;;285128
drumeo;The Rolling Stones;Ventilator Blues;;;;;;;;;;;TRUE;;291624
drumeo;The Rolling Stones;Start Me Up;;;;;;;;;;;TRUE;;279333
drumeo;The Rolling Stones;Sympathy For The Devil;;;;;;;;;;;TRUE;;275792
drumeo;The Rolling Stones;Miss You;;;;;;;;;;;TRUE;;264697
drumeo;The Rolling Stones;Under My Thumb;;;;;;;;;;;TRUE;;291622
drumeo;The Rolling Stones;Ruby Tuesday;;;;;;;;;;;TRUE;;270733
drumeo;The Rolling Stones;Gimme Shelter;;;;;;;;;;;TRUE;;348770
drumeo;The Rolling Stones;Jumpin' Jack Flash;;;;;;;;;;;TRUE;;264695
drumeo;The Rolling Stones;Not Fade Away;;;;;;;;;;;TRUE;;374198
drumeo;The Roots;You Got Me;;;;;;;;;;;TRUE;;270737
drumeo;The Roots;Mellow My Man;;;;;;;;;;;TRUE;;275794
drumeo;The Roots;Dear God 2.0;;;;;;;;;;;TRUE;;279334
drumeo;The Roots;The OtherSide;;;;;;;;;;;TRUE;;270739
drumeo;The Runaways;Cherry Bomb;;;;;;;;;;;TRUE;;279336
drumeo;The Runaways;You Drive Me Wild;;;;;;;;;;;TRUE;;294801
drumeo;The Script;Nothing;;;;;;;;;;;TRUE;;279338
drumeo;The Script;The Man Who Can't Be Moved;;;;;;;;;;;TRUE;;291626
drumeo;The Smashing Pumpkins;Cherub Rock;;;;;;;;;;;TRUE;;275798
drumeo;The Smashing Pumpkins;Zero;;;;;;;;;;;TRUE;;373401
drumeo;The Smashing Pumpkins;Bullet With Butterfly Wings;;;;;;;;;;;TRUE;;279340
drumeo;The Smashing Pumpkins;1979;;;;;;;;;;;TRUE;;275796
drumeo;The Smashing Pumpkins;Tonight, Tonight;;;;;;;;;;;TRUE;;344762
drumeo;The Smashing Pumpkins;Today;;;;;;;;;;;TRUE;;275800
drumeo;The Smiths;How Soon Is Now?;;;;;;;;;;;TRUE;;291628
drumeo;The Soul Searchers;Ashley's Roachclip;;;;;;;;;;;TRUE;;356061
drumeo;The Stone Roses;I Wanna Be Adored;;;;;;;;;;;TRUE;;291630
drumeo;The Stone Roses;Made Of Stone;;;;;;;;;;;TRUE;;291632
drumeo;The Stone Roses;Fools Gold;;;;;;;;;;;TRUE;;374629
drumeo;The Stooges;I Wanna Be Your Dog;;;;;;;;;;;TRUE;;270741
drumeo;The Strokes;Last Nite;;;;;;;;;;;TRUE;;337437
drumeo;The Style Council;Dropping Bombs On The White House;;;;;;;;;;;TRUE;;337439
drumeo;The Supremes;Stop! In The Name Of Love;;;;;;;;;;;TRUE;;279342
drumeo;The Supremes;Where Did Our Love Go;;;;;;;;;;;TRUE;;285132
drumeo;The Supremes;Baby Love;;;;;;;;;;;TRUE;;285130
drumeo;The Temptations;Just My Imagination (Running Away With Me);;;;;;;;;;;TRUE;;270747
drumeo;The Temptations;Papa Was A Rollin' Stone;;;;;;;;;;;TRUE;;270743
drumeo;The Temptations;My Girl;;;;;;;;;;;TRUE;;279344
drumeo;The Temptations;Get Ready;;;;;;;;;;;TRUE;;270745
drumeo;The Temptations;Ain't Too Proud To Beg;;;;;;;;;;;TRUE;;285134
drumeo;The Teskey Brothers;So Caught Up;;;;;;;;;;;TRUE;;364781
drumeo;The Tony Williams Lifetime;Proto-Cosmos;;;;;;;;;;;TRUE;;270749
drumeo;The Tragically Hip;Blow At High Dough;;;;;;;;;;;TRUE;;291634
drumeo;The Travelling Wilburys;End Of The Line;;;;;;;;;;;TRUE;;337441
drumeo;The Used;Buried Myself Alive;;;;;;;;;;;TRUE;;291640
drumeo;The Used;A Box Full Of Sharp Objects;;;;;;;;;;;TRUE;;291638
drumeo;The Ventures;Walk, Don't Run;;;;;;;;;;;TRUE;;279346
drumeo;The Wallflowers;One Headlight;;;;;;;;;;;TRUE;;365671
drumeo;The Wallflowers;6th Avenue Heartache;;;;;;;;;;;TRUE;;326673
drumeo;The Weeknd;Blinding Lights;;;;;;;;;;;TRUE;;302668
drumeo;The White Stripes;Seven Nation Army;;;;;;;;;;;TRUE;;264699
drumeo;The Who;Behind Blue Eyes;;;;;;;;;;;TRUE;;337443
drumeo;The Who;Pinball Wizard;;;;;;;;;;;TRUE;;373403
drumeo;The Who;My Generation;;;;;;;;;;;TRUE;;279348
drumeo;The Who;Baba O'Riley;;;;;;;;;;;TRUE;;291644
drumeo;The Winstons;Amen, Brother;;;;;;;;;;;TRUE;;275804
drumeo;The Wonders;That Thing You Do!;;;;;;;;;;;TRUE;;291646
drumeo;Them Crooked Vultures;No One Loves Me & Neither Do I;;;;;;;;;;;TRUE;;285136
drumeo;Them Crooked Vultures;New Fang;;;;;;;;;;;TRUE;;279350
drumeo;Theory Of A Deadman;Bad Girlfriend;;;;;;;;;;;TRUE;;374633
drumeo;They Might Be Giants;Boss Of Me;;;;;;;;;;;TRUE;;348774
drumeo;Thin Lizzy;Cowboy Song;;;;;;;;;;;TRUE;;285138
drumeo;Thin Lizzy;Don't Believe A Word;;;;;;;;;;;TRUE;;279354
drumeo;Thin Lizzy;Whiskey In The Jar;;;;;;;;;;;TRUE;;285140
drumeo;Thin Lizzy;Jailbreak;;;;;;;;;;;TRUE;;279352
drumeo;Third Eye Blind;Graduate;;;;;;;;;;;TRUE;;373848
drumeo;Third Eye Blind;Semi-Charmed Life;;;;;;;;;;;TRUE;;309175
drumeo;Three Days Grace;I Am Machine;;;;;;;;;;;TRUE;;373851
drumeo;Thundercat;Them Changes;;;;;;;;;;;TRUE;;264701
drumeo;Tiffany;I Think We're Alone Now;;;;;;;;;;;TRUE;;365683
drumeo;Till Lindemann;Ich Hasse Kinder;;;;;;;;;;;TRUE;;374582
drumeo;Tina Turner;What's Love Got To Do With It;;;;;;;;;;;TRUE;;270755
drumeo;TLC;Waterfalls;;;;;;;;;;;TRUE;;322480
drumeo;Tom Cochrane;Life Is A Highway;;;;;;;;;;;TRUE;;275806
drumeo;Tom Petty;A Mind With A Heart Of Its Own;;;;;;;;;;;TRUE;;296077
drumeo;Tom Petty;You Wreck Me;;;;;;;;;;;TRUE;;279356
drumeo;Tom Petty;Yer So Bad;;;;;;;;;;;TRUE;;296090
drumeo;Tom Petty;I Won’t Back Down;;;;;;;;;;;TRUE;;264705
drumeo;Tom Petty;Love Is A Long Road;;;;;;;;;;;TRUE;;296083
drumeo;Tom Petty;Runnin' Down A Dream;;;;;;;;;;;TRUE;;296086
drumeo;Tom Petty;A Face In The Crowd;;;;;;;;;;;TRUE;;296074
drumeo;Tom Petty;The Apartment Song;;;;;;;;;;;TRUE;;296088
drumeo;Tom Petty;Zombie Zoo;;;;;;;;;;;TRUE;;296092
drumeo;Tom Petty;You Don't Know How It Feels;;;;;;;;;;;TRUE;;285146
drumeo;Tom Petty;Free Fallin’;;;;;;;;;;;TRUE;;264703
drumeo;Tom Petty & The Heartbreakers;Refugee;;;;;;;;;;;TRUE;;373853
drumeo;Tom Petty & The Heartbreakers;Learning To Fly;;;;;;;;;;;TRUE;;264707
drumeo;Tom Petty & The Heartbreakers;American Girl;;;;;;;;;;;TRUE;;270757
drumeo;Tommy Tutone;867-5309/Jenny;;;;;;;;;;;TRUE;;291652
drumeo;Tony Joe White;Polk Salad Annie;;;;;;;;;;;TRUE;;349880
drumeo;Tool;7empest;;;;;;;;;;;TRUE;;368735
drumeo;Tool;Invincible;;;;;;;;;;;TRUE;;270765
drumeo;Tool;Pneuma;;;;;;;;;;;TRUE;;270767
drumeo;Tool;Rosetta Stoned;;;;;;;;;;;TRUE;;372740
drumeo;Tool;Ænema;;;;;;;;;;;TRUE;;270761
drumeo;Tool;Jambi;;;;;;;;;;;TRUE;;270759
drumeo;Tool;Schism;;;;;;;;;;;TRUE;;270769
drumeo;Tool;Eulogy;;;;;;;;;;;TRUE;;270763
drumeo;Tool;Forty Six & 2;;;;;;;;;;;TRUE;;264709
drumeo;Tool;Stinkfist;;;;;;;;;;;TRUE;;360015
drumeo;Tool;The Grudge;;;;;;;;;;;TRUE;;270771
drumeo;Tori Amos;Space Dog;;;;;;;;;;;TRUE;;328251
drumeo;Tori Kelly;Masterpiece;;;;;;;;;;;TRUE;;285148
drumeo;Toto;Rockmaker;;;;;;;;;;;TRUE;;291660
drumeo;Toto;Jake To The Bone;;;;;;;;;;;TRUE;;295214
drumeo;Toto;Pamela;;;;;;;;;;;TRUE;;270775
drumeo;Toto;Mama;;;;;;;;;;;TRUE;;291654
drumeo;Toto;Angela;;;;;;;;;;;TRUE;;291656
drumeo;Toto;Stop Loving You;;;;;;;;;;;TRUE;;285152
drumeo;Toto;Lovers In The Night;;;;;;;;;;;TRUE;;291662
drumeo;Toto;Mushanga;;;;;;;;;;;TRUE;;295218
drumeo;Toto;I'll Supply The Love;;;;;;;;;;;TRUE;;291658
drumeo;Toto;These Chains;;;;;;;;;;;TRUE;;295220
drumeo;Tower Of Power;What Is Hip?;;;;;;;;;;;TRUE;;19653
drumeo;Tower Of Power;On The Serious Side;;;;;;;;;;;TRUE;;373409
drumeo;Tower Of Power;Ebony Jam;;;;;;;;;;;TRUE;;373411
drumeo;Tower Of Power;Squib Cakes;;;;;;;;;;;TRUE;;317790
drumeo;Tower Of Power;Vuela Por Noche;;;;;;;;;;;TRUE;;373413
drumeo;Tower Of Power;Soul With A Capital S;;;;;;;;;;;TRUE;;309177
drumeo;Tower Of Power;Soul Vaccination;;;;;;;;;;;TRUE;;373407
drumeo;Tracy Chapman;Fast Car;;;;;;;;;;;TRUE;;337445
drumeo;Tracy Chapman;America;;;;;;;;;;;TRUE;;374635
drumeo;Train;This'll Be My Year;;;;;;;;;;;TRUE;;285154
drumeo;Train;Hey, Soul Sister;;;;;;;;;;;TRUE;;275808
drumeo;Train;Save Me, San Francisco;;;;;;;;;;;TRUE;;285156
drumeo;Train;Drops Of Jupiter;;;;;;;;;;;TRUE;;270779
drumeo;Train;50 Ways To Say Goodbye;;;;;;;;;;;TRUE;;291664
drumeo;Train;If It's Love;;;;;;;;;;;TRUE;;291668
drumeo;Train;Drive By;;;;;;;;;;;TRUE;;270777
drumeo;Train;Bulletproof Picasso;;;;;;;;;;;TRUE;;373855
drumeo;Train;Parachute;;;;;;;;;;;TRUE;;291670
drumeo;Trapt;Headstrong;;;;;;;;;;;TRUE;;349884
drumeo;Trooper;Raise A Little Hell;;;;;;;;;;;TRUE;;328253
drumeo;Twenty One Pilots;Leave The City;;;;;;;;;;;TRUE;;303699
drumeo;Twenty One Pilots;Morph;;;;;;;;;;;TRUE;;303708
drumeo;Twenty One Pilots;Legend;;;;;;;;;;;TRUE;;303703
drumeo;Twenty One Pilots;The Judge;;;;;;;;;;;TRUE;;303687
drumeo;Twenty One Pilots;Goner;;;;;;;;;;;TRUE;;303645
drumeo;Twenty One Pilots;Migraine;;;;;;;;;;;TRUE;;279360
drumeo;Twenty One Pilots;Jumpsuit;;;;;;;;;;;TRUE;;303697
drumeo;Twenty One Pilots;Stressed Out;;;;;;;;;;;TRUE;;275810
drumeo;Twenty One Pilots;Neon Gravestones;;;;;;;;;;;TRUE;;303712
drumeo;Twenty One Pilots;Nico And The Niners;;;;;;;;;;;TRUE;;303714
drumeo;Twenty One Pilots;Message Man;;;;;;;;;;;TRUE;;303679
drumeo;Twenty One Pilots;My Blood;;;;;;;;;;;TRUE;;303710
drumeo;Twenty One Pilots;Chlorine;;;;;;;;;;;TRUE;;303693
drumeo;Twenty One Pilots;We Don't Believe What's On TV;;;;;;;;;;;TRUE;;303689
drumeo;Twenty One Pilots;Doubt;;;;;;;;;;;TRUE;;303638
drumeo;Twenty One Pilots;Smithereens;;;;;;;;;;;TRUE;;303718
drumeo;Twenty One Pilots;Heavydirtysoul;;;;;;;;;;;TRUE;;285158
drumeo;Twenty One Pilots;Lane Boy;;;;;;;;;;;TRUE;;303677
drumeo;Twenty One Pilots;Not Today;;;;;;;;;;;TRUE;;303681
drumeo;Twenty One Pilots;Pet Cheetah;;;;;;;;;;;TRUE;;303716
drumeo;Twenty One Pilots;Polarize;;;;;;;;;;;TRUE;;303683
drumeo;Twenty One Pilots;Levitate;;;;;;;;;;;TRUE;;303705
drumeo;Twenty One Pilots;Tear In My Heart;;;;;;;;;;;TRUE;;303685
drumeo;Twenty One Pilots;The Hype;;;;;;;;;;;TRUE;;303720
drumeo;Twenty One Pilots;Fairly Local;;;;;;;;;;;TRUE;;303643
drumeo;Twenty One Pilots;Shy Away;;;;;;;;;;;TRUE;;328255
drumeo;Tyrone Davis;Turn Back The Hands Of Time;;;;;;;;;;;TRUE;;352733
drumeo;U2;Red Light;;;;;;;;;;;TRUE;;324106
drumeo;U2;I Threw A Brick Through A Window;;;;;;;;;;;TRUE;;324012
drumeo;U2;Miracle Drug;;;;;;;;;;;TRUE;;323970
drumeo;U2;Until The End Of The World;;;;;;;;;;;TRUE;;323942
drumeo;U2;Love Is Blindness;;;;;;;;;;;TRUE;;323914
drumeo;U2;Heartland;;;;;;;;;;;TRUE;;324069
drumeo;U2;Promenade;;;;;;;;;;;TRUE;;324094
drumeo;U2;Vertigo;;;;;;;;;;;TRUE;;279364
drumeo;U2;Stand Up Comedy;;;;;;;;;;;TRUE;;324016
drumeo;U2;Stuck In A Moment You Can’t Get Out Of;;;;;;;;;;;TRUE;;323922
drumeo;U2;I'll Go Crazy If I Don't Go Crazy Tonight;;;;;;;;;;;TRUE;;324001
drumeo;U2;The Ocean;;;;;;;;;;;TRUE;;323990
drumeo;U2;The Ground Beneath Her Feet;;;;;;;;;;;TRUE;;323926
drumeo;U2;Red Hill Mining Town;;;;;;;;;;;TRUE;;324072
drumeo;U2;Sometimes You Can't Make It On Your Own;;;;;;;;;;;TRUE;;323976
drumeo;U2;With Or Without You;;;;;;;;;;;TRUE;;291672
drumeo;U2;Out Of Control;;;;;;;;;;;TRUE;;323963
drumeo;U2;The Refugee;;;;;;;;;;;TRUE;;324112
drumeo;U2;40;;;;;;;;;;;TRUE;;324100
drumeo;U2;Magnificent;;;;;;;;;;;TRUE;;324006
drumeo;U2;Like A Song;;;;;;;;;;;TRUE;;324104
drumeo;U2;I Will Follow;;;;;;;;;;;TRUE;;264723
drumeo;U2;Moment Of Surrender;;;;;;;;;;;TRUE;;324009
drumeo;U2;One Step Closer;;;;;;;;;;;TRUE;;323972
drumeo;U2;Elevation;;;;;;;;;;;TRUE;;264719
drumeo;U2;All I Want Is You;;;;;;;;;;;TRUE;;324050
drumeo;U2;Beautiful Day;;;;;;;;;;;TRUE;;264715
drumeo;U2;Original Of The Species;;;;;;;;;;;TRUE;;323974
drumeo;U2;Acrobat;;;;;;;;;;;TRUE;;323905
drumeo;U2;New York;;;;;;;;;;;TRUE;;323915
drumeo;U2;Is That All?;;;;;;;;;;;TRUE;;324017
drumeo;U2;Get On Your Boots;;;;;;;;;;;TRUE;;323997
drumeo;U2;Sunday Bloody Sunday;;;;;;;;;;;TRUE;;270781
drumeo;U2;New Year's Day;;;;;;;;;;;TRUE;;264725
drumeo;U2;Stories For Boys;;;;;;;;;;;TRUE;;323984
drumeo;U2;Grace;;;;;;;;;;;TRUE;;323902
drumeo;U2;Silver And Gold;;;;;;;;;;;TRUE;;324081
drumeo;U2;Hawkmoon 269;;;;;;;;;;;TRUE;;324064
drumeo;U2;A Man And A Woman;;;;;;;;;;;TRUE;;323950
drumeo;U2;Shadows And Tall Trees/Saturday Matinee;;;;;;;;;;;TRUE;;323981
drumeo;U2;A Sort Of Homecoming;;;;;;;;;;;TRUE;;324086
drumeo;U2;Walk On;;;;;;;;;;;TRUE;;323930
drumeo;U2;So Cruel;;;;;;;;;;;TRUE;;323925
drumeo;U2;Rejoice;;;;;;;;;;;TRUE;;324024
drumeo;U2;City Of Blinding Lights;;;;;;;;;;;TRUE;;323959
drumeo;U2;Trip Through Your Wires;;;;;;;;;;;TRUE;;324082
drumeo;U2;Scarlet;;;;;;;;;;;TRUE;;324026
drumeo;U2;Twilight;;;;;;;;;;;TRUE;;323994
drumeo;U2;No Line On The Horizon;;;;;;;;;;;TRUE;;324013
drumeo;U2;All Because Of You;;;;;;;;;;;TRUE;;323954
drumeo;U2;White As Snow;;;;;;;;;;;TRUE;;324022
drumeo;U2;Surrender;;;;;;;;;;;TRUE;;324110
drumeo;U2;Tomorrow;;;;;;;;;;;TRUE;;324031
drumeo;U2;I Fall Down;;;;;;;;;;;TRUE;;324008
drumeo;U2;The Fly;;;;;;;;;;;TRUE;;323929
drumeo;U2;Zoo Station;;;;;;;;;;;TRUE;;323948
drumeo;U2;When I Look At The World;;;;;;;;;;;TRUE;;323934
drumeo;U2;Helter Skelter;;;;;;;;;;;TRUE;;324060
drumeo;U2;Gloria;;;;;;;;;;;TRUE;;324000
drumeo;U2;The Unforgettable Fire;;;;;;;;;;;TRUE;;324096
drumeo;U2;Tryin' To Throw Your Arms Around The World;;;;;;;;;;;TRUE;;323933
drumeo;U2;Unknown Caller;;;;;;;;;;;TRUE;;324020
drumeo;U2;Love And Peace Or Else;;;;;;;;;;;TRUE;;323968
drumeo;U2;The Electric Co.;;;;;;;;;;;TRUE;;323988
drumeo;U2;Cedars Of Lebanon;;;;;;;;;;;TRUE;;323986
drumeo;U2;A Day Without Me;;;;;;;;;;;TRUE;;323943
drumeo;U2;Two Hearts Beat As One;;;;;;;;;;;TRUE;;324114
drumeo;U2;Even Better Than The Real Thing;;;;;;;;;;;TRUE;;323911
drumeo;U2;One Tree Hill;;;;;;;;;;;TRUE;;324068
drumeo;U2;When Love Comes To Town;;;;;;;;;;;TRUE;;324078
drumeo;U2;Love Rescue Me;;;;;;;;;;;TRUE;;324073
drumeo;U2;Angel Of Harlem;;;;;;;;;;;TRUE;;324052
drumeo;U2;Stranger In A Strange Land;;;;;;;;;;;TRUE;;324028
drumeo;U2;Who's Gonna Ride Your Wild Horses;;;;;;;;;;;TRUE;;323946
drumeo;U2;I Still Haven't Found What I'm Looking For;;;;;;;;;;;TRUE;;264721
drumeo;U2;Another Time, Another Place;;;;;;;;;;;TRUE;;323955
drumeo;U2;An Cat Dubh;;;;;;;;;;;TRUE;;323951
drumeo;U2;All Along The Watchtower;;;;;;;;;;;TRUE;;324038
drumeo;U2;God Part II;;;;;;;;;;;TRUE;;324057
drumeo;U2;Peace On Earth;;;;;;;;;;;TRUE;;323918
drumeo;U2;Mysterious Ways;;;;;;;;;;;TRUE;;279362
drumeo;U2;Running To Stand Still;;;;;;;;;;;TRUE;;324077
drumeo;U2;Seconds;;;;;;;;;;;TRUE;;324108
drumeo;U2;Pride (In the Name of Love);;;;;;;;;;;TRUE;;324092
drumeo;UB40;Red Red Wine;;;;;;;;;;;TRUE;;270783
drumeo;UB40;Kingston Town;;;;;;;;;;;TRUE;;344765
drumeo;Ugly Kid Joe;Cats In The Cradle;;;;;;;;;;;TRUE;;326676
drumeo;Ugress;Spider-Man Theme;;;;;;;;;;;TRUE;;364783
drumeo;Usher;Dive;;;;;;;;;;;TRUE;;347063
drumeo;Usher;Caught Up;;;;;;;;;;;TRUE;;347061
drumeo;Usher;Burn;;;;;;;;;;;TRUE;;347058
drumeo;Van Halen;Right Now;;;;;;;;;;;TRUE;;326678
drumeo;Van Halen;And The Cradle Will Rock...;;;;;;;;;;;TRUE;;264729
drumeo;Van Halen;Light Up The Sky;;;;;;;;;;;TRUE;;299010
drumeo;Van Halen;Ain't Talkin' 'Bout Love;;;;;;;;;;;TRUE;;291680
drumeo;Van Halen;Somebody Get Me A Doctor;;;;;;;;;;;TRUE;;299014
drumeo;Van Halen;Unchained;;;;;;;;;;;TRUE;;291684
drumeo;Van Halen;Little Dreamer;;;;;;;;;;;TRUE;;298995
drumeo;Van Halen;Outta Love Again;;;;;;;;;;;TRUE;;299012
drumeo;Van Halen;Good Enough;;;;;;;;;;;TRUE;;298976
drumeo;Van Halen;House Of Pain;;;;;;;;;;;TRUE;;298965
drumeo;Van Halen;Why Can't This Be Love;;;;;;;;;;;TRUE;;264731
drumeo;Van Halen;5150;;;;;;;;;;;TRUE;;298971
drumeo;Van Halen;On Fire;;;;;;;;;;;TRUE;;298997
drumeo;Van Halen;Atomic Punk;;;;;;;;;;;TRUE;;298983
drumeo;Van Halen;Intruder/(Oh) Pretty Woman;;;;;;;;;;;TRUE;;349887
drumeo;Van Halen;Jamie's Cryin';;;;;;;;;;;TRUE;;298993
drumeo;Van Halen;Runnin' With The Devil;;;;;;;;;;;TRUE;;291682
drumeo;Van Halen;Love Walks In;;;;;;;;;;;TRUE;;298981
drumeo;Van Halen;Hang ‘em High;;;;;;;;;;;TRUE;;374641
drumeo;Van Halen;You're No Good;;;;;;;;;;;TRUE;;299020
drumeo;Van Halen;You Really Got Me;;;;;;;;;;;TRUE;;299000
drumeo;Van Halen;Dreams;;;;;;;;;;;TRUE;;291676
drumeo;Vanilla Fudge;You Keep Me Hangin' On;;;;;;;;;;;TRUE;;356011
drumeo;Vasco Rossi;Gli Spari Sopra;;;;;;;;;;;TRUE;;362478
drumeo;Velvet Revolver;Slither;;;;;;;;;;;TRUE;;371162
drumeo;Violent Femmes;Blister in The Sun;;;;;;;;;;;TRUE;;337447
drumeo;Volbeat;Lola Montez;;;;;;;;;;;TRUE;;371164
drumeo;Voyager;Entropy;;;;;;;;;;;TRUE;;371167
drumeo;Vulfpeck;Back Pocket;;;;;;;;;;;TRUE;;275814
drumeo;Vulfpeck;Dean Town;;;;;;;;;;;TRUE;;285160
drumeo;Vulfpeck;1612;;;;;;;;;;;TRUE;;275812
drumeo;Vulkan;This Visual Hex;;;;;;;;;;;TRUE;;364786
drumeo;Walk The Moon;Shut Up And Dance;;;;;;;;;;;TRUE;;264735
drumeo;Warpaint;Love Is To Die;;;;;;;;;;;TRUE;;374643
drumeo;Warrant;Cherry Pie;;;;;;;;;;;TRUE;;365675
drumeo;Warrant;I Saw Red;;;;;;;;;;;TRUE;;270785
drumeo;Warren Zevon;Werewolves Of London;;;;;;;;;;;TRUE;;365677
drumeo;Warren Zevon;Poor Poor Pitiful Me;;;;;;;;;;;TRUE;;291686
drumeo;Wayne Shorter;Black Nile;;;;;;;;;;;TRUE;;275816
drumeo;Wayne Shorter;Footprints;;;;;;;;;;;TRUE;;346223
drumeo;Wayne Shorter;Night Dreamer;;;;;;;;;;;TRUE;;285162
drumeo;We The Kingdom;Holy Water;;;;;;;;;;;TRUE;;315949
drumeo;We The Kings;Check Yes, Juliet;;;;;;;;;;;TRUE;;349889
drumeo;Weezer;Undone – The Sweater Song;;;;;;;;;;;TRUE;;275820
drumeo;Weezer;Island In The Sun;;;;;;;;;;;TRUE;;275818
drumeo;Weezer;Hash Pipe;;;;;;;;;;;TRUE;;356067
drumeo;Wham!;Wake Me Up Before You Go-Go;;;;;;;;;;;TRUE;;275822
drumeo;Wham!;Last Christmas;;;;;;;;;;;TRUE;;291688
drumeo;White Zombie;Thunder Kiss '65;;;;;;;;;;;TRUE;;362468
drumeo;Whitesnake;Slide It In;;;;;;;;;;;TRUE;;275824
drumeo;Whitesnake;Slip Of The Tongue;;;;;;;;;;;TRUE;;285164
drumeo;Willie Nile;One Guitar;;;;;;;;;;;TRUE;;365685
drumeo;Winger;Miles Away;;;;;;;;;;;TRUE;;291692
drumeo;Wings;Live And Let Die;;;;;;;;;;;TRUE;;373858
drumeo;Yeah Yeah Yeahs;Maps;;;;;;;;;;;TRUE;;322483
drumeo;Yes;Roundabout;;;;;;;;;;;TRUE;;365679
drumeo;Yes;Heart Of The Sunrise;;;;;;;;;;;TRUE;;279374
drumeo;Young The Giant;Apartment;;;;;;;;;;;TRUE;;264743
drumeo;Zac Brown Band;Different Kind Of Fine;;;;;;;;;;;TRUE;;279376
drumeo;Zach Williams;Chain Breaker;;;;;;;;;;;TRUE;;275826
drumeo;ZZ Top;Beer Drinkers & Hell Raisers;;;;;;;;;;;TRUE;;349893
drumeo;ZZ Top;I Gotsta Get Paid;;;;;;;;;;;TRUE;;349891
drumeo;ZZ Top;La Grange;;;;;;;;;;;TRUE;;275828
drumeo;ZZ Top;Gimme All Your Lovin';;;;;;;;;;;TRUE;;294252
