brand;artist;title;album;style;difficulty;total_xp;artwork_filename;pdf_filename;assignment_title;assignment_xp;soundslice_slug;publishing_status;instrument_removed;pdf_filename_tabs_and_notation;content_id
drumeo;10 Years;The Shift;;;;;;;;;;;1;;374523
drumeo;3 Doors Down;It's Not My Time;;;;;;;;;;;1;;373786
drumeo;3 Doors Down;Kryptonite;;;;;;;;;;;1;;255144
drumeo;311;Beautiful Disaster;;;;;;;;;;;1;;284668
drumeo;38 Special;Hold On Loosely;;;;;;;;;;;1;;284670
drumeo;4 Non Blondes;What's Up;;;;;;;;;;;1;;314501
drumeo;5 Seconds Of Summer;She Looks So Perfect;;;;;;;;;;;1;;284672
drumeo;801;East Of Asteroid;;;;;;;;;;;1;;375856
drumeo;A Day To Remember;Sometimes You're The Hammer, Sometimes You're The Nail;;;;;;;;;;;1;;275326
drumeo;A Day To Remember;I Surrender;;;;;;;;;;;1;;284674
drumeo;A Day To Remember;If It Means A Lot To You;;;;;;;;;;;1;;278879
drumeo;A Day To Remember;2nd Sucks;;;;;;;;;;;1;;284676
drumeo;A Day To Remember;Right Back At It Again;;;;;;;;;;;1;;278877
drumeo;A Perfect Circle;Judith;;;;;;;;;;;1;;291178
drumeo;A Perfect Circle;Weak And Powerless;;;;;;;;;;;1;;291180
drumeo;A Perfect Circle;The Outsider;;;;;;;;;;;1;;284678
drumeo;A Perfect Circle;3 Libras;;;;;;;;;;;1;;278881
drumeo;A Taste Of Honey;Boogie Oogie Oogie;;;;;;;;;;;1;;291182
drumeo;a-ha;Take On Me;;;;;;;;;;;1;;275328
drumeo;Aaron Parks;Nemesis;;;;;;;;;;;1;;270297
drumeo;ABBA;Voulez-Vous;;;;;;;;;;;1;;275330
drumeo;ABBA;Mamma Mia;;;;;;;;;;;1;;270299
drumeo;ABBA;Knowing Me, Knowing You;;;;;;;;;;;1;;284682
drumeo;ABBA;The Visitors;;;;;;;;;;;1;;374525
drumeo;ABBA;Dancing Queen;;;;;;;;;;;1;;284680
drumeo;ABBA;I Still Have Faith In You;;;;;;;;;;;1;;356069
drumeo;ABBA;Super Trouper;;;;;;;;;;;1;;284684
drumeo;ABBA;The Winner Takes It All;;;;;;;;;;;1;;270301
drumeo;AC/DC;Back In Black;;;;;;;;;;;1;;19999
drumeo;AC/DC;It's A Long Way To The Top (If You Wanna Rock 'N' Roll);;;;;;;;;;;1;;264251
drumeo;AC/DC;Dirty Deeds Done Dirt Cheap;;;;;;;;;;;1;;264247
drumeo;AC/DC;Highway To Hell;;;;;;;;;;;1;;234247
drumeo;AC/DC;Bad Boy Boogie;;;;;;;;;;;1;;296529
drumeo;AC/DC;Breaking The Rules;;;;;;;;;;;1;;296483
drumeo;AC/DC;C.O.D.;;;;;;;;;;;1;;296485
drumeo;AC/DC;Fire Your Guns;;;;;;;;;;;1;;270313
drumeo;AC/DC;Crabsody In Blue;;;;;;;;;;;1;;296469
drumeo;AC/DC;Shot In The Dark;;;;;;;;;;;1;;284696
drumeo;AC/DC;Evil Walks;;;;;;;;;;;1;;296489
drumeo;AC/DC;Love Hungry Man;;;;;;;;;;;1;;296521
drumeo;AC/DC;I Put The Finger On You;;;;;;;;;;;1;;296491
drumeo;AC/DC;Night Prowler;;;;;;;;;;;1;;296523
drumeo;AC/DC;Givin' The Dog A Bone;;;;;;;;;;;1;;284686
drumeo;AC/DC;Girls Got Rhythm;;;;;;;;;;;1;;270311
drumeo;AC/DC;Who Made Who;;;;;;;;;;;1;;284698
drumeo;AC/DC;For Those About To Rock (We Salute You);;;;;;;;;;;1;;264249
drumeo;AC/DC;Go Down;;;;;;;;;;;1;;296531
drumeo;AC/DC;Hells Bells;;;;;;;;;;;1;;255148
drumeo;AC/DC;Can I Sit Next To You Girl;;;;;;;;;;;1;;296506
drumeo;AC/DC;Beating Around The Bush;;;;;;;;;;;1;;296517
drumeo;AC/DC;T.N.T.;;;;;;;;;;;1;;264259
drumeo;AC/DC;Let There Be Rock;;;;;;;;;;;1;;275332
drumeo;AC/DC;Dog Eat Dog;;;;;;;;;;;1;;278885
drumeo;Adele;Skyfall;;;;;;;;;;;1;;328146
drumeo;Adele;Rolling In The Deep;;;;;;;;;;;1;;264261
drumeo;Aerosmith;Home Tonight;;;;;;;;;;;1;;284708
drumeo;Aerosmith;What Could Have Been Love;;;;;;;;;;;1;;270317
drumeo;Aerosmith;Back In The Saddle;;;;;;;;;;;1;;278891
drumeo;Aerosmith;Cryin';;;;;;;;;;;1;;270315
drumeo;Aerosmith;Sweet Emotion;;;;;;;;;;;1;;294505
drumeo;Aerosmith;Dude (Looks Like A Lady);;;;;;;;;;;1;;278889
drumeo;Aerosmith;Walk This Way;;;;;;;;;;;1;;28218
drumeo;Aerosmith;Dream On;;;;;;;;;;;1;;260295
drumeo;Aerosmith;I Don't Want To Miss A Thing;;;;;;;;;;;1;;260297
drumeo;Aerosmith;Jaded;;;;;;;;;;;1;;278887
drumeo;Aerosmith;Love In An Elevator;;;;;;;;;;;1;;260301
drumeo;Aerosmith;Get A Grip;;;;;;;;;;;1;;284704
drumeo;Aerosmith;Last Child;;;;;;;;;;;1;;275334
drumeo;Aerosmith;Make It;;;;;;;;;;;1;;284700
drumeo;Aerosmith;Heart's Done Time;;;;;;;;;;;1;;284706
drumeo;Aerosmith;Amazing;;;;;;;;;;;1;;260293
drumeo;Aerosmith;Livin' On The Edge;;;;;;;;;;;1;;260299
drumeo;Aerosmith;Janie's Got A Gun;;;;;;;;;;;1;;270319
drumeo;Aerosmith;Eat The Rich;;;;;;;;;;;1;;284702
drumeo;Air Supply;All Out Of Love;;;;;;;;;;;1;;275336
drumeo;Airbag;Colors;;;;;;;;;;;1;;349668
drumeo;Airbourne;Too Much, Too Young, Too Fast;;;;;;;;;;;1;;275338
drumeo;Airbourne;Diamond In The Rough;;;;;;;;;;;1;;284710
drumeo;Al Jarreau;Spain (I Can Recall);;;;;;;;;;;1;;295630
drumeo;Al Jarreau;Mornin';;;;;;;;;;;1;;295188
drumeo;Alan Jackson;Chattahoochee;;;;;;;;;;;1;;284712
drumeo;Alanis Morissette;Uninvited;;;;;;;;;;;1;;291184
drumeo;Alanis Morissette;Ironic;;;;;;;;;;;1;;322451
drumeo;Alanis Morissette;Forgiven;;;;;;;;;;;1;;291186
drumeo;Albert King;Born Under A Bad Sign;;;;;;;;;;;1;;264263
drumeo;Alessia Cara;Make It To Christmas;;;;;;;;;;;1;;375642
drumeo;Alessia Cara;Here;;;;;;;;;;;1;;275340
drumeo;Alice Cooper;I'm Eighteen;;;;;;;;;;;1;;278893
drumeo;Alice Cooper;Welcome To My Nightmare;;;;;;;;;;;1;;373790
drumeo;Alice Cooper;Poison;;;;;;;;;;;1;;305644
drumeo;Alice Cooper;Hey Stoopid;;;;;;;;;;;1;;373788
drumeo;Alice Cooper;No More Mr. Nice Guy;;;;;;;;;;;1;;291188
drumeo;Alice Cooper;Muscle Of Love;;;;;;;;;;;1;;291190
drumeo;Alice In Chains;Rain When I Die;;;;;;;;;;;1;;359967
drumeo;Alice In Chains;No Excuses;;;;;;;;;;;1;;260304
drumeo;Alice In Chains;Would?;;;;;;;;;;;1;;264265
drumeo;Alice In Chains;Man In The Box;;;;;;;;;;;1;;270321
drumeo;Alice In Chains;Again;;;;;;;;;;;1;;364651
drumeo;Alice In Chains;Them Bones;;;;;;;;;;;1;;284714
drumeo;Alice In Chains;Rooster;;;;;;;;;;;1;;275346
drumeo;Alice In Chains;Down In A Hole;;;;;;;;;;;1;;275344
drumeo;Alice In Chains;Over Now;;;;;;;;;;;1;;328148
drumeo;Alice In Chains;Check My Brain;;;;;;;;;;;1;;373792
drumeo;Alicia Keys;Fallin';;;;;;;;;;;1;;352677
drumeo;Alicia Keys;If I Ain’t Got You;;;;;;;;;;;1;;284716
drumeo;Alien Ant Farm;Smooth Criminal;;;;;;;;;;;1;;302626
drumeo;Alkaline Trio;Private Eye;;;;;;;;;;;1;;349673
drumeo;All Sons & Daughters;Great Are You Lord;;;;;;;;;;;1;;278895
drumeo;All Time Low;Damned If I Do Ya (Damned If I Don't);;;;;;;;;;;1;;373794
drumeo;Alphaville;Forever Young;;;;;;;;;;;1;;270323
drumeo;alt-J;Intro;;;;;;;;;;;1;;375189
drumeo;Amy Winehouse;Rehab;;;;;;;;;;;1;;291192
drumeo;Amy Winehouse;Love Is A Losing Game;;;;;;;;;;;1;;264267
drumeo;Amy Winehouse;You Know I’m No Good;;;;;;;;;;;1;;264269
drumeo;Anberlin;Feel Good Drag;;;;;;;;;;;1;;270325
drumeo;Anderson .Paak;Heart Don't Stand A Chance;;;;;;;;;;;1;;278897
drumeo;Anderson .Paak;Tints;;;;;;;;;;;1;;284718
drumeo;Angus & Julia Stone;Big Jet Plane;;;;;;;;;;;1;;291194
drumeo;Anika Nilles;Mister;;;;;;;;;;;1;;284720
drumeo;Anika Nilles;Greenfield;;;;;;;;;;;1;;278899
drumeo;Anika Nilles;Orange Leaves;;;;;;;;;;;1;;284722
drumeo;Anika Nilles;Synergy;;;;;;;;;;;1;;299076
drumeo;Animals As Leaders;The Woven Web;;;;;;;;;;;1;;278901
drumeo;Animals As Leaders;Lippincott;;;;;;;;;;;1;;275350
drumeo;Animals As Leaders;Ka$cade;;;;;;;;;;;1;;275348
drumeo;Animals As Leaders;Tooth And Claw;;;;;;;;;;;1;;270327
drumeo;Animals As Leaders;Physical Education;;;;;;;;;;;1;;275352
drumeo;Annihilator;King Of The Kill;;;;;;;;;;;1;;284724
drumeo;Anthrax;Indians;;;;;;;;;;;1;;349675
drumeo;Anthrax;The Devil You Know;;;;;;;;;;;1;;328155
drumeo;Anthrax;I Am The Law;;;;;;;;;;;1;;337401
drumeo;Antônio Carlos Jobim;Wave;;;;;;;;;;;1;;275354
drumeo;Antônio Carlos Jobim;Triste;;;;;;;;;;;1;;291196
drumeo;Appe;Under Flying Colours;;;;;;;;;;;1;;344716
drumeo;April Wine;Just Between You And Me;;;;;;;;;;;1;;270329
drumeo;Architects;Little Wonder;;;;;;;;;;;1;;349680
drumeo;Architects;Daybreak;;;;;;;;;;;1;;275356
drumeo;Architects;Dead Butterflies;;;;;;;;;;;1;;291200
drumeo;Architects;C.A.N.C.E.R;;;;;;;;;;;1;;270331
drumeo;Architects;Impermanence;;;;;;;;;;;1;;364653
drumeo;Architects;Royal Beggars;;;;;;;;;;;1;;264273
drumeo;Architects;Black Lungs;;;;;;;;;;;1;;291198
drumeo;Architects;Animals;;;;;;;;;;;1;;349677
drumeo;Architects;Gravedigger;;;;;;;;;;;1;;264271
drumeo;Arctic Monkeys;R U Mine?;;;;;;;;;;;1;;270335
drumeo;Arctic Monkeys;Brianstorm;;;;;;;;;;;1;;284726
drumeo;Arctic Monkeys;Do I Wanna Know?;;;;;;;;;;;1;;270333
drumeo;Arctic Monkeys;Four Out Of Five;;;;;;;;;;;1;;270339
drumeo;Arctic Monkeys;I Bet You Look Good On The Dancefloor;;;;;;;;;;;1;;291202
drumeo;Arctic Monkeys;The View From The Afternoon;;;;;;;;;;;1;;278903
drumeo;Arctic Monkeys;Piledriver Waltz;;;;;;;;;;;1;;270337
drumeo;Aretha Franklin;Rock Steady;;;;;;;;;;;1;;275362
drumeo;Aretha Franklin;Respect;;;;;;;;;;;1;;275360
drumeo;Aretha Franklin;Freeway Of Love;;;;;;;;;;;1;;284728
drumeo;Aretha Franklin;How I Got Over;;;;;;;;;;;1;;275358
drumeo;Aretha Franklin;What A Fool Believes;;;;;;;;;;;1;;295192
drumeo;Ariana Grande;Thank U, Next;;;;;;;;;;;1;;291208
drumeo;Ariana Grande;Breathin;;;;;;;;;;;1;;291206
drumeo;Ariana Grande;Dangerous Woman;;;;;;;;;;;1;;347045
drumeo;Ariana Grande;No Tears Left To Cry;;;;;;;;;;;1;;347039
drumeo;Ariana Grande;Into You;;;;;;;;;;;1;;291204
drumeo;Arrow;Hot Hot Hot;;;;;;;;;;;1;;291210
drumeo;Art Blakey & The Jazz Messengers;Caravan;;;;;;;;;;;1;;346193
drumeo;Art Blakey & The Jazz Messengers;Moanin';;;;;;;;;;;1;;264275
drumeo;Art Blakey & The Jazz Messengers;A Night In Tunisia;;;;;;;;;;;1;;346190
drumeo;Ashley Monroe;Wild Love;;;;;;;;;;;1;;291214
drumeo;Ashley Monroe;Hands On You;;;;;;;;;;;1;;291212
drumeo;Asia;Only Time Will Tell;;;;;;;;;;;1;;275366
drumeo;Asia;Heat Of The Moment;;;;;;;;;;;1;;275364
drumeo;Atlanta Rhythm Section;Spooky;;;;;;;;;;;1;;374527
drumeo;Audioslave;Doesn't Remind Me;;;;;;;;;;;1;;356013
drumeo;Audioslave;Like A Stone;;;;;;;;;;;1;;230848
drumeo;Audioslave;Cochise;;;;;;;;;;;1;;305647
drumeo;Audioslave;I Am The Highway;;;;;;;;;;;1;;365646
drumeo;Audioslave;Show Me How To Live;;;;;;;;;;;1;;328157
drumeo;Avenged Sevenfold;Critical Acclaim;;;;;;;;;;;1;;278907
drumeo;Avenged Sevenfold;Natural Born Killer;;;;;;;;;;;1;;275370
drumeo;Avenged Sevenfold;Buried Alive;;;;;;;;;;;1;;275368
drumeo;Avenged Sevenfold;Bat Country;;;;;;;;;;;1;;270341
drumeo;Avenged Sevenfold;Scream;;;;;;;;;;;1;;284734
drumeo;Avenged Sevenfold;Lost;;;;;;;;;;;1;;373800
drumeo;Avenged Sevenfold;Acid Rain;;;;;;;;;;;1;;284736
drumeo;Avenged Sevenfold;Unholy Confessions;;;;;;;;;;;1;;264279
drumeo;Avenged Sevenfold;I Won't See You Tonight, Pt. 1;;;;;;;;;;;1;;284744
drumeo;Avenged Sevenfold;Seize The Day;;;;;;;;;;;1;;278909
drumeo;Avenged Sevenfold;Welcome To The Family;;;;;;;;;;;1;;291216
drumeo;Avenged Sevenfold;Nightmare;;;;;;;;;;;1;;284742
drumeo;Avenged Sevenfold;Afterlife;;;;;;;;;;;1;;231595
drumeo;Avenged Sevenfold;Brompton Cocktail;;;;;;;;;;;1;;373796
drumeo;Avenged Sevenfold;Gunslinger;;;;;;;;;;;1;;373798
drumeo;Avenged Sevenfold;Chapter Four;;;;;;;;;;;1;;278911
drumeo;Avenged Sevenfold;Dear God;;;;;;;;;;;1;;284732
drumeo;Avenged Sevenfold;I Won't See You Tonight, Pt. 2;;;;;;;;;;;1;;284746
drumeo;Avenged Sevenfold;Fiction;;;;;;;;;;;1;;284740
drumeo;Avenged Sevenfold;Danger Line;;;;;;;;;;;1;;284738
drumeo;Avenged Sevenfold;Shepherd Of Fire;;;;;;;;;;;1;;364655
drumeo;Avenged Sevenfold;A Little Piece Of Heaven;;;;;;;;;;;1;;284730
drumeo;Avenged Sevenfold;Beast And The Harlot;;;;;;;;;;;1;;373804
drumeo;Avenged Sevenfold;Hail To The King;;;;;;;;;;;1;;270343
drumeo;Avenged Sevenfold;Almost Easy;;;;;;;;;;;1;;278905
drumeo;Avenged Sevenfold;So Far Away;;;;;;;;;;;1;;264277
drumeo;Avenged Sevenfold;God Damn;;;;;;;;;;;1;;328159
drumeo;Avril Lavigne;Bois Lie;;;;;;;;;;;1;;374529
drumeo;Avril Lavigne;Sk8er Boi;;;;;;;;;;;1;;314503
drumeo;B.B. King;Please Send Me Someone To Love;;;;;;;;;;;1;;278913
drumeo;B.B. King;Rock Me Baby;;;;;;;;;;;1;;270347
drumeo;B.B. King;Eyesight To The Blind;;;;;;;;;;;1;;270349
drumeo;B.B. King;The Thrill Is Gone;;;;;;;;;;;1;;260310
drumeo;B.B. King;Lucille;;;;;;;;;;;1;;270345
drumeo;B.o.B.;Nothin' On You;;;;;;;;;;;1;;284750
drumeo;B.o.B.;Airplanes;;;;;;;;;;;1;;284748
drumeo;Bachman-Turner Overdrive;Takin' Care Of Business;;;;;;;;;;;1;;264281
drumeo;Backstreet Boys;Everybody (Backstreet's Back);;;;;;;;;;;1;;270351
drumeo;Backstreet Boys;I Want It That Way;;;;;;;;;;;1;;270353
drumeo;Bad Brains;Sailin' On;;;;;;;;;;;1;;278915
drumeo;Bad Company;Rock Steady;;;;;;;;;;;1;;275374
drumeo;Bad Company;Bad Company;;;;;;;;;;;1;;275372
drumeo;Bad Company;Can't Get Enough;;;;;;;;;;;1;;264283
drumeo;Bad Religion;Los Angeles Is Burning;;;;;;;;;;;1;;374532
drumeo;BADBADNOTGOOD;Triangle;;;;;;;;;;;1;;284752
drumeo;Badfinger;No Matter What;;;;;;;;;;;1;;264285
drumeo;Baha Men;Who Let The Dogs Out;;;;;;;;;;;1;;371158
drumeo;Barbra Streisand;Guilty;;;;;;;;;;;1;;278917
drumeo;Barenaked Ladies;You Run Away;;;;;;;;;;;1;;284754
drumeo;Barenaked Ladies;If I Had $1,000,000;;;;;;;;;;;1;;278919
drumeo;Barenaked Ladies;One Week;;;;;;;;;;;1;;270355
drumeo;Barenaked Ladies;The Old Apartment;;;;;;;;;;;1;;264287
drumeo;Baroness;Shock Me;;;;;;;;;;;1;;284756
drumeo;Barrett Strong;Money (That's What I Want);;;;;;;;;;;1;;278921
drumeo;Barry White;Never Never Gonna Give Ya Up;;;;;;;;;;;1;;337407
drumeo;Bastille;Pompeii;;;;;;;;;;;1;;278923
drumeo;Beastie Boys;Fight For Your Right;;;;;;;;;;;1;;264289
drumeo;Beastie Boys;Sabotage;;;;;;;;;;;1;;302629
drumeo;Beck;Loser;;;;;;;;;;;1;;275376
drumeo;Bee Gees;Alone;;;;;;;;;;;1;;265086
drumeo;Bee Gees;Night Fever;;;;;;;;;;;1;;264293
drumeo;Bee Gees;Stayin' Alive;;;;;;;;;;;1;;203872
drumeo;Bell Biv DeVoe;Poison;;;;;;;;;;;1;;344719
drumeo;Bellevue Suite;Burn;;;;;;;;;;;1;;337854
drumeo;Bellevue Suite;Somewhere Along The Way;;;;;;;;;;;1;;337858
drumeo;Bellevue Suite;For The Love Of God;;;;;;;;;;;1;;337856
drumeo;Ben Folds Five;Song For The Dumped;;;;;;;;;;;1;;375191
drumeo;Ben Sidran;Seven Steps To Heaven;;;;;;;;;;;1;;295632
drumeo;Benny Goodman;Sing, Sing, Sing;;;;;;;;;;;1;;23657
drumeo;Benny Goodman;One O'Clock Jump;;;;;;;;;;;1;;346197
drumeo;Benny Greb;Grebfruit;;;;;;;;;;;1;;291218
drumeo;Bernard Purdie;Soul Drums;;;;;;;;;;;1;;360023
drumeo;Bethel Music;No Longer Slaves;;;;;;;;;;;1;;291222
drumeo;Bethel Music;Forever;;;;;;;;;;;1;;291220
drumeo;Bethel Music;You Make Me Brave;;;;;;;;;;;1;;291226
drumeo;Bethel Music;It Is Well;;;;;;;;;;;1;;291224
drumeo;Bethel Music;Extravagant;;;;;;;;;;;1;;315881
drumeo;Beyoncé;Crazy In Love;;;;;;;;;;;1;;278925
drumeo;Biffy Clyro;Mountains;;;;;;;;;;;1;;264295
drumeo;Big & Rich;Save A Horse (Ride A Cowboy);;;;;;;;;;;1;;275380
drumeo;Big Bad Voodoo Daddy;Save My Soul;;;;;;;;;;;1;;346199
drumeo;Big Country;In A Big Country;;;;;;;;;;;1;;317230
drumeo;Big Country;Fields Of Fire;;;;;;;;;;;1;;374537
drumeo;Big Joe Turner;Corrine Corrina;;;;;;;;;;;1;;294507
drumeo;Big Star;My Life Is Right;;;;;;;;;;;1;;364658
drumeo;Big Time Rush;Elevate;;;;;;;;;;;1;;364660
drumeo;Bikini Kill;Rebel Girl;;;;;;;;;;;1;;294790
drumeo;Bilal;Soul Sista;;;;;;;;;;;1;;278927
drumeo;Bill Bruford;Either End Of August;;;;;;;;;;;1;;359988
drumeo;Bill Bruford's Earthworks;Triplicity;;;;;;;;;;;1;;362426
drumeo;Bill Withers;Lean On Me;;;;;;;;;;;1;;284758
drumeo;Bill Withers;Lovely Day;;;;;;;;;;;1;;264297
drumeo;Bill Withers;Use Me;;;;;;;;;;;1;;375193
drumeo;Bill Withers;Making Love To Your Mind;;;;;;;;;;;1;;371171
drumeo;Billie Eilish;Happier Than Ever;;;;;;;;;;;1;;356071
drumeo;Billie Eilish;No Time To Die;;;;;;;;;;;1;;356073
drumeo;Billie Eilish;Bad Guy;;;;;;;;;;;1;;291230
drumeo;Billie Eilish;My Future;;;;;;;;;;;1;;291228
drumeo;Billy Cobham;Spectrum;;;;;;;;;;;1;;270361
drumeo;Billy Cobham;Searching For The Right Door;;;;;;;;;;;1;;270359
drumeo;Billy Idol;Rebel Yell;;;;;;;;;;;1;;284760
drumeo;Billy Idol;White Wedding, Part 1;;;;;;;;;;;1;;264299
drumeo;Billy Idol;Dancing With Myself;;;;;;;;;;;1;;278929
drumeo;Billy Joel;Don't Ask Me Why;;;;;;;;;;;1;;270363
drumeo;Billy Joel;My Life;;;;;;;;;;;1;;264301
drumeo;Billy Joel;You May Be Right;;;;;;;;;;;1;;270365
drumeo;Billy Joel;Piano Man;;;;;;;;;;;1;;275382
drumeo;Billy Joel;Sometimes A Fantasy;;;;;;;;;;;1;;264303
drumeo;Billy Joel;New York State Of Mind;;;;;;;;;;;1;;260313
drumeo;Billy Ray Cyrus;Achy Breaky Heart;;;;;;;;;;;1;;275384
drumeo;Billy Squier;The Stroke;;;;;;;;;;;1;;270367
drumeo;Billy Talent;Surrender;;;;;;;;;;;1;;278931
drumeo;Billy Talent;Red Flag;;;;;;;;;;;1;;270371
drumeo;Billy Talent;Try Honesty;;;;;;;;;;;1;;270369
drumeo;Biohazard;Punishment;;;;;;;;;;;1;;374539
drumeo;Black Flag;My War;;;;;;;;;;;1;;278933
drumeo;Black Pumas;Colors;;;;;;;;;;;1;;337404
drumeo;Black Sabbath;Rat Salad;;;;;;;;;;;1;;330367
drumeo;Black Sabbath;Lord Of This World;;;;;;;;;;;1;;330344
drumeo;Black Sabbath;Under The Sun;;;;;;;;;;;1;;330360
drumeo;Black Sabbath;Wheels Of Confusion;;;;;;;;;;;1;;330362
drumeo;Black Sabbath;Into The Void;;;;;;;;;;;1;;330037
drumeo;Black Sabbath;The Mob Rules;;;;;;;;;;;1;;291232
drumeo;Black Sabbath;Children Of The Grave;;;;;;;;;;;1;;278941
drumeo;Black Sabbath;Iron Man;;;;;;;;;;;1;;275386
drumeo;Black Sabbath;Paranoid;;;;;;;;;;;1;;264305
drumeo;Black Sabbath;Snowblind;;;;;;;;;;;1;;330348
drumeo;Black Sabbath;The Wizard;;;;;;;;;;;1;;326646
drumeo;Black Sabbath;Black Sabbath;;;;;;;;;;;1;;278935
drumeo;Black Sabbath;Symptom Of The Universe;;;;;;;;;;;1;;375195
drumeo;Black Sabbath;Fairies Wear Boots;;;;;;;;;;;1;;278943
drumeo;Black Sabbath;End Of The Beginning;;;;;;;;;;;1;;284762
drumeo;Black Sabbath;Hand Of Doom;;;;;;;;;;;1;;284766
drumeo;Black Sabbath;War Pigs;;;;;;;;;;;1;;291236
drumeo;Black Sabbath;Tomorrow's Dreams;;;;;;;;;;;1;;330355
drumeo;Black Sabbath;Sweet Leaf;;;;;;;;;;;1;;278939
drumeo;Black Sabbath;St. Vitus Dance;;;;;;;;;;;1;;330350
drumeo;Black Sabbath;Supernaut;;;;;;;;;;;1;;330352
drumeo;Black Sabbath;Electric Funeral;;;;;;;;;;;1;;330364
drumeo;Black Sabbath;After Forever;;;;;;;;;;;1;;278937
drumeo;Black Sabbath;Cornucopia;;;;;;;;;;;1;;330346
drumeo;Black Sabbath;Sabbath Bloody Sabbath;;;;;;;;;;;1;;284768
drumeo;Black Sabbath;Planet Caravan;;;;;;;;;;;1;;278945
drumeo;Black Sabbath;Turn Up The Night;;;;;;;;;;;1;;291234
drumeo;Blackmail;U Sound;;;;;;;;;;;1;;376542
drumeo;Blink-182;Reckless Abandon;;;;;;;;;;;1;;327342
drumeo;Blink-182;Rabbit Hole;;;;;;;;;;;1;;327123
drumeo;Blink-182;Adam's Song;;;;;;;;;;;1;;260315
drumeo;Blink-182;The Only Thing That Matters;;;;;;;;;;;1;;327134
drumeo;Blink-182;Mutt;;;;;;;;;;;1;;327154
drumeo;Blink-182;Dumpweed;;;;;;;;;;;1;;275390
drumeo;Blink-182;Love Is Dangerous;;;;;;;;;;;1;;327149
drumeo;Blink-182;Left Alone;;;;;;;;;;;1;;327117
drumeo;Blink-182;Feeling This;;;;;;;;;;;1;;275388
drumeo;Blink-182;The Party Song;;;;;;;;;;;1;;327157
drumeo;Blink-182;This Is Home;;;;;;;;;;;1;;327175
drumeo;Blink-182;Bored To Death;;;;;;;;;;;1;;327108
drumeo;Blink-182;I Miss You;;;;;;;;;;;1;;326648
drumeo;Blink-182;Anthem Part Two;;;;;;;;;;;1;;327329
drumeo;Blink-182;Happy Holidays, You Bastard;;;;;;;;;;;1;;327335
drumeo;Blink-182;After Midnight;;;;;;;;;;;1;;327132
drumeo;Blink-182;Give Me One Good Reason;;;;;;;;;;;1;;327333
drumeo;Blink-182;Dysentery Gary;;;;;;;;;;;1;;327152
drumeo;Blink-182;Kings Of The Weekend;;;;;;;;;;;1;;327115
drumeo;Blink-182;Brohemian Rhapsody;;;;;;;;;;;1;;327106
drumeo;Blink-182;Teenage Satellites;;;;;;;;;;;1;;327130
drumeo;Blink-182;Don't Leave Me;;;;;;;;;;;1;;327147
drumeo;Blink-182;Kaleidoscope;;;;;;;;;;;1;;327145
drumeo;Blink-182;Online Songs;;;;;;;;;;;1;;327338
drumeo;Blink-182;All The Small Things;;;;;;;;;;;1;;20249
drumeo;Blink-182;MH 4.18.2011;;;;;;;;;;;1;;327171
drumeo;Blink-182;Please Take Me Home;;;;;;;;;;;1;;327340
drumeo;Blink-182;Built This Pool;;;;;;;;;;;1;;327110
drumeo;Blink-182;Aliens Exist;;;;;;;;;;;1;;327139
drumeo;Blink-182;California;;;;;;;;;;;1;;278947
drumeo;Blink-182;Heart's All Gone;;;;;;;;;;;1;;327142
drumeo;Blink-182;Wishing Well;;;;;;;;;;;1;;327179
drumeo;Blink-182;Anthem;;;;;;;;;;;1;;327144
drumeo;Blink-182;Stay Together For The Kids;;;;;;;;;;;1;;327348
drumeo;Blink-182;Up All Night;;;;;;;;;;;1;;327177
drumeo;Blink-182;Ghosts On The Dance Floor;;;;;;;;;;;1;;327137
drumeo;Blink-182;Natives;;;;;;;;;;;1;;327173
drumeo;Blink-182;Home Is Such A Lonely Place;;;;;;;;;;;1;;291242
drumeo;Blink-182;Roaller Coaster;;;;;;;;;;;1;;327344
drumeo;Blink-182;She's Out Of Her Mind;;;;;;;;;;;1;;278949
drumeo;Blink-182;Everytime I Look For You;;;;;;;;;;;1;;327331
drumeo;Blink-182;Stockholm Syndrome;;;;;;;;;;;1;;291240
drumeo;Blink-182;Going Away To College;;;;;;;;;;;1;;275392
drumeo;Blink-182;Story Of A Lonely Guy;;;;;;;;;;;1;;327350
drumeo;Blink-182;Dammit;;;;;;;;;;;1;;328161
drumeo;Blink-182;Down;;;;;;;;;;;1;;373806
drumeo;Blink-182;Always;;;;;;;;;;;1;;291238
drumeo;Blink-182;San Diego;;;;;;;;;;;1;;327126
drumeo;Blink-182;What's My Age Again?;;;;;;;;;;;1;;327161
drumeo;Blink-182;Cynical;;;;;;;;;;;1;;327113
drumeo;Blink-182;Shut Up;;;;;;;;;;;1;;327346
drumeo;Blink-182;No Future;;;;;;;;;;;1;;327121
drumeo;Blink-182;Los Angeles;;;;;;;;;;;1;;327119
drumeo;Blink-182;Wendy Clear;;;;;;;;;;;1;;327159
drumeo;Blink-182;First Date;;;;;;;;;;;1;;25244
drumeo;Blink-182;The Rock Show;;;;;;;;;;;1;;234250
drumeo;Blink-182;Sober;;;;;;;;;;;1;;327128
drumeo;Blondie;Call Me;;;;;;;;;;;1;;309147
drumeo;Blondie;One Way Or Another;;;;;;;;;;;1;;352688
drumeo;Blondie;Heart Of Glass;;;;;;;;;;;1;;291244
drumeo;Bloodhound Gang;Foxtrot Uniform Charlie Kilo;;;;;;;;;;;1;;328163
drumeo;Bloodywood;Dana-Dan;;;;;;;;;;;1;;374541
drumeo;Blue Öyster Cult;(Don't Fear) The Reaper;;;;;;;;;;;1;;305649
drumeo;Blur;Parklife;;;;;;;;;;;1;;309149
drumeo;Blur;Song 2;;;;;;;;;;;1;;314505
drumeo;Bo Diddley;My Babe;;;;;;;;;;;1;;270373
drumeo;Bob & Doug McKenzie;Take Off;;;;;;;;;;;1;;375647
drumeo;Bob Dylan;Like A Rolling Stone;;;;;;;;;;;1;;278951
drumeo;Bob Dylan;Knockin' On Heaven's Door;;;;;;;;;;;1;;275394
drumeo;Bob Marley & The Wailers;I Shot The Sheriff;;;;;;;;;;;1;;331551
drumeo;Bob Marley & The Wailers;Punky Reggae Party;;;;;;;;;;;1;;331563
drumeo;Bob Marley & The Wailers;Exodus;;;;;;;;;;;1;;331558
drumeo;Bob Marley & The Wailers;Stir It Up;;;;;;;;;;;1;;264309
drumeo;Bob Marley & The Wailers;One Drop;;;;;;;;;;;1;;260323
drumeo;Bob Marley & The Wailers;So Much Trouble In The World;;;;;;;;;;;1;;331577
drumeo;Bob Marley & The Wailers;No Woman, No Cry;;;;;;;;;;;1;;331573
drumeo;Bob Marley & The Wailers;Could You Be Loved;;;;;;;;;;;1;;260321
drumeo;Bob Marley & The Wailers;Three Little Birds;;;;;;;;;;;1;;331565
drumeo;Bob Marley & The Wailers;Concrete Jungle;;;;;;;;;;;1;;331553
drumeo;Bob Marley & The Wailers;Is This Love;;;;;;;;;;;1;;331569
drumeo;Bob Marley & The Wailers;Satisfy My Soul;;;;;;;;;;;1;;331571
drumeo;Bob Marley & The Wailers;War;;;;;;;;;;;1;;331575
drumeo;Bob Marley & The Wailers;One Love/People Get Ready;;;;;;;;;;;1;;331561
drumeo;Bob Marley & The Wailers;Get Up Stand Up;;;;;;;;;;;1;;331549
drumeo;Bob Marley & The Wailers;Coming In From The Cold;;;;;;;;;;;1;;331579
drumeo;Bob Marley & The Wailers;Buffalo Soldier;;;;;;;;;;;1;;331555
drumeo;Bob Marley & The Wailers;Jamming;;;;;;;;;;;1;;264307
drumeo;Bob Marley & The Wailers;Waiting In Vain;;;;;;;;;;;1;;331567
drumeo;Bob Seger;Night Moves;;;;;;;;;;;1;;264311
drumeo;Bob Seger;Old Time Rock & Roll;;;;;;;;;;;1;;260325
drumeo;Bob Seger;Sunspot Baby;;;;;;;;;;;1;;344722
drumeo;Bokassa;So Long, Idiots!;;;;;;;;;;;1;;364663
drumeo;Bon Iver;8 (circle);;;;;;;;;;;1;;260327
drumeo;Bon Iver;33 "GOD";;;;;;;;;;;1;;270375
drumeo;Bon Iver;Holocene;;;;;;;;;;;1;;270377
drumeo;Bon Iver;Perth;;;;;;;;;;;1;;260329
drumeo;Bon Jovi;Captain Crash & The Beauty Queen From Mars;;;;;;;;;;;1;;321981
drumeo;Bon Jovi;Raise Your Hands;;;;;;;;;;;1;;284774
drumeo;Bon Jovi;Women In Love;;;;;;;;;;;1;;322031
drumeo;Bon Jovi;You Give Love A Bad Name;;;;;;;;;;;1;;260332
drumeo;Bon Jovi;Say It Isn't So;;;;;;;;;;;1;;322003
drumeo;Bon Jovi;I'll Be There For You;;;;;;;;;;;1;;275398
drumeo;Bon Jovi;Keep The Faith;;;;;;;;;;;1;;278955
drumeo;Bon Jovi;Social Disease;;;;;;;;;;;1;;322163
drumeo;Bon Jovi;In And Out Of Love;;;;;;;;;;;1;;321929
drumeo;Bon Jovi;Only Lonely;;;;;;;;;;;1;;321934
drumeo;Bon Jovi;Always;;;;;;;;;;;1;;278953
drumeo;Bon Jovi;I'll Sleep When I'm Dead;;;;;;;;;;;1;;322024
drumeo;Bon Jovi;She Don't Know Me;;;;;;;;;;;1;;321976
drumeo;Bon Jovi;Hey God;;;;;;;;;;;1;;284776
drumeo;Bon Jovi;Mystery Train;;;;;;;;;;;1;;321992
drumeo;Bon Jovi;(It's Hard) Letting You Go;;;;;;;;;;;1;;322172
drumeo;Bon Jovi;She's A Mystery;;;;;;;;;;;1;;322005
drumeo;Bon Jovi;Secret Dreams;;;;;;;;;;;1;;321944
drumeo;Bon Jovi;The Hardest Part Is The Night;;;;;;;;;;;1;;321949
drumeo;Bon Jovi;Dry County;;;;;;;;;;;1;;284770
drumeo;Bon Jovi;Blood On Blood;;;;;;;;;;;1;;291246
drumeo;Bon Jovi;Just Older;;;;;;;;;;;1;;321990
drumeo;Bon Jovi;We Weren't Born To Follow;;;;;;;;;;;1;;324386
drumeo;Bon Jovi;My Guitar Lies Bleeding in My Arms;;;;;;;;;;;1;;322186
drumeo;Bon Jovi;Wanted Dead Or Alive;;;;;;;;;;;1;;278961
drumeo;Bon Jovi;Fear;;;;;;;;;;;1;;322013
drumeo;Bon Jovi;I Believe;;;;;;;;;;;1;;322016
drumeo;Bon Jovi;Thank You For Loving Me;;;;;;;;;;;1;;322007
drumeo;Bon Jovi;Shot Through The Heart;;;;;;;;;;;1;;321979
drumeo;Bon Jovi;Save The World;;;;;;;;;;;1;;322000
drumeo;Bon Jovi;Never Say Goodbye;;;;;;;;;;;1;;322161
drumeo;Bon Jovi;If That's What It Takes;;;;;;;;;;;1;;322182
drumeo;Bon Jovi;Without Love;;;;;;;;;;;1;;322168
drumeo;Bon Jovi;Come Back;;;;;;;;;;;1;;321967
drumeo;Bon Jovi;Get Ready;;;;;;;;;;;1;;321969
drumeo;Bon Jovi;Damned;;;;;;;;;;;1;;322174
drumeo;Bon Jovi;Hearts Breaking Even;;;;;;;;;;;1;;322180
drumeo;Bon Jovi;This Ain't A Love Song;;;;;;;;;;;1;;322194
drumeo;Bon Jovi;Let It Rock;;;;;;;;;;;1;;322158
drumeo;Bon Jovi;Two Story Town;;;;;;;;;;;1;;322009
drumeo;Bon Jovi;Runaway;;;;;;;;;;;1;;264317
drumeo;Bon Jovi;Breakout;;;;;;;;;;;1;;321960
drumeo;Bon Jovi;Always Run To You;;;;;;;;;;;1;;321927
drumeo;Bon Jovi;I Want You;;;;;;;;;;;1;;322018
drumeo;Bon Jovi;It's My Life;;;;;;;;;;;1;;264315
drumeo;Bon Jovi;Next 100 Years;;;;;;;;;;;1;;321994
drumeo;Bon Jovi;Something For The Pain;;;;;;;;;;;1;;322188
drumeo;Bon Jovi;Burning For Love;;;;;;;;;;;1;;321965
drumeo;Bon Jovi;Have A Nice Day;;;;;;;;;;;1;;264313
drumeo;Bon Jovi;I'D Die For You;;;;;;;;;;;1;;284772
drumeo;Bon Jovi;Tokyo Road;;;;;;;;;;;1;;321958
drumeo;Bon Jovi;In These Arms;;;;;;;;;;;1;;322027
drumeo;Bon Jovi;I Got The Girl;;;;;;;;;;;1;;321988
drumeo;Bon Jovi;Livin' On A Prayer;;;;;;;;;;;1;;26195
drumeo;Bon Jovi;Neurotica;;;;;;;;;;;1;;321996
drumeo;Bon Jovi;These Days;;;;;;;;;;;1;;322192
drumeo;Bon Jovi;I Could Make A Living Out of Lovin' You;;;;;;;;;;;1;;321984
drumeo;Bon Jovi;Living In Sin;;;;;;;;;;;1;;322066
drumeo;Bon Jovi;Wild In The Streets;;;;;;;;;;;1;;322166
drumeo;Bon Jovi;To The Fire;;;;;;;;;;;1;;321954
drumeo;Bon Jovi;Love Lies;;;;;;;;;;;1;;321972
drumeo;Bon Jovi;One Wild Night;;;;;;;;;;;1;;321998
drumeo;Bon Jovi;Silent Night;;;;;;;;;;;1;;321946
drumeo;Bon Jovi;King Of The Mountain;;;;;;;;;;;1;;321932
drumeo;Bon Jovi;Lost Highway;;;;;;;;;;;1;;278957
drumeo;Bon Jovi;Something To Believe In;;;;;;;;;;;1;;322190
drumeo;Bon Jovi;Blame It On The Love Of Rock & Roll;;;;;;;;;;;1;;322011
drumeo;Bon Jovi;Wild Is The Wind;;;;;;;;;;;1;;322079
drumeo;Bon Jovi;Born To Be My Baby;;;;;;;;;;;1;;322060
drumeo;Bon Jovi;Homebound Train;;;;;;;;;;;1;;322062
drumeo;Bon Jovi;The Price Of Love;;;;;;;;;;;1;;321951
drumeo;Bon Jovi;Love For Sale;;;;;;;;;;;1;;322068
drumeo;Bon Jovi;Little Bit Of Soul;;;;;;;;;;;1;;322029
drumeo;Bon Jovi;Roulette;;;;;;;;;;;1;;321974
drumeo;Bon Jovi;Bad Medicine;;;;;;;;;;;1;;322058
drumeo;Bon Jovi;Bed Of Roses;;;;;;;;;;;1;;275396
drumeo;Bon Jovi;Stick To Your Guns;;;;;;;;;;;1;;322070
drumeo;Bon Jovi;99 In The Shade;;;;;;;;;;;1;;322032
drumeo;Bon Jovi;If I Was Your Mother;;;;;;;;;;;1;;322020
drumeo;Bon Jovi;Diamond Ring;;;;;;;;;;;1;;322176
drumeo;Bon Jovi;Lay Your Hands On Me;;;;;;;;;;;1;;278959
drumeo;Bon Jovi;Lie To Me;;;;;;;;;;;1;;322184
drumeo;Bonnie Tyler;Holding Out For A Hero;;;;;;;;;;;1;;362428
drumeo;Booker T. & The M.G.'s;Doin' Our Thing;;;;;;;;;;;1;;284778
drumeo;Booker T. & The M.G.'s;Green Onions;;;;;;;;;;;1;;270379
drumeo;Booker T. & The M.G.'s;One Mint Julep;;;;;;;;;;;1;;278963
drumeo;Boston;Rock & Roll Band;;;;;;;;;;;1;;302631
drumeo;Boston;More Than A Feeling;;;;;;;;;;;1;;214898
drumeo;Boston;Amanda;;;;;;;;;;;1;;270383
drumeo;Boston;Don't Look Back;;;;;;;;;;;1;;275402
drumeo;Boston;Let Me Take You Home Tonight;;;;;;;;;;;1;;275400
drumeo;Boston;Smokin';;;;;;;;;;;1;;278965
drumeo;Boston;A Man I'll Never Be;;;;;;;;;;;1;;278967
drumeo;Boston;Peace Of Mind;;;;;;;;;;;1;;270381
drumeo;Boston;Foreplay/Longtime;;;;;;;;;;;1;;331182
drumeo;Boz Scaggs;I Don't Hear You;;;;;;;;;;;1;;295194
drumeo;Boz Scaggs;Lowdown;;;;;;;;;;;1;;295196
drumeo;Boz Scaggs;Lido Shuffle;;;;;;;;;;;1;;278969
drumeo;Brad Mehldau;Striving After Wind;;;;;;;;;;;1;;376591
drumeo;Bradley Cooper;Black Eyes;;;;;;;;;;;1;;291248
drumeo;Brand X;Nuclear Burn;;;;;;;;;;;1;;340090
drumeo;Breaking Benjamin;Breath;;;;;;;;;;;1;;314507
drumeo;Breaking Benjamin;I Will Not Bow;;;;;;;;;;;1;;275404
drumeo;Breaking Benjamin;The Diary Of Jane;;;;;;;;;;;1;;231622
drumeo;Breaking Benjamin;Never Again;;;;;;;;;;;1;;270387
drumeo;Breaking Benjamin;Dance With The Devil;;;;;;;;;;;1;;270389
drumeo;Breaking Benjamin;You;;;;;;;;;;;1;;275406
drumeo;Breaking Benjamin;Until The End;;;;;;;;;;;1;;284782
drumeo;Breaking Benjamin;What Lies Beneath;;;;;;;;;;;1;;278973
drumeo;Breaking Benjamin;Failure;;;;;;;;;;;1;;278971
drumeo;Breaking Benjamin;Angels Fall;;;;;;;;;;;1;;270385
drumeo;Breaking Benjamin;Give Me A Sign;;;;;;;;;;;1;;284780
drumeo;Brecker Brothers;Some Skunk Funk;;;;;;;;;;;1;;352736
drumeo;Brett Young;In Case You Didn't Know;;;;;;;;;;;1;;278975
drumeo;Brian Wilson;Live Let Live/That Lucky Old Sun (Reprise);;;;;;;;;;;1;;298363
drumeo;Brian Wilson;Oxygen To The Brain;;;;;;;;;;;1;;298372
drumeo;Brian Wilson;Forever She'll Be My Surfer Girl;;;;;;;;;;;1;;298357
drumeo;Brian Wilson;Going Home;;;;;;;;;;;1;;298359
drumeo;Brian Wilson;Live Let Live/That Lucky Old Sun (Reprise);;;;;;;;;;;1;;298363
drumeo;Brian Wilson;Mexican Girl;;;;;;;;;;;1;;298366
drumeo;Brian Wilson;Narrative: Cinco De Mayo;;;;;;;;;;;1;;298370
drumeo;Brian Wilson;Morning Beat;;;;;;;;;;;1;;298368
drumeo;Brian Wilson;Can't Wait Too Long;;;;;;;;;;;1;;298355
drumeo;Brian Wilson;Good Kind Of Love;;;;;;;;;;;1;;298361
drumeo;Bring Me The Horizon;Sleepwalking;;;;;;;;;;;1;;275410
drumeo;Bring Me The Horizon;Avalanche;;;;;;;;;;;1;;284784
drumeo;Bring Me The Horizon;Can You Feel My Heart;;;;;;;;;;;1;;275408
drumeo;Bring Me The Horizon;Mantra;;;;;;;;;;;1;;278977
drumeo;Bring Me The Horizon;Shadow Moses;;;;;;;;;;;1;;278979
drumeo;Brooks & Dunn;Boot Scootin' Boogie;;;;;;;;;;;1;;275412
drumeo;Brooks & Dunn;Neon Moon;;;;;;;;;;;1;;275414
drumeo;Brooks & Dunn;Next Broken Heart;;;;;;;;;;;1;;284786
drumeo;Bruce Springsteen;I'm On Fire;;;;;;;;;;;1;;278983
drumeo;Bruce Springsteen;Santa Claus Is Comin' To Town;;;;;;;;;;;1;;275418
drumeo;Bruce Springsteen;Born In The U.S.A;;;;;;;;;;;1;;278981
drumeo;Bruce Springsteen;The Promised Land;;;;;;;;;;;1;;284788
drumeo;Bruce Springsteen;Radio Nowhere;;;;;;;;;;;1;;364665
drumeo;Bruce Springsteen;Tougher Than The Rest;;;;;;;;;;;1;;291250
drumeo;Bruce Springsteen;My Hometown;;;;;;;;;;;1;;264319
drumeo;Bruce Springsteen;No Surrender;;;;;;;;;;;1;;374547
drumeo;Bruce Springsteen;Born To Run;;;;;;;;;;;1;;294509
drumeo;Bruce Springsteen;Glory Days;;;;;;;;;;;1;;373808
drumeo;Bruce Springsteen;Darkness On The Edge Of Town;;;;;;;;;;;1;;270393
drumeo;Bruce Springsteen;Hungry Heart;;;;;;;;;;;1;;278985
drumeo;Bruce Springsteen;The River;;;;;;;;;;;1;;264321
drumeo;Bruce Springsteen;Dancing In The Dark;;;;;;;;;;;1;;270391
drumeo;Bruce Springsteen;Badlands;;;;;;;;;;;1;;275416
drumeo;Bruno Mars;Grenade;;;;;;;;;;;1;;275420
drumeo;Bruno Mars;That's What I Like;;;;;;;;;;;1;;375383
drumeo;Bruno Mars;Just The Way You Are;;;;;;;;;;;1;;264323
drumeo;Bruno Mars;Locked Out Of Heaven;;;;;;;;;;;1;;31104
drumeo;Bruno Mars;24K Magic;;;;;;;;;;;1;;374549
drumeo;Bruno Mars;The Lazy Song;;;;;;;;;;;1;;264325
drumeo;Bruno Mars;Finesse;;;;;;;;;;;1;;373810
drumeo;Bryan Adams;Cuts Like A Knife;;;;;;;;;;;1;;284790
drumeo;Bryan Adams;Summer Of '69;;;;;;;;;;;1;;31143
drumeo;Bryan Adams;Heaven;;;;;;;;;;;1;;260338
drumeo;BTS;Butter;;;;;;;;;;;1;;324736
drumeo;Buckcherry;Sorry;;;;;;;;;;;1;;284792
drumeo;Buddy Holly;Rave On!;;;;;;;;;;;1;;284794
drumeo;Buddy Rich Big Band;Caravan;;;;;;;;;;;1;;275422
drumeo;Buddy Rich Big Band;Love For Sale;;;;;;;;;;;1;;270395
drumeo;Buju Banton;Not An Easy Road;;;;;;;;;;;1;;291252
drumeo;Bullet For My Valentine;Scream Aim Fire;;;;;;;;;;;1;;284796
drumeo;Bullet For My Valentine;Tears Don't Fall;;;;;;;;;;;1;;270397
drumeo;Burning Spear;Red, Gold & Green;;;;;;;;;;;1;;284798
drumeo;Butthole Surfers;Pepper;;;;;;;;;;;1;;365649
drumeo;Byron Lee And The Dragonaires;Jamaica Ska;;;;;;;;;;;1;;291254
drumeo;Cactus;Evil;;;;;;;;;;;1;;356003
drumeo;Cage The Elephant;Ain't No Rest For The Wicked;;;;;;;;;;;1;;275424
drumeo;Cake;Short Skirt/Long Jacket;;;;;;;;;;;1;;344724
drumeo;Cameo;Word Up!;;;;;;;;;;;1;;317754
drumeo;Carl Douglas;Kung Fu Fighting;;;;;;;;;;;1;;275426
drumeo;Carl Perkins;Blue Suede Shoes;;;;;;;;;;;1;;278987
drumeo;Carrie Underwood;Two Black Cadillacs;;;;;;;;;;;1;;284800
drumeo;Carrie Underwood;Before He Cheats;;;;;;;;;;;1;;291256
drumeo;Carrie Underwood;Blown Away;;;;;;;;;;;1;;278989
drumeo;Casting Crowns;Glorious Day (Living He Loved Me);;;;;;;;;;;1;;270403
drumeo;Casting Crowns;Who Am I;;;;;;;;;;;1;;270399
drumeo;Casting Crowns;Lifesong;;;;;;;;;;;1;;270401
drumeo;Cee Lo Green And Daryl Hall;I Can't Go For That;;;;;;;;;;;1;;362430
drumeo;Celine Dion;It's All Coming Back To Me Now;;;;;;;;;;;1;;278993
drumeo;Celine Dion;My Heart Will Go On;;;;;;;;;;;1;;270405
drumeo;Celldweller;Eon;;;;;;;;;;;1;;375197
drumeo;Chaka Khan;Castles Made Of Sand;;;;;;;;;;;1;;347049
drumeo;Chaka Khan;Disrespectful;;;;;;;;;;;1;;347051
drumeo;Chaka Khan;You Belong To Me;;;;;;;;;;;1;;347056
drumeo;Chaka Khan;Angel;;;;;;;;;;;1;;347047
drumeo;Chaka Khan;One For All Time;;;;;;;;;;;1;;347054
drumeo;Charles Mingus;Nostalgia In Times Square;;;;;;;;;;;1;;328165
drumeo;Charlie Parker;Ornithology;;;;;;;;;;;1;;275428
drumeo;Charlie Puth;How Long;;;;;;;;;;;1;;291258
drumeo;Cheap Trick;The Flame;;;;;;;;;;;1;;278997
drumeo;Cheap Trick;Surrender;;;;;;;;;;;1;;275430
drumeo;Cheap Trick;I Want You To Want Me;;;;;;;;;;;1;;309151
drumeo;Chic;Le Freak;;;;;;;;;;;1;;278999
drumeo;Chicago;Make Me Smile;;;;;;;;;;;1;;302634
drumeo;Chicago;You're The Inspiration;;;;;;;;;;;1;;270409
drumeo;Chicago;I'm A Man;;;;;;;;;;;1;;365689
drumeo;Chicago;Ballet For A Girl In Buchannon;;;;;;;;;;;1;;374552
drumeo;Chicago;90 Degrees And Freezing;;;;;;;;;;;1;;279001
drumeo;Chicago;Introduction;;;;;;;;;;;1;;365691
drumeo;Chicago;Does Anybody Really Know What Time It Is?;;;;;;;;;;;1;;365687
drumeo;Chicago;Saturday In The Park;;;;;;;;;;;1;;365693
drumeo;Chicago;25 Or 6 To 4;;;;;;;;;;;1;;359993
drumeo;Chicago;Feeling Stronger Every Day;;;;;;;;;;;1;;365696
drumeo;Chick Corea;Samba Song;;;;;;;;;;;1;;295636
drumeo;Chick Corea;Nite Sprite;;;;;;;;;;;1;;295638
drumeo;Chick Corea;Lenore;;;;;;;;;;;1;;295634
drumeo;Chick Corea;Confirmation;;;;;;;;;;;1;;302636
drumeo;Chick Corea & Return To Forever;Spain;;;;;;;;;;;1;;299078
drumeo;Chick Corea Elektric Band;Little Things That Count;;;;;;;;;;;1;;270411
drumeo;Chick Corea Elektric Band;Illusions;;;;;;;;;;;1;;284802
drumeo;Chick Corea Elektric Band;One Of Us Is Over 40;;;;;;;;;;;1;;270413
drumeo;Chick Corea Elektric Band;Beneath The Mask;;;;;;;;;;;1;;264327
drumeo;Chick Corea Elektric Band II;Blue Miles;;;;;;;;;;;1;;264329
drumeo;Chick Webb And His Orchestra;Spinnin' The Webb;;;;;;;;;;;1;;346204
drumeo;Children Of Bodom;In Your Face;;;;;;;;;;;1;;328167
drumeo;CHON;Bubble Dream;;;;;;;;;;;1;;275432
drumeo;Chris Isaak;Wicked Game;;;;;;;;;;;1;;356015
drumeo;Chris Stapleton;Starting Over;;;;;;;;;;;1;;356075
drumeo;Chris Stapleton;Tennessee Whiskey;;;;;;;;;;;1;;279003
drumeo;Chris Tomlin;How Great Is Our God;;;;;;;;;;;1;;275434
drumeo;Chris Tomlin;At The Cross (Love Ran Red);;;;;;;;;;;1;;315887
drumeo;Chris Tomlin;Made To Worship;;;;;;;;;;;1;;315889
drumeo;Chris Tomlin;How Can I Keep From Singing;;;;;;;;;;;1;;270425
drumeo;Chris Tomlin;Whom Shall I Fear (God Of Angel Armies);;;;;;;;;;;1;;270417
drumeo;Chris Tomlin;God And God Alone;;;;;;;;;;;1;;284804
drumeo;Chris Tomlin;Indescribable;;;;;;;;;;;1;;315885
drumeo;Chris Tomlin;Your Grace Is Enough;;;;;;;;;;;1;;270415
drumeo;Chris Tomlin;Our God;;;;;;;;;;;1;;264333
drumeo;Chris Tomlin;I Will Follow;;;;;;;;;;;1;;279007
drumeo;Chris Tomlin;Good Good Father;;;;;;;;;;;1;;264331
drumeo;Chris Tomlin;I Will Rise;;;;;;;;;;;1;;270419
drumeo;Chris Tomlin;I Lift My Hands;;;;;;;;;;;1;;279005
drumeo;Chris Tomlin;Is He Worthy?;;;;;;;;;;;1;;279009
drumeo;Chris Tomlin;Jesus Messiah;;;;;;;;;;;1;;270421
drumeo;Chris Tomlin;Everlasting God;;;;;;;;;;;1;;270423
drumeo;Chris Tomlin;Holy Is The Lord;;;;;;;;;;;1;;315883
drumeo;Chris Tomlin;God Of This City;;;;;;;;;;;1;;275436
drumeo;Chris Tomlin;Not To Us;;;;;;;;;;;1;;284806
drumeo;Christina Aguilera;The Voice Within;;;;;;;;;;;1;;270427
drumeo;Christopher Cross;Sailing;;;;;;;;;;;1;;364667
drumeo;Chromeo;Hot Mess;;;;;;;;;;;1;;291260
drumeo;Chuck Berry;Maybellene;;;;;;;;;;;1;;377114
drumeo;Chuck Berry;Johnny B. Goode;;;;;;;;;;;1;;270429
drumeo;Chuck Brown & The Soul Searchers;Bustin' Loose;;;;;;;;;;;1;;275438
drumeo;Cinderella;Night Songs;;;;;;;;;;;1;;270431
drumeo;Cliff Richard;Devil Woman;;;;;;;;;;;1;;348728
drumeo;Clifford Brown & Max Roach;Daahoud;;;;;;;;;;;1;;279011
drumeo;Cody Carnes;Run To The Father;;;;;;;;;;;1;;275440
drumeo;Coheed And Cambria;The Pavilion (A Long Way Back);;;;;;;;;;;1;;294511
drumeo;Coheed And Cambria;The Suffering;;;;;;;;;;;1;;308034
drumeo;Coldplay;Paradise;;;;;;;;;;;1;;264337
drumeo;Coldplay;White Shadows;;;;;;;;;;;1;;275442
drumeo;Coldplay;The Scientist;;;;;;;;;;;1;;264339
drumeo;Coldplay;God Put A Smile Upon Your Face;;;;;;;;;;;1;;375385
drumeo;Coldplay;Higher Power;;;;;;;;;;;1;;356077
drumeo;Coldplay;Politik;;;;;;;;;;;1;;375387
drumeo;Coldplay;Hymn For The Weekend;;;;;;;;;;;1;;364669
drumeo;Coldplay;Twisted Logic;;;;;;;;;;;1;;284810
drumeo;Coldplay;Speed Of Sound;;;;;;;;;;;1;;279013
drumeo;Coldplay;Yellow;;;;;;;;;;;1;;232830
drumeo;Coldplay;Viva La Vida;;;;;;;;;;;1;;264341
drumeo;Coldplay;Fix You;;;;;;;;;;;1;;264335
drumeo;Coldplay;Cemeteries Of London;;;;;;;;;;;1;;284808
drumeo;Coldplay;Clocks;;;;;;;;;;;1;;234255
drumeo;Collective Soul;The World I Know;;;;;;;;;;;1;;291262
drumeo;Collective Soul;Where The River Flows;;;;;;;;;;;1;;234798
drumeo;Collective Soul;Shine;;;;;;;;;;;1;;291264
drumeo;Common;Go!;;;;;;;;;;;1;;364671
drumeo;Concrete Blonde;Joey;;;;;;;;;;;1;;275444
drumeo;Converge;I Can Tell You About Pain;;;;;;;;;;;1;;270433
drumeo;Coolio;Gangsta' Paradise;;;;;;;;;;;1;;270435
drumeo;Cory Asbury;Reckless Love;;;;;;;;;;;1;;291266
drumeo;Cory Asbury;The Father's House;;;;;;;;;;;1;;315891
drumeo;Count Basie;Front Burner;;;;;;;;;;;1;;270437
drumeo;Counting Crows;Mr. Jones;;;;;;;;;;;1;;291268
drumeo;Cream;White Room;;;;;;;;;;;1;;270441
drumeo;Cream;Sunshine Of Your Love;;;;;;;;;;;1;;302638
drumeo;Cream;Toad;;;;;;;;;;;1;;362433
drumeo;Cream;Strange Brew;;;;;;;;;;;1;;270439
drumeo;Creedence Clearwater Revival;Up Around The Bend;;;;;;;;;;;1;;270447
drumeo;Creedence Clearwater Revival;I Heard It Through The Grapevine;;;;;;;;;;;1;;331184
drumeo;Creedence Clearwater Revival;Long As I Can See The Light;;;;;;;;;;;1;;270443
drumeo;Creedence Clearwater Revival;Travelin' Band;;;;;;;;;;;1;;270445
drumeo;Creedence Clearwater Revival;Someday Never Comes;;;;;;;;;;;1;;270451
drumeo;Creedence Clearwater Revival;Bad Moon Rising;;;;;;;;;;;1;;264343
drumeo;Creedence Clearwater Revival;Lodi;;;;;;;;;;;1;;264347
drumeo;Creedence Clearwater Revival;Down On The Corner;;;;;;;;;;;1;;270453
drumeo;Creedence Clearwater Revival;Who'll Stop The Rain;;;;;;;;;;;1;;264349
drumeo;Creedence Clearwater Revival;Fortunate Son;;;;;;;;;;;1;;234794
drumeo;Creedence Clearwater Revival;Green River;;;;;;;;;;;1;;264345
drumeo;Creedence Clearwater Revival;Proud Mary;;;;;;;;;;;1;;31532
drumeo;Creedence Clearwater Revival;Have You Ever Seen The Rain;;;;;;;;;;;1;;260349
drumeo;Creedence Clearwater Revival;Run Through The Jungle;;;;;;;;;;;1;;275446
drumeo;Creedence Clearwater Revival;Commotion;;;;;;;;;;;1;;270449
drumeo;Crow;Evil Woman;;;;;;;;;;;1;;291270
drumeo;Crowbar;It's All In The Gravity;;;;;;;;;;;1;;349682
drumeo;Crowded House;Don't Dream It's Over;;;;;;;;;;;1;;356017
drumeo;Curtis Mayfield;Keep On Keeping On;;;;;;;;;;;1;;279017
drumeo;Curtis Mayfield;Super Fly;;;;;;;;;;;1;;317758
drumeo;Curtis Mayfield;Pusherman;;;;;;;;;;;1;;317756
drumeo;Curtis Mayfield;Move On Up;;;;;;;;;;;1;;279015
drumeo;Cutting Crew;(I Just) Died In Your Arms;;;;;;;;;;;1;;270455
drumeo;Cyndi Lauper;Time After Time;;;;;;;;;;;1;;279019
drumeo;Cyndi Lauper;Girls Just Want To Have Fun;;;;;;;;;;;1;;284812
drumeo;D'Angelo;Sugah Daddy;;;;;;;;;;;1;;291272
drumeo;D'Angelo;Send It On;;;;;;;;;;;1;;284814
drumeo;Daft Punk;Beyond;;;;;;;;;;;1;;284816
drumeo;Daft Punk;Lose Yourself To Dance;;;;;;;;;;;1;;260353
drumeo;Daft Punk;Get Lucky;;;;;;;;;;;1;;21350
drumeo;Dan + Shay;Speechless;;;;;;;;;;;1;;279021
drumeo;Dan + Shay;Obsessed;;;;;;;;;;;1;;270457
drumeo;Dan Marocco;Brooklyn Nine-Nine;;;;;;;;;;;1;;326651
drumeo;Dance Gavin Dance;Betrayed By The Game;;;;;;;;;;;1;;279023
drumeo;Dance Gavin Dance;One In A Million;;;;;;;;;;;1;;275448
drumeo;Daniel Powter;Bad Day;;;;;;;;;;;1;;284818
drumeo;Danzig;Mother;;;;;;;;;;;1;;356020
drumeo;Darius Rucker;Homegrown Honey;;;;;;;;;;;1;;24985
drumeo;DarWin;Forever;;;;;;;;;;;1;;357338
drumeo;Daughtry;Break The Spell;;;;;;;;;;;1;;270459
drumeo;Daughtry;Feels Like Tonight;;;;;;;;;;;1;;284820
drumeo;Daughtry;Renegade;;;;;;;;;;;1;;279025
drumeo;Daughtry;Home;;;;;;;;;;;1;;279027
drumeo;Daughtry;What About Now;;;;;;;;;;;1;;284822
drumeo;Daughtry;No Surprise;;;;;;;;;;;1;;279029
drumeo;Daughtry;September;;;;;;;;;;;1;;375391
drumeo;Daughtry;You Don't Belong;;;;;;;;;;;1;;375393
drumeo;Daughtry;Life After You;;;;;;;;;;;1;;375389
drumeo;Dave Brubeck Quartet;Take Five;;;;;;;;;;;1;;275452
drumeo;Dave Brubeck Quartet;Eleven Four;;;;;;;;;;;1;;275450
drumeo;Dave Matthews Band;Rapunzel;;;;;;;;;;;1;;275454
drumeo;Dave Matthews Band;Drive In, Drive Out;;;;;;;;;;;1;;231995
drumeo;Dave Matthews Band;Seven;;;;;;;;;;;1;;291274
drumeo;Dave Matthews Band;So Much To Say;;;;;;;;;;;1;;291280
drumeo;Dave Matthews Band;Where Are You Going;;;;;;;;;;;1;;291278
drumeo;Dave Matthews Band;Two Step;;;;;;;;;;;1;;305651
drumeo;Dave Matthews Band;Satellite;;;;;;;;;;;1;;284828
drumeo;Dave Matthews Band;What Would You Say;;;;;;;;;;;1;;291284
drumeo;Dave Matthews Band;Ants Marching;;;;;;;;;;;1;;291282
drumeo;Dave Matthews Band;Don't Drink The Water;;;;;;;;;;;1;;284824
drumeo;Dave Matthews Band;Why I Am;;;;;;;;;;;1;;291276
drumeo;Dave Matthews Band;Funny The Way It Is;;;;;;;;;;;1;;284826
drumeo;Dave Matthews Band;The Space Between;;;;;;;;;;;1;;279031
drumeo;Dave Swayze;Last Flight To Paris;;;;;;;;;;;1;;291286
drumeo;Dave Weckl;Hard-Wired;;;;;;;;;;;1;;270461
drumeo;David Benoit;Human Nature;;;;;;;;;;;1;;352690
drumeo;David Benoit;Shaken Not Stirred;;;;;;;;;;;1;;344726
drumeo;David Bowie;Young Americans;;;;;;;;;;;1;;371130
drumeo;David Bowie;Changes;;;;;;;;;;;1;;284832
drumeo;David Bowie;Lazarus;;;;;;;;;;;1;;231993
drumeo;David Bowie;Girl Loves Me;;;;;;;;;;;1;;376593
drumeo;David Bowie;Ashes To Ashes;;;;;;;;;;;1;;356022
drumeo;David Bowie;Blackstar;;;;;;;;;;;1;;284830
drumeo;David Bowie;Ziggy Stardust;;;;;;;;;;;1;;309153
drumeo;David Bowie;Rebel Rebel;;;;;;;;;;;1;;314509
drumeo;David Bowie;Heroes;;;;;;;;;;;1;;270463
drumeo;David Bowie;I'm Afraid Of Americans;;;;;;;;;;;1;;275456
drumeo;David Bowie;Golden Years;;;;;;;;;;;1;;326653
drumeo;David Bowie;Let's Dance;;;;;;;;;;;1;;284834
drumeo;David Bowie;Fame;;;;;;;;;;;1;;284836
drumeo;David Bowie;Look Back In Anger;;;;;;;;;;;1;;374554
drumeo;David Crowder Band;How He Loves Us;;;;;;;;;;;1;;315895
drumeo;David Crowder Band;Easter Hymn;;;;;;;;;;;1;;315893
drumeo;David Crowder Band;Come As You Are;;;;;;;;;;;1;;279033
drumeo;David Lee Murphy;Dust On The Bottle;;;;;;;;;;;1;;279035
drumeo;David Lee Roth;Just Like Paradise;;;;;;;;;;;1;;362472
drumeo;Dazz Band;Let It Whip;;;;;;;;;;;1;;317760
drumeo;Dead Kennedys;Police Truck;;;;;;;;;;;1;;291288
drumeo;Deadmau5;Faxing Berlin;;;;;;;;;;;1;;291290
drumeo;Deana Carter;Strawberry Wine;;;;;;;;;;;1;;279037
drumeo;Death;Perennial Quest;;;;;;;;;;;1;;294205
drumeo;Death;1,000 Eyes;;;;;;;;;;;1;;294185
drumeo;Death;Misanthrope;;;;;;;;;;;1;;294195
drumeo;Death;Without Judgement;;;;;;;;;;;1;;294213
drumeo;Death;Zero Tolerance;;;;;;;;;;;1;;294215
drumeo;Death;Empty Words;;;;;;;;;;;1;;294190
drumeo;Death;The Philosopher;;;;;;;;;;;1;;375860
drumeo;Death;Crystal Mountain;;;;;;;;;;;1;;294187
drumeo;Death;Symbolic;;;;;;;;;;;1;;294209
drumeo;Death;Sacred Serenity;;;;;;;;;;;1;;294207
drumeo;Death Cab For Cutie;Soul Meets Body;;;;;;;;;;;1;;284838
drumeo;Death Cab For Cutie;Grapevine Fires;;;;;;;;;;;1;;234796
drumeo;Deep Purple;Highway Star;;;;;;;;;;;1;;356024
drumeo;Deep Purple;Perfect Strangers;;;;;;;;;;;1;;275460
drumeo;Deep Purple;Fireball;;;;;;;;;;;1;;275458
drumeo;Deep Purple;Space Truckin';;;;;;;;;;;1;;362435
drumeo;Deep Purple;Smoke On The Water;;;;;;;;;;;1;;23042
drumeo;Deep Purple;Burn;;;;;;;;;;;1;;371132
drumeo;Def Leppard;Rock Of Ages;;;;;;;;;;;1;;275468
drumeo;Def Leppard;Ring Of Fire;;;;;;;;;;;1;;324921
drumeo;Def Leppard;Goodbye;;;;;;;;;;;1;;324843
drumeo;Def Leppard;On Through The Night;;;;;;;;;;;1;;324869
drumeo;Def Leppard;Another Hit And Run;;;;;;;;;;;1;;324857
drumeo;Def Leppard;She's Too Tough;;;;;;;;;;;1;;324923
drumeo;Def Leppard;When Love & Hate Collide;;;;;;;;;;;1;;324927
drumeo;Def Leppard;To Be Alive;;;;;;;;;;;1;;324855
drumeo;Def Leppard;Paper Sun;;;;;;;;;;;1;;324851
drumeo;Def Leppard;Kings Of Oblivion;;;;;;;;;;;1;;324849
drumeo;Def Leppard;Bringin' On The Heartbreak;;;;;;;;;;;1;;264351
drumeo;Def Leppard;Die Hard The Hunter;;;;;;;;;;;1;;324901
drumeo;Def Leppard;Day After Day;;;;;;;;;;;1;;324837
drumeo;Def Leppard;Tonight;;;;;;;;;;;1;;324827
drumeo;Def Leppard;Armageddon It;;;;;;;;;;;1;;324877
drumeo;Def Leppard;Hysteria;;;;;;;;;;;1;;275462
drumeo;Def Leppard;Miss You In A Heartbeat;;;;;;;;;;;1;;324917
drumeo;Def Leppard;Let's Get Rocked;;;;;;;;;;;1;;324817
drumeo;Def Leppard;Photograph;;;;;;;;;;;1;;275466
drumeo;Def Leppard;Switch 625;;;;;;;;;;;1;;324871
drumeo;Def Leppard;Two Steps Behind;;;;;;;;;;;1;;324925
drumeo;Def Leppard;Foolin';;;;;;;;;;;1;;275464
drumeo;Def Leppard;21st Century Sha La La La Girl;;;;;;;;;;;1;;324831
drumeo;Def Leppard;White Lightning;;;;;;;;;;;1;;324829
drumeo;Def Leppard;Back In Your Face;;;;;;;;;;;1;;324835
drumeo;Def Leppard;Promises;;;;;;;;;;;1;;324853
drumeo;Def Leppard;Tear It Down;;;;;;;;;;;1;;324825
drumeo;Def Leppard;Love Bites;;;;;;;;;;;1;;324887
drumeo;Def Leppard;I Wanna Be Your Hero;;;;;;;;;;;1;;324915
drumeo;Def Leppard;Action;;;;;;;;;;;1;;324909
drumeo;Def Leppard;Heaven Is;;;;;;;;;;;1;;324813
drumeo;Def Leppard;Stand Up (Kick Love Into Motion);;;;;;;;;;;1;;324823
drumeo;Def Leppard;High 'n' Dry (Saturday Night);;;;;;;;;;;1;;324859
drumeo;Def Leppard;Make Love Like A Man;;;;;;;;;;;1;;324819
drumeo;Def Leppard;Pour Some Sugar On Me;;;;;;;;;;;1;;291292
drumeo;Def Leppard;All Night;;;;;;;;;;;1;;324833
drumeo;Def Leppard;Have You Ever Needed Someone So Bad;;;;;;;;;;;1;;324811
drumeo;Def Leppard;Mirror Mirror;;;;;;;;;;;1;;324865
drumeo;Def Leppard;Excitable;;;;;;;;;;;1;;324881
drumeo;Def Leppard;Action! Not Words;;;;;;;;;;;1;;324895
drumeo;Def Leppard;Too Late For Love;;;;;;;;;;;1;;324907
drumeo;Def Leppard;Comin' Under Fire;;;;;;;;;;;1;;324897
drumeo;Def Leppard;You Got Me Runnin';;;;;;;;;;;1;;324873
drumeo;Def Leppard;No, No, No;;;;;;;;;;;1;;324867
drumeo;Def Leppard;Don't Shoot Shotgun;;;;;;;;;;;1;;324879
drumeo;Def Leppard;Only After Dark;;;;;;;;;;;1;;324919
drumeo;Def Leppard;Demolition Man;;;;;;;;;;;1;;324839
drumeo;Def Leppard;Stagefright;;;;;;;;;;;1;;324905
drumeo;Def Leppard;Fractured Love;;;;;;;;;;;1;;324913
drumeo;Def Leppard;Lady Strange;;;;;;;;;;;1;;324861
drumeo;Def Leppard;Love And Affection;;;;;;;;;;;1;;324885
drumeo;Def Leppard;Desert Song;;;;;;;;;;;1;;324911
drumeo;Def Leppard;I Wanna Touch You;;;;;;;;;;;1;;324815
drumeo;Def Leppard;Billy's Got A Gun;;;;;;;;;;;1;;324899
drumeo;Def Leppard;Guilty;;;;;;;;;;;1;;324845
drumeo;Def Leppard;Personal Property;;;;;;;;;;;1;;324821
drumeo;Def Leppard;Gods Of War;;;;;;;;;;;1;;324883
drumeo;Def Leppard;Women;;;;;;;;;;;1;;324893
drumeo;Def Leppard;Run Riot;;;;;;;;;;;1;;324891
drumeo;Def Leppard;Let It Go;;;;;;;;;;;1;;324863
drumeo;Def Leppard;Animal;;;;;;;;;;;1;;324875
drumeo;Def Leppard;Rock! Rock! (Til You Drop);;;;;;;;;;;1;;324903
drumeo;Def Leppard;Rocket;;;;;;;;;;;1;;324889
drumeo;Def Leppard;Disintegrate;;;;;;;;;;;1;;324841
drumeo;Deftones;Digital Bath;;;;;;;;;;;1;;373812
drumeo;Deftones;Rocket Skates;;;;;;;;;;;1;;374556
drumeo;Deftones;Passenger;;;;;;;;;;;1;;349684
drumeo;Deftones;My Own Summer (Shove It);;;;;;;;;;;1;;305654
drumeo;Deftones;Change (In The House Of Flies);;;;;;;;;;;1;;294515
drumeo;Deftones;You've Seen The Butcher;;;;;;;;;;;1;;279039
drumeo;Demi Lovato;Tell Me You Love Me;;;;;;;;;;;1;;284840
drumeo;Demi Lovato;Confident;;;;;;;;;;;1;;291294
drumeo;Demi Lovato;Skin Of My Teeth;;;;;;;;;;;1;;365651
drumeo;Dennis Chambers;Outbreak;;;;;;;;;;;1;;352739
drumeo;Depeche Mode;Personal Jesus;;;;;;;;;;;1;;275470
drumeo;Derek And The Dominos;Layla;;;;;;;;;;;1;;375199
drumeo;Derek Sherinian;Czar Of Steel;;;;;;;;;;;1;;365653
drumeo;Dermot Kennedy;After Rain;;;;;;;;;;;1;;349686
drumeo;Destiny’s Child;Say My Name;;;;;;;;;;;1;;270465
drumeo;Destiny’s Child;Survivor;;;;;;;;;;;1;;349688
drumeo;Devin Townsend Project;Planet Of The Apes;;;;;;;;;;;1;;305656
drumeo;Devin Townsend Project;Rejoice;;;;;;;;;;;1;;305658
drumeo;Devo;Whip It;;;;;;;;;;;1;;291296
drumeo;Diana Ross;Ain't No Mountain High Enough;;;;;;;;;;;1;;279041
drumeo;Diana Ross;Upside Down;;;;;;;;;;;1;;291298
drumeo;Dick Dale & His Del-Tones;Misirlou;;;;;;;;;;;1;;279043
drumeo;Dinosaur Jr.;The Wagon;;;;;;;;;;;1;;371134
drumeo;Dio;I Could Have Been A Dreamer;;;;;;;;;;;1;;279045
drumeo;Dio;Rainbow In The Dark;;;;;;;;;;;1;;270467
drumeo;Dio;The Last In Line;;;;;;;;;;;1;;279047
drumeo;Dire Straits;Sultans Of Swing;;;;;;;;;;;1;;284842
drumeo;Dire Straits;Money For Nothing;;;;;;;;;;;1;;279049
drumeo;Dire Straits;Romeo And Juliet;;;;;;;;;;;1;;291300
drumeo;Dire Straits;Brothers In Arms;;;;;;;;;;;1;;264353
drumeo;Dire Straits;Calling Elvis;;;;;;;;;;;1;;295198
drumeo;Dire Straits;Once Upon A Time In The West;;;;;;;;;;;1;;328169
drumeo;Dirty Honey;Rolling 7s;;;;;;;;;;;1;;349690
drumeo;Disturbed;Down With The Sickness;;;;;;;;;;;1;;275472
drumeo;Disturbed;Stricken;;;;;;;;;;;1;;376544
drumeo;Dixie Chicks;Sin Wagon;;;;;;;;;;;1;;337452
drumeo;Dixie Chicks;Goodbye Earl;;;;;;;;;;;1;;337449
drumeo;Dixie Chicks;The Long Way Around;;;;;;;;;;;1;;291302
drumeo;DNCE;Cake By The Ocean;;;;;;;;;;;1;;302641
drumeo;Doja Kat;Kiss Me More;;;;;;;;;;;1;;356079
drumeo;Dokken;Breaking The Chains;;;;;;;;;;;1;;279051
drumeo;Dolly Parton;9 To 5;;;;;;;;;;;1;;284844
drumeo;Dolly Parton;Jolene;;;;;;;;;;;1;;279053
drumeo;Don Ellis;Whiplash;;;;;;;;;;;1;;346206
drumeo;Don McLean;American Pie;;;;;;;;;;;1;;365655
drumeo;Dr. Dre;I Need A Doctor;;;;;;;;;;;1;;264355
drumeo;Dream Theater;Erotomania;;;;;;;;;;;1;;270471
drumeo;Dream Theater;Under A Glass Moon;;;;;;;;;;;1;;264379
drumeo;Dream Theater;The Spirit Carries On;;;;;;;;;;;1;;264377
drumeo;Dream Theater;Enigma Machine;;;;;;;;;;;1;;264359
drumeo;Dream Theater;Scarred;;;;;;;;;;;1;;275474
drumeo;Dream Theater;Take The Time;;;;;;;;;;;1;;270479
drumeo;Dream Theater;Fatal Tragedy;;;;;;;;;;;1;;264361
drumeo;Dream Theater;The Dance Of Eternity;;;;;;;;;;;1;;264373
drumeo;Dream Theater;The Alien;;;;;;;;;;;1;;356081
drumeo;Dream Theater;The Count Of Tuscany;;;;;;;;;;;1;;270475
drumeo;Dream Theater;Innocence Faded;;;;;;;;;;;1;;270473
drumeo;Dream Theater;Learning To Live;;;;;;;;;;;1;;275476
drumeo;Dream Theater;6:00;;;;;;;;;;;1;;270469
drumeo;Dream Theater;Metropolis, Part I: The Miracle And The Sleeper;;;;;;;;;;;1;;264365
drumeo;Dream Theater;Pull Me Under;;;;;;;;;;;1;;270477
drumeo;Dream Theater;Strange Deja Vu;;;;;;;;;;;1;;264371
drumeo;Dream Theater;Overture 1928;;;;;;;;;;;1;;270481
drumeo;Dream Theater;VI. Solitary Shell;;;;;;;;;;;1;;373367
drumeo;Dream Theater;Wither;;;;;;;;;;;1;;234964
drumeo;Dream Theater;Hell's Kitchen;;;;;;;;;;;1;;264363
drumeo;Dream Theater;Another Day;;;;;;;;;;;1;;264357
drumeo;Dream Theater;Surrounded;;;;;;;;;;;1;;284846
drumeo;Dream Theater;The Path That Divides;;;;;;;;;;;1;;270483
drumeo;Dream Theater;Panic Attack;;;;;;;;;;;1;;264369
drumeo;Dream Theater;Caught In A Web;;;;;;;;;;;1;;260365
drumeo;Dream Theater;The Mirror;;;;;;;;;;;1;;264375
drumeo;Dropkick Murhpys;I'm Shipping Up To Boston;;;;;;;;;;;1;;314511
drumeo;Drowning Pool;Bodies;;;;;;;;;;;1;;322453
drumeo;Dua Lipa;Levitating;;;;;;;;;;;1;;291310
drumeo;Dua Lipa;Hallucinate;;;;;;;;;;;1;;291308
drumeo;Dua Lipa;New Rules;;;;;;;;;;;1;;291304
drumeo;Dua Lipa;Physical;;;;;;;;;;;1;;291312
drumeo;Dua Lipa;Don't Start Now;;;;;;;;;;;1;;291306
drumeo;Duran Duran;Ordinary World;;;;;;;;;;;1;;376546
drumeo;Duran Duran;Girls On Film;;;;;;;;;;;1;;279055
drumeo;Duran Duran;Hungry Like The Wolf;;;;;;;;;;;1;;284848
drumeo;Dustin Lynch;Small Town Boy;;;;;;;;;;;1;;364676
drumeo;Dusty Springfield;Son Of A Preacher Man;;;;;;;;;;;1;;279057
drumeo;Dwight Yoakam;Guitars, Cadillacs;;;;;;;;;;;1;;275478
drumeo;Eagles;Heartache Tonight;;;;;;;;;;;1;;294782
drumeo;Eagles;One Of These Nights;;;;;;;;;;;1;;348734
drumeo;Eagles;Already Gone;;;;;;;;;;;1;;260369
drumeo;Earth Wind & Fire;September;;;;;;;;;;;1;;264383
drumeo;Earth Wind & Fire;In The Stone;;;;;;;;;;;1;;317762
drumeo;Ed Sheeran;Thinking Out Loud;;;;;;;;;;;1;;260379
drumeo;Ed Sheeran;Shape Of You;;;;;;;;;;;1;;284850
drumeo;Ed Sheeran;Perfect;;;;;;;;;;;1;;264385
drumeo;Eddie Money;Baby Hold On;;;;;;;;;;;1;;364679
drumeo;Eddy Grant;Electric Avenue;;;;;;;;;;;1;;373369
drumeo;Edgar Winter;Frankenstein;;;;;;;;;;;1;;275480
drumeo;Edwin Starr;War;;;;;;;;;;;1;;364681
drumeo;Electric Light Orchestra;Mr. Blue Sky;;;;;;;;;;;1;;291314
drumeo;Elevation Worship;Resurrecting;;;;;;;;;;;1;;291320
drumeo;Elevation Worship;With You;;;;;;;;;;;1;;315899
drumeo;Elevation Worship;It Is So;;;;;;;;;;;1;;315897
drumeo;Elevation Worship;O Come To The Altar;;;;;;;;;;;1;;279059
drumeo;Elevation Worship;Graves Into Gardens;;;;;;;;;;;1;;275482
drumeo;Elevation Worship;The Blessing;;;;;;;;;;;1;;291318
drumeo;Elevation Worship;Do It Again;;;;;;;;;;;1;;275484
drumeo;Elevation Worship;See A Victory;;;;;;;;;;;1;;291316
drumeo;Ella Henderson;Ghost;;;;;;;;;;;1;;291322
drumeo;Elle King;Ex's & Oh's;;;;;;;;;;;1;;359991
drumeo;Elliott Smith;Waltz #2 (XO);;;;;;;;;;;1;;349692
drumeo;Elton John;The Ballad Of Danny Bailey;;;;;;;;;;;1;;264393
drumeo;Elton John;Goodbye Yellow Brick Road;;;;;;;;;;;1;;375201
drumeo;Elton John;Bennie And The Jets;;;;;;;;;;;1;;264387
drumeo;Elton John;Don't Let The Sun Go Down On Me;;;;;;;;;;;1;;377108
drumeo;Elton John;Susie (Dramas);;;;;;;;;;;1;;356026
drumeo;Elton John;Candle In The Wind;;;;;;;;;;;1;;264389
drumeo;Elton John;Saturday Night's Alright (For Fighting);;;;;;;;;;;1;;344728
drumeo;Elton John;Rocket Man;;;;;;;;;;;1;;264391
drumeo;Elton John;Levon;;;;;;;;;;;1;;284852
drumeo;Elton John;Your Song;;;;;;;;;;;1;;264395
drumeo;Elton John & Kiki Dee;Don't Go Breaking My Heart;;;;;;;;;;;1;;270485
drumeo;Eluveitie;Alesia;;;;;;;;;;;1;;275488
drumeo;Eluveitie;A Rose For Epona;;;;;;;;;;;1;;275486
drumeo;Eluveitie;King;;;;;;;;;;;1;;284854
drumeo;Elvis Costello;Everyday I Write The Book;;;;;;;;;;;1;;291324
drumeo;Elvis Costello;Pump It Up;;;;;;;;;;;1;;291326
drumeo;Elvis Costello;It’s Time;;;;;;;;;;;1;;328171
drumeo;Elvis Presley;Blue Suede Shoes;;;;;;;;;;;1;;284856
drumeo;Elvis Presley;Jailhouse Rock;;;;;;;;;;;1;;284858
drumeo;Elvis Presley;Little Sister;;;;;;;;;;;1;;264397
drumeo;Elvis Presley;A Little Less Conversation;;;;;;;;;;;1;;279061
drumeo;Elvis Presley;Hound Dog;;;;;;;;;;;1;;279063
drumeo;Eminem;Stan;;;;;;;;;;;1;;270495
drumeo;Eminem;Mockingbird;;;;;;;;;;;1;;270491
drumeo;Eminem;When I'm Gone;;;;;;;;;;;1;;270489
drumeo;Eminem;Sing For The Moment;;;;;;;;;;;1;;270493
drumeo;Eminem;Lose Yourself;;;;;;;;;;;1;;270487
drumeo;Eminem;The Monster;;;;;;;;;;;1;;284860
drumeo;Enter Shikari;Torn Apart;;;;;;;;;;;1;;275492
drumeo;Eric Clapton;Wonderful Tonight;;;;;;;;;;;1;;264399
drumeo;Eric Clapton;Bad Love;;;;;;;;;;;1;;364683
drumeo;Eric Clapton;Cocaine;;;;;;;;;;;1;;270499
drumeo;Eric Clapton;She’s Waiting;;;;;;;;;;;1;;374558
drumeo;Eric Clapton;I Shot The Sherrif;;;;;;;;;;;1;;270497
drumeo;Eric Clapton;Change The World;;;;;;;;;;;1;;275494
drumeo;Eric Clapton;Lay Down Sally;;;;;;;;;;;1;;373815
drumeo;Esperanza Spalding;Judas;;;;;;;;;;;1;;270501
drumeo;Europe;Rock The Night;;;;;;;;;;;1;;275496
drumeo;Europe;Carrie;;;;;;;;;;;1;;279067
drumeo;Europe;The Final Countdown;;;;;;;;;;;1;;270503
drumeo;Europe;Superstitious;;;;;;;;;;;1;;279065
drumeo;Evanescence;Bring Me To Life;;;;;;;;;;;1;;232832
drumeo;Everything Everything;Cough Cough;;;;;;;;;;;1;;260383
drumeo;Extreme;Unconditionally;;;;;;;;;;;1;;260385
drumeo;Faith Hill;Cry;;;;;;;;;;;1;;341259
drumeo;Faith No More;Midlife Crisis;;;;;;;;;;;1;;356028
drumeo;Faith No More;Easy;;;;;;;;;;;1;;291330
drumeo;Faith No More;Ashes To Ashes;;;;;;;;;;;1;;349694
drumeo;Faith Worship Arts;Greater Things;;;;;;;;;;;1;;349696
drumeo;Fall Out Boy;Thnks Fr Th Mmrs;;;;;;;;;;;1;;275498
drumeo;Fall Out Boy;The Carpal Tunnel Of Love;;;;;;;;;;;1;;352698
drumeo;Fall Out Boy;Dance, Dance;;;;;;;;;;;1;;284862
drumeo;Fall Out Boy;Centuries;;;;;;;;;;;1;;291328
drumeo;Falling In Reverse;Popular Monster;;;;;;;;;;;1;;328173
drumeo;Fates Warning;Still Remains;;;;;;;;;;;1;;359995
drumeo;Fats Domino;Ain't That A Shame;;;;;;;;;;;1;;291332
drumeo;Fats Domino;Blueberry Hill;;;;;;;;;;;1;;279069
drumeo;Fear Factory;Linchpin;;;;;;;;;;;1;;284864
drumeo;Finger Eleven;Other Light;;;;;;;;;;;1;;279071
drumeo;Fiona Apple;Ladies;;;;;;;;;;;1;;374560
drumeo;First Aid Kit;Wolf;;;;;;;;;;;1;;364685
drumeo;First State;Reach Me;;;;;;;;;;;1;;291334
drumeo;Fishbone;Unyielding Conditioning;;;;;;;;;;;1;;284866
drumeo;Five Finger Death Punch;Wrong Side Of Heaven;;;;;;;;;;;1;;317232
drumeo;Five Finger Death Punch;Wash It All Away;;;;;;;;;;;1;;374565
drumeo;Fleetwood Mac;Rhiannon;;;;;;;;;;;1;;284868
drumeo;Fleetwood Mac;Tusk;;;;;;;;;;;1;;377122
drumeo;Fleetwood Mac;Dreams;;;;;;;;;;;1;;#N/A
drumeo;Fleetwood Mac;You Make Loving Fun;;;;;;;;;;;1;;#N/A
drumeo;Fleetwood Mac;Need Your Love So Bad;;;;;;;;;;;1;;291336
drumeo;Fleetwood Mac;Go Your Own Way;;;;;;;;;;;1;;264401
drumeo;Fleetwood Mac;The Chain;;;;;;;;;;;1;;264403
drumeo;Fleetwood Mac;Everywhere;;;;;;;;;;;1;;270505
drumeo;Fleetwood Mac;Don't Stop;;;;;;;;;;;1;;375397
drumeo;Fleetwood Mac;Second Hand News;;;;;;;;;;;1;;284870
drumeo;Fleetwood Mac;Gold Dust Woman;;;;;;;;;;;1;;377110
drumeo;Florence + The Machine;Dog Days Are Over;;;;;;;;;;;1;;328175
drumeo;Florence + The Machine;Howl;;;;;;;;;;;1;;279075
drumeo;Flying Lotus;Never Catch Me;;;;;;;;;;;1;;284872
drumeo;Foghat;Slow Ride;;;;;;;;;;;1;;270507
drumeo;Foo Fighters;Resolve;;;;;;;;;;;1;;358986
drumeo;Foo Fighters;Miracle;;;;;;;;;;;1;;358978
drumeo;Foo Fighters;Making A Fire;;;;;;;;;;;1;;359062
drumeo;Foo Fighters;Best Of You;;;;;;;;;;;1;;270509
drumeo;Foo Fighters;Alone + Easy Target;;;;;;;;;;;1;;358910
drumeo;Foo Fighters;My Hero;;;;;;;;;;;1;;270511
drumeo;Foo Fighters;Low;;;;;;;;;;;1;;358960
drumeo;Foo Fighters;Virginia Moon;;;;;;;;;;;1;;358994
drumeo;Foo Fighters;Congregation;;;;;;;;;;;1;;359018
drumeo;Foo Fighters;February Stars;;;;;;;;;;;1;;279081
drumeo;Foo Fighters;Wattershed;;;;;;;;;;;1;;358922
drumeo;Foo Fighters;Disenchanted Lullaby;;;;;;;;;;;1;;358952
drumeo;Foo Fighters;Hell;;;;;;;;;;;1;;358974
drumeo;Foo Fighters;Another Round;;;;;;;;;;;1;;358964
drumeo;Foo Fighters;Subterranean;;;;;;;;;;;1;;359028
drumeo;Foo Fighters;A Matter Of Time;;;;;;;;;;;1;;359010
drumeo;Foo Fighters;Walk;;;;;;;;;;;1;;275512
drumeo;Foo Fighters;On The Mend;;;;;;;;;;;1;;358982
drumeo;Foo Fighters;Happy Ever After (Zero Hour);;;;;;;;;;;1;;359040
drumeo;Foo Fighters;Medicine At Midnight;;;;;;;;;;;1;;359064
drumeo;Foo Fighters;The Feast And The Famine;;;;;;;;;;;1;;359030
drumeo;Foo Fighters;Holding Poison;;;;;;;;;;;1;;359058
drumeo;Foo Fighters;Dirty Water;;;;;;;;;;;1;;359038
drumeo;Foo Fighters;Arlandria;;;;;;;;;;;1;;275506
drumeo;Foo Fighters;Cheer Up, Boys (Your Make Up Is Running);;;;;;;;;;;1;;359000
drumeo;Foo Fighters;Come Back;;;;;;;;;;;1;;358950
drumeo;Foo Fighters;Floaty;;;;;;;;;;;1;;358914
drumeo;Foo Fighters;Wind Up;;;;;;;;;;;1;;275502
drumeo;Foo Fighters;I Am A River;;;;;;;;;;;1;;359020
drumeo;Foo Fighters;Aurora;;;;;;;;;;;1;;358930
drumeo;Foo Fighters;In The Clear;;;;;;;;;;;1;;359022
drumeo;Foo Fighters;For All The Cows;;;;;;;;;;;1;;291338
drumeo;Foo Fighters;Bridge Burning;;;;;;;;;;;1;;275508
drumeo;Foo Fighters;Enough Space;;;;;;;;;;;1;;300274
drumeo;Foo Fighters;Halo;;;;;;;;;;;1;;358954
drumeo;Foo Fighters;Stacked Actors;;;;;;;;;;;1;;358946
drumeo;Foo Fighters;Sunday Rain;;;;;;;;;;;1;;359048
drumeo;Foo Fighters;Arrows;;;;;;;;;;;1;;359034
drumeo;Foo Fighters;My Poor Brain;;;;;;;;;;;1;;300280
drumeo;Foo Fighters;T-Shirt;;;;;;;;;;;1;;359050
drumeo;Foo Fighters;The Colour And The Shape;;;;;;;;;;;1;;300290
drumeo;Foo Fighters;Monkey Wrench;;;;;;;;;;;1;;28330
drumeo;Foo Fighters;Cold Day In The Sun;;;;;;;;;;;1;;358966
drumeo;Foo Fighters;Run;;;;;;;;;;;1;;359046
drumeo;Foo Fighters;Let It Die;;;;;;;;;;;1;;279077
drumeo;Foo Fighters;Ain't It The Life;;;;;;;;;;;1;;358928
drumeo;Foo Fighters;Love Dies Young;;;;;;;;;;;1;;359060
drumeo;Foo Fighters;Walking After You;;;;;;;;;;;1;;300294
drumeo;Foo Fighters;The Last Song;;;;;;;;;;;1;;358992
drumeo;Foo Fighters;Overdrive;;;;;;;;;;;1;;358962
drumeo;Foo Fighters;Home;;;;;;;;;;;1;;284874
drumeo;Foo Fighters;New Way Home;;;;;;;;;;;1;;300284
drumeo;Foo Fighters;Make It Right;;;;;;;;;;;1;;359044
drumeo;Foo Fighters;Next Year;;;;;;;;;;;1;;358944
drumeo;Foo Fighters;Stranger Things Have Happened;;;;;;;;;;;1;;359008
drumeo;Foo Fighters;This Is A Call;;;;;;;;;;;1;;291340
drumeo;Foo Fighters;Doll;;;;;;;;;;;1;;300270
drumeo;Foo Fighters;See You;;;;;;;;;;;1;;300287
drumeo;Foo Fighters;Breakout;;;;;;;;;;;1;;358932
drumeo;Foo Fighters;Weenie Beenie;;;;;;;;;;;1;;358924
drumeo;Foo Fighters;End Over End;;;;;;;;;;;1;;358970
drumeo;Foo Fighters;Dear Rosemary;;;;;;;;;;;1;;275510
drumeo;Foo Fighters;No Son Of Mine;;;;;;;;;;;1;;359066
drumeo;Foo Fighters;Over And Out;;;;;;;;;;;1;;358984
drumeo;Foo Fighters;What Did I Do?/God As My Witness;;;;;;;;;;;1;;359032
drumeo;Foo Fighters;Still;;;;;;;;;;;1;;358988
drumeo;Foo Fighters;In Your Honor;;;;;;;;;;;1;;358976
drumeo;Foo Fighters;I Should Have Known;;;;;;;;;;;1;;359014
drumeo;Foo Fighters;Times Like These;;;;;;;;;;;1;;279079
drumeo;Foo Fighters;Waiting On A War;;;;;;;;;;;1;;359070
drumeo;Foo Fighters;What If I Do?;;;;;;;;;;;1;;358996
drumeo;Foo Fighters;Summer's End;;;;;;;;;;;1;;284878
drumeo;Foo Fighters;Exhausted;;;;;;;;;;;1;;358912
drumeo;Foo Fighters;Cloudspotter;;;;;;;;;;;1;;359056
drumeo;Foo Fighters;Headwires;;;;;;;;;;;1;;358938
drumeo;Foo Fighters;These Days;;;;;;;;;;;1;;317238
drumeo;Foo Fighters;Concrete And Gold;;;;;;;;;;;1;;359036
drumeo;Foo Fighters;Gimme Stitches;;;;;;;;;;;1;;358936
drumeo;Foo Fighters;White Limo;;;;;;;;;;;1;;275514
drumeo;Foo Fighters;Generator;;;;;;;;;;;1;;358934
drumeo;Foo Fighters;La Dee Da;;;;;;;;;;;1;;359042
drumeo;Foo Fighters;Learn To Fly;;;;;;;;;;;1;;275504
drumeo;Foo Fighters;Come Alive;;;;;;;;;;;1;;359002
drumeo;Foo Fighters;Good Grief;;;;;;;;;;;1;;358916
drumeo;Foo Fighters;But, Honestly;;;;;;;;;;;1;;358998
drumeo;Foo Fighters;Something From Nothing;;;;;;;;;;;1;;359026
drumeo;Foo Fighters;Hey, Johnny Park!;;;;;;;;;;;1;;300277
drumeo;Foo Fighters;Free Me;;;;;;;;;;;1;;358972
drumeo;Foo Fighters;The Deepest Blues Are Black;;;;;;;;;;;1;;358990
drumeo;Foo Fighters;Miss The Misery;;;;;;;;;;;1;;359016
drumeo;Foo Fighters;Outside;;;;;;;;;;;1;;359024
drumeo;Foo Fighters;Big Me;;;;;;;;;;;1;;260387
drumeo;Foo Fighters;Back & Forth;;;;;;;;;;;1;;359012
drumeo;Foo Fighters;Burn Away;;;;;;;;;;;1;;358948
drumeo;Foo Fighters;Shame Shame;;;;;;;;;;;1;;359068
drumeo;Foo Fighters;Chasing Birds;;;;;;;;;;;1;;359054
drumeo;Foo Fighters;Live-In Skin;;;;;;;;;;;1;;358940
drumeo;Foo Fighters;Have It All;;;;;;;;;;;1;;358956
drumeo;Foo Fighters;Erase/Replace;;;;;;;;;;;1;;359004
drumeo;Foo Fighters;No Way Back;;;;;;;;;;;1;;358980
drumeo;Foo Fighters;Lonely As You;;;;;;;;;;;1;;358958
drumeo;Foo Fighters;The Pretender;;;;;;;;;;;1;;260392
drumeo;Foo Fighters;M.I.A.;;;;;;;;;;;1;;358942
drumeo;Foo Fighters;X-Static;;;;;;;;;;;1;;358926
drumeo;Foo Fighters;Statues;;;;;;;;;;;1;;359006
drumeo;Foo Fighters;The Line;;;;;;;;;;;1;;359052
drumeo;Foo Fighters;Rope;;;;;;;;;;;1;;24670
drumeo;Foo Fighters;DOA;;;;;;;;;;;1;;358968
drumeo;Foo Fighters;Oh, George;;;;;;;;;;;1;;358920
drumeo;Foo Fighters;Long Road To Ruin;;;;;;;;;;;1;;284876
drumeo;Foo Fighters;Up In Arms;;;;;;;;;;;1;;300292
drumeo;Foo Fighters;Everlong;;;;;;;;;;;1;;25013
drumeo;Foo Fighters;I'll Stick Around;;;;;;;;;;;1;;358918
drumeo;Foo Fighters;All My Life;;;;;;;;;;;1;;317236
drumeo;For King & Country;Little Drummer Boy;;;;;;;;;;;1;;375649
drumeo;Foreigner;I Want To Know What Love Is;;;;;;;;;;;1;;331191
drumeo;Foreigner;Juke Box Hero;;;;;;;;;;;1;;264405
drumeo;Foreigner;Cold As Ice;;;;;;;;;;;1;;337409
drumeo;Foreigner;That Was Yesterday;;;;;;;;;;;1;;284880
drumeo;Foreigner;Hot Blooded;;;;;;;;;;;1;;348736
drumeo;Fountains Of Wayne;Stacy's Mom;;;;;;;;;;;1;;371137
drumeo;Four Tops;It's The Same Old Song;;;;;;;;;;;1;;275516
drumeo;Fourplay;Silver Streak;;;;;;;;;;;1;;371173
drumeo;Frank Sinatra & Count Basie;Fly Me To The Moon (In Other Words);;;;;;;;;;;1;;375399
drumeo;Frank Turner;I Still Believe;;;;;;;;;;;1;;348738
drumeo;Frank Weber;Complicated Times;;;;;;;;;;;1;;295639
drumeo;Frank Zappa;Dong Work For Yuda;;;;;;;;;;;1;;264407
drumeo;Frank Zappa;Keep It Greasey;;;;;;;;;;;1;;264409
drumeo;Frank Zappa;Why Does It Hurt When I Pee?;;;;;;;;;;;1;;341263
drumeo;Frank Zappa;Zomby Woof;;;;;;;;;;;1;;264411
drumeo;Frank Zappa;Florentine Pogen;;;;;;;;;;;1;;328178
drumeo;Frank Zappa;Catholic Girls;;;;;;;;;;;1;;341261
drumeo;Frankie Goes To Hollywood;Relax;;;;;;;;;;;1;;291342
drumeo;Franz Ferdinand;No You Girls;;;;;;;;;;;1;;374567
drumeo;Franz Ferdinand;Take Me Out;;;;;;;;;;;1;;322455
drumeo;Freddy King;See See Baby;;;;;;;;;;;1;;284882
drumeo;Freddy King;Hide Away;;;;;;;;;;;1;;279083
drumeo;Free;All Right Now;;;;;;;;;;;1;;264413
drumeo;Frost*;Black Light Machine;;;;;;;;;;;1;;309155
drumeo;Fun.;Carry On;;;;;;;;;;;1;;284884
drumeo;Fun.;We Are Young;;;;;;;;;;;1;;279085
drumeo;Funkadelic;Hit It And Quit It;;;;;;;;;;;1;;264415
drumeo;Funkadelic;Super Stupid;;;;;;;;;;;1;;275518
drumeo;Funkadelic;One Nation Under A Groove;;;;;;;;;;;1;;275520
drumeo;Garbage;Stupid Girl;;;;;;;;;;;1;;348740
drumeo;Garbage;Only Happy When It Rains;;;;;;;;;;;1;;375203
drumeo;Gareth Emery;Sansa;;;;;;;;;;;1;;291344
drumeo;Garth Brooks;Friends In Low Places;;;;;;;;;;;1;;264417
drumeo;Gary Wright;Love Is Alive;;;;;;;;;;;1;;264419
drumeo;Genesis;Behind The Lines;;;;;;;;;;;1;;340105
drumeo;Genesis;Home By The Sea;;;;;;;;;;;1;;264421
drumeo;Genesis;Undertow;;;;;;;;;;;1;;340094
drumeo;Genesis;Follow You Follow Me;;;;;;;;;;;1;;356030
drumeo;Genesis;Watcher Of The Skies;;;;;;;;;;;1;;340107
drumeo;Genesis;Abacab;;;;;;;;;;;1;;340103
drumeo;Genesis;Dance On A Volcano;;;;;;;;;;;1;;340096
drumeo;Genesis;Down And Out;;;;;;;;;;;1;;340092
drumeo;Genesis;Land Of Confusion;;;;;;;;;;;1;;291346
drumeo;Genesis;The Musical Box;;;;;;;;;;;1;;340112
drumeo;Genesis;That's All;;;;;;;;;;;1;;270513
drumeo;Genesis;Los Endos;;;;;;;;;;;1;;340098
drumeo;Genesis;Supper's Ready;;;;;;;;;;;1;;340109
drumeo;Genesis;Firth Of Fifth;;;;;;;;;;;1;;340116
drumeo;Genesis;Many Too Many;;;;;;;;;;;1;;349710
drumeo;Genesis;The Cinema Show;;;;;;;;;;;1;;340118
drumeo;Genesis;The Carpet Crawlers;;;;;;;;;;;1;;340120
drumeo;Genesis;Robbery, Assault And Battery;;;;;;;;;;;1;;340100
drumeo;Genesis;I Can't Dance;;;;;;;;;;;1;;291348
drumeo;Genesis;Dancing With The Moonlit Knight;;;;;;;;;;;1;;340114
drumeo;Genesis;Turn It On Again;;;;;;;;;;;1;;279087
drumeo;George Michael;Careless Whisper;;;;;;;;;;;1;;270515
drumeo;Georgia Satellites;Keep Your Hands To Yourself;;;;;;;;;;;1;;232168
drumeo;Ghost;From The Pinnacle To The Pit;;;;;;;;;;;1;;349712
drumeo;Ghost;Cirice;;;;;;;;;;;1;;264423
drumeo;Gideon Band;Give The Lord A Praise;;;;;;;;;;;1;;347043
drumeo;Gin Blossoms;Hey Jealousy;;;;;;;;;;;1;;356032
drumeo;Gino Vannelli;Seek And You Will Find;;;;;;;;;;;1;;279089
drumeo;Gino Vannelli;I Just Wanna Stop;;;;;;;;;;;1;;264425
drumeo;Gino Vannelli;Black Cars;;;;;;;;;;;1;;373405
drumeo;Glenn Miller;In The Mood;;;;;;;;;;;1;;24057
drumeo;Gloria Gaynor;I Will Survive;;;;;;;;;;;1;;260398
drumeo;Godsmack;When Legends Rise;;;;;;;;;;;1;;279091
drumeo;Godsmack;Voodoo;;;;;;;;;;;1;;309157
drumeo;Godsmack;I Stand Alone;;;;;;;;;;;1;;305660
drumeo;Gojira;The Art Of Dying;;;;;;;;;;;1;;373819
drumeo;Gojira;Into The Storm;;;;;;;;;;;1;;314513
drumeo;Gojira;Silvera;;;;;;;;;;;1;;373817
drumeo;Gojira;Amazonia;;;;;;;;;;;1;;309159
drumeo;Gojira;Stranded;;;;;;;;;;;1;;284886
drumeo;Gojira;Explosia;;;;;;;;;;;1;;375872
drumeo;Gojira;L'Enfant Sauvage;;;;;;;;;;;1;;352701
drumeo;Gojira;Born For One Thing;;;;;;;;;;;1;;294271
drumeo;Goldfinger;A Million Miles;;;;;;;;;;;1;;291350
drumeo;Goo Goo Dolls;Iris;;;;;;;;;;;1;;322458
drumeo;Goo Goo Dolls;Black Balloon;;;;;;;;;;;1;;364687
drumeo;Gorillaz;Clint Eastwood;;;;;;;;;;;1;;291352
drumeo;Gorillaz;Feel Good Inc.;;;;;;;;;;;1;;302643
drumeo;Grace Potter And The Nocturnals;The Lion The Beast The Beat;;;;;;;;;;;1;;364689
drumeo;Grand Funk Railroad;Bad Time;;;;;;;;;;;1;;260400
drumeo;Grand Funk Railroad;We're An American Band;;;;;;;;;;;1;;260402
drumeo;Grandmaster Flash & The Furious Five;The Message;;;;;;;;;;;1;;377112
drumeo;Great White;The Angel Song;;;;;;;;;;;1;;275522
drumeo;Green Day;Know Your Enemy;;;;;;;;;;;1;;264429
drumeo;Green Day;Are We The Waiting;;;;;;;;;;;1;;279093
drumeo;Green Day;Holiday;;;;;;;;;;;1;;284890
drumeo;Green Day;American Idiot;;;;;;;;;;;1;;27593
drumeo;Green Day;Jesus Of Suburbia;;;;;;;;;;;1;;305663
drumeo;Green Day;When I Come Around;;;;;;;;;;;1;;317240
drumeo;Green Day;Boulevard Of Broken Dreams;;;;;;;;;;;1;;264427
drumeo;Green Day;¡Viva La Gloria!;;;;;;;;;;;1;;284888
drumeo;Green Day;St. Jimmy;;;;;;;;;;;1;;279095
drumeo;Green Day;Wake Me Up When September Ends;;;;;;;;;;;1;;264431
drumeo;Green Day;Hitchin’ A Ride;;;;;;;;;;;1;;328180
drumeo;Green Day;21 Guns;;;;;;;;;;;1;;260404
drumeo;Green Day;Basket Case;;;;;;;;;;;1;;24769
drumeo;Green Day;Longview;;;;;;;;;;;1;;352703
drumeo;Gungor;Beautiful Things;;;;;;;;;;;1;;279097
drumeo;Guns N' Roses;Rocket Queen;;;;;;;;;;;1;;308896
drumeo;Guns N' Roses;Don't Cry;;;;;;;;;;;1;;270517
drumeo;Guns N' Roses;November Rain;;;;;;;;;;;1;;309161
drumeo;Guns N' Roses;You're Crazy;;;;;;;;;;;1;;308900
drumeo;Guns N' Roses;Shotgun Blues;;;;;;;;;;;1;;308925
drumeo;Guns N' Roses;Yesterdays;;;;;;;;;;;1;;264435
drumeo;Guns N' Roses;Live and Let Die (Live);;;;;;;;;;;1;;362437
drumeo;Guns N' Roses;Locomotive;;;;;;;;;;;1;;308917
drumeo;Guns N' Roses;14 Years;;;;;;;;;;;1;;308905
drumeo;Guns N' Roses;My World;;;;;;;;;;;1;;308919
drumeo;Guns N' Roses;My Michelle;;;;;;;;;;;1;;284894
drumeo;Guns N' Roses;Knockin' On Heaven's Door;;;;;;;;;;;1;;264433
drumeo;Guns N' Roses;Think About You;;;;;;;;;;;1;;308898
drumeo;Guns N' Roses;Estranged;;;;;;;;;;;1;;308913
drumeo;Guns N' Roses;Welcome To The Jungle;;;;;;;;;;;1;;302645
drumeo;Guns N' Roses;It's So Easy;;;;;;;;;;;1;;308888
drumeo;Guns N' Roses;You Could Be Mine;;;;;;;;;;;1;;270519
drumeo;Guns N' Roses;Mr. Brownstone;;;;;;;;;;;1;;284892
drumeo;Guns N' Roses;Don't Cry;;;;;;;;;;;1;;270517
drumeo;Guns N' Roses;Breakdown;;;;;;;;;;;1;;308907
drumeo;Guns N' Roses;So Fine;;;;;;;;;;;1;;308923
drumeo;Guns N' Roses;Civil War;;;;;;;;;;;1;;308909
drumeo;Guns N' Roses;Nightrain;;;;;;;;;;;1;;308890
drumeo;Guns N' Roses;Out Ta Get Me;;;;;;;;;;;1;;308892
drumeo;Guns N' Roses;Anything Goes;;;;;;;;;;;1;;308883
drumeo;Guns N' Roses;Get In The Ring;;;;;;;;;;;1;;308915
drumeo;Guns N' Roses;Pretty Tied Up;;;;;;;;;;;1;;308921
drumeo;Guns N' Roses;Paradise City;;;;;;;;;;;1;;260408
drumeo;Guns N' Roses;Sweet Child O' Mine;;;;;;;;;;;1;;24244
drumeo;Gwen Stefani;You Make It Feel Like Christmas;;;;;;;;;;;1;;375652
drumeo;H.E.R.;Carried Away;;;;;;;;;;;1;;275524
drumeo;Haken;The Endless Knot;;;;;;;;;;;1;;284896
drumeo;Haken;Canary Yellow;;;;;;;;;;;1;;374569
drumeo;Hall & Oates;Sara Smile;;;;;;;;;;;1;;275526
drumeo;Hall & Oates;She's Gone;;;;;;;;;;;1;;360025
drumeo;Hall & Oates;You Make My Dreams;;;;;;;;;;;1;;270521
drumeo;Hands Like Houses;Colourblind;;;;;;;;;;;1;;284898
drumeo;Hank Levy;Whiplash;;;;;;;;;;;1;;367246
drumeo;Harvey Mason;The Mase;;;;;;;;;;;1;;371175
drumeo;Heart;Barracuda;;;;;;;;;;;1;;270523
drumeo;Heart;Magic Man;;;;;;;;;;;1;;328182
drumeo;Heart;Crazy On You;;;;;;;;;;;1;;376548
drumeo;Heart;Alone;;;;;;;;;;;1;;264291
drumeo;Heart;What About Love;;;;;;;;;;;1;;264437
drumeo;Heatwave;Boogie Nights;;;;;;;;;;;1;;376540
drumeo;Hella;Biblical Violence;;;;;;;;;;;1;;349715
drumeo;Herbie Hancock;Rockit;;;;;;;;;;;1;;279099
drumeo;Herbie Hancock;Cantaloupe Island;;;;;;;;;;;1;;264441
drumeo;Herbie Hancock;Hang Up Your Hang Ups;;;;;;;;;;;1;;275530
drumeo;Herbie Hancock;Maiden Voyage;;;;;;;;;;;1;;275528
drumeo;Herbie Hancock;Actual Proof;;;;;;;;;;;1;;264439
drumeo;Herbie Hancock;Palm Grease;;;;;;;;;;;1;;317764
drumeo;Herbie Hancock;Butterfly;;;;;;;;;;;1;;270529
drumeo;Herbie Hancock;Watermelon Man;;;;;;;;;;;1;;270527
drumeo;Herbie Hancock;Chameleon;;;;;;;;;;;1;;270525
drumeo;Herbie Hancock;Sly;;;;;;;;;;;1;;371177
drumeo;Héroes Del Silencio;Entre Dos Tierras;;;;;;;;;;;1;;349717
drumeo;Hiatus Kaiyote;By Fire;;;;;;;;;;;1;;260413
drumeo;Hiatus Kaiyote;Breathing Underwater;;;;;;;;;;;1;;234960
drumeo;Hillsong United;Desert Song;;;;;;;;;;;1;;315901
drumeo;Hillsong United;Salvation Is Here;;;;;;;;;;;1;;315907
drumeo;Hillsong United;Oceans (Where Feet May Fail);;;;;;;;;;;1;;275534
drumeo;Hillsong United;Highlands (Song Of Ascent);;;;;;;;;;;1;;315911
drumeo;Hillsong United;Wonder;;;;;;;;;;;1;;315913
drumeo;Hillsong United;With Everything;;;;;;;;;;;1;;315909
drumeo;Hillsong United;Prince Of Peace;;;;;;;;;;;1;;315905
drumeo;Hillsong United;Another In The Fire;;;;;;;;;;;1;;284900
drumeo;Hillsong United;The Stand;;;;;;;;;;;1;;275532
drumeo;Hillsong United;Lead Me To The Cross;;;;;;;;;;;1;;315903
drumeo;Hillsong Worship;Who You Say I Am;;;;;;;;;;;1;;284908
drumeo;Hillsong Worship;Hosanna;;;;;;;;;;;1;;315921
drumeo;Hillsong Worship;King Of Kings;;;;;;;;;;;1;;315915
drumeo;Hillsong Worship;Broken Vessels (Amazing Grace);;;;;;;;;;;1;;279105
drumeo;Hillsong Worship;What A Beautiful Name;;;;;;;;;;;1;;284902
drumeo;Hillsong Worship;This I Believe (The Creed);;;;;;;;;;;1;;291354
drumeo;Hillsong Worship;O Praise The Name (Anastasis);;;;;;;;;;;1;;315919
drumeo;Hillsong Worship;Mighty To Save;;;;;;;;;;;1;;284904
drumeo;Hillsong Worship;Awake My Soul;;;;;;;;;;;1;;279101
drumeo;Hillsong Worship;So Will I (100 Billion X);;;;;;;;;;;1;;284906
drumeo;Hillsong Worship;In Control;;;;;;;;;;;1;;279103
drumeo;Hillsong Worship;Let There Be Light;;;;;;;;;;;1;;315917
drumeo;Hillsong Young & Free;Song For His Presence;;;;;;;;;;;1;;364691
drumeo;Hinder;Lips Of An Angel;;;;;;;;;;;1;;270531
drumeo;Hiraes;Eyes Over Black;;;;;;;;;;;1;;356034
drumeo;Hole;Celebrity Skin;;;;;;;;;;;1;;356036
drumeo;Hoobastank;The Reason;;;;;;;;;;;1;;264443
drumeo;Hootie & The Blowfish;Hold My Hand;;;;;;;;;;;1;;373371
drumeo;Horace Silver;Song For My Father;;;;;;;;;;;1;;270533
drumeo;Howlin' Wolf;Forty Four;;;;;;;;;;;1;;284910
drumeo;Howlin' Wolf;Moanin' At Midnight;;;;;;;;;;;1;;284912
drumeo;Howlin' Wolf;Built For Comfort;;;;;;;;;;;1;;284914
drumeo;Hozier;Take Me To Church;;;;;;;;;;;1;;234955
drumeo;Huey Lewis And The News;Stuck With You;;;;;;;;;;;1;;279107
drumeo;Huey Lewis And The News;I Want A New Drug;;;;;;;;;;;1;;270537
drumeo;Huey Lewis And The News;Do You Believe In Love;;;;;;;;;;;1;;270535
drumeo;Huey Lewis And The News;The Only One;;;;;;;;;;;1;;284922
drumeo;Huey Lewis And The News;Tell Me A Little Lie;;;;;;;;;;;1;;284920
drumeo;Huey Lewis And The News;Giving It All Up For Love;;;;;;;;;;;1;;284918
drumeo;Huey Lewis And The News;Hip To Be Square;;;;;;;;;;;1;;275536
drumeo;Huey Lewis And The News;If This Is It;;;;;;;;;;;1;;275542
drumeo;Huey Lewis And The News;The Power Of Love;;;;;;;;;;;1;;260417
drumeo;Huey Lewis And The News;Back In Time;;;;;;;;;;;1;;284916
drumeo;Huey Lewis And The News;Heart And Soul;;;;;;;;;;;1;;275540
drumeo;Huey Lewis And The News;Workin' For A Livin';;;;;;;;;;;1;;275538
drumeo;Huey Lewis And The News;The Heart Of Rock & Roll;;;;;;;;;;;1;;275544
drumeo;Iconic;Nowhere To Run;;;;;;;;;;;1;;377564
drumeo;Iconic;Iconic;;;;;;;;;;;1;;377562
drumeo;Iggy Pop;The Passenger;;;;;;;;;;;1;;376550
drumeo;Ike & Tina Turner;Proud Mary;;;;;;;;;;;1;;291356
drumeo;Imagine Dragons;Thunder;;;;;;;;;;;1;;275548
drumeo;Imagine Dragons;Believer;;;;;;;;;;;1;;275546
drumeo;Imagine Dragons;Natural;;;;;;;;;;;1;;275550
drumeo;Imagine Dragons;Warriors;;;;;;;;;;;1;;284924
drumeo;Imagine Dragons;Demons;;;;;;;;;;;1;;279109
drumeo;Imonolith;Hollow;;;;;;;;;;;1;;305668
drumeo;Incubus;Pardon Me;;;;;;;;;;;1;;275554
drumeo;Incubus;Drive;;;;;;;;;;;1;;275552
drumeo;Incubus;Wish You Were Here;;;;;;;;;;;1;;314517
drumeo;Incubus;Nice To Know You;;;;;;;;;;;1;;314515
drumeo;Interpol;Evil;;;;;;;;;;;1;;294517
drumeo;INXS;Never Tear Us Apart;;;;;;;;;;;1;;284926
drumeo;INXS;New Sensation;;;;;;;;;;;1;;260419
drumeo;INXS;Need You Tonight;;;;;;;;;;;1;;279111
drumeo;INXS;Suicide Blonde;;;;;;;;;;;1;;275558
drumeo;INXS;Devil Inside;;;;;;;;;;;1;;275556
drumeo;Iron Butterfly;In-A-Gadda-Da-Vida;;;;;;;;;;;1;;359997
drumeo;Iron Maiden;Fear Of The Dark;;;;;;;;;;;1;;371139
drumeo;Iron Maiden;Wasted Years;;;;;;;;;;;1;;322460
drumeo;Iron Maiden;The Trooper;;;;;;;;;;;1;;305670
drumeo;Iron Maiden;2 Minutes To Midnight;;;;;;;;;;;1;;294521
drumeo;Iron Maiden;Seventh Son Of A Seventh Son;;;;;;;;;;;1;;299082
drumeo;Iron Maiden;The Evil That Men Do;;;;;;;;;;;1;;362439
drumeo;Iron Maiden;Wrathchild;;;;;;;;;;;1;;365657
drumeo;Iron Maiden;The Number Of The Beast;;;;;;;;;;;1;;309163
drumeo;Iron Maiden;Run To The Hills;;;;;;;;;;;1;;24733
drumeo;Iron Maiden;Phantom Of The Opera;;;;;;;;;;;1;;331187
drumeo;Iron Maiden;Rime Of The Ancient Mariner;;;;;;;;;;;1;;314519
drumeo;Iron Maiden;Hallowed Be Thy Name;;;;;;;;;;;1;;326655
drumeo;Iron Maiden;Where Eagles Dare;;;;;;;;;;;1;;294519
drumeo;Iron Maiden;Stranger In A Strange Land;;;;;;;;;;;1;;344730
drumeo;Jack Savoretti;Back Where I Belong;;;;;;;;;;;1;;328184
drumeo;Jack White;Over And Over And Over;;;;;;;;;;;1;;279113
drumeo;Jackson Browne;The Pretender;;;;;;;;;;;1;;295200
drumeo;James Bay;Let It Go;;;;;;;;;;;1;;275560
drumeo;James Brown;Get Up (I Feel Like Being A) Sex Machine;;;;;;;;;;;1;;270539
drumeo;James Brown;Out Of Sight;;;;;;;;;;;1;;264447
drumeo;James Brown;Living In America;;;;;;;;;;;1;;362441
drumeo;James Brown;I Got You (I Feel Good);;;;;;;;;;;1;;260424
drumeo;James Brown;Funky President (People It's Bad);;;;;;;;;;;1;;317766
drumeo;James Brown;Funky Drummer;;;;;;;;;;;1;;264445
drumeo;James Brown;It's A Man's Man's Man's World;;;;;;;;;;;1;;275562
drumeo;James Brown;Cold Sweat, Pt. 1;;;;;;;;;;;1;;260422
drumeo;James Brown;Get Up Offa That Thing;;;;;;;;;;;1;;317768
drumeo;James Brown;I've Got Money;;;;;;;;;;;1;;279115
drumeo;James Gang;Funk #49;;;;;;;;;;;1;;349878
drumeo;James Taylor;October Road;;;;;;;;;;;1;;295641
drumeo;Jamey Johnson;In Color;;;;;;;;;;;1;;364693
drumeo;Jamiroquai;Space Cowboy;;;;;;;;;;;1;;317770
drumeo;Jamiroquai;Virtual Insanity;;;;;;;;;;;1;;23556
drumeo;Jane's Addiction;Jane Says;;;;;;;;;;;1;;291358
drumeo;Janet Jackson;Rhythm Nation;;;;;;;;;;;1;;371141
drumeo;Jason Aldean;They Don’t Know;;;;;;;;;;;1;;349719
drumeo;Jason Aldean;Dirt Road Anthem;;;;;;;;;;;1;;279117
drumeo;Jason Aldean;She's Country;;;;;;;;;;;1;;23454
drumeo;Jason Derulo;Savage Love;;;;;;;;;;;1;;291360
drumeo;Jason Lindner;Subterranean Train - Travellin';;;;;;;;;;;1;;376596
drumeo;Jason Mraz;I'm Yours;;;;;;;;;;;1;;279119
drumeo;Jay-Z;Empire State Of Mind;;;;;;;;;;;1;;270541
drumeo;Jay-Z;Run This Town;;;;;;;;;;;1;;279121
drumeo;Jean Knight;Mr. Big Stuff;;;;;;;;;;;1;;21846
drumeo;Jeff Beck;Space Boogie;;;;;;;;;;;1;;359325
drumeo;Jeff Beck;The Pump;;;;;;;;;;;1;;359329
drumeo;Jeff Buckley;Last Goodbye;;;;;;;;;;;1;;264451
drumeo;Jeff Buckley;Grace;;;;;;;;;;;1;;264449
drumeo;Jefferson Airplane;White Rabbit;;;;;;;;;;;1;;317242
drumeo;Jerry Lee Lewis;Crazy Arms;;;;;;;;;;;1;;291362
drumeo;Jesus Culture;Love Has A Name;;;;;;;;;;;1;;270543
drumeo;Jesus Culture;Your Love Never Fails;;;;;;;;;;;1;;279123
drumeo;Jesus Culture;Fierce;;;;;;;;;;;1;;328186
drumeo;Jesus Culture;Rooftops;;;;;;;;;;;1;;315923
drumeo;Jesus Jones;Right Here, Right Now;;;;;;;;;;;1;;352705
drumeo;Jet;Are You Gonna Be My Girl;;;;;;;;;;;1;;232194
drumeo;Jethro Tull;Aqualung;;;;;;;;;;;1;;305672
drumeo;Jethro Tull;North Sea Oil;;;;;;;;;;;1;;260431
drumeo;Jimmy Barnes;Message To My Girl;;;;;;;;;;;1;;373484
drumeo;Jimmy Buffett;Margaritaville;;;;;;;;;;;1;;375401
drumeo;Jimmy Eat World;The Middle;;;;;;;;;;;1;;234790
drumeo;Jimmy Reed;I Ain't Got You;;;;;;;;;;;1;;279125
drumeo;Joan Jett & The Blackhearts;I Love Rock 'n Roll;;;;;;;;;;;1;;260435
drumeo;Joan Jett & The Blackhearts;I Hate Myself For Loving You;;;;;;;;;;;1;;356038
drumeo;Joe Cocker;Unchain My Heart;;;;;;;;;;;1;;371144
drumeo;Joe Cocker;With A Little Help From My Friends;;;;;;;;;;;1;;371146
drumeo;Joe Cocker;You Can Leave Your Hat On;;;;;;;;;;;1;;294524
drumeo;Joe Cocker;Night Calls;;;;;;;;;;;1;;349723
drumeo;Joe Jackson;It's Different For Girls;;;;;;;;;;;1;;291364
drumeo;Joe Satriani;Summer Song;;;;;;;;;;;1;;362476
drumeo;Joe Walsh;Rocky Mountain Way;;;;;;;;;;;1;;284928
drumeo;John Coltrane;Giant Steps;;;;;;;;;;;1;;275564
drumeo;John Coltrane;Acknowledgement;;;;;;;;;;;1;;264453
drumeo;John Coltrane;My Favorite Things;;;;;;;;;;;1;;270545
drumeo;John Coltrane;Village Blues;;;;;;;;;;;1;;279127
drumeo;John Coltrane;Blue Train;;;;;;;;;;;1;;346613
drumeo;John Cougar Mellencamp;Pink Houses;;;;;;;;;;;1;;291368
drumeo;John Cougar Mellencamp;Small Town;;;;;;;;;;;1;;291366
drumeo;John Cougar Mellencamp;Hurts So Good;;;;;;;;;;;1;;260437
drumeo;John Cougar Mellencamp;Jack & Diane;;;;;;;;;;;1;;317244
drumeo;John Cougar Mellencamp;Authority Song;;;;;;;;;;;1;;264455
drumeo;John Lennon;Imagine;;;;;;;;;;;1;;260439
drumeo;John Mayer;Waiting On The World To Change;;;;;;;;;;;1;;264461
drumeo;John Mayer;Why Georgia;;;;;;;;;;;1;;275566
drumeo;John Mayer;Heartbreak Warfare;;;;;;;;;;;1;;264457
drumeo;John Mayer;Last Train Home;;;;;;;;;;;1;;307172
drumeo;John Mayer;Neon;;;;;;;;;;;1;;284932
drumeo;John Mayer;Rosie;;;;;;;;;;;1;;270551
drumeo;John Mayer;Your Body Is A Wonderland;;;;;;;;;;;1;;279131
drumeo;John Mayer;Gravity;;;;;;;;;;;1;;284930
drumeo;John Mayer;No Such Thing;;;;;;;;;;;1;;264459
drumeo;John Mayer;Slow Dancing In A Burning Room;;;;;;;;;;;1;;270549
drumeo;John Mayer;Vultures;;;;;;;;;;;1;;279129
drumeo;John Mayer;Perfectly Lonely;;;;;;;;;;;1;;270547
drumeo;John Parr;St. Elmo's Fire (Man In Motion);;;;;;;;;;;1;;294526
drumeo;John Scofield;So You Say;;;;;;;;;;;1;;351989
drumeo;John Scofield;Blue Matter;;;;;;;;;;;1;;352741
drumeo;John Stewart;Gold;;;;;;;;;;;1;;328189
drumeo;John Wasson;Caravan;;;;;;;;;;;1;;367244
drumeo;Johnny Cash;I Walk The Line;;;;;;;;;;;1;;279133
drumeo;Johnny Winter;Be Careful With A Fool;;;;;;;;;;;1;;291370
drumeo;Jon Pardi;Head Over Boots;;;;;;;;;;;1;;291372
drumeo;Jon Pardi;Night Shift;;;;;;;;;;;1;;275568
drumeo;Jonas Brothers;Burnin' Up;;;;;;;;;;;1;;279135
drumeo;Joni Mitchell;Two Grey Rooms;;;;;;;;;;;1;;341265
drumeo;Jordan Davis;Buy Dirt;;;;;;;;;;;1;;374571
drumeo;Josh Baldwin;Let The Redeemed;;;;;;;;;;;1;;279137
drumeo;Josh Turner;Would You Go With Me;;;;;;;;;;;1;;291374
drumeo;Journey;Any Way You Want It;;;;;;;;;;;1;;260441
drumeo;Journey;Faithfully;;;;;;;;;;;1;;275572
drumeo;Journey;Mother, Father;;;;;;;;;;;1;;361704
drumeo;Journey;Back Talk;;;;;;;;;;;1;;361713
drumeo;Journey;After All These Years;;;;;;;;;;;1;;275574
drumeo;Journey;Edge Of The Blade;;;;;;;;;;;1;;361717
drumeo;Journey;Chain Reaction;;;;;;;;;;;1;;361715
drumeo;Journey;Still They Ride;;;;;;;;;;;1;;361706
drumeo;Journey;Rubicon;;;;;;;;;;;1;;361721
drumeo;Journey;Troubled Child;;;;;;;;;;;1;;361725
drumeo;Journey;Send Her My Love;;;;;;;;;;;1;;361723
drumeo;Journey;Escape;;;;;;;;;;;1;;361698
drumeo;Journey;Open Arms;;;;;;;;;;;1;;275570
drumeo;Journey;Dead Or Alive;;;;;;;;;;;1;;361693
drumeo;Journey;Where Were You;;;;;;;;;;;1;;361689
drumeo;Journey;Who's Crying Now;;;;;;;;;;;1;;264463
drumeo;Journey;Lights;;;;;;;;;;;1;;279139
drumeo;Journey;Stone In Love;;;;;;;;;;;1;;361708
drumeo;Journey;Keep On Runnin';;;;;;;;;;;1;;361700
drumeo;Journey;After The Fall;;;;;;;;;;;1;;361710
drumeo;Journey;Lay It Down;;;;;;;;;;;1;;361702
drumeo;Journey;Separate Ways (Worlds Apart);;;;;;;;;;;1;;260444
drumeo;Journey;Don't Stop Believin';;;;;;;;;;;1;;24252
drumeo;Journey;Lă Do Dā;;;;;;;;;;;1;;361687
drumeo;Journey;Frontiers;;;;;;;;;;;1;;361719
drumeo;Journey;Wheel In The Sky;;;;;;;;;;;1;;260446
drumeo;Journey;Lovin', Touchin', Squeezin';;;;;;;;;;;1;;291376
drumeo;Joy Division;Love Will Tear Us Apart;;;;;;;;;;;1;;291378
drumeo;Judas Priest;The Hellion/Electric Eye;;;;;;;;;;;1;;279141
drumeo;Judas Priest;Last Rose Of Summer;;;;;;;;;;;1;;349725
drumeo;Judas Priest;Hell Bent For Leather;;;;;;;;;;;1;;328191
drumeo;Judas Priest;Living After Midnight;;;;;;;;;;;1;;264465
drumeo;Judas Priest;Dissident Aggressor;;;;;;;;;;;1;;357339
drumeo;Judas Priest;Diamonds And Rust;;;;;;;;;;;1;;374573
drumeo;Judas Priest;Riding On The Wind;;;;;;;;;;;1;;284934
drumeo;Judas Priest;Breaking The Law;;;;;;;;;;;1;;299084
drumeo;Judas Priest;Painkiller;;;;;;;;;;;1;;291380
drumeo;Juice Wrld;Lucid Dreams;;;;;;;;;;;1;;328193
drumeo;Justin Timberlake;I'm Lovin' It;;;;;;;;;;;1;;284936
drumeo;Justin Timberlake;Suit & Tie;;;;;;;;;;;1;;279143
drumeo;Jxdn;Pills;;;;;;;;;;;1;;364706
drumeo;Jxdn;Lips;;;;;;;;;;;1;;364695
drumeo;K'naan;Wavin' Flag;;;;;;;;;;;1;;284938
drumeo;Kacey Musgraves;Space Cowboy;;;;;;;;;;;1;;291384
drumeo;Kacey Musgraves;Follow You Arrow;;;;;;;;;;;1;;291386
drumeo;Kacey Musgraves;Slow Burn;;;;;;;;;;;1;;291382
drumeo;Kaiser Chiefs;I Predict A Riot;;;;;;;;;;;1;;305674
drumeo;Kaleo;No Good;;;;;;;;;;;1;;291388
drumeo;Kansas;Point Of Know Return;;;;;;;;;;;1;;264467
drumeo;Kansas;Carry On Wayward Son;;;;;;;;;;;1;;260448
drumeo;Kanye West;Power;;;;;;;;;;;1;;284940
drumeo;Karnivool;C.O.T.E.;;;;;;;;;;;1;;234971
drumeo;Karnivool;New Day;;;;;;;;;;;1;;344733
drumeo;Katy Perry;California Gurls;;;;;;;;;;;1;;22154
drumeo;Katy Perry;Last Friday Night (T.G.I.F.);;;;;;;;;;;1;;270553
drumeo;Katy Perry;Teenage Dream;;;;;;;;;;;1;;264469
drumeo;Katy Perry;Who Am I Living For?;;;;;;;;;;;1;;264471
drumeo;KC & The Sunshine Band;Get Down Tonight;;;;;;;;;;;1;;284942
drumeo;Keane;Somewhere Only We Know;;;;;;;;;;;1;;270555
drumeo;Keane;Everybody's Changing;;;;;;;;;;;1;;302647
drumeo;Keith Richards;How I Wish;;;;;;;;;;;1;;291390
drumeo;Keith Urban;Somebody Like You;;;;;;;;;;;1;;284944
drumeo;Kelly Clarkson;My Life Would Suck Without You;;;;;;;;;;;1;;284946
drumeo;Kenny Loggins;Danger Zone;;;;;;;;;;;1;;348745
drumeo;Kid Cudi;Erase Me;;;;;;;;;;;1;;284948
drumeo;Kid Rock;All Summer Long;;;;;;;;;;;1;;291392
drumeo;Kid Rock;Let's Ride;;;;;;;;;;;1;;284950
drumeo;Kim Mitchell;All We Are;;;;;;;;;;;1;;352707
drumeo;King Cobra;Hunger;;;;;;;;;;;1;;356005
drumeo;Kings Of Leon;Sex On Fire;;;;;;;;;;;1;;233244
drumeo;Kings Of Leon;Red Morning Light;;;;;;;;;;;1;;291396
drumeo;Kings Of Leon;Crawl;;;;;;;;;;;1;;291394
drumeo;Kings Of Leon;Use Somebody;;;;;;;;;;;1;;13796
drumeo;Kirk Franklin;I Smile;;;;;;;;;;;1;;264473
drumeo;Kirk Franklin;Hosanna;;;;;;;;;;;1;;364708
drumeo;KISS;Rock And Roll All Nite;;;;;;;;;;;1;;264477
drumeo;KISS;100,000 Years;;;;;;;;;;;1;;279145
drumeo;KISS;Cold Gin;;;;;;;;;;;1;;373821
drumeo;KISS;Lick It Up;;;;;;;;;;;1;;264475
drumeo;KISS;Calling Dr. Love;;;;;;;;;;;1;;279147
drumeo;KISS;Love Gun;;;;;;;;;;;1;;337411
drumeo;KISS;We Are One;;;;;;;;;;;1;;284960
drumeo;KISS;Heaven's On Fire;;;;;;;;;;;1;;284954
drumeo;KISS;Creatures Of The Night;;;;;;;;;;;1;;284956
drumeo;KISS;God Gave Rock And Roll To You;;;;;;;;;;;1;;337413
drumeo;KISS;Room Service;;;;;;;;;;;1;;284958
drumeo;KISS;God Of Thunder;;;;;;;;;;;1;;377116
drumeo;KISS;I Was Made For Lovin' You;;;;;;;;;;;1;;260456
drumeo;KISS;Detroit Rock City;;;;;;;;;;;1;;356040
drumeo;KISS;I Love It Loud;;;;;;;;;;;1;;349728
drumeo;Kool & The Gang;Jungle Boogie;;;;;;;;;;;1;;275576
drumeo;Kool & The Gang;Hollywood Swinging;;;;;;;;;;;1;;317772
drumeo;Kool & The Gang;Celebration;;;;;;;;;;;1;;260458
drumeo;Korn;Blind;;;;;;;;;;;1;;291400
drumeo;Korn;Here To Stay;;;;;;;;;;;1;;291406
drumeo;Korn;Falling Away From Me;;;;;;;;;;;1;;291398
drumeo;Korn;Got The Life;;;;;;;;;;;1;;331189
drumeo;Korn;Coming Undone;;;;;;;;;;;1;;291404
drumeo;Korn;Freak On A Leash;;;;;;;;;;;1;;291402
drumeo;Korn;Hater;;;;;;;;;;;1;;328195
drumeo;Kungs Vs. Cookin' On 3 Burners;This Girl;;;;;;;;;;;1;;349730
drumeo;Kyuss;Hurricane;;;;;;;;;;;1;;349732
drumeo;Lady Antebellum;Need You Now;;;;;;;;;;;1;;284962
drumeo;Lady Gaga;Bad Romance;;;;;;;;;;;1;;270561
drumeo;Lady Gaga;Poker Face;;;;;;;;;;;1;;270559
drumeo;Lady Gaga;The Edge Of Glory;;;;;;;;;;;1;;270557
drumeo;Lady Gaga And Bradley Cooper;Shallow;;;;;;;;;;;1;;374578
drumeo;Lake Street Dive;I Don’t Care About You;;;;;;;;;;;1;;374580
drumeo;Lamb Of God;Redneck;;;;;;;;;;;1;;279151
drumeo;Lamb Of God;Ashes Of The Wake;;;;;;;;;;;1;;279149
drumeo;Lamb Of God;Pathetic;;;;;;;;;;;1;;284966
drumeo;Lauren Daigle;Everything;;;;;;;;;;;1;;291408
drumeo;Lauren Daigle;You Say;;;;;;;;;;;1;;291414
drumeo;Lauren Daigle;Love Like This;;;;;;;;;;;1;;291412
drumeo;Lauren Daigle;Look Up Child;;;;;;;;;;;1;;291410
drumeo;Lauren Daigle;Your Wings;;;;;;;;;;;1;;291416
drumeo;LCD Soundsystem;Dance Yrself Clean;;;;;;;;;;;1;;364710
drumeo;Led Zeppelin;Good Times Bad Times;;;;;;;;;;;1;;260460
drumeo;Led Zeppelin;Ozone Baby;;;;;;;;;;;1;;327462
drumeo;Led Zeppelin;Rock And Roll;;;;;;;;;;;1;;301985
drumeo;Led Zeppelin;I Can't Quit You Baby;;;;;;;;;;;1;;301948
drumeo;Led Zeppelin;D'yer Mak'er;;;;;;;;;;;1;;270563
drumeo;Led Zeppelin;How Many More Times;;;;;;;;;;;1;;301945
drumeo;Led Zeppelin;Four Sticks;;;;;;;;;;;1;;301979
drumeo;Led Zeppelin;In The Evening;;;;;;;;;;;1;;327485
drumeo;Led Zeppelin;Celebration Day;;;;;;;;;;;1;;301972
drumeo;Led Zeppelin;Ten Years Gone;;;;;;;;;;;1;;284976
drumeo;Led Zeppelin;The Lemon Song;;;;;;;;;;;1;;301962
drumeo;Led Zeppelin;The Ocean;;;;;;;;;;;1;;232619
drumeo;Led Zeppelin;South Bound Suarez;;;;;;;;;;;1;;327488
drumeo;Led Zeppelin;Communication Breakdown;;;;;;;;;;;1;;270569
drumeo;Led Zeppelin;Bonzo's Montreux;;;;;;;;;;;1;;327456
drumeo;Led Zeppelin;In My Time Of Dying;;;;;;;;;;;1;;284974
drumeo;Led Zeppelin;When The Levee Breaks;;;;;;;;;;;1;;284968
drumeo;Led Zeppelin;Dancing Days;;;;;;;;;;;1;;301935
drumeo;Led Zeppelin;Dazed And Confused;;;;;;;;;;;1;;301943
drumeo;Led Zeppelin;Bring It On Home;;;;;;;;;;;1;;301954
drumeo;Led Zeppelin;Darlene;;;;;;;;;;;1;;327460
drumeo;Led Zeppelin;Poor Tom;;;;;;;;;;;1;;327466
drumeo;Led Zeppelin;Immigrant Song;;;;;;;;;;;1;;260462
drumeo;Led Zeppelin;Gallows Pole;;;;;;;;;;;1;;301975
drumeo;Led Zeppelin;You Shook Me;;;;;;;;;;;1;;301950
drumeo;Led Zeppelin;Whole Lotta Love;;;;;;;;;;;1;;301967
drumeo;Led Zeppelin;Babe I'm Gonna Leave You;;;;;;;;;;;1;;270567
drumeo;Led Zeppelin;Tea For One;;;;;;;;;;;1;;327506
drumeo;Led Zeppelin;Candy Store Rock;;;;;;;;;;;1;;327493
drumeo;Led Zeppelin;Kashmir;;;;;;;;;;;1;;233769
drumeo;Led Zeppelin;Houses Of The Holy;;;;;;;;;;;1;;284972
drumeo;Led Zeppelin;Wearing And Tearing;;;;;;;;;;;1;;327470
drumeo;Led Zeppelin;Out On The Tiles;;;;;;;;;;;1;;301977
drumeo;Led Zeppelin;For Your Life;;;;;;;;;;;1;;327497
drumeo;Led Zeppelin;The Rover;;;;;;;;;;;1;;284978
drumeo;Led Zeppelin;Thank You;;;;;;;;;;;1;;301960
drumeo;Led Zeppelin;Since I've Been Loving You;;;;;;;;;;;1;;301981
drumeo;Led Zeppelin;Hot Dog;;;;;;;;;;;1;;327479
drumeo;Led Zeppelin;What Is And What Should Never Be;;;;;;;;;;;1;;301964
drumeo;Led Zeppelin;Trampled Under Foot;;;;;;;;;;;1;;302000
drumeo;Led Zeppelin;Boogie With Stu;;;;;;;;;;;1;;301989
drumeo;Led Zeppelin;The Wanton Song;;;;;;;;;;;1;;279159
drumeo;Led Zeppelin;Achilles Last Stand;;;;;;;;;;;1;;327491
drumeo;Led Zeppelin;Nobody's Fault But Mine;;;;;;;;;;;1;;327500
drumeo;Led Zeppelin;Carouselambra;;;;;;;;;;;1;;327476
drumeo;Led Zeppelin;Royal Orleans;;;;;;;;;;;1;;327504
drumeo;Led Zeppelin;Hots On For Nowhere;;;;;;;;;;;1;;327502
drumeo;Led Zeppelin;Misty Mountain Hop;;;;;;;;;;;1;;270573
drumeo;Led Zeppelin;No Quarter;;;;;;;;;;;1;;301937
drumeo;Led Zeppelin;Night Flight;;;;;;;;;;;1;;301995
drumeo;Led Zeppelin;Heartbreaker;;;;;;;;;;;1;;275580
drumeo;Led Zeppelin;Sick Again;;;;;;;;;;;1;;301997
drumeo;Led Zeppelin;Stairway To Heaven;;;;;;;;;;;1;;279157
drumeo;Led Zeppelin;Moby Dick;;;;;;;;;;;1;;301956
drumeo;Led Zeppelin;The Rain Song;;;;;;;;;;;1;;301939
drumeo;Led Zeppelin;Custard Pie;;;;;;;;;;;1;;301991
drumeo;Led Zeppelin;Black Dog;;;;;;;;;;;1;;275582
drumeo;Led Zeppelin;Ramble On;;;;;;;;;;;1;;301958
drumeo;Led Zeppelin;Your Time Is Gonna Come;;;;;;;;;;;1;;301952
drumeo;Led Zeppelin;The Crunge;;;;;;;;;;;1;;279153
drumeo;Led Zeppelin;Fool In The Rain;;;;;;;;;;;1;;275578
drumeo;Led Zeppelin;Black Country Woman;;;;;;;;;;;1;;301987
drumeo;Led Zeppelin;In The Light;;;;;;;;;;;1;;301993
drumeo;Led Zeppelin;I'm Gonna Crawl;;;;;;;;;;;1;;327482
drumeo;Led Zeppelin;Tangerine;;;;;;;;;;;1;;279155
drumeo;Led Zeppelin;Living Loving Maid (She's Just A Woman);;;;;;;;;;;1;;270571
drumeo;Led Zeppelin;The Song Remains The Same;;;;;;;;;;;1;;301941
drumeo;Led Zeppelin;Over The Hills And Far Away;;;;;;;;;;;1;;270565
drumeo;Led Zeppelin;Walter's Walk;;;;;;;;;;;1;;327464
drumeo;Led Zeppelin;Down By The Seaside;;;;;;;;;;;1;;284970
drumeo;Led Zeppelin;Bron-Y-Aur Stomp;;;;;;;;;;;1;;301970
drumeo;Led Zeppelin;All My Love;;;;;;;;;;;1;;327472
drumeo;Led Zeppelin;We're Gonna Groove;;;;;;;;;;;1;;327468
drumeo;Leeland;Lion And The Lamb;;;;;;;;;;;1;;279161
drumeo;Leeland;Way Maker;;;;;;;;;;;1;;275584
drumeo;Lenny Kravitz;Low;;;;;;;;;;;1;;284982
drumeo;Lenny Kravitz;Let Love Rule;;;;;;;;;;;1;;284980
drumeo;Lenny Kravitz;Are You Gonna Go My Way;;;;;;;;;;;1;;27164
drumeo;Lenny Kravitz;Always On The Run;;;;;;;;;;;1;;190995
drumeo;Lenny Kravitz;I'll Be Waiting;;;;;;;;;;;1;;260469
drumeo;Leprous;The Price;;;;;;;;;;;1;;284984
drumeo;Lianne La Havas;Don't Wake Me Up;;;;;;;;;;;1;;284986
drumeo;Limp Bizkit;Break Stuff;;;;;;;;;;;1;;291418
drumeo;Limp Bizkit;Rollin' (Air Raid Vehicle);;;;;;;;;;;1;;373823
drumeo;Limp Bizkit;Take A Look Around;;;;;;;;;;;1;;294528
drumeo;Lin-Manuel Miranda;Wait For It;;;;;;;;;;;1;;313356
drumeo;Lin-Manuel Miranda;The Election Of 1800;;;;;;;;;;;1;;313347
drumeo;Lin-Manuel Miranda;One Last Time;;;;;;;;;;;1;;313342
drumeo;Lin-Manuel Miranda;The Schuyler Sisters;;;;;;;;;;;1;;313351
drumeo;Lin-Manuel Miranda;Non-Stop;;;;;;;;;;;1;;313339
drumeo;Lin-Manuel Miranda;Blow Us All Away;;;;;;;;;;;1;;313331
drumeo;Lin-Manuel Miranda;Alexander Hamilton;;;;;;;;;;;1;;313329
drumeo;Lin-Manuel Miranda;My Shot;;;;;;;;;;;1;;313337
drumeo;Lin-Manuel Miranda;Yorktown (The World Turned Upside Down);;;;;;;;;;;1;;313358
drumeo;Lin-Manuel Miranda;The Room Where It Happens;;;;;;;;;;;1;;313349
drumeo;Lin-Manuel Miranda;Burn;;;;;;;;;;;1;;313333
drumeo;Lin-Manuel Miranda;Guns And Ships;;;;;;;;;;;1;;313335
drumeo;Lin-Manuel Miranda;Right Hand Man;;;;;;;;;;;1;;313345
drumeo;Lin-Manuel Miranda;You'll Be Back;;;;;;;;;;;1;;313361
drumeo;Lin-Manuel Miranda;The World Was Wide Enough;;;;;;;;;;;1;;313353
drumeo;Lincoln Brewster;More Than Amazing;;;;;;;;;;;1;;375403
drumeo;Lincoln Brewster;Let The Praises Ring;;;;;;;;;;;1;;275586
drumeo;Lincoln Brewster;Today Is The Day;;;;;;;;;;;1;;270575
drumeo;Lincoln Brewster;Reaching For You;;;;;;;;;;;1;;275588
drumeo;Linkin Park;New Divide;;;;;;;;;;;1;;349735
drumeo;Linkin Park;Numb;;;;;;;;;;;1;;279163
drumeo;Linkin Park;Breaking The Habit;;;;;;;;;;;1;;284990
drumeo;Linkin Park;Final Masquerade;;;;;;;;;;;1;;284992
drumeo;Linkin Park;In The End;;;;;;;;;;;1;;233246
drumeo;Linkin Park;Faint;;;;;;;;;;;1;;356042
drumeo;Linkin Park;Crawling;;;;;;;;;;;1;;284988
drumeo;Linkin Park;One Step Closer;;;;;;;;;;;1;;291420
drumeo;Linkin Park;What I've Done;;;;;;;;;;;1;;279165
drumeo;Lionel Richie;Hello;;;;;;;;;;;1;;279167
drumeo;Lionel Richie;All Night Long (All Night);;;;;;;;;;;1;;275590
drumeo;Lipps Inc.;Funkytown;;;;;;;;;;;1;;317774
drumeo;Liquid Tension Experiment;When The Water Breaks;;;;;;;;;;;1;;264479
drumeo;Lit;My Own Worst Enemy;;;;;;;;;;;1;;352709
drumeo;Little Barrie;Better Call Saul;;;;;;;;;;;1;;365698
drumeo;Little Big Town;Girl Crush;;;;;;;;;;;1;;377118
drumeo;Live;I Alone;;;;;;;;;;;1;;365659
drumeo;Live;Pain Lies On The Riverside;;;;;;;;;;;1;;374584
drumeo;Live;White, Discussion;;;;;;;;;;;1;;328199
drumeo;Live;Selling The Drama;;;;;;;;;;;1;;294530
drumeo;Live;Waitress;;;;;;;;;;;1;;328197
drumeo;Living Colour;Love Rears Its Ugly Head;;;;;;;;;;;1;;352711
drumeo;Living Colour;Cult Of Personality;;;;;;;;;;;1;;275592
drumeo;Lord Huron;Meet Me In The Woods;;;;;;;;;;;1;;374586
drumeo;Lost Frequencies;Love To Go;;;;;;;;;;;1;;291422
drumeo;Louie Bellson;Skin Deep;;;;;;;;;;;1;;305676
drumeo;Louie Bellson;The Intimacy Of The Blues;;;;;;;;;;;1;;346210
drumeo;Louis Armstrong & Duke Ellington;It Don't Mean A Thing (If It Ain't Got That Swing);;;;;;;;;;;1;;346213
drumeo;Louis Jordan And His Tympany Five;Saturday Night Fish Fry;;;;;;;;;;;1;;291424
drumeo;Louis Prima;(I'll Be Glad When You're Dead) You Rascal You;;;;;;;;;;;1;;291426
drumeo;Loverboy;Working For The Weekend;;;;;;;;;;;1;;264481
drumeo;Lucifer’s Friend;Any Day Now;;;;;;;;;;;1;;374588
drumeo;Luke Combs;She Got The Best Of Me;;;;;;;;;;;1;;270577
drumeo;Luke Combs;Forever After All;;;;;;;;;;;1;;328201
drumeo;Luke Combs;Beautiful Crazy;;;;;;;;;;;1;;264483
drumeo;Luke Combs;When It Rains It Pours;;;;;;;;;;;1;;284994
drumeo;Lynyrd Skynyrd;Simple Man;;;;;;;;;;;1;;326660
drumeo;Lynyrd Skynyrd;What's Your Name;;;;;;;;;;;1;;284998
drumeo;Lynyrd Skynyrd;Saturday Night Special;;;;;;;;;;;1;;284996
drumeo;Lynyrd Skynyrd;Free Bird;;;;;;;;;;;1;;314521
drumeo;Lynyrd Skynyrd;Sweet Home Alabama;;;;;;;;;;;1;;25270
drumeo;M People;Moving On Up;;;;;;;;;;;1;;291428
drumeo;Machine Gun Kelly;Forget Me Too;;;;;;;;;;;1;;291434
drumeo;Machine Gun Kelly;Concert For Aliens;;;;;;;;;;;1;;291432
drumeo;Machine Gun Kelly;My Ex's Best Friend;;;;;;;;;;;1;;291436
drumeo;Machine Gun Kelly;Bloody Valentine;;;;;;;;;;;1;;291430
drumeo;Machine Head;Davidian;;;;;;;;;;;1;;375205
drumeo;Macklemore & Ryan Lewis;Same Love;;;;;;;;;;;1;;291440
drumeo;Macklemore & Ryan Lewis;Can't Hold Us;;;;;;;;;;;1;;291438
drumeo;Macy Gray;I Try;;;;;;;;;;;1;;364712
drumeo;Maddie & Tae;Shut Up And Fish;;;;;;;;;;;1;;291444
drumeo;Madness;Night Boat To Cairo;;;;;;;;;;;1;;291446
drumeo;Madness;One Step Beyond;;;;;;;;;;;1;;371148
drumeo;Madonna;Holiday;;;;;;;;;;;1;;375654
drumeo;Madonna;Like A Virgin;;;;;;;;;;;1;;279169
drumeo;Madonna;Hung Up;;;;;;;;;;;1;;373486
drumeo;Madonna;Into The Groove;;;;;;;;;;;1;;376552
drumeo;Make Them Suffer;Let Me In;;;;;;;;;;;1;;291452
drumeo;Make Them Suffer;Soul Decay;;;;;;;;;;;1;;291450
drumeo;Make Them Suffer;Drown With Me;;;;;;;;;;;1;;291448
drumeo;Make Them Suffer;Step One;;;;;;;;;;;1;;375862
drumeo;Mammoth WVH;Epiphany;;;;;;;;;;;1;;352713
drumeo;Mammoth WVH;Don't Back Down;;;;;;;;;;;1;;326657
drumeo;Manchester Orchestra;The Moth;;;;;;;;;;;1;;328203
drumeo;Måneskin;Beggin';;;;;;;;;;;1;;328206
drumeo;Manfred Mann's Earth Band;Blinded By The Light;;;;;;;;;;;1;;328208
drumeo;Manowar;Thor (The Powerhead);;;;;;;;;;;1;;364714
drumeo;Marc Cohn;Walking In Memphis;;;;;;;;;;;1;;376554
drumeo;Mariah Carey;All I Want For Christmas Is You;;;;;;;;;;;1;;291454
drumeo;Marilyn Manson;The Beautiful People;;;;;;;;;;;1;;285000
drumeo;Marilyn Manson;Sweet Dreams (Are Made Of This);;;;;;;;;;;1;;291456
drumeo;Mark Guiliana Jazz Quartet;One Month;;;;;;;;;;;1;;376586
drumeo;Mark Ronson;Uptown Funk;;;;;;;;;;;1;;22734
drumeo;Mark Ronson & Amy Winehouse;Valerie;;;;;;;;;;;1;;264485
drumeo;Maroon 5;Sunday Morning;;;;;;;;;;;1;;352715
drumeo;Maroon 5;Makes Me Wonder;;;;;;;;;;;1;;264487
drumeo;Maroon 5;Won't Go Home Without You;;;;;;;;;;;1;;377120
drumeo;Maroon 5;Moves Like Jagger;;;;;;;;;;;1;;291458
drumeo;Maroon 5;This Love;;;;;;;;;;;1;;23450
drumeo;Maroon 5;Misery;;;;;;;;;;;1;;279171
drumeo;Maroon 5;If I Never See Your Face Again;;;;;;;;;;;1;;328210
drumeo;Maroon 5;Sugar;;;;;;;;;;;1;;27845
drumeo;Maroon 5;She Will Be Loved;;;;;;;;;;;1;;373825
drumeo;Marvin Gaye;What's Going On;;;;;;;;;;;1;;331193
drumeo;Marvin Gaye;Can I Get A Witness;;;;;;;;;;;1;;360027
drumeo;Marvin Gaye;Let's Get It On;;;;;;;;;;;1;;264489
drumeo;Marvin Gaye;That's The Way Love Is;;;;;;;;;;;1;;285006
drumeo;Marvin Gaye;I Heard It Through The Grapevine;;;;;;;;;;;1;;285002
drumeo;Marvin Gaye;I'll Be Doggone;;;;;;;;;;;1;;285004
drumeo;Marvin Gaye & Tammi Terrell;Ain't No Mountain High Enough;;;;;;;;;;;1;;275594
drumeo;Mastodon;Colony Of Birchmen;;;;;;;;;;;1;;364716
drumeo;Mastodon;Steambreather;;;;;;;;;;;1;;364718
drumeo;Matchbox Twenty;3:00 AM;;;;;;;;;;;1;;264491
drumeo;Matchbox Twenty;Unwell;;;;;;;;;;;1;;285008
drumeo;Matt Maher;Lord, I Need You;;;;;;;;;;;1;;279173
drumeo;Max Roach;Driva' Man;;;;;;;;;;;1;;275598
drumeo;Max Roach;The Drum Also Waltzes;;;;;;;;;;;1;;270579
drumeo;Max Roach;For Big Sid;;;;;;;;;;;1;;275596
drumeo;Maynard Ferguson;Birdland;;;;;;;;;;;1;;376556
drumeo;Maynard Ferguson;Gonna Fly Now;;;;;;;;;;;1;;275600
drumeo;MC Hammer;U Can't Touch This;;;;;;;;;;;1;;270581
drumeo;McCoy Tyner;Effendi;;;;;;;;;;;1;;279175
drumeo;Meat Loaf;I'd Do Anything For Love (But I Won't Do That);;;;;;;;;;;1;;322462
drumeo;Meat Loaf;Paradise By The Dashboard Light;;;;;;;;;;;1;;348743
drumeo;Meat Puppets;Backwater;;;;;;;;;;;1;;364720
drumeo;Megadeth;Peace Sells;;;;;;;;;;;1;;337417
drumeo;Megadeth;Tornado Of Souls;;;;;;;;;;;1;;260479
drumeo;Megadeth;Holy Wars...The Punishment Due;;;;;;;;;;;1;;305678
drumeo;Megadeth;Kill The King;;;;;;;;;;;1;;328212
drumeo;Megadeth;Train Of Consequences;;;;;;;;;;;1;;285012
drumeo;Megadeth;Sweating Bullets;;;;;;;;;;;1;;270583
drumeo;Megadeth;Foreclosure Of A Dream;;;;;;;;;;;1;;285010
drumeo;Megadeth;Blackmail The Universe;;;;;;;;;;;1;;375864
drumeo;Megadeth;Hangar 18;;;;;;;;;;;1;;275602
drumeo;Megadeth;A Tout Le Monde;;;;;;;;;;;1;;279179
drumeo;Megadeth;Kick The Chair;;;;;;;;;;;1;;341267
drumeo;Megadeth;Trust;;;;;;;;;;;1;;279177
drumeo;Megadeth;Symphony Of Destruction;;;;;;;;;;;1;;260477
drumeo;Mehliana;You Can't Go Back Now;;;;;;;;;;;1;;376589
drumeo;Men At Work;Down Under;;;;;;;;;;;1;;270585
drumeo;Men At Work;Who Can It Be Now?;;;;;;;;;;;1;;364722
drumeo;Men Without Hats;The Safety Dance;;;;;;;;;;;1;;291460
drumeo;MercyMe;Flawless;;;;;;;;;;;1;;315925
drumeo;MercyMe;Best News Ever;;;;;;;;;;;1;;279181
drumeo;MercyMe;I Can Only Imagine;;;;;;;;;;;1;;275604
drumeo;Meshuggah;Combustion;;;;;;;;;;;1;;291464
drumeo;Meshuggah;New Millenium Cyanide Christ;;;;;;;;;;;1;;264493
drumeo;Meshuggah;Bleed;;;;;;;;;;;1;;260481
drumeo;Meshuggah;Corridor Of Chameleons;;;;;;;;;;;1;;375866
drumeo;Meshuggah;obZen;;;;;;;;;;;1;;270587
drumeo;Meshuggah;Stengah;;;;;;;;;;;1;;291462
drumeo;Meshuggah;Do Not Look Down;;;;;;;;;;;1;;275608
drumeo;Meshuggah;Future Breed Machine;;;;;;;;;;;1;;275606
drumeo;Meshuggah;Rational Gaze;;;;;;;;;;;1;;275610
drumeo;Metallica;Thorn Within;;;;;;;;;;;1;;333493
drumeo;Metallica;The Shortest Straw;;;;;;;;;;;1;;333472
drumeo;Metallica;(Anesthesia) - Pulling Teeth;;;;;;;;;;;1;;285018
drumeo;Metallica;Hero Of The Day;;;;;;;;;;;1;;349737
drumeo;Metallica;Welcome Home (Sanitarium);;;;;;;;;;;1;;333503
drumeo;Metallica;Fade To Black;;;;;;;;;;;1;;260484
drumeo;Metallica;Holier Than Thou;;;;;;;;;;;1;;333509
drumeo;Metallica;Whiskey In The Jar;;;;;;;;;;;1;;322466
drumeo;Metallica;My Friend Of Misery;;;;;;;;;;;1;;356044
drumeo;Metallica;The Frayed Ends Of Sanity;;;;;;;;;;;1;;372930
drumeo;Metallica;The Memory Remains;;;;;;;;;;;1;;331196
drumeo;Metallica;To Live Is To Die;;;;;;;;;;;1;;285014
drumeo;Metallica;...And Justice For All;;;;;;;;;;;1;;302649
drumeo;Metallica;Cyanide;;;;;;;;;;;1;;333474
drumeo;Metallica;Hit The Lights;;;;;;;;;;;1;;333484
drumeo;Metallica;Wherever I May Roam;;;;;;;;;;;1;;314523
drumeo;Metallica;The Day That Never Comes;;;;;;;;;;;1;;285016
drumeo;Metallica;Frantic;;;;;;;;;;;1;;333527
drumeo;Metallica;The Unforgiven III;;;;;;;;;;;1;;279187
drumeo;Metallica;Leper Messiah;;;;;;;;;;;1;;279183
drumeo;Metallica;Eye Of The Beholder;;;;;;;;;;;1;;333468
drumeo;Metallica;Ride The Lightning;;;;;;;;;;;1;;322463
drumeo;Metallica;The Struggle Within;;;;;;;;;;;1;;333514
drumeo;Metallica;For Whom The Bell Tolls;;;;;;;;;;;1;;260486
drumeo;Metallica;Nothing Else Matters;;;;;;;;;;;1;;260489
drumeo;Metallica;The Four Horsemen;;;;;;;;;;;1;;275612
drumeo;Metallica;Harvester Of Sorrow;;;;;;;;;;;1;;333470
drumeo;Metallica;The Thing That Should Not Be;;;;;;;;;;;1;;333505
drumeo;Metallica;The God That Failed;;;;;;;;;;;1;;333516
drumeo;Metallica;The Unforgiven II;;;;;;;;;;;1;;285024
drumeo;Metallica;Wasting My Hate;;;;;;;;;;;1;;333495
drumeo;Metallica;One;;;;;;;;;;;1;;22166
drumeo;Metallica;Battery;;;;;;;;;;;1;;333497
drumeo;Metallica;Enter Sandman;;;;;;;;;;;1;;19758
drumeo;Metallica;Ain't My Bitch;;;;;;;;;;;1;;333486
drumeo;Metallica;King Nothing;;;;;;;;;;;1;;333488
drumeo;Metallica;Fuel;;;;;;;;;;;1;;326665
drumeo;Metallica;Fixxxer;;;;;;;;;;;1;;333520
drumeo;Metallica;Don't Tread On Me;;;;;;;;;;;1;;333507
drumeo;Metallica;Disposable Heroes;;;;;;;;;;;1;;333501
drumeo;Metallica;Mama Said;;;;;;;;;;;1;;333490
drumeo;Metallica;Of Wolf And Man;;;;;;;;;;;1;;333511
drumeo;Metallica;Orion;;;;;;;;;;;1;;279185
drumeo;Metallica;Fight Fire With Fire;;;;;;;;;;;1;;333522
drumeo;Metallica;Seek & Destroy;;;;;;;;;;;1;;326663
drumeo;Metallica;Master Of Puppets;;;;;;;;;;;1;;25335
drumeo;Metallica;Dyers Eve;;;;;;;;;;;1;;333466
drumeo;Metallica;The Call Of Ktulu;;;;;;;;;;;1;;333524
drumeo;Metallica;Blackened;;;;;;;;;;;1;;317248
drumeo;Metallica;St. Anger;;;;;;;;;;;1;;349739
drumeo;Metallica;The Unforgiven;;;;;;;;;;;1;;285022
drumeo;Metallica;Sad But True;;;;;;;;;;;1;;275614
drumeo;Metallica;Moth Into Flame;;;;;;;;;;;1;;302652
drumeo;Metallica;Hardwired;;;;;;;;;;;1;;333480
drumeo;Metallica;Halo On Fire;;;;;;;;;;;1;;333478
drumeo;Metallica;Turn The Page;;;;;;;;;;;1;;333476
drumeo;Metallica;Damage, Inc.;;;;;;;;;;;1;;333499
drumeo;Metallica;Creeping Death;;;;;;;;;;;1;;299086
drumeo;Metallica;Until It Sleeps;;;;;;;;;;;1;;285020
drumeo;Metallica;Through The Never;;;;;;;;;;;1;;333518
drumeo;Metallica;Spit Out The Bone;;;;;;;;;;;1;;333482
drumeo;mewithoutYou;Wolf Am I! (And Shadow);;;;;;;;;;;1;;364724
drumeo;MGMT;Electric Feel;;;;;;;;;;;1;;291466
drumeo;Michael Bublé;Everything;;;;;;;;;;;1;;270589
drumeo;Michael Bublé;Santa Claus Is Comin' To Town;;;;;;;;;;;1;;375656
drumeo;Michael Bublé;White Christmas;;;;;;;;;;;1;;375659
drumeo;Michael Jackson;Remember The Time;;;;;;;;;;;1;;315981
drumeo;Michael Jackson;Bad;;;;;;;;;;;1;;279189
drumeo;Michael Jackson;Get On The Floor;;;;;;;;;;;1;;315997
drumeo;Michael Jackson;Burn This Disco Out;;;;;;;;;;;1;;315993
drumeo;Michael Jackson;Man In The Mirror;;;;;;;;;;;1;;315961
drumeo;Michael Jackson;The Lady In My Life;;;;;;;;;;;1;;285030
drumeo;Michael Jackson;P.Y.T. (Pretty Young Thing);;;;;;;;;;;1;;270593
drumeo;Michael Jackson;Why You Wanna Trip On Me;;;;;;;;;;;1;;315987
drumeo;Michael Jackson;She Drives Me Wild;;;;;;;;;;;1;;315983
drumeo;Michael Jackson;Billie Jean;;;;;;;;;;;1;;234278
drumeo;Michael Jackson;Just Good Friends;;;;;;;;;;;1;;315955
drumeo;Michael Jackson;Another Part Of Me;;;;;;;;;;;1;;315951
drumeo;Michael Jackson;Can't Let Her Get Away;;;;;;;;;;;1;;315969
drumeo;Michael Jackson;In The Closet;;;;;;;;;;;1;;315977
drumeo;Michael Jackson;They Don't Care About Us;;;;;;;;;;;1;;315991
drumeo;Michael Jackson;I Just Can't Stop Loving You;;;;;;;;;;;1;;315953
drumeo;Michael Jackson;Will You Be There;;;;;;;;;;;1;;315989
drumeo;Michael Jackson;Beat It;;;;;;;;;;;1;;234276
drumeo;Michael Jackson;Smooth Criminal;;;;;;;;;;;1;;315963
drumeo;Michael Jackson;Thriller;;;;;;;;;;;1;;260496
drumeo;Michael Jackson;Working Day And Night;;;;;;;;;;;1;;316009
drumeo;Michael Jackson;Dirty Diana;;;;;;;;;;;1;;285026
drumeo;Michael Jackson;Dangerous;;;;;;;;;;;1;;315971
drumeo;Michael Jackson;The Way You Make Me Feel;;;;;;;;;;;1;;315967
drumeo;Michael Jackson;Wanna Be Startin' Somethin';;;;;;;;;;;1;;316013
drumeo;Michael Jackson;It's The Falling In Love;;;;;;;;;;;1;;316003
drumeo;Michael Jackson;Heal The World;;;;;;;;;;;1;;315975
drumeo;Michael Jackson;Leave Me Alone;;;;;;;;;;;1;;315957
drumeo;Michael Jackson;Who Is it;;;;;;;;;;;1;;315985
drumeo;Michael Jackson;Liberian Girl;;;;;;;;;;;1;;315959
drumeo;Michael Jackson;Keep The Faith;;;;;;;;;;;1;;315979
drumeo;Michael Jackson;Speed Demon;;;;;;;;;;;1;;315965
drumeo;Michael Jackson;The Girl Is Mine;;;;;;;;;;;1;;264495
drumeo;Michael Jackson;Don't Stop 'Til You Get Enough;;;;;;;;;;;1;;315995
drumeo;Michael Jackson;Give In To Me;;;;;;;;;;;1;;315973
drumeo;Michael Jackson;I Can't Help It;;;;;;;;;;;1;;316001
drumeo;Michael Jackson;Girlfriend;;;;;;;;;;;1;;315999
drumeo;Michael Jackson;Earth Song;;;;;;;;;;;1;;270591
drumeo;Michael Jackson;Off The Wall;;;;;;;;;;;1;;316005
drumeo;Michael Jackson;Baby Be Mine;;;;;;;;;;;1;;316011
drumeo;Michael Jackson;Black Or White;;;;;;;;;;;1;;285028
drumeo;Michael Jackson;Rock With You;;;;;;;;;;;1;;316007
drumeo;Michael Jackson;Jam;;;;;;;;;;;1;;279191
drumeo;Michael Jackson;Human Nature;;;;;;;;;;;1;;279193
drumeo;Michael McDonald;I Keep Forgettin';;;;;;;;;;;1;;295202
drumeo;Michael Schenker Group;Victim Of Illusion;;;;;;;;;;;1;;357342
drumeo;Midnight Oil;Beds Are Burning;;;;;;;;;;;1;;376558
drumeo;Miles Davis;Stuff;;;;;;;;;;;1;;270595
drumeo;Miles Davis;Seven Steps To Heaven;;;;;;;;;;;1;;234968
drumeo;Miles Davis;Petits Machins;;;;;;;;;;;1;;285032
drumeo;Miles Davis;Pinocchio;;;;;;;;;;;1;;270601
drumeo;Miles Davis;Tutu;;;;;;;;;;;1;;270603
drumeo;Miles Davis;Freddie Freeloader;;;;;;;;;;;1;;29239
drumeo;Miles Davis;Freedom Jazz Dance;;;;;;;;;;;1;;270597
drumeo;Miles Davis;I Could Write A Book;;;;;;;;;;;1;;275618
drumeo;Miles Davis;Straight, No Chaser;;;;;;;;;;;1;;275616
drumeo;Miles Davis;So What;;;;;;;;;;;1;;346215
drumeo;Miles Davis;Milestones;;;;;;;;;;;1;;270599
drumeo;Miley Cyrus;Party In The U.S.A.;;;;;;;;;;;1;;275620
drumeo;Millencolin;Penguins & Polarbears;;;;;;;;;;;1;;364728
drumeo;Misfits;Dig Up Her Bones;;;;;;;;;;;1;;291468
drumeo;Misfits;Last Caress;;;;;;;;;;;1;;291470
drumeo;Misfits;Hybrid Moments;;;;;;;;;;;1;;291472
drumeo;Modest Mouse;Float On;;;;;;;;;;;1;;331201
drumeo;Monster Truck;Don’t Tell Me How To Live;;;;;;;;;;;1;;374590
drumeo;Morbid Angel;Immortal Rites;;;;;;;;;;;1;;291474
drumeo;Mosaic MSC;Unknown;;;;;;;;;;;1;;315927
drumeo;Mötley Crüe;Looks That Kill;;;;;;;;;;;1;;373832
drumeo;Mötley Crüe;Live Wire;;;;;;;;;;;1;;373375
drumeo;Mötley Crüe;Take Me To The Top;;;;;;;;;;;1;;373834
drumeo;Mötley Crüe;Same Ol' Situation (S.O.S.);;;;;;;;;;;1;;373827
drumeo;Mötley Crüe;Girls, Girls, Girls;;;;;;;;;;;1;;373829
drumeo;Mötley Crüe;Kickstart My Heart;;;;;;;;;;;1;;299088
drumeo;Mötley Crüe;Red Hot;;;;;;;;;;;1;;275622
drumeo;Mötley Crüe;Wild Side;;;;;;;;;;;1;;305680
drumeo;Mötley Crüe;Saints Of Los Angeles;;;;;;;;;;;1;;291476
drumeo;Mötley Crüe;Shout At The Devil;;;;;;;;;;;1;;260502
drumeo;Mötley Crüe;Too Young To Fall In Love;;;;;;;;;;;1;;285034
drumeo;Mötley Crüe;Dr. Feelgood;;;;;;;;;;;1;;23126
drumeo;Mötley Crüe;Home Sweet Home;;;;;;;;;;;1;;291478
drumeo;Motörhead;Ace Of Spades;;;;;;;;;;;1;;302654
drumeo;Mountain;Mississippi Queen;;;;;;;;;;;1;;264497
drumeo;Movements;Daylily;;;;;;;;;;;1;;349741
drumeo;Mr. Big;Green-Tinted Sixties Mind;;;;;;;;;;;1;;264499
drumeo;Mr. Big;Take Cover;;;;;;;;;;;1;;291480
drumeo;Mr. Mister;Broken Wings;;;;;;;;;;;1;;376538
drumeo;Muddy Waters;Mannish Boy;;;;;;;;;;;1;;270605
drumeo;Muddy Waters;Trouble No More;;;;;;;;;;;1;;279195
drumeo;Muse;Stockholm Syndrome;;;;;;;;;;;1;;25548
drumeo;Muse;Big Freeze;;;;;;;;;;;1;;260504
drumeo;Muse;Panic Station;;;;;;;;;;;1;;260508
drumeo;Muse;Uprising;;;;;;;;;;;1;;260513
drumeo;Muse;Supremacy;;;;;;;;;;;1;;264505
drumeo;Muse;Plug In Baby;;;;;;;;;;;1;;352717
drumeo;Muse;Exo-Politics;;;;;;;;;;;1;;264501
drumeo;Muse;Hysteria;;;;;;;;;;;1;;260506
drumeo;Muse;Animals;;;;;;;;;;;1;;279197
drumeo;Muse;Time Is Running Out;;;;;;;;;;;1;;331204
drumeo;Muse;Madness;;;;;;;;;;;1;;264503
drumeo;Muse;Starlight;;;;;;;;;;;1;;233263
drumeo;Muse;Assassin;;;;;;;;;;;1;;270607
drumeo;Muse;Knights Of Cydonia;;;;;;;;;;;1;;376560
drumeo;Mutemath;Hit Parade;;;;;;;;;;;1;;275626
drumeo;Mutemath;Chaos;;;;;;;;;;;1;;275624
drumeo;My Chemical Romance;Welcome To The Black Parade;;;;;;;;;;;1;;275630
drumeo;My Chemical Romance;Disenchanted;;;;;;;;;;;1;;264507
drumeo;My Chemical Romance;I Don't Love You;;;;;;;;;;;1;;275628
drumeo;N.W.A.;Straight Outta Compton;;;;;;;;;;;1;;270611
drumeo;Natalie Merchant;Wonder;;;;;;;;;;;1;;373377
drumeo;Nazareth;Love Hurts;;;;;;;;;;;1;;275632
drumeo;Neon Trees;Everybody Talks;;;;;;;;;;;1;;291482
drumeo;Netsky;Daydreaming;;;;;;;;;;;1;;285036
drumeo;New Found Glory;My Friends Over You;;;;;;;;;;;1;;275634
drumeo;New Found Glory;Truth Of My Youth;;;;;;;;;;;1;;364732
drumeo;New Order;True Faith;;;;;;;;;;;1;;349744
drumeo;Niacin;Things Ain't Like They Used To Be;;;;;;;;;;;1;;352743
drumeo;Nickelback;Burn It To The Ground;;;;;;;;;;;1;;373836
drumeo;Nickelback;Gotta Be Somebody;;;;;;;;;;;1;;270613
drumeo;Nickelback;Someday;;;;;;;;;;;1;;285040
drumeo;Nickelback;How You Remind Me;;;;;;;;;;;1;;232976
drumeo;Nickelback;Photograph;;;;;;;;;;;1;;285038
drumeo;Nickelback;Animals;;;;;;;;;;;1;;260515
drumeo;Nickelback;Rockstar;;;;;;;;;;;1;;279199
drumeo;Night Ranger;Sister Christian;;;;;;;;;;;1;;275636
drumeo;Nightwish;Ghost Love Score;;;;;;;;;;;1;;275638
drumeo;Nine Inch Nails;Every Day Is Exactly The Same;;;;;;;;;;;1;;344735
drumeo;Nine Inch Nails;Last;;;;;;;;;;;1;;279201
drumeo;Nine Inch Nails;The Hand That Feeds;;;;;;;;;;;1;;275644
drumeo;Nine Inch Nails;Closer;;;;;;;;;;;1;;275642
drumeo;Nine Inch Nails;The Perfect Drug;;;;;;;;;;;1;;275640
drumeo;Nirvana;Very Ape;;;;;;;;;;;1;;317818
drumeo;Nirvana;Lounge Act;;;;;;;;;;;1;;270615
drumeo;Nirvana;Serve The Servants;;;;;;;;;;;1;;317812
drumeo;Nirvana;Milk It;;;;;;;;;;;1;;317799
drumeo;Nirvana;Pennyroyal Tea;;;;;;;;;;;1;;317801
drumeo;Nirvana;Territorial Pissings;;;;;;;;;;;1;;317827
drumeo;Nirvana;Drain You;;;;;;;;;;;1;;279203
drumeo;Nirvana;Rape Me;;;;;;;;;;;1;;317808
drumeo;Nirvana;Dumb;;;;;;;;;;;1;;317794
drumeo;Nirvana;In Bloom;;;;;;;;;;;1;;260519
drumeo;Nirvana;Breed;;;;;;;;;;;1;;275648
drumeo;Nirvana;Something In The Way;;;;;;;;;;;1;;275650
drumeo;Nirvana;Tourette's;;;;;;;;;;;1;;317815
drumeo;Nirvana;Frances Farmer Will Have Her Revenge On Seattle;;;;;;;;;;;1;;317796
drumeo;Nirvana;The Man Who Sold The World;;;;;;;;;;;1;;359999
drumeo;Nirvana;Polly;;;;;;;;;;;1;;264515
drumeo;Nirvana;Stay Away;;;;;;;;;;;1;;317824
drumeo;Nirvana;Smells Like Teen Spirit;;;;;;;;;;;1;;13595
drumeo;Nirvana;All Apologies;;;;;;;;;;;1;;275646
drumeo;Nirvana;Scentless Apprentice;;;;;;;;;;;1;;317810
drumeo;Nirvana;Radio Friendly Unit Shifter;;;;;;;;;;;1;;317803
drumeo;Nirvana;Lithium;;;;;;;;;;;1;;264513
drumeo;Nirvana;Come As You Are;;;;;;;;;;;1;;264509
drumeo;Nirvana;On A Plain;;;;;;;;;;;1;;317822
drumeo;Nirvana;Heart-Shaped Box;;;;;;;;;;;1;;264511
drumeo;Nirvana;Endless, Nameless;;;;;;;;;;;1;;317820
drumeo;Nitty Gritty Dirt Band;Fishin' In The Dark;;;;;;;;;;;1;;232201
drumeo;No Doubt;Hella Good;;;;;;;;;;;1;;371405
drumeo;No Doubt;Spiderwebs;;;;;;;;;;;1;;348749
drumeo;No Doubt;Just A Girl;;;;;;;;;;;1;;264517
drumeo;NOFX;Linoleum;;;;;;;;;;;1;;260524
drumeo;Norah Jones;Flame Twin;;;;;;;;;;;1;;279207
drumeo;Norah Jones;Turn Me On;;;;;;;;;;;1;;279205
drumeo;Norah Jones;Hurts To Be Alone;;;;;;;;;;;1;;291484
drumeo;Norah Jones;Just A Little Bit;;;;;;;;;;;1;;285042
drumeo;Norah Jones;Begin Again;;;;;;;;;;;1;;275652
drumeo;North Point Worship;Death Was Arrested;;;;;;;;;;;1;;315929
drumeo;Northlane;Soma;;;;;;;;;;;1;;275656
drumeo;Northlane;Rot;;;;;;;;;;;1;;275654
drumeo;Nothing But Thieves;Amsterdam;;;;;;;;;;;1;;291486
drumeo;Oasis;Champagne Supernova;;;;;;;;;;;1;;356046
drumeo;Oasis;Don't Look Back In Anger;;;;;;;;;;;1;;270617
drumeo;Oasis;Wonderwall;;;;;;;;;;;1;;260526
drumeo;Oasis;Supersonic;;;;;;;;;;;1;;344737
drumeo;Oceans Ate Alaska;Hansha;;;;;;;;;;;1;;328217
drumeo;Of Monsters And Men;Little Talks;;;;;;;;;;;1;;360001
drumeo;Oh, Sleeper;Fissure;;;;;;;;;;;1;;374592
drumeo;Ohio Players;Love Rollercoaster;;;;;;;;;;;1;;317778
drumeo;Ohio Players;Fire;;;;;;;;;;;1;;317776
drumeo;Oingo Boingo;Just Another Day;;;;;;;;;;;1;;328219
drumeo;Oingo Boingo;Weird Science;;;;;;;;;;;1;;344740
drumeo;OK Go;Here It Goes Again;;;;;;;;;;;1;;322469
drumeo;Old Dominion;One Man Band;;;;;;;;;;;1;;291488
drumeo;Olivia Rodrigo;Drivers License;;;;;;;;;;;1;;356083
drumeo;OneRepublic;Love Runs Out;;;;;;;;;;;1;;374594
drumeo;OneRepublic;Apologize;;;;;;;;;;;1;;279209
drumeo;OneRepublic;Counting Stars;;;;;;;;;;;1;;270619
drumeo;Opeth;Ghost Of Perdition;;;;;;;;;;;1;;375858
drumeo;Opus;Live Is Life;;;;;;;;;;;1;;349747
drumeo;Oscar Peterson;The Girl From Ipanema;;;;;;;;;;;1;;275658
drumeo;Otis Redding;(Sittin’ On) The Dock Of The Bay;;;;;;;;;;;1;;260528
drumeo;Otis Redding;Down In The Valley;;;;;;;;;;;1;;362443
drumeo;Our Last Night;Lost;;;;;;;;;;;1;;279211
drumeo;OutKast;Hey Ya!;;;;;;;;;;;1;;270621
drumeo;Ozzy Osbourne;Mama, I'm Coming Home;;;;;;;;;;;1;;264519
drumeo;Ozzy Osbourne;Bark At The Moon;;;;;;;;;;;1;;260530
drumeo;Ozzy Osbourne;Crazy Train;;;;;;;;;;;1;;21264
drumeo;Ozzy Osbourne;Road To Nowhere;;;;;;;;;;;1;;330302
drumeo;Ozzy Osbourne;Over The Mountain;;;;;;;;;;;1;;330279
drumeo;Ozzy Osbourne;Flying High Again;;;;;;;;;;;1;;330274
drumeo;Ozzy Osbourne;Hellraiser;;;;;;;;;;;1;;330293
drumeo;P!nk;Funhouse;;;;;;;;;;;1;;275660
drumeo;P!nk;Try;;;;;;;;;;;1;;270625
drumeo;P!nk;Raise Your Glass;;;;;;;;;;;1;;270623
drumeo;Pantera;Walk;;;;;;;;;;;1;;22613
drumeo;Pantera;5 Minutes Alone;;;;;;;;;;;1;;279213
drumeo;Pantera;Throes Of Rejection;;;;;;;;;;;1;;294233
drumeo;Pantera;Strength Beyond Strength;;;;;;;;;;;1;;294231
drumeo;Pantera;Planet Caravan;;;;;;;;;;;1;;371331
drumeo;Pantera;25 Years;;;;;;;;;;;1;;294217
drumeo;Pantera;Hard Lines, Sunken Cheeks;;;;;;;;;;;1;;294225
drumeo;Pantera;Becoming;;;;;;;;;;;1;;294220
drumeo;Pantera;Cemetery Gates;;;;;;;;;;;1;;371150
drumeo;Pantera;Domination;;;;;;;;;;;1;;275662
drumeo;Pantera;Good Friends And A Bottle Of Pills;;;;;;;;;;;1;;294223
drumeo;Pantera;Slaughtered;;;;;;;;;;;1;;294229
drumeo;Pantera;Use My Third Arm;;;;;;;;;;;1;;294235
drumeo;Pantera;Cowboys From Hell;;;;;;;;;;;1;;270627
drumeo;Pantera;I'm Broken;;;;;;;;;;;1;;275664
drumeo;Pantera;Shedding Skin;;;;;;;;;;;1;;294227
drumeo;Papa Roach;Between Angels And Insects;;;;;;;;;;;1;;364735
drumeo;Papa Roach;Last Resort;;;;;;;;;;;1;;344742
drumeo;Paramore;That's What You Get;;;;;;;;;;;1;;373379
drumeo;Paramore;Now;;;;;;;;;;;1;;232464
drumeo;Paramore;Still Into You;;;;;;;;;;;1;;19806
drumeo;Paramore;Pressure;;;;;;;;;;;1;;291490
drumeo;Paramore;Decode;;;;;;;;;;;1;;375208
drumeo;Paramore;Misery Business;;;;;;;;;;;1;;305683
drumeo;Parliament;Flash Light;;;;;;;;;;;1;;317780
drumeo;Parliament;Give Up the Funk (Tear The Roof Off The Sucker);;;;;;;;;;;1;;285044
drumeo;Parliament;P-Funk;;;;;;;;;;;1;;317782
drumeo;Passenger;Let Her Go;;;;;;;;;;;1;;270629
drumeo;Passion;Revelation Song;;;;;;;;;;;1;;315935
drumeo;Passion;Jesus, Son Of God;;;;;;;;;;;1;;315937
drumeo;Passion;More To Come;;;;;;;;;;;1;;315931
drumeo;Passion;One Thing Remains;;;;;;;;;;;1;;315939
drumeo;Passion;In Christ Alone;;;;;;;;;;;1;;315933
drumeo;Passion;Build My Life;;;;;;;;;;;1;;315941
drumeo;Pat Benatar;Heartbreaker;;;;;;;;;;;1;;376562
drumeo;Pat Benatar;Love Is A Battlefield;;;;;;;;;;;1;;279215
drumeo;Pat Benatar;Hit Me With Your Best Shot;;;;;;;;;;;1;;232607
drumeo;Pat Travers;Heat In The Street;;;;;;;;;;;1;;377566
drumeo;Patti Smith;Because The Night;;;;;;;;;;;1;;362445
drumeo;Paul Simon;You Can Call Me Al;;;;;;;;;;;1;;373381
drumeo;Paul Simon;50 Ways To Leave Your Lover;;;;;;;;;;;1;;29755
drumeo;Paul Simon;Late In The Evening;;;;;;;;;;;1;;22981
drumeo;Pearl Jam;Rearviewmirror;;;;;;;;;;;1;;365663
drumeo;Pearl Jam;Yellow Ledbetter;;;;;;;;;;;1;;322474
drumeo;Pearl Jam;Jeremy;;;;;;;;;;;1;;331207
drumeo;Pearl Jam;Even Flow;;;;;;;;;;;1;;25556
drumeo;Pearl Jam;W.M.A.;;;;;;;;;;;1;;360003
drumeo;Pearl Jam;Alive;;;;;;;;;;;1;;285046
drumeo;Pearl Jam;Black;;;;;;;;;;;1;;322471
drumeo;Pearl Jam;Garden;;;;;;;;;;;1;;364737
drumeo;Periphery;Icarus Lives!;;;;;;;;;;;1;;279217
drumeo;Periphery;Blood Eagle;;;;;;;;;;;1;;291494
drumeo;Periphery;Satellites;;;;;;;;;;;1;;365681
drumeo;Periphery;Absolomb;;;;;;;;;;;1;;275666
drumeo;Periphery;Scarlet;;;;;;;;;;;1;;279219
drumeo;Periphery;Marigold;;;;;;;;;;;1;;264523
drumeo;Periphery;Stranger Things;;;;;;;;;;;1;;270631
drumeo;Periphery;Flatline;;;;;;;;;;;1;;291492
drumeo;Pete Townshend;Give Blood;;;;;;;;;;;1;;359319
drumeo;Peter Erskine & The Dr. Um Band;Eleven, Eleven;;;;;;;;;;;1;;375232
drumeo;Peter Erskine, Alan Pasqua, Derek Oles;The Music Of My People;;;;;;;;;;;1;;375230
drumeo;Peter Gabriel;Red Rain;;;;;;;;;;;1;;305685
drumeo;Peter Gabriel;Solsbury Hill;;;;;;;;;;;1;;360005
drumeo;Peter Gabriel;Sledgehammer;;;;;;;;;;;1;;264525
drumeo;Peter Tosh;African;;;;;;;;;;;1;;291496
drumeo;Pharrell Williams;Happy;;;;;;;;;;;1;;264527
drumeo;Phil Collins;In The Air Tonight;;;;;;;;;;;1;;270633
drumeo;Phil Collins;Against All Odds;;;;;;;;;;;1;;340125
drumeo;Phil Collins;You Can't Hurry Love;;;;;;;;;;;1;;340130
drumeo;Phil Collins;I Don't Care Anymore;;;;;;;;;;;1;;340127
drumeo;Phil Collins;I Wish It Would Rain Down;;;;;;;;;;;1;;348751
drumeo;Phil Collins;You'll Be In My Heart;;;;;;;;;;;1;;360007
drumeo;Phil Collins;Another Day In Paradise;;;;;;;;;;;1;;340123
drumeo;Phil Collins;Sussudio;;;;;;;;;;;1;;340132
drumeo;Phil Wickham;Living Hope;;;;;;;;;;;1;;264529
drumeo;Phil Wickham;Your Love Awakens Me;;;;;;;;;;;1;;264533
drumeo;Phil Wickham;This Is Amazing Grace;;;;;;;;;;;1;;264531
drumeo;Philip Bailey & Phil Collins;Easy Lover;;;;;;;;;;;1;;264535
drumeo;Pink;Perfect;;;;;;;;;;;1;;362447
drumeo;Pink Floyd;On The Turning Away;;;;;;;;;;;1;;329026
drumeo;Pink Floyd;Young Lust;;;;;;;;;;;1;;275676
drumeo;Pink Floyd;Comfortably Numb;;;;;;;;;;;1;;260541
drumeo;Pink Floyd;Time;;;;;;;;;;;1;;275672
drumeo;Pink Floyd;Money;;;;;;;;;;;1;;220948
drumeo;Pink Floyd;Yet Another Movie;;;;;;;;;;;1;;329036
drumeo;Pink Floyd;One Slip;;;;;;;;;;;1;;329028
drumeo;Pink Floyd;Learning To Fly;;;;;;;;;;;1;;329024
drumeo;Pink Floyd;Breathe;;;;;;;;;;;1;;279221
drumeo;Pink Floyd;In The Flesh?;;;;;;;;;;;1;;329049
drumeo;Pink Floyd;Shine On You Crazy Diamond (Parts VI-IX);;;;;;;;;;;1;;293070
drumeo;Pink Floyd;Shine On You Crazy Diamond (Parts I-V);;;;;;;;;;;1;;293068
drumeo;Pink Floyd;One Of My Turns;;;;;;;;;;;1;;329054
drumeo;Pink Floyd;Pigs (Three Different Ones);;;;;;;;;;;1;;329040
drumeo;Pink Floyd;The Show Must Go On;;;;;;;;;;;1;;329066
drumeo;Pink Floyd;Any Colour You Like;;;;;;;;;;;1;;275668
drumeo;Pink Floyd;Sheep;;;;;;;;;;;1;;329043
drumeo;Pink Floyd;Dogs;;;;;;;;;;;1;;329038
drumeo;Pink Floyd;Waiting For The Worms;;;;;;;;;;;1;;329061
drumeo;Pink Floyd;On The Run;;;;;;;;;;;1;;293064
drumeo;Pink Floyd;The Trial;;;;;;;;;;;1;;329059
drumeo;Pink Floyd;Another Brick In The Wall, Part 2;;;;;;;;;;;1;;264537
drumeo;Pink Floyd;Another Brick In The Wall, Pt. 3;;;;;;;;;;;1;;329045
drumeo;Pink Floyd;Us And Them;;;;;;;;;;;1;;275674
drumeo;Pink Floyd;The Thin Ice;;;;;;;;;;;1;;329069
drumeo;Pink Floyd;The Great Gig In The Sky;;;;;;;;;;;1;;293066
drumeo;Pink Floyd;Sorrow;;;;;;;;;;;1;;329030
drumeo;Pink Floyd;Bring The Boys Back Home;;;;;;;;;;;1;;329047
drumeo;Pink Floyd;Brain Damage;;;;;;;;;;;1;;275670
drumeo;Pink Floyd;Hey You;;;;;;;;;;;1;;264541
drumeo;Pink Floyd;Don't Leave Me Now;;;;;;;;;;;1;;329064
drumeo;Pink Floyd;Run Like Hell;;;;;;;;;;;1;;279223
drumeo;Pink Floyd;Terminal Frost;;;;;;;;;;;1;;329032
drumeo;Pink Floyd;Coming Back To Life;;;;;;;;;;;1;;349749
drumeo;Pink Floyd;Have A Cigar;;;;;;;;;;;1;;264539
drumeo;Pink Floyd;The Dogs Of War;;;;;;;;;;;1;;329034
drumeo;Pink Floyd;Eclipse;;;;;;;;;;;1;;293062
drumeo;Pink Floyd;The Happiest Days Of Our Lives;;;;;;;;;;;1;;329056
drumeo;Pink Floyd;Mother;;;;;;;;;;;1;;329051
drumeo;Pink Floyd;Wish You Were Here;;;;;;;;;;;1;;264543
drumeo;Pixies;Gigantic;;;;;;;;;;;1;;364740
drumeo;Pixies;Here Comes Your Man;;;;;;;;;;;1;;371152
drumeo;Placebo;Nancy Boy;;;;;;;;;;;1;;352719
drumeo;Poco;Bad Weather;;;;;;;;;;;1;;291498
drumeo;Poison;Cry Tough;;;;;;;;;;;1;;291500
drumeo;Poison;Nothin' But A Good Time;;;;;;;;;;;1;;291502
drumeo;Poison;Talk Dirty To Me;;;;;;;;;;;1;;260544
drumeo;Poison;Unskinny Bop;;;;;;;;;;;1;;373383
drumeo;Poison;Every Rose Has Its Thorn;;;;;;;;;;;1;;270635
drumeo;Polyphia;G.O.A.T.;;;;;;;;;;;1;;317250
drumeo;Pond;The Boys Are Killing Me;;;;;;;;;;;1;;291504
drumeo;Porcupine Tree;The Sound Of Muzak;;;;;;;;;;;1;;21576
drumeo;Porcupine Tree;Shallow;;;;;;;;;;;1;;270645
drumeo;Porcupine Tree;Lazarus;;;;;;;;;;;1;;270641
drumeo;Porcupine Tree;Halo;;;;;;;;;;;1;;270639
drumeo;Porcupine Tree;Start Of Something Beautiful;;;;;;;;;;;1;;279225
drumeo;Porcupine Tree;Anesthetize;;;;;;;;;;;1;;275678
drumeo;Porcupine Tree;Arriving Somewhere But Not Here;;;;;;;;;;;1;;270637
drumeo;Porcupine Tree;Open Car;;;;;;;;;;;1;;270643
drumeo;Porcupine Tree;Harridan;;;;;;;;;;;1;;329576
drumeo;Porcupine Tree;Way Out Of Here;;;;;;;;;;;1;;275680
drumeo;Porcupine Tree;Blackest Eyes;;;;;;;;;;;1;;275682
drumeo;Porcupine Tree;Trains;;;;;;;;;;;1;;270647
drumeo;Portishead;Wandering Star;;;;;;;;;;;1;;349752
drumeo;Portugal. The Man;People Say;;;;;;;;;;;1;;328221
drumeo;Powerwolf;Resurrection By Erection;;;;;;;;;;;1;;364742
drumeo;Primus;Tommy The Cat;;;;;;;;;;;1;;264545
drumeo;Primus;My Name Is Mud;;;;;;;;;;;1;;275684
drumeo;Primus;Jerry Was A Race Car Driver;;;;;;;;;;;1;;326667
drumeo;Prince;Purple Rain;;;;;;;;;;;1;;303259
drumeo;Prince;Baby I'm A Star;;;;;;;;;;;1;;303246
drumeo;Prince Buster;Madness;;;;;;;;;;;1;;291506
drumeo;Procol Harum;A Whiter Shade Of Pale;;;;;;;;;;;1;;344744
drumeo;Protest The Hero;Bloodmeat;;;;;;;;;;;1;;260547
drumeo;Protest The Hero;Clarity;;;;;;;;;;;1;;260549
drumeo;PSY;Gangam Style;;;;;;;;;;;1;;291508
drumeo;Psychodelic Porn Crumpets;Gurzle;;;;;;;;;;;1;;360009
drumeo;Public Enemy;Fight The Power;;;;;;;;;;;1;;279229
drumeo;Public Service Broadcasting;Gagarin;;;;;;;;;;;1;;352721
drumeo;Pulp;Common People;;;;;;;;;;;1;;352723
drumeo;Pure Prairie League;Amie;;;;;;;;;;;1;;285050
drumeo;Queen;Somebody To Love;;;;;;;;;;;1;;291510
drumeo;Queen;Now I'm Here;;;;;;;;;;;1;;311124
drumeo;Queen;The March Of The Black Queen;;;;;;;;;;;1;;311129
drumeo;Queen;The Prophet's Song;;;;;;;;;;;1;;311109
drumeo;Queen;It's Late;;;;;;;;;;;1;;311120
drumeo;Queen;I Want It All;;;;;;;;;;;1;;311140
drumeo;Queen;Bicycle Race;;;;;;;;;;;1;;285052
drumeo;Queen;Don't Stop Me Now;;;;;;;;;;;1;;275686
drumeo;Queen;Dragon Attack;;;;;;;;;;;1;;311131
drumeo;Queen;Breakthru;;;;;;;;;;;1;;311136
drumeo;Queen;Play The Game;;;;;;;;;;;1;;264553
drumeo;Queen;Mustapha;;;;;;;;;;;1;;311116
drumeo;Queen;Tie Your Mother Down;;;;;;;;;;;1;;331209
drumeo;Queen;Hammer To Fall;;;;;;;;;;;1;;264549
drumeo;Queen;Friends Will Be Friends;;;;;;;;;;;1;;311101
drumeo;Queen;I Want To Break Free;;;;;;;;;;;1;;311142
drumeo;Queen;Spread Your Wings;;;;;;;;;;;1;;311122
drumeo;Queen;Who Wants To Live Forever;;;;;;;;;;;1;;311107
drumeo;Queen;Innuendo;;;;;;;;;;;1;;311112
drumeo;Queen;Dead On Time;;;;;;;;;;;1;;311114
drumeo;Queen;We Will Rock You;;;;;;;;;;;1;;275688
drumeo;Queen;Radio Ga Ga;;;;;;;;;;;1;;311145
drumeo;Queen;Under Pressure;;;;;;;;;;;1;;305687
drumeo;Queen;One Vision;;;;;;;;;;;1;;311105
drumeo;Queen;Save Me;;;;;;;;;;;1;;311133
drumeo;Queen;We Are The Champions;;;;;;;;;;;1;;260559
drumeo;Queen;You’re My Best Friend;;;;;;;;;;;1;;264555
drumeo;Queen;Killer Queen;;;;;;;;;;;1;;264551
drumeo;Queen;I'm In Love With My Car;;;;;;;;;;;1;;302656
drumeo;Queen;Keep Yourself Alive;;;;;;;;;;;1;;311126
drumeo;Queen;A Kind Of Magic;;;;;;;;;;;1;;365666
drumeo;Queen;Crazy Little Thing Called Love;;;;;;;;;;;1;;275690
drumeo;Queen;Bohemian Rhapsody;;;;;;;;;;;1;;260553
drumeo;Queen;All Dead, All Dead;;;;;;;;;;;1;;311118
drumeo;Queen;Good Old-Fashioned Lover Boy;;;;;;;;;;;1;;311099
drumeo;Queen;Fat Bottomed Girls;;;;;;;;;;;1;;260555
drumeo;Queen;The Show Must Go On;;;;;;;;;;;1;;260557
drumeo;Queen;Another One Bites The Dust;;;;;;;;;;;1;;260551
drumeo;Queens Of The Stone Age;Song For The Deaf;;;;;;;;;;;1;;317252
drumeo;Queens Of The Stone Age;Song For The Dead;;;;;;;;;;;1;;348753
drumeo;Queens Of The Stone Age;Go With The Flow;;;;;;;;;;;1;;285054
drumeo;Queens Of The Stone Age;Little Sister;;;;;;;;;;;1;;279231
drumeo;Queens Of The Stone Age;You Think I Ain't Worth A Dollar, But I Feel Like A Millionaire;;;;;;;;;;;1;;279233
drumeo;Queens Of The Stone Age;No One Knows;;;;;;;;;;;1;;22855
drumeo;Queensrÿche;Silent Lucidity;;;;;;;;;;;1;;275692
drumeo;Queensrÿche;The Mission;;;;;;;;;;;1;;348755
drumeo;Queensrÿche;Eyes Of A Stranger;;;;;;;;;;;1;;364746
drumeo;Quiet Riot;Bang Your Head (Metal Health);;;;;;;;;;;1;;362449
drumeo;Quiet Riot;Cum On Feel The Noize;;;;;;;;;;;1;;360011
drumeo;R.E.M.;Everybody Hurts;;;;;;;;;;;1;;373840
drumeo;R.E.M.;Losing My Religion;;;;;;;;;;;1;;270649
drumeo;R.E.M.;Orange Crush;;;;;;;;;;;1;;328223
drumeo;R.E.M.;Shiny Happy People;;;;;;;;;;;1;;360013
drumeo;Radiohead;High And Dry;;;;;;;;;;;1;;264557
drumeo;Radiohead;Karma Police;;;;;;;;;;;1;;260565
drumeo;Radiohead;Paranoid Android;;;;;;;;;;;1;;260562
drumeo;Radiohead;Creep;;;;;;;;;;;1;;13945
drumeo;Rage Against The Machine;Killing In The Name;;;;;;;;;;;1;;264563
drumeo;Rage Against The Machine;Bombtrack;;;;;;;;;;;1;;264559
drumeo;Rage Against The Machine;Know Your Enemy;;;;;;;;;;;1;;275694
drumeo;Rage Against The Machine;Bulls On Parade;;;;;;;;;;;1;;264561
drumeo;Rage Against The Machine;Renegades Of Funk;;;;;;;;;;;1;;344746
drumeo;Rage Against The Machine;Freedom;;;;;;;;;;;1;;279235
drumeo;Rainbow;Gates Of Babylon;;;;;;;;;;;1;;364749
drumeo;Ram Jam;Black Betty;;;;;;;;;;;1;;305689
drumeo;Rammstein;Du Hast;;;;;;;;;;;1;;264565
drumeo;Rammstein;Haifisch;;;;;;;;;;;1;;349755
drumeo;Rammstein;Sonne;;;;;;;;;;;1;;331212
drumeo;Ramones;I Wanna Be Sedated;;;;;;;;;;;1;;264569
drumeo;Rancid;Maxwell Murder;;;;;;;;;;;1;;291512
drumeo;Rancid;Ruby Soho;;;;;;;;;;;1;;291514
drumeo;Rancid;Side Kick;;;;;;;;;;;1;;279237
drumeo;Randy Houser;How Country Feels;;;;;;;;;;;1;;264571
drumeo;Randy Newman;Short People;;;;;;;;;;;1;;376564
drumeo;Randy Waldman;The Jetsons;;;;;;;;;;;1;;341269
drumeo;Rascal Flatts;Bless The Broken Road;;;;;;;;;;;1;;279239
drumeo;Rascal Flatts;What Hurts The Most;;;;;;;;;;;1;;264573
drumeo;Rascal Flatts;My Wish;;;;;;;;;;;1;;270653
drumeo;Rascal Flatts;Life Is A Highway;;;;;;;;;;;1;;275696
drumeo;Ratt;Round And Round;;;;;;;;;;;1;;373385
drumeo;Ray Charles;Georgia On My Mind;;;;;;;;;;;1;;285058
drumeo;Ray Charles;I Got A Woman;;;;;;;;;;;1;;285056
drumeo;Ray Charles;Hit The Road Jack;;;;;;;;;;;1;;275698
drumeo;Red;Start Again;;;;;;;;;;;1;;364752
drumeo;Red Hot Chili Peppers;Can't Stop;;;;;;;;;;;1;;299097
drumeo;Red Hot Chili Peppers;Snow (Hey Oh);;;;;;;;;;;1;;279243
drumeo;Red Hot Chili Peppers;Scar Tissue;;;;;;;;;;;1;;305691
drumeo;Red Hot Chili Peppers;Otherside;;;;;;;;;;;1;;352725
drumeo;Red Hot Chili Peppers;Dani California;;;;;;;;;;;1;;275700
drumeo;Red Hot Chili Peppers;Suck My Kiss;;;;;;;;;;;1;;270655
drumeo;Red Hot Chili Peppers;Easily;;;;;;;;;;;1;;373387
drumeo;Red Hot Chili Peppers;Nobody Weird Like Me;;;;;;;;;;;1;;365661
drumeo;Red Hot Chili Peppers;Under The Bridge;;;;;;;;;;;1;;264575
drumeo;Red Hot Chili Peppers;Soul To Squeeze;;;;;;;;;;;1;;299100
drumeo;Red Hot Chili Peppers;Californication;;;;;;;;;;;1;;279241
drumeo;Red Hot Chili Peppers;Blood Sugar Sex Magik;;;;;;;;;;;1;;285060
drumeo;Red Hot Chili Peppers;Give It Away;;;;;;;;;;;1;;233250
drumeo;Red Hot Chili Peppers;By The Way;;;;;;;;;;;1;;326669
drumeo;Redbone;Come And Get Your Love;;;;;;;;;;;1;;328225
drumeo;Rend Collective;Joy Of The Lord;;;;;;;;;;;1;;315945
drumeo;Rend Collective;Every Giant Will Fall;;;;;;;;;;;1;;315943
drumeo;Rend Collective;My Lighthouse;;;;;;;;;;;1;;315947
drumeo;REO Speedwagon;Can't Fight This Feeling;;;;;;;;;;;1;;264577
drumeo;REO Speedwagon;Take It On The Run;;;;;;;;;;;1;;302660
drumeo;REO Speedwagon;Roll With The Changes;;;;;;;;;;;1;;376566
drumeo;Revocation;Teratogenesis;;;;;;;;;;;1;;24882
drumeo;Rick Astley;Never Gonna Give You Up;;;;;;;;;;;1;;270657
drumeo;Rick James;Super Freak;;;;;;;;;;;1;;317784
drumeo;Rick Springfield;Jessie's Girl;;;;;;;;;;;1;;232973
drumeo;Rickie Lee Jones;Chuck E.'s In Love;;;;;;;;;;;1;;295643
drumeo;Ride;Vapour Trail;;;;;;;;;;;1;;374600
drumeo;Rihanna;Umbrella;;;;;;;;;;;1;;285062
drumeo;Rise Against;Injection;;;;;;;;;;;1;;374603
drumeo;Rise Against;Make It Stop (September's Children);;;;;;;;;;;1;;270659
drumeo;Rise Against;Prayer Of The Refugee;;;;;;;;;;;1;;299102
drumeo;Robbie Williams;I Wan'na Be Like You;;;;;;;;;;;1;;337454
drumeo;Robert Palmer;Addicted To Love;;;;;;;;;;;1;;279245
drumeo;Roberta Flack & Donny Hathaway;Where Is The Love;;;;;;;;;;;1;;360029
drumeo;Robin Thicke;Blurred Lines;;;;;;;;;;;1;;270661
drumeo;Rod Stewart;Da Ya Think I’m Sexy?;;;;;;;;;;;1;;356007
drumeo;Rod Stewart;Young Turks;;;;;;;;;;;1;;356009
drumeo;Rodriguez;Sugar Man;;;;;;;;;;;1;;291518
drumeo;Rodriguez;I Wonder;;;;;;;;;;;1;;291516
drumeo;Rose Royce;Car Wash;;;;;;;;;;;1;;291520
drumeo;Roxette;The Look;;;;;;;;;;;1;;337426
drumeo;Roy Haynes;Reflection;;;;;;;;;;;1;;346217
drumeo;Roy Orbison;Ooby Dooby;;;;;;;;;;;1;;279247
drumeo;Roy Orbison;Oh, Pretty Woman;;;;;;;;;;;1;;371154
drumeo;Royal Blood;Figure It Out;;;;;;;;;;;1;;317255
drumeo;Royal Blood;Oblivion;;;;;;;;;;;1;;328227
drumeo;Royal Coda;Breathe Correct;;;;;;;;;;;1;;291524
drumeo;Royal Coda;Becoming The Memory;;;;;;;;;;;1;;291522
drumeo;Rufus;Tell Me Something Good;;;;;;;;;;;1;;364757
drumeo;Rufus & Chaka Khan;Ain't Nobody;;;;;;;;;;;1;;278995
drumeo;Run-D.M.C.;It's Like That;;;;;;;;;;;1;;285064
drumeo;Rupert Homes;Escape;;;;;;;;;;;1;;291526
drumeo;Rush;Limbo;;;;;;;;;;;1;;270673
drumeo;Rush;Malignant Narcissism;;;;;;;;;;;1;;318745
drumeo;Rush;By-Tor & The Snow Dog;;;;;;;;;;;1;;264591
drumeo;Rush;Prime Mover;;;;;;;;;;;1;;318659
drumeo;Rush;Between Sun & Moon;;;;;;;;;;;1;;318599
drumeo;Rush;Digital Man;;;;;;;;;;;1;;264597
drumeo;Rush;Freeze (Part IV Of Fear);;;;;;;;;;;1;;318777
drumeo;Rush;New World Man;;;;;;;;;;;1;;275718
drumeo;Rush;Distant Early Warning;;;;;;;;;;;1;;318639
drumeo;Rush;The Garden;;;;;;;;;;;1;;318591
drumeo;Rush;Hand Over Fist;;;;;;;;;;;1;;318697
drumeo;Rush;2112;;;;;;;;;;;1;;260571
drumeo;Rush;You Can't Fight It;;;;;;;;;;;1;;318675
drumeo;Rush;Ceiling Unlimited;;;;;;;;;;;1;;318773
drumeo;Rush;Ghost Rider;;;;;;;;;;;1;;318779
drumeo;Rush;Madrigal;;;;;;;;;;;1;;318569
drumeo;Rush;BU2B;;;;;;;;;;;1;;318575
drumeo;Rush;Halo Effect;;;;;;;;;;;1;;318583
drumeo;Rush;Kid Gloves;;;;;;;;;;;1;;318641
drumeo;Rush;Chemistry;;;;;;;;;;;1;;318731
drumeo;Rush;Earthshine;;;;;;;;;;;1;;318775
drumeo;Rush;Show Don't Tell;;;;;;;;;;;1;;264613
drumeo;Rush;Fly By Night;;;;;;;;;;;1;;264603
drumeo;Rush;For What It's Worth;;;;;;;;;;;1;;318617
drumeo;Rush;Anthem;;;;;;;;;;;1;;264585
drumeo;Rush;The Camera Eye;;;;;;;;;;;1;;318667
drumeo;Rush;I Think I'm Going Bald;;;;;;;;;;;1;;318571
drumeo;Rush;Countdown;;;;;;;;;;;1;;318733
drumeo;Rush;YYZ;;;;;;;;;;;1;;275710
drumeo;Rush;Alien Shore;;;;;;;;;;;1;;318597
drumeo;Rush;Force Ten;;;;;;;;;;;1;;264605
drumeo;Rush;Everyday Glory;;;;;;;;;;;1;;318607
drumeo;Rush;Tom Sawyer;;;;;;;;;;;1;;19307
drumeo;Rush;The Larger Bowl (A Pantoum);;;;;;;;;;;1;;318749
drumeo;Rush;Turn The Page;;;;;;;;;;;1;;318665
drumeo;Rush;Cinderella Man;;;;;;;;;;;1;;318567
drumeo;Rush;A Farewell To Kings;;;;;;;;;;;1;;264579
drumeo;Rush;The Pass;;;;;;;;;;;1;;264615
drumeo;Rush;The Enemy Within;;;;;;;;;;;1;;318647
drumeo;Rush;Nobody's Hero;;;;;;;;;;;1;;318609
drumeo;Rush;Spindrift;;;;;;;;;;;1;;318747
drumeo;Rush;Tai Shan;;;;;;;;;;;1;;318663
drumeo;Rush;The Trees;;;;;;;;;;;1;;275706
drumeo;Rush;Not Fade Away;;;;;;;;;;;1;;318673
drumeo;Rush;Carve Away The Stone;;;;;;;;;;;1;;318759
drumeo;Rush;Stick It Out;;;;;;;;;;;1;;318611
drumeo;Rush;Cygnus X-1 Book II: Hemispheres;;;;;;;;;;;1;;318649
drumeo;Rush;The Seeker;;;;;;;;;;;1;;318629
drumeo;Rush;Time Stand Still;;;;;;;;;;;1;;264617
drumeo;Rush;In The Mood;;;;;;;;;;;1;;264607
drumeo;Rush;Virtuality;;;;;;;;;;;1;;318771
drumeo;Rush;Here Again;;;;;;;;;;;1;;318725
drumeo;Rush;Wish Them Well;;;;;;;;;;;1;;318595
drumeo;Rush;The Weapon (Part II Of Fear);;;;;;;;;;;1;;318735
drumeo;Rush;The Big Money;;;;;;;;;;;1;;318689
drumeo;Rush;Double Agent;;;;;;;;;;;1;;318605
drumeo;Rush;Witch Hunt;;;;;;;;;;;1;;318671
drumeo;Rush;Tears;;;;;;;;;;;1;;260577
drumeo;Rush;The Stars Look Down;;;;;;;;;;;1;;318795
drumeo;Rush;Lock And Key;;;;;;;;;;;1;;318653
drumeo;Rush;Take A Friend;;;;;;;;;;;1;;318729
drumeo;Rush;Losing It;;;;;;;;;;;1;;285070
drumeo;Rush;Cygnus X-1 Book I: The Voyage;;;;;;;;;;;1;;264595
drumeo;Rush;Crossroads;;;;;;;;;;;1;;318615
drumeo;Rush;Shape Of Things;;;;;;;;;;;1;;318625
drumeo;Rush;Resist;;;;;;;;;;;1;;285076
drumeo;Rush;Headlong Flight;;;;;;;;;;;1;;318585
drumeo;Rush;Workin' Them Angels;;;;;;;;;;;1;;318757
drumeo;Rush;Half The World;;;;;;;;;;;1;;318763
drumeo;Rush;Cut To The Chase;;;;;;;;;;;1;;318603
drumeo;Rush;A Passage To Bangkok;;;;;;;;;;;1;;264581
drumeo;Rush;Vapor Trail;;;;;;;;;;;1;;318797
drumeo;Rush;Summertime Blues;;;;;;;;;;;1;;318627
drumeo;Rush;Natural Science;;;;;;;;;;;1;;275714
drumeo;Rush;Secret Touch;;;;;;;;;;;1;;318791
drumeo;Rush;Xanadu;;;;;;;;;;;1;;264621
drumeo;Rush;Driven;;;;;;;;;;;1;;285074
drumeo;Rush;Making Memories;;;;;;;;;;;1;;318633
drumeo;Rush;The Way The Wind Blows;;;;;;;;;;;1;;318753
drumeo;Rush;The Color Of Right;;;;;;;;;;;1;;318767
drumeo;Rush;Bastille Day;;;;;;;;;;;1;;264587
drumeo;Rush;The Twilight Zone;;;;;;;;;;;1;;318565
drumeo;Rush;Second Nature;;;;;;;;;;;1;;318661
drumeo;Rush;War Paint;;;;;;;;;;;1;;318705
drumeo;Rush;Clockwork Angels;;;;;;;;;;;1;;318581
drumeo;Rush;Test For Echo;;;;;;;;;;;1;;318765
drumeo;Rush;Available Light;;;;;;;;;;;1;;318693
drumeo;Rush;Entre Nous;;;;;;;;;;;1;;260573
drumeo;Rush;In The End;;;;;;;;;;;1;;318631
drumeo;Rush;Dreamline;;;;;;;;;;;1;;264599
drumeo;Rush;Finding My Way;;;;;;;;;;;1;;264601
drumeo;Rush;Working Man;;;;;;;;;;;1;;264619
drumeo;Rush;Animate;;;;;;;;;;;1;;264583
drumeo;Rush;Lakeside Park;;;;;;;;;;;1;;264609
drumeo;Rush;Grand Designs;;;;;;;;;;;1;;318681
drumeo;Rush;Red Tide;;;;;;;;;;;1;;318701
drumeo;Rush;Time And Motion;;;;;;;;;;;1;;260579
drumeo;Rush;How It Is;;;;;;;;;;;1;;318781
drumeo;Rush;Far Cry;;;;;;;;;;;1;;279251
drumeo;Rush;Heart Full Of Soul;;;;;;;;;;;1;;318619
drumeo;Rush;Leave That Thing Alone;;;;;;;;;;;1;;279249
drumeo;Rush;La Villa Strangiato;;;;;;;;;;;1;;275704
drumeo;Rush;One Little Victory;;;;;;;;;;;1;;318785
drumeo;Rush;The Spirit Of Radio;;;;;;;;;;;1;;275716
drumeo;Rush;Open Secrets;;;;;;;;;;;1;;318657
drumeo;Rush;Faithless;;;;;;;;;;;1;;318741
drumeo;Rush;Cold Fire;;;;;;;;;;;1;;318601
drumeo;Rush;High Water;;;;;;;;;;;1;;318651
drumeo;Rush;Territories;;;;;;;;;;;1;;318687
drumeo;Rush;The Analog Kid;;;;;;;;;;;1;;285072
drumeo;Rush;Bravado;;;;;;;;;;;1;;285068
drumeo;Rush;Middletown Dreams;;;;;;;;;;;1;;318683
drumeo;Rush;Peaceable Kingdom;;;;;;;;;;;1;;318789
drumeo;Rush;Closer To The Heart;;;;;;;;;;;1;;275702
drumeo;Rush;Bravest Face;;;;;;;;;;;1;;318739
drumeo;Rush;We Hold On;;;;;;;;;;;1;;318755
drumeo;Rush;Carnies;;;;;;;;;;;1;;318579
drumeo;Rush;The Main Monkey Business;;;;;;;;;;;1;;318751
drumeo;Rush;Subdivisions;;;;;;;;;;;1;;260575
drumeo;Rush;Before And After;;;;;;;;;;;1;;318723
drumeo;Rush;Out Of The Cradle;;;;;;;;;;;1;;318787
drumeo;Rush;Jacob's Ladder;;;;;;;;;;;1;;270667
drumeo;Rush;Nocturne;;;;;;;;;;;1;;318783
drumeo;Rush;Best I Can;;;;;;;;;;;1;;264589
drumeo;Rush;Mystic Rhythms;;;;;;;;;;;1;;318685
drumeo;Rush;Marathon;;;;;;;;;;;1;;264611
drumeo;Rush;The Wreckers;;;;;;;;;;;1;;318593
drumeo;Rush;Armor And Sword;;;;;;;;;;;1;;318737
drumeo;Rush;Circumstances;;;;;;;;;;;1;;264593
drumeo;Rush;Chain Lightning;;;;;;;;;;;1;;318695
drumeo;Rush;Seven Cities Of Gold;;;;;;;;;;;1;;318587
drumeo;Rush;Presto;;;;;;;;;;;1;;318699
drumeo;Rush;Superconductor;;;;;;;;;;;1;;270669
drumeo;Rush;The Body Electric;;;;;;;;;;;1;;318645
drumeo;Rush;Lessons;;;;;;;;;;;1;;318561
drumeo;Rush;The Anarchist;;;;;;;;;;;1;;318589
drumeo;Rush;Between The Wheels;;;;;;;;;;;1;;318637
drumeo;Rush;Emotion Detector;;;;;;;;;;;1;;318679
drumeo;Rush;Caravan;;;;;;;;;;;1;;318577
drumeo;Rush;Need Some Love;;;;;;;;;;;1;;318727
drumeo;Rush;Dog Years;;;;;;;;;;;1;;318761
drumeo;Rush;Red Lenses;;;;;;;;;;;1;;318643
drumeo;Rush;Sweet Miracle;;;;;;;;;;;1;;318793
drumeo;Rush;Mission;;;;;;;;;;;1;;318655
drumeo;Rush;Vital Signs;;;;;;;;;;;1;;318669
drumeo;Rush;Good News First;;;;;;;;;;;1;;318743
drumeo;Rush;Scars;;;;;;;;;;;1;;318703
drumeo;Rush;Totem;;;;;;;;;;;1;;318769
drumeo;Rush;Afterimage;;;;;;;;;;;1;;318635
drumeo;Rush;Seven And Seven Is;;;;;;;;;;;1;;318623
drumeo;Rush;Mr. Soul;;;;;;;;;;;1;;318621
drumeo;Rush;The Speed Of Love;;;;;;;;;;;1;;318613
drumeo;Rush;The Necromancer;;;;;;;;;;;1;;270663
drumeo;Rush;Something For Nothing;;;;;;;;;;;1;;318563
drumeo;Rush;Manhattan Project;;;;;;;;;;;1;;285066
drumeo;Rush;The Fountain Of Lamneth;;;;;;;;;;;1;;318573
drumeo;Rush;Freewill;;;;;;;;;;;1;;275712
drumeo;Rush;What You're Doing;;;;;;;;;;;1;;270671
drumeo;Rush;Limelight;;;;;;;;;;;1;;275708
drumeo;Rush;Anagram (For Mongo);;;;;;;;;;;1;;318691
drumeo;Rush;Beneath, Between & Behind;;;;;;;;;;;1;;270665
drumeo;Rush;Neurotica;;;;;;;;;;;1;;318715
drumeo;Rush;Ghost Of A Chance;;;;;;;;;;;1;;318711
drumeo;Rush;Face Up;;;;;;;;;;;1;;318709
drumeo;Rush;Big Wheel;;;;;;;;;;;1;;318707
drumeo;Rush;You Bet Your Life;;;;;;;;;;;1;;318721
drumeo;Rush;Heresy;;;;;;;;;;;1;;318713
drumeo;Rush;Where's My Thing;;;;;;;;;;;1;;318719
drumeo;Rush;Red Barchetta;;;;;;;;;;;1;;275722
drumeo;Rush;Different Strings;;;;;;;;;;;1;;318677
drumeo;Rush;Red Sector A;;;;;;;;;;;1;;275720
drumeo;Rush;Roll The Bones;;;;;;;;;;;1;;318717
drumeo;Sade;Soldier Of Love;;;;;;;;;;;1;;291534
drumeo;Sade;Your Love Is King;;;;;;;;;;;1;;291528
drumeo;Sade;No Ordinary Love;;;;;;;;;;;1;;291530
drumeo;Sam & Dave;Hold On, I'm Comin';;;;;;;;;;;1;;317258
drumeo;Sam Hunt;Leave The Night On;;;;;;;;;;;1;;279253
drumeo;Sammy Hagar;Heavy Metal;;;;;;;;;;;1;;349862
drumeo;Sammy Hagar;Give To Live;;;;;;;;;;;1;;356048
drumeo;Santana;Smooth;;;;;;;;;;;1;;233259
drumeo;Santana;Soul Sacrifice;;;;;;;;;;;1;;279255
drumeo;Santana;Europa (Earth's Cry Heaven's Smile);;;;;;;;;;;1;;377124
drumeo;Saturnus;Christ Goodbye;;;;;;;;;;;1;;349864
drumeo;Scorpions;Rock You Like A Hurricane;;;;;;;;;;;1;;31246
drumeo;Scorpions;Big City Nights;;;;;;;;;;;1;;279257
drumeo;Scorpions;Bad Boys Running Wild;;;;;;;;;;;1;;260583
drumeo;Scorpions;Still Loving You;;;;;;;;;;;1;;260586
drumeo;Scorpions;The Zoo;;;;;;;;;;;1;;275724
drumeo;Scorpions;No One Like You;;;;;;;;;;;1;;275726
drumeo;Scorpions;Always Somewhere;;;;;;;;;;;1;;275730
drumeo;Scorpions;Wind Of Change;;;;;;;;;;;1;;275728
drumeo;Screaming Trees;Nearly Lost You;;;;;;;;;;;1;;356050
drumeo;Seal;Redzone Killer;;;;;;;;;;;1;;279259
drumeo;Seether;Remedy;;;;;;;;;;;1;;291540
drumeo;Seether;Country Song;;;;;;;;;;;1;;291538
drumeo;Seether;Rise Above This;;;;;;;;;;;1;;291536
drumeo;Sepultura;Ratamahatta;;;;;;;;;;;1;;374605
drumeo;Sepultura;Refuse/Resist;;;;;;;;;;;1;;279261
drumeo;Sepultura;Territory;;;;;;;;;;;1;;279263
drumeo;Seven Mary Three;Cumbersome;;;;;;;;;;;1;;348757
drumeo;Seven Year Storm;Dyatlov;;;;;;;;;;;1;;23820
drumeo;Sex Pistols;Silly Thing;;;;;;;;;;;1;;374608
drumeo;Sex Pistols;God Save The Queen;;;;;;;;;;;1;;373389
drumeo;Shakira;Si Te Vas;;;;;;;;;;;1;;328233
drumeo;Shania Twain;Man! I Feel Like A Woman!;;;;;;;;;;;1;;232611
drumeo;Shawn Mendes;Stitches;;;;;;;;;;;1;;291542
drumeo;Shawn Mendes;Señorita;;;;;;;;;;;1;;291546
drumeo;Shawn Mendes;In My Blood;;;;;;;;;;;1;;291544
drumeo;Sheryl Crow;If It Makes You Happy;;;;;;;;;;;1;;373391
drumeo;Sheryl Crow;All I Wanna Do;;;;;;;;;;;1;;285078
drumeo;Shinedown;Sound Of Madness;;;;;;;;;;;1;;264625
drumeo;Shinedown;Bully;;;;;;;;;;;1;;275732
drumeo;Shinedown;Miracle;;;;;;;;;;;1;;264623
drumeo;Sia;Chandelier;;;;;;;;;;;1;;275734
drumeo;Sigala;Just Got Paid;;;;;;;;;;;1;;285080
drumeo;Sigur Rós;Untitled #8;;;;;;;;;;;1;;328237
drumeo;Silk Sonic;Fly As Me;;;;;;;;;;;1;;371156
drumeo;Silk Sonic;777;;;;;;;;;;;1;;362453
drumeo;Silk Sonic;Leave The Door Open;;;;;;;;;;;1;;294855
drumeo;Silversun Pickups;Panic Switch;;;;;;;;;;;1;;364755
drumeo;Simon & Garfunkel;Bridge Over Troubled Water;;;;;;;;;;;1;;270675
drumeo;Simon & Garfunkel;The Sound Of Silence;;;;;;;;;;;1;;260591
drumeo;Simon & Garfunkel;Mrs. Robinson;;;;;;;;;;;1;;291548
drumeo;Simon Phillips;Undeviginti;;;;;;;;;;;1;;359333
drumeo;Simple Minds;Don’t You (Forget About Me);;;;;;;;;;;1;;264627
drumeo;Simple Minds;Alive And Kicking;;;;;;;;;;;1;;356052
drumeo;Simple Plan;Welcome To My Life;;;;;;;;;;;1;;264629
drumeo;Skid Row;I Remember You;;;;;;;;;;;1;;376568
drumeo;Skid Row;Youth Gone Wild;;;;;;;;;;;1;;374610
drumeo;Skillet;Comatose;;;;;;;;;;;1;;279267
drumeo;Skillet;Monster;;;;;;;;;;;1;;279265
drumeo;Skillet;Falling Inside The Black;;;;;;;;;;;1;;285082
drumeo;Skillet;The Last Night;;;;;;;;;;;1;;377126
drumeo;Skillet;Whispers In The Dark;;;;;;;;;;;1;;285084
drumeo;Skrillex;Scary Monsters And Nice Spirits;;;;;;;;;;;1;;291550
drumeo;Skunk Anansie;Charlie Big Potato;;;;;;;;;;;1;;285086
drumeo;Skunk Anansie;Weak;;;;;;;;;;;1;;337430
drumeo;Slayer;Disciple;;;;;;;;;;;1;;375868
drumeo;Slayer;Angel Of Death;;;;;;;;;;;1;;291554
drumeo;Slayer;South Of Heaven;;;;;;;;;;;1;;373393
drumeo;Slayer;Chemical Warfare;;;;;;;;;;;1;;291552
drumeo;Slayer;Raining Blood;;;;;;;;;;;1;;291558
drumeo;Slayer;Gemini;;;;;;;;;;;1;;364759
drumeo;Slayer;Reborn;;;;;;;;;;;1;;291560
drumeo;Slayer;Criminally Insane;;;;;;;;;;;1;;291556
drumeo;Slayer;Dead Skin Mask;;;;;;;;;;;1;;362455
drumeo;Slipknot;The Devil In I;;;;;;;;;;;1;;349866
drumeo;Slipknot;Liberate;;;;;;;;;;;1;;275736
drumeo;Slipknot;Before I Forget;;;;;;;;;;;1;;305693
drumeo;Slipknot;Wait And Bleed;;;;;;;;;;;1;;279271
drumeo;Slipknot;Solway Firth;;;;;;;;;;;1;;375870
drumeo;Slipknot;My Plague;;;;;;;;;;;1;;373844
drumeo;Slipknot;Disasterpiece;;;;;;;;;;;1;;375407
drumeo;Slipknot;Yen;;;;;;;;;;;1;;372747
drumeo;Slipknot;Eyeless;;;;;;;;;;;1;;377128
drumeo;Slipknot;The Chapeltown Rag;;;;;;;;;;;1;;372745
drumeo;Slipknot;Unsainted;;;;;;;;;;;1;;328239
drumeo;Slipknot;Psychosocial;;;;;;;;;;;1;;309165
drumeo;Slipknot;The Dying Song (Time To Sing);;;;;;;;;;;1;;372749
drumeo;Slipknot;Dead Memories;;;;;;;;;;;1;;376570
drumeo;Slipknot;Snuff;;;;;;;;;;;1;;375409
drumeo;Slipknot;Left Behind;;;;;;;;;;;1;;373842
drumeo;Slipknot;Spit It Out;;;;;;;;;;;1;;279269
drumeo;Slipknot;Duality;;;;;;;;;;;1;;356054
drumeo;Sly & The Family Stone;In Time;;;;;;;;;;;1;;317786
drumeo;Smash Mouth;All Star;;;;;;;;;;;1;;285088
drumeo;Smokey Robinson & The Miracles;Shop Around;;;;;;;;;;;1;;279273
drumeo;Smokey Robinson & The Miracles;The Tracks Of My Tears;;;;;;;;;;;1;;264631
drumeo;Smokey Robinson & The Miracles;You've Really Got A Hold On Me;;;;;;;;;;;1;;285090
drumeo;Snarky Puppy;Shofukan;;;;;;;;;;;1;;280217
drumeo;Snarky Puppy;What About Me?;;;;;;;;;;;1;;280219
drumeo;Snarky Puppy;Sleeper;;;;;;;;;;;1;;280213
drumeo;Snarky Puppy;Lingus;;;;;;;;;;;1;;280203
drumeo;Snow Patrol;Chasing Cars;;;;;;;;;;;1;;270677
drumeo;Snow Patrol;Run;;;;;;;;;;;1;;270679
drumeo;Social Distortion;Story Of My Life;;;;;;;;;;;1;;349868
drumeo;Solomon Burke;Cry To Me;;;;;;;;;;;1;;364762
drumeo;Sonny Rollins;Mambo Bounce;;;;;;;;;;;1;;279275
drumeo;Sonny Rollins;St. Thomas;;;;;;;;;;;1;;346219
drumeo;Sophie Ellis-Bextor;Murder On The Dancefloor;;;;;;;;;;;1;;291562
drumeo;Soul Asylum;Runaway Train;;;;;;;;;;;1;;362457
drumeo;Soundgarden;Let Me Drown;;;;;;;;;;;1;;294026
drumeo;Soundgarden;Rusty Cage;;;;;;;;;;;1;;352727
drumeo;Soundgarden;Fresh Tendrils;;;;;;;;;;;1;;293869
drumeo;Soundgarden;Superunknown;;;;;;;;;;;1;;294042
drumeo;Soundgarden;Limo Wreck;;;;;;;;;;;1;;294030
drumeo;Soundgarden;Black Hole Sun;;;;;;;;;;;1;;232979
drumeo;Soundgarden;Like Suicide;;;;;;;;;;;1;;294028
drumeo;Soundgarden;Blow Up The Outside World;;;;;;;;;;;1;;373395
drumeo;Soundgarden;The Day I Tried To Live;;;;;;;;;;;1;;275738
drumeo;Soundgarden;Head Down;;;;;;;;;;;1;;294020
drumeo;Soundgarden;Kickstand;;;;;;;;;;;1;;294024
drumeo;Soundgarden;Spoonman;;;;;;;;;;;1;;260595
drumeo;Soundgarden;She Likes Surprises;;;;;;;;;;;1;;294039
drumeo;Soundgarden;4th Of July;;;;;;;;;;;1;;293788
drumeo;Soundgarden;Outshined;;;;;;;;;;;1;;344748
drumeo;Soundgarden;My Wave;;;;;;;;;;;1;;294036
drumeo;Soundgarden;Jesus Christ Pose;;;;;;;;;;;1;;314525
drumeo;Soundgarden;Half;;;;;;;;;;;1;;294017
drumeo;Soundgarden;Mailman;;;;;;;;;;;1;;294033
drumeo;Soundgarden;Burden In My Hand;;;;;;;;;;;1;;337432
drumeo;Soundgarden;Fell On Black Days;;;;;;;;;;;1;;279277
drumeo;Spandau Ballet;1;;;;;;;;;;;1;;328241
drumeo;Spin Doctors;Two Princes;;;;;;;;;;;1;;279279
drumeo;Spiritbox;Circle With Me;;;;;;;;;;;1;;317262
drumeo;Spock's Beard;Crack The Big Sky;;;;;;;;;;;1;;362459
drumeo;Spoon;I Turn My Camera On;;;;;;;;;;;1;;291564
drumeo;Squarepusher;Tundra;;;;;;;;;;;1;;375411
drumeo;St. Vincent;Pay Your Way In Pain;;;;;;;;;;;1;;356086
drumeo;Stan Getz & João Gilberto;The Girl From Ipanema;;;;;;;;;;;1;;375413
drumeo;Stand Atlantic;Jurassic Park;;;;;;;;;;;1;;373397
drumeo;Starship;Nothing’s Gonna Stop Us Now;;;;;;;;;;;1;;349721
drumeo;Starship;We Built This City;;;;;;;;;;;1;;279281
drumeo;Status Quo;Rockin' All Over The World;;;;;;;;;;;1;;375210
drumeo;Stealers Wheel;Stuck In The Middle With You;;;;;;;;;;;1;;279283
drumeo;Steely Dan;Reelin' In The Years;;;;;;;;;;;1;;275742
drumeo;Steely Dan;Rikki Don't Lose That Number;;;;;;;;;;;1;;331216
drumeo;Steely Dan;Home At Last;;;;;;;;;;;1;;279285
drumeo;Steely Dan;Aja;;;;;;;;;;;1;;275740
drumeo;Steely Dan;Babylon Sisters;;;;;;;;;;;1;;352746
drumeo;Steely Dan;Peg;;;;;;;;;;;1;;362461
drumeo;Steely Dan;Babylon Sisters;;;;;;;;;;;1;;352746
drumeo;Steely Dan;Third World Man;;;;;;;;;;;1;;295645
drumeo;Steely Dan;Third World Man;;;;;;;;;;;1;;295645
drumeo;Steely Dan;Bad Sneakers;;;;;;;;;;;1;;295205
drumeo;Steely Dan;Your Gold Teeth II;;;;;;;;;;;1;;295209
drumeo;Steely Dan;Doctor Wu;;;;;;;;;;;1;;295207
drumeo;Steely Dan;Night By Night;;;;;;;;;;;1;;295212
drumeo;Steppenwolf;Born To Be Wild;;;;;;;;;;;1;;260597
drumeo;Steppenwolf;Magic Carpet Ride;;;;;;;;;;;1;;260599
drumeo;Steps Ahead;Islands;;;;;;;;;;;1;;375226
drumeo;Stereophonics;Mr. And Mrs. Smith;;;;;;;;;;;1;;328243
drumeo;Steve Earle;Copperhead Road;;;;;;;;;;;1;;375212
drumeo;Steve Lukather;Party In Simon's Pants;;;;;;;;;;;1;;357344
drumeo;Steve Miller Band;Rock'n Me;;;;;;;;;;;1;;275744
drumeo;Steve Miller Band;Take The Money And Run;;;;;;;;;;;1;;275746
drumeo;Steve Miller Band;Jet Airliner;;;;;;;;;;;1;;364765
drumeo;Steve Miller Band;Jungle Love;;;;;;;;;;;1;;270681
drumeo;Steve Miller Band;The Joker;;;;;;;;;;;1;;270683
drumeo;Steve Vai;Now We Run;;;;;;;;;;;1;;348761
drumeo;Steve Winwood;While You See A Chance;;;;;;;;;;;1;;376572
drumeo;Steve Winwood;Higher Love;;;;;;;;;;;1;;275748
drumeo;Stevie Nicks;Edge Of Seventeen;;;;;;;;;;;1;;348763
drumeo;Stevie Ray Vaughan;Love Me Darlin';;;;;;;;;;;1;;270685
drumeo;Stevie Ray Vaughan;This House Is Rockin';;;;;;;;;;;1;;270687
drumeo;Stevie Ray Vaughan;Pride And Joy;;;;;;;;;;;1;;232613
drumeo;Stevie Wonder;I Wish;;;;;;;;;;;1;;275752
drumeo;Stevie Wonder;Signed, Sealed, Delivered I'm Yours;;;;;;;;;;;1;;270691
drumeo;Stevie Wonder;Uptight (Everything's Alright);;;;;;;;;;;1;;279287
drumeo;Stevie Wonder;Sir Duke;;;;;;;;;;;1;;270695
drumeo;Stevie Wonder;For Your Love;;;;;;;;;;;1;;275750
drumeo;Stevie Wonder;Higher Ground;;;;;;;;;;;1;;270689
drumeo;Stevie Wonder;Superstition;;;;;;;;;;;1;;264633
drumeo;Stevie Wonder;Isn't She Lovely;;;;;;;;;;;1;;270693
drumeo;Stiltskin;Inside;;;;;;;;;;;1;;364767
drumeo;Sting;If I Ever Lose My Faith In You;;;;;;;;;;;1;;264635
drumeo;Sting;Seven Days;;;;;;;;;;;1;;24559
drumeo;Sting;The Hounds Of Winter;;;;;;;;;;;1;;341272
drumeo;Sting;I Hung My Head;;;;;;;;;;;1;;270697
drumeo;Sting;St. Augustine In Hell;;;;;;;;;;;1;;341279
drumeo;Sting;Fields Of Gold;;;;;;;;;;;1;;260603
drumeo;Sting;Shape Of My Heart;;;;;;;;;;;1;;341277
drumeo;Sting;Love Is Stronger Than Justice (The Munificent Seven);;;;;;;;;;;1;;341275
drumeo;Stone Temple Pilots;Plush;;;;;;;;;;;1;;348766
drumeo;Stone Temple Pilots;Interstate Love Song;;;;;;;;;;;1;;264637
drumeo;Stone Temple Pilots;Crackerman;;;;;;;;;;;1;;349758
drumeo;Stone Temple Pilots;Vasoline;;;;;;;;;;;1;;233532
drumeo;Stratovarius;Soul Of A Vagabond;;;;;;;;;;;1;;364769
drumeo;Stratovarius;Against The Wind;;;;;;;;;;;1;;285092
drumeo;Stratovarius;Speed Of Light;;;;;;;;;;;1;;374612
drumeo;Stray Cats;Stray Cat Strut;;;;;;;;;;;1;;374615
drumeo;Stromae;Santé;;;;;;;;;;;1;;364771
drumeo;Stryper;To Hell With The Devil;;;;;;;;;;;1;;328245
drumeo;Stuff;Foots;;;;;;;;;;;1;;295648
drumeo;Styx;Renegade;;;;;;;;;;;1;;291566
drumeo;Styx;Red Storm;;;;;;;;;;;1;;298494
drumeo;Styx;These Are The Times;;;;;;;;;;;1;;298410
drumeo;Styx;Trouble At The Big Show;;;;;;;;;;;1;;298506
drumeo;Styx;Overture;;;;;;;;;;;1;;298490
drumeo;Styx;Come Sail Away;;;;;;;;;;;1;;291568
drumeo;Styx;More Love For The Money;;;;;;;;;;;1;;298405
drumeo;Styx;Genki Desu Ka;;;;;;;;;;;1;;298383
drumeo;Styx;One With Everything;;;;;;;;;;;1;;298407
drumeo;Styx;Hundred Million Miles From Home;;;;;;;;;;;1;;298484
drumeo;Styx;Mission To Mars;;;;;;;;;;;1;;298488
drumeo;Styx;Time May Bend;;;;;;;;;;;1;;298504
drumeo;Styx;Bourgeois Pig;;;;;;;;;;;1;;298374
drumeo;Styx;Ten Thousand Ways;;;;;;;;;;;1;;298496
drumeo;Styx;The Greater Good;;;;;;;;;;;1;;298498
drumeo;Styx;Fooling Yourself (The Angry Young Man);;;;;;;;;;;1;;374703
drumeo;Styx;Coming Out The Other Side;;;;;;;;;;;1;;374699
drumeo;Styx;Crash Of The Crown;;;;;;;;;;;1;;303115
drumeo;Styx;Do Things My Way;;;;;;;;;;;1;;298378
drumeo;Styx;Fields Of The Brave;;;;;;;;;;;1;;298380
drumeo;Styx;Together;;;;;;;;;;;1;;298412
drumeo;Styx;Gone Gone Gone;;;;;;;;;;;1;;298482
drumeo;Styx;Radio Silence;;;;;;;;;;;1;;298492
drumeo;Styx;Kiss Your Ass Goodbye;;;;;;;;;;;1;;298403
drumeo;Styx;Waiting For Our Time;;;;;;;;;;;1;;298415
drumeo;Styx;The Outpost;;;;;;;;;;;1;;298502
drumeo;Styx;Blue Collar Man (Long Nights);;;;;;;;;;;1;;374701
drumeo;Styx;Killing The Thing That You Love;;;;;;;;;;;1;;298385
drumeo;Styx;Locomotive;;;;;;;;;;;1;;298486
drumeo;Styx;Captain America;;;;;;;;;;;1;;298376
drumeo;Sublime;Santeria;;;;;;;;;;;1;;31234
drumeo;Sublime;What I Got;;;;;;;;;;;1;;264639
drumeo;Suffocation;Pierced From Within;;;;;;;;;;;1;;291570
drumeo;Sugarland;It Happens;;;;;;;;;;;1;;349870
drumeo;Suicidal Tendencies;Trip At The Brain;;;;;;;;;;;1;;291572
drumeo;Suicidal Tendencies;Institutionalized;;;;;;;;;;;1;;291574
drumeo;Sum 41;Fat Lip;;;;;;;;;;;1;;285094
drumeo;Sum 41;In Too Deep;;;;;;;;;;;1;;279289
drumeo;Sum 41;Still Waiting;;;;;;;;;;;1;;309167
drumeo;Sum 41;Catching Fire;;;;;;;;;;;1;;349872
drumeo;Sungazer;Drunk;;;;;;;;;;;1;;364773
drumeo;Supertramp;The Logical Song;;;;;;;;;;;1;;299104
drumeo;Supertramp;Breakfast In America;;;;;;;;;;;1;;294534
drumeo;Surf Mesa;ILY (I Love You Baby);;;;;;;;;;;1;;328247
drumeo;Survivor;Eye Of The Tiger;;;;;;;;;;;1;;260609
drumeo;Survivor;Burning Heart;;;;;;;;;;;1;;362463
drumeo;Sweet;The Ballroom Blitz;;;;;;;;;;;1;;275754
drumeo;Switchfoot;This Is Home;;;;;;;;;;;1;;270703
drumeo;Switchfoot;Dare You To Move;;;;;;;;;;;1;;270699
drumeo;Switchfoot;We Are One Tonight;;;;;;;;;;;1;;275756
drumeo;Switchfoot;This Is Your Life;;;;;;;;;;;1;;270701
drumeo;System Of A Down;Aerials;;;;;;;;;;;1;;264641
drumeo;System Of A Down;Toxicity;;;;;;;;;;;1;;29250
drumeo;System Of A Down;Hypnotize;;;;;;;;;;;1;;302658
drumeo;System Of A Down;Chop Suey!;;;;;;;;;;;1;;24947
drumeo;System Of A Down;B.Y.O.B.;;;;;;;;;;;1;;302662
drumeo;T-Bone Walker;The Hustle Is On;;;;;;;;;;;1;;285098
drumeo;T-Bone Walker;Tell Me What's The Reason;;;;;;;;;;;1;;285096
drumeo;T-Bone Walker;T-Bone Shuffle;;;;;;;;;;;1;;279291
drumeo;T. Rex;Bang A Gong (Get It On);;;;;;;;;;;1;;349874
drumeo;Talking Heads;Psycho Killer;;;;;;;;;;;1;;365669
drumeo;Talking Heads;Road To Nowhere;;;;;;;;;;;1;;314528
drumeo;Tame Impala;Elephant;;;;;;;;;;;1;;279293
drumeo;Taylor Swift;Shake It Off;;;;;;;;;;;1;;270705
drumeo;Tears For Fears;Shout;;;;;;;;;;;1;;376575
drumeo;Tears For Fears;Everybody Wants To Rule The World;;;;;;;;;;;1;;285100
drumeo;Tears For Fears;Head Over Heels;;;;;;;;;;;1;;260613
drumeo;Tears For Fears;Badman's Song;;;;;;;;;;;1;;264643
drumeo;Tenacious D;Tribute;;;;;;;;;;;1;;279295
drumeo;Tenacious D;The Metal;;;;;;;;;;;1;;326671
drumeo;Tesla;Modern Day Cowboy;;;;;;;;;;;1;;279297
drumeo;Tesla;What You Give;;;;;;;;;;;1;;374617
drumeo;TesseracT;Perfection - Concealing Fate, Pt. 4;;;;;;;;;;;1;;285102
drumeo;TesseracT;Epiphany - Concealing Fate, Pt. 5;;;;;;;;;;;1;;291576
drumeo;TesseracT;The Impossible - Concealing Fate, Pt. 3;;;;;;;;;;;1;;285104
drumeo;TesseracT;Deception - Concealing Fate, Pt. 2;;;;;;;;;;;1;;279301
drumeo;TesseracT;Acceptance - Concealing Fate, Pt. 1;;;;;;;;;;;1;;279299
drumeo;TesseracT;Origin - Concealing Fate, Pt. 6;;;;;;;;;;;1;;291578
drumeo;Tetrarch;Stitch Me Up;;;;;;;;;;;1;;344750
drumeo;The 1975;Chocolate;;;;;;;;;;;1;;264645
drumeo;The 1975;Somebody Else;;;;;;;;;;;1;;279303
drumeo;The All-American Rejects;Damn Girl;;;;;;;;;;;1;;270707
drumeo;The All-American Rejects;It Ends Tonight;;;;;;;;;;;1;;275758
drumeo;The All-American Rejects;Move Along;;;;;;;;;;;1;;275760
drumeo;The All-American Rejects;Gives You Hell;;;;;;;;;;;1;;270709
drumeo;The Allman Brothers Band;Ramblin' Man;;;;;;;;;;;1;;275762
drumeo;The Allman Brothers Band;Whipping Post;;;;;;;;;;;1;;279305
drumeo;The Allman Brothers Band;No One To Run With;;;;;;;;;;;1;;366280
drumeo;The Allman Brothers Band;Statesboro Blues;;;;;;;;;;;1;;328249
drumeo;The Angels;Marseilles;;;;;;;;;;;1;;291580
drumeo;The Animals;The House Of The Rising Sun;;;;;;;;;;;1;;317234
drumeo;The Aristocrats;Desert Tornado;;;;;;;;;;;1;;373399
drumeo;The B-52's;Love Shack;;;;;;;;;;;1;;270711
drumeo;The B-52's;Rock Lobster;;;;;;;;;;;1;;352729
drumeo;The Band;The Weight;;;;;;;;;;;1;;275764
drumeo;The Band;Ophelia;;;;;;;;;;;1;;275766
drumeo;The Bangles;Walk Like An Egyptian;;;;;;;;;;;1;;270713
drumeo;The Bangles;Manic Monday;;;;;;;;;;;1;;294793
drumeo;The Bangles;Hazy Shade Of Winter;;;;;;;;;;;1;;294795
drumeo;The Beach Boys;Fun, Fun, Fun;;;;;;;;;;;1;;285108
drumeo;The Beach Boys;California Girls;;;;;;;;;;;1;;285112
drumeo;The Beach Boys;All Summer Long;;;;;;;;;;;1;;285106
drumeo;The Beach Boys;Then I Kissed Her;;;;;;;;;;;1;;285114
drumeo;The Beach Boys;Surfin' U.S.A.;;;;;;;;;;;1;;279307
drumeo;The Beach Boys;Wouldn't It Be Nice;;;;;;;;;;;1;;291582
drumeo;The Beach Boys;Good Vibrations;;;;;;;;;;;1;;285110
drumeo;The Beaches;T-Shirt;;;;;;;;;;;1;;374619
drumeo;The Beat;Mirror In The Bathroom;;;;;;;;;;;1;;291584
drumeo;The Beatles;In My Life;;;;;;;;;;;1;;309536
drumeo;The Beatles;Get Back;;;;;;;;;;;1;;264655
drumeo;The Beatles;I Want To Hold Your Hand;;;;;;;;;;;1;;270715
drumeo;The Beatles;Something;;;;;;;;;;;1;;309354
drumeo;The Beatles;With A Little Help From My Friends;;;;;;;;;;;1;;264663
drumeo;The Beatles;Cry Baby Cry;;;;;;;;;;;1;;309574
drumeo;The Beatles;Flying;;;;;;;;;;;1;;309444
drumeo;The Black Crowes;She Talks To Angels;;;;;;;;;;;1;;291586
drumeo;The Black Crowes;Remedy;;;;;;;;;;;1;;322478
drumeo;The Black Crowes;Hard To Handle;;;;;;;;;;;1;;264665
drumeo;The Black Eyed Peas;Let's Get It Started;;;;;;;;;;;1;;375214
drumeo;The Black Eyed Peas;I Gotta Feeling;;;;;;;;;;;1;;264667
drumeo;The Black Keys;Lonely Boy;;;;;;;;;;;1;;279315
drumeo;The Blues Brothers;Everybody Needs Somebody To Love;;;;;;;;;;;1;;291588
drumeo;The Becker Brothers;Some Skunk Funk;;;;;;;;;;;1;;371179
drumeo;Buddy Rich Big Band;The Beat Goes On;;;;;;;;;;;1;;322476
drumeo;The Buggles;Video Killed The Radio Star;;;;;;;;;;;1;;260622
drumeo;The Calling;Wherever You Will Go;;;;;;;;;;;1;;264669
drumeo;The Cardigans;Lovefool;;;;;;;;;;;1;;270719
drumeo;The Carpenters;(They Long to Be) Close to You;;;;;;;;;;;1;;375216
drumeo;The Cars;Just What I Needed;;;;;;;;;;;1;;264671
drumeo;The Cars;You Might Think;;;;;;;;;;;1;;375218
drumeo;The Chainsmokers;Paris;;;;;;;;;;;1;;291592
drumeo;The Chainsmokers;Don't Let Me Down;;;;;;;;;;;1;;291590
drumeo;The Chainsmokers;Something Just Like This;;;;;;;;;;;1;;291594
drumeo;The Clash;Rock The Casbah;;;;;;;;;;;1;;275782
drumeo;The Clash;Should I Stay Or Should I Go;;;;;;;;;;;1;;331219
drumeo;The Clash;London Calling;;;;;;;;;;;1;;317260
drumeo;The Clash;I Fought The Law;;;;;;;;;;;1;;279317
drumeo;The Clash;Rudie Can't Fail;;;;;;;;;;;1;;302664
drumeo;The Clash;Tommy Gun;;;;;;;;;;;1;;270723
drumeo;The Clash;Stay Free;;;;;;;;;;;1;;270721
drumeo;The Commitments;Chain Of Fools;;;;;;;;;;;1;;371160
drumeo;The Commodores;Brick House;;;;;;;;;;;1;;260624
drumeo;The Commodores;Easy;;;;;;;;;;;1;;294513
drumeo;The Cranberries;Dreams;;;;;;;;;;;1;;317265
drumeo;The Cranberries;Linger;;;;;;;;;;;1;;291596
drumeo;The Cranberries;Zombie;;;;;;;;;;;1;;291598
drumeo;The Crystal Method;Name Of The Game;;;;;;;;;;;1;;349876
drumeo;The Cult;Honey From A Knife;;;;;;;;;;;1;;260626
drumeo;The Cult;She Sells Sanctuary;;;;;;;;;;;1;;264673
drumeo;The Cure;Pictures Of You;;;;;;;;;;;1;;291600
drumeo;The Cure;Push;;;;;;;;;;;1;;374621
drumeo;The Cure;Just Like Heaven;;;;;;;;;;;1;;275784
drumeo;The Cure;Friday I'm In Love;;;;;;;;;;;1;;360017
drumeo;The Darkness;Growing On Me;;;;;;;;;;;1;;360019
drumeo;The Darkness;I Believe In A Thing Called Love;;;;;;;;;;;1;;362465
drumeo;Dave Brubeck Quartet;Blue Rondo A La Turk;;;;;;;;;;;1;;346221
drumeo;The Death Riders;Dead Garden;;;;;;;;;;;1;;374623
drumeo;The Doobie Brothers;China Grove;;;;;;;;;;;1;;233535
drumeo;The Doobie Brothers;Long Train Runnin';;;;;;;;;;;1;;291602
drumeo;The Doobie Brothers;Minute By Minute;;;;;;;;;;;1;;260630
drumeo;The Doors;Roadhouse Blues;;;;;;;;;;;1;;348768
drumeo;The Doors;Light My Fire;;;;;;;;;;;1;;279321
drumeo;The Doors;Riders On The Storm;;;;;;;;;;;1;;279319
drumeo;The Four Seasons;December, 1963 (Oh, What A Night);;;;;;;;;;;1;;299106
drumeo;The Fratellis;Chelsea Dagger;;;;;;;;;;;1;;344753
drumeo;The Fray;You Found Me;;;;;;;;;;;1;;279323
drumeo;The Fray;How To Save A Life;;;;;;;;;;;1;;264675
drumeo;The Gaslight Anthem;1930;;;;;;;;;;;1;;291604
drumeo;The Go-Go's;We Got The Beat;;;;;;;;;;;1;;294799
drumeo;The Go-Go's;Our Lips Are Sealed;;;;;;;;;;;1;;294797
drumeo;The Hives;Tick Tick Boom;;;;;;;;;;;1;;374625
drumeo;The Isley Brothers;This Old Heart Of Mine (Is Weak For You);;;;;;;;;;;1;;364777
drumeo;The Isley Brothers;It's Your Thing;;;;;;;;;;;1;;291608
drumeo;The Jackson 5;I Want You Back;;;;;;;;;;;1;;285126
drumeo;The Jackson 5;ABC;;;;;;;;;;;1;;270725
drumeo;The Jackson 5;The Love You Save;;;;;;;;;;;1;;264677
drumeo;The Jackson 5;Blame It On The Boogie;;;;;;;;;;;1;;279325
drumeo;The Jackson 5;Shake Your Body (Down To The Ground);;;;;;;;;;;1;;285124
drumeo;The Jam;Going Underground;;;;;;;;;;;1;;291610
drumeo;The Jimi Hendrix Experience;Purple Haze;;;;;;;;;;;1;;264679
drumeo;The Jimi Hendrix Experience;Voodoo Child;;;;;;;;;;;1;;344757
drumeo;The Jimi Hendrix Experience;Little Wing;;;;;;;;;;;1;;356057
drumeo;The Kentucky Headhunters;Dumas Walker;;;;;;;;;;;1;;377130
drumeo;The Kid LAROI & Justin Bieber;Stay;;;;;;;;;;;1;;356088
drumeo;The Killers;Don't Shoot Me Santa;;;;;;;;;;;1;;364779
drumeo;The Killers;Human;;;;;;;;;;;1;;299108
drumeo;The Killers;Somebody Told Me;;;;;;;;;;;1;;260632
drumeo;The Killers;Mr. Brightside;;;;;;;;;;;1;;264681
drumeo;The Killers;Read My Mind;;;;;;;;;;;1;;264683
drumeo;The Kinks;You Really Got Me;;;;;;;;;;;1;;279327
drumeo;The Kinks;Lola;;;;;;;;;;;1;;275786
drumeo;The Knack;She Likes The Beat;;;;;;;;;;;1;;260634
drumeo;The Knack;My Sharona;;;;;;;;;;;1;;305695
drumeo;The Mamas And The Papas;California Dreamin’;;;;;;;;;;;1;;264685
drumeo;The Mars Volta;Drunkship Of Lanterns;;;;;;;;;;;1;;291612
drumeo;The Meters;Look-Ka Py Py;;;;;;;;;;;1;;317788
drumeo;The Meters;Fire On The Bayou;;;;;;;;;;;1;;270727
drumeo;The Meters;Hey Pocky A-Way;;;;;;;;;;;1;;270729
drumeo;The Meters;Cissy Strut;;;;;;;;;;;1;;275788
drumeo;The Mighty Mighty Bosstones;The Impression That I Get;;;;;;;;;;;1;;317269
drumeo;The Monkees;I'm A Believer;;;;;;;;;;;1;;279329
drumeo;The Monkees;Daydream Believer;;;;;;;;;;;1;;377132
drumeo;The Moody Blues;I'm Just A Singer (In A Rock And Roll Band);;;;;;;;;;;1;;360021
drumeo;The Moody Blues;Nights In White Satin;;;;;;;;;;;1;;337435
drumeo;The National;About Today;;;;;;;;;;;1;;291614
drumeo;The O’Jays;Love Train;;;;;;;;;;;1;;374627
drumeo;The Offspring;You're Gonna Go Far, Kid;;;;;;;;;;;1;;264687
drumeo;The Offspring;The Kids Aren't Alright;;;;;;;;;;;1;;314530
drumeo;The Offspring;Gone Away;;;;;;;;;;;1;;356059
drumeo;The Offspring;Pretty Fly (For A White Guy);;;;;;;;;;;1;;344759
drumeo;The Offspring;Come Out And Play;;;;;;;;;;;1;;294536
drumeo;The Offspring;Self Esteem;;;;;;;;;;;1;;305697
drumeo;The Outfield;Your Love;;;;;;;;;;;1;;264689
drumeo;The Pineapple Thief;White Mist;;;;;;;;;;;1;;330002
drumeo;The Pineapple Thief;Wretched Soul;;;;;;;;;;;1;;331221
drumeo;The Pineapple Thief;Versions Of The Truth;;;;;;;;;;;1;;302666
drumeo;Pixies;Where Is My Mind?;;;;;;;;;;;1;;299094
drumeo;The Pointer Sisters;Fire;;;;;;;;;;;1;;291616
drumeo;The Police;Man In A Suitcase;;;;;;;;;;;1;;321373
drumeo;The Police;Walking On The Moon;;;;;;;;;;;1;;321279
drumeo;The Police;Born In The 50s;;;;;;;;;;;1;;321192
drumeo;The Police;Hole In My Life;;;;;;;;;;;1;;321197
drumeo;The Police;Can't Stand Losing You;;;;;;;;;;;1;;321195
drumeo;The Police;Too Much Information;;;;;;;;;;;1;;321187
drumeo;The Police;Canary In A Coalmine;;;;;;;;;;;1;;321365
drumeo;The Police;Invisible Sun;;;;;;;;;;;1;;321176
drumeo;The Police;Behind My Camel;;;;;;;;;;;1;;321360
drumeo;The Police;Driven To Tears;;;;;;;;;;;1;;321371
drumeo;The Police;It's Alright For You;;;;;;;;;;;1;;321258
drumeo;The Police;Mother;;;;;;;;;;;1;;321339
drumeo;The Police;When The World Is Running Down, You Make The Best Of What's Still Around;;;;;;;;;;;1;;321385
drumeo;The Police;Contact;;;;;;;;;;;1;;321215
drumeo;The Police;Rehumanize Yourself;;;;;;;;;;;1;;321183
drumeo;The Police;Synchronicity II;;;;;;;;;;;1;;321350
drumeo;The Police;One World (Not Three);;;;;;;;;;;1;;321181
drumeo;The Police;Voices Inside My Head;;;;;;;;;;;1;;321383
drumeo;The Police;Synchronicity I;;;;;;;;;;;1;;321345
drumeo;The Police;De Do Do Do, De Da Da Da;;;;;;;;;;;1;;321367
drumeo;The Police;Every Breath You Take;;;;;;;;;;;1;;234286
drumeo;The Police;Darkness;;;;;;;;;;;1;;321166
drumeo;The Police;Bombs Away;;;;;;;;;;;1;;321362
drumeo;The Police;On Any Other Day;;;;;;;;;;;1;;321268
drumeo;The Police;Roxanne;;;;;;;;;;;1;;23527
drumeo;The Police;The Bed's Too Big Without You;;;;;;;;;;;1;;321272
drumeo;The Police;The Other Way Of Stopping;;;;;;;;;;;1;;321381
drumeo;The Police;Wrapped Around Your Finger;;;;;;;;;;;1;;321356
drumeo;The Police;Message In A Bottle;;;;;;;;;;;1;;260638
drumeo;The Police;Miss Gradenko;;;;;;;;;;;1;;321337
drumeo;The Police;So Lonely;;;;;;;;;;;1;;232623
drumeo;The Police;O My God;;;;;;;;;;;1;;321343
drumeo;The Police;Be My Girl, Sally;;;;;;;;;;;1;;321190
drumeo;The Police;Does Everyone Stare;;;;;;;;;;;1;;321254
drumeo;The Police;Next To You;;;;;;;;;;;1;;321202
drumeo;The Police;Hungry For You;;;;;;;;;;;1;;321174
drumeo;The Police;King Of Pain;;;;;;;;;;;1;;321283
drumeo;The Police;No Time This Time;;;;;;;;;;;1;;321264
drumeo;The Police;Murder By Numbers;;;;;;;;;;;1;;321341
drumeo;The Police;Every Little Thing She Does Is Magic;;;;;;;;;;;1;;321171
drumeo;The Police;Reggatta De Blanc;;;;;;;;;;;1;;321270
drumeo;The Police;Secret Journey;;;;;;;;;;;1;;321185
drumeo;The Police;Deathwish;;;;;;;;;;;1;;321219
drumeo;The Police;Shadows In The Rain;;;;;;;;;;;1;;321375
drumeo;The Police;Truth Hits Everybody;;;;;;;;;;;1;;321206
drumeo;The Police;Bring On The Night;;;;;;;;;;;1;;321208
drumeo;The Police;Don't Stand So Close To Me;;;;;;;;;;;1;;321369
drumeo;The Police;Demolition Man;;;;;;;;;;;1;;321168
drumeo;The Police;Masoko Tanga;;;;;;;;;;;1;;321200
drumeo;The Police;Spirits In The Material World;;;;;;;;;;;1;;270731
drumeo;The Police;Peanuts;;;;;;;;;;;1;;321204
drumeo;The Police;Omegaman;;;;;;;;;;;1;;321178
drumeo;The Police;Tea In The Sahara;;;;;;;;;;;1;;321352
drumeo;The Police;Walking In Your Footsteps;;;;;;;;;;;1;;321354
drumeo;The Presidents Of The United States Of America;Lump;;;;;;;;;;;1;;309169
drumeo;The Pretenders;Back On The Chain Gang;;;;;;;;;;;1;;275790
drumeo;The Pretenders;Don’t Get Me Wrong;;;;;;;;;;;1;;291618
drumeo;The Pretenders;Middle Of The Road;;;;;;;;;;;1;;279331
drumeo;The Pretenders;Brass In Pocket;;;;;;;;;;;1;;260643
drumeo;The Pretty Reckless;Death By Rock And Roll;;;;;;;;;;;1;;309171
drumeo;The Proclaimers;I'm Gonna Be (500 Miles);;;;;;;;;;;1;;260645
drumeo;The Prodigy;Firestarter;;;;;;;;;;;1;;376577
drumeo;The Raconteurs;Steady As She Goes;;;;;;;;;;;1;;352731
drumeo;The Red Jumpsuit Apparatus;Face Down;;;;;;;;;;;1;;291620
drumeo;The Reign Of Kindo;Till We Make Our Ascent;;;;;;;;;;;1;;285128
drumeo;The Rembrandts;I'll Be There For You;;;;;;;;;;;1;;309173
drumeo;The Rolling Stones;Ventilator Blues;;;;;;;;;;;1;;291624
drumeo;The Rolling Stones;Start Me Up;;;;;;;;;;;1;;279333
drumeo;The Rolling Stones;Sympathy For The Devil;;;;;;;;;;;1;;275792
drumeo;The Rolling Stones;(I Can't Get No) Satisfaction;;;;;;;;;;;1;;260647
drumeo;The Rolling Stones;Can't You Hear Me Knocking;;;;;;;;;;;1;;376580
drumeo;The Rolling Stones;Start Me Up;;;;;;;;;;;1;;279333
drumeo;The Rolling Stones;Miss You;;;;;;;;;;;1;;264697
drumeo;The Rolling Stones;Honky Tonk Women;;;;;;;;;;;1;;260649
drumeo;The Rolling Stones;Under My Thumb;;;;;;;;;;;1;;291622
drumeo;The Rolling Stones;Get Off My Cloud;;;;;;;;;;;1;;264693
drumeo;The Rolling Stones;Ruby Tuesday;;;;;;;;;;;1;;270733
drumeo;The Rolling Stones;Gimme Shelter;;;;;;;;;;;1;;348770
drumeo;The Rolling Stones;Jumpin' Jack Flash;;;;;;;;;;;1;;264695
drumeo;The Rolling Stones;Not Fade Away;;;;;;;;;;;1;;374198
drumeo;The Rolling Stones;Paint It Black;;;;;;;;;;;1;;260651
drumeo;The Rolling Stones;Brown Sugar;;;;;;;;;;;1;;373846
drumeo;The Rolling Stones;Beast Of Burden;;;;;;;;;;;1;;264691
drumeo;The Roots;You Got Me;;;;;;;;;;;1;;270737
drumeo;The Roots;Mellow My Man;;;;;;;;;;;1;;275794
drumeo;The Roots;The Seed (2.0);;;;;;;;;;;1;;377135
drumeo;The Roots;Dear God 2.0;;;;;;;;;;;1;;279334
drumeo;The Roots;The OtherSide;;;;;;;;;;;1;;270739
drumeo;The Runaways;Cherry Bomb;;;;;;;;;;;1;;279336
drumeo;The Runaways;You Drive Me Wild;;;;;;;;;;;1;;294801
drumeo;The Script;Nothing;;;;;;;;;;;1;;279338
drumeo;The Script;The Man Who Can't Be Moved;;;;;;;;;;;1;;291626
drumeo;The Smashing Pumpkins;Cherub Rock;;;;;;;;;;;1;;275798
drumeo;The Smashing Pumpkins;Zero;;;;;;;;;;;1;;373401
drumeo;The Smashing Pumpkins;Bullet With Butterfly Wings;;;;;;;;;;;1;;279340
drumeo;The Smashing Pumpkins;1979;;;;;;;;;;;1;;275796
drumeo;The Smashing Pumpkins;Tonight, Tonight;;;;;;;;;;;1;;344762
drumeo;The Smashing Pumpkins;Today;;;;;;;;;;;1;;275800
drumeo;The Smiths;How Soon Is Now?;;;;;;;;;;;1;;291628
drumeo;The Soul Searchers;Ashley's Roachclip;;;;;;;;;;;1;;356061
drumeo;The Stone Roses;I Wanna Be Adored;;;;;;;;;;;1;;291630
drumeo;The Stone Roses;Made Of Stone;;;;;;;;;;;1;;291632
drumeo;The Stone Roses;Fools Gold;;;;;;;;;;;1;;374629
drumeo;The Stooges;I Wanna Be Your Dog;;;;;;;;;;;1;;270741
drumeo;The Strokes;Last Nite;;;;;;;;;;;1;;337437
drumeo;The Style Council;Dropping Bombs On The White House;;;;;;;;;;;1;;337439
drumeo;The Supremes;Stop! In The Name Of Love;;;;;;;;;;;1;;279342
drumeo;The Supremes;Where Did Our Love Go;;;;;;;;;;;1;;285132
drumeo;The Supremes;Baby Love;;;;;;;;;;;1;;285130
drumeo;The Surfaris;Wipe Out;;;;;;;;;;;1;;29244
drumeo;The Temptations;Just My Imagination (Running Away With Me);;;;;;;;;;;1;;270747
drumeo;The Temptations;Papa Was A Rollin' Stone;;;;;;;;;;;1;;270743
drumeo;The Temptations;My Girl;;;;;;;;;;;1;;279344
drumeo;The Temptations;Get Ready;;;;;;;;;;;1;;270745
drumeo;The Temptations;Ain't Too Proud To Beg;;;;;;;;;;;1;;285134
drumeo;The Teskey Brothers;So Caught Up;;;;;;;;;;;1;;364781
drumeo;The Tony Williams Lifetime;Proto-Cosmos;;;;;;;;;;;1;;270749
drumeo;The Tragically Hip;Blow At High Dough;;;;;;;;;;;1;;291634
drumeo;The Trammps;Disco Inferno;;;;;;;;;;;1;;291636
drumeo;The Travelling Wilburys;End Of The Line;;;;;;;;;;;1;;337441
drumeo;The Used;Buried Myself Alive;;;;;;;;;;;1;;291640
drumeo;The Used;A Box Full Of Sharp Objects;;;;;;;;;;;1;;291638
drumeo;The Ventures;Walk, Don't Run;;;;;;;;;;;1;;279346
drumeo;The Wallflowers;One Headlight;;;;;;;;;;;1;;365671
drumeo;The Wallflowers;6th Avenue Heartache;;;;;;;;;;;1;;326673
drumeo;The Weeknd;Blinding Lights;;;;;;;;;;;1;;302668
drumeo;The White Stripes;Seven Nation Army;;;;;;;;;;;1;;264699
drumeo;The Who;Behind Blue Eyes;;;;;;;;;;;1;;337443
drumeo;The Who;Pinball Wizard;;;;;;;;;;;1;;373403
drumeo;The Who;My Generation;;;;;;;;;;;1;;279348
drumeo;The Who;Won't Get Fooled Again;;;;;;;;;;;1;;275802
drumeo;The Who;Who Are You;;;;;;;;;;;1;;291642
drumeo;The Who;Baba O'Riley;;;;;;;;;;;1;;291644
drumeo;The Winstons;Amen, Brother;;;;;;;;;;;1;;275804
drumeo;The Wonders;That Thing You Do!;;;;;;;;;;;1;;291646
drumeo;Thelonious Monk;Blue Monk;;;;;;;;;;;1;;270751
drumeo;Them Crooked Vultures;No One Loves Me &  Neither Do I;;;;;;;;;;;1;;285136
drumeo;Them Crooked Vultures;New Fang;;;;;;;;;;;1;;279350
drumeo;Theory Of A Deadman;Bad Girlfriend;;;;;;;;;;;1;;374633
drumeo;They Might Be Giants;Boss Of Me;;;;;;;;;;;1;;348774
drumeo;Thin Lizzy;The Boys Are Back In Town;;;;;;;;;;;1;;365673
drumeo;Thin Lizzy;Whiskey In The Jar;;;;;;;;;;;1;;285140
drumeo;Thin Lizzy;Cowboy Song;;;;;;;;;;;1;;285138
drumeo;Thin Lizzy;Don't Believe A Word;;;;;;;;;;;1;;279354
drumeo;Thin Lizzy;Jailbreak;;;;;;;;;;;1;;279352
drumeo;Third Eye Blind;Graduate;;;;;;;;;;;1;;373848
drumeo;Third Eye Blind;Semi-Charmed Life;;;;;;;;;;;1;;309175
drumeo;Thirty Seconds To Mars;Closer To The Edge;;;;;;;;;;;1;;260654
drumeo;Thirty Seconds To Mars;The Kill;;;;;;;;;;;1;;260656
drumeo;Three Days Grace;I Am Machine;;;;;;;;;;;1;;373851
drumeo;Three Days Grace;Animal I Have Become;;;;;;;;;;;1;;291648
drumeo;Three Days Grace;I Hate Everything About You;;;;;;;;;;;1;;260658
drumeo;Thunder;Backstreet Symphony;;;;;;;;;;;1;;376582
drumeo;Thundercat;Them Changes;;;;;;;;;;;1;;264701
drumeo;Tiffany;I Think We're Alone Now;;;;;;;;;;;1;;365683
drumeo;Tigran Hamasyan;Entertain Me;;;;;;;;;;;1;;260660
drumeo;Tigran Hamasyan;The Apple Orchard In Saghmosavanq;;;;;;;;;;;1;;260662
drumeo;Tigran Hamasyan;The Court Jester;;;;;;;;;;;1;;260664
drumeo;Tigran Hamasyan;To Negate;;;;;;;;;;;1;;260668
drumeo;Tigran Hamasyan;Song For Melan And Rafik;;;;;;;;;;;1;;270753
drumeo;Tigran Hamasyan;The Poet;;;;;;;;;;;1;;260666
drumeo;Tigran Hamasyan & Red Hail;Corrupt;;;;;;;;;;;1;;260670
drumeo;Till Lindemann;Ich Hasse Kinder;;;;;;;;;;;1;;374582
drumeo;Tim McGaw;Shotgun Rider;;;;;;;;;;;1;;377137
drumeo;Tina Turner;What's Love Got To Do With It;;;;;;;;;;;1;;270755
drumeo;TLC;Waterfalls;;;;;;;;;;;1;;322480
drumeo;Toadies;Possum Kingdom;;;;;;;;;;;1;;375220
drumeo;Toby Keith;Beer For My Horses;;;;;;;;;;;1;;285142
drumeo;Tom Cochrane;Big League;;;;;;;;;;;1;;285144
drumeo;Tom Cochrane;Life Is A Highway;;;;;;;;;;;1;;275806
drumeo;Tom Petty;Depending On You;;;;;;;;;;;1;;296079
drumeo;Tom Petty;A Mind With A Heart Of Its Own;;;;;;;;;;;1;;296077
drumeo;Tom Petty;You Wreck Me;;;;;;;;;;;1;;279356
drumeo;Tom Petty;Yer So Bad;;;;;;;;;;;1;;296090
drumeo;Tom Petty;I Won’t Back Down;;;;;;;;;;;1;;264705
drumeo;Tom Petty;Love Is A Long Road;;;;;;;;;;;1;;296083
drumeo;Tom Petty;Runnin' Down A Dream;;;;;;;;;;;1;;296086
drumeo;Tom Petty;Feel A Whole Lot Better;;;;;;;;;;;1;;296081
drumeo;Tom Petty;A Face In The Crowd;;;;;;;;;;;1;;296074
drumeo;Tom Petty;The Apartment Song;;;;;;;;;;;1;;296088
drumeo;Tom Petty;Zombie Zoo;;;;;;;;;;;1;;296092
drumeo;Tom Petty;You Don't Know How It Feels;;;;;;;;;;;1;;285146
drumeo;Tom Petty;Free Fallin’;;;;;;;;;;;1;;264703
drumeo;Tom Petty & The Heartbreakers;Refugee;;;;;;;;;;;1;;373853
drumeo;Tom Petty & The Heartbreakers;Learning To Fly;;;;;;;;;;;1;;264707
drumeo;Tom Petty & The Heartbreakers;American Girl;;;;;;;;;;;1;;270757
drumeo;Tom Petty & The Heartbreakers;Here Comes My Girl;;;;;;;;;;;1;;375417
drumeo;Tom Petty & The Heartbreakers;Don't Come Around Here No More;;;;;;;;;;;1;;291650
drumeo;Tom Petty & The Heartbreakers;Don't Do Me Like That;;;;;;;;;;;1;;375415
drumeo;Tom Petty & The Heartbreakers;Mary Jane's Last Dance;;;;;;;;;;;1;;375419
drumeo;Tommy Tutone;867-5309/Jenny;;;;;;;;;;;1;;291652
drumeo;Tony Joe White;Polk Salad Annie;;;;;;;;;;;1;;349880
drumeo;Tool;Lateralus;;;;;;;;;;;1;;315024
drumeo;Tool;7empest;;;;;;;;;;;1;;368735
drumeo;Tool;Sober;;;;;;;;;;;1;;21376
drumeo;Tool;Invincible;;;;;;;;;;;1;;270765
drumeo;Tool;Pneuma;;;;;;;;;;;1;;270767
drumeo;Tool;Rosetta Stoned;;;;;;;;;;;1;;372740
drumeo;Tool;Ænema;;;;;;;;;;;1;;270761
drumeo;Tool;Jambi;;;;;;;;;;;1;;270759
drumeo;Tool;Schism;;;;;;;;;;;1;;270769
drumeo;Tool;Eulogy;;;;;;;;;;;1;;270763
drumeo;Tool;Ticks & Leeches;;;;;;;;;;;1;;372742
drumeo;Tool;Forty Six & 2;;;;;;;;;;;1;;264709
drumeo;Tool;Vicarious;;;;;;;;;;;1;;368733
drumeo;Tool;Stinkfist;;;;;;;;;;;1;;360015
drumeo;Tool;The Grudge;;;;;;;;;;;1;;270771
drumeo;Tool;The Patient;;;;;;;;;;;1;;270773
drumeo;Tool;The Pot;;;;;;;;;;;1;;25221
drumeo;Tori Amos;Space Dog;;;;;;;;;;;1;;328251
drumeo;Tori Kelly;Masterpiece;;;;;;;;;;;1;;285148
drumeo;Toto;Rockmaker;;;;;;;;;;;1;;291660
drumeo;Toto;Home Of The Brave;;;;;;;;;;;1;;295216
drumeo;Toto;Jake To The Bone;;;;;;;;;;;1;;295214
drumeo;Toto;Pamela;;;;;;;;;;;1;;270775
drumeo;Toto;Mama;;;;;;;;;;;1;;291654
drumeo;Toto;99;;;;;;;;;;;1;;285150
drumeo;Toto;I Will Remember;;;;;;;;;;;1;;356063
drumeo;Toto;Child's Anthem;;;;;;;;;;;1;;279358
drumeo;Toto;Angela;;;;;;;;;;;1;;291656
drumeo;Toto;Rosanna;;;;;;;;;;;1;;233679
drumeo;Toto;Georgy Porgy;;;;;;;;;;;1;;264711
drumeo;Toto;Stop Loving You;;;;;;;;;;;1;;285152
drumeo;Toto;Lovers In The Night;;;;;;;;;;;1;;291662
drumeo;Toto;Mushanga;;;;;;;;;;;1;;295218
drumeo;Toto;Hold The Line;;;;;;;;;;;1;;221443
drumeo;Toto;Dave's Gone Skiing;;;;;;;;;;;1;;359323
drumeo;Toto;I'll Supply The Love;;;;;;;;;;;1;;291658
drumeo;Toto;These Chains;;;;;;;;;;;1;;295220
drumeo;Toto;Bottom Of Your Soul;;;;;;;;;;;1;;357346
drumeo;Tower Of Power;What Is Hip?;;;;;;;;;;;1;;19653
drumeo;Tower Of Power;On The Serious Side;;;;;;;;;;;1;;373409
drumeo;Tower Of Power;Ebony Jam;;;;;;;;;;;1;;373411
drumeo;Tower Of Power;Squib Cakes;;;;;;;;;;;1;;317790
drumeo;Tower Of Power;Vuela Por Noche;;;;;;;;;;;1;;373413
drumeo;Tower Of Power;Soul With A Capital S;;;;;;;;;;;1;;309177
drumeo;Tower Of Power;Soul Vaccination;;;;;;;;;;;1;;373407
drumeo;Tower Of Power;Oakland Stroke;;;;;;;;;;;1;;317792
drumeo;Tracy Chapman;Fast Car;;;;;;;;;;;1;;337445
drumeo;Tracy Chapman;America;;;;;;;;;;;1;;374635
drumeo;Tracy Chapman;Give Me One Reason;;;;;;;;;;;1;;356065
drumeo;Train;This'll Be My Year;;;;;;;;;;;1;;285154
drumeo;Train;Hey, Soul Sister;;;;;;;;;;;1;;275808
drumeo;Train;Save Me, San Francisco;;;;;;;;;;;1;;285156
drumeo;Train;Drops Of Jupiter;;;;;;;;;;;1;;270779
drumeo;Train;50 Ways To Say Goodbye;;;;;;;;;;;1;;291664
drumeo;Train;If It's Love;;;;;;;;;;;1;;291668
drumeo;Train;Drive By;;;;;;;;;;;1;;270777
drumeo;Train;Bulletproof Picasso;;;;;;;;;;;1;;373855
drumeo;Train;California 37;;;;;;;;;;;1;;291666
drumeo;Train;Parachute;;;;;;;;;;;1;;291670
drumeo;Trans Am;I Want It All;;;;;;;;;;;1;;349882
drumeo;Trans-Siberian Orchestra;Carol Of The Bells;;;;;;;;;;;1;;375661
drumeo;Trapt;Headstrong;;;;;;;;;;;1;;349884
drumeo;Trivium;In Waves;;;;;;;;;;;1;;233604
drumeo;Trivium;Sever The Hand;;;;;;;;;;;1;;375874
drumeo;Trooper;Raise A Little Hell;;;;;;;;;;;1;;328253
drumeo;Twenty One Pilots;Leave The City;;;;;;;;;;;1;;303699
drumeo;Twenty One Pilots;Morph;;;;;;;;;;;1;;303708
drumeo;Twenty One Pilots;Legend;;;;;;;;;;;1;;303703
drumeo;Twenty One Pilots;The Judge;;;;;;;;;;;1;;303687
drumeo;Twenty One Pilots;Goner;;;;;;;;;;;1;;303645
drumeo;Twenty One Pilots;Migraine;;;;;;;;;;;1;;279360
drumeo;Twenty One Pilots;Jumpsuit;;;;;;;;;;;1;;303697
drumeo;Twenty One Pilots;Stressed Out;;;;;;;;;;;1;;275810
drumeo;Twenty One Pilots;Neon Gravestones;;;;;;;;;;;1;;303712
drumeo;Twenty One Pilots;Bandito;;;;;;;;;;;1;;303691
drumeo;Twenty One Pilots;Nico And The Niners;;;;;;;;;;;1;;303714
drumeo;Twenty One Pilots;Hometown;;;;;;;;;;;1;;303675
drumeo;Twenty One Pilots;Message Man;;;;;;;;;;;1;;303679
drumeo;Twenty One Pilots;Ride;;;;;;;;;;;1;;260682
drumeo;Twenty One Pilots;My Blood;;;;;;;;;;;1;;303710
drumeo;Twenty One Pilots;Chlorine;;;;;;;;;;;1;;303693
drumeo;Twenty One Pilots;We Don't Believe What's On TV;;;;;;;;;;;1;;303689
drumeo;Twenty One Pilots;Doubt;;;;;;;;;;;1;;303638
drumeo;Twenty One Pilots;Smithereens;;;;;;;;;;;1;;303718
drumeo;Twenty One Pilots;Car Radio;;;;;;;;;;;1;;210724
drumeo;Twenty One Pilots;Heavydirtysoul;;;;;;;;;;;1;;285158
drumeo;Twenty One Pilots;Lane Boy;;;;;;;;;;;1;;303677
drumeo;Twenty One Pilots;Not Today;;;;;;;;;;;1;;303681
drumeo;Twenty One Pilots;Pet Cheetah;;;;;;;;;;;1;;303716
drumeo;Twenty One Pilots;Polarize;;;;;;;;;;;1;;303683
drumeo;Twenty One Pilots;Levitate;;;;;;;;;;;1;;303705
drumeo;Twenty One Pilots;Tear In My Heart;;;;;;;;;;;1;;303685
drumeo;Twenty One Pilots;The Hype;;;;;;;;;;;1;;303720
drumeo;Twenty One Pilots;Cut My Lip;;;;;;;;;;;1;;303695
drumeo;Twenty One Pilots;Fairly Local;;;;;;;;;;;1;;303643
drumeo;Twenty One Pilots;Heathens;;;;;;;;;;;1;;264713
drumeo;Twenty One Pilots;Shy Away;;;;;;;;;;;1;;328255
drumeo;Twisted Sister;I Wanna Rock;;;;;;;;;;;1;;376584
drumeo;Twisted Sister;We're Not Gonna Take It;;;;;;;;;;;1;;260684
drumeo;Twisted Sister;Heavy Metal Christmas (The Twelve Days Of Christmas);;;;;;;;;;;1;;375663
drumeo;Twisted Sister;The Christmas Song (Chestnuts Roasting On An Open Fire);;;;;;;;;;;1;;375666
drumeo;Tyrone Davis;Turn Back The Hands Of Time;;;;;;;;;;;1;;352733
drumeo;U2;Red Light;;;;;;;;;;;1;;324106
drumeo;U2;I Threw A Brick Through A Window;;;;;;;;;;;1;;324012
drumeo;U2;Bullet The Blue Sky;;;;;;;;;;;1;;264717
drumeo;U2;Miracle Drug;;;;;;;;;;;1;;323970
drumeo;U2;Until The End Of The World;;;;;;;;;;;1;;323942
drumeo;U2;Mothers Of The Disappeared;;;;;;;;;;;1;;324065
drumeo;U2;Love Is Blindness;;;;;;;;;;;1;;323914
drumeo;U2;Heartland;;;;;;;;;;;1;;324069
drumeo;U2;Promenade;;;;;;;;;;;1;;324094
drumeo;U2;Vertigo;;;;;;;;;;;1;;279364
drumeo;U2;Stand Up Comedy;;;;;;;;;;;1;;324016
drumeo;U2;Stuck In A Moment You Can’t Get Out Of;;;;;;;;;;;1;;323922
drumeo;U2;I'll Go Crazy If I Don't Go Crazy Tonight;;;;;;;;;;;1;;324001
drumeo;U2;The Ocean;;;;;;;;;;;1;;323990
drumeo;U2;The Ground Beneath Her Feet;;;;;;;;;;;1;;323926
drumeo;U2;Red Hill Mining Town;;;;;;;;;;;1;;324072
drumeo;U2;Sometimes You Can't Make It On Your Own;;;;;;;;;;;1;;323976
drumeo;U2;With Or Without You;;;;;;;;;;;1;;291672
drumeo;U2;Out Of Control;;;;;;;;;;;1;;323963
drumeo;U2;The Refugee;;;;;;;;;;;1;;324112
drumeo;U2;40;;;;;;;;;;;1;;324100
drumeo;U2;Magnificent;;;;;;;;;;;1;;324006
drumeo;U2;Like A Song;;;;;;;;;;;1;;324104
drumeo;U2;One;;;;;;;;;;;1;;323920
drumeo;U2;I Will Follow;;;;;;;;;;;1;;264723
drumeo;U2;Moment Of Surrender;;;;;;;;;;;1;;324009
drumeo;U2;Desire;;;;;;;;;;;1;;324054
drumeo;U2;Exit;;;;;;;;;;;1;;324056
drumeo;U2;One Step Closer;;;;;;;;;;;1;;323972
drumeo;U2;Elevation;;;;;;;;;;;1;;264719
drumeo;U2;All I Want Is You;;;;;;;;;;;1;;324050
drumeo;U2;Beautiful Day;;;;;;;;;;;1;;264715
drumeo;U2;Original Of The Species;;;;;;;;;;;1;;323974
drumeo;U2;Acrobat;;;;;;;;;;;1;;323905
drumeo;U2;Kite;;;;;;;;;;;1;;323909
drumeo;U2;New York;;;;;;;;;;;1;;323915
drumeo;U2;Fire;;;;;;;;;;;1;;323996
drumeo;U2;Is That All?;;;;;;;;;;;1;;324017
drumeo;U2;Get On Your Boots;;;;;;;;;;;1;;323997
drumeo;U2;Breathe;;;;;;;;;;;1;;323980
drumeo;U2;Fez - Being Born;;;;;;;;;;;1;;323991
drumeo;U2;Sunday Bloody Sunday;;;;;;;;;;;1;;270781
drumeo;U2;New Year's Day;;;;;;;;;;;1;;264725
drumeo;U2;Wild Honey;;;;;;;;;;;1;;323938
drumeo;U2;Stories For Boys;;;;;;;;;;;1;;323984
drumeo;U2;Ordinary Love;;;;;;;;;;;1;;374638
drumeo;U2;Grace;;;;;;;;;;;1;;323902
drumeo;U2;With A Shout (Jerusalem);;;;;;;;;;;1;;324034
drumeo;U2;Silver And Gold;;;;;;;;;;;1;;324081
drumeo;U2;Hawkmoon 269;;;;;;;;;;;1;;324064
drumeo;U2;A Man And A Woman;;;;;;;;;;;1;;323950
drumeo;U2;Shadows And Tall Trees/Saturday Matinee;;;;;;;;;;;1;;323981
drumeo;U2;Indian Summer Sky;;;;;;;;;;;1;;324090
drumeo;U2;A Sort Of Homecoming;;;;;;;;;;;1;;324086
drumeo;U2;In A Little While;;;;;;;;;;;1;;323906
drumeo;U2;Walk On;;;;;;;;;;;1;;323930
drumeo;U2;Bad;;;;;;;;;;;1;;291674
drumeo;U2;Into The Heart;;;;;;;;;;;1;;323958
drumeo;U2;So Cruel;;;;;;;;;;;1;;323925
drumeo;U2;Rejoice;;;;;;;;;;;1;;324024
drumeo;U2;City Of Blinding Lights;;;;;;;;;;;1;;323959
drumeo;U2;Wire;;;;;;;;;;;1;;324098
drumeo;U2;Trip Through Your Wires;;;;;;;;;;;1;;324082
drumeo;U2;Scarlet;;;;;;;;;;;1;;324026
drumeo;U2;Twilight;;;;;;;;;;;1;;323994
drumeo;U2;No Line On The Horizon;;;;;;;;;;;1;;324013
drumeo;U2;All Because Of You;;;;;;;;;;;1;;323954
drumeo;U2;White As Snow;;;;;;;;;;;1;;324022
drumeo;U2;Surrender;;;;;;;;;;;1;;324110
drumeo;U2;Tomorrow;;;;;;;;;;;1;;324031
drumeo;U2;Crumbs From Your Table;;;;;;;;;;;1;;323962
drumeo;U2;I Fall Down;;;;;;;;;;;1;;324008
drumeo;U2;The Fly;;;;;;;;;;;1;;323929
drumeo;U2;Zoo Station;;;;;;;;;;;1;;323948
drumeo;U2;When I Look At The World;;;;;;;;;;;1;;323934
drumeo;U2;Helter Skelter;;;;;;;;;;;1;;324060
drumeo;U2;Drowning Man;;;;;;;;;;;1;;324102
drumeo;U2;Gloria;;;;;;;;;;;1;;324000
drumeo;U2;The Unforgettable Fire;;;;;;;;;;;1;;324096
drumeo;U2;Tryin' To Throw Your Arms Around The World;;;;;;;;;;;1;;323933
drumeo;U2;Unknown Caller;;;;;;;;;;;1;;324020
drumeo;U2;Love And Peace Or Else;;;;;;;;;;;1;;323968
drumeo;U2;The Electric Co.;;;;;;;;;;;1;;323988
drumeo;U2;Cedars Of Lebanon;;;;;;;;;;;1;;323986
drumeo;U2;Ultra Violet (Light My Way);;;;;;;;;;;1;;323937
drumeo;U2;Where The Streets Have No Name;;;;;;;;;;;1;;232821
drumeo;U2;In God's Country;;;;;;;;;;;1;;324061
drumeo;U2;A Day Without Me;;;;;;;;;;;1;;323943
drumeo;U2;Two Hearts Beat As One;;;;;;;;;;;1;;324114
drumeo;U2;Even Better Than The Real Thing;;;;;;;;;;;1;;323911
drumeo;U2;One Tree Hill;;;;;;;;;;;1;;324068
drumeo;U2;When Love Comes To Town;;;;;;;;;;;1;;324078
drumeo;U2;Love Rescue Me;;;;;;;;;;;1;;324073
drumeo;U2;Angel Of Harlem;;;;;;;;;;;1;;324052
drumeo;U2;Stranger In A Strange Land;;;;;;;;;;;1;;324028
drumeo;U2;Fast Cars;;;;;;;;;;;1;;323966
drumeo;U2;Who's Gonna Ride Your Wild Horses;;;;;;;;;;;1;;323946
drumeo;U2;I Still Haven't Found What I'm Looking For;;;;;;;;;;;1;;264721
drumeo;U2;Another Time, Another Place;;;;;;;;;;;1;;323955
drumeo;U2;Elvis Presley And America;;;;;;;;;;;1;;324088
drumeo;U2;An Cat Dubh;;;;;;;;;;;1;;323951
drumeo;U2;All Along The Watchtower;;;;;;;;;;;1;;324038
drumeo;U2;God Part II;;;;;;;;;;;1;;324057
drumeo;U2;Peace On Earth;;;;;;;;;;;1;;323918
drumeo;U2;Mysterious Ways;;;;;;;;;;;1;;279362
drumeo;U2;Running To Stand Still;;;;;;;;;;;1;;324077
drumeo;U2;Yahweh;;;;;;;;;;;1;;323978
drumeo;U2;Seconds;;;;;;;;;;;1;;324108
drumeo;U2;Pride (In the Name of Love);;;;;;;;;;;1;;324092
drumeo;UB40;Red Red Wine;;;;;;;;;;;1;;270783
drumeo;UB40;Kingston Town;;;;;;;;;;;1;;344765
drumeo;Ugly Kid Joe;Cats In The Cradle;;;;;;;;;;;1;;326676
drumeo;Ugly Kid Joe;Everything About You;;;;;;;;;;;1;;375222
drumeo;Ugress;Spider-Man Theme;;;;;;;;;;;1;;364783
drumeo;Uriah Heep;The Wizard;;;;;;;;;;;1;;264727
drumeo;Usher;Dive;;;;;;;;;;;1;;347063
drumeo;Usher;Caught Up;;;;;;;;;;;1;;347061
drumeo;Usher;Burn;;;;;;;;;;;1;;347058
drumeo;Usher;Numb;;;;;;;;;;;1;;347065
drumeo;Van Halen;Right Now;;;;;;;;;;;1;;326678
drumeo;Van Halen;Drop Dead Legs;;;;;;;;;;;1;;298960
drumeo;Van Halen;And The Cradle Will Rock...;;;;;;;;;;;1;;264729
drumeo;Van Halen;Light Up The Sky;;;;;;;;;;;1;;299010
drumeo;Van Halen;Ain't Talkin' 'Bout Love;;;;;;;;;;;1;;291680
drumeo;Van Halen;Somebody Get Me A Doctor;;;;;;;;;;;1;;299014
drumeo;Van Halen;Girl Gone Bad;;;;;;;;;;;1;;298962
drumeo;Van Halen;Feel Your Love Tonight;;;;;;;;;;;1;;298987
drumeo;Van Halen;Unchained;;;;;;;;;;;1;;291684
drumeo;Van Halen;Beautiful Girls;;;;;;;;;;;1;;299002
drumeo;Van Halen;Little Dreamer;;;;;;;;;;;1;;298995
drumeo;Van Halen;Outta Love Again;;;;;;;;;;;1;;299012
drumeo;Van Halen;Eruption;;;;;;;;;;;1;;298985
drumeo;Van Halen;Good Enough;;;;;;;;;;;1;;298976
drumeo;Van Halen;Get Up;;;;;;;;;;;1;;298974
drumeo;Van Halen;House Of Pain;;;;;;;;;;;1;;298965
drumeo;Van Halen;Panama;;;;;;;;;;;1;;260691
drumeo;Van Halen;Dance The Night Away;;;;;;;;;;;1;;299008
drumeo;Van Halen;Why Can't This Be Love;;;;;;;;;;;1;;264731
drumeo;Van Halen;5150;;;;;;;;;;;1;;298971
drumeo;Van Halen;Inside;;;;;;;;;;;1;;298978
drumeo;Van Halen;D.O.A.;;;;;;;;;;;1;;299006
drumeo;Van Halen;On Fire;;;;;;;;;;;1;;298997
drumeo;Van Halen;Atomic Punk;;;;;;;;;;;1;;298983
drumeo;Van Halen;Women In Love...;;;;;;;;;;;1;;299017
drumeo;Van Halen;I'm The One;;;;;;;;;;;1;;298989
drumeo;Van Halen;Jump;;;;;;;;;;;1;;260689
drumeo;Van Halen;Intruder/(Oh) Pretty Woman;;;;;;;;;;;1;;349887
drumeo;Van Halen;Bottoms Up!;;;;;;;;;;;1;;299004
drumeo;Van Halen;Hot For Teacher;;;;;;;;;;;1;;24391
drumeo;Van Halen;Jamie's Cryin';;;;;;;;;;;1;;298993
drumeo;Van Halen;Ice Cream Man;;;;;;;;;;;1;;298991
drumeo;Van Halen;Best Of Both Worlds;;;;;;;;;;;1;;279366
drumeo;Van Halen;I'll Wait;;;;;;;;;;;1;;298967
drumeo;Van Halen;Runnin' With The Devil;;;;;;;;;;;1;;291682
drumeo;Van Halen;Summer Nights;;;;;;;;;;;1;;291678
drumeo;Van Halen;Love Walks In;;;;;;;;;;;1;;298981
drumeo;Van Halen;Top Jimmy;;;;;;;;;;;1;;298969
drumeo;Van Halen;Hang ‘em High;;;;;;;;;;;1;;374641
drumeo;Van Halen;You're No Good;;;;;;;;;;;1;;299020
drumeo;Van Halen;You Really Got Me;;;;;;;;;;;1;;299000
drumeo;Van Halen;Dreams;;;;;;;;;;;1;;291676
drumeo;Van Morrison;Brown Eyed Girl;;;;;;;;;;;1;;234252
drumeo;Vanilla Fudge;You Keep Me Hangin' On;;;;;;;;;;;1;;356011
drumeo;Vasco Rossi;Gli Spari Sopra;;;;;;;;;;;1;;362478
drumeo;Velvet Revolver;Slither;;;;;;;;;;;1;;371162
drumeo;Village People;Y.M.C.A.;;;;;;;;;;;1;;264733
drumeo;Violent Femmes;Blister in The Sun;;;;;;;;;;;1;;337447
drumeo;Volbeat;Lola Montez;;;;;;;;;;;1;;371164
drumeo;Voyager;Entropy;;;;;;;;;;;1;;371167
drumeo;Vulfpeck;Dean Town;;;;;;;;;;;1;;285160
drumeo;Vulfpeck;1612;;;;;;;;;;;1;;275812
drumeo;Vulkan;This Visual Hex;;;;;;;;;;;1;;364786
drumeo;Walk The Moon;Shut Up And Dance;;;;;;;;;;;1;;264735
drumeo;Warpaint;Love Is To Die;;;;;;;;;;;1;;374643
drumeo;Warrant;Cherry Pie;;;;;;;;;;;1;;365675
drumeo;Warrant;I Saw Red;;;;;;;;;;;1;;270785
drumeo;Warren Zevon;Werewolves Of London;;;;;;;;;;;1;;365677
drumeo;Warren Zevon;Poor Poor Pitiful Me;;;;;;;;;;;1;;291686
drumeo;Wayne Shorter;Black Nile;;;;;;;;;;;1;;275816
drumeo;Wayne Shorter;Footprints;;;;;;;;;;;1;;346223
drumeo;Wayne Shorter;Night Dreamer;;;;;;;;;;;1;;285162
drumeo;We The Kingdom;Holy Water;;;;;;;;;;;1;;315949
drumeo;We The Kings;Check Yes, Juliet;;;;;;;;;;;1;;349889
drumeo;Weather Report;Night Passage;;;;;;;;;;;1;;375224
drumeo;Weezer;Undone – The Sweater Song;;;;;;;;;;;1;;275820
drumeo;Weezer;Buddy Holly;;;;;;;;;;;1;;264737
drumeo;Weezer;Island In The Sun;;;;;;;;;;;1;;275818
drumeo;Weezer;Say It Ain't So;;;;;;;;;;;1;;233257
drumeo;Weezer;Hash Pipe;;;;;;;;;;;1;;356067
drumeo;Wham!;Wake Me Up Before You Go-Go;;;;;;;;;;;1;;275822
drumeo;Wham!;Last Christmas;;;;;;;;;;;1;;291688
drumeo;Wheatus;Teenage Dirtbag;;;;;;;;;;;1;;279368
drumeo;White Zombie;Thunder Kiss '65;;;;;;;;;;;1;;362468
drumeo;White Zombie;Black Sunshine;;;;;;;;;;;1;;291690
drumeo;Whitesnake;Is This Love;;;;;;;;;;;1;;270787
drumeo;Whitesnake;Crying In The Rain;;;;;;;;;;;1;;377568
drumeo;Whitesnake;Slide It In;;;;;;;;;;;1;;275824
drumeo;Whitesnake;Here I Go Again;;;;;;;;;;;1;;260697
drumeo;Whitesnake;Slip Of The Tongue;;;;;;;;;;;1;;285164
drumeo;Whitesnake;Still Of The Night;;;;;;;;;;;1;;260699
drumeo;Whitney Houston;How Will I Know;;;;;;;;;;;1;;270791
drumeo;Whitney Houston;I Wanna Dance With Somebody (Who Loves Me);;;;;;;;;;;1;;270789
drumeo;Wild Cherry;Play That Funky Music;;;;;;;;;;;1;;30373
drumeo;Willie Nelson;On The Road Again;;;;;;;;;;;1;;279370
drumeo;Willie Nile;One Guitar;;;;;;;;;;;1;;365685
drumeo;Wilson Pickett;In The Midnight Hour;;;;;;;;;;;1;;264739
drumeo;Winger;Miles Away;;;;;;;;;;;1;;291692
drumeo;Wings;Band On The Run;;;;;;;;;;;1;;291694
drumeo;Wings;Live And Let Die;;;;;;;;;;;1;;373858
drumeo;Within Temptation;Faster;;;;;;;;;;;1;;371169
drumeo;Wolfmother;Joker & The Thief;;;;;;;;;;;1;;233528
drumeo;XTC;The Ballad Of Peter Pumpkinhead;;;;;;;;;;;1;;264741
drumeo;Yeah Yeah Yeahs;Maps;;;;;;;;;;;1;;322483
drumeo;Yes;Roundabout;;;;;;;;;;;1;;365679
drumeo;Yes;Heart Of The Sunrise;;;;;;;;;;;1;;279374
drumeo;Yes;Changes;;;;;;;;;;;1;;279372
drumeo;Yes;Owner Of A Lonely Heart;;;;;;;;;;;1;;270793
drumeo;Young The Giant;Apartment;;;;;;;;;;;1;;264743
drumeo;YUCA;I'm Alive She Said;;;;;;;;;;;1;;20966
drumeo;Zac Brown Band;Chicken Fried;;;;;;;;;;;1;;260706
drumeo;Zac Brown Band;Different Kind Of Fine;;;;;;;;;;;1;;279376
drumeo;Zac Brown Band;Toes;;;;;;;;;;;1;;285166
drumeo;Zach Williams;Chain Breaker;;;;;;;;;;;1;;275826
drumeo;ZZ Top;Sharp Dressed Man;;;;;;;;;;;1;;260708
drumeo;ZZ Top;Beer Drinkers & Hell Raisers;;;;;;;;;;;1;;349893
drumeo;ZZ Top;I Gotsta Get Paid;;;;;;;;;;;1;;349891
drumeo;ZZ Top;La Grange;;;;;;;;;;;1;;275828
drumeo;ZZ Top;Tush;;;;;;;;;;;1;;260710
drumeo;ZZ Top;Gimme All Your Lovin';;;;;;;;;;;1;;294252
