CONTENT_ID	Brand	Lesson Title	Content Type	CMS URL	Permission IDs	Parent Title
212113	drumeo	Behind The Scenes With Kaz Rodriguez	behind-the-scenes	https://admin.musora.com/admin#/content/drumeo/212113	92;94;78;88;89;90	
221434	drumeo	NAMM 2019	behind-the-scenes	https://admin.musora.com/admin#/content/drumeo/221434	92;94;78;88;89;90	
208708	drumeo	VIP Left Hand Boot Camp #4	boot-camps	https://admin.musora.com/admin#/content/drumeo/208708	92;94;78;88;89;90	
267953	pianote	Play Beautiful Chord Patterns With Lisa	boot-camps	https://admin.musora.com/admin#/content/pianote/267953	92;94;78;88;89;90	
190984	drumeo	One Exercise To Help You Sound More Articulate	challenges	https://admin.musora.com/admin#/content/drumeo/190984	92;94;78;88;89;90	
26305	drumeo	Sight Reading Challenge #3	challenges	https://admin.musora.com/admin#/content/drumeo/26305	92;94;78;88;89;90	
281287	drumeo	Learning Songs	coach-stream	https://admin.musora.com/admin#/content/drumeo/281287	92;94;78;88;89;90	
301362	drumeo	The Todd Sucherman Show #23 - Tony Williams	coach-stream	https://admin.musora.com/admin#/content/drumeo/301362	92;94;78;88;89;90	
301378	drumeo	How To Turn Negative Ranting Into Positive Drumming	coach-stream	https://admin.musora.com/admin#/content/drumeo/301378	92;94;78;88;89;90	
292765	drumeo	Rosanna On Steroids	coach-stream	https://admin.musora.com/admin#/content/drumeo/292765	92;94;78;88;89;90	
292742	drumeo	Hand Drumming 101	coach-stream	https://admin.musora.com/admin#/content/drumeo/292742	92;94;78;88;89;90	
292733	drumeo	How To Practice!	coach-stream	https://admin.musora.com/admin#/content/drumeo/292733	92;94;78;88;89;90	
281193	drumeo	Using Drumeo Play-Alongs	coach-stream	https://admin.musora.com/admin#/content/drumeo/281193	92;94;78;88;89;90	
346231	drumeo	Click-A-Dee-Click - How To Feel It Instead of Just Hearing It - Q&A	coach-stream	https://admin.musora.com/admin#/content/drumeo/346231	92;94;78;88;89;90	
319273	drumeo	Live Requests With Domino!	coach-stream	https://admin.musora.com/admin#/content/drumeo/319273	92;94;78;88;89;90	
323256	drumeo	Playing Iconic Songs	coach-stream	https://admin.musora.com/admin#/content/drumeo/323256	92;94;78;88;89;90	
322933	drumeo	The Todd Sucherman Show #44 - Listening Party	coach-stream	https://admin.musora.com/admin#/content/drumeo/322933	92;94;78;88;89;90	
301378	drumeo	How To Turn Negative Ranting Into Positive Drumming	coach-stream	https://admin.musora.com/admin#/content/drumeo/301378	92;94;78;88;89;90	
341988	drumeo	Creating Your Own Pop Grooves & Fills - Q&A	coach-stream	https://admin.musora.com/admin#/content/drumeo/341988	92;94;78;88;89;90	
350625	drumeo	Roast & Review: Episode 2	coach-stream	https://admin.musora.com/admin#/content/drumeo/350625	92;94;78;88;89;90	
319273	drumeo	Live Requests With Domino!	coach-stream	https://admin.musora.com/admin#/content/drumeo/319273	92;94;78;88;89;90	
295419	drumeo	The Difference Between Music Now And Then	coach-stream	https://admin.musora.com/admin#/content/drumeo/295419	92;94;78;88;89;90	
306580	drumeo	Drummers On Instagram You Should Follow	coach-stream	https://admin.musora.com/admin#/content/drumeo/306580	92;94;78;88;89;90	
321077	drumeo	Schack's Q&A Helps To Keep The Drumming Doctor Away!	coach-stream	https://admin.musora.com/admin#/content/drumeo/321077	92;94;78;88;89;90	
350625	drumeo	Roast & Review: Episode 2	coach-stream	https://admin.musora.com/admin#/content/drumeo/350625	92;94;78;88;89;90	
306517	drumeo	The Todd Sucherman Show #34 - Brian Wilson And A Little Luck	coach-stream	https://admin.musora.com/admin#/content/drumeo/306517	92;94;78;88;89;90	
322315	drumeo	The Todd Sucherman Show #39 - Songs In 5	coach-stream	https://admin.musora.com/admin#/content/drumeo/322315	92;94;78;88;89;90	
292742	drumeo	Hand Drumming 101	coach-stream	https://admin.musora.com/admin#/content/drumeo/292742	92;94;78;88;89;90	
306483	drumeo	Domino Performs Live!	coach-stream	https://admin.musora.com/admin#/content/drumeo/306483	92;94;78;88;89;90	
306565	drumeo	Discussing Self Expression	coach-stream	https://admin.musora.com/admin#/content/drumeo/306565	92;94;78;88;89;90	
301386	drumeo	Q&A + Monthly Recap	coach-stream	https://admin.musora.com/admin#/content/drumeo/301386	92;94;78;88;89;90	
349936	drumeo	Hi-Hat - The Most Important Subdividing Instrument - Q&A	coach-stream	https://admin.musora.com/admin#/content/drumeo/349936	92;94;78;88;89;90	
319942	drumeo	Domino's Top 10 Pop Songs for 2021!	coach-stream	https://admin.musora.com/admin#/content/drumeo/319942	92;94;78;88;89;90	
281241	drumeo	Accents Should Have Impact!	coach-stream	https://admin.musora.com/admin#/content/drumeo/281241	92;94;78;88;89;90	
306508	drumeo	Wham, Bam, Flam!	coach-stream	https://admin.musora.com/admin#/content/drumeo/306508	92;94;78;88;89;90	
321076	drumeo	How To Play Your Toms – FAST!	coach-stream	https://admin.musora.com/admin#/content/drumeo/321076	92;94;78;88;89;90	
301389	drumeo	Discussing Musical Influences	coach-stream	https://admin.musora.com/admin#/content/drumeo/301389	92;94;78;88;89;90	
322302	drumeo	Aric's 5 Favourite Drum Songs	coach-stream	https://admin.musora.com/admin#/content/drumeo/322302	92;94;78;88;89;90	
306575	drumeo	The Music That Made Me	coach-stream	https://admin.musora.com/admin#/content/drumeo/306575	92;94;78;88;89;90	
306512	drumeo	The Todd Sucherman Show #29 - The Stewart Copeland Effect	coach-stream	https://admin.musora.com/admin#/content/drumeo/306512	92;94;78;88;89;90	
319273	drumeo	Live Requests With Domino!	coach-stream	https://admin.musora.com/admin#/content/drumeo/319273	92;94;78;88;89;90	
323861	drumeo	A KAISO KRISTMAS!	coach-stream	https://admin.musora.com/admin#/content/drumeo/323861	92;94;78;88;89;90	
281223	drumeo	MUST-KNOW Indian Grooves	coach-stream	https://admin.musora.com/admin#/content/drumeo/281223	92;94;78;88;89;90	
360638	drumeo	How To Master Subdivisions - Q&A	coach-stream	https://admin.musora.com/admin#/content/drumeo/360638	92;94;78;88;89;90	
306504	drumeo	The Style That Keeps Growing... Yet Again!	coach-stream	https://admin.musora.com/admin#/content/drumeo/306504	92;94;78;88;89;90	
301370	drumeo	Q&A With Schack	coach-stream	https://admin.musora.com/admin#/content/drumeo/301370	92;94;78;88;89;90	
322315	drumeo	The Todd Sucherman Show #39 - Songs In 5	coach-stream	https://admin.musora.com/admin#/content/drumeo/322315	92;94;78;88;89;90	
306512	drumeo	The Todd Sucherman Show #29 - The Stewart Copeland Effect	coach-stream	https://admin.musora.com/admin#/content/drumeo/306512	92;94;78;88;89;90	
292742	drumeo	Hand Drumming 101	coach-stream	https://admin.musora.com/admin#/content/drumeo/292742	92;94;78;88;89;90	
301391	drumeo	Creating Captivating Content	coach-stream	https://admin.musora.com/admin#/content/drumeo/301391	92;94;78;88;89;90	
306483	drumeo	Domino Performs Live!	coach-stream	https://admin.musora.com/admin#/content/drumeo/306483	92;94;78;88;89;90	
321079	drumeo	Ableton & E-Drums / Part 1 : How To "MIDI" Connect Your Drums To Ableton	coach-stream	https://admin.musora.com/admin#/content/drumeo/321079	92;94;78;88;89;90	
350625	drumeo	Roast & Review: Episode 2	coach-stream	https://admin.musora.com/admin#/content/drumeo/350625	92;94;78;88;89;90	
322315	drumeo	The Todd Sucherman Show #39 - Songs In 5	coach-stream	https://admin.musora.com/admin#/content/drumeo/322315	92;94;78;88;89;90	
306575	drumeo	The Music That Made Me	coach-stream	https://admin.musora.com/admin#/content/drumeo/306575	92;94;78;88;89;90	
301376	drumeo	Drumming Along With Ableton - Play-Alongs	coach-stream	https://admin.musora.com/admin#/content/drumeo/301376	92;94;78;88;89;90	
306502	drumeo	Drumming Along With Ableton: Recording In 10 Minutes	coach-stream	https://admin.musora.com/admin#/content/drumeo/306502	92;94;78;88;89;90	
322334	drumeo	Q&A With Matt	coach-stream	https://admin.musora.com/admin#/content/drumeo/322334	92;94;78;88;89;90	
306580	drumeo	Drummers On Instagram You Should Follow	coach-stream	https://admin.musora.com/admin#/content/drumeo/306580	92;94;78;88;89;90	
301391	drumeo	Creating Captivating Content	coach-stream	https://admin.musora.com/admin#/content/drumeo/301391	92;94;78;88;89;90	
301389	drumeo	Discussing Musical Influences	coach-stream	https://admin.musora.com/admin#/content/drumeo/301389	92;94;78;88;89;90	
292765	drumeo	Rosanna On Steroids	coach-stream	https://admin.musora.com/admin#/content/drumeo/292765	92;94;78;88;89;90	
301378	drumeo	How To Turn Negative Ranting Into Positive Drumming	coach-stream	https://admin.musora.com/admin#/content/drumeo/301378	92;94;78;88;89;90	
292772	drumeo	Vivaldi? Yes, Vivaldi!	coach-stream	https://admin.musora.com/admin#/content/drumeo/292772	92;94;78;88;89;90	
301376	drumeo	Drumming Along With Ableton - Play-Alongs	coach-stream	https://admin.musora.com/admin#/content/drumeo/301376	92;94;78;88;89;90	
306580	drumeo	Drummers On Instagram You Should Follow	coach-stream	https://admin.musora.com/admin#/content/drumeo/306580	92;94;78;88;89;90	
319942	drumeo	Domino's Top 10 Pop Songs for 2021!	coach-stream	https://admin.musora.com/admin#/content/drumeo/319942	92;94;78;88;89;90	
301777	drumeo	7 Drum Fills For Modern Pop Drummers	coach-stream	https://admin.musora.com/admin#/content/drumeo/301777	92;94;78;88;89;90	
292770	drumeo	Questions? Aim Well & Shoot!	coach-stream	https://admin.musora.com/admin#/content/drumeo/292770	92;94;78;88;89;90	
306521	drumeo	The Todd Sucherman Show #38 - Songs In 9	coach-stream	https://admin.musora.com/admin#/content/drumeo/306521	92;94;78;88;89;90	
306483	drumeo	Domino Performs Live!	coach-stream	https://admin.musora.com/admin#/content/drumeo/306483	92;94;78;88;89;90	
322933	drumeo	The Todd Sucherman Show #44 - Listening Party	coach-stream	https://admin.musora.com/admin#/content/drumeo/322933	92;94;78;88;89;90	
306508	drumeo	Wham, Bam, Flam!	coach-stream	https://admin.musora.com/admin#/content/drumeo/306508	92;94;78;88;89;90	
281239	drumeo	Music Is Not Cancelled!	coach-stream	https://admin.musora.com/admin#/content/drumeo/281239	92;94;78;88;89;90	
281239	drumeo	Music Is Not Cancelled!	coach-stream	https://admin.musora.com/admin#/content/drumeo/281239	92;94;78;88;89;90	
295419	drumeo	The Difference Between Music Now And Then	coach-stream	https://admin.musora.com/admin#/content/drumeo/295419	92;94;78;88;89;90	
301362	drumeo	The Todd Sucherman Show #23 - Tony Williams	coach-stream	https://admin.musora.com/admin#/content/drumeo/301362	92;94;78;88;89;90	
322930	drumeo	The Todd Sucherman Show #41 - Songs In 7	coach-stream	https://admin.musora.com/admin#/content/drumeo/322930	92;94;78;88;89;90	
306483	drumeo	Domino Performs Live!	coach-stream	https://admin.musora.com/admin#/content/drumeo/306483	92;94;78;88;89;90	
322933	drumeo	The Todd Sucherman Show #44 - Listening Party	coach-stream	https://admin.musora.com/admin#/content/drumeo/322933	92;94;78;88;89;90	
321078	drumeo	Playing An Arena Show	coach-stream	https://admin.musora.com/admin#/content/drumeo/321078	92;94;78;88;89;90	
323861	drumeo	A KAISO KRISTMAS!	coach-stream	https://admin.musora.com/admin#/content/drumeo/323861	92;94;78;88;89;90	
306474	drumeo	Struggle Street	coach-stream	https://admin.musora.com/admin#/content/drumeo/306474	92;94;78;88;89;90	
355760	drumeo	Loniel Robinson Of Miguel & Letlive - Q&A	coach-stream	https://admin.musora.com/admin#/content/drumeo/355760	92;94;78;88;89;90	
301389	drumeo	Discussing Musical Influences	coach-stream	https://admin.musora.com/admin#/content/drumeo/301389	92;94;78;88;89;90	
301370	drumeo	Q&A With Schack	coach-stream	https://admin.musora.com/admin#/content/drumeo/301370	92;94;78;88;89;90	
324186	drumeo	Tour Life Behind The Scenes Part 2	coach-stream	https://admin.musora.com/admin#/content/drumeo/324186	92;94;78;88;89;90	
301376	drumeo	Drumming Along With Ableton - Play-Alongs	coach-stream	https://admin.musora.com/admin#/content/drumeo/301376	92;94;78;88;89;90	
346231	drumeo	Click-A-Dee-Click - How To Feel It Instead of Just Hearing It - Q&A	coach-stream	https://admin.musora.com/admin#/content/drumeo/346231	92;94;78;88;89;90	
281238	drumeo	Welcome To Schack TV	coach-stream	https://admin.musora.com/admin#/content/drumeo/281238	92;94;78;88;89;90	
301378	drumeo	How To Turn Negative Ranting Into Positive Drumming	coach-stream	https://admin.musora.com/admin#/content/drumeo/301378	92;94;78;88;89;90	
295420	drumeo	Music As A Language	coach-stream	https://admin.musora.com/admin#/content/drumeo/295420	92;94;78;88;89;90	
292787	drumeo	The Todd Sucherman Show #17 - My Bird Performs - Revealed (And More)	coach-stream	https://admin.musora.com/admin#/content/drumeo/292787	92;94;78;88;89;90	
322933	drumeo	The Todd Sucherman Show #44 - Listening Party	coach-stream	https://admin.musora.com/admin#/content/drumeo/322933	92;94;78;88;89;90	
355758	drumeo	Spotlight: Danny Seraphine - Q&A	coach-stream	https://admin.musora.com/admin#/content/drumeo/355758	92;94;78;88;89;90	
301389	drumeo	Discussing Musical Influences	coach-stream	https://admin.musora.com/admin#/content/drumeo/301389	92;94;78;88;89;90	
350625	drumeo	Roast & Review: Episode 2	coach-stream	https://admin.musora.com/admin#/content/drumeo/350625	92;94;78;88;89;90	
306512	drumeo	The Todd Sucherman Show #29 - The Stewart Copeland Effect	coach-stream	https://admin.musora.com/admin#/content/drumeo/306512	92;94;78;88;89;90	
322930	drumeo	The Todd Sucherman Show #41 - Songs In 7	coach-stream	https://admin.musora.com/admin#/content/drumeo/322930	92;94;78;88;89;90	
306512	drumeo	The Todd Sucherman Show #29 - The Stewart Copeland Effect	coach-stream	https://admin.musora.com/admin#/content/drumeo/306512	92;94;78;88;89;90	
322933	drumeo	The Todd Sucherman Show #44 - Listening Party	coach-stream	https://admin.musora.com/admin#/content/drumeo/322933	92;94;78;88;89;90	
301362	drumeo	The Todd Sucherman Show #23 - Tony Williams	coach-stream	https://admin.musora.com/admin#/content/drumeo/301362	92;94;78;88;89;90	
306483	drumeo	Domino Performs Live!	coach-stream	https://admin.musora.com/admin#/content/drumeo/306483	92;94;78;88;89;90	
301789	drumeo	Steel Pans!	coach-stream	https://admin.musora.com/admin#/content/drumeo/301789	92;94;78;88;89;90	
301386	drumeo	Q&A + Monthly Recap	coach-stream	https://admin.musora.com/admin#/content/drumeo/301386	92;94;78;88;89;90	
306506	drumeo	Drumming Along With Ableton: Triggering From Your Drum Kit	coach-stream	https://admin.musora.com/admin#/content/drumeo/306506	92;94;78;88;89;90	
306570	drumeo	August Recap & Q&A With Aric Improta	coach-stream	https://admin.musora.com/admin#/content/drumeo/306570	92;94;78;88;89;90	
301376	drumeo	Drumming Along With Ableton - Play-Alongs	coach-stream	https://admin.musora.com/admin#/content/drumeo/301376	92;94;78;88;89;90	
301376	drumeo	Drumming Along With Ableton - Play-Alongs	coach-stream	https://admin.musora.com/admin#/content/drumeo/301376	92;94;78;88;89;90	
306514	drumeo	The Todd Sucherman Show #31 - The Mission- Part 2	coach-stream	https://admin.musora.com/admin#/content/drumeo/306514	92;94;78;88;89;90	
322929	drumeo	The Todd Sucherman Show #40 - The Mission Live In Las Vegas	coach-stream	https://admin.musora.com/admin#/content/drumeo/322929	92;94;78;88;89;90	
301362	drumeo	The Todd Sucherman Show #23 - Tony Williams	coach-stream	https://admin.musora.com/admin#/content/drumeo/301362	92;94;78;88;89;90	
301774	drumeo	Domino Performs Live!	coach-stream	https://admin.musora.com/admin#/content/drumeo/301774	92;94;78;88;89;90	
322933	drumeo	The Todd Sucherman Show #44 - Listening Party	coach-stream	https://admin.musora.com/admin#/content/drumeo/322933	92;94;78;88;89;90	
306512	drumeo	The Todd Sucherman Show #29 - The Stewart Copeland Effect	coach-stream	https://admin.musora.com/admin#/content/drumeo/306512	92;94;78;88;89;90	
306513	drumeo	The Todd Sucherman Show #30 - The Mission- Part 1	coach-stream	https://admin.musora.com/admin#/content/drumeo/306513	92;94;78;88;89;90	
322931	drumeo	The Todd Sucherman Show #42 - London Palladium Live Part 1	coach-stream	https://admin.musora.com/admin#/content/drumeo/322931	92;94;78;88;89;90	
322929	drumeo	The Todd Sucherman Show #40 - The Mission Live In Las Vegas	coach-stream	https://admin.musora.com/admin#/content/drumeo/322929	92;94;78;88;89;90	
292769	drumeo	Fix Your Tempo!	coach-stream	https://admin.musora.com/admin#/content/drumeo/292769	92;94;78;88;89;90	
281278	drumeo	How To Make It On Instagram As A Drummer!	coach-stream	https://admin.musora.com/admin#/content/drumeo/281278	92;94;78;88;89;90	
306565	drumeo	Discussing Self Expression	coach-stream	https://admin.musora.com/admin#/content/drumeo/306565	92;94;78;88;89;90	
322334	drumeo	Q&A With Matt	coach-stream	https://admin.musora.com/admin#/content/drumeo/322334	92;94;78;88;89;90	
301362	drumeo	The Todd Sucherman Show #23 - Tony Williams	coach-stream	https://admin.musora.com/admin#/content/drumeo/301362	92;94;78;88;89;90	
306580	drumeo	Drummers On Instagram You Should Follow	coach-stream	https://admin.musora.com/admin#/content/drumeo/306580	92;94;78;88;89;90	
322302	drumeo	Aric's 5 Favourite Drum Songs	coach-stream	https://admin.musora.com/admin#/content/drumeo/322302	92;94;78;88;89;90	
322315	drumeo	The Todd Sucherman Show #39 - Songs In 5	coach-stream	https://admin.musora.com/admin#/content/drumeo/322315	92;94;78;88;89;90	
322930	drumeo	The Todd Sucherman Show #41 - Songs In 7	coach-stream	https://admin.musora.com/admin#/content/drumeo/322930	92;94;78;88;89;90	
306512	drumeo	The Todd Sucherman Show #29 - The Stewart Copeland Effect	coach-stream	https://admin.musora.com/admin#/content/drumeo/306512	92;94;78;88;89;90	
292777	drumeo	Half-Time Shuffle Frustrations	coach-stream	https://admin.musora.com/admin#/content/drumeo/292777	92;94;78;88;89;90	
292765	drumeo	Rosanna On Steroids	coach-stream	https://admin.musora.com/admin#/content/drumeo/292765	92;94;78;88;89;90	
324182	drumeo	2 Days To KoRn - Preparing Massive Shows In A Hurry	coach-stream	https://admin.musora.com/admin#/content/drumeo/324182	92;94;78;88;89;90	
319273	drumeo	Live Requests With Domino!	coach-stream	https://admin.musora.com/admin#/content/drumeo/319273	92;94;78;88;89;90	
306483	drumeo	Domino Performs Live!	coach-stream	https://admin.musora.com/admin#/content/drumeo/306483	92;94;78;88;89;90	
306512	drumeo	The Todd Sucherman Show #29 - The Stewart Copeland Effect	coach-stream	https://admin.musora.com/admin#/content/drumeo/306512	92;94;78;88;89;90	
322315	drumeo	The Todd Sucherman Show #39 - Songs In 5	coach-stream	https://admin.musora.com/admin#/content/drumeo/322315	92;94;78;88;89;90	
301362	drumeo	The Todd Sucherman Show #23 - Tony Williams	coach-stream	https://admin.musora.com/admin#/content/drumeo/301362	92;94;78;88;89;90	
322933	drumeo	The Todd Sucherman Show #44 - Listening Party	coach-stream	https://admin.musora.com/admin#/content/drumeo/322933	92;94;78;88;89;90	
306565	drumeo	Discussing Self Expression	coach-stream	https://admin.musora.com/admin#/content/drumeo/306565	92;94;78;88;89;90	
322933	drumeo	The Todd Sucherman Show #44 - Listening Party	coach-stream	https://admin.musora.com/admin#/content/drumeo/322933	92;94;78;88;89;90	
281241	drumeo	Accents Should Have Impact!	coach-stream	https://admin.musora.com/admin#/content/drumeo/281241	92;94;78;88;89;90	
301378	drumeo	How To Turn Negative Ranting Into Positive Drumming	coach-stream	https://admin.musora.com/admin#/content/drumeo/301378	92;94;78;88;89;90	
306483	drumeo	Domino Performs Live!	coach-stream	https://admin.musora.com/admin#/content/drumeo/306483	92;94;78;88;89;90	
306575	drumeo	The Music That Made Me	coach-stream	https://admin.musora.com/admin#/content/drumeo/306575	92;94;78;88;89;90	
306452	drumeo	Drum & DJ Hybrid Drumming	coach-stream	https://admin.musora.com/admin#/content/drumeo/306452	92;94;78;88;89;90	
306456	drumeo	Matt's Go-To Drum Fills!	coach-stream	https://admin.musora.com/admin#/content/drumeo/306456	92;94;78;88;89;90	
322334	drumeo	Q&A With Matt	coach-stream	https://admin.musora.com/admin#/content/drumeo/322334	92;94;78;88;89;90	
301377	drumeo	Drumming Along With Ableton: The Ultimate Practice Tool	coach-stream	https://admin.musora.com/admin#/content/drumeo/301377	92;94;78;88;89;90	
322933	drumeo	The Todd Sucherman Show #44 - Listening Party	coach-stream	https://admin.musora.com/admin#/content/drumeo/322933	92;94;78;88;89;90	
306512	drumeo	The Todd Sucherman Show #29 - The Stewart Copeland Effect	coach-stream	https://admin.musora.com/admin#/content/drumeo/306512	92;94;78;88;89;90	
281241	drumeo	Accents Should Have Impact!	coach-stream	https://admin.musora.com/admin#/content/drumeo/281241	92;94;78;88;89;90	
301387	drumeo	Identifying The Type Of Drummer You Want To Be	coach-stream	https://admin.musora.com/admin#/content/drumeo/301387	92;94;78;88;89;90	
319273	drumeo	Live Requests With Domino!	coach-stream	https://admin.musora.com/admin#/content/drumeo/319273	92;94;78;88;89;90	
322302	drumeo	Aric's 5 Favourite Drum Songs	coach-stream	https://admin.musora.com/admin#/content/drumeo/322302	92;94;78;88;89;90	
281241	drumeo	Accents Should Have Impact!	coach-stream	https://admin.musora.com/admin#/content/drumeo/281241	92;94;78;88;89;90	
295419	drumeo	The Difference Between Music Now And Then	coach-stream	https://admin.musora.com/admin#/content/drumeo/295419	92;94;78;88;89;90	
301374	drumeo	Q&A With Schack	coach-stream	https://admin.musora.com/admin#/content/drumeo/301374	92;94;78;88;89;90	
306580	drumeo	Drummers On Instagram You Should Follow	coach-stream	https://admin.musora.com/admin#/content/drumeo/306580	92;94;78;88;89;90	
306483	drumeo	Domino Performs Live!	coach-stream	https://admin.musora.com/admin#/content/drumeo/306483	92;94;78;88;89;90	
301386	drumeo	Q&A + Monthly Recap	coach-stream	https://admin.musora.com/admin#/content/drumeo/301386	92;94;78;88;89;90	
346231	drumeo	Click-A-Dee-Click - How To Feel It Instead of Just Hearing It - Q&A	coach-stream	https://admin.musora.com/admin#/content/drumeo/346231	92;94;78;88;89;90	
321075	drumeo	Breaking Cymbals?! Save Yourself With Safer Bashing Techniques!	coach-stream	https://admin.musora.com/admin#/content/drumeo/321075	92;94;78;88;89;90	
321082	drumeo	Q&A With Schack	coach-stream	https://admin.musora.com/admin#/content/drumeo/321082	92;94;78;88;89;90	
301391	drumeo	Creating Captivating Content	coach-stream	https://admin.musora.com/admin#/content/drumeo/301391	92;94;78;88;89;90	
301387	drumeo	Identifying The Type Of Drummer You Want To Be	coach-stream	https://admin.musora.com/admin#/content/drumeo/301387	92;94;78;88;89;90	
319273	drumeo	Live Requests With Domino!	coach-stream	https://admin.musora.com/admin#/content/drumeo/319273	92;94;78;88;89;90	
292766	drumeo	Your Q&A With Schack	coach-stream	https://admin.musora.com/admin#/content/drumeo/292766	92;94;78;88;89;90	
346231	drumeo	Click-A-Dee-Click - How To Feel It Instead of Just Hearing It - Q&A	coach-stream	https://admin.musora.com/admin#/content/drumeo/346231	92;94;78;88;89;90	
307571	drumeo	Hurray, Let's Hip-Hop-A-Way!	coach-stream	https://admin.musora.com/admin#/content/drumeo/307571	92;94;78;88;89;90	
306572	drumeo	Tour Stories	coach-stream	https://admin.musora.com/admin#/content/drumeo/306572	92;94;78;88;89;90	
301370	drumeo	Q&A With Schack	coach-stream	https://admin.musora.com/admin#/content/drumeo/301370	92;94;78;88;89;90	
292782	drumeo	The Todd Sucherman Show #12 - Finding Light In The Darkness	coach-stream	https://admin.musora.com/admin#/content/drumeo/292782	92;94;78;88;89;90	
306512	drumeo	The Todd Sucherman Show #29 - The Stewart Copeland Effect	coach-stream	https://admin.musora.com/admin#/content/drumeo/306512	92;94;78;88;89;90	
306506	drumeo	Drumming Along With Ableton: Triggering From Your Drum Kit	coach-stream	https://admin.musora.com/admin#/content/drumeo/306506	92;94;78;88;89;90	
301370	drumeo	Q&A With Schack	coach-stream	https://admin.musora.com/admin#/content/drumeo/301370	92;94;78;88;89;90	
306580	drumeo	Drummers On Instagram You Should Follow	coach-stream	https://admin.musora.com/admin#/content/drumeo/306580	92;94;78;88;89;90	
319273	drumeo	Live Requests With Domino!	coach-stream	https://admin.musora.com/admin#/content/drumeo/319273	92;94;78;88;89;90	
306509	drumeo	Schack Answers Your Questions!	coach-stream	https://admin.musora.com/admin#/content/drumeo/306509	92;94;78;88;89;90	
338252	drumeo	5 Tools To Test & Master Your Timing - Q&A	coach-stream	https://admin.musora.com/admin#/content/drumeo/338252	92;94;78;88;89;90	
301378	drumeo	How To Turn Negative Ranting Into Positive Drumming	coach-stream	https://admin.musora.com/admin#/content/drumeo/301378	92;94;78;88;89;90	
319273	drumeo	Live Requests With Domino!	coach-stream	https://admin.musora.com/admin#/content/drumeo/319273	92;94;78;88;89;90	
215071	drumeo	iRig BlueTurn Page Turner	gear-guides	https://admin.musora.com/admin#/content/drumeo/215071	92;94;78;88;89;90	
29252	drumeo	Your Hybrid Beat Machine #1 - How To Trigger From Your Acoustic Kit	gear-guides	https://admin.musora.com/admin#/content/drumeo/29252	92;94;78;88;89;90	
303628	drumeo	Modern vs. Vintage Showdown	gear-guides	https://admin.musora.com/admin#/content/drumeo/303628	92;94;78;88;89;90	
29252	drumeo	Your Hybrid Beat Machine #1 - How To Trigger From Your Acoustic Kit	gear-guides	https://admin.musora.com/admin#/content/drumeo/29252	92;94;78;88;89;90	
223909	drumeo	What Is The TM-6?	gear-guides	https://admin.musora.com/admin#/content/drumeo/223909	92;94;78;88;89;90	
29252	drumeo	Your Hybrid Beat Machine #1 - How To Trigger From Your Acoustic Kit	gear-guides	https://admin.musora.com/admin#/content/drumeo/29252	92;94;78;88;89;90	
261651	drumeo	Jason McGerr	in-rhythm	https://admin.musora.com/admin#/content/drumeo/261651	92;94;78;88;89;90	
25268	drumeo	NAMM 2016 Recap	on-the-road	https://admin.musora.com/admin#/content/drumeo/25268	92;94;78;88;89;90	
222303	drumeo	Dali Mraz - "21st Day"	play-along	https://admin.musora.com/admin#/content/drumeo/222303	92;94;78;88;89;90	
387955	drumeo	Drumming To Every Foo Fighters Song In One Take! (183 Songs)	performances	https://admin.musora.com/admin#/content/drumeo/387955	92;94;78;88;89;90	
387955	drumeo	Drumming To Every Foo Fighters Song In One Take! (183 Songs)	performances	https://admin.musora.com/admin#/content/drumeo/387955	92;94;78;88;89;90	
387955	drumeo	Drumming To Every Foo Fighters Song In One Take! (183 Songs)	performances	https://admin.musora.com/admin#/content/drumeo/387955	92;94;78;88;89;90	
387955	drumeo	Drumming To Every Foo Fighters Song In One Take! (183 Songs)	performances	https://admin.musora.com/admin#/content/drumeo/387955	92;94;78;88;89;90	
387955	drumeo	Drumming To Every Foo Fighters Song In One Take! (183 Songs)	performances	https://admin.musora.com/admin#/content/drumeo/387955	92;94;78;88;89;90	
224277	drumeo	Nikko Ielasi - "A Quest For Pocket"	performances	https://admin.musora.com/admin#/content/drumeo/224277	92;94;78;88;89;90	
387955	drumeo	Drumming To Every Foo Fighters Song In One Take! (183 Songs)	performances	https://admin.musora.com/admin#/content/drumeo/387955	92;94;78;88;89;90	
339224	drumeo	Prince - "AIN'T ABOUT 2 STOP"	performances	https://admin.musora.com/admin#/content/drumeo/339224	92;94;78;88;89;90	
387955	drumeo	Drumming To Every Foo Fighters Song In One Take! (183 Songs)	performances	https://admin.musora.com/admin#/content/drumeo/387955	92;94;78;88;89;90	
387955	drumeo	Drumming To Every Foo Fighters Song In One Take! (183 Songs)	performances	https://admin.musora.com/admin#/content/drumeo/387955	92;94;78;88;89;90	
387955	drumeo	Drumming To Every Foo Fighters Song In One Take! (183 Songs)	performances	https://admin.musora.com/admin#/content/drumeo/387955	92;94;78;88;89;90	
387955	drumeo	Drumming To Every Foo Fighters Song In One Take! (183 Songs)	performances	https://admin.musora.com/admin#/content/drumeo/387955	92;94;78;88;89;90	
387955	drumeo	Drumming To Every Foo Fighters Song In One Take! (183 Songs)	performances	https://admin.musora.com/admin#/content/drumeo/387955	92;94;78;88;89;90	
387955	drumeo	Drumming To Every Foo Fighters Song In One Take! (183 Songs)	performances	https://admin.musora.com/admin#/content/drumeo/387955	92;94;78;88;89;90	
387955	drumeo	Drumming To Every Foo Fighters Song In One Take! (183 Songs)	performances	https://admin.musora.com/admin#/content/drumeo/387955	92;94;78;88;89;90	
387955	drumeo	Drumming To Every Foo Fighters Song In One Take! (183 Songs)	performances	https://admin.musora.com/admin#/content/drumeo/387955	92;94;78;88;89;90	
254194	drumeo	Steely Dan - "Black Cow"	performances	https://admin.musora.com/admin#/content/drumeo/254194	92;94;78;88;89;90	
387955	drumeo	Drumming To Every Foo Fighters Song In One Take! (183 Songs)	performances	https://admin.musora.com/admin#/content/drumeo/387955	92;94;78;88;89;90	
387955	drumeo	Drumming To Every Foo Fighters Song In One Take! (183 Songs)	performances	https://admin.musora.com/admin#/content/drumeo/387955	92;94;78;88;89;90	
387955	drumeo	Drumming To Every Foo Fighters Song In One Take! (183 Songs)	performances	https://admin.musora.com/admin#/content/drumeo/387955	92;94;78;88;89;90	
387955	drumeo	Drumming To Every Foo Fighters Song In One Take! (183 Songs)	performances	https://admin.musora.com/admin#/content/drumeo/387955	92;94;78;88;89;90	
299221	drumeo	We Made Jared Play Gojira	play-along	https://admin.musora.com/admin#/content/drumeo/299221	92;94;78;88;89;90	
387955	drumeo	Drumming To Every Foo Fighters Song In One Take! (183 Songs)	performances	https://admin.musora.com/admin#/content/drumeo/387955	92;94;78;88;89;90	
214098	drumeo	Spock’s Beard  - “Box Of Spiders”	performances	https://admin.musora.com/admin#/content/drumeo/214098	92;94;78;88;89;90	
387955	drumeo	Drumming To Every Foo Fighters Song In One Take! (183 Songs)	performances	https://admin.musora.com/admin#/content/drumeo/387955	92;94;78;88;89;90	
387955	drumeo	Drumming To Every Foo Fighters Song In One Take! (183 Songs)	performances	https://admin.musora.com/admin#/content/drumeo/387955	92;94;78;88;89;90	
387955	drumeo	Drumming To Every Foo Fighters Song In One Take! (183 Songs)	performances	https://admin.musora.com/admin#/content/drumeo/387955	92;94;78;88;89;90	
387955	drumeo	Drumming To Every Foo Fighters Song In One Take! (183 Songs)	performances	https://admin.musora.com/admin#/content/drumeo/387955	92;94;78;88;89;90	
387955	drumeo	Drumming To Every Foo Fighters Song In One Take! (183 Songs)	performances	https://admin.musora.com/admin#/content/drumeo/387955	92;94;78;88;89;90	
387955	drumeo	Drumming To Every Foo Fighters Song In One Take! (183 Songs)	performances	https://admin.musora.com/admin#/content/drumeo/387955	92;94;78;88;89;90	
387955	drumeo	Drumming To Every Foo Fighters Song In One Take! (183 Songs)	performances	https://admin.musora.com/admin#/content/drumeo/387955	92;94;78;88;89;90	
236736	drumeo	Mashup #2	play-along	https://admin.musora.com/admin#/content/drumeo/236736	92;94;78;88;89;90	
387955	drumeo	Drumming To Every Foo Fighters Song In One Take! (183 Songs)	performances	https://admin.musora.com/admin#/content/drumeo/387955	92;94;78;88;89;90	
387955	drumeo	Drumming To Every Foo Fighters Song In One Take! (183 Songs)	performances	https://admin.musora.com/admin#/content/drumeo/387955	92;94;78;88;89;90	
387955	drumeo	Drumming To Every Foo Fighters Song In One Take! (183 Songs)	performances	https://admin.musora.com/admin#/content/drumeo/387955	92;94;78;88;89;90	
387955	drumeo	Drumming To Every Foo Fighters Song In One Take! (183 Songs)	performances	https://admin.musora.com/admin#/content/drumeo/387955	92;94;78;88;89;90	
387955	drumeo	Drumming To Every Foo Fighters Song In One Take! (183 Songs)	performances	https://admin.musora.com/admin#/content/drumeo/387955	92;94;78;88;89;90	
387955	drumeo	Drumming To Every Foo Fighters Song In One Take! (183 Songs)	performances	https://admin.musora.com/admin#/content/drumeo/387955	92;94;78;88;89;90	
387955	drumeo	Drumming To Every Foo Fighters Song In One Take! (183 Songs)	performances	https://admin.musora.com/admin#/content/drumeo/387955	92;94;78;88;89;90	
387955	drumeo	Drumming To Every Foo Fighters Song In One Take! (183 Songs)	performances	https://admin.musora.com/admin#/content/drumeo/387955	92;94;78;88;89;90	
387955	drumeo	Drumming To Every Foo Fighters Song In One Take! (183 Songs)	performances	https://admin.musora.com/admin#/content/drumeo/387955	92;94;78;88;89;90	
387955	drumeo	Drumming To Every Foo Fighters Song In One Take! (183 Songs)	performances	https://admin.musora.com/admin#/content/drumeo/387955	92;94;78;88;89;90	
349923	drumeo	Gary Willis - "Emancipation"	performances	https://admin.musora.com/admin#/content/drumeo/349923	92;94;78;88;89;90	
387955	drumeo	Drumming To Every Foo Fighters Song In One Take! (183 Songs)	performances	https://admin.musora.com/admin#/content/drumeo/387955	92;94;78;88;89;90	
387955	drumeo	Drumming To Every Foo Fighters Song In One Take! (183 Songs)	performances	https://admin.musora.com/admin#/content/drumeo/387955	92;94;78;88;89;90	
387955	drumeo	Drumming To Every Foo Fighters Song In One Take! (183 Songs)	performances	https://admin.musora.com/admin#/content/drumeo/387955	92;94;78;88;89;90	
387955	drumeo	Drumming To Every Foo Fighters Song In One Take! (183 Songs)	performances	https://admin.musora.com/admin#/content/drumeo/387955	92;94;78;88;89;90	
387955	drumeo	Drumming To Every Foo Fighters Song In One Take! (183 Songs)	performances	https://admin.musora.com/admin#/content/drumeo/387955	92;94;78;88;89;90	
279803	drumeo	The Police - "Every Little Thing She Does Is Magic"	performances	https://admin.musora.com/admin#/content/drumeo/279803	92;94;78;88;89;90	
387955	drumeo	Drumming To Every Foo Fighters Song In One Take! (183 Songs)	performances	https://admin.musora.com/admin#/content/drumeo/387955	92;94;78;88;89;90	
387955	drumeo	Drumming To Every Foo Fighters Song In One Take! (183 Songs)	performances	https://admin.musora.com/admin#/content/drumeo/387955	92;94;78;88;89;90	
387955	drumeo	Drumming To Every Foo Fighters Song In One Take! (183 Songs)	performances	https://admin.musora.com/admin#/content/drumeo/387955	92;94;78;88;89;90	
387955	drumeo	Drumming To Every Foo Fighters Song In One Take! (183 Songs)	performances	https://admin.musora.com/admin#/content/drumeo/387955	92;94;78;88;89;90	
387955	drumeo	Drumming To Every Foo Fighters Song In One Take! (183 Songs)	performances	https://admin.musora.com/admin#/content/drumeo/387955	92;94;78;88;89;90	
269128	drumeo	Electrify Your Drumming Sneak Peek	performances	https://admin.musora.com/admin#/content/drumeo/269128	92;94;78;88;89;90	
387955	drumeo	Drumming To Every Foo Fighters Song In One Take! (183 Songs)	performances	https://admin.musora.com/admin#/content/drumeo/387955	92;94;78;88;89;90	
387955	drumeo	Drumming To Every Foo Fighters Song In One Take! (183 Songs)	performances	https://admin.musora.com/admin#/content/drumeo/387955	92;94;78;88;89;90	
387955	drumeo	Drumming To Every Foo Fighters Song In One Take! (183 Songs)	performances	https://admin.musora.com/admin#/content/drumeo/387955	92;94;78;88;89;90	
387955	drumeo	Drumming To Every Foo Fighters Song In One Take! (183 Songs)	performances	https://admin.musora.com/admin#/content/drumeo/387955	92;94;78;88;89;90	
387955	drumeo	Drumming To Every Foo Fighters Song In One Take! (183 Songs)	performances	https://admin.musora.com/admin#/content/drumeo/387955	92;94;78;88;89;90	
387955	drumeo	Drumming To Every Foo Fighters Song In One Take! (183 Songs)	performances	https://admin.musora.com/admin#/content/drumeo/387955	92;94;78;88;89;90	
387955	drumeo	Drumming To Every Foo Fighters Song In One Take! (183 Songs)	performances	https://admin.musora.com/admin#/content/drumeo/387955	92;94;78;88;89;90	
227059	drumeo	Tony Coleman - "Get Up Off Your Seat"	performances	https://admin.musora.com/admin#/content/drumeo/227059	92;94;78;88;89;90	
387955	drumeo	Drumming To Every Foo Fighters Song In One Take! (183 Songs)	performances	https://admin.musora.com/admin#/content/drumeo/387955	92;94;78;88;89;90	
387955	drumeo	Drumming To Every Foo Fighters Song In One Take! (183 Songs)	performances	https://admin.musora.com/admin#/content/drumeo/387955	92;94;78;88;89;90	
387955	drumeo	Drumming To Every Foo Fighters Song In One Take! (183 Songs)	performances	https://admin.musora.com/admin#/content/drumeo/387955	92;94;78;88;89;90	
387955	drumeo	Drumming To Every Foo Fighters Song In One Take! (183 Songs)	performances	https://admin.musora.com/admin#/content/drumeo/387955	92;94;78;88;89;90	
387955	drumeo	Drumming To Every Foo Fighters Song In One Take! (183 Songs)	performances	https://admin.musora.com/admin#/content/drumeo/387955	92;94;78;88;89;90	
269128	drumeo	Electrify Your Drumming Sneak Peek	performances	https://admin.musora.com/admin#/content/drumeo/269128	92;94;78;88;89;90	
387955	drumeo	Drumming To Every Foo Fighters Song In One Take! (183 Songs)	performances	https://admin.musora.com/admin#/content/drumeo/387955	92;94;78;88;89;90	
387955	drumeo	Drumming To Every Foo Fighters Song In One Take! (183 Songs)	performances	https://admin.musora.com/admin#/content/drumeo/387955	92;94;78;88;89;90	
387955	drumeo	Drumming To Every Foo Fighters Song In One Take! (183 Songs)	performances	https://admin.musora.com/admin#/content/drumeo/387955	92;94;78;88;89;90	
387955	drumeo	Drumming To Every Foo Fighters Song In One Take! (183 Songs)	performances	https://admin.musora.com/admin#/content/drumeo/387955	92;94;78;88;89;90	
269128	drumeo	Electrify Your Drumming Sneak Peek	performances	https://admin.musora.com/admin#/content/drumeo/269128	92;94;78;88;89;90	
387955	drumeo	Drumming To Every Foo Fighters Song In One Take! (183 Songs)	performances	https://admin.musora.com/admin#/content/drumeo/387955	92;94;78;88;89;90	
387955	drumeo	Drumming To Every Foo Fighters Song In One Take! (183 Songs)	performances	https://admin.musora.com/admin#/content/drumeo/387955	92;94;78;88;89;90	
224702	drumeo	B.B. King - "I Like To Live The Love"	performances	https://admin.musora.com/admin#/content/drumeo/224702	92;94;78;88;89;90	
387955	drumeo	Drumming To Every Foo Fighters Song In One Take! (183 Songs)	performances	https://admin.musora.com/admin#/content/drumeo/387955	92;94;78;88;89;90	
387955	drumeo	Drumming To Every Foo Fighters Song In One Take! (183 Songs)	performances	https://admin.musora.com/admin#/content/drumeo/387955	92;94;78;88;89;90	
387955	drumeo	Drumming To Every Foo Fighters Song In One Take! (183 Songs)	performances	https://admin.musora.com/admin#/content/drumeo/387955	92;94;78;88;89;90	
387955	drumeo	Drumming To Every Foo Fighters Song In One Take! (183 Songs)	performances	https://admin.musora.com/admin#/content/drumeo/387955	92;94;78;88;89;90	
387955	drumeo	Drumming To Every Foo Fighters Song In One Take! (183 Songs)	performances	https://admin.musora.com/admin#/content/drumeo/387955	92;94;78;88;89;90	
387955	drumeo	Drumming To Every Foo Fighters Song In One Take! (183 Songs)	performances	https://admin.musora.com/admin#/content/drumeo/387955	92;94;78;88;89;90	
387955	drumeo	Drumming To Every Foo Fighters Song In One Take! (183 Songs)	performances	https://admin.musora.com/admin#/content/drumeo/387955	92;94;78;88;89;90	
387955	drumeo	Drumming To Every Foo Fighters Song In One Take! (183 Songs)	performances	https://admin.musora.com/admin#/content/drumeo/387955	92;94;78;88;89;90	
387955	drumeo	Drumming To Every Foo Fighters Song In One Take! (183 Songs)	performances	https://admin.musora.com/admin#/content/drumeo/387955	92;94;78;88;89;90	
387955	drumeo	Drumming To Every Foo Fighters Song In One Take! (183 Songs)	performances	https://admin.musora.com/admin#/content/drumeo/387955	92;94;78;88;89;90	
387955	drumeo	Drumming To Every Foo Fighters Song In One Take! (183 Songs)	performances	https://admin.musora.com/admin#/content/drumeo/387955	92;94;78;88;89;90	
387955	drumeo	Drumming To Every Foo Fighters Song In One Take! (183 Songs)	performances	https://admin.musora.com/admin#/content/drumeo/387955	92;94;78;88;89;90	
387955	drumeo	Drumming To Every Foo Fighters Song In One Take! (183 Songs)	performances	https://admin.musora.com/admin#/content/drumeo/387955	92;94;78;88;89;90	
387955	drumeo	Drumming To Every Foo Fighters Song In One Take! (183 Songs)	performances	https://admin.musora.com/admin#/content/drumeo/387955	92;94;78;88;89;90	
205492	drumeo	Animals As Leaders - "Lippincott"	play-along	https://admin.musora.com/admin#/content/drumeo/205492	92;94;78;88;89;90	
387955	drumeo	Drumming To Every Foo Fighters Song In One Take! (183 Songs)	performances	https://admin.musora.com/admin#/content/drumeo/387955	92;94;78;88;89;90	
387955	drumeo	Drumming To Every Foo Fighters Song In One Take! (183 Songs)	performances	https://admin.musora.com/admin#/content/drumeo/387955	92;94;78;88;89;90	
387955	drumeo	Drumming To Every Foo Fighters Song In One Take! (183 Songs)	performances	https://admin.musora.com/admin#/content/drumeo/387955	92;94;78;88;89;90	
387955	drumeo	Drumming To Every Foo Fighters Song In One Take! (183 Songs)	performances	https://admin.musora.com/admin#/content/drumeo/387955	92;94;78;88;89;90	
387955	drumeo	Drumming To Every Foo Fighters Song In One Take! (183 Songs)	performances	https://admin.musora.com/admin#/content/drumeo/387955	92;94;78;88;89;90	
387955	drumeo	Drumming To Every Foo Fighters Song In One Take! (183 Songs)	performances	https://admin.musora.com/admin#/content/drumeo/387955	92;94;78;88;89;90	
387955	drumeo	Drumming To Every Foo Fighters Song In One Take! (183 Songs)	performances	https://admin.musora.com/admin#/content/drumeo/387955	92;94;78;88;89;90	
387955	drumeo	Drumming To Every Foo Fighters Song In One Take! (183 Songs)	performances	https://admin.musora.com/admin#/content/drumeo/387955	92;94;78;88;89;90	
387955	drumeo	Drumming To Every Foo Fighters Song In One Take! (183 Songs)	performances	https://admin.musora.com/admin#/content/drumeo/387955	92;94;78;88;89;90	
387955	drumeo	Drumming To Every Foo Fighters Song In One Take! (183 Songs)	performances	https://admin.musora.com/admin#/content/drumeo/387955	92;94;78;88;89;90	
387955	drumeo	Drumming To Every Foo Fighters Song In One Take! (183 Songs)	performances	https://admin.musora.com/admin#/content/drumeo/387955	92;94;78;88;89;90	
387955	drumeo	Drumming To Every Foo Fighters Song In One Take! (183 Songs)	performances	https://admin.musora.com/admin#/content/drumeo/387955	92;94;78;88;89;90	
387955	drumeo	Drumming To Every Foo Fighters Song In One Take! (183 Songs)	performances	https://admin.musora.com/admin#/content/drumeo/387955	92;94;78;88;89;90	
387955	drumeo	Drumming To Every Foo Fighters Song In One Take! (183 Songs)	performances	https://admin.musora.com/admin#/content/drumeo/387955	92;94;78;88;89;90	
335027	drumeo	Dizzy Gillespie - "A Night In Tunisia"	performances	https://admin.musora.com/admin#/content/drumeo/335027	92;94;78;88;89;90	
387955	drumeo	Drumming To Every Foo Fighters Song In One Take! (183 Songs)	performances	https://admin.musora.com/admin#/content/drumeo/387955	92;94;78;88;89;90	
387955	drumeo	Drumming To Every Foo Fighters Song In One Take! (183 Songs)	performances	https://admin.musora.com/admin#/content/drumeo/387955	92;94;78;88;89;90	
387955	drumeo	Drumming To Every Foo Fighters Song In One Take! (183 Songs)	performances	https://admin.musora.com/admin#/content/drumeo/387955	92;94;78;88;89;90	
387955	drumeo	Drumming To Every Foo Fighters Song In One Take! (183 Songs)	performances	https://admin.musora.com/admin#/content/drumeo/387955	92;94;78;88;89;90	
259067	drumeo	Buddy Rich Big Band - "Nutville"	performances	https://admin.musora.com/admin#/content/drumeo/259067	92;94;78;88;89;90	
236736	drumeo	Mashup #2	play-along	https://admin.musora.com/admin#/content/drumeo/236736	92;94;78;88;89;90	
387955	drumeo	Drumming To Every Foo Fighters Song In One Take! (183 Songs)	performances	https://admin.musora.com/admin#/content/drumeo/387955	92;94;78;88;89;90	
387955	drumeo	Drumming To Every Foo Fighters Song In One Take! (183 Songs)	performances	https://admin.musora.com/admin#/content/drumeo/387955	92;94;78;88;89;90	
387955	drumeo	Drumming To Every Foo Fighters Song In One Take! (183 Songs)	performances	https://admin.musora.com/admin#/content/drumeo/387955	92;94;78;88;89;90	
387955	drumeo	Drumming To Every Foo Fighters Song In One Take! (183 Songs)	performances	https://admin.musora.com/admin#/content/drumeo/387955	92;94;78;88;89;90	
387955	drumeo	Drumming To Every Foo Fighters Song In One Take! (183 Songs)	performances	https://admin.musora.com/admin#/content/drumeo/387955	92;94;78;88;89;90	
387955	drumeo	Drumming To Every Foo Fighters Song In One Take! (183 Songs)	performances	https://admin.musora.com/admin#/content/drumeo/387955	92;94;78;88;89;90	
387955	drumeo	Drumming To Every Foo Fighters Song In One Take! (183 Songs)	performances	https://admin.musora.com/admin#/content/drumeo/387955	92;94;78;88;89;90	
387955	drumeo	Drumming To Every Foo Fighters Song In One Take! (183 Songs)	performances	https://admin.musora.com/admin#/content/drumeo/387955	92;94;78;88;89;90	
387955	drumeo	Drumming To Every Foo Fighters Song In One Take! (183 Songs)	performances	https://admin.musora.com/admin#/content/drumeo/387955	92;94;78;88;89;90	
387955	drumeo	Drumming To Every Foo Fighters Song In One Take! (183 Songs)	performances	https://admin.musora.com/admin#/content/drumeo/387955	92;94;78;88;89;90	
387955	drumeo	Drumming To Every Foo Fighters Song In One Take! (183 Songs)	performances	https://admin.musora.com/admin#/content/drumeo/387955	92;94;78;88;89;90	
347669	drumeo	Foo Fighters - "The Pretender"	performances	https://admin.musora.com/admin#/content/drumeo/347669	92;94;78;88;89;90	
387955	drumeo	Drumming To Every Foo Fighters Song In One Take! (183 Songs)	performances	https://admin.musora.com/admin#/content/drumeo/387955	92;94;78;88;89;90	
306688	drumeo	Devin Townsend Project - "Planet Of The Apes"	performances	https://admin.musora.com/admin#/content/drumeo/306688	92;94;78;88;89;90	
387955	drumeo	Drumming To Every Foo Fighters Song In One Take! (183 Songs)	performances	https://admin.musora.com/admin#/content/drumeo/387955	92;94;78;88;89;90	
325384	drumeo	Blood Soaked Cover Of "Raining Blood"	play-along	https://admin.musora.com/admin#/content/drumeo/325384	92;94;78;88;89;90	
387955	drumeo	Drumming To Every Foo Fighters Song In One Take! (183 Songs)	performances	https://admin.musora.com/admin#/content/drumeo/387955	92;94;78;88;89;90	
387955	drumeo	Drumming To Every Foo Fighters Song In One Take! (183 Songs)	performances	https://admin.musora.com/admin#/content/drumeo/387955	92;94;78;88;89;90	
387955	drumeo	Drumming To Every Foo Fighters Song In One Take! (183 Songs)	performances	https://admin.musora.com/admin#/content/drumeo/387955	92;94;78;88;89;90	
387955	drumeo	Drumming To Every Foo Fighters Song In One Take! (183 Songs)	performances	https://admin.musora.com/admin#/content/drumeo/387955	92;94;78;88;89;90	
387955	drumeo	Drumming To Every Foo Fighters Song In One Take! (183 Songs)	performances	https://admin.musora.com/admin#/content/drumeo/387955	92;94;78;88;89;90	
387955	drumeo	Drumming To Every Foo Fighters Song In One Take! (183 Songs)	performances	https://admin.musora.com/admin#/content/drumeo/387955	92;94;78;88;89;90	
387955	drumeo	Drumming To Every Foo Fighters Song In One Take! (183 Songs)	performances	https://admin.musora.com/admin#/content/drumeo/387955	92;94;78;88;89;90	
387955	drumeo	Drumming To Every Foo Fighters Song In One Take! (183 Songs)	performances	https://admin.musora.com/admin#/content/drumeo/387955	92;94;78;88;89;90	
387955	drumeo	Drumming To Every Foo Fighters Song In One Take! (183 Songs)	performances	https://admin.musora.com/admin#/content/drumeo/387955	92;94;78;88;89;90	
387955	drumeo	Drumming To Every Foo Fighters Song In One Take! (183 Songs)	performances	https://admin.musora.com/admin#/content/drumeo/387955	92;94;78;88;89;90	
387955	drumeo	Drumming To Every Foo Fighters Song In One Take! (183 Songs)	performances	https://admin.musora.com/admin#/content/drumeo/387955	92;94;78;88;89;90	
353936	drumeo	Dennis Chambers Hears TOOL For The First Time	performances	https://admin.musora.com/admin#/content/drumeo/353936	92;94;78;88;89;90	
387955	drumeo	Drumming To Every Foo Fighters Song In One Take! (183 Songs)	performances	https://admin.musora.com/admin#/content/drumeo/387955	92;94;78;88;89;90	
387955	drumeo	Drumming To Every Foo Fighters Song In One Take! (183 Songs)	performances	https://admin.musora.com/admin#/content/drumeo/387955	92;94;78;88;89;90	
387955	drumeo	Drumming To Every Foo Fighters Song In One Take! (183 Songs)	performances	https://admin.musora.com/admin#/content/drumeo/387955	92;94;78;88;89;90	
387955	drumeo	Drumming To Every Foo Fighters Song In One Take! (183 Songs)	performances	https://admin.musora.com/admin#/content/drumeo/387955	92;94;78;88;89;90	
387955	drumeo	Drumming To Every Foo Fighters Song In One Take! (183 Songs)	performances	https://admin.musora.com/admin#/content/drumeo/387955	92;94;78;88;89;90	
387955	drumeo	Drumming To Every Foo Fighters Song In One Take! (183 Songs)	performances	https://admin.musora.com/admin#/content/drumeo/387955	92;94;78;88;89;90	
387955	drumeo	Drumming To Every Foo Fighters Song In One Take! (183 Songs)	performances	https://admin.musora.com/admin#/content/drumeo/387955	92;94;78;88;89;90	
387955	drumeo	Drumming To Every Foo Fighters Song In One Take! (183 Songs)	performances	https://admin.musora.com/admin#/content/drumeo/387955	92;94;78;88;89;90	
224699	drumeo	B.B. King - "Thrill Is Gone"	performances	https://admin.musora.com/admin#/content/drumeo/224699	92;94;78;88;89;90	
387955	drumeo	Drumming To Every Foo Fighters Song In One Take! (183 Songs)	performances	https://admin.musora.com/admin#/content/drumeo/387955	92;94;78;88;89;90	
387955	drumeo	Drumming To Every Foo Fighters Song In One Take! (183 Songs)	performances	https://admin.musora.com/admin#/content/drumeo/387955	92;94;78;88;89;90	
387955	drumeo	Drumming To Every Foo Fighters Song In One Take! (183 Songs)	performances	https://admin.musora.com/admin#/content/drumeo/387955	92;94;78;88;89;90	
205489	drumeo	Animals As Leaders - "The Woven Web"	performances	https://admin.musora.com/admin#/content/drumeo/205489	92;94;78;88;89;90	
387955	drumeo	Drumming To Every Foo Fighters Song In One Take! (183 Songs)	performances	https://admin.musora.com/admin#/content/drumeo/387955	92;94;78;88;89;90	
387955	drumeo	Drumming To Every Foo Fighters Song In One Take! (183 Songs)	performances	https://admin.musora.com/admin#/content/drumeo/387955	92;94;78;88;89;90	
387955	drumeo	Drumming To Every Foo Fighters Song In One Take! (183 Songs)	performances	https://admin.musora.com/admin#/content/drumeo/387955	92;94;78;88;89;90	
387955	drumeo	Drumming To Every Foo Fighters Song In One Take! (183 Songs)	performances	https://admin.musora.com/admin#/content/drumeo/387955	92;94;78;88;89;90	
226221	drumeo	Tony Coleman - "Tony Coleman Shuffle"	performances	https://admin.musora.com/admin#/content/drumeo/226221	92;94;78;88;89;90	
225064	drumeo	Tony Coleman - "The Blues Had A Baby"	performances	https://admin.musora.com/admin#/content/drumeo/225064	92;94;78;88;89;90	
387955	drumeo	Drumming To Every Foo Fighters Song In One Take! (183 Songs)	performances	https://admin.musora.com/admin#/content/drumeo/387955	92;94;78;88;89;90	
387955	drumeo	Drumming To Every Foo Fighters Song In One Take! (183 Songs)	performances	https://admin.musora.com/admin#/content/drumeo/387955	92;94;78;88;89;90	
387955	drumeo	Drumming To Every Foo Fighters Song In One Take! (183 Songs)	performances	https://admin.musora.com/admin#/content/drumeo/387955	92;94;78;88;89;90	
387955	drumeo	Drumming To Every Foo Fighters Song In One Take! (183 Songs)	performances	https://admin.musora.com/admin#/content/drumeo/387955	92;94;78;88;89;90	
387955	drumeo	Drumming To Every Foo Fighters Song In One Take! (183 Songs)	performances	https://admin.musora.com/admin#/content/drumeo/387955	92;94;78;88;89;90	
387955	drumeo	Drumming To Every Foo Fighters Song In One Take! (183 Songs)	performances	https://admin.musora.com/admin#/content/drumeo/387955	92;94;78;88;89;90	
387955	drumeo	Drumming To Every Foo Fighters Song In One Take! (183 Songs)	performances	https://admin.musora.com/admin#/content/drumeo/387955	92;94;78;88;89;90	
387955	drumeo	Drumming To Every Foo Fighters Song In One Take! (183 Songs)	performances	https://admin.musora.com/admin#/content/drumeo/387955	92;94;78;88;89;90	
387955	drumeo	Drumming To Every Foo Fighters Song In One Take! (183 Songs)	performances	https://admin.musora.com/admin#/content/drumeo/387955	92;94;78;88;89;90	
387955	drumeo	Drumming To Every Foo Fighters Song In One Take! (183 Songs)	performances	https://admin.musora.com/admin#/content/drumeo/387955	92;94;78;88;89;90	
387955	drumeo	Drumming To Every Foo Fighters Song In One Take! (183 Songs)	performances	https://admin.musora.com/admin#/content/drumeo/387955	92;94;78;88;89;90	
387955	drumeo	Drumming To Every Foo Fighters Song In One Take! (183 Songs)	performances	https://admin.musora.com/admin#/content/drumeo/387955	92;94;78;88;89;90	
387955	drumeo	Drumming To Every Foo Fighters Song In One Take! (183 Songs)	performances	https://admin.musora.com/admin#/content/drumeo/387955	92;94;78;88;89;90	
387955	drumeo	Drumming To Every Foo Fighters Song In One Take! (183 Songs)	performances	https://admin.musora.com/admin#/content/drumeo/387955	92;94;78;88;89;90	
387955	drumeo	Drumming To Every Foo Fighters Song In One Take! (183 Songs)	performances	https://admin.musora.com/admin#/content/drumeo/387955	92;94;78;88;89;90	
387955	drumeo	Drumming To Every Foo Fighters Song In One Take! (183 Songs)	performances	https://admin.musora.com/admin#/content/drumeo/387955	92;94;78;88;89;90	
387955	drumeo	Drumming To Every Foo Fighters Song In One Take! (183 Songs)	performances	https://admin.musora.com/admin#/content/drumeo/387955	92;94;78;88;89;90	
387955	drumeo	Drumming To Every Foo Fighters Song In One Take! (183 Songs)	performances	https://admin.musora.com/admin#/content/drumeo/387955	92;94;78;88;89;90	
263838	drumeo	Tarron	performances	https://admin.musora.com/admin#/content/drumeo/263838	92;94;78;88;89;90	
387955	drumeo	Drumming To Every Foo Fighters Song In One Take! (183 Songs)	performances	https://admin.musora.com/admin#/content/drumeo/387955	92;94;78;88;89;90	
387955	drumeo	Drumming To Every Foo Fighters Song In One Take! (183 Songs)	performances	https://admin.musora.com/admin#/content/drumeo/387955	92;94;78;88;89;90	
387955	drumeo	Drumming To Every Foo Fighters Song In One Take! (183 Songs)	performances	https://admin.musora.com/admin#/content/drumeo/387955	92;94;78;88;89;90	
387955	drumeo	Drumming To Every Foo Fighters Song In One Take! (183 Songs)	performances	https://admin.musora.com/admin#/content/drumeo/387955	92;94;78;88;89;90	
387955	drumeo	Drumming To Every Foo Fighters Song In One Take! (183 Songs)	performances	https://admin.musora.com/admin#/content/drumeo/387955	92;94;78;88;89;90	
222302	drumeo	21st Day	play-along	https://admin.musora.com/admin#/content/drumeo/222302	92;94;78;88;89;90	
224279	drumeo	A Quest For Pocket	play-along	https://admin.musora.com/admin#/content/drumeo/224279	92;94;78;88;89;90	
254192	drumeo	Black Cow	play-along	https://admin.musora.com/admin#/content/drumeo/254192	92;94;78;88;89;90	
227060	drumeo	Get Up Off Your Seat	play-along	https://admin.musora.com/admin#/content/drumeo/227060	92;94;78;88;89;90	
31486	drumeo	Life by Gavin Harrison & 05Ric	play-along	https://admin.musora.com/admin#/content/drumeo/31486	92;94;78;88;89;90	
335025	drumeo	A Night In Tunisia	play-along	https://admin.musora.com/admin#/content/drumeo/335025	92;94;78;88;89;90	
231914	drumeo	Oleo	play-along	https://admin.musora.com/admin#/content/drumeo/231914	92;94;78;88;89;90	
25314	drumeo	Resurrection Through Fire	play-along	https://admin.musora.com/admin#/content/drumeo/25314	92;94;78;88;89;90	
25203	drumeo	Still I Rise	play-along	https://admin.musora.com/admin#/content/drumeo/25203	92;94;78;88;89;90	
241113	drumeo	The Slant	play-along	https://admin.musora.com/admin#/content/drumeo/241113	92;94;78;88;89;90	
226222	drumeo	Tony Coleman Shuffle	play-along	https://admin.musora.com/admin#/content/drumeo/226222	92;94;78;88;89;90	
224270	drumeo	The Blues Had A Baby	play-along	https://admin.musora.com/admin#/content/drumeo/224270	92;94;78;88;89;90	
24860	drumeo	A Christmas Medley	play-along	https://admin.musora.com/admin#/content/drumeo/24860	92;94;78;88;89;90	
27550	drumeo	Interview With David Garibaldi	podcasts	https://admin.musora.com/admin#/content/drumeo/27550	92;94;78;88;89;90	
233054	drumeo	Drumeo GAB - Gary Husband	podcasts	https://admin.musora.com/admin#/content/drumeo/233054	92;94;78;88;89;90	
189971	drumeo	A Message To The Old School Pros	podcasts	https://admin.musora.com/admin#/content/drumeo/189971	92;94;78;88;89;90	
31360	drumeo	Improve Your Drumming Practice	podcasts	https://admin.musora.com/admin#/content/drumeo/31360	92;94;78;88;89;90	
208024	drumeo	Interview With Luke Holland	podcasts	https://admin.musora.com/admin#/content/drumeo/208024	92;94;78;88;89;90	
190982	drumeo	The State Of The Music Industry	podcasts	https://admin.musora.com/admin#/content/drumeo/190982	92;94;78;88;89;90	
31447	drumeo	Online Drumming Trolls	podcasts	https://admin.musora.com/admin#/content/drumeo/31447	92;94;78;88;89;90	
31585	drumeo	Who Is The Best Drummer?	podcasts	https://admin.musora.com/admin#/content/drumeo/31585	92;94;78;88;89;90	
260144	drumeo	Drumeo GAB - Brian Frasier-Moore	podcasts	https://admin.musora.com/admin#/content/drumeo/260144	92;94;78;88;89;90	
303627	drumeo	Drums As Life Preserver - Part #1 (With Jason Mills)	podcasts	https://admin.musora.com/admin#/content/drumeo/303627	92;94;78;88;89;90	
195955	drumeo	What To Look For In A Drum Teacher	podcasts	https://admin.musora.com/admin#/content/drumeo/195955	92;94;78;88;89;90	
31447	drumeo	Online Drumming Trolls	podcasts	https://admin.musora.com/admin#/content/drumeo/31447	92;94;78;88;89;90	
190200	drumeo	The Five Misconceptions Of Drum Technique	podcasts	https://admin.musora.com/admin#/content/drumeo/190200	92;94;78;88;89;90	
31513	drumeo	Beginner Drumming Tips	podcasts	https://admin.musora.com/admin#/content/drumeo/31513	92;94;78;88;89;90	
235185	drumeo	Drumeo GAB - Ryan VP	podcasts	https://admin.musora.com/admin#/content/drumeo/235185	92;94;78;88;89;90	
392734	singeo	Musora 2023 Summer Recital - Sessions #1 & #2	question-and-answer	https://admin.musora.com/admin#/content/singeo/392734	92;94;78;88;89;90	
392734	singeo	Musora 2023 Summer Recital - Sessions #1 & #2	question-and-answer	https://admin.musora.com/admin#/content/singeo/392734	92;94;78;88;89;90	
392734	singeo	Musora 2023 Summer Recital - Sessions #1 & #2	question-and-answer	https://admin.musora.com/admin#/content/singeo/392734	92;94;78;88;89;90	
392734	singeo	Musora 2023 Summer Recital - Sessions #1 & #2	question-and-answer	https://admin.musora.com/admin#/content/singeo/392734	92;94;78;88;89;90	
392734	singeo	Musora 2023 Summer Recital - Sessions #1 & #2	question-and-answer	https://admin.musora.com/admin#/content/singeo/392734	92;94;78;88;89;90	
392734	singeo	Musora 2023 Summer Recital - Sessions #1 & #2	question-and-answer	https://admin.musora.com/admin#/content/singeo/392734	92;94;78;88;89;90	
392734	singeo	Musora 2023 Summer Recital - Sessions #1 & #2	question-and-answer	https://admin.musora.com/admin#/content/singeo/392734	92;94;78;88;89;90	
392734	singeo	Musora 2023 Summer Recital - Sessions #1 & #2	question-and-answer	https://admin.musora.com/admin#/content/singeo/392734	92;94;78;88;89;90	
392734	singeo	Musora 2023 Summer Recital - Sessions #1 & #2	question-and-answer	https://admin.musora.com/admin#/content/singeo/392734	92;94;78;88;89;90	
392734	singeo	Musora 2023 Summer Recital - Sessions #1 & #2	question-and-answer	https://admin.musora.com/admin#/content/singeo/392734	92;94;78;88;89;90	
392734	singeo	Musora 2023 Summer Recital - Sessions #1 & #2	question-and-answer	https://admin.musora.com/admin#/content/singeo/392734	92;94;78;88;89;90	
392734	singeo	Musora 2023 Summer Recital - Sessions #1 & #2	question-and-answer	https://admin.musora.com/admin#/content/singeo/392734	92;94;78;88;89;90	
392734	singeo	Musora 2023 Summer Recital - Sessions #1 & #2	question-and-answer	https://admin.musora.com/admin#/content/singeo/392734	92;94;78;88;89;90	
392734	singeo	Musora 2023 Summer Recital - Sessions #1 & #2	question-and-answer	https://admin.musora.com/admin#/content/singeo/392734	92;94;78;88;89;90	
392734	singeo	Musora 2023 Summer Recital - Sessions #1 & #2	question-and-answer	https://admin.musora.com/admin#/content/singeo/392734	92;94;78;88;89;90	
392734	singeo	Musora 2023 Summer Recital - Sessions #1 & #2	question-and-answer	https://admin.musora.com/admin#/content/singeo/392734	92;94;78;88;89;90	
392734	singeo	Musora 2023 Summer Recital - Sessions #1 & #2	question-and-answer	https://admin.musora.com/admin#/content/singeo/392734	92;94;78;88;89;90	
392734	singeo	Musora 2023 Summer Recital - Sessions #1 & #2	question-and-answer	https://admin.musora.com/admin#/content/singeo/392734	92;94;78;88;89;90	
407431	drumeo	Breaking Down 8 More Tool Drum Parts	quick-tips	https://admin.musora.com/admin#/content/drumeo/407431	92;94;78;88;89;90	
272222	pianote	Top 10 Hollywood Piano Moments	quick-tips	https://admin.musora.com/admin#/content/pianote/272222	92;94;78;88;89;90	
406940	drumeo	The Genius Of Jeff Porcaro	quick-tips	https://admin.musora.com/admin#/content/drumeo/406940	92;94;78;88;89;90	
323800	drumeo	The Genius Of Dave Grohl	quick-tips	https://admin.musora.com/admin#/content/drumeo/323800	92;94;78;88;89;90	
323800	drumeo	The Genius Of Dave Grohl	quick-tips	https://admin.musora.com/admin#/content/drumeo/323800	92;94;78;88;89;90	
326040	guitareo	The 5 Best Kurt Cobain Guitar Riffs	quick-tips	https://admin.musora.com/admin#/content/guitareo/326040	92;94;78;88;89;90	
223538	guitareo	Top 5 Nirvana Riffs	quick-tips	https://admin.musora.com/admin#/content/guitareo/223538	92;94;78;88;89;90	
349360	drumeo	12 Must-Know Dave Grohl Drum Beats	quick-tips	https://admin.musora.com/admin#/content/drumeo/349360	92;94;78;88;89;90	
407431	drumeo	Breaking Down 8 More Tool Drum Parts	quick-tips	https://admin.musora.com/admin#/content/drumeo/407431	92;94;78;88;89;90	
255002	drumeo	17 Iconic Drum Fills	quick-tips	https://admin.musora.com/admin#/content/drumeo/255002	92;94;78;88;89;90	
319988	drumeo	Emmanuelle's 5 Drumming Influences	quick-tips	https://admin.musora.com/admin#/content/drumeo/319988	92;94;78;88;89;90	
406940	drumeo	The Genius Of Jeff Porcaro	quick-tips	https://admin.musora.com/admin#/content/drumeo/406940	92;94;78;88;89;90	
391298	pianote	The Theory Behind: River Flows In You	quick-tips	https://admin.musora.com/admin#/content/pianote/391298	92;94;78;88;89;90	
219624	pianote	How To Play A Piano Solo For Beginners	quick-tips	https://admin.musora.com/admin#/content/pianote/219624	92;94;78;88;89;90	
359561	drumeo	The Genius Of Taylor Hawkins	quick-tips	https://admin.musora.com/admin#/content/drumeo/359561	92;94;78;88;89;90	
404982	drumeo	The Genius Of Mitch Mitchell	quick-tips	https://admin.musora.com/admin#/content/drumeo/404982	92;94;78;88;89;90	
382294	drumeo	The Genius Of Travis Barker	quick-tips	https://admin.musora.com/admin#/content/drumeo/382294	92;94;78;88;89;90	
312293	drumeo	Drummers You've Heard But Never Heard Of	quick-tips	https://admin.musora.com/admin#/content/drumeo/312293	92;94;78;88;89;90	
389195	drumeo	The Genius Of Roger Taylor	quick-tips	https://admin.musora.com/admin#/content/drumeo/389195	92;94;78;88;89;90	
407432	drumeo	Tanner Wayne Breaks Down An In Flames Show	quick-tips	https://admin.musora.com/admin#/content/drumeo/407432	92;94;78;88;89;90	
402917	pianote	The Fastest Way To Improve Your Rhythm	quick-tips	https://admin.musora.com/admin#/content/pianote/402917	92;94;78;88;89;90	
371404	singeo	All Of Me Song Tutorial	quick-tips	https://admin.musora.com/admin#/content/singeo/371404	92;94;78;88;89;90	
324645	drumeo	The Grooves Of U2	quick-tips	https://admin.musora.com/admin#/content/drumeo/324645	92;94;78;88;89;90	
331261	singeo	10 Best Vocal Performances Of 2021	quick-tips	https://admin.musora.com/admin#/content/singeo/331261	92;94;78;88;89;90	
399170	drumeo	JP Bouvet Learns Mammoth WVH As Fast As Possible	quick-tips	https://admin.musora.com/admin#/content/drumeo/399170	92;94;78;88;89;90	
404347	drumeo	Wolfgang Van Halen & Garrett Whitlock Break Down A Mammoth WVH Show	quick-tips	https://admin.musora.com/admin#/content/drumeo/404347	92;94;78;88;89;90	
359561	drumeo	The Genius Of Taylor Hawkins	quick-tips	https://admin.musora.com/admin#/content/drumeo/359561	92;94;78;88;89;90	
381657	drumeo	The Drumming Of “Nevermind” (Nirvana)	quick-tips	https://admin.musora.com/admin#/content/drumeo/381657	92;94;78;88;89;90	
337656	guitareo	Achieving Nirvana	quick-tips	https://admin.musora.com/admin#/content/guitareo/337656	92;94;78;88;89;90	
323800	drumeo	The Genius Of Dave Grohl	quick-tips	https://admin.musora.com/admin#/content/drumeo/323800	92;94;78;88;89;90	
376468	singeo	Lisa Reacts To The Voice Of Zooey Deschanel	quick-tips	https://admin.musora.com/admin#/content/singeo/376468	92;94;78;88;89;90	
323800	drumeo	The Genius Of Dave Grohl	quick-tips	https://admin.musora.com/admin#/content/drumeo/323800	92;94;78;88;89;90	
324645	drumeo	The Grooves Of U2	quick-tips	https://admin.musora.com/admin#/content/drumeo/324645	92;94;78;88;89;90	
371197	drumeo	The Genius Of Elvin Jones	quick-tips	https://admin.musora.com/admin#/content/drumeo/371197	92;94;78;88;89;90	
386289	drumeo	The Genius Of Ringo Starr	quick-tips	https://admin.musora.com/admin#/content/drumeo/386289	92;94;78;88;89;90	
371605	pianote	The Ultimate Guide To Ear Training	quick-tips	https://admin.musora.com/admin#/content/pianote/371605	92;94;78;88;89;90	
376721	drumeo	The Genius Of Stewart Copeland	quick-tips	https://admin.musora.com/admin#/content/drumeo/376721	92;94;78;88;89;90	
337989	singeo	Understanding Vocal Registers	quick-tips	https://admin.musora.com/admin#/content/singeo/337989	92;94;78;88;89;90	
309831	singeo	Finding Your Unique Voice	quick-tips	https://admin.musora.com/admin#/content/singeo/309831	92;94;78;88;89;90	
310451	pianote	How To Sing & Play Piano (At The Same Time)	quick-tips	https://admin.musora.com/admin#/content/pianote/310451	92;94;78;88;89;90	
311094	guitareo	Modulation Pedal Basics - Which One Do I Need?	quick-tips	https://admin.musora.com/admin#/content/guitareo/311094	92;94;78;88;89;90	
400783	pianote	1 Hour of Relaxing Christmas Piano Songs	quick-tips	https://admin.musora.com/admin#/content/pianote/400783	92;94;78;88;89;90	
336335	guitareo	Living on the Edge - Top 7 U2 Guitar Licks	quick-tips	https://admin.musora.com/admin#/content/guitareo/336335	92;94;78;88;89;90	
324645	drumeo	The Grooves Of U2	quick-tips	https://admin.musora.com/admin#/content/drumeo/324645	92;94;78;88;89;90	
396948	drumeo	The Genius Of Keith Moon	quick-tips	https://admin.musora.com/admin#/content/drumeo/396948	92;94;78;88;89;90	
274682	drumeo	The 20 Most Recognizable Drum Beats	quick-tips	https://admin.musora.com/admin#/content/drumeo/274682	92;94;78;88;89;90	
396948	drumeo	The Genius Of Keith Moon	quick-tips	https://admin.musora.com/admin#/content/drumeo/396948	92;94;78;88;89;90	
368072	guitareo	The 10 Most Popular Strumming Patterns Of All-Time	quick-tips	https://admin.musora.com/admin#/content/guitareo/368072	92;94;78;88;89;90	
359561	drumeo	The Genius Of Taylor Hawkins	quick-tips	https://admin.musora.com/admin#/content/drumeo/359561	92;94;78;88;89;90	
376721	drumeo	The Genius Of Stewart Copeland	quick-tips	https://admin.musora.com/admin#/content/drumeo/376721	92;94;78;88;89;90	
377244	drumeo	5 Easy Songs for Beginner Drummers	quick-tips	https://admin.musora.com/admin#/content/drumeo/377244	92;94;78;88;89;90	
368072	guitareo	The 10 Most Popular Strumming Patterns Of All-Time	quick-tips	https://admin.musora.com/admin#/content/guitareo/368072	92;94;78;88;89;90	
310409	singeo	How To Sing & Play Drums At The Same Time	quick-tips	https://admin.musora.com/admin#/content/singeo/310409	92;94;78;88;89;90	
314113	drumeo	How To Sing And Play Drums At The Same Time	quick-tips	https://admin.musora.com/admin#/content/drumeo/314113	92;94;78;88;89;90	
382294	drumeo	The Genius Of Travis Barker	quick-tips	https://admin.musora.com/admin#/content/drumeo/382294	92;94;78;88;89;90	
331261	singeo	10 Best Vocal Performances Of 2021	quick-tips	https://admin.musora.com/admin#/content/singeo/331261	92;94;78;88;89;90	
329083	drumeo	5 Ways To Improve Your Punk Drumming	quick-tips	https://admin.musora.com/admin#/content/drumeo/329083	92;94;78;88;89;90	
274682	drumeo	The 20 Most Recognizable Drum Beats	quick-tips	https://admin.musora.com/admin#/content/drumeo/274682	92;94;78;88;89;90	
358104	guitareo	The Best Rolling Stones Riffs From "Sticky Fingers"	quick-tips	https://admin.musora.com/admin#/content/guitareo/358104	92;94;78;88;89;90	
278528	guitareo	How To Play Blues Like Steely Dan	quick-tips	https://admin.musora.com/admin#/content/guitareo/278528	92;94;78;88;89;90	
278528	guitareo	How To Play Blues Like Steely Dan	quick-tips	https://admin.musora.com/admin#/content/guitareo/278528	92;94;78;88;89;90	
406940	drumeo	The Genius Of Jeff Porcaro	quick-tips	https://admin.musora.com/admin#/content/drumeo/406940	92;94;78;88;89;90	
278520	guitareo	Pedals Ayla Can't Live Without	quick-tips	https://admin.musora.com/admin#/content/guitareo/278520	92;94;78;88;89;90	
278523	guitareo	Top-10 Pop Guitar Moments Of 2020	quick-tips	https://admin.musora.com/admin#/content/guitareo/278523	92;94;78;88;89;90	
392669	drumeo	The Genius Of Meg White	quick-tips	https://admin.musora.com/admin#/content/drumeo/392669	92;94;78;88;89;90	
278528	guitareo	How To Play Blues Like Steely Dan	quick-tips	https://admin.musora.com/admin#/content/guitareo/278528	92;94;78;88;89;90	
392669	drumeo	The Genius Of Meg White	quick-tips	https://admin.musora.com/admin#/content/drumeo/392669	92;94;78;88;89;90	
392669	drumeo	The Genius Of Meg White	quick-tips	https://admin.musora.com/admin#/content/drumeo/392669	92;94;78;88;89;90	
359561	drumeo	The Genius Of Taylor Hawkins	quick-tips	https://admin.musora.com/admin#/content/drumeo/359561	92;94;78;88;89;90	
341944	guitareo	The Most Feel Good Chord Progression Ever	quick-tips	https://admin.musora.com/admin#/content/guitareo/341944	92;94;78;88;89;90	
376721	drumeo	The Genius Of Stewart Copeland	quick-tips	https://admin.musora.com/admin#/content/drumeo/376721	92;94;78;88;89;90	
311096	guitareo	How To Simplify Lead Lines	quick-tips	https://admin.musora.com/admin#/content/guitareo/311096	92;94;78;88;89;90	
223942	guitareo	12 Easy Acoustic Guitar Songs	quick-tips	https://admin.musora.com/admin#/content/guitareo/223942	92;94;78;88;89;90	
368072	guitareo	The 10 Most Popular Strumming Patterns Of All-Time	quick-tips	https://admin.musora.com/admin#/content/guitareo/368072	92;94;78;88;89;90	
394917	drumeo	Daniel Fang Breaks Down Turnstile Drum Parts	quick-tips	https://admin.musora.com/admin#/content/drumeo/394917	92;94;78;88;89;90	
394917	drumeo	Daniel Fang Breaks Down Turnstile Drum Parts	quick-tips	https://admin.musora.com/admin#/content/drumeo/394917	92;94;78;88;89;90	
376049	singeo	Lisa Reacts to Brandi Carlile	quick-tips	https://admin.musora.com/admin#/content/singeo/376049	92;94;78;88;89;90	
392669	drumeo	The Genius Of Meg White	quick-tips	https://admin.musora.com/admin#/content/drumeo/392669	92;94;78;88;89;90	
222961	guitareo	10 Ways To Get Better Faster On Guitar	quick-tips	https://admin.musora.com/admin#/content/guitareo/222961	92;94;78;88;89;90	
311094	guitareo	Modulation Pedal Basics - Which One Do I Need?	quick-tips	https://admin.musora.com/admin#/content/guitareo/311094	92;94;78;88;89;90	
326040	guitareo	The 5 Best Kurt Cobain Guitar Riffs	quick-tips	https://admin.musora.com/admin#/content/guitareo/326040	92;94;78;88;89;90	
381657	drumeo	The Drumming Of “Nevermind” (Nirvana)	quick-tips	https://admin.musora.com/admin#/content/drumeo/381657	92;94;78;88;89;90	
223538	guitareo	Top 5 Nirvana Riffs	quick-tips	https://admin.musora.com/admin#/content/guitareo/223538	92;94;78;88;89;90	
402688	drumeo	The Genius Of Sheila E.	quick-tips	https://admin.musora.com/admin#/content/drumeo/402688	92;94;78;88;89;90	
222731	guitareo	5 HUGE Guitar Practice Mistakes	quick-tips	https://admin.musora.com/admin#/content/guitareo/222731	92;94;78;88;89;90	
376049	singeo	Lisa Reacts to Brandi Carlile	quick-tips	https://admin.musora.com/admin#/content/singeo/376049	92;94;78;88;89;90	
396948	drumeo	The Genius Of Keith Moon	quick-tips	https://admin.musora.com/admin#/content/drumeo/396948	92;94;78;88;89;90	
223942	guitareo	12 Easy Acoustic Guitar Songs	quick-tips	https://admin.musora.com/admin#/content/guitareo/223942	92;94;78;88;89;90	
231450	guitareo	Your Acoustic Guitar Survival Guide (For Serious Guitar Players Only)	quick-tips	https://admin.musora.com/admin#/content/guitareo/231450	92;94;78;88;89;90	
381714	singeo	The Easiest Harmony In The World	quick-tips	https://admin.musora.com/admin#/content/singeo/381714	92;94;78;88;89;90	
359561	drumeo	The Genius Of Taylor Hawkins	quick-tips	https://admin.musora.com/admin#/content/drumeo/359561	92;94;78;88;89;90	
406940	drumeo	The Genius Of Jeff Porcaro	quick-tips	https://admin.musora.com/admin#/content/drumeo/406940	92;94;78;88;89;90	
388978	pianote	3 Easy Coldplay Songs (Beginner Piano Lesson)	quick-tips	https://admin.musora.com/admin#/content/pianote/388978	92;94;78;88;89;90	
375588	pianote	How To Recognize Chords By Ear	quick-tips	https://admin.musora.com/admin#/content/pianote/375588	92;94;78;88;89;90	
377090	pianote	3 Essential Arpeggio Patterns	quick-tips	https://admin.musora.com/admin#/content/pianote/377090	92;94;78;88;89;90	
406940	drumeo	The Genius Of Jeff Porcaro	quick-tips	https://admin.musora.com/admin#/content/drumeo/406940	92;94;78;88;89;90	
392669	drumeo	The Genius Of Meg White	quick-tips	https://admin.musora.com/admin#/content/drumeo/392669	92;94;78;88;89;90	
295600	pianote	5 Best Piano Lessons Ever	quick-tips	https://admin.musora.com/admin#/content/pianote/295600	92;94;78;88;89;90	
286537	pianote	The Instant Pianist	quick-tips	https://admin.musora.com/admin#/content/pianote/286537	92;94;78;88;89;90	
235969	pianote	4 Songs That Are Perfect For Beginners	quick-tips	https://admin.musora.com/admin#/content/pianote/235969	92;94;78;88;89;90	
358104	guitareo	The Best Rolling Stones Riffs From "Sticky Fingers"	quick-tips	https://admin.musora.com/admin#/content/guitareo/358104	92;94;78;88;89;90	
331261	singeo	10 Best Vocal Performances Of 2021	quick-tips	https://admin.musora.com/admin#/content/singeo/331261	92;94;78;88;89;90	
381985	singeo	Julia Reacts To Spiritbox	quick-tips	https://admin.musora.com/admin#/content/singeo/381985	92;94;78;88;89;90	
401281	pianote	Victoria Theodore Learns Viral Interstellar Piano Cover On The Spot	quick-tips	https://admin.musora.com/admin#/content/pianote/401281	92;94;78;88;89;90	
381657	drumeo	The Drumming Of “Nevermind” (Nirvana)	quick-tips	https://admin.musora.com/admin#/content/drumeo/381657	92;94;78;88;89;90	
287255	guitareo	Rock Guitar Licks That Will Make You Stand Out	quick-tips	https://admin.musora.com/admin#/content/guitareo/287255	92;94;78;88;89;90	
376721	drumeo	The Genius Of Stewart Copeland	quick-tips	https://admin.musora.com/admin#/content/drumeo/376721	92;94;78;88;89;90	
374484	guitareo	10 Blink-182 Riffs Every Guitarist Should Know	quick-tips	https://admin.musora.com/admin#/content/guitareo/374484	92;94;78;88;89;90	
223942	guitareo	12 Easy Acoustic Guitar Songs	quick-tips	https://admin.musora.com/admin#/content/guitareo/223942	92;94;78;88;89;90	
392201	guitareo	Guitareo/Singeo Collab Announcement	quick-tips	https://admin.musora.com/admin#/content/guitareo/392201	92;94;78;88;89;90	
376721	drumeo	The Genius Of Stewart Copeland	quick-tips	https://admin.musora.com/admin#/content/drumeo/376721	92;94;78;88;89;90	
234325	pianote	Reading Complicated Chord Charts	quick-tips	https://admin.musora.com/admin#/content/pianote/234325	92;94;78;88;89;90	
386899	singeo	Lisa Reacts To Judas Priest	quick-tips	https://admin.musora.com/admin#/content/singeo/386899	92;94;78;88;89;90	
392669	drumeo	The Genius Of Meg White	quick-tips	https://admin.musora.com/admin#/content/drumeo/392669	92;94;78;88;89;90	
392669	drumeo	The Genius Of Meg White	quick-tips	https://admin.musora.com/admin#/content/drumeo/392669	92;94;78;88;89;90	
407945	drumeo	Pitbull, Ricky Martin & Enrique Iglesias Show Breakdown	quick-tips	https://admin.musora.com/admin#/content/drumeo/407945	92;94;78;88;89;90	
376721	drumeo	The Genius Of Stewart Copeland	quick-tips	https://admin.musora.com/admin#/content/drumeo/376721	92;94;78;88;89;90	
287255	guitareo	Rock Guitar Licks That Will Make You Stand Out	quick-tips	https://admin.musora.com/admin#/content/guitareo/287255	92;94;78;88;89;90	
359561	drumeo	The Genius Of Taylor Hawkins	quick-tips	https://admin.musora.com/admin#/content/drumeo/359561	92;94;78;88;89;90	
305334	singeo	How To Sing & Play Piano (At The Same Time)	quick-tips	https://admin.musora.com/admin#/content/singeo/305334	92;94;78;88;89;90	
407432	drumeo	Tanner Wayne Breaks Down An In Flames Show	quick-tips	https://admin.musora.com/admin#/content/drumeo/407432	92;94;78;88;89;90	
407432	drumeo	Tanner Wayne Breaks Down An In Flames Show	quick-tips	https://admin.musora.com/admin#/content/drumeo/407432	92;94;78;88;89;90	
407939	drumeo	The Iconic Drumming Behind "Steambreather"	quick-tips	https://admin.musora.com/admin#/content/drumeo/407939	92;94;78;88;89;90	
387414	drumeo	The Genius Of Vinnie Paul	quick-tips	https://admin.musora.com/admin#/content/drumeo/387414	92;94;78;88;89;90	
286537	pianote	The Instant Pianist	quick-tips	https://admin.musora.com/admin#/content/pianote/286537	92;94;78;88;89;90	
376721	drumeo	The Genius Of Stewart Copeland	quick-tips	https://admin.musora.com/admin#/content/drumeo/376721	92;94;78;88;89;90	
404347	drumeo	Wolfgang Van Halen & Garrett Whitlock Break Down A Mammoth WVH Show	quick-tips	https://admin.musora.com/admin#/content/drumeo/404347	92;94;78;88;89;90	
341946	guitareo	Top Grunge Riffs Of The 90s	quick-tips	https://admin.musora.com/admin#/content/guitareo/341946	92;94;78;88;89;90	
381657	drumeo	The Drumming Of “Nevermind” (Nirvana)	quick-tips	https://admin.musora.com/admin#/content/drumeo/381657	92;94;78;88;89;90	
355105	drumeo	The Genius Of Danny Carey	quick-tips	https://admin.musora.com/admin#/content/drumeo/355105	92;94;78;88;89;90	
368453	drumeo	8 TOOL Songs You Always Wanted To Play On Drums	quick-tips	https://admin.musora.com/admin#/content/drumeo/368453	92;94;78;88;89;90	
382294	drumeo	The Genius Of Travis Barker	quick-tips	https://admin.musora.com/admin#/content/drumeo/382294	92;94;78;88;89;90	
226128	guitareo	Top 5 Foo Fighters Riffs	quick-tips	https://admin.musora.com/admin#/content/guitareo/226128	92;94;78;88;89;90	
255002	drumeo	17 Iconic Drum Fills	quick-tips	https://admin.musora.com/admin#/content/drumeo/255002	92;94;78;88;89;90	
349360	drumeo	12 Must-Know Dave Grohl Drum Beats	quick-tips	https://admin.musora.com/admin#/content/drumeo/349360	92;94;78;88;89;90	
323800	drumeo	The Genius Of Dave Grohl	quick-tips	https://admin.musora.com/admin#/content/drumeo/323800	92;94;78;88;89;90	
323800	drumeo	The Genius Of Dave Grohl	quick-tips	https://admin.musora.com/admin#/content/drumeo/323800	92;94;78;88;89;90	
349360	drumeo	12 Must-Know Dave Grohl Drum Beats	quick-tips	https://admin.musora.com/admin#/content/drumeo/349360	92;94;78;88;89;90	
406940	drumeo	The Genius Of Jeff Porcaro	quick-tips	https://admin.musora.com/admin#/content/drumeo/406940	92;94;78;88;89;90	
376721	drumeo	The Genius Of Stewart Copeland	quick-tips	https://admin.musora.com/admin#/content/drumeo/376721	92;94;78;88;89;90	
376721	drumeo	The Genius Of Stewart Copeland	quick-tips	https://admin.musora.com/admin#/content/drumeo/376721	92;94;78;88;89;90	
407432	drumeo	Tanner Wayne Breaks Down An In Flames Show	quick-tips	https://admin.musora.com/admin#/content/drumeo/407432	92;94;78;88;89;90	
355093	drumeo	Simon Phillips Breaks Down His Biggest Drum Part	quick-tips	https://admin.musora.com/admin#/content/drumeo/355093	92;94;78;88;89;90	
402688	drumeo	The Genius Of Sheila E.	quick-tips	https://admin.musora.com/admin#/content/drumeo/402688	92;94;78;88;89;90	
287255	guitareo	Rock Guitar Licks That Will Make You Stand Out	quick-tips	https://admin.musora.com/admin#/content/guitareo/287255	92;94;78;88;89;90	
404347	drumeo	Wolfgang Van Halen & Garrett Whitlock Break Down A Mammoth WVH Show	quick-tips	https://admin.musora.com/admin#/content/drumeo/404347	92;94;78;88;89;90	
408508	pianote	The Main Theme From "IT" Performance	quick-tips	https://admin.musora.com/admin#/content/pianote/408508	92;94;78;88;89;90	
355105	drumeo	The Genius Of Danny Carey	quick-tips	https://admin.musora.com/admin#/content/drumeo/355105	92;94;78;88;89;90	
368453	drumeo	8 TOOL Songs You Always Wanted To Play On Drums	quick-tips	https://admin.musora.com/admin#/content/drumeo/368453	92;94;78;88;89;90	
382294	drumeo	The Genius Of Travis Barker	quick-tips	https://admin.musora.com/admin#/content/drumeo/382294	92;94;78;88;89;90	
371197	drumeo	The Genius Of Elvin Jones	quick-tips	https://admin.musora.com/admin#/content/drumeo/371197	92;94;78;88;89;90	
323800	drumeo	The Genius Of Dave Grohl	quick-tips	https://admin.musora.com/admin#/content/drumeo/323800	92;94;78;88;89;90	
395464	drumeo	Frank Zummo Breaks Down Sum 41 Drum Parts	quick-tips	https://admin.musora.com/admin#/content/drumeo/395464	92;94;78;88;89;90	
316047	pianote	Major Songs In A Minor Key	quick-tips	https://admin.musora.com/admin#/content/pianote/316047	92;94;78;88;89;90	
305349	singeo	What Would Beyoncé Do? (Vocal Riffs & Runs)	quick-tips	https://admin.musora.com/admin#/content/singeo/305349	92;94;78;88;89;90	
401049	pianote	Everything You Need To Know About Time Signatures	quick-tips	https://admin.musora.com/admin#/content/pianote/401049	92;94;78;88;89;90	
336335	guitareo	Living on the Edge - Top 7 U2 Guitar Licks	quick-tips	https://admin.musora.com/admin#/content/guitareo/336335	92;94;78;88;89;90	
402696	drumeo	Ben Thatcher Breaks Down A Royal Blood Show	quick-tips	https://admin.musora.com/admin#/content/drumeo/402696	92;94;78;88;89;90	
313988	guitareo	What To Look For In An Electric Guitar	quick-tips	https://admin.musora.com/admin#/content/guitareo/313988	92;94;78;88;89;90	
306308	guitareo	Strumming Patterns You Should Know	quick-tips	https://admin.musora.com/admin#/content/guitareo/306308	92;94;78;88;89;90	
352435	guitareo	The Most Basic Fingerstyle Guitar Rhythm	quick-tips	https://admin.musora.com/admin#/content/guitareo/352435	92;94;78;88;89;90	
374916	singeo	Folsom Prison Blues Performance	quick-tips	https://admin.musora.com/admin#/content/singeo/374916	92;94;78;88;89;90	
355105	drumeo	The Genius Of Danny Carey	quick-tips	https://admin.musora.com/admin#/content/drumeo/355105	92;94;78;88;89;90	
360544	drumeo	The Advantages Of Open-Handed Drumming	quick-tips	https://admin.musora.com/admin#/content/drumeo/360544	92;94;78;88;89;90	
355093	drumeo	Simon Phillips Breaks Down His Biggest Drum Part	quick-tips	https://admin.musora.com/admin#/content/drumeo/355093	92;94;78;88;89;90	
359561	drumeo	The Genius Of Taylor Hawkins	quick-tips	https://admin.musora.com/admin#/content/drumeo/359561	92;94;78;88;89;90	
369348	singeo	Georgia On My Mind Performance	quick-tips	https://admin.musora.com/admin#/content/singeo/369348	92;94;78;88;89;90	
406940	drumeo	The Genius Of Jeff Porcaro	quick-tips	https://admin.musora.com/admin#/content/drumeo/406940	92;94;78;88;89;90	
355105	drumeo	The Genius Of Danny Carey	quick-tips	https://admin.musora.com/admin#/content/drumeo/355105	92;94;78;88;89;90	
368453	drumeo	8 TOOL Songs You Always Wanted To Play On Drums	quick-tips	https://admin.musora.com/admin#/content/drumeo/368453	92;94;78;88;89;90	
407431	drumeo	Breaking Down 8 More Tool Drum Parts	quick-tips	https://admin.musora.com/admin#/content/drumeo/407431	92;94;78;88;89;90	
402688	drumeo	The Genius Of Sheila E.	quick-tips	https://admin.musora.com/admin#/content/drumeo/402688	92;94;78;88;89;90	
396948	drumeo	The Genius Of Keith Moon	quick-tips	https://admin.musora.com/admin#/content/drumeo/396948	92;94;78;88;89;90	
359561	drumeo	The Genius Of Taylor Hawkins	quick-tips	https://admin.musora.com/admin#/content/drumeo/359561	92;94;78;88;89;90	
224458	guitareo	10 Ways To Get Better Faster (But Actually)	quick-tips	https://admin.musora.com/admin#/content/guitareo/224458	92;94;78;88;89;90	
406940	drumeo	The Genius Of Jeff Porcaro	quick-tips	https://admin.musora.com/admin#/content/drumeo/406940	92;94;78;88;89;90	
392844	pianote	225 Years Of Rock Piano In 10 Minutes	quick-tips	https://admin.musora.com/admin#/content/pianote/392844	92;94;78;88;89;90	
231448	guitareo	Learn My Most Requested Song	quick-tips	https://admin.musora.com/admin#/content/guitareo/231448	92;94;78;88;89;90	
355105	drumeo	The Genius Of Danny Carey	quick-tips	https://admin.musora.com/admin#/content/drumeo/355105	92;94;78;88;89;90	
402688	drumeo	The Genius Of Sheila E.	quick-tips	https://admin.musora.com/admin#/content/drumeo/402688	92;94;78;88;89;90	
359561	drumeo	The Genius Of Taylor Hawkins	quick-tips	https://admin.musora.com/admin#/content/drumeo/359561	92;94;78;88;89;90	
371605	pianote	The Ultimate Guide To Ear Training	quick-tips	https://admin.musora.com/admin#/content/pianote/371605	92;94;78;88;89;90	
398738	pianote	How Many Beatles Songs Can You Play In 5 Minutes?!	quick-tips	https://admin.musora.com/admin#/content/pianote/398738	92;94;78;88;89;90	
386289	drumeo	The Genius Of Ringo Starr	quick-tips	https://admin.musora.com/admin#/content/drumeo/386289	92;94;78;88;89;90	
392669	drumeo	The Genius Of Meg White	quick-tips	https://admin.musora.com/admin#/content/drumeo/392669	92;94;78;88;89;90	
406940	drumeo	The Genius Of Jeff Porcaro	quick-tips	https://admin.musora.com/admin#/content/drumeo/406940	92;94;78;88;89;90	
352293	drumeo	The Dennis Chambers "Rosanna" Shuffle	quick-tips	https://admin.musora.com/admin#/content/drumeo/352293	92;94;78;88;89;90	
223942	guitareo	12 Easy Acoustic Guitar Songs	quick-tips	https://admin.musora.com/admin#/content/guitareo/223942	92;94;78;88;89;90	
381985	singeo	Julia Reacts To Spiritbox	quick-tips	https://admin.musora.com/admin#/content/singeo/381985	92;94;78;88;89;90	
278523	guitareo	Top-10 Pop Guitar Moments Of 2020	quick-tips	https://admin.musora.com/admin#/content/guitareo/278523	92;94;78;88;89;90	
355105	drumeo	The Genius Of Danny Carey	quick-tips	https://admin.musora.com/admin#/content/drumeo/355105	92;94;78;88;89;90	
399677	drumeo	Juilliard Jazz Professor Hears Nirvana For The First Time	quick-tips	https://admin.musora.com/admin#/content/drumeo/399677	92;94;78;88;89;90	
381657	drumeo	The Drumming Of “Nevermind” (Nirvana)	quick-tips	https://admin.musora.com/admin#/content/drumeo/381657	92;94;78;88;89;90	
349360	drumeo	12 Must-Know Dave Grohl Drum Beats	quick-tips	https://admin.musora.com/admin#/content/drumeo/349360	92;94;78;88;89;90	
323800	drumeo	The Genius Of Dave Grohl	quick-tips	https://admin.musora.com/admin#/content/drumeo/323800	92;94;78;88;89;90	
255002	drumeo	17 Iconic Drum Fills	quick-tips	https://admin.musora.com/admin#/content/drumeo/255002	92;94;78;88;89;90	
223538	guitareo	Top 5 Nirvana Riffs	quick-tips	https://admin.musora.com/admin#/content/guitareo/223538	92;94;78;88;89;90	
337656	guitareo	Achieving Nirvana	quick-tips	https://admin.musora.com/admin#/content/guitareo/337656	92;94;78;88;89;90	
406940	drumeo	The Genius Of Jeff Porcaro	quick-tips	https://admin.musora.com/admin#/content/drumeo/406940	92;94;78;88;89;90	
331251	singeo	The Most Musical Time Of The Year	quick-tips	https://admin.musora.com/admin#/content/singeo/331251	92;94;78;88;89;90	
325316	singeo	Singeo's Winter Recital Announcement (2021)	quick-tips	https://admin.musora.com/admin#/content/singeo/325316	92;94;78;88;89;90	
401351	singeo	Singeo Virtual Choir 2023	quick-tips	https://admin.musora.com/admin#/content/singeo/401351	92;94;78;88;89;90	
287255	guitareo	Rock Guitar Licks That Will Make You Stand Out	quick-tips	https://admin.musora.com/admin#/content/guitareo/287255	92;94;78;88;89;90	
401049	pianote	Everything You Need To Know About Time Signatures	quick-tips	https://admin.musora.com/admin#/content/pianote/401049	92;94;78;88;89;90	
397873	drumeo	Play "In The End" On The Drums | 5 Levels	quick-tips	https://admin.musora.com/admin#/content/drumeo/397873	92;94;78;88;89;90	
303212	pianote	Stuck? Practice This!	quick-tips	https://admin.musora.com/admin#/content/pianote/303212	92;94;78;88;89;90	
359561	drumeo	The Genius Of Taylor Hawkins	quick-tips	https://admin.musora.com/admin#/content/drumeo/359561	92;94;78;88;89;90	
278525	guitareo	Prince Funk Essentials	quick-tips	https://admin.musora.com/admin#/content/guitareo/278525	92;94;78;88;89;90	
305350	singeo	Pitch - How To Stop Singing Flat	quick-tips	https://admin.musora.com/admin#/content/singeo/305350	92;94;78;88;89;90	
336335	guitareo	Living on the Edge - Top 7 U2 Guitar Licks	quick-tips	https://admin.musora.com/admin#/content/guitareo/336335	92;94;78;88;89;90	
406940	drumeo	The Genius Of Jeff Porcaro	quick-tips	https://admin.musora.com/admin#/content/drumeo/406940	92;94;78;88;89;90	
398738	pianote	How Many Beatles Songs Can You Play In 5 Minutes?!	quick-tips	https://admin.musora.com/admin#/content/pianote/398738	92;94;78;88;89;90	
392669	drumeo	The Genius Of Meg White	quick-tips	https://admin.musora.com/admin#/content/drumeo/392669	92;94;78;88;89;90	
396948	drumeo	The Genius Of Keith Moon	quick-tips	https://admin.musora.com/admin#/content/drumeo/396948	92;94;78;88;89;90	
407043	pianote	Jemma Heigis Hears Huey Lewis & The News For The First Time	quick-tips	https://admin.musora.com/admin#/content/pianote/407043	92;94;78;88;89;90	
359561	drumeo	The Genius Of Taylor Hawkins	quick-tips	https://admin.musora.com/admin#/content/drumeo/359561	92;94;78;88;89;90	
223942	guitareo	12 Easy Acoustic Guitar Songs	quick-tips	https://admin.musora.com/admin#/content/guitareo/223942	92;94;78;88;89;90	
230143	drumeo	Tool’s “Invincible” Polyrhythm Breakdown	quick-tips	https://admin.musora.com/admin#/content/drumeo/230143	92;94;78;88;89;90	
355105	drumeo	The Genius Of Danny Carey	quick-tips	https://admin.musora.com/admin#/content/drumeo/355105	92;94;78;88;89;90	
407431	drumeo	Breaking Down 8 More Tool Drum Parts	quick-tips	https://admin.musora.com/admin#/content/drumeo/407431	92;94;78;88;89;90	
396948	drumeo	The Genius Of Keith Moon	quick-tips	https://admin.musora.com/admin#/content/drumeo/396948	92;94;78;88;89;90	
400260	drumeo	The Genius Of Dom Famularo	quick-tips	https://admin.musora.com/admin#/content/drumeo/400260	92;94;78;88;89;90	
407432	drumeo	Tanner Wayne Breaks Down An In Flames Show	quick-tips	https://admin.musora.com/admin#/content/drumeo/407432	92;94;78;88;89;90	
359715	singeo	I'll Be There Performance	quick-tips	https://admin.musora.com/admin#/content/singeo/359715	92;94;78;88;89;90	
359561	drumeo	The Genius Of Taylor Hawkins	quick-tips	https://admin.musora.com/admin#/content/drumeo/359561	92;94;78;88;89;90	
374487	guitareo	Top 6 Guitar Riffs Of 2022	quick-tips	https://admin.musora.com/admin#/content/guitareo/374487	92;94;78;88;89;90	
366158	pianote	Interstellar Piano Tutorial	quick-tips	https://admin.musora.com/admin#/content/pianote/366158	92;94;78;88;89;90	
383593	drumeo	10 Classic Beats For The Funky Drummer	quick-tips	https://admin.musora.com/admin#/content/drumeo/383593	92;94;78;88;89;90	
355105	drumeo	The Genius Of Danny Carey	quick-tips	https://admin.musora.com/admin#/content/drumeo/355105	92;94;78;88;89;90	
230212	drumeo	A Polyrhythm For Beginners - Tool's “Jambi”	quick-tips	https://admin.musora.com/admin#/content/drumeo/230212	92;94;78;88;89;90	
355105	drumeo	The Genius Of Danny Carey	quick-tips	https://admin.musora.com/admin#/content/drumeo/355105	92;94;78;88;89;90	
407431	drumeo	Breaking Down 8 More Tool Drum Parts	quick-tips	https://admin.musora.com/admin#/content/drumeo/407431	92;94;78;88;89;90	
403725	drumeo	Kaz Rodriguez Hears Primus For The First Time	quick-tips	https://admin.musora.com/admin#/content/drumeo/403725	92;94;78;88;89;90	
197131	pianote	Intro To The Chord Progression ft. Jingle Bells	quick-tips	https://admin.musora.com/admin#/content/pianote/197131	92;94;78;88;89;90	
223536	guitareo	7 Fingerstyle Songs You Must Know	quick-tips	https://admin.musora.com/admin#/content/guitareo/223536	92;94;78;88;89;90	
399712	pianote	Piano Player Makes Strangers Laugh	quick-tips	https://admin.musora.com/admin#/content/pianote/399712	92;94;78;88;89;90	
371605	pianote	The Ultimate Guide To Ear Training	quick-tips	https://admin.musora.com/admin#/content/pianote/371605	92;94;78;88;89;90	
392669	drumeo	The Genius Of Meg White	quick-tips	https://admin.musora.com/admin#/content/drumeo/392669	92;94;78;88;89;90	
349204	guitareo	My 5 Favourite Guitar Tones	quick-tips	https://admin.musora.com/admin#/content/guitareo/349204	92;94;78;88;89;90	
377244	drumeo	5 Easy Songs for Beginner Drummers	quick-tips	https://admin.musora.com/admin#/content/drumeo/377244	92;94;78;88;89;90	
396643	drumeo	Chad Smith Hears Thirty Seconds To Mars For The First Time	quick-tips	https://admin.musora.com/admin#/content/drumeo/396643	92;94;78;88;89;90	
287601	drumeo	21 Legendary Odd-Time Grooves	quick-tips	https://admin.musora.com/admin#/content/drumeo/287601	92;94;78;88;89;90	
287255	guitareo	Rock Guitar Licks That Will Make You Stand Out	quick-tips	https://admin.musora.com/admin#/content/guitareo/287255	92;94;78;88;89;90	
392844	pianote	225 Years Of Rock Piano In 10 Minutes	quick-tips	https://admin.musora.com/admin#/content/pianote/392844	92;94;78;88;89;90	
278525	guitareo	Prince Funk Essentials	quick-tips	https://admin.musora.com/admin#/content/guitareo/278525	92;94;78;88;89;90	
376721	drumeo	The Genius Of Stewart Copeland	quick-tips	https://admin.musora.com/admin#/content/drumeo/376721	92;94;78;88;89;90	
235192	pianote	How To Play An Awesome Left Hand Accompaniment	quick-tips	https://admin.musora.com/admin#/content/pianote/235192	92;94;78;88;89;90	
255002	drumeo	17 Iconic Drum Fills	quick-tips	https://admin.musora.com/admin#/content/drumeo/255002	92;94;78;88;89;90	
381657	drumeo	The Drumming Of “Nevermind” (Nirvana)	quick-tips	https://admin.musora.com/admin#/content/drumeo/381657	92;94;78;88;89;90	
223538	guitareo	Top 5 Nirvana Riffs	quick-tips	https://admin.musora.com/admin#/content/guitareo/223538	92;94;78;88;89;90	
326040	guitareo	The 5 Best Kurt Cobain Guitar Riffs	quick-tips	https://admin.musora.com/admin#/content/guitareo/326040	92;94;78;88;89;90	
381657	drumeo	The Drumming Of “Nevermind” (Nirvana)	quick-tips	https://admin.musora.com/admin#/content/drumeo/381657	92;94;78;88;89;90	
335004	drumeo	Hannah Welton's Top 5 Prince Grooves	quick-tips	https://admin.musora.com/admin#/content/drumeo/335004	92;94;78;88;89;90	
396948	drumeo	The Genius Of Keith Moon	quick-tips	https://admin.musora.com/admin#/content/drumeo/396948	92;94;78;88;89;90	
406213	singeo	5 Minute Transformation - Vocal Recovery	quick-tips	https://admin.musora.com/admin#/content/singeo/406213	92;94;78;88;89;90	
226128	guitareo	Top 5 Foo Fighters Riffs	quick-tips	https://admin.musora.com/admin#/content/guitareo/226128	92;94;78;88;89;90	
407043	pianote	Jemma Heigis Hears Huey Lewis & The News For The First Time	quick-tips	https://admin.musora.com/admin#/content/pianote/407043	92;94;78;88;89;90	
406940	drumeo	The Genius Of Jeff Porcaro	quick-tips	https://admin.musora.com/admin#/content/drumeo/406940	92;94;78;88;89;90	
206242	pianote	Piano Fills And Riffs	quick-tips	https://admin.musora.com/admin#/content/pianote/206242	92;94;78;88;89;90	
314072	singeo	What I Think Simon Cowell Meant To Say Was ...	quick-tips	https://admin.musora.com/admin#/content/singeo/314072	92;94;78;88;89;90	
372807	pianote	4 Piano Songs For Beginners	quick-tips	https://admin.musora.com/admin#/content/pianote/372807	92;94;78;88;89;90	
407431	drumeo	Breaking Down 8 More Tool Drum Parts	quick-tips	https://admin.musora.com/admin#/content/drumeo/407431	92;94;78;88;89;90	
355105	drumeo	The Genius Of Danny Carey	quick-tips	https://admin.musora.com/admin#/content/drumeo/355105	92;94;78;88;89;90	
356744	guitareo	Top 6 "Dad Rock" Guitar Riffs From The '70s	quick-tips	https://admin.musora.com/admin#/content/guitareo/356744	92;94;78;88;89;90	
223942	guitareo	12 Easy Acoustic Guitar Songs	quick-tips	https://admin.musora.com/admin#/content/guitareo/223942	92;94;78;88;89;90	
233378	guitareo	8 Songs With 4 Chords	quick-tips	https://admin.musora.com/admin#/content/guitareo/233378	92;94;78;88;89;90	
233380	guitareo	The $1,000,000 Chord Progression (1-5-6-4)	quick-tips	https://admin.musora.com/admin#/content/guitareo/233380	92;94;78;88;89;90	
336152	pianote	Play Your First Song (With 4 Chords)	quick-tips	https://admin.musora.com/admin#/content/pianote/336152	92;94;78;88;89;90	
329083	drumeo	5 Ways To Improve Your Punk Drumming	quick-tips	https://admin.musora.com/admin#/content/drumeo/329083	92;94;78;88;89;90	
395651	pianote	Beautiful Piano In Minutes	quick-tips	https://admin.musora.com/admin#/content/pianote/395651	92;94;78;88;89;90	
406940	drumeo	The Genius Of Jeff Porcaro	quick-tips	https://admin.musora.com/admin#/content/drumeo/406940	92;94;78;88;89;90	
359561	drumeo	The Genius Of Taylor Hawkins	quick-tips	https://admin.musora.com/admin#/content/drumeo/359561	92;94;78;88;89;90	
392669	drumeo	The Genius Of Meg White	quick-tips	https://admin.musora.com/admin#/content/drumeo/392669	92;94;78;88;89;90	
359561	drumeo	The Genius Of Taylor Hawkins	quick-tips	https://admin.musora.com/admin#/content/drumeo/359561	92;94;78;88;89;90	
195917	drumeo	Gavin Harrison's Favorite Sticking	quick-tips	https://admin.musora.com/admin#/content/drumeo/195917	92;94;78;88;89;90	
195925	drumeo	6/8 Double Bass Herta Groove	quick-tips	https://admin.musora.com/admin#/content/drumeo/195925	92;94;78;88;89;90	
386289	drumeo	The Genius Of Ringo Starr	quick-tips	https://admin.musora.com/admin#/content/drumeo/386289	92;94;78;88;89;90	
223942	guitareo	12 Easy Acoustic Guitar Songs	quick-tips	https://admin.musora.com/admin#/content/guitareo/223942	92;94;78;88;89;90	
409165	pianote	Anomalie Hears "Lavender Haze" For The First Time	quick-tips	https://admin.musora.com/admin#/content/pianote/409165	92;94;78;88;89;90	
303028	guitareo	How To Learn A Song Fast	quick-tips	https://admin.musora.com/admin#/content/guitareo/303028	92;94;78;88;89;90	
341946	guitareo	Top Grunge Riffs Of The 90s	quick-tips	https://admin.musora.com/admin#/content/guitareo/341946	92;94;78;88;89;90	
337656	guitareo	Achieving Nirvana	quick-tips	https://admin.musora.com/admin#/content/guitareo/337656	92;94;78;88;89;90	
398200	pianote	Top 10 Most Overplayed Piano Songs	quick-tips	https://admin.musora.com/admin#/content/pianote/398200	92;94;78;88;89;90	
376721	drumeo	The Genius Of Stewart Copeland	quick-tips	https://admin.musora.com/admin#/content/drumeo/376721	92;94;78;88;89;90	
226128	guitareo	Top 5 Foo Fighters Riffs	quick-tips	https://admin.musora.com/admin#/content/guitareo/226128	92;94;78;88;89;90	
323800	drumeo	The Genius Of Dave Grohl	quick-tips	https://admin.musora.com/admin#/content/drumeo/323800	92;94;78;88;89;90	
349360	drumeo	12 Must-Know Dave Grohl Drum Beats	quick-tips	https://admin.musora.com/admin#/content/drumeo/349360	92;94;78;88;89;90	
376793	singeo	Don't Make This Singing Mistake	quick-tips	https://admin.musora.com/admin#/content/singeo/376793	92;94;78;88;89;90	
352456	singeo	A Singer's Secret Weapon	quick-tips	https://admin.musora.com/admin#/content/singeo/352456	92;94;78;88;89;90	
409065	drumeo	Megadeth's Drummer Hears Paramore For The First Time	quick-tips	https://admin.musora.com/admin#/content/drumeo/409065	92;94;78;88;89;90	
392996	drumeo	Megadeth Drummer Hears The Killers For The First Time	quick-tips	https://admin.musora.com/admin#/content/drumeo/392996	92;94;78;88;89;90	
383593	drumeo	10 Classic Beats For The Funky Drummer	quick-tips	https://admin.musora.com/admin#/content/drumeo/383593	92;94;78;88;89;90	
335004	drumeo	Hannah Welton's Top 5 Prince Grooves	quick-tips	https://admin.musora.com/admin#/content/drumeo/335004	92;94;78;88;89;90	
387414	drumeo	The Genius Of Vinnie Paul	quick-tips	https://admin.musora.com/admin#/content/drumeo/387414	92;94;78;88;89;90	
319475	guitareo	The Power Of The SUS2 Chord	quick-tips	https://admin.musora.com/admin#/content/guitareo/319475	92;94;78;88;89;90	
376721	drumeo	The Genius Of Stewart Copeland	quick-tips	https://admin.musora.com/admin#/content/drumeo/376721	92;94;78;88;89;90	
317288	drumeo	23 Famous Jazz Grooves	quick-tips	https://admin.musora.com/admin#/content/drumeo/317288	92;94;78;88;89;90	
406940	drumeo	The Genius Of Jeff Porcaro	quick-tips	https://admin.musora.com/admin#/content/drumeo/406940	92;94;78;88;89;90	
406940	drumeo	The Genius Of Jeff Porcaro	quick-tips	https://admin.musora.com/admin#/content/drumeo/406940	92;94;78;88;89;90	
395949	drumeo	The Genius Of Jonathan "Sugarfoot" Moffett	quick-tips	https://admin.musora.com/admin#/content/drumeo/395949	92;94;78;88;89;90	
375588	pianote	How To Recognize Chords By Ear	quick-tips	https://admin.musora.com/admin#/content/pianote/375588	92;94;78;88;89;90	
406940	drumeo	The Genius Of Jeff Porcaro	quick-tips	https://admin.musora.com/admin#/content/drumeo/406940	92;94;78;88;89;90	
407432	drumeo	Tanner Wayne Breaks Down An In Flames Show	quick-tips	https://admin.musora.com/admin#/content/drumeo/407432	92;94;78;88;89;90	
335004	drumeo	Hannah Welton's Top 5 Prince Grooves	quick-tips	https://admin.musora.com/admin#/content/drumeo/335004	92;94;78;88;89;90	
401049	pianote	Everything You Need To Know About Time Signatures	quick-tips	https://admin.musora.com/admin#/content/pianote/401049	92;94;78;88;89;90	
236821	pianote	Lisa Writes A Song In 10 Minutes!	quick-tips	https://admin.musora.com/admin#/content/pianote/236821	92;94;78;88;89;90	
392669	drumeo	The Genius Of Meg White	quick-tips	https://admin.musora.com/admin#/content/drumeo/392669	92;94;78;88;89;90	
404347	drumeo	Wolfgang Van Halen & Garrett Whitlock Break Down A Mammoth WVH Show	quick-tips	https://admin.musora.com/admin#/content/drumeo/404347	92;94;78;88;89;90	
397599	drumeo	Brooks Wackerman Breaks Down Avenged Sevenfold Drum Parts	quick-tips	https://admin.musora.com/admin#/content/drumeo/397599	92;94;78;88;89;90	
278523	guitareo	Top-10 Pop Guitar Moments Of 2020	quick-tips	https://admin.musora.com/admin#/content/guitareo/278523	92;94;78;88;89;90	
409165	pianote	Anomalie Hears "Lavender Haze" For The First Time	quick-tips	https://admin.musora.com/admin#/content/pianote/409165	92;94;78;88;89;90	
396948	drumeo	The Genius Of Keith Moon	quick-tips	https://admin.musora.com/admin#/content/drumeo/396948	92;94;78;88;89;90	
371197	drumeo	The Genius Of Elvin Jones	quick-tips	https://admin.musora.com/admin#/content/drumeo/371197	92;94;78;88;89;90	
317288	drumeo	23 Famous Jazz Grooves	quick-tips	https://admin.musora.com/admin#/content/drumeo/317288	92;94;78;88;89;90	
371197	drumeo	The Genius Of Elvin Jones	quick-tips	https://admin.musora.com/admin#/content/drumeo/371197	92;94;78;88;89;90	
397597	drumeo	The Genius Of Art Blakey	quick-tips	https://admin.musora.com/admin#/content/drumeo/397597	92;94;78;88;89;90	
368198	drumeo	9 Iconic Jazz Grooves	quick-tips	https://admin.musora.com/admin#/content/drumeo/368198	92;94;78;88;89;90	
366098	drumeo	The Grooves Of Art Blakey	quick-tips	https://admin.musora.com/admin#/content/drumeo/366098	92;94;78;88;89;90	
389197	drumeo	Jonathan "Sugarfoot" Moffett Hears Linkin Park For The First Time	quick-tips	https://admin.musora.com/admin#/content/drumeo/389197	92;94;78;88;89;90	
376721	drumeo	The Genius Of Stewart Copeland	quick-tips	https://admin.musora.com/admin#/content/drumeo/376721	92;94;78;88;89;90	
317288	drumeo	23 Famous Jazz Grooves	quick-tips	https://admin.musora.com/admin#/content/drumeo/317288	92;94;78;88;89;90	
278525	guitareo	Prince Funk Essentials	quick-tips	https://admin.musora.com/admin#/content/guitareo/278525	92;94;78;88;89;90	
370179	pianote	James Bond Medley	quick-tips	https://admin.musora.com/admin#/content/pianote/370179	92;94;78;88;89;90	
329083	drumeo	5 Ways To Improve Your Punk Drumming	quick-tips	https://admin.musora.com/admin#/content/drumeo/329083	92;94;78;88;89;90	
391043	drumeo	Learning “Nobody” As Fast As Possible (Avenged Sevenfold)	quick-tips	https://admin.musora.com/admin#/content/drumeo/391043	92;94;78;88;89;90	
397599	drumeo	Brooks Wackerman Breaks Down Avenged Sevenfold Drum Parts	quick-tips	https://admin.musora.com/admin#/content/drumeo/397599	92;94;78;88;89;90	
381657	drumeo	The Drumming Of “Nevermind” (Nirvana)	quick-tips	https://admin.musora.com/admin#/content/drumeo/381657	92;94;78;88;89;90	
355105	drumeo	The Genius Of Danny Carey	quick-tips	https://admin.musora.com/admin#/content/drumeo/355105	92;94;78;88;89;90	
387414	drumeo	The Genius Of Vinnie Paul	quick-tips	https://admin.musora.com/admin#/content/drumeo/387414	92;94;78;88;89;90	
376721	drumeo	The Genius Of Stewart Copeland	quick-tips	https://admin.musora.com/admin#/content/drumeo/376721	92;94;78;88;89;90	
397597	drumeo	The Genius Of Art Blakey	quick-tips	https://admin.musora.com/admin#/content/drumeo/397597	92;94;78;88;89;90	
404347	drumeo	Wolfgang Van Halen & Garrett Whitlock Break Down A Mammoth WVH Show	quick-tips	https://admin.musora.com/admin#/content/drumeo/404347	92;94;78;88;89;90	
274364	drumeo	Larnell Lewis Reacts To Snarky Puppy Covers	quick-tips	https://admin.musora.com/admin#/content/drumeo/274364	92;94;78;88;89;90	
326040	guitareo	The 5 Best Kurt Cobain Guitar Riffs	quick-tips	https://admin.musora.com/admin#/content/guitareo/326040	92;94;78;88;89;90	
381657	drumeo	The Drumming Of “Nevermind” (Nirvana)	quick-tips	https://admin.musora.com/admin#/content/drumeo/381657	92;94;78;88;89;90	
372498	guitareo	The 10 Spookiest Guitar Parts Of All Time	quick-tips	https://admin.musora.com/admin#/content/guitareo/372498	92;94;78;88;89;90	
396948	drumeo	The Genius Of Keith Moon	quick-tips	https://admin.musora.com/admin#/content/drumeo/396948	92;94;78;88;89;90	
355105	drumeo	The Genius Of Danny Carey	quick-tips	https://admin.musora.com/admin#/content/drumeo/355105	92;94;78;88;89;90	
371197	drumeo	The Genius Of Elvin Jones	quick-tips	https://admin.musora.com/admin#/content/drumeo/371197	92;94;78;88;89;90	
317288	drumeo	23 Famous Jazz Grooves	quick-tips	https://admin.musora.com/admin#/content/drumeo/317288	92;94;78;88;89;90	
407431	drumeo	Breaking Down 8 More Tool Drum Parts	quick-tips	https://admin.musora.com/admin#/content/drumeo/407431	92;94;78;88;89;90	
355105	drumeo	The Genius Of Danny Carey	quick-tips	https://admin.musora.com/admin#/content/drumeo/355105	92;94;78;88;89;90	
359561	drumeo	The Genius Of Taylor Hawkins	quick-tips	https://admin.musora.com/admin#/content/drumeo/359561	92;94;78;88;89;90	
278528	guitareo	How To Play Blues Like Steely Dan	quick-tips	https://admin.musora.com/admin#/content/guitareo/278528	92;94;78;88;89;90	
386289	drumeo	The Genius Of Ringo Starr	quick-tips	https://admin.musora.com/admin#/content/drumeo/386289	92;94;78;88;89;90	
387414	drumeo	The Genius Of Vinnie Paul	quick-tips	https://admin.musora.com/admin#/content/drumeo/387414	92;94;78;88;89;90	
402688	drumeo	The Genius Of Sheila E.	quick-tips	https://admin.musora.com/admin#/content/drumeo/402688	92;94;78;88;89;90	
336335	guitareo	Living on the Edge - Top 7 U2 Guitar Licks	quick-tips	https://admin.musora.com/admin#/content/guitareo/336335	92;94;78;88;89;90	
324645	drumeo	The Grooves Of U2	quick-tips	https://admin.musora.com/admin#/content/drumeo/324645	92;94;78;88;89;90	
335004	drumeo	Hannah Welton's Top 5 Prince Grooves	quick-tips	https://admin.musora.com/admin#/content/drumeo/335004	92;94;78;88;89;90	
407944	drumeo	Mike Portnoy Learns Pneuma As Fast As Possible	quick-tips	https://admin.musora.com/admin#/content/drumeo/407944	92;94;78;88;89;90	
368453	drumeo	8 TOOL Songs You Always Wanted To Play On Drums	quick-tips	https://admin.musora.com/admin#/content/drumeo/368453	92;94;78;88;89;90	
355105	drumeo	The Genius Of Danny Carey	quick-tips	https://admin.musora.com/admin#/content/drumeo/355105	92;94;78;88;89;90	
278523	guitareo	Top-10 Pop Guitar Moments Of 2020	quick-tips	https://admin.musora.com/admin#/content/guitareo/278523	92;94;78;88;89;90	
402699	drumeo	ZackGrooves Learns "Physical Education" As Fast As Possible	quick-tips	https://admin.musora.com/admin#/content/drumeo/402699	92;94;78;88;89;90	
323800	drumeo	The Genius Of Dave Grohl	quick-tips	https://admin.musora.com/admin#/content/drumeo/323800	92;94;78;88;89;90	
286537	pianote	The Instant Pianist	quick-tips	https://admin.musora.com/admin#/content/pianote/286537	92;94;78;88;89;90	
330847	pianote	The Top 10 Keyboard Riffs Of The 80s	quick-tips	https://admin.musora.com/admin#/content/pianote/330847	92;94;78;88;89;90	
336152	pianote	Play Your First Song (With 4 Chords)	quick-tips	https://admin.musora.com/admin#/content/pianote/336152	92;94;78;88;89;90	
397587	drumeo	The Iconic Drumming Behind "Roots Bloody Roots" | Sepultura Song Breakdown	quick-tips	https://admin.musora.com/admin#/content/drumeo/397587	92;94;78;88;89;90	
401528	drumeo	Eloy Casagrande Hears Vulfpeck For The First Time	quick-tips	https://admin.musora.com/admin#/content/drumeo/401528	92;94;78;88;89;90	
368453	drumeo	8 TOOL Songs You Always Wanted To Play On Drums	quick-tips	https://admin.musora.com/admin#/content/drumeo/368453	92;94;78;88;89;90	
355105	drumeo	The Genius Of Danny Carey	quick-tips	https://admin.musora.com/admin#/content/drumeo/355105	92;94;78;88;89;90	
359561	drumeo	The Genius Of Taylor Hawkins	quick-tips	https://admin.musora.com/admin#/content/drumeo/359561	92;94;78;88;89;90	
396948	drumeo	The Genius Of Keith Moon	quick-tips	https://admin.musora.com/admin#/content/drumeo/396948	92;94;78;88;89;90	
392669	drumeo	The Genius Of Meg White	quick-tips	https://admin.musora.com/admin#/content/drumeo/392669	92;94;78;88;89;90	
374937	drumeo	Todd Sucherman Hears "Rope" By Foo Fighters Once And Nails It	quick-tips	https://admin.musora.com/admin#/content/drumeo/374937	92;94;78;88;89;90	
274677	drumeo	Breaking Down 5 Iconic Neil Peart Licks	quick-tips	https://admin.musora.com/admin#/content/drumeo/274677	92;94;78;88;89;90	
359561	drumeo	The Genius Of Taylor Hawkins	quick-tips	https://admin.musora.com/admin#/content/drumeo/359561	92;94;78;88;89;90	
395949	drumeo	The Genius Of Jonathan "Sugarfoot" Moffett	quick-tips	https://admin.musora.com/admin#/content/drumeo/395949	92;94;78;88;89;90	
224455	guitareo	Elton John - "Rocketman"	quick-tips	https://admin.musora.com/admin#/content/guitareo/224455	92;94;78;88;89;90	
376721	drumeo	The Genius Of Stewart Copeland	quick-tips	https://admin.musora.com/admin#/content/drumeo/376721	92;94;78;88;89;90	
274682	drumeo	The 20 Most Recognizable Drum Beats	quick-tips	https://admin.musora.com/admin#/content/drumeo/274682	92;94;78;88;89;90	
406940	drumeo	The Genius Of Jeff Porcaro	quick-tips	https://admin.musora.com/admin#/content/drumeo/406940	92;94;78;88;89;90	
396826	drumeo	Simon Phillips Reacts To Classic Drum Performances	quick-tips	https://admin.musora.com/admin#/content/drumeo/396826	92;94;78;88;89;90	
352293	drumeo	The Dennis Chambers "Rosanna" Shuffle	quick-tips	https://admin.musora.com/admin#/content/drumeo/352293	92;94;78;88;89;90	
331261	singeo	10 Best Vocal Performances Of 2021	quick-tips	https://admin.musora.com/admin#/content/singeo/331261	92;94;78;88;89;90	
226128	guitareo	Top 5 Foo Fighters Riffs	quick-tips	https://admin.musora.com/admin#/content/guitareo/226128	92;94;78;88;89;90	
391088	drumeo	Eloy Casagrande Learns "Rescued" As Fast As Possible	quick-tips	https://admin.musora.com/admin#/content/drumeo/391088	92;94;78;88;89;90	
392669	drumeo	The Genius Of Meg White	quick-tips	https://admin.musora.com/admin#/content/drumeo/392669	92;94;78;88;89;90	
376721	drumeo	The Genius Of Stewart Copeland	quick-tips	https://admin.musora.com/admin#/content/drumeo/376721	92;94;78;88;89;90	
395949	drumeo	The Genius Of Jonathan "Sugarfoot" Moffett	quick-tips	https://admin.musora.com/admin#/content/drumeo/395949	92;94;78;88;89;90	
224459	guitareo	Top 10 Super Easy Lead Licks	quick-tips	https://admin.musora.com/admin#/content/guitareo/224459	92;94;78;88;89;90	
223538	guitareo	Top 5 Nirvana Riffs	quick-tips	https://admin.musora.com/admin#/content/guitareo/223538	92;94;78;88;89;90	
234419	guitareo	20 Things That Scare Every Guitar Player	quick-tips	https://admin.musora.com/admin#/content/guitareo/234419	92;94;78;88;89;90	
261648	drumeo	The 5 Levels Of "Smells Like Teen Spirit"	quick-tips	https://admin.musora.com/admin#/content/drumeo/261648	92;94;78;88;89;90	
274682	drumeo	The 20 Most Recognizable Drum Beats	quick-tips	https://admin.musora.com/admin#/content/drumeo/274682	92;94;78;88;89;90	
255002	drumeo	17 Iconic Drum Fills	quick-tips	https://admin.musora.com/admin#/content/drumeo/255002	92;94;78;88;89;90	
349360	drumeo	12 Must-Know Dave Grohl Drum Beats	quick-tips	https://admin.musora.com/admin#/content/drumeo/349360	92;94;78;88;89;90	
323800	drumeo	The Genius Of Dave Grohl	quick-tips	https://admin.musora.com/admin#/content/drumeo/323800	92;94;78;88;89;90	
326040	guitareo	The 5 Best Kurt Cobain Guitar Riffs	quick-tips	https://admin.musora.com/admin#/content/guitareo/326040	92;94;78;88;89;90	
311096	guitareo	How To Simplify Lead Lines	quick-tips	https://admin.musora.com/admin#/content/guitareo/311096	92;94;78;88;89;90	
381657	drumeo	The Drumming Of “Nevermind” (Nirvana)	quick-tips	https://admin.musora.com/admin#/content/drumeo/381657	92;94;78;88;89;90	
368453	drumeo	8 TOOL Songs You Always Wanted To Play On Drums	quick-tips	https://admin.musora.com/admin#/content/drumeo/368453	92;94;78;88;89;90	
355105	drumeo	The Genius Of Danny Carey	quick-tips	https://admin.musora.com/admin#/content/drumeo/355105	92;94;78;88;89;90	
349360	drumeo	12 Must-Know Dave Grohl Drum Beats	quick-tips	https://admin.musora.com/admin#/content/drumeo/349360	92;94;78;88;89;90	
381657	drumeo	The Drumming Of “Nevermind” (Nirvana)	quick-tips	https://admin.musora.com/admin#/content/drumeo/381657	92;94;78;88;89;90	
337656	guitareo	Achieving Nirvana	quick-tips	https://admin.musora.com/admin#/content/guitareo/337656	92;94;78;88;89;90	
381657	drumeo	The Drumming Of “Nevermind” (Nirvana)	quick-tips	https://admin.musora.com/admin#/content/drumeo/381657	92;94;78;88;89;90	
355105	drumeo	The Genius Of Danny Carey	quick-tips	https://admin.musora.com/admin#/content/drumeo/355105	92;94;78;88;89;90	
376346	pianote	Learn 3 Beautiful Minor Chord Progressions	quick-tips	https://admin.musora.com/admin#/content/pianote/376346	92;94;78;88;89;90	
372498	guitareo	The 10 Spookiest Guitar Parts Of All Time	quick-tips	https://admin.musora.com/admin#/content/guitareo/372498	92;94;78;88;89;90	
335004	drumeo	Hannah Welton's Top 5 Prince Grooves	quick-tips	https://admin.musora.com/admin#/content/drumeo/335004	92;94;78;88;89;90	
287601	drumeo	21 Legendary Odd-Time Grooves	quick-tips	https://admin.musora.com/admin#/content/drumeo/287601	92;94;78;88;89;90	
406940	drumeo	The Genius Of Jeff Porcaro	quick-tips	https://admin.musora.com/admin#/content/drumeo/406940	92;94;78;88;89;90	
396948	drumeo	The Genius Of Keith Moon	quick-tips	https://admin.musora.com/admin#/content/drumeo/396948	92;94;78;88;89;90	
233377	guitareo	Write Awesome Songs With Your Chord Library	quick-tips	https://admin.musora.com/admin#/content/guitareo/233377	92;94;78;88;89;90	
392669	drumeo	The Genius Of Meg White	quick-tips	https://admin.musora.com/admin#/content/drumeo/392669	92;94;78;88;89;90	
371197	drumeo	The Genius Of Elvin Jones	quick-tips	https://admin.musora.com/admin#/content/drumeo/371197	92;94;78;88;89;90	
227103	guitareo	5 Absolutely Essential Campfire Songs	quick-tips	https://admin.musora.com/admin#/content/guitareo/227103	92;94;78;88;89;90	
294634	guitareo	6 Hidden Exercises In Iconic Songs	quick-tips	https://admin.musora.com/admin#/content/guitareo/294634	92;94;78;88;89;90	
371197	drumeo	The Genius Of Elvin Jones	quick-tips	https://admin.musora.com/admin#/content/drumeo/371197	92;94;78;88;89;90	
376049	singeo	Lisa Reacts to Brandi Carlile	quick-tips	https://admin.musora.com/admin#/content/singeo/376049	92;94;78;88;89;90	
368453	drumeo	8 TOOL Songs You Always Wanted To Play On Drums	quick-tips	https://admin.musora.com/admin#/content/drumeo/368453	92;94;78;88;89;90	
355105	drumeo	The Genius Of Danny Carey	quick-tips	https://admin.musora.com/admin#/content/drumeo/355105	92;94;78;88;89;90	
287601	drumeo	21 Legendary Odd-Time Grooves	quick-tips	https://admin.musora.com/admin#/content/drumeo/287601	92;94;78;88;89;90	
391310	drumeo	The Genius Of Tommy Lee	quick-tips	https://admin.musora.com/admin#/content/drumeo/391310	92;94;78;88;89;90	
317288	drumeo	23 Famous Jazz Grooves	quick-tips	https://admin.musora.com/admin#/content/drumeo/317288	92;94;78;88;89;90	
371197	drumeo	The Genius Of Elvin Jones	quick-tips	https://admin.musora.com/admin#/content/drumeo/371197	92;94;78;88;89;90	
398738	pianote	How Many Beatles Songs Can You Play In 5 Minutes?!	quick-tips	https://admin.musora.com/admin#/content/pianote/398738	92;94;78;88;89;90	
314643	guitareo	Understanding Iconic Solos (Something By The Beatles)	quick-tips	https://admin.musora.com/admin#/content/guitareo/314643	92;94;78;88;89;90	
294634	guitareo	6 Hidden Exercises In Iconic Songs	quick-tips	https://admin.musora.com/admin#/content/guitareo/294634	92;94;78;88;89;90	
406940	drumeo	The Genius Of Jeff Porcaro	quick-tips	https://admin.musora.com/admin#/content/drumeo/406940	92;94;78;88;89;90	
406940	drumeo	The Genius Of Jeff Porcaro	quick-tips	https://admin.musora.com/admin#/content/drumeo/406940	92;94;78;88;89;90	
376721	drumeo	The Genius Of Stewart Copeland	quick-tips	https://admin.musora.com/admin#/content/drumeo/376721	92;94;78;88;89;90	
368198	drumeo	9 Iconic Jazz Grooves	quick-tips	https://admin.musora.com/admin#/content/drumeo/368198	92;94;78;88;89;90	
317288	drumeo	23 Famous Jazz Grooves	quick-tips	https://admin.musora.com/admin#/content/drumeo/317288	92;94;78;88;89;90	
285381	guitareo	Why These Legendary Guitar Riffs Are So Iconic	quick-tips	https://admin.musora.com/admin#/content/guitareo/285381	92;94;78;88;89;90	
371605	pianote	The Ultimate Guide To Ear Training	quick-tips	https://admin.musora.com/admin#/content/pianote/371605	92;94;78;88;89;90	
311093	guitareo	Trick Your Friends Into Thinking You Are Better Than You Are	quick-tips	https://admin.musora.com/admin#/content/guitareo/311093	92;94;78;88;89;90	
399665	drumeo	The Iconic Drumming Behind "Summer Of '69"	quick-tips	https://admin.musora.com/admin#/content/drumeo/399665	92;94;78;88;89;90	
336335	guitareo	Living on the Edge - Top 7 U2 Guitar Licks	quick-tips	https://admin.musora.com/admin#/content/guitareo/336335	92;94;78;88;89;90	
274682	drumeo	The 20 Most Recognizable Drum Beats	quick-tips	https://admin.musora.com/admin#/content/drumeo/274682	92;94;78;88;89;90	
324645	drumeo	The Grooves Of U2	quick-tips	https://admin.musora.com/admin#/content/drumeo/324645	92;94;78;88;89;90	
246177	pianote	3 Chord Patterns For Smooth Transitions	quick-tips	https://admin.musora.com/admin#/content/pianote/246177	92;94;78;88;89;90	
375588	pianote	How To Recognize Chords By Ear	quick-tips	https://admin.musora.com/admin#/content/pianote/375588	92;94;78;88;89;90	
386322	pianote	4 Ways To Make Your Chord Progression Sound Better	quick-tips	https://admin.musora.com/admin#/content/pianote/386322	92;94;78;88;89;90	
405742	pianote	Unlock The Magic Of The 2-5-1	quick-tips	https://admin.musora.com/admin#/content/pianote/405742	92;94;78;88;89;90	
330847	pianote	The Top 10 Keyboard Riffs Of The 80s	quick-tips	https://admin.musora.com/admin#/content/pianote/330847	92;94;78;88;89;90	
311096	guitareo	How To Simplify Lead Lines	quick-tips	https://admin.musora.com/admin#/content/guitareo/311096	92;94;78;88;89;90	
313988	guitareo	What To Look For In An Electric Guitar	quick-tips	https://admin.musora.com/admin#/content/guitareo/313988	92;94;78;88;89;90	
314072	singeo	What I Think Simon Cowell Meant To Say Was ...	quick-tips	https://admin.musora.com/admin#/content/singeo/314072	92;94;78;88;89;90	
374485	guitareo	5 Levels Of "Sweet Home Alabama"	quick-tips	https://admin.musora.com/admin#/content/guitareo/374485	92;94;78;88;89;90	
375588	pianote	How To Recognize Chords By Ear	quick-tips	https://admin.musora.com/admin#/content/pianote/375588	92;94;78;88;89;90	
370179	pianote	James Bond Medley	quick-tips	https://admin.musora.com/admin#/content/pianote/370179	92;94;78;88;89;90	
343616	pianote	5 Songs That Are Easy To Sing & Play On The Piano	quick-tips	https://admin.musora.com/admin#/content/pianote/343616	92;94;78;88;89;90	
233378	guitareo	8 Songs With 4 Chords	quick-tips	https://admin.musora.com/admin#/content/guitareo/233378	92;94;78;88;89;90	
197100	pianote	Chordhacks	quick-tips	https://admin.musora.com/admin#/content/pianote/197100	92;94;78;88;89;90	
372807	pianote	4 Piano Songs For Beginners	quick-tips	https://admin.musora.com/admin#/content/pianote/372807	92;94;78;88;89;90	
388978	pianote	3 Easy Coldplay Songs (Beginner Piano Lesson)	quick-tips	https://admin.musora.com/admin#/content/pianote/388978	92;94;78;88;89;90	
402917	pianote	The Fastest Way To Improve Your Rhythm	quick-tips	https://admin.musora.com/admin#/content/pianote/402917	92;94;78;88;89;90	
250086	pianote	Intros, Outros And Everything In Between	quick-tips	https://admin.musora.com/admin#/content/pianote/250086	92;94;78;88;89;90	
287601	drumeo	21 Legendary Odd-Time Grooves	quick-tips	https://admin.musora.com/admin#/content/drumeo/287601	92;94;78;88;89;90	
401858	drumeo	Luke Combs Drummer Hears Gojira For The First Time	quick-tips	https://admin.musora.com/admin#/content/drumeo/401858	92;94;78;88;89;90	
229420	pianote	Make Your Chords Sound More Exciting	quick-tips	https://admin.musora.com/admin#/content/pianote/229420	92;94;78;88;89;90	
305347	singeo	Singing Hacks - How To Hit The High Notes	quick-tips	https://admin.musora.com/admin#/content/singeo/305347	92;94;78;88;89;90	
394921	drumeo	Domino Santantonio Hears Mastodon For The First Time	quick-tips	https://admin.musora.com/admin#/content/drumeo/394921	92;94;78;88;89;90	
359561	drumeo	The Genius Of Taylor Hawkins	quick-tips	https://admin.musora.com/admin#/content/drumeo/359561	92;94;78;88;89;90	
233380	guitareo	The $1,000,000 Chord Progression (1-5-6-4)	quick-tips	https://admin.musora.com/admin#/content/guitareo/233380	92;94;78;88;89;90	
354973	singeo	Summer Recital Announcement (2022)	quick-tips	https://admin.musora.com/admin#/content/singeo/354973	92;94;78;88;89;90	
287601	drumeo	21 Legendary Odd-Time Grooves	quick-tips	https://admin.musora.com/admin#/content/drumeo/287601	92;94;78;88;89;90	
323800	drumeo	The Genius Of Dave Grohl	quick-tips	https://admin.musora.com/admin#/content/drumeo/323800	92;94;78;88;89;90	
359561	drumeo	The Genius Of Taylor Hawkins	quick-tips	https://admin.musora.com/admin#/content/drumeo/359561	92;94;78;88;89;90	
397597	drumeo	The Genius Of Art Blakey	quick-tips	https://admin.musora.com/admin#/content/drumeo/397597	92;94;78;88;89;90	
349204	guitareo	My 5 Favourite Guitar Tones	quick-tips	https://admin.musora.com/admin#/content/guitareo/349204	92;94;78;88;89;90	
285381	guitareo	Why These Legendary Guitar Riffs Are So Iconic	quick-tips	https://admin.musora.com/admin#/content/guitareo/285381	92;94;78;88;89;90	
407293	drumeo	The Iconic Drumming Behind "The Thrill Is Gone"	quick-tips	https://admin.musora.com/admin#/content/drumeo/407293	92;94;78;88;89;90	
355105	drumeo	The Genius Of Danny Carey	quick-tips	https://admin.musora.com/admin#/content/drumeo/355105	92;94;78;88;89;90	
368453	drumeo	8 TOOL Songs You Always Wanted To Play On Drums	quick-tips	https://admin.musora.com/admin#/content/drumeo/368453	92;94;78;88;89;90	
272217	pianote	Iconic Piano Intros You Have To Know	quick-tips	https://admin.musora.com/admin#/content/pianote/272217	92;94;78;88;89;90	
398200	pianote	Top 10 Most Overplayed Piano Songs	quick-tips	https://admin.musora.com/admin#/content/pianote/398200	92;94;78;88;89;90	
399712	pianote	Piano Player Makes Strangers Laugh	quick-tips	https://admin.musora.com/admin#/content/pianote/399712	92;94;78;88;89;90	
395949	drumeo	The Genius Of Jonathan "Sugarfoot" Moffett	quick-tips	https://admin.musora.com/admin#/content/drumeo/395949	92;94;78;88;89;90	
226214	pianote	You Aren't Too Busy To Practice - 10 Minute Practice Along	quick-tips	https://admin.musora.com/admin#/content/pianote/226214	92;94;78;88;89;90	
264106	pianote	The 5 Levels Of Tiny Dancer	quick-tips	https://admin.musora.com/admin#/content/pianote/264106	92;94;78;88;89;90	
406940	drumeo	The Genius Of Jeff Porcaro	quick-tips	https://admin.musora.com/admin#/content/drumeo/406940	92;94;78;88;89;90	
386289	drumeo	The Genius Of Ringo Starr	quick-tips	https://admin.musora.com/admin#/content/drumeo/386289	92;94;78;88;89;90	
375588	pianote	How To Recognize Chords By Ear	quick-tips	https://admin.musora.com/admin#/content/pianote/375588	92;94;78;88;89;90	
323800	drumeo	The Genius Of Dave Grohl	quick-tips	https://admin.musora.com/admin#/content/drumeo/323800	92;94;78;88;89;90	
392669	drumeo	The Genius Of Meg White	quick-tips	https://admin.musora.com/admin#/content/drumeo/392669	92;94;78;88;89;90	
313988	guitareo	What To Look For In An Electric Guitar	quick-tips	https://admin.musora.com/admin#/content/guitareo/313988	92;94;78;88;89;90	
377298	singeo	Lisa Reacts To The Biggest Singing TikToks of 2022	quick-tips	https://admin.musora.com/admin#/content/singeo/377298	92;94;78;88;89;90	
226128	guitareo	Top 5 Foo Fighters Riffs	quick-tips	https://admin.musora.com/admin#/content/guitareo/226128	92;94;78;88;89;90	
365802	singeo	Lisa Reacts To "The 30th" By Billie Eilish	quick-tips	https://admin.musora.com/admin#/content/singeo/365802	92;94;78;88;89;90	
404347	drumeo	Wolfgang Van Halen & Garrett Whitlock Break Down A Mammoth WVH Show	quick-tips	https://admin.musora.com/admin#/content/drumeo/404347	92;94;78;88;89;90	
368072	guitareo	The 10 Most Popular Strumming Patterns Of All-Time	quick-tips	https://admin.musora.com/admin#/content/guitareo/368072	92;94;78;88;89;90	
331261	singeo	10 Best Vocal Performances Of 2021	quick-tips	https://admin.musora.com/admin#/content/singeo/331261	92;94;78;88;89;90	
397597	drumeo	The Genius Of Art Blakey	quick-tips	https://admin.musora.com/admin#/content/drumeo/397597	92;94;78;88;89;90	
391310	drumeo	The Genius Of Tommy Lee	quick-tips	https://admin.musora.com/admin#/content/drumeo/391310	92;94;78;88;89;90	
403144	pianote	Jordan Rudess Hears Animals As Leaders For The First Time	quick-tips	https://admin.musora.com/admin#/content/pianote/403144	92;94;78;88;89;90	
392669	drumeo	The Genius Of Meg White	quick-tips	https://admin.musora.com/admin#/content/drumeo/392669	92;94;78;88;89;90	
376049	singeo	Lisa Reacts to Brandi Carlile	quick-tips	https://admin.musora.com/admin#/content/singeo/376049	92;94;78;88;89;90	
242569	drumeo	The Grand Prix Of Drumming - 10 Styles In 10 Minutes	quick-tips	https://admin.musora.com/admin#/content/drumeo/242569	92;94;78;88;89;90	
392669	drumeo	The Genius Of Meg White	quick-tips	https://admin.musora.com/admin#/content/drumeo/392669	92;94;78;88;89;90	
383593	drumeo	10 Classic Beats For The Funky Drummer	quick-tips	https://admin.musora.com/admin#/content/drumeo/383593	92;94;78;88;89;90	
278526	guitareo	7 Ways To Make Boring Guitar Scales Sound Exotic	quick-tips	https://admin.musora.com/admin#/content/guitareo/278526	92;94;78;88;89;90	
391745	drumeo	Travis Barker’s Favorite Rudiments	quick-tips	https://admin.musora.com/admin#/content/drumeo/391745	92;94;78;88;89;90	
407431	drumeo	Breaking Down 8 More Tool Drum Parts	quick-tips	https://admin.musora.com/admin#/content/drumeo/407431	92;94;78;88;89;90	
336335	guitareo	Living on the Edge - Top 7 U2 Guitar Licks	quick-tips	https://admin.musora.com/admin#/content/guitareo/336335	92;94;78;88;89;90	
407945	drumeo	Pitbull, Ricky Martin & Enrique Iglesias Show Breakdown	quick-tips	https://admin.musora.com/admin#/content/drumeo/407945	92;94;78;88;89;90	
376721	drumeo	The Genius Of Stewart Copeland	quick-tips	https://admin.musora.com/admin#/content/drumeo/376721	92;94;78;88;89;90	
316047	pianote	Major Songs In A Minor Key	quick-tips	https://admin.musora.com/admin#/content/pianote/316047	92;94;78;88;89;90	
376721	drumeo	The Genius Of Stewart Copeland	quick-tips	https://admin.musora.com/admin#/content/drumeo/376721	92;94;78;88;89;90	
396948	drumeo	The Genius Of Keith Moon	quick-tips	https://admin.musora.com/admin#/content/drumeo/396948	92;94;78;88;89;90	
322421	guitareo	This Is How You Start Playing Guitar (The Fun Way)	quick-tips	https://admin.musora.com/admin#/content/guitareo/322421	92;94;78;88;89;90	
371197	drumeo	The Genius Of Elvin Jones	quick-tips	https://admin.musora.com/admin#/content/drumeo/371197	92;94;78;88;89;90	
402691	drumeo	Chad Smith Plays Wu-Tang Clan, Iggy Pop, Chickenfoot & More	quick-tips	https://admin.musora.com/admin#/content/drumeo/402691	92;94;78;88;89;90	
224459	guitareo	Top 10 Super Easy Lead Licks	quick-tips	https://admin.musora.com/admin#/content/guitareo/224459	92;94;78;88;89;90	
226132	guitareo	7 Easy Songs To Rock Your Power Chords	quick-tips	https://admin.musora.com/admin#/content/guitareo/226132	92;94;78;88;89;90	
224459	guitareo	Top 10 Super Easy Lead Licks	quick-tips	https://admin.musora.com/admin#/content/guitareo/224459	92;94;78;88;89;90	
274682	drumeo	The 20 Most Recognizable Drum Beats	quick-tips	https://admin.musora.com/admin#/content/drumeo/274682	92;94;78;88;89;90	
401076	drumeo	Nandi Bushell Hears Twisted Sister For The First Time	quick-tips	https://admin.musora.com/admin#/content/drumeo/401076	92;94;78;88;89;90	
392669	drumeo	The Genius Of Meg White	quick-tips	https://admin.musora.com/admin#/content/drumeo/392669	92;94;78;88;89;90	
359561	drumeo	The Genius Of Taylor Hawkins	quick-tips	https://admin.musora.com/admin#/content/drumeo/359561	92;94;78;88;89;90	
255002	drumeo	17 Iconic Drum Fills	quick-tips	https://admin.musora.com/admin#/content/drumeo/255002	92;94;78;88;89;90	
324645	drumeo	The Grooves Of U2	quick-tips	https://admin.musora.com/admin#/content/drumeo/324645	92;94;78;88;89;90	
336335	guitareo	Living on the Edge - Top 7 U2 Guitar Licks	quick-tips	https://admin.musora.com/admin#/content/guitareo/336335	92;94;78;88;89;90	
359561	drumeo	The Genius Of Taylor Hawkins	quick-tips	https://admin.musora.com/admin#/content/drumeo/359561	92;94;78;88;89;90	
398738	pianote	How Many Beatles Songs Can You Play In 5 Minutes?!	quick-tips	https://admin.musora.com/admin#/content/pianote/398738	92;94;78;88;89;90	
233378	guitareo	8 Songs With 4 Chords	quick-tips	https://admin.musora.com/admin#/content/guitareo/233378	92;94;78;88;89;90	
233380	guitareo	The $1,000,000 Chord Progression (1-5-6-4)	quick-tips	https://admin.musora.com/admin#/content/guitareo/233380	92;94;78;88;89;90	
324645	drumeo	The Grooves Of U2	quick-tips	https://admin.musora.com/admin#/content/drumeo/324645	92;94;78;88;89;90	
343616	pianote	5 Songs That Are Easy To Sing & Play On The Piano	quick-tips	https://admin.musora.com/admin#/content/pianote/343616	92;94;78;88;89;90	
223539	guitareo	Learn Strumming With CCR	quick-tips	https://admin.musora.com/admin#/content/guitareo/223539	92;94;78;88;89;90	
407432	drumeo	Tanner Wayne Breaks Down An In Flames Show	quick-tips	https://admin.musora.com/admin#/content/drumeo/407432	92;94;78;88;89;90	
394387	pianote	Piano Teachers React To Barbie Song "What Was I Made For?" (Billie Eilish)	quick-tips	https://admin.musora.com/admin#/content/pianote/394387	92;94;78;88;89;90	
392669	drumeo	The Genius Of Meg White	quick-tips	https://admin.musora.com/admin#/content/drumeo/392669	92;94;78;88;89;90	
267966	pianote	Famous Piano Rap Riffs	quick-tips	https://admin.musora.com/admin#/content/pianote/267966	92;94;78;88;89;90	
275888	pianote	Three Things To Start Practicing Right Now	quick-tips	https://admin.musora.com/admin#/content/pianote/275888	92;94;78;88;89;90	
230805	guitareo	The Most Important Guitar Accessory	quick-tips	https://admin.musora.com/admin#/content/guitareo/230805	92;94;78;88;89;90	
223942	guitareo	12 Easy Acoustic Guitar Songs	quick-tips	https://admin.musora.com/admin#/content/guitareo/223942	92;94;78;88;89;90	
375588	pianote	How To Recognize Chords By Ear	quick-tips	https://admin.musora.com/admin#/content/pianote/375588	92;94;78;88;89;90	
207768	pianote	How To Make Your Left Hand Better At The Piano	quick-tips	https://admin.musora.com/admin#/content/pianote/207768	92;94;78;88;89;90	
218413	pianote	Matching Chords To Piano Melodies	quick-tips	https://admin.musora.com/admin#/content/pianote/218413	92;94;78;88;89;90	
264117	pianote	Developing Hand Independence Away From The Piano	quick-tips	https://admin.musora.com/admin#/content/pianote/264117	92;94;78;88;89;90	
331231	singeo	Am I Too Old To Sing?	quick-tips	https://admin.musora.com/admin#/content/singeo/331231	92;94;78;88;89;90	
320495	singeo	Voice Lesson For Beginners	quick-tips	https://admin.musora.com/admin#/content/singeo/320495	92;94;78;88;89;90	
374011	drumeo	The Genius Of John Bonham	quick-tips	https://admin.musora.com/admin#/content/drumeo/374011	92;94;78;88;89;90	
224698	drumeo	What I Learned Playing With B.B. King	quick-tips	https://admin.musora.com/admin#/content/drumeo/224698	92;94;78;88;89;90	
272222	pianote	Top 10 Hollywood Piano Moments	quick-tips	https://admin.musora.com/admin#/content/pianote/272222	92;94;78;88;89;90	
314584	pianote	I Played A Piano That Cost More Than A House	quick-tips	https://admin.musora.com/admin#/content/pianote/314584	92;94;78;88;89;90	
281001	drumeo	Top 10 Pop Grooves of 2020	quick-tips	https://admin.musora.com/admin#/content/drumeo/281001	92;94;78;88;89;90	
407043	pianote	Jemma Heigis Hears Huey Lewis & The News For The First Time	quick-tips	https://admin.musora.com/admin#/content/pianote/407043	92;94;78;88;89;90	
387414	drumeo	The Genius Of Vinnie Paul	quick-tips	https://admin.musora.com/admin#/content/drumeo/387414	92;94;78;88;89;90	
359561	drumeo	The Genius Of Taylor Hawkins	quick-tips	https://admin.musora.com/admin#/content/drumeo/359561	92;94;78;88;89;90	
359561	drumeo	The Genius Of Taylor Hawkins	quick-tips	https://admin.musora.com/admin#/content/drumeo/359561	92;94;78;88;89;90	
332112	singeo	Beginner Singer Finds Their Voice - Vocal Coach Lesson	quick-tips	https://admin.musora.com/admin#/content/singeo/332112	92;94;78;88;89;90	
198106	drumeo	Electronic Drum Solo	solos	https://admin.musora.com/admin#/content/drumeo/198106	92;94;78;88;89;90	
408122	guitareo	25 Or 6 To 4	song	https://admin.musora.com/admin#/content/guitareo/408122	92;94	
359993	drumeo	25 Or 6 To 4	song	https://admin.musora.com/admin#/content/drumeo/359993	92;94;78	
368735	drumeo	7empest	song	https://admin.musora.com/admin#/content/drumeo/368735	92;94;78	
391392	drumeo	Stormbringer	song	https://admin.musora.com/admin#/content/drumeo/391392	92;94;78	
285046	drumeo	Alive	song	https://admin.musora.com/admin#/content/drumeo/285046	92;94;78	
392849	guitareo	Alive	song	https://admin.musora.com/admin#/content/guitareo/392849	92;94	
275384	drumeo	Achy Breaky Heart	song	https://admin.musora.com/admin#/content/drumeo/275384	92;94;78	
378066	guitareo	Achy Breaky Heart	song	https://admin.musora.com/admin#/content/guitareo/378066	92;94	
401620	drumeo	Aneurysm	song	https://admin.musora.com/admin#/content/drumeo/401620	92;94;78	
387986	drumeo	Aero Zeppelin	song	https://admin.musora.com/admin#/content/drumeo/387986	92;94;78	
377926	guitareo	All Apologies	song	https://admin.musora.com/admin#/content/guitareo/377926	92;94	
275646	drumeo	All Apologies	song	https://admin.musora.com/admin#/content/drumeo/275646	92;94;78	
386015	drumeo	Achy Breaky Song	song	https://admin.musora.com/admin#/content/drumeo/386015	92;94;78	
387181	guitareo	Aces High	song	https://admin.musora.com/admin#/content/guitareo/387181	92;94	
401614	drumeo	Aces High	song	https://admin.musora.com/admin#/content/drumeo/401614	92;94;78	
391928	guitareo	About A Girl (Full version)	song	https://admin.musora.com/admin#/content/guitareo/391928	92;94	
395783	drumeo	About A Girl	song	https://admin.musora.com/admin#/content/drumeo/395783	92;94;78	
398082	guitareo	About A Girl (Easy Version)	song	https://admin.musora.com/admin#/content/guitareo/398082	92;94	
278953	drumeo	Always	song	https://admin.musora.com/admin#/content/drumeo/278953	92;94;78	
330289	drumeo	A.V.H.	song	https://admin.musora.com/admin#/content/drumeo/330289	92;94;78	
380529	singeo	And I Am Telling You I'm Not Going	song	https://admin.musora.com/admin#/content/singeo/380529	92;94	
379561	pianote	And I Am Telling You I'm Not Going	song	https://admin.musora.com/admin#/content/pianote/379561	92;94	
270761	drumeo	AEnema	song	https://admin.musora.com/admin#/content/drumeo/270761	92;94;78	
260674	drumeo	Africa	song	https://admin.musora.com/admin#/content/drumeo/260674	92;94;78	
388293	guitareo	Africa	song	https://admin.musora.com/admin#/content/guitareo/388293	92;94	
378674	pianote	Africa	song	https://admin.musora.com/admin#/content/pianote/378674	92;94	
380016	singeo	Africa	song	https://admin.musora.com/admin#/content/singeo/380016	92;94	
324050	drumeo	All I Want Is You	song	https://admin.musora.com/admin#/content/drumeo/324050	92;94;78	
303354	drumeo	Adore	song	https://admin.musora.com/admin#/content/drumeo/303354	92;94;78	
385613	drumeo	Around The World	song	https://admin.musora.com/admin#/content/drumeo/385613	92;94;78	
385611	drumeo	Alive	song	https://admin.musora.com/admin#/content/drumeo/385611	92;94;78	
265086	drumeo	Alone	song	https://admin.musora.com/admin#/content/drumeo/265086	92;94;78	
378058	guitareo	Ain't No Sunshine	song	https://admin.musora.com/admin#/content/guitareo/378058	92;94	
270357	drumeo	Ain't No Sunshine	song	https://admin.musora.com/admin#/content/drumeo/270357	92;94;78	
380020	singeo	Ain’t No Sunshine	song	https://admin.musora.com/admin#/content/singeo/380020	92;94	
378678	pianote	Ain’t No Sunshine	song	https://admin.musora.com/admin#/content/pianote/378678	92;94	
358930	drumeo	Aurora	song	https://admin.musora.com/admin#/content/drumeo/358930	92;94;78	
324038	drumeo	All Along The Watchtower	song	https://admin.musora.com/admin#/content/drumeo/324038	92;94;78	
387500	drumeo	All Along The Watchtower	song	https://admin.musora.com/admin#/content/drumeo/387500	92;94;78	
388864	guitareo	All Along The Watchtower	song	https://admin.musora.com/admin#/content/guitareo/388864	92;94	
291282	drumeo	Ants Marching	song	https://admin.musora.com/admin#/content/drumeo/291282	92;94;78	
395801	drumeo	Ants Marching (Easy Version)	song	https://admin.musora.com/admin#/content/drumeo/395801	92;94;78	
323905	drumeo	Acrobat	song	https://admin.musora.com/admin#/content/drumeo/323905	92;94;78	
324052	drumeo	Angel Of Harlem	song	https://admin.musora.com/admin#/content/drumeo/324052	92;94;78	
323955	drumeo	Another Time, Another Place	song	https://admin.musora.com/admin#/content/drumeo/323955	92;94;78	
323951	drumeo	An Cat Dubh	song	https://admin.musora.com/admin#/content/drumeo/323951	92;94;78	
384937	drumeo	All The Critics Love U In New York	song	https://admin.musora.com/admin#/content/drumeo/384937	92;94;78	
384939	drumeo	Automatic	song	https://admin.musora.com/admin#/content/drumeo/384939	92;94;78	
302654	drumeo	Ace Of Spades	song	https://admin.musora.com/admin#/content/drumeo/302654	92;94;78	
377922	guitareo	Ace Of Spades	song	https://admin.musora.com/admin#/content/guitareo/377922	92;94	
386393	drumeo	Armageddon	song	https://admin.musora.com/admin#/content/drumeo/386393	92;94;78	
27593	drumeo	American Idiot	song	https://admin.musora.com/admin#/content/drumeo/27593	92;94;78	
401321	guitareo	American Idiot	song	https://admin.musora.com/admin#/content/guitareo/401321	92;94	
279093	drumeo	Are We The Waiting	song	https://admin.musora.com/admin#/content/drumeo/279093	92;94;78	
383222	guitareo	Are You Gonna Be My Girl	song	https://admin.musora.com/admin#/content/guitareo/383222	92;94	
260429	drumeo	Are You Gonna Be My Girl	song	https://admin.musora.com/admin#/content/drumeo/260429	92;94;78	
291238	drumeo	Always	song	https://admin.musora.com/admin#/content/drumeo/291238	92;94;78	
275740	drumeo	Aja	song	https://admin.musora.com/admin#/content/drumeo/275740	92;94;78	
383192	guitareo	Albatross	song	https://admin.musora.com/admin#/content/guitareo/383192	92;94	
385059	drumeo	Altar Of Sacrifice	song	https://admin.musora.com/admin#/content/drumeo/385059	92;94;78	
291554	drumeo	Angel Of Death	song	https://admin.musora.com/admin#/content/drumeo/291554	92;94;78	
358964	drumeo	Another Round	song	https://admin.musora.com/admin#/content/drumeo/358964	92;94;78	
264357	drumeo	Another Day	song	https://admin.musora.com/admin#/content/drumeo/264357	92;94;78	
403470	guitareo	Another Day	song	https://admin.musora.com/admin#/content/guitareo/403470	92;94	
403988	pianote	Avril 14th	song	https://admin.musora.com/admin#/content/pianote/403988	92;94	
403989	pianote	Avril 14th (Easy Version)	song	https://admin.musora.com/admin#/content/pianote/403989	92;94	
323954	drumeo	All Because Of You	song	https://admin.musora.com/admin#/content/drumeo/323954	92;94;78	
305672	drumeo	Aqualung	song	https://admin.musora.com/admin#/content/drumeo/305672	92;94;78	
377875	guitareo	Aqualung	song	https://admin.musora.com/admin#/content/guitareo/377875	92;94	
384503	drumeo	Adieu	song	https://admin.musora.com/admin#/content/drumeo/384503	92;94;78	
380030	singeo	All Out Of Love	song	https://admin.musora.com/admin#/content/singeo/380030	92;94	
378028	guitareo	All Out Of Love	song	https://admin.musora.com/admin#/content/guitareo/378028	92;94	
378688	pianote	All Out Of Love	song	https://admin.musora.com/admin#/content/pianote/378688	92;94	
275336	drumeo	All Out Of Love	song	https://admin.musora.com/admin#/content/drumeo/275336	92;94;78	
384831	drumeo	Armed And Ready	song	https://admin.musora.com/admin#/content/drumeo/384831	92;94;78	
379430	pianote	All The Things You Are	song	https://admin.musora.com/admin#/content/pianote/379430	92;94	
380032	singeo	All Through The Night	song	https://admin.musora.com/admin#/content/singeo/380032	92;94	
377801	guitareo	All Through The Night	song	https://admin.musora.com/admin#/content/guitareo/377801	92;94	
378690	pianote	All Through The Night	song	https://admin.musora.com/admin#/content/pianote/378690	92;94	
406560	drumeo	Alright	song	https://admin.musora.com/admin#/content/drumeo/406560	92;94;78	
383409	guitareo	Apache	song	https://admin.musora.com/admin#/content/guitareo/383409	92;94	
358910	drumeo	Alone + Easy Target	song	https://admin.musora.com/admin#/content/drumeo/358910	92;94;78	
401606	drumeo	The Anthem	song	https://admin.musora.com/admin#/content/drumeo/401606	92;94;78	
373819	drumeo	The Art Of Dying	song	https://admin.musora.com/admin#/content/drumeo/373819	92;94;78	
385317	drumeo	Another Heart Calls	song	https://admin.musora.com/admin#/content/drumeo/385317	92;94;78	
406172	singeo	Amazing Grace	song	https://admin.musora.com/admin#/content/singeo/406172	92;94	
390602	guitareo	American Pie (Full Version)	song	https://admin.musora.com/admin#/content/guitareo/390602	92;94	
380527	singeo	American Pie	song	https://admin.musora.com/admin#/content/singeo/380527	92;94	
391736	guitareo	American Pie (Easy Version)	song	https://admin.musora.com/admin#/content/guitareo/391736	92;94	
365655	drumeo	American Pie	song	https://admin.musora.com/admin#/content/drumeo/365655	92;94;78	
379559	pianote	American Pie	song	https://admin.musora.com/admin#/content/pianote/379559	92;94	
329045	drumeo	Another Brick In The Wall, Pt. 3	song	https://admin.musora.com/admin#/content/drumeo/329045	92;94;78	
391354	pianote	As Long As You Love Me	song	https://admin.musora.com/admin#/content/pianote/391354	92;94	
382670	pianote	Angel Of Music	song	https://admin.musora.com/admin#/content/pianote/382670	92;94	
382981	singeo	Angel Of Music	song	https://admin.musora.com/admin#/content/singeo/382981	92;94	
349694	drumeo	Ashes To Ashes	song	https://admin.musora.com/admin#/content/drumeo/349694	92;94;78	
385767	drumeo	Awake My Soul	song	https://admin.musora.com/admin#/content/drumeo/385767	92;94;78	
385765	drumeo	After The Storm	song	https://admin.musora.com/admin#/content/drumeo/385765	92;94;78	
394134	drumeo	Among The Living	song	https://admin.musora.com/admin#/content/drumeo/394134	92;94;78	
379992	pianote	And I Love You So	song	https://admin.musora.com/admin#/content/pianote/379992	92;94	
380888	singeo	And I Love You So	song	https://admin.musora.com/admin#/content/singeo/380888	92;94	
384955	drumeo	America	song	https://admin.musora.com/admin#/content/drumeo/384955	92;94;78	
403471	guitareo	Always With Me, Always With You	song	https://admin.musora.com/admin#/content/guitareo/403471	92;94	
270383	drumeo	Amanda	song	https://admin.musora.com/admin#/content/drumeo/270383	92;94;78	
394856	singeo	Angel	song	https://admin.musora.com/admin#/content/singeo/394856	92;94	
291656	drumeo	Angela	song	https://admin.musora.com/admin#/content/drumeo/291656	92;94;78	
385949	drumeo	The Air Near My Fingers	song	https://admin.musora.com/admin#/content/drumeo/385949	92;94;78	
395925	drumeo	Again	song	https://admin.musora.com/admin#/content/drumeo/395925	92;94;78	
275506	drumeo	Arlandria	song	https://admin.musora.com/admin#/content/drumeo/275506	92;94;78	
358928	drumeo	Ain't It The Life	song	https://admin.musora.com/admin#/content/drumeo/358928	92;94;78	
275678	drumeo	Anesthetize	song	https://admin.musora.com/admin#/content/drumeo/275678	92;94;78	
356061	drumeo	Ashley's Roachclip	song	https://admin.musora.com/admin#/content/drumeo/356061	92;94;78	
309486	drumeo	Ask Me Why	song	https://admin.musora.com/admin#/content/drumeo/309486	92;94;78	
385447	drumeo	Attitude Dance	song	https://admin.musora.com/admin#/content/drumeo/385447	92;94;78	
388218	guitareo	Alien Orifice	song	https://admin.musora.com/admin#/content/guitareo/388218	92;94	
377879	guitareo	All Of Me	song	https://admin.musora.com/admin#/content/guitareo/377879	92;94	
378686	pianote	All Of Me	song	https://admin.musora.com/admin#/content/pianote/378686	92;94	
380028	singeo	All Of Me	song	https://admin.musora.com/admin#/content/singeo/380028	92;94	
405184	pianote	All Of Me	song	https://admin.musora.com/admin#/content/pianote/405184	92;94	
405332	pianote	All Of Me (Easy Version)	song	https://admin.musora.com/admin#/content/pianote/405332	92;94	
404555	guitareo	As Tears Go By (Full Version)	song	https://admin.musora.com/admin#/content/guitareo/404555	92;94	
404557	guitareo	As Tears Go By (Easy Version)	song	https://admin.musora.com/admin#/content/guitareo/404557	92;94	
389153	drumeo	All The Good Girls Go To Hell	song	https://admin.musora.com/admin#/content/drumeo/389153	92;94;78	
324086	drumeo	A Sort Of Homecoming	song	https://admin.musora.com/admin#/content/drumeo/324086	92;94;78	
270637	drumeo	Arriving Somewhere But Not Here	song	https://admin.musora.com/admin#/content/drumeo/270637	92;94;78	
385699	drumeo	Ain't Got No Money	song	https://admin.musora.com/admin#/content/drumeo/385699	92;94;78	
389060	drumeo	Adrienne & Adrianne	song	https://admin.musora.com/admin#/content/drumeo/389060	92;94;78	
379507	pianote	All I Ask Of You	song	https://admin.musora.com/admin#/content/pianote/379507	92;94	
380470	singeo	All I Ask Of You	song	https://admin.musora.com/admin#/content/singeo/380470	92;94	
309159	drumeo	Amazonia	song	https://admin.musora.com/admin#/content/drumeo/309159	92;94;78	
382361	drumeo	Aaj	song	https://admin.musora.com/admin#/content/drumeo/382361	92;94;78	
397935	drumeo	Another Celebration At The End Of The World	song	https://admin.musora.com/admin#/content/drumeo/397935	92;94;78	
396015	guitareo	Angry	song	https://admin.musora.com/admin#/content/guitareo/396015	92;94	
317236	drumeo	All My Life	song	https://admin.musora.com/admin#/content/drumeo/317236	92;94;78	
284784	drumeo	Avalanche	song	https://admin.musora.com/admin#/content/drumeo/284784	92;94;78	
383927	guitareo	Another Brick In The Wall (Part II)	song	https://admin.musora.com/admin#/content/guitareo/383927	92;94	
391545	singeo	Another Brick In The Wall Pt. 2	song	https://admin.musora.com/admin#/content/singeo/391545	92;94	
391371	pianote	Another Brick In The Wall Pt. 2	song	https://admin.musora.com/admin#/content/pianote/391371	92;94	
264537	drumeo	Another Brick In The Wall, Part 2	song	https://admin.musora.com/admin#/content/drumeo/264537	92;94;78	
275666	drumeo	Absolomb	song	https://admin.musora.com/admin#/content/drumeo/275666	92;94;78	
337860	drumeo	AINTTURNINROUND	song	https://admin.musora.com/admin#/content/drumeo/337860	92;94;78	
337863	drumeo	ANOTHERLOVE	song	https://admin.musora.com/admin#/content/drumeo/337863	92;94;78	
378710	pianote	Attention	song	https://admin.musora.com/admin#/content/pianote/378710	92;94	
380052	singeo	Attention	song	https://admin.musora.com/admin#/content/singeo/380052	92;94	
383137	guitareo	Attention	song	https://admin.musora.com/admin#/content/guitareo/383137	92;94	
384403	drumeo	Attention	song	https://admin.musora.com/admin#/content/drumeo/384403	92;94;78	
279299	drumeo	Acceptance - Concealing Fate, Pt. 1	song	https://admin.musora.com/admin#/content/drumeo/279299	92;94;78	
349686	drumeo	After Rain	song	https://admin.musora.com/admin#/content/drumeo/349686	92;94;78	
359034	drumeo	Arrows	song	https://admin.musora.com/admin#/content/drumeo/359034	92;94;78	
322471	drumeo	Black	song	https://admin.musora.com/admin#/content/drumeo/322471	92;94;78	
392850	guitareo	Black	song	https://admin.musora.com/admin#/content/guitareo/392850	92;94	
303246	drumeo	Baby I'm A Star	song	https://admin.musora.com/admin#/content/drumeo/303246	92;94;78	
264741	drumeo	The Ballad Of Peter Pumpkinhead	song	https://admin.musora.com/admin#/content/drumeo/264741	92;94;78	
384255	drumeo	Baby Blue	song	https://admin.musora.com/admin#/content/drumeo/384255	92;94;78	
275396	drumeo	Bed Of Roses	song	https://admin.musora.com/admin#/content/drumeo/275396	92;94;78	
388242	guitareo	Breed	song	https://admin.musora.com/admin#/content/guitareo/388242	92;94	
275648	drumeo	Breed	song	https://admin.musora.com/admin#/content/drumeo/275648	92;94;78	
391970	guitareo	Bless The Broken Road	song	https://admin.musora.com/admin#/content/guitareo/391970	92;94	
380843	singeo	Bless The Broken Road	song	https://admin.musora.com/admin#/content/singeo/380843	92;94	
279239	drumeo	Bless The Broken Road	song	https://admin.musora.com/admin#/content/drumeo/279239	92;94;78	
379946	pianote	Bless The Broken Road	song	https://admin.musora.com/admin#/content/pianote/379946	92;94	
24769	drumeo	Basket Case	song	https://admin.musora.com/admin#/content/drumeo/24769	92;94;78	
377843	guitareo	Basket Case	song	https://admin.musora.com/admin#/content/guitareo/377843	92;94	
264717	drumeo	Bullet The Blue Sky	song	https://admin.musora.com/admin#/content/drumeo/264717	92;94;78	
401608	drumeo	Burnout	song	https://admin.musora.com/admin#/content/drumeo/401608	92;94;78	
291674	drumeo	Bad	song	https://admin.musora.com/admin#/content/drumeo/291674	92;94;78	
389107	drumeo	Buried Dreams	song	https://admin.musora.com/admin#/content/drumeo/389107	92;94;78	
279135	drumeo	Burnin' Up	song	https://admin.musora.com/admin#/content/drumeo/279135	92;94;78	
364720	drumeo	Backwater	song	https://admin.musora.com/admin#/content/drumeo/364720	92;94;78	
387860	guitareo	Brain Stew	song	https://admin.musora.com/admin#/content/guitareo/387860	92;94	
387483	drumeo	Brain Stew	song	https://admin.musora.com/admin#/content/drumeo/387483	92;94;78	
260387	drumeo	Big Me	song	https://admin.musora.com/admin#/content/drumeo/260387	92;94;78	
321190	drumeo	Be My Girl, Sally	song	https://admin.musora.com/admin#/content/drumeo/321190	92;94;78	
264329	drumeo	Blue Miles	song	https://admin.musora.com/admin#/content/drumeo/264329	92;94;78	
392617	guitareo	Back Door Man	song	https://admin.musora.com/admin#/content/guitareo/392617	92;94	
275816	drumeo	Black Nile	song	https://admin.musora.com/admin#/content/drumeo/275816	92;94;78	
303265	drumeo	The Beautiful Ones	song	https://admin.musora.com/admin#/content/drumeo/303265	92;94;78	
406294	drumeo	Block Rockin' Beats	song	https://admin.musora.com/admin#/content/drumeo/406294	92;94;78	
392118	pianote	Back To The Future (Original Score / End Credits)	song	https://admin.musora.com/admin#/content/pianote/392118	92;94	
401566	singeo	Bitch	song	https://admin.musora.com/admin#/content/singeo/401566	92;94	
264643	drumeo	Badman's Song	song	https://admin.musora.com/admin#/content/drumeo/264643	92;94;78	
264327	drumeo	Beneath The Mask	song	https://admin.musora.com/admin#/content/drumeo/264327	92;94;78	
364687	drumeo	Black Balloon	song	https://admin.musora.com/admin#/content/drumeo/364687	92;94;78	
385929	drumeo	Bitter Sweet Symphony	song	https://admin.musora.com/admin#/content/drumeo/385929	92;94;78	
384649	drumeo	Boom Boom	song	https://admin.musora.com/admin#/content/drumeo/384649	92;94;78	
393060	guitareo	Boom Boom	song	https://admin.musora.com/admin#/content/guitareo/393060	92;94	
321360	drumeo	Behind My Camel	song	https://admin.musora.com/admin#/content/drumeo/321360	92;94;78	
401277	guitareo	Behind My Camel	song	https://admin.musora.com/admin#/content/guitareo/401277	92;94	
387301	guitareo	Bad Penny	song	https://admin.musora.com/admin#/content/guitareo/387301	92;94	
295205	drumeo	Bad Sneakers	song	https://admin.musora.com/admin#/content/drumeo/295205	92;94;78	
291498	drumeo	Bad Weather	song	https://admin.musora.com/admin#/content/drumeo/291498	92;94;78	
390285	pianote	Baby One More Time	song	https://admin.musora.com/admin#/content/pianote/390285	92;94	
390487	singeo	Baby One More Time	song	https://admin.musora.com/admin#/content/singeo/390487	92;94	
358932	drumeo	Breakout	song	https://admin.musora.com/admin#/content/drumeo/358932	92;94;78	
379520	pianote	Back At One	song	https://admin.musora.com/admin#/content/pianote/379520	92;94	
380489	singeo	Back At One	song	https://admin.musora.com/admin#/content/singeo/380489	92;94	
385551	drumeo	Bob Dylan's 115th Dream	song	https://admin.musora.com/admin#/content/drumeo/385551	92;94;78	
393339	pianote	Barracuda	song	https://admin.musora.com/admin#/content/pianote/393339	92;94	
392429	singeo	Barracuda	song	https://admin.musora.com/admin#/content/singeo/392429	92;94	
391813	guitareo	Barracuda	song	https://admin.musora.com/admin#/content/guitareo/391813	92;94	
270523	drumeo	Barracuda	song	https://admin.musora.com/admin#/content/drumeo/270523	92;94;78	
391519	singeo	Bye Bye Bye	song	https://admin.musora.com/admin#/content/singeo/391519	92;94	
391346	pianote	Bye Bye Bye	song	https://admin.musora.com/admin#/content/pianote/391346	92;94	
402839	guitareo	Bongo Bong	song	https://admin.musora.com/admin#/content/guitareo/402839	92;94	
408788	guitareo	Bongo Bong (Easy Version)	song	https://admin.musora.com/admin#/content/guitareo/408788	92;94	
284990	drumeo	Breaking The Habit	song	https://admin.musora.com/admin#/content/drumeo/284990	92;94;78	
385549	drumeo	The Bad Touch	song	https://admin.musora.com/admin#/content/drumeo/385549	92;94;78	
380568	singeo	Because Of You	song	https://admin.musora.com/admin#/content/singeo/380568	92;94	
379607	pianote	Because Of You	song	https://admin.musora.com/admin#/content/pianote/379607	92;94	
378616	pianote	Blue Christmas	song	https://admin.musora.com/admin#/content/pianote/378616	92;94	
383015	singeo	Blue Christmas	song	https://admin.musora.com/admin#/content/singeo/383015	92;94	
396584	guitareo	Blue Christmas (Full Version)	song	https://admin.musora.com/admin#/content/guitareo/396584	92;94	
396595	guitareo	Blue Christmas (Easy Version)	song	https://admin.musora.com/admin#/content/guitareo/396595	92;94	
264393	drumeo	The Ballad Of Danny Bailey	song	https://admin.musora.com/admin#/content/drumeo/264393	92;94;78	
407251	guitareo	Beautiful Day	song	https://admin.musora.com/admin#/content/guitareo/407251	92;94	
264715	drumeo	Beautiful Day	song	https://admin.musora.com/admin#/content/drumeo/264715	92;94;78	
384997	drumeo	Ballad Of Youth	song	https://admin.musora.com/admin#/content/drumeo/384997	92;94;78	
275754	drumeo	The Ballroom Blitz	song	https://admin.musora.com/admin#/content/drumeo/275754	92;94;78	
383349	guitareo	Ballroom Blitz	song	https://admin.musora.com/admin#/content/guitareo/383349	92;94	
389121	drumeo	Bertha	song	https://admin.musora.com/admin#/content/drumeo/389121	92;94;78	
378186	guitareo	Behind These Hazel Eyes	song	https://admin.musora.com/admin#/content/guitareo/378186	92;94	
378734	pianote	Behind These Hazel Eyes	song	https://admin.musora.com/admin#/content/pianote/378734	92;94	
380898	singeo	Behind These Hazel Eyes	song	https://admin.musora.com/admin#/content/singeo/380898	92;94	
291694	drumeo	Band On The Run	song	https://admin.musora.com/admin#/content/drumeo/291694	92;94;78	
390959	guitareo	Band On The Run	song	https://admin.musora.com/admin#/content/guitareo/390959	92;94	
382391	drumeo	Blood On The Ground	song	https://admin.musora.com/admin#/content/drumeo/382391	92;94;78	
387824	drumeo	Bargain	song	https://admin.musora.com/admin#/content/drumeo/387824	92;94;78	
382424	drumeo	Broken	song	https://admin.musora.com/admin#/content/drumeo/382424	92;94;78	
382515	pianote	Broken	song	https://admin.musora.com/admin#/content/pianote/382515	92;94	
382827	singeo	Broken	song	https://admin.musora.com/admin#/content/singeo/382827	92;94	
388867	guitareo	Broken	song	https://admin.musora.com/admin#/content/guitareo/388867	92;94	
291370	drumeo	Be Careful With A Fool	song	https://admin.musora.com/admin#/content/drumeo/291370	92;94;78	
291634	drumeo	Blow At High Dough	song	https://admin.musora.com/admin#/content/drumeo/291634	92;94;78	
270509	drumeo	Best Of You	song	https://admin.musora.com/admin#/content/drumeo/270509	92;94;78	
382650	pianote	Beauty School Dropout	song	https://admin.musora.com/admin#/content/pianote/382650	92;94	
382961	singeo	Beauty School Dropout	song	https://admin.musora.com/admin#/content/singeo/382961	92;94	
380060	singeo	Bad Day	song	https://admin.musora.com/admin#/content/singeo/380060	92;94	
378718	pianote	Bad Day	song	https://admin.musora.com/admin#/content/pianote/378718	92;94	
284818	drumeo	Bad Day	song	https://admin.musora.com/admin#/content/drumeo/284818	92;94;78	
377811	guitareo	Bad Day	song	https://admin.musora.com/admin#/content/guitareo/377811	92;94	
321272	drumeo	The Bed's Too Big Without You	song	https://admin.musora.com/admin#/content/drumeo/321272	92;94;78	
408310	guitareo	Boulevard Of Broken Dreams (Easy Version)	song	https://admin.musora.com/admin#/content/guitareo/408310	92;94	
406483	singeo	Boulevard Of Broken Dreams	song	https://admin.musora.com/admin#/content/singeo/406483	92;94	
387459	guitareo	Boulevard Of Broken Dreams	song	https://admin.musora.com/admin#/content/guitareo/387459	92;94	
264427	drumeo	Boulevard Of Broken Dreams	song	https://admin.musora.com/admin#/content/drumeo/264427	92;94;78	
358998	drumeo	But, Honestly	song	https://admin.musora.com/admin#/content/drumeo/358998	92;94;78	
376582	drumeo	Backstreet Symphony	song	https://admin.musora.com/admin#/content/drumeo/376582	92;94;78	
380531	singeo	Bennie And The Jets	song	https://admin.musora.com/admin#/content/singeo/380531	92;94	
379563	pianote	Bennie And The Jets	song	https://admin.musora.com/admin#/content/pianote/379563	92;94	
388230	guitareo	Bennie And The Jets	song	https://admin.musora.com/admin#/content/guitareo/388230	92;94	
264387	drumeo	Bennie And The Jets	song	https://admin.musora.com/admin#/content/drumeo/264387	92;94;78	
382710	pianote	Besame Mucho (Kiss Me Much)	song	https://admin.musora.com/admin#/content/pianote/382710	92;94	
383049	singeo	Bésame Mucho (Kiss Me Much)	song	https://admin.musora.com/admin#/content/singeo/383049	92;94	
384995	drumeo	Beyond The Seventh Galaxy	song	https://admin.musora.com/admin#/content/drumeo/384995	92;94;78	
389117	drumeo	Bad Religion	song	https://admin.musora.com/admin#/content/drumeo/389117	92;94;78	
393143	drumeo	Better	song	https://admin.musora.com/admin#/content/drumeo/393143	92;94;78	
285144	drumeo	Big League	song	https://admin.musora.com/admin#/content/drumeo/285144	92;94;78	
385643	drumeo	Big Mess	song	https://admin.musora.com/admin#/content/drumeo/385643	92;94;78	
260547	drumeo	Bloodmeat	song	https://admin.musora.com/admin#/content/drumeo/260547	92;94;78	
378742	pianote	Big Yellow Taxi	song	https://admin.musora.com/admin#/content/pianote/378742	92;94	
380904	singeo	Big Yellow Taxi	song	https://admin.musora.com/admin#/content/singeo/380904	92;94	
389690	guitareo	Big Yellow Taxi	song	https://admin.musora.com/admin#/content/guitareo/389690	92;94	
409709	guitareo	Big Yellow Taxi (Easy Version)	song	https://admin.musora.com/admin#/content/guitareo/409709	92;94	
275342	drumeo	Billion Dollar Babies	song	https://admin.musora.com/admin#/content/drumeo/275342	92;94;78	
385587	drumeo	Blindsided	song	https://admin.musora.com/admin#/content/drumeo/385587	92;94;78	
385319	drumeo	Breakin'	song	https://admin.musora.com/admin#/content/drumeo/385319	92;94;78	
323980	drumeo	Breathe	song	https://admin.musora.com/admin#/content/drumeo/323980	92;94;78	
389692	guitareo	Black Cow	song	https://admin.musora.com/admin#/content/guitareo/389692	92;94	
385125	drumeo	Black Friday	song	https://admin.musora.com/admin#/content/drumeo/385125	92;94;78	
388564	guitareo	Black Friday	song	https://admin.musora.com/admin#/content/guitareo/388564	92;94	
385073	drumeo	Black Magic	song	https://admin.musora.com/admin#/content/drumeo/385073	92;94;78	
377831	guitareo	Bring Me To Life	song	https://admin.musora.com/admin#/content/guitareo/377831	92;94	
378764	pianote	Bring Me To Life	song	https://admin.musora.com/admin#/content/pianote/378764	92;94	
380094	singeo	Bring Me To Life	song	https://admin.musora.com/admin#/content/singeo/380094	92;94	
260381	drumeo	Bring Me To Life	song	https://admin.musora.com/admin#/content/drumeo/260381	92;94;78	
364735	drumeo	Between Angels And Insects	song	https://admin.musora.com/admin#/content/drumeo/364735	92;94;78	
358948	drumeo	Burn Away	song	https://admin.musora.com/admin#/content/drumeo/358948	92;94;78	
380080	singeo	Born To Be Wild	song	https://admin.musora.com/admin#/content/singeo/380080	92;94	
378750	pianote	Born To Be Wild	song	https://admin.musora.com/admin#/content/pianote/378750	92;94	
378311	guitareo	Born To Be Wild	song	https://admin.musora.com/admin#/content/guitareo/378311	92;94	
260597	drumeo	Born To Be Wild	song	https://admin.musora.com/admin#/content/drumeo/260597	92;94;78	
379884	pianote	Basin Street Blues	song	https://admin.musora.com/admin#/content/pianote/379884	92;94	
390953	guitareo	Blowin' In The Wind (Full Version)	song	https://admin.musora.com/admin#/content/guitareo/390953	92;94	
396125	guitareo	Blowin' In The Wind (Easy Version)	song	https://admin.musora.com/admin#/content/guitareo/396125	92;94	
385909	drumeo	Barely Legal	song	https://admin.musora.com/admin#/content/drumeo/385909	92;94;78	
395414	guitareo	Blue	song	https://admin.musora.com/admin#/content/guitareo/395414	92;94	
379565	pianote	Blue Eyes	song	https://admin.musora.com/admin#/content/pianote/379565	92;94	
380533	singeo	Blue Eyes	song	https://admin.musora.com/admin#/content/singeo/380533	92;94	
322453	drumeo	Bodies	song	https://admin.musora.com/admin#/content/drumeo/322453	92;94;78	
384205	drumeo	Broken Wings	song	https://admin.musora.com/admin#/content/drumeo/384205	92;94;78	
386994	guitareo	Blue Suede Shoes	song	https://admin.musora.com/admin#/content/guitareo/386994	92;94	
379583	pianote	Blue Suede Shoes	song	https://admin.musora.com/admin#/content/pianote/379583	92;94	
380551	singeo	Blue Suede Shoes	song	https://admin.musora.com/admin#/content/singeo/380551	92;94	
284856	drumeo	Blue Suede Shoes	song	https://admin.musora.com/admin#/content/drumeo/284856	92;94;78	
278987	drumeo	Blue Suede Shoes	song	https://admin.musora.com/admin#/content/drumeo/278987	92;94;78	
303381	drumeo	The Ballad Of Dorothy Parker	song	https://admin.musora.com/admin#/content/drumeo/303381	92;94;78	
401624	drumeo	Better Man	song	https://admin.musora.com/admin#/content/drumeo/401624	92;94;78	
384765	drumeo	Blues With A Feeling	song	https://admin.musora.com/admin#/content/drumeo/384765	92;94;78	
392699	drumeo	Bone Broke	song	https://admin.musora.com/admin#/content/drumeo/392699	92;94;78	
384295	drumeo	Bo Diddley	song	https://admin.musora.com/admin#/content/drumeo/384295	92;94;78	
385945	drumeo	Ball And Biscuit	song	https://admin.musora.com/admin#/content/drumeo/385945	92;94;78	
337447	drumeo	Blister in The Sun	song	https://admin.musora.com/admin#/content/drumeo/337447	92;94;78	
388057	guitareo	Blister In The Sun	song	https://admin.musora.com/admin#/content/guitareo/388057	92;94	
391489	guitareo	Boogie Chillen	song	https://admin.musora.com/admin#/content/guitareo/391489	92;94	
379665	pianote	Back To December	song	https://admin.musora.com/admin#/content/pianote/379665	92;94	
380622	singeo	Back To December	song	https://admin.musora.com/admin#/content/singeo/380622	92;94	
404724	drumeo	Burn Rubber On Me	song	https://admin.musora.com/admin#/content/drumeo/404724	92;94;78	
389028	drumeo	Born To Hand Jive	song	https://admin.musora.com/admin#/content/drumeo/389028	92;94;78	
294785	drumeo	Bright Size Life	song	https://admin.musora.com/admin#/content/drumeo/294785	92;94;78	
385583	drumeo	Minnesota, WI	song	https://admin.musora.com/admin#/content/drumeo/385583	92;94;78	
384623	drumeo	Barefoot Blue Jean Night	song	https://admin.musora.com/admin#/content/drumeo/384623	92;94;78	
275508	drumeo	Bridge Burning	song	https://admin.musora.com/admin#/content/drumeo/275508	92;94;78	
359012	drumeo	Back & Forth	song	https://admin.musora.com/admin#/content/drumeo/359012	92;94;78	
365673	drumeo	The Boys Are Back In Town	song	https://admin.musora.com/admin#/content/drumeo/365673	92;94;78	
383421	guitareo	The Boys Are Back in Town	song	https://admin.musora.com/admin#/content/guitareo/383421	92;94	
352696	drumeo	Boys Of Summer	song	https://admin.musora.com/admin#/content/drumeo/352696	92;94;78	
391468	drumeo	Break My Stride	song	https://admin.musora.com/admin#/content/drumeo/391468	92;94;78	
398099	guitareo	Bring It On Home To Me (Easy Version)	song	https://admin.musora.com/admin#/content/guitareo/398099	92;94	
395196	guitareo	Bring It On Home To Me (Full Version)	song	https://admin.musora.com/admin#/content/guitareo/395196	92;94	
321208	drumeo	Bring On The Night	song	https://admin.musora.com/admin#/content/drumeo/321208	92;94;78	
329047	drumeo	Bring The Boys Back Home	song	https://admin.musora.com/admin#/content/drumeo/329047	92;94;78	
385751	drumeo	Broken Crown	song	https://admin.musora.com/admin#/content/drumeo/385751	92;94;78	
260693	drumeo	Brown Eyed Girl	song	https://admin.musora.com/admin#/content/drumeo/260693	92;94;78	
391632	guitareo	Brown Eyed Girl (Easy Version)	song	https://admin.musora.com/admin#/content/guitareo/391632	92;94	
386931	guitareo	Brown Eyed Girl (Full Version)	song	https://admin.musora.com/admin#/content/guitareo/386931	92;94	
382829	singeo	Brown Eyed Girl	song	https://admin.musora.com/admin#/content/singeo/382829	92;94	
382517	pianote	Brown Eyed Girl	song	https://admin.musora.com/admin#/content/pianote/382517	92;94	
373846	drumeo	Brown Sugar	song	https://admin.musora.com/admin#/content/drumeo/373846	92;94;78	
284914	drumeo	Built For Comfort	song	https://admin.musora.com/admin#/content/drumeo/284914	92;94;78	
392129	guitareo	Burn	song	https://admin.musora.com/admin#/content/guitareo/392129	92;94	
371132	drumeo	Burn	song	https://admin.musora.com/admin#/content/drumeo/371132	92;94;78	
384609	drumeo	Burning In Love	song	https://admin.musora.com/admin#/content/drumeo/384609	92;94;78	
385747	drumeo	Babel	song	https://admin.musora.com/admin#/content/drumeo/385747	92;94;78	
385749	drumeo	Below My Feet	song	https://admin.musora.com/admin#/content/drumeo/385749	92;94;78	
390402	guitareo	Bark At The Moon	song	https://admin.musora.com/admin#/content/guitareo/390402	92;94	
260530	drumeo	Bark At The Moon	song	https://admin.musora.com/admin#/content/drumeo/260530	92;94;78	
396127	guitareo	Budapest (Easy Version)	song	https://admin.musora.com/admin#/content/guitareo/396127	92;94	
388207	guitareo	Budapest (Full Version)	song	https://admin.musora.com/admin#/content/guitareo/388207	92;94	
384559	drumeo	Budapest	song	https://admin.musora.com/admin#/content/drumeo/384559	92;94;78	
294271	drumeo	Born For One Thing	song	https://admin.musora.com/admin#/content/drumeo/294271	92;94;78	
408792	guitareo	Bohemian Like You (Easy Version)	song	https://admin.musora.com/admin#/content/guitareo/408792	92;94	
291494	drumeo	Blood Eagle	song	https://admin.musora.com/admin#/content/drumeo/291494	92;94;78	
275432	drumeo	Bubble Dream	song	https://admin.musora.com/admin#/content/drumeo/275432	92;94;78	
275652	drumeo	Begin Again	song	https://admin.musora.com/admin#/content/drumeo/275652	92;94;78	
378720	pianote	Bad Guy	song	https://admin.musora.com/admin#/content/pianote/378720	92;94	
377745	guitareo	Bad Guy	song	https://admin.musora.com/admin#/content/guitareo/377745	92;94	
291230	drumeo	Bad Guy	song	https://admin.musora.com/admin#/content/drumeo/291230	92;94;78	
380062	singeo	Bad Guy	song	https://admin.musora.com/admin#/content/singeo/380062	92;94	
380104	singeo	Bury A Friend	song	https://admin.musora.com/admin#/content/singeo/380104	92;94	
377746	guitareo	Bury A Friend	song	https://admin.musora.com/admin#/content/guitareo/377746	92;94	
378774	pianote	Bury A Friend	song	https://admin.musora.com/admin#/content/pianote/378774	92;94	
394075	drumeo	Blue By You	song	https://admin.musora.com/admin#/content/drumeo/394075	92;94;78	
394199	guitareo	Blackest Eyes	song	https://admin.musora.com/admin#/content/guitareo/394199	92;94	
275682	drumeo	Blackest Eyes	song	https://admin.musora.com/admin#/content/drumeo/275682	92;94;78	
394090	drumeo	Blind	song	https://admin.musora.com/admin#/content/drumeo/394090	92;94;78	
359084	drumeo	Becoming	song	https://admin.musora.com/admin#/content/drumeo/359084	92;94;78	
394066	drumeo	Blackout	song	https://admin.musora.com/admin#/content/drumeo/394066	92;94;78	
404578	drumeo	Better Than You	song	https://admin.musora.com/admin#/content/drumeo/404578	92;94;78	
275814	drumeo	Back Pocket	song	https://admin.musora.com/admin#/content/drumeo/275814	92;94;78	
378746	pianote	Bleeding Love	song	https://admin.musora.com/admin#/content/pianote/378746	92;94	
377903	guitareo	Bleeding Love	song	https://admin.musora.com/admin#/content/guitareo/377903	92;94	
380076	singeo	Bleeding Love	song	https://admin.musora.com/admin#/content/singeo/380076	92;94	
384747	drumeo	Bleeding Love	song	https://admin.musora.com/admin#/content/drumeo/384747	92;94;78	
387267	guitareo	Blue Orchid	song	https://admin.musora.com/admin#/content/guitareo/387267	92;94	
328184	drumeo	Back Where I Belong	song	https://admin.musora.com/admin#/content/drumeo/328184	92;94;78	
382416	drumeo	Bottom Feeder	song	https://admin.musora.com/admin#/content/drumeo/382416	92;94;78	
337865	drumeo	BOYTROUBLE	song	https://admin.musora.com/admin#/content/drumeo/337865	92;94;78	
384547	drumeo	Butterscotch	song	https://admin.musora.com/admin#/content/drumeo/384547	92;94;78	
264509	drumeo	Come As You Are	song	https://admin.musora.com/admin#/content/drumeo/264509	92;94;78	
377928	guitareo	Come As You Are	song	https://admin.musora.com/admin#/content/guitareo/377928	92;94	
389127	drumeo	The Clairvoyant	song	https://admin.musora.com/admin#/content/drumeo/389127	92;94;78	
303383	drumeo	The Cross	song	https://admin.musora.com/admin#/content/drumeo/303383	92;94;78	
390448	drumeo	Crazy	song	https://admin.musora.com/admin#/content/drumeo/390448	92;94;78	
394146	drumeo	Crazy (Easy Version)	song	https://admin.musora.com/admin#/content/drumeo/394146	92;94;78	
378230	guitareo	Come To My Window	song	https://admin.musora.com/admin#/content/guitareo/378230	92;94	
378808	pianote	Come To My Window	song	https://admin.musora.com/admin#/content/pianote/378808	92;94	
380906	singeo	Come To My Window	song	https://admin.musora.com/admin#/content/singeo/380906	92;94	
264685	drumeo	California Dreamin’	song	https://admin.musora.com/admin#/content/drumeo/264685	92;94;78	
378776	pianote	California Dreamin’	song	https://admin.musora.com/admin#/content/pianote/378776	92;94	
380106	singeo	California Dreamin’	song	https://admin.musora.com/admin#/content/singeo/380106	92;94	
388291	guitareo	California Dreamin'	song	https://admin.musora.com/admin#/content/guitareo/388291	92;94	
391531	singeo	Cornflake Girl	song	https://admin.musora.com/admin#/content/singeo/391531	92;94	
391123	drumeo	Cornflake Girl	song	https://admin.musora.com/admin#/content/drumeo/391123	92;94;78	
391358	pianote	Cornflake Girl	song	https://admin.musora.com/admin#/content/pianote/391358	92;94	
392749	guitareo	Camarillo Brillo	song	https://admin.musora.com/admin#/content/guitareo/392749	92;94	
393995	drumeo	Camarillo Brillo	song	https://admin.musora.com/admin#/content/drumeo/393995	92;94;78	
270315	drumeo	Cryin'	song	https://admin.musora.com/admin#/content/drumeo/270315	92;94;78	
384835	drumeo	Corcovado	song	https://admin.musora.com/admin#/content/drumeo/384835	92;94;78	
388283	guitareo	Can't Even Get The Blues	song	https://admin.musora.com/admin#/content/guitareo/388283	92;94	
382365	drumeo	Comedown	song	https://admin.musora.com/admin#/content/drumeo/382365	92;94;78	
404277	guitareo	Can't Stand Losing You	song	https://admin.musora.com/admin#/content/guitareo/404277	92;94	
321195	drumeo	Can't Stand Losing You	song	https://admin.musora.com/admin#/content/drumeo/321195	92;94;78	
387266	guitareo	Cream	song	https://admin.musora.com/admin#/content/guitareo/387266	92;94	
391963	drumeo	Cream	song	https://admin.musora.com/admin#/content/drumeo/391963	92;94;78	
407907	guitareo	Cream (Easy Version)	song	https://admin.musora.com/admin#/content/guitareo/407907	92;94	
321365	drumeo	Canary In A Coalmine	song	https://admin.musora.com/admin#/content/drumeo/321365	92;94;78	
352723	drumeo	Common People	song	https://admin.musora.com/admin#/content/drumeo/352723	92;94;78	
380118	singeo	Candle In The Wind	song	https://admin.musora.com/admin#/content/singeo/380118	92;94	
378788	pianote	Candle In The Wind	song	https://admin.musora.com/admin#/content/pianote/378788	92;94	
387526	guitareo	Candle In The Wind	song	https://admin.musora.com/admin#/content/guitareo/387526	92;94	
264389	drumeo	Candle In The Wind	song	https://admin.musora.com/admin#/content/drumeo/264389	92;94;78	
291520	drumeo	Car Wash	song	https://admin.musora.com/admin#/content/drumeo/291520	92;94;78	
298355	drumeo	Can't Wait Too Long	song	https://admin.musora.com/admin#/content/drumeo/298355	92;94;78	
385311	drumeo	Change Your Mind	song	https://admin.musora.com/admin#/content/drumeo/385311	92;94;78	
385703	drumeo	Can't Let Go	song	https://admin.musora.com/admin#/content/drumeo/385703	92;94;78	
406224	guitareo	Can't You See	song	https://admin.musora.com/admin#/content/guitareo/406224	92;94	
303250	drumeo	Computer Blue	song	https://admin.musora.com/admin#/content/drumeo/303250	92;94;78	
384457	drumeo	Cowboy Take Me Away	song	https://admin.musora.com/admin#/content/drumeo/384457	92;94;78	
383163	guitareo	Crash Into Me	song	https://admin.musora.com/admin#/content/guitareo/383163	92;94	
408118	guitareo	Cold Shot	song	https://admin.musora.com/admin#/content/guitareo/408118	92;94	
406621	drumeo	Cold Shot	song	https://admin.musora.com/admin#/content/drumeo/406621	92;94;78	
410106	guitareo	A Case Of You	song	https://admin.musora.com/admin#/content/guitareo/410106	92;94	
389125	drumeo	Caught Somewhere In Time	song	https://admin.musora.com/admin#/content/drumeo/389125	92;94;78	
284988	drumeo	Crawling	song	https://admin.musora.com/admin#/content/drumeo/284988	92;94;78	
291556	drumeo	Criminally Insane	song	https://admin.musora.com/admin#/content/drumeo/291556	92;94;78	
291404	drumeo	Coming Undone	song	https://admin.musora.com/admin#/content/drumeo/291404	92;94;78	
384685	drumeo	Crabbuckit	song	https://admin.musora.com/admin#/content/drumeo/384685	92;94;78	
330225	drumeo	Centre Of Eternity	song	https://admin.musora.com/admin#/content/drumeo/330225	92;94;78	
380124	singeo	Chasing Cars	song	https://admin.musora.com/admin#/content/singeo/380124	92;94	
378309	guitareo	Chasing Cars	song	https://admin.musora.com/admin#/content/guitareo/378309	92;94	
378794	pianote	Chasing Cars	song	https://admin.musora.com/admin#/content/pianote/378794	92;94	
270677	drumeo	Chasing Cars	song	https://admin.musora.com/admin#/content/drumeo/270677	92;94;78	
385137	drumeo	Change It	song	https://admin.musora.com/admin#/content/drumeo/385137	92;94;78	
358966	drumeo	Cold Day In The Sun	song	https://admin.musora.com/admin#/content/drumeo/358966	92;94;78	
344753	drumeo	Chelsea Dagger	song	https://admin.musora.com/admin#/content/drumeo/344753	92;94;78	
323959	drumeo	City Of Blinding Lights	song	https://admin.musora.com/admin#/content/drumeo/323959	92;94;78	
323962	drumeo	Crumbs From Your Table	song	https://admin.musora.com/admin#/content/drumeo/323962	92;94;78	
379847	pianote	Cheek To Cheek	song	https://admin.musora.com/admin#/content/pianote/379847	92;94	
331553	drumeo	Concrete Jungle	song	https://admin.musora.com/admin#/content/drumeo/331553	92;94;78	
291552	drumeo	Chemical Warfare	song	https://admin.musora.com/admin#/content/drumeo/291552	92;94;78	
359002	drumeo	Come Alive	song	https://admin.musora.com/admin#/content/drumeo/359002	92;94;78	
359000	drumeo	Cheer Up, Boys (Your Make Up Is Running)	song	https://admin.musora.com/admin#/content/drumeo/359000	92;94;78	
279358	drumeo	Child's Anthem	song	https://admin.musora.com/admin#/content/drumeo/279358	92;94;78	
295643	drumeo	Chuck E.'s In Love	song	https://admin.musora.com/admin#/content/drumeo/295643	92;94;78	
284808	drumeo	Cemeteries Of London	song	https://admin.musora.com/admin#/content/drumeo/284808	92;94;78	
375216	drumeo	(They Long to Be) Close to You	song	https://admin.musora.com/admin#/content/drumeo/375216	92;94;78	
379545	pianote	(They Long To Be) Close To You	song	https://admin.musora.com/admin#/content/pianote/379545	92;94	
380513	singeo	(They Long To Be) Close To You	song	https://admin.musora.com/admin#/content/singeo/380513	92;94	
386902	guitareo	Cocaine (Full Version)	song	https://admin.musora.com/admin#/content/guitareo/386902	92;94	
406178	singeo	Cocaine	song	https://admin.musora.com/admin#/content/singeo/406178	92;94	
270499	drumeo	Cocaine	song	https://admin.musora.com/admin#/content/drumeo/270499	92;94;78	
406456	guitareo	Cocaine (Easy Version)	song	https://admin.musora.com/admin#/content/guitareo/406456	92;94	
391453	drumeo	Cogs In Cogs	song	https://admin.musora.com/admin#/content/drumeo/391453	92;94;78	
285086	drumeo	Charlie Big Potato	song	https://admin.musora.com/admin#/content/drumeo/285086	92;94;78	
294187	drumeo	Crystal Mountain	song	https://admin.musora.com/admin#/content/drumeo/294187	92;94;78	
380136	singeo	Come Away With Me	song	https://admin.musora.com/admin#/content/singeo/380136	92;94	
378806	pianote	Come Away With Me	song	https://admin.musora.com/admin#/content/pianote/378806	92;94	
391493	guitareo	Come Away With Me	song	https://admin.musora.com/admin#/content/guitareo/391493	92;94	
383155	guitareo	Clocks	song	https://admin.musora.com/admin#/content/guitareo/383155	92;94	
380128	singeo	Clocks	song	https://admin.musora.com/admin#/content/singeo/380128	92;94	
378798	pianote	Clocks	song	https://admin.musora.com/admin#/content/pianote/378798	92;94	
260341	drumeo	Clocks	song	https://admin.musora.com/admin#/content/drumeo/260341	92;94;78	
406593	pianote	Clocks Rag	song	https://admin.musora.com/admin#/content/pianote/406593	92;94	
260654	drumeo	Closer To The Edge	song	https://admin.musora.com/admin#/content/drumeo/260654	92;94;78	
358950	drumeo	Come Back	song	https://admin.musora.com/admin#/content/drumeo/358950	92;94;78	
300290	drumeo	The Colour And The Shape	song	https://admin.musora.com/admin#/content/drumeo/300290	92;94;78	
284790	drumeo	Cuts Like A Knife	song	https://admin.musora.com/admin#/content/drumeo/284790	92;94;78	
331579	drumeo	Coming In From The Cold	song	https://admin.musora.com/admin#/content/drumeo/331579	92;94;78	
391751	guitareo	Crushing Day	song	https://admin.musora.com/admin#/content/guitareo/391751	92;94	
260321	drumeo	Could You Be Loved	song	https://admin.musora.com/admin#/content/drumeo/260321	92;94;78	
285138	drumeo	Cowboy Song	song	https://admin.musora.com/admin#/content/drumeo/285138	92;94;78	
379902	pianote	The Christmas Song (Chestnuts Roasting On An Open Fire)	song	https://admin.musora.com/admin#/content/pianote/379902	92;94	
380799	singeo	The Christmas Song (Chestnuts Roasting On An Open Fire)	song	https://admin.musora.com/admin#/content/singeo/380799	92;94	
291362	drumeo	Crazy Arms	song	https://admin.musora.com/admin#/content/drumeo/291362	92;94;78	
379567	pianote	Crocodile Rock	song	https://admin.musora.com/admin#/content/pianote/379567	92;94	
380535	singeo	Crocodile Rock	song	https://admin.musora.com/admin#/content/singeo/380535	92;94	
382379	drumeo	Crocodile Rock	song	https://admin.musora.com/admin#/content/drumeo/382379	92;94;78	
291538	drumeo	Country Song	song	https://admin.musora.com/admin#/content/drumeo/291538	92;94;78	
291500	drumeo	Cry Tough	song	https://admin.musora.com/admin#/content/drumeo/291500	92;94;78	
385581	drumeo	Calgary	song	https://admin.musora.com/admin#/content/drumeo/385581	92;94;78	
387552	guitareo	Cruel	song	https://admin.musora.com/admin#/content/guitareo/387552	92;94	
387396	guitareo	Cult of Personality	song	https://admin.musora.com/admin#/content/guitareo/387396	92;94	
275592	drumeo	Cult Of Personality	song	https://admin.musora.com/admin#/content/drumeo/275592	92;94;78	
377781	guitareo	Call Me Maybe	song	https://admin.musora.com/admin#/content/guitareo/377781	92;94	
378778	pianote	Call Me Maybe	song	https://admin.musora.com/admin#/content/pianote/378778	92;94	
380108	singeo	Call Me Maybe	song	https://admin.musora.com/admin#/content/singeo/380108	92;94	
260383	drumeo	Cough Cough	song	https://admin.musora.com/admin#/content/drumeo/260383	92;94;78	
380120	singeo	Catch My Breath	song	https://admin.musora.com/admin#/content/singeo/380120	92;94	
383244	guitareo	Catch My Breath	song	https://admin.musora.com/admin#/content/guitareo/383244	92;94	
378790	pianote	Catch My Breath	song	https://admin.musora.com/admin#/content/pianote/378790	92;94	
291438	drumeo	Can't Hold Us	song	https://admin.musora.com/admin#/content/drumeo/291438	92;94;78	
275408	drumeo	Can You Feel My Heart	song	https://admin.musora.com/admin#/content/drumeo/275408	92;94;78	
381119	singeo	Cups (When I'm Gone)	song	https://admin.musora.com/admin#/content/singeo/381119	92;94	
378533	pianote	Cups (When I'm Gone)	song	https://admin.musora.com/admin#/content/pianote/378533	92;94	
377693	guitareo	Cups	song	https://admin.musora.com/admin#/content/guitareo/377693	92;94	
376580	drumeo	Can't You Hear Me Knocking	song	https://admin.musora.com/admin#/content/drumeo/376580	92;94;78	
390400	guitareo	Can't You Hear Me Knocking	song	https://admin.musora.com/admin#/content/guitareo/390400	92;94	
395050	singeo	Christmas Tree Farm	song	https://admin.musora.com/admin#/content/singeo/395050	92;94	
374569	drumeo	Canary Yellow	song	https://admin.musora.com/admin#/content/drumeo/374569	92;94;78	
349872	drumeo	Catching Fire	song	https://admin.musora.com/admin#/content/drumeo/349872	92;94;78	
384117	drumeo	Chiquitita	song	https://admin.musora.com/admin#/content/drumeo/384117	92;94;78	
394148	drumeo	Chiquitita (Easy Version)	song	https://admin.musora.com/admin#/content/drumeo/394148	92;94;78	
359088	drumeo	Come All Ye Unfaithful	song	https://admin.musora.com/admin#/content/drumeo/359088	92;94;78	
359054	drumeo	Chasing Birds	song	https://admin.musora.com/admin#/content/drumeo/359054	92;94;78	
359056	drumeo	Cloudspotter	song	https://admin.musora.com/admin#/content/drumeo/359056	92;94;78	
317262	drumeo	Circle With Me	song	https://admin.musora.com/admin#/content/drumeo/317262	92;94;78	
406714	guitareo	Cinderella	song	https://admin.musora.com/admin#/content/guitareo/406714	92;94	
386003	drumeo	Careful You	song	https://admin.musora.com/admin#/content/drumeo/386003	92;94;78	
382722	pianote	Cornfield Chase	song	https://admin.musora.com/admin#/content/pianote/382722	92;94	
264423	drumeo	Cirice	song	https://admin.musora.com/admin#/content/drumeo/264423	92;94;78	
384909	drumeo	Catch Fire	song	https://admin.musora.com/admin#/content/drumeo/384909	92;94;78	
382446	drumeo	Chinatown	song	https://admin.musora.com/admin#/content/drumeo/382446	92;94;78	
359036	drumeo	Concrete And Gold	song	https://admin.musora.com/admin#/content/drumeo/359036	92;94;78	
396755	drumeo	Colossus	song	https://admin.musora.com/admin#/content/drumeo/396755	92;94;78	
374596	drumeo	Diamonds And Pearls	song	https://admin.musora.com/admin#/content/drumeo/374596	92;94;78	
279203	drumeo	Drain You	song	https://admin.musora.com/admin#/content/drumeo/279203	92;94;78	
404375	guitareo	Drain You	song	https://admin.musora.com/admin#/content/guitareo/404375	92;94	
384707	drumeo	Don't Touch Me	song	https://admin.musora.com/admin#/content/drumeo/384707	92;94;78	
324102	drumeo	Drowning Man	song	https://admin.musora.com/admin#/content/drumeo/324102	92;94;78	
317794	drumeo	Dumb	song	https://admin.musora.com/admin#/content/drumeo/317794	92;94;78	
406531	guitareo	Dumb	song	https://admin.musora.com/admin#/content/guitareo/406531	92;94	
384305	drumeo	Don't Want No Woman	song	https://admin.musora.com/admin#/content/drumeo/384305	92;94;78	
275402	drumeo	Don't Look Back	song	https://admin.musora.com/admin#/content/drumeo/275402	92;94;78	
381571	drumeo	Daniel	song	https://admin.musora.com/admin#/content/drumeo/381571	92;94;78	
380537	singeo	Daniel	song	https://admin.musora.com/admin#/content/singeo/380537	92;94	
379569	pianote	Daniel	song	https://admin.musora.com/admin#/content/pianote/379569	92;94	
330291	drumeo	Desire	song	https://admin.musora.com/admin#/content/drumeo/330291	92;94;78	
384377	drumeo	Damn Right, I've Got The Blues	song	https://admin.musora.com/admin#/content/drumeo/384377	92;94;78	
303253	drumeo	Darling Nikki	song	https://admin.musora.com/admin#/content/drumeo/303253	92;94;78	
402552	guitareo	The Devil Went To Georgia	song	https://admin.musora.com/admin#/content/guitareo/402552	92;94	
385615	drumeo	Da Funk	song	https://admin.musora.com/admin#/content/drumeo/385615	92;94;78	
381590	drumeo	Don't Speak	song	https://admin.musora.com/admin#/content/drumeo/381590	92;94;78	
380164	singeo	Don’t Speak	song	https://admin.musora.com/admin#/content/singeo/380164	92;94	
378840	pianote	Don’t Speak	song	https://admin.musora.com/admin#/content/pianote/378840	92;94	
300270	drumeo	Doll	song	https://admin.musora.com/admin#/content/drumeo/300270	92;94;78	
291468	drumeo	Dig Up Her Bones	song	https://admin.musora.com/admin#/content/drumeo/291468	92;94;78	
321166	drumeo	Darkness	song	https://admin.musora.com/admin#/content/drumeo/321166	92;94;78	
393131	drumeo	The Dance	song	https://admin.musora.com/admin#/content/drumeo/393131	92;94;78	
284824	drumeo	Don't Drink The Water	song	https://admin.musora.com/admin#/content/drumeo/284824	92;94;78	
284770	drumeo	Dry County	song	https://admin.musora.com/admin#/content/drumeo/284770	92;94;78	
321367	drumeo	De Do Do Do, De Da Da Da	song	https://admin.musora.com/admin#/content/drumeo/321367	92;94;78	
385387	drumeo	Don't Say Nuthin'	song	https://admin.musora.com/admin#/content/drumeo/385387	92;94;78	
321254	drumeo	Does Everyone Stare	song	https://admin.musora.com/admin#/content/drumeo/321254	92;94;78	
375868	drumeo	Disciple	song	https://admin.musora.com/admin#/content/drumeo/375868	92;94;78	
362455	drumeo	Dead Skin Mask	song	https://admin.musora.com/admin#/content/drumeo/362455	92;94;78	
385597	drumeo	Digital Love	song	https://admin.musora.com/admin#/content/drumeo/385597	92;94;78	
373806	drumeo	Down	song	https://admin.musora.com/admin#/content/drumeo/373806	92;94;78	
383098	guitareo	Down	song	https://admin.musora.com/admin#/content/guitareo/383098	92;94	
358990	drumeo	The Deepest Blues Are Black	song	https://admin.musora.com/admin#/content/drumeo/358990	92;94;78	
358968	drumeo	DOA	song	https://admin.musora.com/admin#/content/drumeo/358968	92;94;78	
356017	drumeo	Don't Dream It's Over	song	https://admin.musora.com/admin#/content/drumeo/356017	92;94;78	
323943	drumeo	A Day Without Me	song	https://admin.musora.com/admin#/content/drumeo/323943	92;94;78	
321219	drumeo	Deathwish	song	https://admin.musora.com/admin#/content/drumeo/321219	92;94;78	
403990	pianote	Dawn	song	https://admin.musora.com/admin#/content/pianote/403990	92;94	
403991	pianote	Dawn (Easy Version)	song	https://admin.musora.com/admin#/content/pianote/403991	92;94	
270485	drumeo	Don't Go Breaking My Heart	song	https://admin.musora.com/admin#/content/drumeo/270485	92;94;78	
391447	drumeo	The Distance	song	https://admin.musora.com/admin#/content/drumeo/391447	92;94;78	
384943	drumeo	Delirious	song	https://admin.musora.com/admin#/content/drumeo/384943	92;94;78	
321168	drumeo	Demolition Man	song	https://admin.musora.com/admin#/content/drumeo/321168	92;94;78	
324054	drumeo	Desire	song	https://admin.musora.com/admin#/content/drumeo/324054	92;94;78	
386793	guitareo	Desperado	song	https://admin.musora.com/admin#/content/guitareo/386793	92;94	
264381	drumeo	Desperado	song	https://admin.musora.com/admin#/content/drumeo/264381	92;94;78	
378834	pianote	Desperado	song	https://admin.musora.com/admin#/content/pianote/378834	92;94	
380158	singeo	Desperado	song	https://admin.musora.com/admin#/content/singeo/380158	92;94	
382435	drumeo	Devil Gate Drive	song	https://admin.musora.com/admin#/content/drumeo/382435	92;94;78	
383417	guitareo	Diamond Head	song	https://admin.musora.com/admin#/content/guitareo/383417	92;94	
374573	drumeo	Diamonds And Rust	song	https://admin.musora.com/admin#/content/drumeo/374573	92;94;78	
385313	drumeo	Dirty Little Secret	song	https://admin.musora.com/admin#/content/drumeo/385313	92;94;78	
364779	drumeo	Don't Shoot Me Santa	song	https://admin.musora.com/admin#/content/drumeo/364779	92;94;78	
328175	drumeo	Dog Days Are Over	song	https://admin.musora.com/admin#/content/drumeo/328175	92;94;78	
337439	drumeo	Dropping Bombs On The White House	song	https://admin.musora.com/admin#/content/drumeo/337439	92;94;78	
270707	drumeo	Damn Girl	song	https://admin.musora.com/admin#/content/drumeo/270707	92;94;78	
270535	drumeo	Do You Believe In Love	song	https://admin.musora.com/admin#/content/drumeo/270535	92;94;78	
389024	drumeo	Day Of The Eagle	song	https://admin.musora.com/admin#/content/drumeo/389024	92;94;78	
391388	drumeo	Dreaming	song	https://admin.musora.com/admin#/content/drumeo/391388	92;94;78	
386400	guitareo	Dancing With Myself (Full Version)	song	https://admin.musora.com/admin#/content/guitareo/386400	92;94	
278929	drumeo	Dancing With Myself	song	https://admin.musora.com/admin#/content/drumeo/278929	92;94;78	
375205	drumeo	Davidian	song	https://admin.musora.com/admin#/content/drumeo/375205	92;94;78	
279035	drumeo	Dust On The Bottle	song	https://admin.musora.com/admin#/content/drumeo/279035	92;94;78	
358952	drumeo	Disenchanted Lullaby	song	https://admin.musora.com/admin#/content/drumeo/358952	92;94;78	
295207	drumeo	Doctor Wu	song	https://admin.musora.com/admin#/content/drumeo/295207	92;94;78	
365687	drumeo	Does Anybody Really Know What Time It Is?	song	https://admin.musora.com/admin#/content/drumeo/365687	92;94;78	
385671	drumeo	Doll Parts	song	https://admin.musora.com/admin#/content/drumeo/385671	92;94;78	
309622	drumeo	Don't Bother Me	song	https://admin.musora.com/admin#/content/drumeo/309622	92;94;78	
384941	drumeo	D.M.S.R.	song	https://admin.musora.com/admin#/content/drumeo/384941	92;94;78	
379509	pianote	Don't Cry For Me Argentina	song	https://admin.musora.com/admin#/content/pianote/379509	92;94	
380472	singeo	Don't Cry For Me Argentina	song	https://admin.musora.com/admin#/content/singeo/380472	92;94	
260356	drumeo	Drive In, Drive Out	song	https://admin.musora.com/admin#/content/drumeo/260356	92;94;78	
385573	drumeo	Dirt Road Blues	song	https://admin.musora.com/admin#/content/drumeo/385573	92;94;78	
329064	drumeo	Don't Leave Me Now	song	https://admin.musora.com/admin#/content/drumeo/329064	92;94;78	
392703	drumeo	Dead Leaves & The Dirty Ground	song	https://admin.musora.com/admin#/content/drumeo/392703	92;94;78	
398593	guitareo	Don't Let The Sun Go Down On Me	song	https://admin.musora.com/admin#/content/guitareo/398593	92;94	
380549	singeo	Don't Let The Sun Go Down On Me	song	https://admin.musora.com/admin#/content/singeo/380549	92;94	
380160	singeo	Don’t Let The Sun Go Down On Me	song	https://admin.musora.com/admin#/content/singeo/380160	92;94	
378836	pianote	Don’t Let The Sun Go Down On Me	song	https://admin.musora.com/admin#/content/pianote/378836	92;94	
377108	drumeo	Don't Let The Sun Go Down On Me	song	https://admin.musora.com/admin#/content/drumeo/377108	92;94;78	
384329	drumeo	Don't Mess Up A Good Thing	song	https://admin.musora.com/admin#/content/drumeo/384329	92;94;78	
309578	drumeo	Don't Pass Me By	song	https://admin.musora.com/admin#/content/drumeo/309578	92;94;78	
364710	drumeo	Dance Yrself Clean	song	https://admin.musora.com/admin#/content/drumeo/364710	92;94;78	
321369	drumeo	Don't Stand So Close To Me	song	https://admin.musora.com/admin#/content/drumeo/321369	92;94;78	
275510	drumeo	Dear Rosemary	song	https://admin.musora.com/admin#/content/drumeo/275510	92;94;78	
390442	guitareo	Don't Think Twice It's Alright	song	https://admin.musora.com/admin#/content/guitareo/390442	92;94	
408002	drumeo	Deliver Us	song	https://admin.musora.com/admin#/content/drumeo/408002	92;94;78	
377764	guitareo	Don't Worry Be Happy	song	https://admin.musora.com/admin#/content/guitareo/377764	92;94	
378844	pianote	Don’t Worry Be Happy	song	https://admin.musora.com/admin#/content/pianote/378844	92;94	
380168	singeo	Don’t Worry Be Happy	song	https://admin.musora.com/admin#/content/singeo/380168	92;94	
264627	drumeo	Don’t You (Forget About Me)	song	https://admin.musora.com/admin#/content/drumeo/264627	92;94;78	
284986	drumeo	Don't Wake Me Up	song	https://admin.musora.com/admin#/content/drumeo/284986	92;94;78	
328155	drumeo	The Devil You Know	song	https://admin.musora.com/admin#/content/drumeo/328155	92;94;78	
385567	drumeo	Duquesne Whistle	song	https://admin.musora.com/admin#/content/drumeo/385567	92;94;78	
384553	drumeo	Dream Weaver	song	https://admin.musora.com/admin#/content/drumeo/384553	92;94;78	
275500	drumeo	Dreams	song	https://admin.musora.com/admin#/content/drumeo/275500	92;94;78	
378569	pianote	Dreams	song	https://admin.musora.com/admin#/content/pianote/378569	92;94	
378154	guitareo	Dreams	song	https://admin.musora.com/admin#/content/guitareo/378154	92;94	
381204	singeo	Dreams	song	https://admin.musora.com/admin#/content/singeo/381204	92;94	
384607	drumeo	Desire	song	https://admin.musora.com/admin#/content/drumeo/384607	92;94;78	
321371	drumeo	Driven To Tears	song	https://admin.musora.com/admin#/content/drumeo/321371	92;94;78	
270579	drumeo	The Drum Also Waltzes	song	https://admin.musora.com/admin#/content/drumeo/270579	92;94;78	
278889	drumeo	Dude (Looks Like A Lady)	song	https://admin.musora.com/admin#/content/drumeo/278889	92;94;78	
404689	drumeo	Dukey Stick	song	https://admin.musora.com/admin#/content/drumeo/404689	92;94;78	
377130	drumeo	Dumas Walker	song	https://admin.musora.com/admin#/content/drumeo/377130	92;94;78	
284710	drumeo	Diamond In The Rough	song	https://admin.musora.com/admin#/content/drumeo/284710	92;94;78	
264407	drumeo	Dong Work For Yuda	song	https://admin.musora.com/admin#/content/drumeo/264407	92;94;78	
379898	pianote	Do You Hear What I Hear	song	https://admin.musora.com/admin#/content/pianote/379898	92;94	
379904	pianote	Do You Hear What I Hear	song	https://admin.musora.com/admin#/content/pianote/379904	92;94	
380795	singeo	Do You Hear What I Hear	song	https://admin.musora.com/admin#/content/singeo/380795	92;94	
380801	singeo	Do You Hear What I Hear	song	https://admin.musora.com/admin#/content/singeo/380801	92;94	
388295	drumeo	Descending	song	https://admin.musora.com/admin#/content/drumeo/388295	92;94;78	
275552	drumeo	Drive	song	https://admin.musora.com/admin#/content/drumeo/275552	92;94;78	
390245	guitareo	Drive	song	https://admin.musora.com/admin#/content/guitareo/390245	92;94	
375397	drumeo	Don't Stop	song	https://admin.musora.com/admin#/content/drumeo/375397	92;94;78	
374590	drumeo	Don’t Tell Me How To Live	song	https://admin.musora.com/admin#/content/drumeo/374590	92;94;78	
326657	drumeo	Don't Back Down	song	https://admin.musora.com/admin#/content/drumeo/326657	92;94;78	
364773	drumeo	Drunk	song	https://admin.musora.com/admin#/content/drumeo/364773	92;94;78	
374541	drumeo	Dana-Dan	song	https://admin.musora.com/admin#/content/drumeo/374541	92;94;78	
392858	guitareo	Darker Still	song	https://admin.musora.com/admin#/content/guitareo/392858	92;94	
388740	drumeo	Dracul Gras	song	https://admin.musora.com/admin#/content/drumeo/388740	92;94;78	
384345	drumeo	Doomed	song	https://admin.musora.com/admin#/content/drumeo/384345	92;94;78	
389147	drumeo	Doesn’t Really Matter	song	https://admin.musora.com/admin#/content/drumeo/389147	92;94;78	
285160	drumeo	Dean Town	song	https://admin.musora.com/admin#/content/drumeo/285160	92;94;78	
377990	guitareo	Dean Town	song	https://admin.musora.com/admin#/content/guitareo/377990	92;94	
315971	drumeo	Dangerous	song	https://admin.musora.com/admin#/content/drumeo/315971	92;94;78	
279354	drumeo	Don't Believe A Word	song	https://admin.musora.com/admin#/content/drumeo/279354	92;94;78	
279301	drumeo	Deception - Concealing Fate, Pt. 2	song	https://admin.musora.com/admin#/content/drumeo/279301	92;94;78	
401041	drumeo	Dystopia	song	https://admin.musora.com/admin#/content/drumeo/401041	92;94;78	
275356	drumeo	Daybreak	song	https://admin.musora.com/admin#/content/drumeo/275356	92;94;78	
359038	drumeo	Dirty Water	song	https://admin.musora.com/admin#/content/drumeo/359038	92;94;78	
378323	guitareo	Delicate	song	https://admin.musora.com/admin#/content/guitareo/378323	92;94	
378832	pianote	Delicate	song	https://admin.musora.com/admin#/content/pianote/378832	92;94	
380156	singeo	Delicate	song	https://admin.musora.com/admin#/content/singeo/380156	92;94	
388521	guitareo	Dance Macabre	song	https://admin.musora.com/admin#/content/guitareo/388521	92;94	
389159	drumeo	Dance Macabre	song	https://admin.musora.com/admin#/content/drumeo/389159	92;94;78	
25556	drumeo	Even Flow	song	https://admin.musora.com/admin#/content/drumeo/25556	92;94;78	
388880	guitareo	Even Flow	song	https://admin.musora.com/admin#/content/guitareo/388880	92;94	
362439	drumeo	The Evil That Men Do	song	https://admin.musora.com/admin#/content/drumeo/362439	92;94;78	
404636	guitareo	Endless, Nameless	song	https://admin.musora.com/admin#/content/guitareo/404636	92;94	
317820	drumeo	Endless, Nameless	song	https://admin.musora.com/admin#/content/drumeo/317820	92;94;78	
324056	drumeo	Exit	song	https://admin.musora.com/admin#/content/drumeo/324056	92;94;78	
398212	guitareo	Englishman In New York (Easy Version)	song	https://admin.musora.com/admin#/content/guitareo/398212	92;94	
398210	guitareo	Englishman In New York (Full Version)	song	https://admin.musora.com/admin#/content/guitareo/398210	92;94	
390566	drumeo	Englishman In New York	song	https://admin.musora.com/admin#/content/drumeo/390566	92;94;78	
385139	drumeo	Epilogue (Nothing 'Bout Me)	song	https://admin.musora.com/admin#/content/drumeo/385139	92;94;78	
270763	drumeo	Eulogy	song	https://admin.musora.com/admin#/content/drumeo/270763	92;94;78	
382477	drumeo	Evil Ways	song	https://admin.musora.com/admin#/content/drumeo/382477	92;94;78	
270351	drumeo	Everybody (Backstreet's Back)	song	https://admin.musora.com/admin#/content/drumeo/270351	92;94;78	
300274	drumeo	Enough Space	song	https://admin.musora.com/admin#/content/drumeo/300274	92;94;78	
25013	drumeo	Everlong	song	https://admin.musora.com/admin#/content/drumeo/25013	92;94;78	
377833	guitareo	Everlong	song	https://admin.musora.com/admin#/content/guitareo/377833	92;94	
264719	drumeo	Elevation	song	https://admin.musora.com/admin#/content/drumeo/264719	92;94;78	
323988	drumeo	The Electric Co.	song	https://admin.musora.com/admin#/content/drumeo/323988	92;94;78	
323912	drumeo	Even Better Than The Real Thing	song	https://admin.musora.com/admin#/content/drumeo/323912	92;94;78	
302647	drumeo	Everybody's Changing	song	https://admin.musora.com/admin#/content/drumeo/302647	92;94;78	
385061	drumeo	Epidemic	song	https://admin.musora.com/admin#/content/drumeo/385061	92;94;78	
358970	drumeo	End Over End	song	https://admin.musora.com/admin#/content/drumeo/358970	92;94;78	
348763	drumeo	Edge Of Seventeen	song	https://admin.musora.com/admin#/content/drumeo/348763	92;94;78	
279175	drumeo	Effendi	song	https://admin.musora.com/admin#/content/drumeo/279175	92;94;78	
359004	drumeo	Erase/Replace	song	https://admin.musora.com/admin#/content/drumeo/359004	92;94;78	
391098	drumeo	Electric Worry	song	https://admin.musora.com/admin#/content/drumeo/391098	92;94;78	
294190	drumeo	Empty Words	song	https://admin.musora.com/admin#/content/drumeo/294190	92;94;78	
358912	drumeo	Exhausted	song	https://admin.musora.com/admin#/content/drumeo/358912	92;94;78	
294517	drumeo	Evil	song	https://admin.musora.com/admin#/content/drumeo/294517	92;94;78	
386045	drumeo	eBay	song	https://admin.musora.com/admin#/content/drumeo/386045	92;94;78	
384421	drumeo	Everybody Learns From Disaster	song	https://admin.musora.com/admin#/content/drumeo/384421	92;94;78	
384961	drumeo	The Everlasting Now	song	https://admin.musora.com/admin#/content/drumeo/384961	92;94;78	
375856	drumeo	East Of Asteroid	song	https://admin.musora.com/admin#/content/drumeo/375856	92;94;78	
385141	drumeo	Everybody Laughed But You	song	https://admin.musora.com/admin#/content/drumeo/385141	92;94;78	
324088	drumeo	Elvis Presley And America	song	https://admin.musora.com/admin#/content/drumeo/324088	92;94;78	
337441	drumeo	End Of The Line	song	https://admin.musora.com/admin#/content/drumeo/337441	92;94;78	
389133	drumeo	Epitaph	song	https://admin.musora.com/admin#/content/drumeo/389133	92;94;78	
359988	drumeo	Either End Of August	song	https://admin.musora.com/admin#/content/drumeo/359988	92;94;78	
375872	drumeo	Explosia	song	https://admin.musora.com/admin#/content/drumeo/375872	92;94;78	
279293	drumeo	Elephant	song	https://admin.musora.com/admin#/content/drumeo/279293	92;94;78	
386427	guitareo	Elephant	song	https://admin.musora.com/admin#/content/guitareo/386427	92;94	
398771	guitareo	Every Breath You Take (Easy Version)	song	https://admin.musora.com/admin#/content/guitareo/398771	92;94	
380186	singeo	Every Breath You Take	song	https://admin.musora.com/admin#/content/singeo/380186	92;94	
378862	pianote	Every Breath You Take	song	https://admin.musora.com/admin#/content/pianote/378862	92;94	
378391	guitareo	Every Breath You Take (Full Version)	song	https://admin.musora.com/admin#/content/guitareo/378391	92;94	
260636	drumeo	Every Breath You Take	song	https://admin.musora.com/admin#/content/drumeo/260636	92;94;78	
321171	drumeo	Every Little Thing She Does Is Magic	song	https://admin.musora.com/admin#/content/drumeo/321171	92;94;78	
395803	drumeo	Every Little Thing She Does Is Magic (Easy Version)	song	https://admin.musora.com/admin#/content/drumeo/395803	92;94;78	
270635	drumeo	Every Rose Has Its Thorn	song	https://admin.musora.com/admin#/content/drumeo/270635	92;94;78	
406568	drumeo	Everybody Loves The Sunshine	song	https://admin.musora.com/admin#/content/drumeo/406568	92;94;78	
285100	drumeo	Everybody Wants To Rule The World	song	https://admin.musora.com/admin#/content/drumeo/285100	92;94;78	
309372	drumeo	Everybody's Trying To Be My Baby	song	https://admin.musora.com/admin#/content/drumeo/309372	92;94;78	
291324	drumeo	Everyday I Write The Book	song	https://admin.musora.com/admin#/content/drumeo/291324	92;94;78	
385127	drumeo	Everyone’s Gone To The Movies	song	https://admin.musora.com/admin#/content/drumeo/385127	92;94;78	
270505	drumeo	Everywhere	song	https://admin.musora.com/admin#/content/drumeo/270505	92;94;78	
383190	guitareo	Everywhere	song	https://admin.musora.com/admin#/content/guitareo/383190	92;94	
406242	guitareo	Evil (Full Version)	song	https://admin.musora.com/admin#/content/guitareo/406242	92;94	
406416	guitareo	Evil (Easy Version)	song	https://admin.musora.com/admin#/content/guitareo/406416	92;94	
396193	drumeo	Eyes Of Serpents	song	https://admin.musora.com/admin#/content/drumeo/396193	92;94;78	
380766	singeo	El Tango De Roxanne	song	https://admin.musora.com/admin#/content/singeo/380766	92;94	
379809	pianote	El Tango De Roxanne	song	https://admin.musora.com/admin#/content/pianote/379809	92;94	
331558	drumeo	Exodus	song	https://admin.musora.com/admin#/content/drumeo/331558	92;94;78	
382608	pianote	Entry of the Galadiators	song	https://admin.musora.com/admin#/content/pianote/382608	92;94	
395757	drumeo	Electric Sunrise	song	https://admin.musora.com/admin#/content/drumeo/395757	92;94;78	
375232	drumeo	Eleven, Eleven	song	https://admin.musora.com/admin#/content/drumeo/375232	92;94;78	
408863	drumeo	Evolve	song	https://admin.musora.com/admin#/content/drumeo/408863	92;94;78	
352713	drumeo	Epiphany	song	https://admin.musora.com/admin#/content/drumeo/352713	92;94;78	
359991	drumeo	Ex's & Oh's	song	https://admin.musora.com/admin#/content/drumeo/359991	92;94;78	
291576	drumeo	Epiphany - Concealing Fate, Pt. 5	song	https://admin.musora.com/admin#/content/drumeo/291576	92;94;78	
391795	pianote	Everybody Hurts	song	https://admin.musora.com/admin#/content/pianote/391795	92;94	
373840	drumeo	Everybody Hurts	song	https://admin.musora.com/admin#/content/drumeo/373840	92;94;78	
374629	drumeo	Fools Gold	song	https://admin.musora.com/admin#/content/drumeo/374629	92;94;78	
397701	guitareo	Fear Of The Dark	song	https://admin.musora.com/admin#/content/guitareo/397701	92;94	
371139	drumeo	Fear Of The Dark	song	https://admin.musora.com/admin#/content/drumeo/371139	92;94;78	
270323	drumeo	Forever Young	song	https://admin.musora.com/admin#/content/drumeo/270323	92;94;78	
317796	drumeo	Frances Farmer Will Have Her Revenge On Seattle	song	https://admin.musora.com/admin#/content/drumeo/317796	92;94;78	
405627	guitareo	Floyd The Barber (Easy Version)	song	https://admin.musora.com/admin#/content/guitareo/405627	92;94	
405322	guitareo	Floyd The Barber (Full Version)	song	https://admin.musora.com/admin#/content/guitareo/405322	92;94	
378880	pianote	Fields Of Gold	song	https://admin.musora.com/admin#/content/pianote/378880	92;94	
380202	singeo	Fields Of Gold	song	https://admin.musora.com/admin#/content/singeo/380202	92;94	
260603	drumeo	Fields Of Gold	song	https://admin.musora.com/admin#/content/drumeo/260603	92;94;78	
386995	guitareo	Fields Of Gold	song	https://admin.musora.com/admin#/content/guitareo/386995	92;94	
346223	drumeo	Footprints	song	https://admin.musora.com/admin#/content/drumeo/346223	92;94;78	
379446	pianote	Footprints	song	https://admin.musora.com/admin#/content/pianote/379446	92;94	
401434	singeo	Friday I'm In Love	song	https://admin.musora.com/admin#/content/singeo/401434	92;94	
360017	drumeo	Friday I'm In Love	song	https://admin.musora.com/admin#/content/drumeo/360017	92;94;78	
264709	drumeo	Forty Six & 2	song	https://admin.musora.com/admin#/content/drumeo/264709	92;94;78	
365696	drumeo	Feeling Stronger Every Day	song	https://admin.musora.com/admin#/content/drumeo/365696	92;94;78	
403276	drumeo	Fresh Prince Of Bel Air (Theme Song)	song	https://admin.musora.com/admin#/content/drumeo/403276	92;94;78	
383100	guitareo	Feeling This	song	https://admin.musora.com/admin#/content/guitareo/383100	92;94	
275388	drumeo	Feeling This	song	https://admin.musora.com/admin#/content/drumeo/275388	92;94;78	
356042	drumeo	Faint	song	https://admin.musora.com/admin#/content/drumeo/356042	92;94;78	
382523	pianote	Foolish Games	song	https://admin.musora.com/admin#/content/pianote/382523	92;94	
382837	singeo	Foolish Games	song	https://admin.musora.com/admin#/content/singeo/382837	92;94	
378168	guitareo	Foolish Games	song	https://admin.musora.com/admin#/content/guitareo/378168	92;94	
279081	drumeo	February Stars	song	https://admin.musora.com/admin#/content/drumeo/279081	92;94;78	
389105	drumeo	Fancy	song	https://admin.musora.com/admin#/content/drumeo/389105	92;94;78	
378899	pianote	From This Moment On	song	https://admin.musora.com/admin#/content/pianote/378899	92;94	
380216	singeo	From This Moment On	song	https://admin.musora.com/admin#/content/singeo/380216	92;94	
378302	guitareo	From This Moment	song	https://admin.musora.com/admin#/content/guitareo/378302	92;94	
399638	guitareo	Fly Away (Easy Version)	song	https://admin.musora.com/admin#/content/guitareo/399638	92;94	
395923	drumeo	Fly Away	song	https://admin.musora.com/admin#/content/drumeo/395923	92;94;78	
396548	guitareo	Fly Away (Full Version)	song	https://admin.musora.com/admin#/content/guitareo/396548	92;94	
358972	drumeo	Free Me	song	https://admin.musora.com/admin#/content/drumeo/358972	92;94;78	
291398	drumeo	Falling Away From Me	song	https://admin.musora.com/admin#/content/drumeo/291398	92;94;78	
309360	drumeo	Free As A Bird	song	https://admin.musora.com/admin#/content/drumeo/309360	92;94;78	
291620	drumeo	Face Down	song	https://admin.musora.com/admin#/content/drumeo/291620	92;94;78	
380867	singeo	Feliz Navidad	song	https://admin.musora.com/admin#/content/singeo/380867	92;94	
379971	pianote	Feliz Navidad	song	https://admin.musora.com/admin#/content/pianote/379971	92;94	
396760	guitareo	Feliz Navidad (Easy Version)	song	https://admin.musora.com/admin#/content/guitareo/396760	92;94	
396762	guitareo	Feliz Navidad (Full version)	song	https://admin.musora.com/admin#/content/guitareo/396762	92;94	
285094	drumeo	Fat Lip	song	https://admin.musora.com/admin#/content/drumeo/285094	92;94;78	
291338	drumeo	For All The Cows	song	https://admin.musora.com/admin#/content/drumeo/291338	92;94;78	
405334	pianote	Fallin' (Easy Version)	song	https://admin.musora.com/admin#/content/pianote/405334	92;94	
380196	singeo	Fallin’	song	https://admin.musora.com/admin#/content/singeo/380196	92;94	
405186	pianote	Fallin'	song	https://admin.musora.com/admin#/content/pianote/405186	92;94	
378874	pianote	Fallin’	song	https://admin.musora.com/admin#/content/pianote/378874	92;94	
377679	guitareo	Fallin'	song	https://admin.musora.com/admin#/content/guitareo/377679	92;94	
352677	drumeo	Fallin'	song	https://admin.musora.com/admin#/content/drumeo/352677	92;94;78	
323996	drumeo	Fire	song	https://admin.musora.com/admin#/content/drumeo/323996	92;94;78	
387887	guitareo	The Fly	song	https://admin.musora.com/admin#/content/guitareo/387887	92;94	
323929	drumeo	The Fly	song	https://admin.musora.com/admin#/content/drumeo/323929	92;94;78	
323966	drumeo	Fast Cars	song	https://admin.musora.com/admin#/content/drumeo/323966	92;94;78	
405931	guitareo	Father And Son	song	https://admin.musora.com/admin#/content/guitareo/405931	92;94	
314521	drumeo	Free Bird	song	https://admin.musora.com/admin#/content/drumeo/314521	92;94;78	
392511	singeo	Free Bird	song	https://admin.musora.com/admin#/content/singeo/392511	92;94	
395276	pianote	Free Bird	song	https://admin.musora.com/admin#/content/pianote/395276	92;94	
388562	guitareo	Freebird	song	https://admin.musora.com/admin#/content/guitareo/388562	92;94	
377793	guitareo	Fix You	song	https://admin.musora.com/admin#/content/guitareo/377793	92;94	
380208	singeo	Fix You	song	https://admin.musora.com/admin#/content/singeo/380208	92;94	
378886	pianote	Fix You	song	https://admin.musora.com/admin#/content/pianote/378886	92;94	
264335	drumeo	Fix You	song	https://admin.musora.com/admin#/content/drumeo/264335	92;94;78	
322013	drumeo	Fear	song	https://admin.musora.com/admin#/content/drumeo/322013	92;94;78	
331182	drumeo	Foreplay/Longtime	song	https://admin.musora.com/admin#/content/drumeo/331182	92;94;78	
384757	drumeo	From The Inside	song	https://admin.musora.com/admin#/content/drumeo/384757	92;94;78	
374537	drumeo	Fields Of Fire	song	https://admin.musora.com/admin#/content/drumeo/374537	92;94;78	
385589	drumeo	For Emma	song	https://admin.musora.com/admin#/content/drumeo/385589	92;94;78	
381609	drumeo	Farewell To The Fairground	song	https://admin.musora.com/admin#/content/drumeo/381609	92;94;78	
388425	drumeo	Funky Boss	song	https://admin.musora.com/admin#/content/drumeo/388425	92;94;78	
381168	singeo	Fireflies	song	https://admin.musora.com/admin#/content/singeo/381168	92;94	
270727	drumeo	Fire On The Bayou	song	https://admin.musora.com/admin#/content/drumeo/270727	92;94;78	
380402	singeo	The First Cut Is The Deepest	song	https://admin.musora.com/admin#/content/singeo/380402	92;94	
386997	guitareo	The First Cut Is The Deepest	song	https://admin.musora.com/admin#/content/guitareo/386997	92;94	
379290	pianote	The First Cut Is The Deepest	song	https://admin.musora.com/admin#/content/pianote/379290	92;94	
303356	drumeo	Forever In My Life	song	https://admin.musora.com/admin#/content/drumeo/303356	92;94;78	
358914	drumeo	Floaty	song	https://admin.musora.com/admin#/content/drumeo/358914	92;94;78	
284826	drumeo	Funny The Way It Is	song	https://admin.musora.com/admin#/content/drumeo/284826	92;94;78	
328163	drumeo	Foxtrot Uniform Charlie Kilo	song	https://admin.musora.com/admin#/content/drumeo/328163	92;94;78	
385401	drumeo	For The First Time	song	https://admin.musora.com/admin#/content/drumeo/385401	92;94;78	
371169	drumeo	Faster	song	https://admin.musora.com/admin#/content/drumeo/371169	92;94;78	
406288	drumeo	First Of The Year (Equinox)	song	https://admin.musora.com/admin#/content/drumeo/406288	92;94;78	
330311	drumeo	Fool Like You	song	https://admin.musora.com/admin#/content/drumeo/330311	92;94;78	
275596	drumeo	For Big Sid	song	https://admin.musora.com/admin#/content/drumeo/275596	92;94;78	
328178	drumeo	Florentine Pogen	song	https://admin.musora.com/admin#/content/drumeo/328178	92;94;78	
382368	drumeo	The Face	song	https://admin.musora.com/admin#/content/drumeo/382368	92;94;78	
317255	drumeo	Figure It Out	song	https://admin.musora.com/admin#/content/drumeo/317255	92;94;78	
309426	drumeo	For You Blue	song	https://admin.musora.com/admin#/content/drumeo/309426	92;94;78	
385599	drumeo	Face To Face	song	https://admin.musora.com/admin#/content/drumeo/385599	92;94;78	
382393	drumeo	Forever Autumn	song	https://admin.musora.com/admin#/content/drumeo/382393	92;94;78	
284992	drumeo	Final Masquerade	song	https://admin.musora.com/admin#/content/drumeo/284992	92;94;78	
359030	drumeo	The Feast And The Famine	song	https://admin.musora.com/admin#/content/drumeo/359030	92;94;78	
388009	guitareo	Freaking Out the Neighborhood	song	https://admin.musora.com/admin#/content/guitareo/388009	92;94	
29239	drumeo	Freddie Freeloader	song	https://admin.musora.com/admin#/content/drumeo/29239	92;94;78	
399689	drumeo	Freddie Freeloader (Easy Version)	song	https://admin.musora.com/admin#/content/drumeo/399689	92;94;78	
384945	drumeo	Free	song	https://admin.musora.com/admin#/content/drumeo/384945	92;94;78	
384195	drumeo	Frosty	song	https://admin.musora.com/admin#/content/drumeo/384195	92;94;78	
387799	guitareo	Funk #49	song	https://admin.musora.com/admin#/content/guitareo/387799	92;94	
349878	drumeo	Funk #49	song	https://admin.musora.com/admin#/content/drumeo/349878	92;94;78	
408739	guitareo	Fortnight (Easy Version)	song	https://admin.musora.com/admin#/content/guitareo/408739	92;94	
408703	guitareo	Fortnight (Full Version)	song	https://admin.musora.com/admin#/content/guitareo/408703	92;94	
371156	drumeo	Fly As Me	song	https://admin.musora.com/admin#/content/drumeo/371156	92;94;78	
385679	drumeo	Folsom Prison Blues	song	https://admin.musora.com/admin#/content/drumeo/385679	92;94;78	
396892	drumeo	Folsom Prison Blues (Easy Version)	song	https://admin.musora.com/admin#/content/drumeo/396892	92;94;78	
409187	guitareo	Folsom Prison Blues (Easy Version)	song	https://admin.musora.com/admin#/content/guitareo/409187	92;94	
389269	guitareo	Folsom Prison Blues	song	https://admin.musora.com/admin#/content/guitareo/389269	92;94	
279207	drumeo	Flame Twin	song	https://admin.musora.com/admin#/content/drumeo/279207	92;94;78	
349712	drumeo	From The Pinnacle To The Pit	song	https://admin.musora.com/admin#/content/drumeo/349712	92;94;78	
378407	guitareo	Fell In Love With A Girl	song	https://admin.musora.com/admin#/content/guitareo/378407	92;94	
385955	drumeo	Fell In Love With A Girl	song	https://admin.musora.com/admin#/content/drumeo/385955	92;94;78	
384347	drumeo	Follow You	song	https://admin.musora.com/admin#/content/drumeo/384347	92;94;78	
291492	drumeo	Flatline	song	https://admin.musora.com/admin#/content/drumeo/291492	92;94;78	
337867	drumeo	FIXURLIFEUP	song	https://admin.musora.com/admin#/content/drumeo/337867	92;94;78	
337869	drumeo	FUNKNROLL	song	https://admin.musora.com/admin#/content/drumeo/337869	92;94;78	
390308	pianote	For Forever	song	https://admin.musora.com/admin#/content/pianote/390308	92;94	
390509	singeo	For Forever	song	https://admin.musora.com/admin#/content/singeo/390509	92;94	
364737	drumeo	Garden	song	https://admin.musora.com/admin#/content/drumeo/364737	92;94;78	
390562	drumeo	Go	song	https://admin.musora.com/admin#/content/drumeo/390562	92;94;78	
264449	drumeo	Grace	song	https://admin.musora.com/admin#/content/drumeo/264449	92;94;78	
399675	guitareo	Grace	song	https://admin.musora.com/admin#/content/guitareo/399675	92;94	
385633	drumeo	Gates Of Steel	song	https://admin.musora.com/admin#/content/drumeo/385633	92;94;78	
384717	drumeo	Groove Me	song	https://admin.musora.com/admin#/content/drumeo/384717	92;94;78	
402895	guitareo	Glycerine (Easy Version)	song	https://admin.musora.com/admin#/content/guitareo/402895	92;94	
382527	pianote	Glycerine	song	https://admin.musora.com/admin#/content/pianote/382527	92;94	
377773	guitareo	Glycerine (Full Version)	song	https://admin.musora.com/admin#/content/guitareo/377773	92;94	
382841	singeo	Glycerine	song	https://admin.musora.com/admin#/content/singeo/382841	92;94	
324057	drumeo	God Part II	song	https://admin.musora.com/admin#/content/drumeo/324057	92;94;78	
404728	drumeo	Genius Of Love	song	https://admin.musora.com/admin#/content/drumeo/404728	92;94;78	
391720	guitareo	Good Riddance (Time Of Your Life) (Easy Version)	song	https://admin.musora.com/admin#/content/guitareo/391720	92;94	
381202	singeo	Good Riddance (Time Of Your Life)	song	https://admin.musora.com/admin#/content/singeo/381202	92;94	
386929	guitareo	Good Riddance (Time of Your Life) (Full Version)	song	https://admin.musora.com/admin#/content/guitareo/386929	92;94	
378567	pianote	Good Riddance (Time Of Your Life)	song	https://admin.musora.com/admin#/content/pianote/378567	92;94	
359319	drumeo	Give Blood	song	https://admin.musora.com/admin#/content/drumeo/359319	92;94;78	
358934	drumeo	Generator	song	https://admin.musora.com/admin#/content/drumeo/358934	92;94;78	
358936	drumeo	Gimme Stitches	song	https://admin.musora.com/admin#/content/drumeo/358936	92;94;78	
407885	pianote	Georgia On My Mind (Easy Version)	song	https://admin.musora.com/admin#/content/pianote/407885	92;94	
407884	pianote	Georgia On My Mind (Solo)	song	https://admin.musora.com/admin#/content/pianote/407884	92;94	
407883	pianote	Georgia On My Mind	song	https://admin.musora.com/admin#/content/pianote/407883	92;94	
285058	drumeo	Georgia On My Mind	song	https://admin.musora.com/admin#/content/drumeo/285058	92;94;78	
379448	pianote	Georgia On My Mind	song	https://admin.musora.com/admin#/content/pianote/379448	92;94	
406930	guitareo	Ghost Of Perdition	song	https://admin.musora.com/admin#/content/guitareo/406930	92;94	
375858	drumeo	Ghost Of Perdition	song	https://admin.musora.com/admin#/content/drumeo/375858	92;94;78	
264711	drumeo	Georgy Porgy	song	https://admin.musora.com/admin#/content/drumeo/264711	92;94;78	
324000	drumeo	Gloria	song	https://admin.musora.com/admin#/content/drumeo/324000	92;94;78	
270771	drumeo	The Grudge	song	https://admin.musora.com/admin#/content/drumeo/270771	92;94;78	
358916	drumeo	Good Grief	song	https://admin.musora.com/admin#/content/drumeo/358916	92;94;78	
264693	drumeo	Get Off My Cloud	song	https://admin.musora.com/admin#/content/drumeo/264693	92;94;78	
360019	drumeo	Growing On Me	song	https://admin.musora.com/admin#/content/drumeo/360019	92;94;78	
364759	drumeo	Gemini	song	https://admin.musora.com/admin#/content/drumeo/364759	92;94;78	
385415	drumeo	Ghost Town	song	https://admin.musora.com/admin#/content/drumeo/385415	92;94;78	
385851	drumeo	Glosoli	song	https://admin.musora.com/admin#/content/drumeo/385851	92;94;78	
348770	drumeo	Gimme Shelter	song	https://admin.musora.com/admin#/content/drumeo/348770	92;94;78	
388863	guitareo	Gimme Shelter	song	https://admin.musora.com/admin#/content/guitareo/388863	92;94	
387220	guitareo	Give Up The Grudge	song	https://admin.musora.com/admin#/content/guitareo/387220	92;94	
323926	drumeo	The Ground Beneath Her Feet	song	https://admin.musora.com/admin#/content/drumeo/323926	92;94;78	
315999	drumeo	Girlfriend	song	https://admin.musora.com/admin#/content/drumeo/315999	92;94;78	
323902	drumeo	Grace	song	https://admin.musora.com/admin#/content/drumeo/323902	92;94;78	
394930	drumeo	Getting Away With It (All Messed Up)	song	https://admin.musora.com/admin#/content/drumeo/394930	92;94;78	
385843	drumeo	Godan Daginn	song	https://admin.musora.com/admin#/content/drumeo/385843	92;94;78	
260362	drumeo	Grapevine Fires	song	https://admin.musora.com/admin#/content/drumeo/260362	92;94;78	
270709	drumeo	Gives You Hell	song	https://admin.musora.com/admin#/content/drumeo/270709	92;94;78	
323997	drumeo	Get On Your Boots	song	https://admin.musora.com/admin#/content/drumeo/323997	92;94;78	
396185	drumeo	Ghost Of Karelia	song	https://admin.musora.com/admin#/content/drumeo/396185	92;94;78	
375385	drumeo	God Put A Smile Upon Your Face	song	https://admin.musora.com/admin#/content/drumeo/375385	92;94;78	
384959	drumeo	Gett Off	song	https://admin.musora.com/admin#/content/drumeo/384959	92;94;78	
401594	drumeo	Grey Street	song	https://admin.musora.com/admin#/content/drumeo/401594	92;94;78	
396340	drumeo	Go To The Mirror	song	https://admin.musora.com/admin#/content/drumeo/396340	92;94;78	
384247	drumeo	Ghost In The Machine	song	https://admin.musora.com/admin#/content/drumeo/384247	92;94;78	
385113	drumeo	Going To A Go-Go	song	https://admin.musora.com/admin#/content/drumeo/385113	92;94;78	
385641	drumeo	Going Under	song	https://admin.musora.com/admin#/content/drumeo/385641	92;94;78	
291610	drumeo	Going Underground	song	https://admin.musora.com/admin#/content/drumeo/291610	92;94;78	
377110	drumeo	Gold Dust Woman	song	https://admin.musora.com/admin#/content/drumeo/377110	92;94;78	
385753	drumeo	Ghosts That We Knew	song	https://admin.musora.com/admin#/content/drumeo/385753	92;94;78	
385391	drumeo	Glowing	song	https://admin.musora.com/admin#/content/drumeo/385391	92;94;78	
388443	drumeo	Goodbye Girl	song	https://admin.musora.com/admin#/content/drumeo/388443	92;94;78	
394360	guitareo	Goodbye Yellow Brick Road	song	https://admin.musora.com/admin#/content/guitareo/394360	92;94	
380232	singeo	Goodbye Yellow Brick Road	song	https://admin.musora.com/admin#/content/singeo/380232	92;94	
378919	pianote	Goodbye Yellow Brick Road	song	https://admin.musora.com/admin#/content/pianote/378919	92;94	
375201	drumeo	Goodbye Yellow Brick Road	song	https://admin.musora.com/admin#/content/drumeo/375201	92;94;78	
403620	drumeo	Got The Time	song	https://admin.musora.com/admin#/content/drumeo/403620	92;94;78	
395270	guitareo	Got The Time	song	https://admin.musora.com/admin#/content/guitareo/395270	92;94	
383169	guitareo	The General	song	https://admin.musora.com/admin#/content/guitareo/383169	92;94	
382652	pianote	Greased Lightnin'	song	https://admin.musora.com/admin#/content/pianote/382652	92;94	
382963	singeo	Greased Lightnin'	song	https://admin.musora.com/admin#/content/singeo/382963	92;94	
264499	drumeo	Green-Tinted Sixties Mind	song	https://admin.musora.com/admin#/content/drumeo/264499	92;94;78	
278917	drumeo	Guilty	song	https://admin.musora.com/admin#/content/drumeo/278917	92;94;78	
403251	guitareo	The Guns Of Brixton	song	https://admin.musora.com/admin#/content/guitareo/403251	92;94	
384527	drumeo	Gypsy	song	https://admin.musora.com/admin#/content/drumeo/384527	92;94;78	
384401	drumeo	Girlfriend	song	https://admin.musora.com/admin#/content/drumeo/384401	92;94;78	
384911	drumeo	Garden In The Bones	song	https://admin.musora.com/admin#/content/drumeo/384911	92;94;78	
388522	guitareo	Ground Zero	song	https://admin.musora.com/admin#/content/guitareo/388522	92;94	
392321	drumeo	Golden Hour	song	https://admin.musora.com/admin#/content/drumeo/392321	92;94;78	
385635	drumeo	Girl U Want	song	https://admin.musora.com/admin#/content/drumeo/385635	92;94;78	
379753	pianote	Gus: The Theatre Cat	song	https://admin.musora.com/admin#/content/pianote/379753	92;94	
380710	singeo	Gus: The Theatre Cat	song	https://admin.musora.com/admin#/content/singeo/380710	92;94	
330293	drumeo	Hellraiser	song	https://admin.musora.com/admin#/content/drumeo/330293	92;94;78	
384381	drumeo	Hammer Smashed Face	song	https://admin.musora.com/admin#/content/drumeo/384381	92;94;78	
264511	drumeo	Heart-Shaped Box	song	https://admin.musora.com/admin#/content/drumeo/264511	92;94;78	
378939	pianote	Heart-Shaped Box	song	https://admin.musora.com/admin#/content/pianote/378939	92;94	
380927	singeo	Heart-Shaped Box	song	https://admin.musora.com/admin#/content/singeo/380927	92;94	
386933	guitareo	Heart-Shaped Box	song	https://admin.musora.com/admin#/content/guitareo/386933	92;94	
317234	drumeo	The House Of The Rising Sun	song	https://admin.musora.com/admin#/content/drumeo/317234	92;94;78	
391628	guitareo	The House Of The Rising Sun (Easy Version)	song	https://admin.musora.com/admin#/content/guitareo/391628	92;94	
377968	guitareo	The House Of The Rising Sun (Full Version)	song	https://admin.musora.com/admin#/content/guitareo/377968	92;94	
390797	singeo	House Of The Rising Sun	song	https://admin.musora.com/admin#/content/singeo/390797	92;94	
390717	pianote	House Of The Rising Sun	song	https://admin.musora.com/admin#/content/pianote/390717	92;94	
326655	drumeo	Hallowed Be Thy Name	song	https://admin.musora.com/admin#/content/drumeo/326655	92;94;78	
322180	drumeo	Hearts Breaking Even	song	https://admin.musora.com/admin#/content/drumeo/322180	92;94;78	
329056	drumeo	The Happiest Days Of Our Lives	song	https://admin.musora.com/admin#/content/drumeo/329056	92;94;78	
409318	drumeo	How Bizarre	song	https://admin.musora.com/admin#/content/drumeo/409318	92;94;78	
300277	drumeo	Hey, Johnny Park!	song	https://admin.musora.com/admin#/content/drumeo/300277	92;94;78	
303360	drumeo	Housequake	song	https://admin.musora.com/admin#/content/drumeo/303360	92;94;78	
384241	drumeo	How Blue Can You Get	song	https://admin.musora.com/admin#/content/drumeo/384241	92;94;78	
341272	drumeo	The Hounds Of Winter	song	https://admin.musora.com/admin#/content/drumeo/341272	92;94;78	
385617	drumeo	Human After All	song	https://admin.musora.com/admin#/content/drumeo/385617	92;94;78	
358938	drumeo	Headwires	song	https://admin.musora.com/admin#/content/drumeo/358938	92;94;78	
270639	drumeo	Halo	song	https://admin.musora.com/admin#/content/drumeo/270639	92;94;78	
383063	guitareo	Here Without You	song	https://admin.musora.com/admin#/content/guitareo/383063	92;94	
381548	drumeo	Here Without You	song	https://admin.musora.com/admin#/content/drumeo/381548	92;94;78	
378954	pianote	Here Without You	song	https://admin.musora.com/admin#/content/pianote/378954	92;94	
380933	singeo	Here Without You	song	https://admin.musora.com/admin#/content/singeo/380933	92;94	
328180	drumeo	Hitchin’ A Ride	song	https://admin.musora.com/admin#/content/drumeo/328180	92;94;78	
270729	drumeo	Hey Pocky A-Way	song	https://admin.musora.com/admin#/content/drumeo/270729	92;94;78	
291244	drumeo	Heart Of Glass	song	https://admin.musora.com/admin#/content/drumeo/291244	92;94;78	
270621	drumeo	Hey Ya!	song	https://admin.musora.com/admin#/content/drumeo/270621	92;94;78	
378933	pianote	Hard To Say I’m Sorry	song	https://admin.musora.com/admin#/content/pianote/378933	92;94	
381238	singeo	Hard To Say I’m Sorry	song	https://admin.musora.com/admin#/content/singeo/381238	92;94	
394850	singeo	Hard To Say I'm Sorry	song	https://admin.musora.com/admin#/content/singeo/394850	92;94	
383141	guitareo	Hard To Say I’m Sorry	song	https://admin.musora.com/admin#/content/guitareo/383141	92;94	
385381	drumeo	Harlem Shuffle	song	https://admin.musora.com/admin#/content/drumeo/385381	92;94;78	
385143	drumeo	Heavy Cloud No Rain	song	https://admin.musora.com/admin#/content/drumeo/385143	92;94;78	
321197	drumeo	Hole In My Life	song	https://admin.musora.com/admin#/content/drumeo/321197	92;94;78	
324064	drumeo	Hawkmoon 269	song	https://admin.musora.com/admin#/content/drumeo/324064	92;94;78	
324069	drumeo	Heartland	song	https://admin.musora.com/admin#/content/drumeo/324069	92;94;78	
264539	drumeo	Have A Cigar	song	https://admin.musora.com/admin#/content/drumeo/264539	92;94;78	
270461	drumeo	Hard-Wired	song	https://admin.musora.com/admin#/content/drumeo/270461	92;94;78	
395211	drumeo	The Hollow	song	https://admin.musora.com/admin#/content/drumeo/395211	92;94;78	
358974	drumeo	Hell	song	https://admin.musora.com/admin#/content/drumeo/358974	92;94;78	
406485	singeo	Holiday	song	https://admin.musora.com/admin#/content/singeo/406485	92;94	
387803	guitareo	Holiday	song	https://admin.musora.com/admin#/content/guitareo/387803	92;94	
284890	drumeo	Holiday	song	https://admin.musora.com/admin#/content/drumeo/284890	92;94;78	
371152	drumeo	Here Comes Your Man	song	https://admin.musora.com/admin#/content/drumeo/371152	92;94;78	
385853	drumeo	Hoppipolla	song	https://admin.musora.com/admin#/content/drumeo/385853	92;94;78	
379935	pianote	He Needs Me	song	https://admin.musora.com/admin#/content/pianote/379935	92;94	
380832	singeo	He Needs Me	song	https://admin.musora.com/admin#/content/singeo/380832	92;94	
382638	pianote	He Touched Me	song	https://admin.musora.com/admin#/content/pianote/382638	92;94	
382947	singeo	He Touched Me	song	https://admin.musora.com/admin#/content/singeo/382947	92;94	
382773	pianote	Hedwig's Theme (Easy Version)	song	https://admin.musora.com/admin#/content/pianote/382773	92;94	
379341	pianote	Hedwig's Theme	song	https://admin.musora.com/admin#/content/pianote/379341	92;94	
284874	drumeo	Home	song	https://admin.musora.com/admin#/content/drumeo/284874	92;94;78	
260613	drumeo	Head Over Heels	song	https://admin.musora.com/admin#/content/drumeo/260613	92;94;78	
382439	drumeo	Head Over Heels	song	https://admin.musora.com/admin#/content/drumeo/382439	92;94;78	
275540	drumeo	Heart And Soul	song	https://admin.musora.com/admin#/content/drumeo/275540	92;94;78	
388587	guitareo	Heart Of Stone	song	https://admin.musora.com/admin#/content/guitareo/388587	92;94	
376562	drumeo	Heartbreaker	song	https://admin.musora.com/admin#/content/drumeo/376562	92;94;78	
377728	guitareo	Heaven Is A Place On Earth	song	https://admin.musora.com/admin#/content/guitareo/377728	92;94	
378461	pianote	Heaven Is A Place On Earth	song	https://admin.musora.com/admin#/content/pianote/378461	92;94	
381172	singeo	Heaven Is A Place On Earth	song	https://admin.musora.com/admin#/content/singeo/381172	92;94	
299108	drumeo	Human	song	https://admin.musora.com/admin#/content/drumeo/299108	92;94;78	
284954	drumeo	Heaven's On Fire	song	https://admin.musora.com/admin#/content/drumeo/284954	92;94;78	
385205	drumeo	Heavy Metal Poisoning	song	https://admin.musora.com/admin#/content/drumeo/385205	92;94;78	
379795	pianote	Hello, Dolly!	song	https://admin.musora.com/admin#/content/pianote/379795	92;94	
380752	singeo	Hello, Dolly!	song	https://admin.musora.com/admin#/content/singeo/380752	92;94	
391462	drumeo	Hunting Girl	song	https://admin.musora.com/admin#/content/drumeo/391462	92;94;78	
390987	drumeo	Hedonism	song	https://admin.musora.com/admin#/content/drumeo/390987	92;94;78	
382295	guitareo	Helplessy Hoping	song	https://admin.musora.com/admin#/content/guitareo/382295	92;94	
291406	drumeo	Here To Stay	song	https://admin.musora.com/admin#/content/drumeo/291406	92;94;78	
385911	drumeo	Hard To Explain	song	https://admin.musora.com/admin#/content/drumeo/385911	92;94;78	
383184	guitareo	Here Comes The Rain Again	song	https://admin.musora.com/admin#/content/guitareo/383184	92;94	
380931	singeo	Here Comes The Rain Again	song	https://admin.musora.com/admin#/content/singeo/380931	92;94	
378948	pianote	Here Comes The Rain Again	song	https://admin.musora.com/admin#/content/pianote/378948	92;94	
358956	drumeo	Have It All	song	https://admin.musora.com/admin#/content/drumeo/358956	92;94;78	
358954	drumeo	Halo	song	https://admin.musora.com/admin#/content/drumeo/358954	92;94;78	
391808	guitareo	Handle With Care	song	https://admin.musora.com/admin#/content/guitareo/391808	92;94	
388584	guitareo	Here Comes The Sun	song	https://admin.musora.com/admin#/content/guitareo/388584	92;94	
380247	singeo	Here Comes The Sun	song	https://admin.musora.com/admin#/content/singeo/380247	92;94	
378950	pianote	Here Comes The Sun	song	https://admin.musora.com/admin#/content/pianote/378950	92;94	
264657	drumeo	Here Comes The Sun	song	https://admin.musora.com/admin#/content/drumeo/264657	92;94;78	
294020	drumeo	Head Down	song	https://admin.musora.com/admin#/content/drumeo/294020	92;94;78	
294017	drumeo	Half	song	https://admin.musora.com/admin#/content/drumeo/294017	92;94;78	
384677	drumeo	Hey Lawdy Mama	song	https://admin.musora.com/admin#/content/drumeo/384677	92;94;78	
349732	drumeo	Hurricane	song	https://admin.musora.com/admin#/content/drumeo/349732	92;94;78	
322469	drumeo	Here It Goes Again	song	https://admin.musora.com/admin#/content/drumeo/322469	92;94;78	
389266	guitareo	Hey You	song	https://admin.musora.com/admin#/content/guitareo/389266	92;94	
264541	drumeo	Hey You	song	https://admin.musora.com/admin#/content/drumeo/264541	92;94;78	
291390	drumeo	How I Wish	song	https://admin.musora.com/admin#/content/drumeo/291390	92;94;78	
385951	drumeo	The Hardest Button To Button	song	https://admin.musora.com/admin#/content/drumeo/385951	92;94;78	
388203	guitareo	Hardest Button To Button	song	https://admin.musora.com/admin#/content/guitareo/388203	92;94	
387456	guitareo	Hello Operator	song	https://admin.musora.com/admin#/content/guitareo/387456	92;94	
392695	drumeo	Hello Operator	song	https://admin.musora.com/admin#/content/drumeo/392695	92;94;78	
324859	drumeo	High 'n' Dry (Saturday Night)	song	https://admin.musora.com/admin#/content/drumeo/324859	92;94;78	
390142	drumeo	Higher	song	https://admin.musora.com/admin#/content/drumeo/390142	92;94;78	
270377	drumeo	Holocene	song	https://admin.musora.com/admin#/content/drumeo/270377	92;94;78	
391016	pianote	Hold The Line	song	https://admin.musora.com/admin#/content/pianote/391016	92;94	
221443	drumeo	Hold The Line	song	https://admin.musora.com/admin#/content/drumeo/221443	92;94;78	
391168	singeo	Hold The Line	song	https://admin.musora.com/admin#/content/singeo/391168	92;94	
402993	guitareo	Hold The Line	song	https://admin.musora.com/admin#/content/guitareo/402993	92;94	
378463	pianote	How Great Thou Art	song	https://admin.musora.com/admin#/content/pianote/378463	92;94	
279285	drumeo	Home At Last	song	https://admin.musora.com/admin#/content/drumeo/279285	92;94;78	
389670	drumeo	Home Loving Man	song	https://admin.musora.com/admin#/content/drumeo/389670	92;94;78	
309374	drumeo	Honey Don't	song	https://admin.musora.com/admin#/content/drumeo/309374	92;94;78	
408539	guitareo	Honey Don't	song	https://admin.musora.com/admin#/content/guitareo/408539	92;94	
378969	pianote	Ho Hey	song	https://admin.musora.com/admin#/content/pianote/378969	92;94	
383396	guitareo	Ho Hey	song	https://admin.musora.com/admin#/content/guitareo/383396	92;94	
380939	singeo	Ho Hey	song	https://admin.musora.com/admin#/content/singeo/380939	92;94	
382466	drumeo	Hoochie Coochie Man	song	https://admin.musora.com/admin#/content/drumeo/382466	92;94;78	
385755	drumeo	Holland Road	song	https://admin.musora.com/admin#/content/drumeo/385755	92;94;78	
385757	drumeo	Hopeless Wanderer	song	https://admin.musora.com/admin#/content/drumeo/385757	92;94;78	
303358	drumeo	Hot Thing	song	https://admin.musora.com/admin#/content/drumeo/303358	92;94;78	
260371	drumeo	Hotel California	song	https://admin.musora.com/admin#/content/drumeo/260371	92;94;78	
406885	guitareo	Hotel California (Easy Version)	song	https://admin.musora.com/admin#/content/guitareo/406885	92;94	
378975	pianote	Hotel California	song	https://admin.musora.com/admin#/content/pianote/378975	92;94	
381162	singeo	Hotel California	song	https://admin.musora.com/admin#/content/singeo/381162	92;94	
383929	guitareo	Hotel California	song	https://admin.musora.com/admin#/content/guitareo/383929	92;94	
394739	drumeo	Hotel California (Easy Version)	song	https://admin.musora.com/admin#/content/drumeo/394739	92;94;78	
392539	singeo	How Deep Is Your Love	song	https://admin.musora.com/admin#/content/singeo/392539	92;94	
395310	pianote	How Deep Is Your Love	song	https://admin.musora.com/admin#/content/pianote/395310	92;94	
383208	guitareo	How Many More Years	song	https://admin.musora.com/admin#/content/guitareo/383208	92;94	
385683	drumeo	Harlem River Blues	song	https://admin.musora.com/admin#/content/drumeo/385683	92;94;78	
321174	drumeo	Hungry For You	song	https://admin.musora.com/admin#/content/drumeo/321174	92;94;78	
328195	drumeo	Hater	song	https://admin.musora.com/admin#/content/drumeo/328195	92;94;78	
384411	drumeo	Harbor	song	https://admin.musora.com/admin#/content/drumeo/384411	92;94;78	
291484	drumeo	Hurts To Be Alone	song	https://admin.musora.com/admin#/content/drumeo/291484	92;94;78	
396874	guitareo	Heaven	song	https://admin.musora.com/admin#/content/guitareo/396874	92;94	
381166	singeo	Heaven	song	https://admin.musora.com/admin#/content/singeo/381166	92;94	
260338	drumeo	Heaven	song	https://admin.musora.com/admin#/content/drumeo/260338	92;94;78	
378941	pianote	Heaven	song	https://admin.musora.com/admin#/content/pianote/378941	92;94	
291260	drumeo	Hot Mess	song	https://admin.musora.com/admin#/content/drumeo/291260	92;94;78	
378060	guitareo	Happier Than Ever	song	https://admin.musora.com/admin#/content/guitareo/378060	92;94	
356071	drumeo	Happier Than Ever	song	https://admin.musora.com/admin#/content/drumeo/356071	92;94;78	
359058	drumeo	Holding Poison	song	https://admin.musora.com/admin#/content/drumeo/359058	92;94;78	
381566	drumeo	Hyper Vigilance	song	https://admin.musora.com/admin#/content/drumeo/381566	92;94;78	
356077	drumeo	Higher Power	song	https://admin.musora.com/admin#/content/drumeo/356077	92;94;78	
329576	drumeo	Harridan	song	https://admin.musora.com/admin#/content/drumeo/329576	92;94;78	
401424	singeo	Have I Told You Lately That I Love You	song	https://admin.musora.com/admin#/content/singeo/401424	92;94	
385393	drumeo	Hall Of Fame	song	https://admin.musora.com/admin#/content/drumeo/385393	92;94;78	
391408	drumeo	Hand Cannot Erase	song	https://admin.musora.com/admin#/content/drumeo/391408	92;94;78	
385957	drumeo	Hotel Yorba	song	https://admin.musora.com/admin#/content/drumeo/385957	92;94;78	
380865	singeo	Happy Xmas (War Is Over)	song	https://admin.musora.com/admin#/content/singeo/380865	92;94	
379967	pianote	Happy Xmas (War Is Over)	song	https://admin.musora.com/admin#/content/pianote/379967	92;94	
396763	guitareo	Happy Xmas (War Is Over) (Easy version)	song	https://admin.musora.com/admin#/content/guitareo/396763	92;94	
396697	guitareo	Happy Xmas (War Is Over) (Full version)	song	https://admin.musora.com/admin#/content/guitareo/396697	92;94	
284706	drumeo	Heart's Done Time	song	https://admin.musora.com/admin#/content/drumeo/284706	92;94;78	
291258	drumeo	How Long	song	https://admin.musora.com/admin#/content/drumeo/291258	92;94;78	
359040	drumeo	Happy Ever After (Zero Hour)	song	https://admin.musora.com/admin#/content/drumeo/359040	92;94;78	
324061	drumeo	In God's Country	song	https://admin.musora.com/admin#/content/drumeo/324061	92;94;78	
392754	guitareo	The Court Of The Crimson King	song	https://admin.musora.com/admin#/content/guitareo/392754	92;94	
394007	drumeo	The Court Of The Crimson King	song	https://admin.musora.com/admin#/content/drumeo/394007	92;94;78	
384713	drumeo	I Talk To The Wind	song	https://admin.musora.com/admin#/content/drumeo/384713	92;94;78	
337401	drumeo	I Am The Law	song	https://admin.musora.com/admin#/content/drumeo/337401	92;94;78	
385145	drumeo	It's Probably Me	song	https://admin.musora.com/admin#/content/drumeo/385145	92;94;78	
392584	guitareo	If I Had A Hammer	song	https://admin.musora.com/admin#/content/guitareo/392584	92;94	
303364	drumeo	If I Was Your Girlfriend	song	https://admin.musora.com/admin#/content/drumeo/303364	92;94;78	
383274	guitareo	In Bloom	song	https://admin.musora.com/admin#/content/guitareo/383274	92;94	
260519	drumeo	In Bloom	song	https://admin.musora.com/admin#/content/drumeo/260519	92;94;78	
398876	pianote	It Came Upon A Midnight Clear	song	https://admin.musora.com/admin#/content/pianote/398876	92;94	
399010	pianote	It Came Upon A Midnight Clear (Easy Version)	song	https://admin.musora.com/admin#/content/pianote/399010	92;94	
378411	guitareo	I Can't Explain	song	https://admin.musora.com/admin#/content/guitareo/378411	92;94	
382497	drumeo	I Won't Hold You Back	song	https://admin.musora.com/admin#/content/drumeo/382497	92;94;78	
409324	drumeo	I’m Too Sexy	song	https://admin.musora.com/admin#/content/drumeo/409324	92;94;78	
301948	drumeo	I Can't Quit You Baby	song	https://admin.musora.com/admin#/content/drumeo/301948	92;94;78	
317240	drumeo	When I Come Around	song	https://admin.musora.com/admin#/content/drumeo/317240	92;94;78	
377847	guitareo	When I Come Around	song	https://admin.musora.com/admin#/content/guitareo/377847	92;94	
379021	pianote	I’ll Be There For You	song	https://admin.musora.com/admin#/content/pianote/379021	92;94	
380961	singeo	I’ll Be There For You	song	https://admin.musora.com/admin#/content/singeo/380961	92;94	
387973	guitareo	I’ll Be There For You	song	https://admin.musora.com/admin#/content/guitareo/387973	92;94	
330295	drumeo	I Don't Want To Change The World	song	https://admin.musora.com/admin#/content/drumeo/330295	92;94;78	
291630	drumeo	I Wanna Be Adored	song	https://admin.musora.com/admin#/content/drumeo/291630	92;94;78	
383017	singeo	The Most Wonderful Time Of The Year	song	https://admin.musora.com/admin#/content/singeo/383017	92;94	
378618	pianote	The Most Wonderful Time Of The Year	song	https://admin.musora.com/admin#/content/pianote/378618	92;94	
379040	pianote	Insensitive	song	https://admin.musora.com/admin#/content/pianote/379040	92;94	
380981	singeo	Insensitive	song	https://admin.musora.com/admin#/content/singeo/380981	92;94	
358918	drumeo	I'll Stick Around	song	https://admin.musora.com/admin#/content/drumeo/358918	92;94;78	
328171	drumeo	It’s Time	song	https://admin.musora.com/admin#/content/drumeo/328171	92;94;78	
380712	singeo	I Don't Know How To Love Him	song	https://admin.musora.com/admin#/content/singeo/380712	92;94	
379755	pianote	I Don't Know How To Love Him	song	https://admin.musora.com/admin#/content/pianote/379755	92;94	
278993	drumeo	It's All Coming Back To Me Now	song	https://admin.musora.com/admin#/content/drumeo/278993	92;94;78	
391791	pianote	It's All Coming Back To Me Now	song	https://admin.musora.com/admin#/content/pianote/391791	92;94	
391874	singeo	It's All Coming Back To Me Now	song	https://admin.musora.com/admin#/content/singeo/391874	92;94	
378987	pianote	I Believe I Can Fly	song	https://admin.musora.com/admin#/content/pianote/378987	92;94	
381158	singeo	I Believe I Can Fly	song	https://admin.musora.com/admin#/content/singeo/381158	92;94	
384919	drumeo	I Don’t Wanna Let You Go	song	https://admin.musora.com/admin#/content/drumeo/384919	92;94;78	
329049	drumeo	In The Flesh?	song	https://admin.musora.com/admin#/content/drumeo/329049	92;94;78	
394551	guitareo	In The Flesh?	song	https://admin.musora.com/admin#/content/guitareo/394551	92;94	
390595	guitareo	Iris	song	https://admin.musora.com/admin#/content/guitareo/390595	92;94	
322458	drumeo	Iris	song	https://admin.musora.com/admin#/content/drumeo/322458	92;94;78	
379044	pianote	Iris	song	https://admin.musora.com/admin#/content/pianote/379044	92;94	
380983	singeo	Iris	song	https://admin.musora.com/admin#/content/singeo/380983	92;94	
388085	guitareo	I Think I'm Paranoid	song	https://admin.musora.com/admin#/content/guitareo/388085	92;94	
379571	pianote	I Guess That's Why They Call It The Blues	song	https://admin.musora.com/admin#/content/pianote/379571	92;94	
380539	singeo	I Guess That's Why They Call It The Blues	song	https://admin.musora.com/admin#/content/singeo/380539	92;94	
356038	drumeo	I Hate Myself For Loving You	song	https://admin.musora.com/admin#/content/drumeo/356038	92;94;78	
385117	drumeo	I Got You	song	https://admin.musora.com/admin#/content/drumeo/385117	92;94;78	
405664	guitareo	If I Don't Be There By Morning	song	https://admin.musora.com/admin#/content/guitareo/405664	92;94	
365659	drumeo	I Alone	song	https://admin.musora.com/admin#/content/drumeo/365659	92;94;78	
270697	drumeo	I Hung My Head	song	https://admin.musora.com/admin#/content/drumeo/270697	92;94;78	
385947	drumeo	I Just Don't Know What To With Myself	song	https://admin.musora.com/admin#/content/drumeo/385947	92;94;78	
303362	drumeo	I Could Never Take The Place Of Your Man	song	https://admin.musora.com/admin#/content/drumeo/303362	92;94;78	
379852	pianote	I Just Want To Make Love To You	song	https://admin.musora.com/admin#/content/pianote/379852	92;94	
383453	guitareo	I Just Want To Make Love To You	song	https://admin.musora.com/admin#/content/guitareo/383453	92;94	
275758	drumeo	It Ends Tonight	song	https://admin.musora.com/admin#/content/drumeo/275758	92;94;78	
260471	drumeo	In The End	song	https://admin.musora.com/admin#/content/drumeo/260471	92;94;78	
390421	guitareo	In The End	song	https://admin.musora.com/admin#/content/guitareo/390421	92;94	
349728	drumeo	I Love It Loud	song	https://admin.musora.com/admin#/content/drumeo/349728	92;94;78	
389036	drumeo	I Love To Boogie	song	https://admin.musora.com/admin#/content/drumeo/389036	92;94;78	
303366	drumeo	It	song	https://admin.musora.com/admin#/content/drumeo/303366	92;94;78	
309428	drumeo	I Me Mine	song	https://admin.musora.com/admin#/content/drumeo/309428	92;94;78	
386779	guitareo	I Still Haven’t Found What I’m Looking For	song	https://admin.musora.com/admin#/content/guitareo/386779	92;94	
380947	singeo	I Still Haven’t Found What I’m Looking For	song	https://admin.musora.com/admin#/content/singeo/380947	92;94	
264721	drumeo	I Still Haven't Found What I'm Looking For	song	https://admin.musora.com/admin#/content/drumeo/264721	92;94;78	
324008	drumeo	I Fall Down	song	https://admin.musora.com/admin#/content/drumeo/324008	92;94;78	
379003	pianote	I Still Haven’t Found What I’m Looking For	song	https://admin.musora.com/admin#/content/pianote/379003	92;94	
324012	drumeo	I Threw A Brick Through A Window	song	https://admin.musora.com/admin#/content/drumeo/324012	92;94;78	
324090	drumeo	Indian Summer Sky	song	https://admin.musora.com/admin#/content/drumeo/324090	92;94;78	
323958	drumeo	Into The Heart	song	https://admin.musora.com/admin#/content/drumeo/323958	92;94;78	
324017	drumeo	Is That All?	song	https://admin.musora.com/admin#/content/drumeo/324017	92;94;78	
380491	singeo	If I Ain't Got You	song	https://admin.musora.com/admin#/content/singeo/380491	92;94	
379521	pianote	If I Ain't Got You	song	https://admin.musora.com/admin#/content/pianote/379521	92;94	
284716	drumeo	If I Ain’t Got You	song	https://admin.musora.com/admin#/content/drumeo/284716	92;94;78	
314511	drumeo	I'm Shipping Up To Boston	song	https://admin.musora.com/admin#/content/drumeo/314511	92;94;78	
378571	pianote	I Only Want To Say (Gethsemane)	song	https://admin.musora.com/admin#/content/pianote/378571	92;94	
381206	singeo	I Only Want To Say (Gethsemane)	song	https://admin.musora.com/admin#/content/singeo/381206	92;94	
305660	drumeo	I Stand Alone	song	https://admin.musora.com/admin#/content/drumeo/305660	92;94;78	
382442	drumeo	If I Should Fall From Grace With God	song	https://admin.musora.com/admin#/content/drumeo/382442	92;94;78	
291564	drumeo	I Turn My Camera On	song	https://admin.musora.com/admin#/content/drumeo/291564	92;94;78	
380270	singeo	I Say A Little Prayer	song	https://admin.musora.com/admin#/content/singeo/380270	92;94	
377705	guitareo	I Say A Little Prayer	song	https://admin.musora.com/admin#/content/guitareo/377705	92;94	
379001	pianote	I Say A Little Prayer	song	https://admin.musora.com/admin#/content/pianote/379001	92;94	
270497	drumeo	I Shot The Sherrif	song	https://admin.musora.com/admin#/content/drumeo/270497	92;94;78	
331551	drumeo	I Shot The Sheriff	song	https://admin.musora.com/admin#/content/drumeo/331551	92;94;78	
358976	drumeo	In Your Honor	song	https://admin.musora.com/admin#/content/drumeo/358976	92;94;78	
362465	drumeo	I Believe In A Thing Called Love	song	https://admin.musora.com/admin#/content/drumeo/362465	92;94;78	
391814	guitareo	I Believe In A Thing Called Love	song	https://admin.musora.com/admin#/content/guitareo/391814	92;94	
285048	drumeo	I Wanna Be Your Lover	song	https://admin.musora.com/admin#/content/drumeo/285048	92;94;78	
391499	guitareo	I Wanna Be Your Lover	song	https://admin.musora.com/admin#/content/guitareo/391499	92;94	
270789	drumeo	I Wanna Dance With Somebody (Who Loves Me)	song	https://admin.musora.com/admin#/content/drumeo/270789	92;94;78	
322018	drumeo	I Want You	song	https://admin.musora.com/admin#/content/drumeo/322018	92;94;78	
376584	drumeo	I Wanna Rock	song	https://admin.musora.com/admin#/content/drumeo/376584	92;94;78	
322172	drumeo	(It's Hard) Letting You Go	song	https://admin.musora.com/admin#/content/drumeo/322172	92;94;78	
331191	drumeo	I Want To Know What Love Is	song	https://admin.musora.com/admin#/content/drumeo/331191	92;94;78	
394852	singeo	I Want To Know What Love Is	song	https://admin.musora.com/admin#/content/singeo/394852	92;94	
260456	drumeo	I Was Made For Lovin' You	song	https://admin.musora.com/admin#/content/drumeo/260456	92;94;78	
391482	guitareo	I Was Made For Lovin' You Baby	song	https://admin.musora.com/admin#/content/guitareo/391482	92;94	
264723	drumeo	I Will Follow	song	https://admin.musora.com/admin#/content/drumeo/264723	92;94;78	
394825	guitareo	I Will Follow	song	https://admin.musora.com/admin#/content/guitareo/394825	92;94	
328210	drumeo	If I Never See Your Face Again	song	https://admin.musora.com/admin#/content/drumeo/328210	92;94;78	
403118	guitareo	I Want It That Way (Easy Version)	song	https://admin.musora.com/admin#/content/guitareo/403118	92;94	
380951	singeo	I Want It That Way	song	https://admin.musora.com/admin#/content/singeo/380951	92;94	
379009	pianote	I Want It That Way	song	https://admin.musora.com/admin#/content/pianote/379009	92;94	
270353	drumeo	I Want It That Way	song	https://admin.musora.com/admin#/content/drumeo/270353	92;94;78	
377724	guitareo	I Want It That Way (Full Version)	song	https://admin.musora.com/admin#/content/guitareo/377724	92;94	
384917	drumeo	I Am An Animal	song	https://admin.musora.com/admin#/content/drumeo/384917	92;94;78	
303255	drumeo	I Would Die 4 U	song	https://admin.musora.com/admin#/content/drumeo/303255	92;94;78	
391484	guitareo	I Would Die 4 U	song	https://admin.musora.com/admin#/content/guitareo/391484	92;94	
373786	drumeo	It's Not My Time	song	https://admin.musora.com/admin#/content/drumeo/373786	92;94;78	
377740	guitareo	If I Were A Boy	song	https://admin.musora.com/admin#/content/guitareo/377740	92;94	
379032	pianote	If I Were A Boy	song	https://admin.musora.com/admin#/content/pianote/379032	92;94	
380973	singeo	If I Were A Boy	song	https://admin.musora.com/admin#/content/singeo/380973	92;94	
384267	drumeo	If I Were A Boy	song	https://admin.musora.com/admin#/content/drumeo/384267	92;94;78	
385845	drumeo	Inni Mer Syngur Vitleysingur	song	https://admin.musora.com/admin#/content/drumeo/385845	92;94;78	
405510	drumeo	Intergalactic	song	https://admin.musora.com/admin#/content/drumeo/405510	92;94;78	
383083	guitareo	Intergalactic	song	https://admin.musora.com/admin#/content/guitareo/383083	92;94	
284802	drumeo	Illusions	song	https://admin.musora.com/admin#/content/drumeo/284802	92;94;78	
291658	drumeo	I'll Supply The Love	song	https://admin.musora.com/admin#/content/drumeo/291658	92;94;78	
323906	drumeo	In A Little While	song	https://admin.musora.com/admin#/content/drumeo/323906	92;94;78	
324001	drumeo	I'll Go Crazy If I Don't Go Crazy Tonight	song	https://admin.musora.com/admin#/content/drumeo/324001	92;94;78	
384727	drumeo	I'm A Woman	song	https://admin.musora.com/admin#/content/drumeo/384727	92;94;78	
291516	drumeo	I Wonder	song	https://admin.musora.com/admin#/content/drumeo/291516	92;94;78	
389123	drumeo	I'm Bored	song	https://admin.musora.com/admin#/content/drumeo/389123	92;94;78	
264667	drumeo	I Gotta Feeling	song	https://admin.musora.com/admin#/content/drumeo/264667	92;94;78	
385913	drumeo	Is This It	song	https://admin.musora.com/admin#/content/drumeo/385913	92;94;78	
396351	drumeo	I'm One	song	https://admin.musora.com/admin#/content/drumeo/396351	92;94;78	
384947	drumeo	International Lover	song	https://admin.musora.com/admin#/content/drumeo/384947	92;94;78	
387859	guitareo	I'm Still Standing	song	https://admin.musora.com/admin#/content/guitareo/387859	92;94	
382959	singeo	I'm Still Standing	song	https://admin.musora.com/admin#/content/singeo/382959	92;94	
382648	pianote	I'm Still Standing	song	https://admin.musora.com/admin#/content/pianote/382648	92;94	
403832	drumeo	I Got The...	song	https://admin.musora.com/admin#/content/drumeo/403832	92;94;78	
385769	drumeo	I Gave You All	song	https://admin.musora.com/admin#/content/drumeo/385769	92;94;78	
390799	singeo	In My Place	song	https://admin.musora.com/admin#/content/singeo/390799	92;94	
390719	pianote	In My Place	song	https://admin.musora.com/admin#/content/pianote/390719	92;94	
291364	drumeo	It's Different For Girls	song	https://admin.musora.com/admin#/content/drumeo/291364	92;94;78	
402805	drumeo	In Da Club	song	https://admin.musora.com/admin#/content/drumeo/402805	92;94;78	
390733	pianote	I'm Gonna Getcha Good	song	https://admin.musora.com/admin#/content/pianote/390733	92;94	
390813	singeo	I'm Gonna Getcha Good	song	https://admin.musora.com/admin#/content/singeo/390813	92;94	
322016	drumeo	I Believe	song	https://admin.musora.com/admin#/content/drumeo/322016	92;94;78	
298991	drumeo	Ice Cream Man	song	https://admin.musora.com/admin#/content/drumeo/298991	92;94;78	
382395	drumeo	If	song	https://admin.musora.com/admin#/content/drumeo/382395	92;94;78	
385959	drumeo	I'm Finding It Harder To Be A Gentleman	song	https://admin.musora.com/admin#/content/drumeo/385959	92;94;78	
391402	drumeo	It Ain't Over 'Til It's Over	song	https://admin.musora.com/admin#/content/drumeo/391402	92;94;78	
379797	pianote	I Can Hear The Bells	song	https://admin.musora.com/admin#/content/pianote/379797	92;94	
380754	singeo	I Can Hear The Bells	song	https://admin.musora.com/admin#/content/singeo/380754	92;94	
379799	pianote	I Know Where I've Been	song	https://admin.musora.com/admin#/content/pianote/379799	92;94	
380756	singeo	I Know Where I've Been	song	https://admin.musora.com/admin#/content/singeo/380756	92;94	
348738	drumeo	I Still Believe	song	https://admin.musora.com/admin#/content/drumeo/348738	92;94;78	
260439	drumeo	Imagine	song	https://admin.musora.com/admin#/content/drumeo/260439	92;94;78	
377881	guitareo	Imagine	song	https://admin.musora.com/admin#/content/guitareo/377881	92;94	
379933	pianote	Imagine	song	https://admin.musora.com/admin#/content/pianote/379933	92;94	
380828	singeo	Imagine	song	https://admin.musora.com/admin#/content/singeo/380828	92;94	
359014	drumeo	I Should Have Known	song	https://admin.musora.com/admin#/content/drumeo/359014	92;94;78	
359080	drumeo	You Should Be Dancing	song	https://admin.musora.com/admin#/content/drumeo/359080	92;94;78	
264355	drumeo	I Need A Doctor	song	https://admin.musora.com/admin#/content/drumeo/264355	92;94;78	
260679	drumeo	In Waves	song	https://admin.musora.com/admin#/content/drumeo/260679	92;94;78	
375226	drumeo	Islands	song	https://admin.musora.com/admin#/content/drumeo/375226	92;94;78	
401395	pianote	Isolation	song	https://admin.musora.com/admin#/content/pianote/401395	92;94	
388690	drumeo	It Gets Funkier	song	https://admin.musora.com/admin#/content/drumeo/388690	92;94;78	
385759	drumeo	I Will Wait	song	https://admin.musora.com/admin#/content/drumeo/385759	92;94;78	
389038	drumeo	I Knew You Were Trouble	song	https://admin.musora.com/admin#/content/drumeo/389038	92;94;78	
380624	singeo	I Knew You Were Trouble	song	https://admin.musora.com/admin#/content/singeo/380624	92;94	
379667	pianote	I Knew You Were Trouble	song	https://admin.musora.com/admin#/content/pianote/379667	92;94	
394847	singeo	Must Have Been Love	song	https://admin.musora.com/admin#/content/singeo/394847	92;94	
388673	drumeo	It Must Have Been Love	song	https://admin.musora.com/admin#/content/drumeo/388673	92;94;78	
385559	drumeo	It Takes A Lot To Laugh, It Takes A Train To Cry	song	https://admin.musora.com/admin#/content/drumeo/385559	92;94;78	
405635	guitareo	It's All Over Now, Baby Blue (Easy Version)	song	https://admin.musora.com/admin#/content/guitareo/405635	92;94	
403756	guitareo	It's All Over Now, Baby Blue (Full Version)	song	https://admin.musora.com/admin#/content/guitareo/403756	92;94	
321258	drumeo	It's Alright For You	song	https://admin.musora.com/admin#/content/drumeo/321258	92;94;78	
385283	drumeo	It's My Life	song	https://admin.musora.com/admin#/content/drumeo/385283	92;94;78	
387302	guitareo	It's The End Of The World As We Know It (And I Feel Fine)	song	https://admin.musora.com/admin#/content/guitareo/387302	92;94	
382456	drumeo	Inca Roads	song	https://admin.musora.com/admin#/content/drumeo/382456	92;94;78	
264635	drumeo	If I Ever Lose My Faith In You	song	https://admin.musora.com/admin#/content/drumeo/264635	92;94;78	
270765	drumeo	Invincible	song	https://admin.musora.com/admin#/content/drumeo/270765	92;94;78	
328247	drumeo	ILY (I Love You Baby)	song	https://admin.musora.com/admin#/content/drumeo/328247	92;94;78	
270715	drumeo	I Want To Hold Your Hand	song	https://admin.musora.com/admin#/content/drumeo/270715	92;94;78	
379711	pianote	I Want To Hold Your Hand	song	https://admin.musora.com/admin#/content/pianote/379711	92;94	
380668	singeo	I Want To Hold Your Hand	song	https://admin.musora.com/admin#/content/singeo/380668	92;94	
383383	guitareo	I Want To Hold Your Hand	song	https://admin.musora.com/admin#/content/guitareo/383383	92;94	
356069	drumeo	I Still Have Faith In You	song	https://admin.musora.com/admin#/content/drumeo/356069	92;94;78	
384913	drumeo	It's Only Smiles	song	https://admin.musora.com/admin#/content/drumeo/384913	92;94;78	
384679	drumeo	Intentions	song	https://admin.musora.com/admin#/content/drumeo/384679	92;94;78	
362430	drumeo	I Can't Go For That	song	https://admin.musora.com/admin#/content/drumeo/362430	92;94;78	
314513	drumeo	Into The Storm	song	https://admin.musora.com/admin#/content/drumeo/314513	92;94;78	
349675	drumeo	Indians	song	https://admin.musora.com/admin#/content/drumeo/349675	92;94;78	
331569	drumeo	Is This Love	song	https://admin.musora.com/admin#/content/drumeo/331569	92;94;78	
407998	drumeo	I Am Above	song	https://admin.musora.com/admin#/content/drumeo/407998	92;94;78	
384341	drumeo	In The Dark	song	https://admin.musora.com/admin#/content/drumeo/384341	92;94;78	
374582	drumeo	Ich Hasse Kinder	song	https://admin.musora.com/admin#/content/drumeo/374582	92;94;78	
317230	drumeo	In A Big Country	song	https://admin.musora.com/admin#/content/drumeo/317230	92;94;78	
390955	guitareo	I See Fire	song	https://admin.musora.com/admin#/content/guitareo/390955	92;94	
279217	drumeo	Icarus Lives!	song	https://admin.musora.com/admin#/content/drumeo/279217	92;94;78	
377783	guitareo	I Really Like You	song	https://admin.musora.com/admin#/content/guitareo/377783	92;94	
378465	pianote	I Really Like You	song	https://admin.musora.com/admin#/content/pianote/378465	92;94	
382857	singeo	I Really Like You	song	https://admin.musora.com/admin#/content/singeo/382857	92;94	
403993	pianote	Interstellar — Main Theme (Easy Version)	song	https://admin.musora.com/admin#/content/pianote/403993	92;94	
403992	pianote	Interstellar — Main Theme	song	https://admin.musora.com/admin#/content/pianote/403992	92;94	
321988	drumeo	I Got The Girl	song	https://admin.musora.com/admin#/content/drumeo/321988	92;94;78	
393043	drumeo	I Wanna Get Lost With You	song	https://admin.musora.com/admin#/content/drumeo/393043	92;94;78	
321176	drumeo	Invisible Sun	song	https://admin.musora.com/admin#/content/drumeo/321176	92;94;78	
390152	drumeo	Idiot Box	song	https://admin.musora.com/admin#/content/drumeo/390152	92;94;78	
383200	guitareo	I Will Survive	song	https://admin.musora.com/admin#/content/guitareo/383200	92;94	
260398	drumeo	I Will Survive	song	https://admin.musora.com/admin#/content/drumeo/260398	92;94;78	
394734	drumeo	In Exile	song	https://admin.musora.com/admin#/content/drumeo/394734	92;94;78	
384739	drumeo	I Like Me Better	song	https://admin.musora.com/admin#/content/drumeo/384739	92;94;78	
331207	drumeo	Jeremy	song	https://admin.musora.com/admin#/content/drumeo/331207	92;94;78	
392855	guitareo	Jeremy	song	https://admin.musora.com/admin#/content/guitareo/392855	92;94	
406629	drumeo	Jump Jive An' Wail	song	https://admin.musora.com/admin#/content/drumeo/406629	92;94;78	
382448	drumeo	Jumper	song	https://admin.musora.com/admin#/content/drumeo/382448	92;94;78	
291358	drumeo	Jane Says	song	https://admin.musora.com/admin#/content/drumeo/291358	92;94;78	
388949	guitareo	Jane Says	song	https://admin.musora.com/admin#/content/guitareo/388949	92;94	
393068	guitareo	Jimi Thing	song	https://admin.musora.com/admin#/content/guitareo/393068	92;94	
291178	drumeo	Judith	song	https://admin.musora.com/admin#/content/drumeo/291178	92;94;78	
279352	drumeo	Jailbreak	song	https://admin.musora.com/admin#/content/drumeo/279352	92;94;78	
385063	drumeo	Jesus Saves	song	https://admin.musora.com/admin#/content/drumeo/385063	92;94;78	
328219	drumeo	Just Another Day	song	https://admin.musora.com/admin#/content/drumeo/328219	92;94;78	
270759	drumeo	Jambi	song	https://admin.musora.com/admin#/content/drumeo/270759	92;94;78	
404559	guitareo	Jesus Of Suburbia	song	https://admin.musora.com/admin#/content/guitareo/404559	92;94	
305663	drumeo	Jesus Of Suburbia	song	https://admin.musora.com/admin#/content/drumeo/305663	92;94;78	
390564	drumeo	John The Fisherman	song	https://admin.musora.com/admin#/content/drumeo/390564	92;94;78	
326667	drumeo	Jerry Was A Race Car Driver	song	https://admin.musora.com/admin#/content/drumeo/326667	92;94;78	
405853	guitareo	The Joker And The Thief	song	https://admin.musora.com/admin#/content/guitareo/405853	92;94	
260702	drumeo	Joker & The Thief	song	https://admin.musora.com/admin#/content/drumeo/260702	92;94;78	
390981	drumeo	Jealous Guy	song	https://admin.musora.com/admin#/content/drumeo/390981	92;94;78	
393062	guitareo	Just Breathe	song	https://admin.musora.com/admin#/content/guitareo/393062	92;94	
260569	drumeo	Jessie's Girl	song	https://admin.musora.com/admin#/content/drumeo/260569	92;94;78	
390954	guitareo	Jet	song	https://admin.musora.com/admin#/content/guitareo/390954	92;94	
384543	drumeo	Joe's Garage	song	https://admin.musora.com/admin#/content/drumeo/384543	92;94;78	
321990	drumeo	Just Older	song	https://admin.musora.com/admin#/content/drumeo/321990	92;94;78	
408064	drumeo	Jive Talkin'	song	https://admin.musora.com/admin#/content/drumeo/408064	92;94;78	
398835	guitareo	John Barleycorn Must Die	song	https://admin.musora.com/admin#/content/guitareo/398835	92;94	
388675	drumeo	Josie	song	https://admin.musora.com/admin#/content/drumeo/388675	92;94;78	
264405	drumeo	Juke Box Hero	song	https://admin.musora.com/admin#/content/drumeo/264405	92;94;78	
392427	singeo	Juke Box Hero	song	https://admin.musora.com/admin#/content/singeo/392427	92;94	
392883	pianote	Juke Box Hero	song	https://admin.musora.com/admin#/content/pianote/392883	92;94	
264695	drumeo	Jumpin' Jack Flash	song	https://admin.musora.com/admin#/content/drumeo/264695	92;94;78	
388586	guitareo	Jumpin' Jack Flash	song	https://admin.musora.com/admin#/content/guitareo/388586	92;94	
385561	drumeo	Just Like Tom Thumb's Blues	song	https://admin.musora.com/admin#/content/drumeo/385561	92;94;78	
384863	drumeo	Just Make Love To Me	song	https://admin.musora.com/admin#/content/drumeo/384863	92;94;78	
373397	drumeo	Jurassic Park	song	https://admin.musora.com/admin#/content/drumeo/373397	92;94;78	
285042	drumeo	Just A Little Bit	song	https://admin.musora.com/admin#/content/drumeo/285042	92;94;78	
400690	drumeo	Jumpers	song	https://admin.musora.com/admin#/content/drumeo/400690	92;94;78	
270501	drumeo	Judas	song	https://admin.musora.com/admin#/content/drumeo/270501	92;94;78	
386033	drumeo	King Of Suede	song	https://admin.musora.com/admin#/content/drumeo/386033	92;94;78	
379071	pianote	Kiss From A Rose	song	https://admin.musora.com/admin#/content/pianote/379071	92;94	
380288	singeo	Kiss From A Rose	song	https://admin.musora.com/admin#/content/singeo/380288	92;94	
395643	guitareo	Kiss From A Rose	song	https://admin.musora.com/admin#/content/guitareo/395643	92;94	
260283	drumeo	Kryptonite	song	https://admin.musora.com/admin#/content/drumeo/260283	92;94;78	
408868	drumeo	Karma Chameleon	song	https://admin.musora.com/admin#/content/drumeo/408868	92;94;78	
264433	drumeo	Knockin' On Heaven's Door	song	https://admin.musora.com/admin#/content/drumeo/264433	92;94;78	
275394	drumeo	Knockin' On Heaven's Door	song	https://admin.musora.com/admin#/content/drumeo/275394	92;94;78	
380995	singeo	Knockin’ On Heaven’s Door	song	https://admin.musora.com/admin#/content/singeo/380995	92;94	
379075	pianote	Knockin’ On Heaven’s Door	song	https://admin.musora.com/admin#/content/pianote/379075	92;94	
383110	guitareo	Knockin’ On Heaven’s Door	song	https://admin.musora.com/admin#/content/guitareo/383110	92;94	
383204	guitareo	Knockin' On Heaven's Door	song	https://admin.musora.com/admin#/content/guitareo/383204	92;94	
260656	drumeo	The Kill	song	https://admin.musora.com/admin#/content/drumeo/260656	92;94;78	
323909	drumeo	Kite	song	https://admin.musora.com/admin#/content/drumeo/323909	92;94;78	
264429	drumeo	Know Your Enemy	song	https://admin.musora.com/admin#/content/drumeo/264429	92;94;78	
385725	drumeo	Kids	song	https://admin.musora.com/admin#/content/drumeo/385725	92;94;78	
408304	guitareo	Kids	song	https://admin.musora.com/admin#/content/guitareo/408304	92;94	
384901	drumeo	Kick In The Teeth	song	https://admin.musora.com/admin#/content/drumeo/384901	92;94;78	
391119	drumeo	King For A Day	song	https://admin.musora.com/admin#/content/drumeo/391119	92;94;78	
408404	guitareo	King For A Day	song	https://admin.musora.com/admin#/content/guitareo/408404	92;94	
385397	drumeo	Kaleidoscope	song	https://admin.musora.com/admin#/content/drumeo/385397	92;94;78	
264409	drumeo	Keep It Greasey	song	https://admin.musora.com/admin#/content/drumeo/264409	92;94;78	
384705	drumeo	Kids In America	song	https://admin.musora.com/admin#/content/drumeo/384705	92;94;78	
330313	drumeo	Killer Of Giants	song	https://admin.musora.com/admin#/content/drumeo/330313	92;94;78	
405668	guitareo	Killing Floor (Full Version)	song	https://admin.musora.com/admin#/content/guitareo/405668	92;94	
405618	guitareo	Killing Floor (Easy Version)	song	https://admin.musora.com/admin#/content/guitareo/405618	92;94	
384601	drumeo	The King Of Western Swing	song	https://admin.musora.com/admin#/content/drumeo/384601	92;94;78	
408489	guitareo	Kiss (Easy Version)	song	https://admin.musora.com/admin#/content/guitareo/408489	92;94	
264547	drumeo	Kiss	song	https://admin.musora.com/admin#/content/drumeo/264547	92;94;78	
388389	guitareo	Kiss	song	https://admin.musora.com/admin#/content/guitareo/388389	92;94	
384271	drumeo	Kissing My Love	song	https://admin.musora.com/admin#/content/drumeo/384271	92;94;78	
275348	drumeo	Ka$cade	song	https://admin.musora.com/admin#/content/drumeo/275348	92;94;78	
379347	pianote	Kiss The Rain	song	https://admin.musora.com/admin#/content/pianote/379347	92;94	
382785	pianote	Kiss The Rain (Easy Version)	song	https://admin.musora.com/admin#/content/pianote/382785	92;94	
321283	drumeo	King Of Pain	song	https://admin.musora.com/admin#/content/drumeo/321283	92;94;78	
322066	drumeo	Living In Sin	song	https://admin.musora.com/admin#/content/drumeo/322066	92;94;78	
383858	guitareo	Leaving On A Jet Plane (Full Version)	song	https://admin.musora.com/admin#/content/guitareo/383858	92;94	
381003	singeo	Leaving On A Jet Plane	song	https://admin.musora.com/admin#/content/singeo/381003	92;94	
402632	guitareo	Leaving On A Jet Plane (Easy Version)	song	https://admin.musora.com/admin#/content/guitareo/402632	92;94	
379083	pianote	Leaving On A Jet Plane	song	https://admin.musora.com/admin#/content/pianote/379083	92;94	
382551	pianote	Life Is A Highway	song	https://admin.musora.com/admin#/content/pianote/382551	92;94	
391779	guitareo	Life Is A Highway	song	https://admin.musora.com/admin#/content/guitareo/391779	92;94	
275696	drumeo	Life Is A Highway	song	https://admin.musora.com/admin#/content/drumeo/275696	92;94;78	
275806	drumeo	Life Is A Highway	song	https://admin.musora.com/admin#/content/drumeo/275806	92;94;78	
383610	guitareo	Lithium	song	https://admin.musora.com/admin#/content/guitareo/383610	92;94	
264513	drumeo	Lithium	song	https://admin.musora.com/admin#/content/drumeo/264513	92;94;78	
270615	drumeo	Lounge Act	song	https://admin.musora.com/admin#/content/drumeo/270615	92;94;78	
383278	guitareo	Lounge Act	song	https://admin.musora.com/admin#/content/guitareo/383278	92;94	
275376	drumeo	Loser	song	https://admin.musora.com/admin#/content/drumeo/275376	92;94;78	
388610	guitareo	Loser	song	https://admin.musora.com/admin#/content/guitareo/388610	92;94	
352703	drumeo	Longview	song	https://admin.musora.com/admin#/content/drumeo/352703	92;94;78	
384949	drumeo	Lady Cab Driver	song	https://admin.musora.com/admin#/content/drumeo/384949	92;94;78	
384555	drumeo	Lady Love Me (One More Time)	song	https://admin.musora.com/admin#/content/drumeo/384555	92;94;78	
323914	drumeo	Love Is Blindness	song	https://admin.musora.com/admin#/content/drumeo/323914	92;94;78	
324861	drumeo	Lady Strange	song	https://admin.musora.com/admin#/content/drumeo/324861	92;94;78	
379077	pianote	Landslide	song	https://admin.musora.com/admin#/content/pianote/379077	92;94	
380997	singeo	Landslide	song	https://admin.musora.com/admin#/content/singeo/380997	92;94	
309169	drumeo	Lump	song	https://admin.musora.com/admin#/content/drumeo/309169	92;94;78	
382418	drumeo	Let My Love Open The Door	song	https://admin.musora.com/admin#/content/drumeo/382418	92;94;78	
341275	drumeo	Love Is Stronger Than Justice (The Munificent Seven)	song	https://admin.musora.com/admin#/content/drumeo/341275	92;94;78	
358940	drumeo	Live-In Skin	song	https://admin.musora.com/admin#/content/drumeo/358940	92;94;78	
275504	drumeo	Learn To Fly	song	https://admin.musora.com/admin#/content/drumeo/275504	92;94;78	
395786	drumeo	Learn To Fly (Easy Version)	song	https://admin.musora.com/admin#/content/drumeo/395786	92;94;78	
344742	drumeo	Last Resort	song	https://admin.musora.com/admin#/content/drumeo/344742	92;94;78	
270719	drumeo	Lovefool	song	https://admin.musora.com/admin#/content/drumeo/270719	92;94;78	
401568	singeo	Lovefool	song	https://admin.musora.com/admin#/content/singeo/401568	92;94	
284758	drumeo	Lean On Me	song	https://admin.musora.com/admin#/content/drumeo/284758	92;94;78	
391019	pianote	Lean On Me	song	https://admin.musora.com/admin#/content/pianote/391019	92;94	
291302	drumeo	The Long Way Around	song	https://admin.musora.com/admin#/content/drumeo/291302	92;94;78	
385135	drumeo	Leave My Girl Alone	song	https://admin.musora.com/admin#/content/drumeo/385135	92;94;78	
394908	guitareo	Loser	song	https://admin.musora.com/admin#/content/guitareo/394908	92;94	
270641	drumeo	Lazarus	song	https://admin.musora.com/admin#/content/drumeo/270641	92;94;78	
405947	guitareo	Lazarus	song	https://admin.musora.com/admin#/content/guitareo/405947	92;94	
315024	drumeo	Lateralus	song	https://admin.musora.com/admin#/content/drumeo/315024	92;94;78	
390247	guitareo	Lateralus	song	https://admin.musora.com/admin#/content/guitareo/390247	92;94	
403748	guitareo	Lake Of Fire (Full Version)	song	https://admin.musora.com/admin#/content/guitareo/403748	92;94	
405329	guitareo	Lake Of Fire (Easy Version)	song	https://admin.musora.com/admin#/content/guitareo/405329	92;94	
295634	drumeo	Lenore	song	https://admin.musora.com/admin#/content/drumeo/295634	92;94;78	
358992	drumeo	The Last Song	song	https://admin.musora.com/admin#/content/drumeo/358992	92;94;78	
275400	drumeo	Let Me Take You Home Tonight	song	https://admin.musora.com/admin#/content/drumeo/275400	92;94;78	
323968	drumeo	Love And Peace Or Else	song	https://admin.musora.com/admin#/content/drumeo/323968	92;94;78	
303257	drumeo	Let's Go Crazy	song	https://admin.musora.com/admin#/content/drumeo/303257	92;94;78	
284876	drumeo	Long Road To Ruin	song	https://admin.musora.com/admin#/content/drumeo/284876	92;94;78	
279077	drumeo	Let It Die	song	https://admin.musora.com/admin#/content/drumeo/279077	92;94;78	
284852	drumeo	Levon	song	https://admin.musora.com/admin#/content/drumeo/284852	92;94;78	
264475	drumeo	Lick It Up	song	https://admin.musora.com/admin#/content/drumeo/264475	92;94;78	
408386	guitareo	Lick It Up	song	https://admin.musora.com/admin#/content/guitareo/408386	92;94	
383343	guitareo	Life By The Drop	song	https://admin.musora.com/admin#/content/guitareo/383343	92;94	
388946	guitareo	Life In The Fast Lane	song	https://admin.musora.com/admin#/content/guitareo/388946	92;94	
294779	drumeo	Life In The Fast Lane	song	https://admin.musora.com/admin#/content/drumeo/294779	92;94;78	
388008	guitareo	Love Will Tear Us Apart	song	https://admin.musora.com/admin#/content/guitareo/388008	92;94	
291378	drumeo	Love Will Tear Us Apart	song	https://admin.musora.com/admin#/content/drumeo/291378	92;94;78	
379100	pianote	Love Story	song	https://admin.musora.com/admin#/content/pianote/379100	92;94	
383355	guitareo	Love Story	song	https://admin.musora.com/admin#/content/guitareo/383355	92;94	
385289	drumeo	Love Story	song	https://admin.musora.com/admin#/content/drumeo/385289	92;94;78	
380302	singeo	Love Story	song	https://admin.musora.com/admin#/content/singeo/380302	92;94	
330316	drumeo	Lightning Strikes	song	https://admin.musora.com/admin#/content/drumeo/330316	92;94;78	
384029	pianote	Like A Rolling Stone	song	https://admin.musora.com/admin#/content/pianote/384029	92;94	
383937	singeo	Like A Rolling Stone	song	https://admin.musora.com/admin#/content/singeo/383937	92;94	
278951	drumeo	Like A Rolling Stone	song	https://admin.musora.com/admin#/content/drumeo/278951	92;94;78	
377760	guitareo	Like A Rolling Stone	song	https://admin.musora.com/admin#/content/guitareo/377760	92;94	
324104	drumeo	Like A Song	song	https://admin.musora.com/admin#/content/drumeo/324104	92;94;78	
270411	drumeo	Little Things That Count	song	https://admin.musora.com/admin#/content/drumeo/270411	92;94;78	
377877	guitareo	Look Sharp	song	https://admin.musora.com/admin#/content/guitareo/377877	92;94	
378467	pianote	Lightning Crashes	song	https://admin.musora.com/admin#/content/pianote/378467	92;94	
381007	singeo	Lightning Crashes	song	https://admin.musora.com/admin#/content/singeo/381007	92;94	
382399	drumeo	Lightning Crashes	song	https://admin.musora.com/admin#/content/drumeo/382399	92;94;78	
385591	drumeo	Lump Sum	song	https://admin.musora.com/admin#/content/drumeo/385591	92;94;78	
260524	drumeo	Linoleum	song	https://admin.musora.com/admin#/content/drumeo/260524	92;94;78	
394205	guitareo	Ladies Of The Canyon	song	https://admin.musora.com/admin#/content/guitareo/394205	92;94	
382869	singeo	Little Lies	song	https://admin.musora.com/admin#/content/singeo/382869	92;94	
382557	pianote	Little Lies	song	https://admin.musora.com/admin#/content/pianote/382557	92;94	
395842	guitareo	Little Lies (Full Version)	song	https://admin.musora.com/admin#/content/guitareo/395842	92;94	
398761	guitareo	Little Lies (Easy Version)	song	https://admin.musora.com/admin#/content/guitareo/398761	92;94	
406878	drumeo	The Last Baron	song	https://admin.musora.com/admin#/content/drumeo/406878	92;94;78	
387594	guitareo	Little Red Corvette	song	https://admin.musora.com/admin#/content/guitareo/387594	92;94	
383939	singeo	Little Red Corvette	song	https://admin.musora.com/admin#/content/singeo/383939	92;94	
375405	drumeo	Little Red Corvette	song	https://admin.musora.com/admin#/content/drumeo/375405	92;94;78	
384031	pianote	Little Red Corvette	song	https://admin.musora.com/admin#/content/pianote/384031	92;94	
384579	drumeo	Last Night On Earth	song	https://admin.musora.com/admin#/content/drumeo/384579	92;94;78	
384581	drumeo	Last Of The American Girls	song	https://admin.musora.com/admin#/content/drumeo/384581	92;94;78	
349747	drumeo	Live Is Life	song	https://admin.musora.com/admin#/content/drumeo/349747	92;94;78	
392742	guitareo	Live With Me (Full Version)	song	https://admin.musora.com/admin#/content/guitareo/392742	92;94	
394023	drumeo	Live With Me	song	https://admin.musora.com/admin#/content/drumeo/394023	92;94;78	
398004	guitareo	Live With Me (Easy Version)	song	https://admin.musora.com/admin#/content/guitareo/398004	92;94	
284864	drumeo	Linchpin	song	https://admin.musora.com/admin#/content/drumeo/284864	92;94;78	
384569	drumeo	Lifestyles Of The Rich & Famous	song	https://admin.musora.com/admin#/content/drumeo/384569	92;94;78	
358960	drumeo	Low	song	https://admin.musora.com/admin#/content/drumeo/358960	92;94;78	
358958	drumeo	Lonely As You	song	https://admin.musora.com/admin#/content/drumeo/358958	92;94;78	
385927	drumeo	Love Is Noise	song	https://admin.musora.com/admin#/content/drumeo/385927	92;94;78	
260301	drumeo	Love In An Elevator	song	https://admin.musora.com/admin#/content/drumeo/260301	92;94;78	
337437	drumeo	Last Nite	song	https://admin.musora.com/admin#/content/drumeo/337437	92;94;78	
394756	guitareo	Last Nite	song	https://admin.musora.com/admin#/content/guitareo/394756	92;94	
317260	drumeo	London Calling	song	https://admin.musora.com/admin#/content/drumeo/317260	92;94;78	
386139	guitareo	London Calling (Full Version)	song	https://admin.musora.com/admin#/content/guitareo/386139	92;94	
406414	guitareo	London Calling (Easy Version)	song	https://admin.musora.com/admin#/content/guitareo/406414	92;94	
384951	drumeo	Let's Pretend We're Married	song	https://admin.musora.com/admin#/content/drumeo/384951	92;94;78	
382559	pianote	Little Lion Man	song	https://admin.musora.com/admin#/content/pianote/382559	92;94	
382871	singeo	Little Lion Man	song	https://admin.musora.com/admin#/content/singeo/382871	92;94	
385771	drumeo	Little Lion Man	song	https://admin.musora.com/admin#/content/drumeo/385771	92;94;78	
381001	singeo	Lay, Lady, Lay	song	https://admin.musora.com/admin#/content/singeo/381001	92;94	
379081	pianote	Lay, Lady, Lay	song	https://admin.musora.com/admin#/content/pianote/379081	92;94	
383112	guitareo	Lay Lady Lay	song	https://admin.musora.com/admin#/content/guitareo/383112	92;94	
309590	drumeo	Long, Long, Long	song	https://admin.musora.com/admin#/content/drumeo/309590	92;94;78	
386131	guitareo	Long Time Gone	song	https://admin.musora.com/admin#/content/guitareo/386131	92;94	
337426	drumeo	The Look	song	https://admin.musora.com/admin#/content/drumeo/337426	92;94;78	
385961	drumeo	Little Room	song	https://admin.musora.com/admin#/content/drumeo/385961	92;94;78	
284980	drumeo	Let Love Rule	song	https://admin.musora.com/admin#/content/drumeo/284980	92;94;78	
396845	guitareo	Let Love Rule	song	https://admin.musora.com/admin#/content/guitareo/396845	92;94	
391794	pianote	Losing My Religion	song	https://admin.musora.com/admin#/content/pianote/391794	92;94	
270649	drumeo	Losing My Religion	song	https://admin.musora.com/admin#/content/drumeo/270649	92;94;78	
391554	guitareo	Losing My Religion	song	https://admin.musora.com/admin#/content/guitareo/391554	92;94	
391884	singeo	Losing My Religion	song	https://admin.musora.com/admin#/content/singeo/391884	92;94	
409142	guitareo	Losing My Religion (Easy Version)	song	https://admin.musora.com/admin#/content/guitareo/409142	92;94	
388665	drumeo	Last Train Home	song	https://admin.musora.com/admin#/content/drumeo/388665	92;94;78	
403262	drumeo	Love The Way You Lie	song	https://admin.musora.com/admin#/content/drumeo/403262	92;94;78	
384035	pianote	Love The Way You Lie	song	https://admin.musora.com/admin#/content/pianote/384035	92;94	
378136	guitareo	Love The Way You Lie	song	https://admin.musora.com/admin#/content/guitareo/378136	92;94	
383943	singeo	Love The Way You Lie	song	https://admin.musora.com/admin#/content/singeo/383943	92;94	
337411	drumeo	Love Gun	song	https://admin.musora.com/admin#/content/drumeo/337411	92;94;78	
279215	drumeo	Love Is A Battlefield	song	https://admin.musora.com/admin#/content/drumeo/279215	92;94;78	
264419	drumeo	Love Is Alive	song	https://admin.musora.com/admin#/content/drumeo/264419	92;94;78	
385553	drumeo	Love Minus Zero/No Limit	song	https://admin.musora.com/admin#/content/drumeo/385553	92;94;78	
352701	drumeo	L'Enfant Sauvage	song	https://admin.musora.com/admin#/content/drumeo/352701	92;94;78	
387498	drumeo	Luminol	song	https://admin.musora.com/admin#/content/drumeo/387498	92;94;78	
284950	drumeo	Let's Ride	song	https://admin.musora.com/admin#/content/drumeo/284950	92;94;78	
270711	drumeo	Love Shack	song	https://admin.musora.com/admin#/content/drumeo/270711	92;94;78	
386133	guitareo	Love Shack	song	https://admin.musora.com/admin#/content/guitareo/386133	92;94	
291662	drumeo	Lovers In The Night	song	https://admin.musora.com/admin#/content/drumeo/291662	92;94;78	
385695	drumeo	Look The Other Way	song	https://admin.musora.com/admin#/content/drumeo/385695	92;94;78	
378581	pianote	Luck Be A Lady	song	https://admin.musora.com/admin#/content/pianote/378581	92;94	
382957	singeo	Lyin' Eyes	song	https://admin.musora.com/admin#/content/singeo/382957	92;94	
386258	guitareo	The Last Of Us	song	https://admin.musora.com/admin#/content/guitareo/386258	92;94	
399295	drumeo	Last Day Under The Sun	song	https://admin.musora.com/admin#/content/drumeo/399295	92;94;78	
387548	guitareo	Listen To Your Heart	song	https://admin.musora.com/admin#/content/guitareo/387548	92;94	
382867	singeo	Listen To Your Heart	song	https://admin.musora.com/admin#/content/singeo/382867	92;94	
382555	pianote	Listen To Your Heart	song	https://admin.musora.com/admin#/content/pianote/382555	92;94	
359060	drumeo	Love Dies Young	song	https://admin.musora.com/admin#/content/drumeo/359060	92;94;78	
324073	drumeo	Love Rescue Me	song	https://admin.musora.com/admin#/content/drumeo/324073	92;94;78	
378353	guitareo	Love Me Do	song	https://admin.musora.com/admin#/content/guitareo/378353	92;94	
309498	drumeo	Love Me Do	song	https://admin.musora.com/admin#/content/drumeo/309498	92;94;78	
284834	drumeo	Let's Dance	song	https://admin.musora.com/admin#/content/drumeo/284834	92;94;78	
395789	drumeo	Let's Dance (Easy Version)	song	https://admin.musora.com/admin#/content/drumeo/395789	92;94;78	
397653	guitareo	Landmines (Full Version)	song	https://admin.musora.com/admin#/content/guitareo/397653	92;94	
397715	guitareo	Landmines (Easy Version)	song	https://admin.musora.com/admin#/content/guitareo/397715	92;94	
392067	drumeo	Love Games	song	https://admin.musora.com/admin#/content/drumeo/392067	92;94;78	
359092	drumeo	Lacrimus Dei Ebrius	song	https://admin.musora.com/admin#/content/drumeo/359092	92;94;78	
407283	drumeo	Lonely	song	https://admin.musora.com/admin#/content/drumeo/407283	92;94;78	
374643	drumeo	Love Is To Die	song	https://admin.musora.com/admin#/content/drumeo/374643	92;94;78	
275350	drumeo	Lippincott	song	https://admin.musora.com/admin#/content/drumeo/275350	92;94;78	
264451	drumeo	Last Goodbye	song	https://admin.musora.com/admin#/content/drumeo/264451	92;94;78	
384475	drumeo	Lost In Your Light	song	https://admin.musora.com/admin#/content/drumeo/384475	92;94;78	
359042	drumeo	La Dee Da	song	https://admin.musora.com/admin#/content/drumeo/359042	92;94;78	
284982	drumeo	Low	song	https://admin.musora.com/admin#/content/drumeo/284982	92;94;78	
403618	drumeo	Madhouse	song	https://admin.musora.com/admin#/content/drumeo/403618	92;94;78	
330297	drumeo	Mr. Tinkertrain	song	https://admin.musora.com/admin#/content/drumeo/330297	92;94;78	
291190	drumeo	Muscle Of Love	song	https://admin.musora.com/admin#/content/drumeo/291190	92;94;78	
356020	drumeo	Mother	song	https://admin.musora.com/admin#/content/drumeo/356020	92;94;78	
264519	drumeo	Mama, I'm Coming Home	song	https://admin.musora.com/admin#/content/drumeo/264519	92;94;78	
393346	pianote	Mama, I'm Coming Home	song	https://admin.musora.com/admin#/content/pianote/393346	92;94	
392440	singeo	Mama, I'm Coming Home	song	https://admin.musora.com/admin#/content/singeo/392440	92;94	
260599	drumeo	Magic Carpet Ride	song	https://admin.musora.com/admin#/content/drumeo/260599	92;94;78	
317799	drumeo	Milk It	song	https://admin.musora.com/admin#/content/drumeo/317799	92;94;78	
386934	guitareo	Milk It	song	https://admin.musora.com/admin#/content/guitareo/386934	92;94	
264497	drumeo	Mississippi Queen	song	https://admin.musora.com/admin#/content/drumeo/264497	92;94;78	
391817	guitareo	Mississippi Queen	song	https://admin.musora.com/admin#/content/guitareo/391817	92;94	
390747	guitareo	Manic Monday	song	https://admin.musora.com/admin#/content/guitareo/390747	92;94	
381011	singeo	Manic Monday	song	https://admin.musora.com/admin#/content/singeo/381011	92;94	
379108	pianote	Manic Monday	song	https://admin.musora.com/admin#/content/pianote/379108	92;94	
294793	drumeo	Manic Monday	song	https://admin.musora.com/admin#/content/drumeo/294793	92;94;78	
291268	drumeo	Mr. Jones	song	https://admin.musora.com/admin#/content/drumeo/291268	92;94;78	
383931	guitareo	Mr. Jones	song	https://admin.musora.com/admin#/content/guitareo/383931	92;94	
324065	drumeo	Mothers Of The Disappeared	song	https://admin.musora.com/admin#/content/drumeo/324065	92;94;78	
291632	drumeo	Made Of Stone	song	https://admin.musora.com/admin#/content/drumeo/291632	92;94;78	
302634	drumeo	Make Me Smile	song	https://admin.musora.com/admin#/content/drumeo/302634	92;94;78	
278967	drumeo	A Man I'll Never Be	song	https://admin.musora.com/admin#/content/drumeo/278967	92;94;78	
321341	drumeo	Murder By Numbers	song	https://admin.musora.com/admin#/content/drumeo/321341	92;94;78	
391390	drumeo	Machinehead	song	https://admin.musora.com/admin#/content/drumeo/391390	92;94;78	
409312	drumeo	Mambo No. 5	song	https://admin.musora.com/admin#/content/drumeo/409312	92;94;78	
406529	guitareo	Monkey Wrench	song	https://admin.musora.com/admin#/content/guitareo/406529	92;94	
28330	drumeo	Monkey Wrench	song	https://admin.musora.com/admin#/content/drumeo/28330	92;94;78	
300280	drumeo	My Poor Brain	song	https://admin.musora.com/admin#/content/drumeo/300280	92;94;78	
377835	guitareo	My Hero	song	https://admin.musora.com/admin#/content/guitareo/377835	92;94	
270511	drumeo	My Hero	song	https://admin.musora.com/admin#/content/drumeo/270511	92;94;78	
390070	singeo	Man! I Feel Like A Woman!	song	https://admin.musora.com/admin#/content/singeo/390070	92;94	
389920	pianote	Man! I Feel Like A Woman!	song	https://admin.musora.com/admin#/content/pianote/389920	92;94	
260589	drumeo	Man! I Feel Like A Woman!	song	https://admin.musora.com/admin#/content/drumeo/260589	92;94;78	
387553	guitareo	Man I Feel Like a Woman	song	https://admin.musora.com/admin#/content/guitareo/387553	92;94	
321373	drumeo	Man In A Suitcase	song	https://admin.musora.com/admin#/content/drumeo/321373	92;94;78	
386579	guitareo	Man Of Mystery	song	https://admin.musora.com/admin#/content/guitareo/386579	92;94	
385373	drumeo	Mardi Gras Mambo	song	https://admin.musora.com/admin#/content/drumeo/385373	92;94;78	
315889	drumeo	Made To Worship	song	https://admin.musora.com/admin#/content/drumeo/315889	92;94;78	
379104	pianote	Make You Feel My Love	song	https://admin.musora.com/admin#/content/pianote/379104	92;94	
378018	guitareo	Make You Feel My Love	song	https://admin.musora.com/admin#/content/guitareo/378018	92;94	
380306	singeo	Make You Feel My Love	song	https://admin.musora.com/admin#/content/singeo/380306	92;94	
379126	pianote	Mr. Brightside	song	https://admin.musora.com/admin#/content/pianote/379126	92;94	
381025	singeo	Mr. Brightside	song	https://admin.musora.com/admin#/content/singeo/381025	92;94	
378383	guitareo	Mr. Brightside	song	https://admin.musora.com/admin#/content/guitareo/378383	92;94	
264681	drumeo	Mr. Brightside	song	https://admin.musora.com/admin#/content/drumeo/264681	92;94;78	
385619	drumeo	Make Love	song	https://admin.musora.com/admin#/content/drumeo/385619	92;94;78	
385433	drumeo	Mister Love	song	https://admin.musora.com/admin#/content/drumeo/385433	92;94;78	
395052	singeo	My Only Wish (This Year)	song	https://admin.musora.com/admin#/content/singeo/395052	92;94	
407082	drumeo	Money Don't Matter 2 Night	song	https://admin.musora.com/admin#/content/drumeo/407082	92;94;78	
380304	singeo	Mad World	song	https://admin.musora.com/admin#/content/singeo/380304	92;94	
379102	pianote	Mad World	song	https://admin.musora.com/admin#/content/pianote/379102	92;94	
405188	pianote	Mad World	song	https://admin.musora.com/admin#/content/pianote/405188	92;94	
405873	pianote	Mad World (Easy Version)	song	https://admin.musora.com/admin#/content/pianote/405873	92;94	
388340	guitareo	Mad World	song	https://admin.musora.com/admin#/content/guitareo/388340	92;94	
291580	drumeo	Marseilles	song	https://admin.musora.com/admin#/content/drumeo/291580	92;94;78	
279362	drumeo	Mysterious Ways	song	https://admin.musora.com/admin#/content/drumeo/279362	92;94;78	
358978	drumeo	Miracle	song	https://admin.musora.com/admin#/content/drumeo/358978	92;94;78	
275634	drumeo	My Friends Over You	song	https://admin.musora.com/admin#/content/drumeo/275634	92;94;78	
309472	drumeo	Matchbox	song	https://admin.musora.com/admin#/content/drumeo/309472	92;94;78	
385315	drumeo	My Paper Heart	song	https://admin.musora.com/admin#/content/drumeo/385315	92;94;78	
275760	drumeo	Move Along	song	https://admin.musora.com/admin#/content/drumeo/275760	92;94;78	
322483	drumeo	Maps	song	https://admin.musora.com/admin#/content/drumeo/322483	92;94;78	
385451	drumeo	May I	song	https://admin.musora.com/admin#/content/drumeo/385451	92;94;78	
323950	drumeo	A Man And A Woman	song	https://admin.musora.com/admin#/content/drumeo/323950	92;94;78	
323970	drumeo	Miracle Drug	song	https://admin.musora.com/admin#/content/drumeo/323970	92;94;78	
264487	drumeo	Makes Me Wonder	song	https://admin.musora.com/admin#/content/drumeo/264487	92;94;78	
380716	singeo	Memory	song	https://admin.musora.com/admin#/content/singeo/380716	92;94	
379759	pianote	Memory	song	https://admin.musora.com/admin#/content/pianote/379759	92;94	
380310	singeo	Mercy	song	https://admin.musora.com/admin#/content/singeo/380310	92;94	
383173	guitareo	Mercy	song	https://admin.musora.com/admin#/content/guitareo/383173	92;94	
379120	pianote	Mercy	song	https://admin.musora.com/admin#/content/pianote/379120	92;94	
387265	guitareo	Message In A Bottle	song	https://admin.musora.com/admin#/content/guitareo/387265	92;94	
260638	drumeo	Message In A Bottle	song	https://admin.musora.com/admin#/content/drumeo/260638	92;94;78	
382405	drumeo	Metal Church	song	https://admin.musora.com/admin#/content/drumeo/382405	92;94;78	
385847	drumeo	Med Sud I Eyrum	song	https://admin.musora.com/admin#/content/drumeo/385847	92;94;78	
264295	drumeo	Mountains	song	https://admin.musora.com/admin#/content/drumeo/264295	92;94;78	
399691	drumeo	Milestones (Easy Version)	song	https://admin.musora.com/admin#/content/drumeo/399691	92;94;78	
270599	drumeo	Milestones	song	https://admin.musora.com/admin#/content/drumeo/270599	92;94;78	
394754	drumeo	My Name Is Mud (Easy Version)	song	https://admin.musora.com/admin#/content/drumeo/394754	92;94;78	
275684	drumeo	My Name Is Mud	song	https://admin.musora.com/admin#/content/drumeo/275684	92;94;78	
382911	singeo	The Middle	song	https://admin.musora.com/admin#/content/singeo/382911	92;94	
260433	drumeo	The Middle	song	https://admin.musora.com/admin#/content/drumeo/260433	92;94;78	
382591	pianote	The Middle	song	https://admin.musora.com/admin#/content/pianote/382591	92;94	
386380	guitareo	The Middle	song	https://admin.musora.com/admin#/content/guitareo/386380	92;94	
396131	guitareo	The Middle (Easy Version) (Key Of G)	song	https://admin.musora.com/admin#/content/guitareo/396131	92;94	
402979	guitareo	Mind Games	song	https://admin.musora.com/admin#/content/guitareo/402979	92;94	
388873	guitareo	Minor Swing	song	https://admin.musora.com/admin#/content/guitareo/388873	92;94	
260630	drumeo	Minute By Minute	song	https://admin.musora.com/admin#/content/drumeo/260630	92;94;78	
407592	pianote	Misty (Easy Version)	song	https://admin.musora.com/admin#/content/pianote/407592	92;94	
379470	pianote	Misty	song	https://admin.musora.com/admin#/content/pianote/379470	92;94	
407590	pianote	Misty	song	https://admin.musora.com/admin#/content/pianote/407590	92;94	
407591	pianote	Misty (Solo)	song	https://admin.musora.com/admin#/content/pianote/407591	92;94	
295218	drumeo	Mushanga	song	https://admin.musora.com/admin#/content/drumeo/295218	92;94;78	
291654	drumeo	Mama	song	https://admin.musora.com/admin#/content/drumeo/291654	92;94;78	
385369	drumeo	Monkey Man	song	https://admin.musora.com/admin#/content/drumeo/385369	92;94;78	
321200	drumeo	Masoko Tanga	song	https://admin.musora.com/admin#/content/drumeo/321200	92;94;78	
394003	drumeo	Minstrel In The Gallery	song	https://admin.musora.com/admin#/content/drumeo/394003	92;94;78	
392743	guitareo	Minstrel In The Gallery	song	https://admin.musora.com/admin#/content/guitareo/392743	92;94	
392868	pianote	More Than A Feeling	song	https://admin.musora.com/admin#/content/pianote/392868	92;94	
392417	singeo	More Than A Feeling	song	https://admin.musora.com/admin#/content/singeo/392417	92;94	
389278	guitareo	More Than A Feeling	song	https://admin.musora.com/admin#/content/guitareo/389278	92;94	
214898	drumeo	More Than A Feeling	song	https://admin.musora.com/admin#/content/drumeo/214898	92;94;78	
359072	drumeo	More Than A Woman	song	https://admin.musora.com/admin#/content/drumeo/359072	92;94;78	
358942	drumeo	M.I.A.	song	https://admin.musora.com/admin#/content/drumeo/358942	92;94;78	
382565	pianote	Morning Has Broken	song	https://admin.musora.com/admin#/content/pianote/382565	92;94	
404628	guitareo	Morning Has Broken (Easy Version)	song	https://admin.musora.com/admin#/content/guitareo/404628	92;94	
382877	singeo	Morning Has Broken	song	https://admin.musora.com/admin#/content/singeo/382877	92;94	
404620	guitareo	Morning Has Broken (Full Version)	song	https://admin.musora.com/admin#/content/guitareo/404620	92;94	
329051	drumeo	Mother	song	https://admin.musora.com/admin#/content/drumeo/329051	92;94;78	
384269	drumeo	Many Of Horror	song	https://admin.musora.com/admin#/content/drumeo/384269	92;94;78	
385919	drumeo	The Modern Age	song	https://admin.musora.com/admin#/content/drumeo/385919	92;94;78	
384973	drumeo	Man On The Moon	song	https://admin.musora.com/admin#/content/drumeo/384973	92;94;78	
373484	drumeo	Message To My Girl	song	https://admin.musora.com/admin#/content/drumeo/373484	92;94;78	
384211	drumeo	Metalingus	song	https://admin.musora.com/admin#/content/drumeo/384211	92;94;78	
386132	guitareo	Mr. Sandman	song	https://admin.musora.com/admin#/content/guitareo/386132	92;94	
291660	drumeo	Rockmaker	song	https://admin.musora.com/admin#/content/drumeo/291660	92;94;78	
398118	guitareo	Mull Of Kintyre	song	https://admin.musora.com/admin#/content/guitareo/398118	92;94	
379132	pianote	My Immortal	song	https://admin.musora.com/admin#/content/pianote/379132	92;94	
380316	singeo	My Immortal	song	https://admin.musora.com/admin#/content/singeo/380316	92;94	
389280	guitareo	My Immortal	song	https://admin.musora.com/admin#/content/guitareo/389280	92;94	
392309	drumeo	My Immortal	song	https://admin.musora.com/admin#/content/drumeo/392309	92;94;78	
384301	drumeo	My Adobe Hacienda	song	https://admin.musora.com/admin#/content/drumeo/384301	92;94;78	
270373	drumeo	My Babe	song	https://admin.musora.com/admin#/content/drumeo/270373	92;94;78	
392697	drumeo	My Doorbell	song	https://admin.musora.com/admin#/content/drumeo/392697	92;94;78	
406380	drumeo	Master Exploder	song	https://admin.musora.com/admin#/content/drumeo/406380	92;94;78	
378202	guitareo	Mr. Cab Driver	song	https://admin.musora.com/admin#/content/guitareo/378202	92;94	
399858	drumeo	My Kinda Lover	song	https://admin.musora.com/admin#/content/drumeo/399858	92;94;78	
378325	guitareo	Mean	song	https://admin.musora.com/admin#/content/guitareo/378325	92;94	
379114	pianote	Mean	song	https://admin.musora.com/admin#/content/pianote/379114	92;94	
380308	singeo	Mean	song	https://admin.musora.com/admin#/content/singeo/380308	92;94	
270345	drumeo	Lucille	song	https://admin.musora.com/admin#/content/drumeo/270345	92;94;78	
359016	drumeo	Miss The Misery	song	https://admin.musora.com/admin#/content/drumeo/359016	92;94;78	
359010	drumeo	A Matter Of Time	song	https://admin.musora.com/admin#/content/drumeo/359010	92;94;78	
387185	guitareo	My Sweet Lord	song	https://admin.musora.com/admin#/content/guitareo/387185	92;94	
377112	drumeo	The Message	song	https://admin.musora.com/admin#/content/drumeo/377112	92;94;78	
384929	drumeo	My Ashes	song	https://admin.musora.com/admin#/content/drumeo/384929	92;94;78	
392792	drumeo	Mantra	song	https://admin.musora.com/admin#/content/drumeo/392792	92;94;78	
291228	drumeo	My Future	song	https://admin.musora.com/admin#/content/drumeo/291228	92;94;78	
390958	guitareo	My Love	song	https://admin.musora.com/admin#/content/guitareo/390958	92;94	
359064	drumeo	Medicine At Midnight	song	https://admin.musora.com/admin#/content/drumeo/359064	92;94;78	
359062	drumeo	Making A Fire	song	https://admin.musora.com/admin#/content/drumeo/359062	92;94;78	
404576	drumeo	Miles Above Me	song	https://admin.musora.com/admin#/content/drumeo/404576	92;94;78	
384343	drumeo	Medicine	song	https://admin.musora.com/admin#/content/drumeo/384343	92;94;78	
388088	guitareo	Mary On A Cross	song	https://admin.musora.com/admin#/content/guitareo/388088	92;94	
392061	drumeo	Mary On A Cross	song	https://admin.musora.com/admin#/content/drumeo/392061	92;94;78	
390832	drumeo	Masterpiece	song	https://admin.musora.com/admin#/content/drumeo/390832	92;94;78	
393121	drumeo	My Sacrifice	song	https://admin.musora.com/admin#/content/drumeo/393121	92;94;78	
396820	drumeo	Mattel	song	https://admin.musora.com/admin#/content/drumeo/396820	92;94;78	
389054	drumeo	Marching In Time	song	https://admin.musora.com/admin#/content/drumeo/389054	92;94;78	
388080	drumeo	Mother's Getting Weaker	song	https://admin.musora.com/admin#/content/drumeo/388080	92;94;78	
328243	drumeo	Mr. And Mrs. Smith	song	https://admin.musora.com/admin#/content/drumeo/328243	92;94;78	
264523	drumeo	Marigold	song	https://admin.musora.com/admin#/content/drumeo/264523	92;94;78	
383143	guitareo	Me and Your Mama	song	https://admin.musora.com/admin#/content/guitareo/383143	92;94	
409308	drumeo	MMMBop	song	https://admin.musora.com/admin#/content/drumeo/409308	92;94;78	
337872	drumeo	MARZ	song	https://admin.musora.com/admin#/content/drumeo/337872	92;94;78	
385689	drumeo	Maybe A Moment	song	https://admin.musora.com/admin#/content/drumeo/385689	92;94;78	
359044	drumeo	Make It Right	song	https://admin.musora.com/admin#/content/drumeo/359044	92;94;78	
298488	drumeo	Mission To Mars	song	https://admin.musora.com/admin#/content/drumeo/298488	92;94;78	
285148	drumeo	Masterpiece	song	https://admin.musora.com/admin#/content/drumeo/285148	92;94;78	
407078	drumeo	Molasses	song	https://admin.musora.com/admin#/content/drumeo/407078	92;94;78	
406270	drumeo	Monophobia	song	https://admin.musora.com/admin#/content/drumeo/406270	92;94;78	
278977	drumeo	Mantra	song	https://admin.musora.com/admin#/content/drumeo/278977	92;94;78	
264725	drumeo	New Year's Day	song	https://admin.musora.com/admin#/content/drumeo/264725	92;94;78	
331573	drumeo	No Woman, No Cry	song	https://admin.musora.com/admin#/content/drumeo/331573	92;94;78	
383085	guitareo	No Sleep 'Till Brooklyn	song	https://admin.musora.com/admin#/content/guitareo/383085	92;94	
352719	drumeo	Nancy Boy	song	https://admin.musora.com/admin#/content/drumeo/352719	92;94;78	
300284	drumeo	New Way Home	song	https://admin.musora.com/admin#/content/drumeo/300284	92;94;78	
285162	drumeo	Night Dreamer	song	https://admin.musora.com/admin#/content/drumeo/285162	92;94;78	
346190	drumeo	A Night In Tunisia	song	https://admin.musora.com/admin#/content/drumeo/346190	92;94;78	
383051	singeo	A Night In Tunisia	song	https://admin.musora.com/admin#/content/singeo/383051	92;94	
402823	drumeo	The Next Movement	song	https://admin.musora.com/admin#/content/drumeo/402823	92;94;78	
358944	drumeo	Next Year	song	https://admin.musora.com/admin#/content/drumeo/358944	92;94;78	
279163	drumeo	Numb	song	https://admin.musora.com/admin#/content/drumeo/279163	92;94;78	
382575	pianote	Numb	song	https://admin.musora.com/admin#/content/pianote/382575	92;94	
382887	singeo	Numb	song	https://admin.musora.com/admin#/content/singeo/382887	92;94	
390952	guitareo	Numb	song	https://admin.musora.com/admin#/content/guitareo/390952	92;94	
394752	drumeo	Numb (Easy Version)	song	https://admin.musora.com/admin#/content/drumeo/394752	92;94;78	
385065	drumeo	Necrophobic	song	https://admin.musora.com/admin#/content/drumeo/385065	92;94;78	
410110	guitareo	New Orleans Is Sinking	song	https://admin.musora.com/admin#/content/guitareo/410110	92;94	
384463	drumeo	Not Ready To Make Nice	song	https://admin.musora.com/admin#/content/drumeo/384463	92;94;78	
291252	drumeo	Not An Easy Road	song	https://admin.musora.com/admin#/content/drumeo/291252	92;94;78	
374198	drumeo	Not Fade Away	song	https://admin.musora.com/admin#/content/drumeo/374198	92;94;78	
385347	drumeo	Not Fade Away	song	https://admin.musora.com/admin#/content/drumeo/385347	92;94;78	
387801	guitareo	Not Fade Away	song	https://admin.musora.com/admin#/content/guitareo/387801	92;94	
275414	drumeo	Neon Moon	song	https://admin.musora.com/admin#/content/drumeo/275414	92;94;78	
330318	drumeo	Never	song	https://admin.musora.com/admin#/content/drumeo/330318	92;94;78	
323915	drumeo	New York	song	https://admin.musora.com/admin#/content/drumeo/323915	92;94;78	
330320	drumeo	Never Know Why	song	https://admin.musora.com/admin#/content/drumeo/330320	92;94;78	
404199	drumeo	Nobody Knows Anything	song	https://admin.musora.com/admin#/content/drumeo/404199	92;94;78	
384611	drumeo	New Girl Now	song	https://admin.musora.com/admin#/content/drumeo/384611	92;94;78	
260431	drumeo	North Sea Oil	song	https://admin.musora.com/admin#/content/drumeo/260431	92;94;78	
374567	drumeo	No You Girls	song	https://admin.musora.com/admin#/content/drumeo/374567	92;94;78	
349735	drumeo	New Divide	song	https://admin.musora.com/admin#/content/drumeo/349735	92;94;78	
395422	guitareo	Next To You	song	https://admin.musora.com/admin#/content/guitareo/395422	92;94	
321202	drumeo	Next To You	song	https://admin.musora.com/admin#/content/drumeo/321202	92;94;78	
295212	drumeo	Night By Night	song	https://admin.musora.com/admin#/content/drumeo/295212	92;94;78	
264293	drumeo	Night Fever	song	https://admin.musora.com/admin#/content/drumeo/264293	92;94;78	
359074	drumeo	Night Fever	song	https://admin.musora.com/admin#/content/drumeo/359074	92;94;78	
379803	pianote	The Nicest Kids In Town	song	https://admin.musora.com/admin#/content/pianote/379803	92;94	
380760	singeo	The Nicest Kids In Town	song	https://admin.musora.com/admin#/content/singeo/380760	92;94	
388702	drumeo	Nights On Broadway	song	https://admin.musora.com/admin#/content/drumeo/388702	92;94;78	
375224	drumeo	Night Passage	song	https://admin.musora.com/admin#/content/drumeo/375224	92;94;78	
373838	drumeo	1999	song	https://admin.musora.com/admin#/content/drumeo/373838	92;94;78	
285150	drumeo	99	song	https://admin.musora.com/admin#/content/drumeo/285150	92;94;78	
295638	drumeo	Nite Sprite	song	https://admin.musora.com/admin#/content/drumeo/295638	92;94;78	
385287	drumeo	Nothing That Has Happened So Far Has Been Anything We Could Control	song	https://admin.musora.com/admin#/content/drumeo/385287	92;94;78	
264285	drumeo	No Matter What	song	https://admin.musora.com/admin#/content/drumeo/264285	92;94;78	
291188	drumeo	No More Mr. Nice Guy	song	https://admin.musora.com/admin#/content/drumeo/291188	92;94;78	
321264	drumeo	No Time This Time	song	https://admin.musora.com/admin#/content/drumeo/321264	92;94;78	
328165	drumeo	Nostalgia In Times Square	song	https://admin.musora.com/admin#/content/drumeo/328165	92;94;78	
291502	drumeo	Nothin' But A Good Time	song	https://admin.musora.com/admin#/content/drumeo/291502	92;94;78	
380326	singeo	Nothing Compares 2 U	song	https://admin.musora.com/admin#/content/singeo/380326	92;94	
378305	guitareo	Nothing Compares 2 U	song	https://admin.musora.com/admin#/content/guitareo/378305	92;94	
379152	pianote	Nothing Compares 2 U	song	https://admin.musora.com/admin#/content/pianote/379152	92;94	
410125	guitareo	Nothing Compares 2 U (Easy Version)	song	https://admin.musora.com/admin#/content/guitareo/410125	92;94	
330228	drumeo	Now You See It (Now You Don't)	song	https://admin.musora.com/admin#/content/drumeo/330228	92;94;78	
309163	drumeo	The Number Of The Beast	song	https://admin.musora.com/admin#/content/drumeo/309163	92;94;78	
402995	guitareo	The Number Of The Beast	song	https://admin.musora.com/admin#/content/guitareo/402995	92;94	
384847	drumeo	No UFO's	song	https://admin.musora.com/admin#/content/drumeo/384847	92;94;78	
356073	drumeo	No Time To Die	song	https://admin.musora.com/admin#/content/drumeo/356073	92;94;78	
379512	pianote	No Time To Die	song	https://admin.musora.com/admin#/content/pianote/379512	92;94	
380476	singeo	No Time To Die	song	https://admin.musora.com/admin#/content/singeo/380476	92;94	
359066	drumeo	No Son Of Mine	song	https://admin.musora.com/admin#/content/drumeo/359066	92;94;78	
390445	drumeo	Nobody	song	https://admin.musora.com/admin#/content/drumeo/390445	92;94;78	
399163	guitareo	Now And Then (Easy Version)	song	https://admin.musora.com/admin#/content/guitareo/399163	92;94	
399161	guitareo	Now And Then (Full version)	song	https://admin.musora.com/admin#/content/guitareo/399161	92;94	
291388	drumeo	No Good	song	https://admin.musora.com/admin#/content/drumeo/291388	92;94;78	
384639	drumeo	No Reason To Fear	song	https://admin.musora.com/admin#/content/drumeo/384639	92;94;78	
314515	drumeo	Nice To Know You	song	https://admin.musora.com/admin#/content/drumeo/314515	92;94;78	
406556	drumeo	Nakamarra	song	https://admin.musora.com/admin#/content/drumeo/406556	92;94;78	
358980	drumeo	No Way Back	song	https://admin.musora.com/admin#/content/drumeo/358980	92;94;78	
323920	drumeo	One	song	https://admin.musora.com/admin#/content/drumeo/323920	92;94;78	
381045	singeo	One	song	https://admin.musora.com/admin#/content/singeo/381045	92;94	
383427	guitareo	One	song	https://admin.musora.com/admin#/content/guitareo/383427	92;94	
379164	pianote	One	song	https://admin.musora.com/admin#/content/pianote/379164	92;94	
317822	drumeo	On A Plain	song	https://admin.musora.com/admin#/content/drumeo/317822	92;94;78	
383280	guitareo	On a Plain	song	https://admin.musora.com/admin#/content/guitareo/383280	92;94	
317792	drumeo	Oakland Stroke	song	https://admin.musora.com/admin#/content/drumeo/317792	92;94;78	
324068	drumeo	One Tree Hill	song	https://admin.musora.com/admin#/content/drumeo/324068	92;94;78	
375203	drumeo	Only Happy When It Rains	song	https://admin.musora.com/admin#/content/drumeo/375203	92;94;78	
270413	drumeo	One Of Us Is Over 40	song	https://admin.musora.com/admin#/content/drumeo/270413	92;94;78	
352693	drumeo	One Way Or Another	song	https://admin.musora.com/admin#/content/drumeo/352693	92;94;78	
395231	drumeo	One Way Or Another (Easy Version)	song	https://admin.musora.com/admin#/content/drumeo/395231	92;94;78	
385555	drumeo	On The Road Again	song	https://admin.musora.com/admin#/content/drumeo/385555	92;94;78	
407287	drumeo	One Mo' Gin	song	https://admin.musora.com/admin#/content/drumeo/407287	92;94;78	
379593	pianote	100 Years	song	https://admin.musora.com/admin#/content/pianote/379593	92;94	
380559	singeo	100 Years	song	https://admin.musora.com/admin#/content/singeo/380559	92;94	
284678	drumeo	The Outsider	song	https://admin.musora.com/admin#/content/drumeo/284678	92;94;78	
321343	drumeo	O My God	song	https://admin.musora.com/admin#/content/drumeo/321343	92;94;78	
401646	drumeo	Ocean Avenue	song	https://admin.musora.com/admin#/content/drumeo/401646	92;94;78	
291420	drumeo	One Step Closer	song	https://admin.musora.com/admin#/content/drumeo/291420	92;94;78	
385931	drumeo	One Day	song	https://admin.musora.com/admin#/content/drumeo/385931	92;94;78	
323990	drumeo	The Ocean	song	https://admin.musora.com/admin#/content/drumeo/323990	92;94;78	
323963	drumeo	Out Of Control	song	https://admin.musora.com/admin#/content/drumeo/323963	92;94;78	
358984	drumeo	Over And Out	song	https://admin.musora.com/admin#/content/drumeo/358984	92;94;78	
378327	guitareo	Our Song	song	https://admin.musora.com/admin#/content/guitareo/378327	92;94	
379176	pianote	Our Song	song	https://admin.musora.com/admin#/content/pianote/379176	92;94	
380330	singeo	Our Song	song	https://admin.musora.com/admin#/content/singeo/380330	92;94	
358982	drumeo	On The Mend	song	https://admin.musora.com/admin#/content/drumeo/358982	92;94;78	
270643	drumeo	Open Car	song	https://admin.musora.com/admin#/content/drumeo/270643	92;94;78	
385453	drumeo	One Day	song	https://admin.musora.com/admin#/content/drumeo/385453	92;94;78	
323972	drumeo	One Step Closer	song	https://admin.musora.com/admin#/content/drumeo/323972	92;94;78	
323974	drumeo	Original Of The Species	song	https://admin.musora.com/admin#/content/drumeo/323974	92;94;78	
383186	guitareo	1 2 3 4	song	https://admin.musora.com/admin#/content/guitareo/383186	92;94	
380002	singeo	1234	song	https://admin.musora.com/admin#/content/singeo/380002	92;94	
378660	pianote	1234	song	https://admin.musora.com/admin#/content/pianote/378660	92;94	
347054	drumeo	One For All Time	song	https://admin.musora.com/admin#/content/drumeo/347054	92;94;78	
348723	drumeo	One For All Time	song	https://admin.musora.com/admin#/content/drumeo/348723	92;94;78	
309348	drumeo	Old Brown Shoe	song	https://admin.musora.com/admin#/content/drumeo/309348	92;94;78	
396199	drumeo	Oblivion (Easy Version)	song	https://admin.musora.com/admin#/content/drumeo/396199	92;94;78	
396187	drumeo	Oblivion	song	https://admin.musora.com/admin#/content/drumeo/396187	92;94;78	
358920	drumeo	Oh, George	song	https://admin.musora.com/admin#/content/drumeo/358920	92;94;78	
308905	drumeo	14 Years	song	https://admin.musora.com/admin#/content/drumeo/308905	92;94;78	
294185	drumeo	1,000 Eyes	song	https://admin.musora.com/admin#/content/drumeo/294185	92;94;78	
401628	drumeo	1901	song	https://admin.musora.com/admin#/content/drumeo/401628	92;94;78	
389151	drumeo	Open Your Eyes	song	https://admin.musora.com/admin#/content/drumeo/389151	92;94;78	
260325	drumeo	Old Time Rock & Roll	song	https://admin.musora.com/admin#/content/drumeo/260325	92;94;78	
379476	pianote	Oleo	song	https://admin.musora.com/admin#/content/pianote/379476	92;94	
401616	drumeo	One Beer	song	https://admin.musora.com/admin#/content/drumeo/401616	92;94;78	
373409	drumeo	On The Serious Side	song	https://admin.musora.com/admin#/content/drumeo/373409	92;94;78	
324833	drumeo	All Night	song	https://admin.musora.com/admin#/content/drumeo/324833	92;94;78	
324869	drumeo	On Through The Night	song	https://admin.musora.com/admin#/content/drumeo/324869	92;94;78	
384807	drumeo	One More Night	song	https://admin.musora.com/admin#/content/drumeo/384807	92;94;78	
385685	drumeo	One More Night In Brooklyn	song	https://admin.musora.com/admin#/content/drumeo/385685	92;94;78	
260323	drumeo	One Drop	song	https://admin.musora.com/admin#/content/drumeo/260323	92;94;78	
385349	drumeo	One Of Us Is The Killer	song	https://admin.musora.com/admin#/content/drumeo/385349	92;94;78	
359024	drumeo	Outside	song	https://admin.musora.com/admin#/content/drumeo/359024	92;94;78	
385829	drumeo	Only With You	song	https://admin.musora.com/admin#/content/drumeo/385829	92;94;78	
329054	drumeo	One Of My Turns	song	https://admin.musora.com/admin#/content/drumeo/329054	92;94;78	
348734	drumeo	One Of These Nights	song	https://admin.musora.com/admin#/content/drumeo/348734	92;94;78	
321181	drumeo	One World (Not Three)	song	https://admin.musora.com/admin#/content/drumeo/321181	92;94;78	
279247	drumeo	Ooby Dooby	song	https://admin.musora.com/admin#/content/drumeo/279247	92;94;78	
275766	drumeo	Ophelia	song	https://admin.musora.com/admin#/content/drumeo/275766	92;94;78	
328223	drumeo	Orange Crush	song	https://admin.musora.com/admin#/content/drumeo/328223	92;94;78	
294797	drumeo	Our Lips Are Sealed	song	https://admin.musora.com/admin#/content/drumeo/294797	92;94;78	
386576	guitareo	Out Of Limits	song	https://admin.musora.com/admin#/content/guitareo/386576	92;94	
399165	guitareo	Outside Woman Blues	song	https://admin.musora.com/admin#/content/guitareo/399165	92;94	
404574	drumeo	Optimist	song	https://admin.musora.com/admin#/content/drumeo/404574	92;94;78	
389809	singeo	OMG	song	https://admin.musora.com/admin#/content/singeo/389809	92;94	
389721	pianote	OMG	song	https://admin.musora.com/admin#/content/pianote/389721	92;94	
275448	drumeo	One In A Million	song	https://admin.musora.com/admin#/content/drumeo/275448	92;94;78	
275812	drumeo	1612	song	https://admin.musora.com/admin#/content/drumeo/275812	92;94;78	
358962	drumeo	Overdrive	song	https://admin.musora.com/admin#/content/drumeo/358962	92;94;78	
379174	pianote	Ophelia	song	https://admin.musora.com/admin#/content/pianote/379174	92;94	
381055	singeo	Ophelia	song	https://admin.musora.com/admin#/content/singeo/381055	92;94	
383398	guitareo	Ophelia	song	https://admin.musora.com/admin#/content/guitareo/383398	92;94	
377748	guitareo	Ocean Eyes	song	https://admin.musora.com/admin#/content/guitareo/377748	92;94	
379158	pianote	Ocean Eyes	song	https://admin.musora.com/admin#/content/pianote/379158	92;94	
381039	singeo	Ocean Eyes	song	https://admin.musora.com/admin#/content/singeo/381039	92;94	
401043	drumeo	Of Mind: Nocturne	song	https://admin.musora.com/admin#/content/drumeo/401043	92;94;78	
377907	guitareo	One More Light	song	https://admin.musora.com/admin#/content/guitareo/377907	92;94	
379168	pianote	One More Light	song	https://admin.musora.com/admin#/content/pianote/379168	92;94	
381049	singeo	One More Light	song	https://admin.musora.com/admin#/content/singeo/381049	92;94	
291578	drumeo	Origin - Concealing Fate, Pt. 6	song	https://admin.musora.com/admin#/content/drumeo/291578	92;94;78	
390058	singeo	Only Us	song	https://admin.musora.com/admin#/content/singeo/390058	92;94	
389931	pianote	Only Us	song	https://admin.musora.com/admin#/content/pianote/389931	92;94	
298490	drumeo	Overture	song	https://admin.musora.com/admin#/content/drumeo/298490	92;94;78	
279113	drumeo	Over And Over And Over	song	https://admin.musora.com/admin#/content/drumeo/279113	92;94;78	
264515	drumeo	Polly	song	https://admin.musora.com/admin#/content/drumeo/264515	92;94;78	
386906	guitareo	Polly (Full Version)	song	https://admin.musora.com/admin#/content/guitareo/386906	92;94	
403900	guitareo	Polly (Easy Version)	song	https://admin.musora.com/admin#/content/guitareo/403900	92;94	
381604	drumeo	Prison Sex	song	https://admin.musora.com/admin#/content/drumeo/381604	92;94;78	
403622	drumeo	Poison My Eyes	song	https://admin.musora.com/admin#/content/drumeo/403622	92;94;78	
317801	drumeo	Pennyroyal Tea	song	https://admin.musora.com/admin#/content/drumeo/317801	92;94;78	
389155	drumeo	Please Forgive Me	song	https://admin.musora.com/admin#/content/drumeo/389155	92;94;78	
392590	guitareo	Paper Cuts	song	https://admin.musora.com/admin#/content/guitareo/392590	92;94	
260651	drumeo	Paint It Black	song	https://admin.musora.com/admin#/content/drumeo/260651	92;94;78	
388912	guitareo	Paint It Black (Full Version)	song	https://admin.musora.com/admin#/content/guitareo/388912	92;94	
398008	guitareo	Paint It Black (Easy Version)	song	https://admin.musora.com/admin#/content/guitareo/398008	92;94	
291288	drumeo	Police Truck	song	https://admin.musora.com/admin#/content/drumeo/291288	92;94;78	
389052	drumeo	Peaches	song	https://admin.musora.com/admin#/content/drumeo/389052	92;94;78	
270601	drumeo	Pinocchio	song	https://admin.musora.com/admin#/content/drumeo/270601	92;94;78	
375220	drumeo	Possum Kingdom	song	https://admin.musora.com/admin#/content/drumeo/375220	92;94;78	
381581	drumeo	Powerslave	song	https://admin.musora.com/admin#/content/drumeo/381581	92;94;78	
392346	singeo	The Prayer	song	https://admin.musora.com/admin#/content/singeo/392346	92;94	
392445	pianote	The Prayer	song	https://admin.musora.com/admin#/content/pianote/392445	92;94	
405524	drumeo	Praise You	song	https://admin.musora.com/admin#/content/drumeo/405524	92;94;78	
387393	guitareo	Praise You	song	https://admin.musora.com/admin#/content/guitareo/387393	92;94	
384759	drumeo	Papercut	song	https://admin.musora.com/admin#/content/drumeo/384759	92;94;78	
270773	drumeo	The Patient	song	https://admin.musora.com/admin#/content/drumeo/270773	92;94;78	
387502	drumeo	Parabola	song	https://admin.musora.com/admin#/content/drumeo/387502	92;94;78	
391115	drumeo	Papa Don't Preach	song	https://admin.musora.com/admin#/content/drumeo/391115	92;94;78	
324094	drumeo	Promenade	song	https://admin.musora.com/admin#/content/drumeo/324094	92;94;78	
390501	singeo	Party For Two	song	https://admin.musora.com/admin#/content/singeo/390501	92;94	
390300	pianote	Party For Two	song	https://admin.musora.com/admin#/content/pianote/390300	92;94	
385067	drumeo	Piece By Piece	song	https://admin.musora.com/admin#/content/drumeo/385067	92;94;78	
25221	drumeo	The Pot	song	https://admin.musora.com/admin#/content/drumeo/25221	92;94;78	
374621	drumeo	Push	song	https://admin.musora.com/admin#/content/drumeo/374621	92;94;78	
392794	drumeo	Puro Amor	song	https://admin.musora.com/admin#/content/drumeo/392794	92;94;78	
377723	guitareo	Paying The Cost To Be The Boss	song	https://admin.musora.com/admin#/content/guitareo/377723	92;94	
392513	singeo	Peace Of Mind	song	https://admin.musora.com/admin#/content/singeo/392513	92;94	
270381	drumeo	Peace Of Mind	song	https://admin.musora.com/admin#/content/drumeo/270381	92;94;78	
395278	pianote	Peace Of Mind	song	https://admin.musora.com/admin#/content/pianote/395278	92;94	
321204	drumeo	Peanuts	song	https://admin.musora.com/admin#/content/drumeo/321204	92;94;78	
260392	drumeo	The Pretender	song	https://admin.musora.com/admin#/content/drumeo/260392	92;94;78	
362461	drumeo	Peg	song	https://admin.musora.com/admin#/content/drumeo/362461	92;94;78	
387798	guitareo	Peg	song	https://admin.musora.com/admin#/content/guitareo/387798	92;94	
374584	drumeo	Pain Lies On The Riverside	song	https://admin.musora.com/admin#/content/drumeo/374584	92;94;78	
323918	drumeo	Peace On Earth	song	https://admin.musora.com/admin#/content/drumeo/323918	92;94;78	
391451	drumeo	Paralyzer	song	https://admin.musora.com/admin#/content/drumeo/391451	92;94;78	
388421	drumeo	Pick Up The Pieces	song	https://admin.musora.com/admin#/content/drumeo/388421	92;94;78	
364728	drumeo	Penguins & Polarbears	song	https://admin.musora.com/admin#/content/drumeo/364728	92;94;78	
389062	drumeo	Pot Kettle Black	song	https://admin.musora.com/admin#/content/drumeo/389062	92;94;78	
375387	drumeo	Politik	song	https://admin.musora.com/admin#/content/drumeo/375387	92;94;78	
303371	drumeo	Play In The Sunshine	song	https://admin.musora.com/admin#/content/drumeo/303371	92;94;78	
374539	drumeo	Punishment	song	https://admin.musora.com/admin#/content/drumeo/374539	92;94;78	
349673	drumeo	Private Eye	song	https://admin.musora.com/admin#/content/drumeo/349673	92;94;78	
382350	guitareo	Peter Gunn Theme	song	https://admin.musora.com/admin#/content/guitareo/382350	92;94	
388417	drumeo	The Phantom Of The Opera	song	https://admin.musora.com/admin#/content/drumeo/388417	92;94;78	
382672	pianote	The Phantom Of The Opera	song	https://admin.musora.com/admin#/content/pianote/382672	92;94	
331187	drumeo	Phantom Of The Opera	song	https://admin.musora.com/admin#/content/drumeo/331187	92;94;78	
379575	pianote	Philadelphia Freedom	song	https://admin.musora.com/admin#/content/pianote/379575	92;94	
380543	singeo	Philadelphia Freedom	song	https://admin.musora.com/admin#/content/singeo/380543	92;94	
294205	drumeo	Perennial Quest	song	https://admin.musora.com/admin#/content/drumeo/294205	92;94;78	
309596	drumeo	Piggies	song	https://admin.musora.com/admin#/content/drumeo/309596	92;94;78	
329040	drumeo	Pigs (Three Different Ones)	song	https://admin.musora.com/admin#/content/drumeo/329040	92;94;78	
383419	guitareo	Pipeline	song	https://admin.musora.com/admin#/content/guitareo/383419	92;94	
385069	drumeo	Postmortem	song	https://admin.musora.com/admin#/content/drumeo/385069	92;94;78	
291570	drumeo	Pierced From Within	song	https://admin.musora.com/admin#/content/drumeo/291570	92;94;78	
309504	drumeo	Please Please Me	song	https://admin.musora.com/admin#/content/drumeo/309504	92;94;78	
365649	drumeo	Pepper	song	https://admin.musora.com/admin#/content/drumeo/365649	92;94;78	
379757	pianote	The Point Of No Return	song	https://admin.musora.com/admin#/content/pianote/379757	92;94	
380714	singeo	The Point Of No Return	song	https://admin.musora.com/admin#/content/singeo/380714	92;94	
305644	drumeo	Poison	song	https://admin.musora.com/admin#/content/drumeo/305644	92;94;78	
393742	guitareo	Poison	song	https://admin.musora.com/admin#/content/guitareo/393742	92;94	
378260	guitareo	Pink Moon	song	https://admin.musora.com/admin#/content/guitareo/378260	92;94	
388031	guitareo	Peaches En Regalia	song	https://admin.musora.com/admin#/content/guitareo/388031	92;94	
384957	drumeo	Pop Life	song	https://admin.musora.com/admin#/content/drumeo/384957	92;94;78	
403270	drumeo	Party Rock Anthem	song	https://admin.musora.com/admin#/content/drumeo/403270	92;94;78	
389811	singeo	Party Rock Anthem	song	https://admin.musora.com/admin#/content/singeo/389811	92;94	
389719	pianote	Party Rock Anthem	song	https://admin.musora.com/admin#/content/pianote/389719	92;94	
260329	drumeo	Perth	song	https://admin.musora.com/admin#/content/drumeo/260329	92;94;78	
264337	drumeo	Paradise	song	https://admin.musora.com/admin#/content/drumeo/264337	92;94;78	
394932	drumeo	Paradise (Easy Version)	song	https://admin.musora.com/admin#/content/drumeo/394932	92;94;78	
392782	pianote	Popular	song	https://admin.musora.com/admin#/content/pianote/392782	92;94	
392405	singeo	Popular	song	https://admin.musora.com/admin#/content/singeo/392405	92;94	
385359	drumeo	Pentonville	song	https://admin.musora.com/admin#/content/drumeo/385359	92;94;78	
278923	drumeo	Pompeii	song	https://admin.musora.com/admin#/content/drumeo/278923	92;94;78	
377726	guitareo	Pompeii	song	https://admin.musora.com/admin#/content/guitareo/377726	92;94	
379194	pianote	Pompeii	song	https://admin.musora.com/admin#/content/pianote/379194	92;94	
380342	singeo	Pompeii	song	https://admin.musora.com/admin#/content/singeo/380342	92;94	
382431	drumeo	Prophecy	song	https://admin.musora.com/admin#/content/drumeo/382431	92;94;78	
385371	drumeo	Pressure Drop	song	https://admin.musora.com/admin#/content/drumeo/385371	92;94;78	
406929	guitareo	Pride (In The Name Of Love) (Full Version)	song	https://admin.musora.com/admin#/content/guitareo/406929	92;94	
324092	drumeo	Pride (In the Name of Love)	song	https://admin.musora.com/admin#/content/drumeo/324092	92;94;78	
291326	drumeo	Pump It Up	song	https://admin.musora.com/admin#/content/drumeo/291326	92;94;78	
331563	drumeo	Punky Reggae Party	song	https://admin.musora.com/admin#/content/drumeo/331563	92;94;78	
303259	drumeo	Purple Rain	song	https://admin.musora.com/admin#/content/drumeo/303259	92;94;78	
394310	guitareo	Purple Rain	song	https://admin.musora.com/admin#/content/guitareo/394310	92;94	
402178	singeo	Put Your Head On My Shoulder	song	https://admin.musora.com/admin#/content/singeo/402178	92;94	
390470	drumeo	Put Your Head On My Shoulder	song	https://admin.musora.com/admin#/content/drumeo/390470	92;94;78	
378608	pianote	Puttin' On The Ritz	song	https://admin.musora.com/admin#/content/pianote/378608	92;94	
381226	singeo	Puttin' On The Ritz	song	https://admin.musora.com/admin#/content/singeo/381226	92;94	
309502	drumeo	P.S. I Love You	song	https://admin.musora.com/admin#/content/drumeo/309502	92;94;78	
270767	drumeo	Pneuma	song	https://admin.musora.com/admin#/content/drumeo/270767	92;94;78	
406208	drumeo	Pushing The Tides	song	https://admin.musora.com/admin#/content/drumeo/406208	92;94;78	
387968	guitareo	Psycho In My Head	song	https://admin.musora.com/admin#/content/guitareo/387968	92;94	
392441	pianote	Peaches	song	https://admin.musora.com/admin#/content/pianote/392441	92;94	
392340	singeo	Peaches	song	https://admin.musora.com/admin#/content/singeo/392340	92;94	
400236	guitareo	Paint The Town Red (Full Version)	song	https://admin.musora.com/admin#/content/guitareo/400236	92;94	
403898	guitareo	Paint The Town Red (Easy Version)	song	https://admin.musora.com/admin#/content/guitareo/403898	92;94	
275352	drumeo	Physical Education	song	https://admin.musora.com/admin#/content/drumeo/275352	92;94;78	
383131	guitareo	Peggy Sue	song	https://admin.musora.com/admin#/content/guitareo/383131	92;94	
275554	drumeo	Pardon Me	song	https://admin.musora.com/admin#/content/drumeo/275554	92;94;78	
337876	drumeo	PRETZELBODYLOGIC	song	https://admin.musora.com/admin#/content/drumeo/337876	92;94;78	
337874	drumeo	PLECTRUMELECTRUM	song	https://admin.musora.com/admin#/content/drumeo/337874	92;94;78	
305656	drumeo	Planet Of The Apes	song	https://admin.musora.com/admin#/content/drumeo/305656	92;94;78	
285102	drumeo	Perfection - Concealing Fate, Pt. 4	song	https://admin.musora.com/admin#/content/drumeo/285102	92;94;78	
285032	drumeo	Petits Machins	song	https://admin.musora.com/admin#/content/drumeo/285032	92;94;78	
275492	drumeo	Torn Apart	song	https://admin.musora.com/admin#/content/drumeo/275492	92;94;78	
385563	drumeo	Queen Jane Approximately	song	https://admin.musora.com/admin#/content/drumeo/385563	92;94;78	
379202	pianote	Right Here Waiting	song	https://admin.musora.com/admin#/content/pianote/379202	92;94	
380350	singeo	Right Here Waiting	song	https://admin.musora.com/admin#/content/singeo/380350	92;94	
324106	drumeo	Red Light	song	https://admin.musora.com/admin#/content/drumeo/324106	92;94;78	
317803	drumeo	Radio Friendly Unit Shifter	song	https://admin.musora.com/admin#/content/drumeo/317803	92;94;78	
317808	drumeo	Rape Me	song	https://admin.musora.com/admin#/content/drumeo/317808	92;94;78	
384175	drumeo	Rag Doll	song	https://admin.musora.com/admin#/content/drumeo/384175	92;94;78	
302631	drumeo	Rock & Roll Band	song	https://admin.musora.com/admin#/content/drumeo/302631	92;94;78	
324072	drumeo	Red Hill Mining Town	song	https://admin.musora.com/admin#/content/drumeo/324072	92;94;78	
324077	drumeo	Running To Stand Still	song	https://admin.musora.com/admin#/content/drumeo/324077	92;94;78	
330302	drumeo	Road To Nowhere	song	https://admin.musora.com/admin#/content/drumeo/330302	92;94;78	
385375	drumeo	Record Run	song	https://admin.musora.com/admin#/content/drumeo/385375	92;94;78	
270347	drumeo	Rock Me Baby	song	https://admin.musora.com/admin#/content/drumeo/270347	92;94;78	
291558	drumeo	Raining Blood	song	https://admin.musora.com/admin#/content/drumeo/291558	92;94;78	
291560	drumeo	Reborn	song	https://admin.musora.com/admin#/content/drumeo/291560	92;94;78	
373823	drumeo	Rollin' (Air Raid Vehicle)	song	https://admin.musora.com/admin#/content/drumeo/373823	92;94;78	
389525	drumeo	Roots Bloody Roots	song	https://admin.musora.com/admin#/content/drumeo/389525	92;94;78	
386940	guitareo	Red Red Wine	song	https://admin.musora.com/admin#/content/guitareo/386940	92;94	
270783	drumeo	Red Red Wine	song	https://admin.musora.com/admin#/content/drumeo/270783	92;94;78	
383963	singeo	Red Red Wine	song	https://admin.musora.com/admin#/content/singeo/383963	92;94	
384057	pianote	Red Red Wine	song	https://admin.musora.com/admin#/content/pianote/384057	92;94	
279261	drumeo	Refuse/Resist	song	https://admin.musora.com/admin#/content/drumeo/279261	92;94;78	
372740	drumeo	Rosetta Stoned	song	https://admin.musora.com/admin#/content/drumeo/372740	92;94;78	
324024	drumeo	Rejoice	song	https://admin.musora.com/admin#/content/drumeo/324024	92;94;78	
358986	drumeo	Resolve	song	https://admin.musora.com/admin#/content/drumeo/358986	92;94;78	
390472	drumeo	Raspberry Beret	song	https://admin.musora.com/admin#/content/drumeo/390472	92;94;78	
264683	drumeo	Read My Mind	song	https://admin.musora.com/admin#/content/drumeo/264683	92;94;78	
284794	drumeo	Rave On!	song	https://admin.musora.com/admin#/content/drumeo/284794	92;94;78	
396370	drumeo	The Real Me (Easy Version)	song	https://admin.musora.com/admin#/content/drumeo/396370	92;94;78	
396680	drumeo	The Real Me	song	https://admin.musora.com/admin#/content/drumeo/396680	92;94;78	
324112	drumeo	The Refugee	song	https://admin.musora.com/admin#/content/drumeo/324112	92;94;78	
270679	drumeo	Run	song	https://admin.musora.com/admin#/content/drumeo/270679	92;94;78	
377762	guitareo	Redemption Song	song	https://admin.musora.com/admin#/content/guitareo/377762	92;94	
394614	guitareo	Reelin' In The Years	song	https://admin.musora.com/admin#/content/guitareo/394614	92;94	
275742	drumeo	Reelin' In The Years	song	https://admin.musora.com/admin#/content/drumeo/275742	92;94;78	
291540	drumeo	Remedy	song	https://admin.musora.com/admin#/content/drumeo/291540	92;94;78	
291342	drumeo	Relax	song	https://admin.musora.com/admin#/content/drumeo/291342	92;94;78	
385921	drumeo	Reptilia	song	https://admin.musora.com/admin#/content/drumeo/385921	92;94;78	
386777	guitareo	Reptilia	song	https://admin.musora.com/admin#/content/guitareo/386777	92;94	
385773	drumeo	Roll Away Your Stone	song	https://admin.musora.com/admin#/content/drumeo/385773	92;94;78	
365663	drumeo	Rearviewmirror	song	https://admin.musora.com/admin#/content/drumeo/365663	92;94;78	
275454	drumeo	Rapunzel	song	https://admin.musora.com/admin#/content/drumeo/275454	92;94;78	
392701	drumeo	Rag & Bone	song	https://admin.musora.com/admin#/content/drumeo/392701	92;94;78	
384453	drumeo	Runaway	song	https://admin.musora.com/admin#/content/drumeo/384453	92;94;78	
379801	pianote	Run And Tell That	song	https://admin.musora.com/admin#/content/pianote/379801	92;94	
380758	singeo	Run And Tell That	song	https://admin.musora.com/admin#/content/singeo/380758	92;94	
284868	drumeo	Rhiannon	song	https://admin.musora.com/admin#/content/drumeo/284868	92;94;78	
391578	guitareo	Rhiannon (Full Version)	song	https://admin.musora.com/admin#/content/guitareo/391578	92;94	
399371	guitareo	Rhiannon (Easy Version)	song	https://admin.musora.com/admin#/content/guitareo/399371	92;94	
388336	guitareo	Rope	song	https://admin.musora.com/admin#/content/guitareo/388336	92;94	
24670	drumeo	Rope	song	https://admin.musora.com/admin#/content/drumeo/24670	92;94;78	
406290	drumeo	Reptile's Theme	song	https://admin.musora.com/admin#/content/drumeo/406290	92;94;78	
406909	guitareo	Reach Out (I'll Be There)	song	https://admin.musora.com/admin#/content/guitareo/406909	92;94	
407634	drumeo	Reach Out (I'll Be There)	song	https://admin.musora.com/admin#/content/drumeo/407634	92;94;78	
331216	drumeo	Rikki Don't Lose That Number	song	https://admin.musora.com/admin#/content/drumeo/331216	92;94;78	
314519	drumeo	Rime Of The Ancient Mariner	song	https://admin.musora.com/admin#/content/drumeo/314519	92;94;78	
401173	pianote	River (Solo, Easy Version)	song	https://admin.musora.com/admin#/content/pianote/401173	92;94	
401172	pianote	River (Solo)	song	https://admin.musora.com/admin#/content/pianote/401172	92;94	
401171	pianote	River	song	https://admin.musora.com/admin#/content/pianote/401171	92;94	
395771	guitareo	River	song	https://admin.musora.com/admin#/content/guitareo/395771	92;94	
380356	singeo	River	song	https://admin.musora.com/admin#/content/singeo/380356	92;94	
379208	pianote	River	song	https://admin.musora.com/admin#/content/pianote/379208	92;94	
364742	drumeo	Resurrection By Erection	song	https://admin.musora.com/admin#/content/drumeo/364742	92;94;78	
379551	pianote	Rock And Roll Is Here To Stay	song	https://admin.musora.com/admin#/content/pianote/379551	92;94	
380519	singeo	Rock And Roll Is Here To Stay	song	https://admin.musora.com/admin#/content/singeo/380519	92;94	
330230	drumeo	Rock 'n' Roll Rebel	song	https://admin.musora.com/admin#/content/drumeo/330230	92;94;78	
275782	drumeo	Rock The Casbah	song	https://admin.musora.com/admin#/content/drumeo/275782	92;94;78	
394381	guitareo	Rock The Casbah	song	https://admin.musora.com/admin#/content/guitareo/394381	92;94	
387411	guitareo	Rocket Man (And I Think It's Gonna Be A Long Long Time)	song	https://admin.musora.com/admin#/content/guitareo/387411	92;94	
264391	drumeo	Rocket Man	song	https://admin.musora.com/admin#/content/drumeo/264391	92;94;78	
379212	pianote	Rocket Man	song	https://admin.musora.com/admin#/content/pianote/379212	92;94	
380360	singeo	Rocket Man	song	https://admin.musora.com/admin#/content/singeo/380360	92;94	
284928	drumeo	Rocky Mountain Way	song	https://admin.musora.com/admin#/content/drumeo/284928	92;94;78	
23527	drumeo	Roxanne	song	https://admin.musora.com/admin#/content/drumeo/23527	92;94;78	
378393	guitareo	Roxanne	song	https://admin.musora.com/admin#/content/guitareo/378393	92;94	
270733	drumeo	Ruby Tuesday	song	https://admin.musora.com/admin#/content/drumeo/270733	92;94;78	
302664	drumeo	Rudie Can't Fail	song	https://admin.musora.com/admin#/content/drumeo/302664	92;94;78	
399350	guitareo	Run To The Hills	song	https://admin.musora.com/admin#/content/guitareo/399350	92;94	
24733	drumeo	Run To The Hills	song	https://admin.musora.com/admin#/content/drumeo/24733	92;94;78	
388438	drumeo	Run To You	song	https://admin.musora.com/admin#/content/drumeo/388438	92;94;78	
410111	guitareo	Run To You	song	https://admin.musora.com/admin#/content/guitareo/410111	92;94	
373385	drumeo	Round And Round	song	https://admin.musora.com/admin#/content/drumeo/373385	92;94;78	
349690	drumeo	Rolling 7s	song	https://admin.musora.com/admin#/content/drumeo/349690	92;94;78	
394073	drumeo	Real Thing	song	https://admin.musora.com/admin#/content/drumeo/394073	92;94;78	
260677	drumeo	Rosanna	song	https://admin.musora.com/admin#/content/drumeo/260677	92;94;78	
395932	drumeo	Rosanna (Easy Version)	song	https://admin.musora.com/admin#/content/drumeo/395932	92;94;78	
402803	guitareo	Rosanna	song	https://admin.musora.com/admin#/content/guitareo/402803	92;94	
390443	drumeo	Rescued	song	https://admin.musora.com/admin#/content/drumeo/390443	92;94;78	
380354	singeo	Rise Up	song	https://admin.musora.com/admin#/content/singeo/380354	92;94	
379206	pianote	Rise Up	song	https://admin.musora.com/admin#/content/pianote/379206	92;94	
377691	guitareo	Rise Up	song	https://admin.musora.com/admin#/content/guitareo/377691	92;94	
291334	drumeo	Reach Me	song	https://admin.musora.com/admin#/content/drumeo/291334	92;94;78	
279259	drumeo	Redzone Killer	song	https://admin.musora.com/admin#/content/drumeo/279259	92;94;78	
305658	drumeo	Rejoice	song	https://admin.musora.com/admin#/content/drumeo/305658	92;94;78	
359046	drumeo	Run	song	https://admin.musora.com/admin#/content/drumeo/359046	92;94;78	
321183	drumeo	Rehumanize Yourself	song	https://admin.musora.com/admin#/content/drumeo/321183	92;94;78	
321270	drumeo	Reggatta De Blanc	song	https://admin.musora.com/admin#/content/drumeo/321270	92;94;78	
401602	drumeo	Rats	song	https://admin.musora.com/admin#/content/drumeo/401602	92;94;78	
388622	drumeo	Sacrifice	song	https://admin.musora.com/admin#/content/drumeo/388622	92;94;78	
408488	guitareo	Sailing (Easy Version)	song	https://admin.musora.com/admin#/content/guitareo/408488	92;94	
392259	guitareo	Sailing	song	https://admin.musora.com/admin#/content/guitareo/392259	92;94	
364667	drumeo	Sailing	song	https://admin.musora.com/admin#/content/drumeo/364667	92;94;78	
384523	drumeo	So Many Millions	song	https://admin.musora.com/admin#/content/drumeo/384523	92;94;78	
13595	drumeo	Smells Like Teen Spirit	song	https://admin.musora.com/admin#/content/drumeo/13595	92;94;78	
378262	guitareo	Smells Like Teen Spirit	song	https://admin.musora.com/admin#/content/guitareo/378262	92;94	
406487	singeo	Smells Like Teen Spirit	song	https://admin.musora.com/admin#/content/singeo/406487	92;94	
408119	guitareo	Still Got The Blues	song	https://admin.musora.com/admin#/content/guitareo/408119	92;94	
390545	drumeo	Still Got The Blues	song	https://admin.musora.com/admin#/content/drumeo/390545	92;94;78	
407521	guitareo	Soul With The Capital "S"	song	https://admin.musora.com/admin#/content/guitareo/407521	92;94	
309177	drumeo	Soul With A Capital S	song	https://admin.musora.com/admin#/content/drumeo/309177	92;94;78	
385013	drumeo	She Don't Know She's Beautiful	song	https://admin.musora.com/admin#/content/drumeo/385013	92;94;78	
324108	drumeo	Seconds	song	https://admin.musora.com/admin#/content/drumeo/324108	92;94;78	
21376	drumeo	Sober	song	https://admin.musora.com/admin#/content/drumeo/21376	92;94;78	
378397	guitareo	(I Can't Get No) Satisfaction	song	https://admin.musora.com/admin#/content/guitareo/378397	92;94	
385647	drumeo	(I Can't Get No) Satisfaction	song	https://admin.musora.com/admin#/content/drumeo/385647	92;94;78	
260647	drumeo	(I Can't Get No) Satisfaction	song	https://admin.musora.com/admin#/content/drumeo/260647	92;94;78	
406185	singeo	(I Can't Get No) Satisfaction	song	https://admin.musora.com/admin#/content/singeo/406185	92;94	
331571	drumeo	Satisfy My Soul	song	https://admin.musora.com/admin#/content/drumeo/331571	92;94;78	
365693	drumeo	Saturday In The Park	song	https://admin.musora.com/admin#/content/drumeo/365693	92;94;78	
303375	drumeo	Slow Love	song	https://admin.musora.com/admin#/content/drumeo/303375	92;94;78	
303377	drumeo	Starfish And Coffee	song	https://admin.musora.com/admin#/content/drumeo/303377	92;94;78	
291424	drumeo	Saturday Night Fish Fry	song	https://admin.musora.com/admin#/content/drumeo/291424	92;94;78	
284996	drumeo	Saturday Night Special	song	https://admin.musora.com/admin#/content/drumeo/284996	92;94;78	
380545	singeo	Saturday Night's Alright (For Fighting)	song	https://admin.musora.com/admin#/content/singeo/380545	92;94	
379577	pianote	Saturday Night's Alright (For Fighting)	song	https://admin.musora.com/admin#/content/pianote/379577	92;94	
344728	drumeo	Saturday Night's Alright (For Fighting)	song	https://admin.musora.com/admin#/content/drumeo/344728	92;94;78	
402807	drumeo	Shut Up	song	https://admin.musora.com/admin#/content/drumeo/402807	92;94;78	
317810	drumeo	Scentless Apprentice	song	https://admin.musora.com/admin#/content/drumeo/317810	92;94;78	
317812	drumeo	Serve The Servants	song	https://admin.musora.com/admin#/content/drumeo/317812	92;94;78	
275650	drumeo	Something In The Way	song	https://admin.musora.com/admin#/content/drumeo/275650	92;94;78	
386935	guitareo	Something In The Way (Full version)	song	https://admin.musora.com/admin#/content/guitareo/386935	92;94	
401387	guitareo	Something In The Way (Easy version)	song	https://admin.musora.com/admin#/content/guitareo/401387	92;94	
317824	drumeo	Stay Away	song	https://admin.musora.com/admin#/content/drumeo/317824	92;94;78	
395645	guitareo	Stay Away	song	https://admin.musora.com/admin#/content/guitareo/395645	92;94	
385149	drumeo	Something The Boy Said	song	https://admin.musora.com/admin#/content/drumeo/385149	92;94;78	
309600	drumeo	Savoy Truffle	song	https://admin.musora.com/admin#/content/drumeo/309600	92;94;78	
279255	drumeo	Soul Sacrifice	song	https://admin.musora.com/admin#/content/drumeo/279255	92;94;78	
390957	guitareo	Speed Of Sound	song	https://admin.musora.com/admin#/content/guitareo/390957	92;94	
380388	singeo	Speed Of Sound	song	https://admin.musora.com/admin#/content/singeo/380388	92;94	
279013	drumeo	Speed Of Sound	song	https://admin.musora.com/admin#/content/drumeo/279013	92;94;78	
379256	pianote	Speed Of Sound	song	https://admin.musora.com/admin#/content/pianote/379256	92;94	
379595	pianote	Say You Love Me	song	https://admin.musora.com/admin#/content/pianote/379595	92;94	
380561	singeo	Say You Love Me	song	https://admin.musora.com/admin#/content/singeo/380561	92;94	
377135	drumeo	The Seed (2.0)	song	https://admin.musora.com/admin#/content/drumeo/377135	92;94;78	
291240	drumeo	Stockholm Syndrome	song	https://admin.musora.com/admin#/content/drumeo/291240	92;94;78	
402893	guitareo	Slide (Easy Version)	song	https://admin.musora.com/admin#/content/guitareo/402893	92;94	
387730	guitareo	Slide (Full Version)	song	https://admin.musora.com/admin#/content/guitareo/387730	92;94	
382899	singeo	Slide	song	https://admin.musora.com/admin#/content/singeo/382899	92;94	
382587	pianote	Slide	song	https://admin.musora.com/admin#/content/pianote/382587	92;94	
388415	drumeo	School's Out	song	https://admin.musora.com/admin#/content/drumeo/388415	92;94;78	
270555	drumeo	Somewhere Only We Know	song	https://admin.musora.com/admin#/content/drumeo/270555	92;94;78	
377893	guitareo	Somewhere Only We Know	song	https://admin.musora.com/admin#/content/guitareo/377893	92;94	
391006	pianote	Somewhere Only We Know	song	https://admin.musora.com/admin#/content/pianote/391006	92;94	
391158	singeo	Somewhere Only We Know	song	https://admin.musora.com/admin#/content/singeo/391158	92;94	
387970	guitareo	Shape of My Heart	song	https://admin.musora.com/admin#/content/guitareo/387970	92;94	
341277	drumeo	Shape Of My Heart	song	https://admin.musora.com/admin#/content/drumeo/341277	92;94;78	
401584	guitareo	Samba Pa Ti	song	https://admin.musora.com/admin#/content/guitareo/401584	92;94	
270645	drumeo	Shallow	song	https://admin.musora.com/admin#/content/drumeo/270645	92;94;78	
279225	drumeo	Start Of Something Beautiful	song	https://admin.musora.com/admin#/content/drumeo/279225	92;94;78	
390989	drumeo	Season In The Abyss	song	https://admin.musora.com/admin#/content/drumeo/390989	92;94;78	
385071	drumeo	Skeletons Of Society	song	https://admin.musora.com/admin#/content/drumeo/385071	92;94;78	
373393	drumeo	South Of Heaven	song	https://admin.musora.com/admin#/content/drumeo/373393	92;94;78	
321185	drumeo	Secret Journey	song	https://admin.musora.com/admin#/content/drumeo/321185	92;94;78	
330323	drumeo	Secret Loser	song	https://admin.musora.com/admin#/content/drumeo/330323	92;94;78	
284838	drumeo	Soul Meets Body	song	https://admin.musora.com/admin#/content/drumeo/284838	92;94;78	
321350	drumeo	Synchronicity II	song	https://admin.musora.com/admin#/content/drumeo/321350	92;94;78	
393119	drumeo	Square One	song	https://admin.musora.com/admin#/content/drumeo/393119	92;94;78	
384395	drumeo	Starts With Goodbye	song	https://admin.musora.com/admin#/content/drumeo/384395	92;94;78	
385005	drumeo	See You Later, Alligator	song	https://admin.musora.com/admin#/content/drumeo/385005	92;94;78	
24559	drumeo	Seven Days	song	https://admin.musora.com/admin#/content/drumeo/24559	92;94;78	
330237	drumeo	Spiders	song	https://admin.musora.com/admin#/content/drumeo/330237	92;94;78	
386041	drumeo	Smells Like Nirvana	song	https://admin.musora.com/admin#/content/drumeo/386041	92;94;78	
330304	drumeo	Won't Be Coming Home (S.I.N.)	song	https://admin.musora.com/admin#/content/drumeo/330304	92;94;78	
285152	drumeo	Stop Loving You	song	https://admin.musora.com/admin#/content/drumeo/285152	92;94;78	
279095	drumeo	St. Jimmy	song	https://admin.musora.com/admin#/content/drumeo/279095	92;94;78	
299082	drumeo	Seventh Son Of A Seventh Son	song	https://admin.musora.com/admin#/content/drumeo/299082	92;94;78	
348740	drumeo	Stupid Girl	song	https://admin.musora.com/admin#/content/drumeo/348740	92;94;78	
203872	drumeo	Stayin' Alive	song	https://admin.musora.com/admin#/content/drumeo/203872	92;94;78	
394613	guitareo	Stayin' Alive	song	https://admin.musora.com/admin#/content/guitareo/394613	92;94	
275380	drumeo	Save A Horse (Ride A Cowboy)	song	https://admin.musora.com/admin#/content/drumeo/275380	92;94;78	
321375	drumeo	Shadows In The Rain	song	https://admin.musora.com/admin#/content/drumeo/321375	92;94;78	
396360	drumeo	Sister Disco	song	https://admin.musora.com/admin#/content/drumeo/396360	92;94;78	
360015	drumeo	Stinkfist	song	https://admin.musora.com/admin#/content/drumeo/360015	92;94;78	
348749	drumeo	Spiderwebs	song	https://admin.musora.com/admin#/content/drumeo/348749	92;94;78	
401417	singeo	Seasons Of Love	song	https://admin.musora.com/admin#/content/singeo/401417	92;94	
358988	drumeo	Still	song	https://admin.musora.com/admin#/content/drumeo/358988	92;94;78	
385557	drumeo	She Belongs To Me	song	https://admin.musora.com/admin#/content/drumeo/385557	92;94;78	
386395	drumeo	Speak No Evil	song	https://admin.musora.com/admin#/content/drumeo/386395	92;94;78	
384583	drumeo	She	song	https://admin.musora.com/admin#/content/drumeo/384583	92;94;78	
384063	pianote	Since U Been Gone	song	https://admin.musora.com/admin#/content/pianote/384063	92;94	
383246	guitareo	Since U Been Gone	song	https://admin.musora.com/admin#/content/guitareo/383246	92;94	
383969	singeo	Since U Been Gone	song	https://admin.musora.com/admin#/content/singeo/383969	92;94	
31234	drumeo	Santeria	song	https://admin.musora.com/admin#/content/drumeo/31234	92;94;78	
387457	guitareo	Santeria	song	https://admin.musora.com/admin#/content/guitareo/387457	92;94	
389286	guitareo	Steady As She Goes	song	https://admin.musora.com/admin#/content/guitareo/389286	92;94	
352731	drumeo	Steady As She Goes	song	https://admin.musora.com/admin#/content/drumeo/352731	92;94;78	
322190	drumeo	Something To Believe In	song	https://admin.musora.com/admin#/content/drumeo/322190	92;94;78	
385457	drumeo	Shattered	song	https://admin.musora.com/admin#/content/drumeo/385457	92;94;78	
390560	drumeo	Sunday Morning	song	https://admin.musora.com/admin#/content/drumeo/390560	92;94;78	
328249	drumeo	Statesboro Blues	song	https://admin.musora.com/admin#/content/drumeo/328249	92;94;78	
383423	guitareo	Semi-Charmed Life	song	https://admin.musora.com/admin#/content/guitareo/383423	92;94	
381069	singeo	Semi-Charmed Life	song	https://admin.musora.com/admin#/content/singeo/381069	92;94	
379232	pianote	Semi-Charmed Life	song	https://admin.musora.com/admin#/content/pianote/379232	92;94	
309175	drumeo	Semi-Charmed Life	song	https://admin.musora.com/admin#/content/drumeo/309175	92;94;78	
321345	drumeo	Synchronicity I	song	https://admin.musora.com/admin#/content/drumeo/321345	92;94;78	
329043	drumeo	Sheep	song	https://admin.musora.com/admin#/content/drumeo/329043	92;94;78	
360013	drumeo	Shiny Happy People	song	https://admin.musora.com/admin#/content/drumeo/360013	92;94;78	
385147	drumeo	She's Too Good For Me	song	https://admin.musora.com/admin#/content/drumeo/385147	92;94;78	
409060	guitareo	Sweet Caroline (Easy Version)	song	https://admin.musora.com/admin#/content/guitareo/409060	92;94	
387493	drumeo	Sweet Caroline	song	https://admin.musora.com/admin#/content/drumeo/387493	92;94;78	
382903	singeo	Sweet Caroline	song	https://admin.musora.com/admin#/content/singeo/382903	92;94	
382346	guitareo	Sweet Caroline	song	https://admin.musora.com/admin#/content/guitareo/382346	92;94	
378469	pianote	Sweet Caroline	song	https://admin.musora.com/admin#/content/pianote/378469	92;94	
330326	drumeo	Shot In The Dark	song	https://admin.musora.com/admin#/content/drumeo/330326	92;94;78	
321979	drumeo	Shot Through The Heart	song	https://admin.musora.com/admin#/content/drumeo/321979	92;94;78	
331219	drumeo	Should I Stay Or Should I Go	song	https://admin.musora.com/admin#/content/drumeo/331219	92;94;78	
378373	guitareo	Should I Stay Or Should I Go	song	https://admin.musora.com/admin#/content/guitareo/378373	92;94	
394746	drumeo	Should I Stay Or Should I Go (Easy Version)	song	https://admin.musora.com/admin#/content/drumeo/394746	92;94;78	
376575	drumeo	Shout	song	https://admin.musora.com/admin#/content/drumeo/376575	92;94;78	
260632	drumeo	Somebody Told Me	song	https://admin.musora.com/admin#/content/drumeo/260632	92;94;78	
329066	drumeo	The Show Must Go On	song	https://admin.musora.com/admin#/content/drumeo/329066	92;94;78	
362470	drumeo	Shy Boy	song	https://admin.musora.com/admin#/content/drumeo/362470	92;94;78	
379222	pianote	Save Tonight	song	https://admin.musora.com/admin#/content/pianote/379222	92;94	
380366	singeo	Save Tonight	song	https://admin.musora.com/admin#/content/singeo/380366	92;94	
303373	drumeo	Sign O' The Times	song	https://admin.musora.com/admin#/content/drumeo/303373	92;94;78	
324081	drumeo	Silver And Gold	song	https://admin.musora.com/admin#/content/drumeo/324081	92;94;78	
385933	drumeo	Sonnet	song	https://admin.musora.com/admin#/content/drumeo/385933	92;94;78	
393129	drumeo	Shimmer	song	https://admin.musora.com/admin#/content/drumeo/393129	92;94;78	
401675	singeo	Sometimes	song	https://admin.musora.com/admin#/content/singeo/401675	92;94	
326660	drumeo	Simple Man	song	https://admin.musora.com/admin#/content/drumeo/326660	92;94;78	
389689	guitareo	Simple Man	song	https://admin.musora.com/admin#/content/guitareo/389689	92;94	
359008	drumeo	Stranger Things Have Happened	song	https://admin.musora.com/admin#/content/drumeo/359008	92;94;78	
284878	drumeo	Summer's End	song	https://admin.musora.com/admin#/content/drumeo/284878	92;94;78	
359006	drumeo	Statues	song	https://admin.musora.com/admin#/content/drumeo/359006	92;94;78	
358946	drumeo	Stacked Actors	song	https://admin.musora.com/admin#/content/drumeo/358946	92;94;78	
284828	drumeo	Satellite	song	https://admin.musora.com/admin#/content/drumeo/284828	92;94;78	
291280	drumeo	So Much To Say	song	https://admin.musora.com/admin#/content/drumeo/291280	92;94;78	
302629	drumeo	Sabotage	song	https://admin.musora.com/admin#/content/drumeo/302629	92;94;78	
383087	guitareo	Sabotage	song	https://admin.musora.com/admin#/content/guitareo/383087	92;94	
390763	guitareo	Steal My Kisses	song	https://admin.musora.com/admin#/content/guitareo/390763	92;94	
386051	drumeo	The Saga Begins	song	https://admin.musora.com/admin#/content/drumeo/386051	92;94;78	
377766	guitareo	The Story	song	https://admin.musora.com/admin#/content/guitareo/377766	92;94	
378493	pianote	The Story	song	https://admin.musora.com/admin#/content/pianote/378493	92;94	
381097	singeo	The Story	song	https://admin.musora.com/admin#/content/singeo/381097	92;94	
391096	drumeo	The Story	song	https://admin.musora.com/admin#/content/drumeo/391096	92;94;78	
270533	drumeo	Song For My Father	song	https://admin.musora.com/admin#/content/drumeo/270533	92;94;78	
383979	singeo	Superman (It’s Not Easy)	song	https://admin.musora.com/admin#/content/singeo/383979	92;94	
384073	pianote	Superman (It’s Not Easy)	song	https://admin.musora.com/admin#/content/pianote/384073	92;94	
392270	guitareo	Superman (It's Not Easy)	song	https://admin.musora.com/admin#/content/guitareo/392270	92;94	
359995	drumeo	Still Remains	song	https://admin.musora.com/admin#/content/drumeo/359995	92;94;78	
408853	drumeo	Shiver	song	https://admin.musora.com/admin#/content/drumeo/408853	92;94;78	
378104	guitareo	Sparks	song	https://admin.musora.com/admin#/content/guitareo/378104	92;94	
294530	drumeo	Selling The Drama	song	https://admin.musora.com/admin#/content/drumeo/294530	92;94;78	
330232	drumeo	Slow Down	song	https://admin.musora.com/admin#/content/drumeo/330232	92;94;78	
323976	drumeo	Sometimes You Can't Make It On Your Own	song	https://admin.musora.com/admin#/content/drumeo/323976	92;94;78	
381588	drumeo	Skin It Back	song	https://admin.musora.com/admin#/content/drumeo/381588	92;94;78	
270769	drumeo	Schism	song	https://admin.musora.com/admin#/content/drumeo/270769	92;94;78	
385607	drumeo	Something About Us	song	https://admin.musora.com/admin#/content/drumeo/385607	92;94;78	
385605	drumeo	Short Circuit	song	https://admin.musora.com/admin#/content/drumeo/385605	92;94;78	
384617	drumeo	Smokestack Lightning	song	https://admin.musora.com/admin#/content/drumeo/384617	92;94;78	
278965	drumeo	Smokin'	song	https://admin.musora.com/admin#/content/drumeo/278965	92;94;78	
390431	drumeo	Smokin' In The Boys Room	song	https://admin.musora.com/admin#/content/drumeo/390431	92;94;78	
385637	drumeo	Snowball	song	https://admin.musora.com/admin#/content/drumeo/385637	92;94;78	
341279	drumeo	St. Augustine In Hell	song	https://admin.musora.com/admin#/content/drumeo/341279	92;94;78	
330234	drumeo	So Tired	song	https://admin.musora.com/admin#/content/drumeo/330234	92;94;78	
346215	drumeo	So What	song	https://admin.musora.com/admin#/content/drumeo/346215	92;94;78	
399687	drumeo	So What (Easy Version)	song	https://admin.musora.com/admin#/content/drumeo/399687	92;94;78	
379486	pianote	So What	song	https://admin.musora.com/admin#/content/pianote/379486	92;94	
323984	drumeo	Stories For Boys	song	https://admin.musora.com/admin#/content/drumeo/323984	92;94;78	
324028	drumeo	Stranger In A Strange Land	song	https://admin.musora.com/admin#/content/drumeo/324028	92;94;78	
405933	guitareo	Soldier Of Fortune	song	https://admin.musora.com/admin#/content/guitareo/405933	92;94	
376564	drumeo	Short People	song	https://admin.musora.com/admin#/content/drumeo/376564	92;94;78	
380676	singeo	Something	song	https://admin.musora.com/admin#/content/singeo/380676	92;94	
381658	guitareo	Something	song	https://admin.musora.com/admin#/content/guitareo/381658	92;94	
379719	pianote	Something	song	https://admin.musora.com/admin#/content/pianote/379719	92;94	
309354	drumeo	Something	song	https://admin.musora.com/admin#/content/drumeo/309354	92;94;78	
384953	drumeo	Something In The Water (Does Not Compute)	song	https://admin.musora.com/admin#/content/drumeo/384953	92;94;78	
324016	drumeo	Stand Up Comedy	song	https://admin.musora.com/admin#/content/drumeo/324016	92;94;78	
384331	drumeo	Something About You	song	https://admin.musora.com/admin#/content/drumeo/384331	92;94;78	
391004	pianote	Songbird	song	https://admin.musora.com/admin#/content/pianote/391004	92;94	
391156	singeo	Songbird	song	https://admin.musora.com/admin#/content/singeo/391156	92;94	
308925	drumeo	Shotgun Blues	song	https://admin.musora.com/admin#/content/drumeo/308925	92;94;78	
379579	pianote	Sorry Seems To Be The Hardest Word	song	https://admin.musora.com/admin#/content/pianote/379579	92;94	
380547	singeo	Sorry Seems To Be The Hardest Word	song	https://admin.musora.com/admin#/content/singeo/380547	92;94	
373407	drumeo	Soul Vaccination	song	https://admin.musora.com/admin#/content/drumeo/373407	92;94;78	
294207	drumeo	Sacred Serenity	song	https://admin.musora.com/admin#/content/drumeo/294207	92;94;78	
323981	drumeo	Shadows And Tall Trees/Saturday Matinee	song	https://admin.musora.com/admin#/content/drumeo/323981	92;94;78	
323925	drumeo	So Cruel	song	https://admin.musora.com/admin#/content/drumeo/323925	92;94;78	
386057	drumeo	Spam	song	https://admin.musora.com/admin#/content/drumeo/386057	92;94;78	
398042	guitareo	Spirits In The Material World	song	https://admin.musora.com/admin#/content/guitareo/398042	92;94	
270731	drumeo	Spirits In The Material World	song	https://admin.musora.com/admin#/content/drumeo/270731	92;94;78	
379492	pianote	St. Thomas	song	https://admin.musora.com/admin#/content/pianote/379492	92;94	
346219	drumeo	St. Thomas	song	https://admin.musora.com/admin#/content/drumeo/346219	92;94;78	
381594	drumeo	Stand	song	https://admin.musora.com/admin#/content/drumeo/381594	92;94;78	
385915	drumeo	Soma	song	https://admin.musora.com/admin#/content/drumeo/385915	92;94;78	
385917	drumeo	Someday	song	https://admin.musora.com/admin#/content/drumeo/385917	92;94;78	
322000	drumeo	Save The World	song	https://admin.musora.com/admin#/content/drumeo/322000	92;94;78	
324026	drumeo	Scarlet	song	https://admin.musora.com/admin#/content/drumeo/324026	92;94;78	
270721	drumeo	Stay Free	song	https://admin.musora.com/admin#/content/drumeo/270721	92;94;78	
397824	drumeo	Stay Hungry	song	https://admin.musora.com/admin#/content/drumeo/397824	92;94;78	
295636	drumeo	Samba Song	song	https://admin.musora.com/admin#/content/drumeo/295636	92;94;78	
299078	drumeo	Spain	song	https://admin.musora.com/admin#/content/drumeo/299078	92;94;78	
385429	drumeo	Still In Love With You	song	https://admin.musora.com/admin#/content/drumeo/385429	92;94;78	
382373	drumeo	Shake Me Like A Monkey	song	https://admin.musora.com/admin#/content/drumeo/382373	92;94;78	
383933	guitareo	Stir It Up (Full Version)	song	https://admin.musora.com/admin#/content/guitareo/383933	92;94	
406142	guitareo	Stir It Up (Easy Version)	song	https://admin.musora.com/admin#/content/guitareo/406142	92;94	
264309	drumeo	Stir It Up	song	https://admin.musora.com/admin#/content/drumeo/264309	92;94;78	
291274	drumeo	Seven	song	https://admin.musora.com/admin#/content/drumeo/291274	92;94;78	
385775	drumeo	Sigh No More	song	https://admin.musora.com/admin#/content/drumeo/385775	92;94;78	
303379	drumeo	Strange Relationship	song	https://admin.musora.com/admin#/content/drumeo/303379	92;94;78	
344730	drumeo	Stranger In A Strange Land	song	https://admin.musora.com/admin#/content/drumeo/344730	92;94;78	
406238	guitareo	Street Fighting Man	song	https://admin.musora.com/admin#/content/guitareo/406238	92;94	
328237	drumeo	Untitled #8	song	https://admin.musora.com/admin#/content/drumeo/328237	92;94;78	
385837	drumeo	Untitled #4 (Njosnavelin)	song	https://admin.musora.com/admin#/content/drumeo/385837	92;94;78	
385835	drumeo	Untitled #2 (Frysta)	song	https://admin.musora.com/admin#/content/drumeo/385835	92;94;78	
390064	singeo	Summer Nights	song	https://admin.musora.com/admin#/content/singeo/390064	92;94	
389926	pianote	Summer Nights	song	https://admin.musora.com/admin#/content/pianote/389926	92;94	
31143	drumeo	Summer Of '69	song	https://admin.musora.com/admin#/content/drumeo/31143	92;94;78	
379275	pianote	Summer Of '69	song	https://admin.musora.com/admin#/content/pianote/379275	92;94	
381085	singeo	Summer Of '69	song	https://admin.musora.com/admin#/content/singeo/381085	92;94	
383129	guitareo	Summer Of '69	song	https://admin.musora.com/admin#/content/guitareo/383129	92;94	
378417	guitareo	Sunday Bloody Sunday	song	https://admin.musora.com/admin#/content/guitareo/378417	92;94	
270781	drumeo	Sunday Bloody Sunday	song	https://admin.musora.com/admin#/content/drumeo/270781	92;94;78	
406904	guitareo	Sunny	song	https://admin.musora.com/admin#/content/guitareo/406904	92;94	
385575	drumeo	Standing In The Doorway	song	https://admin.musora.com/admin#/content/drumeo/385575	92;94;78	
362476	drumeo	Summer Song	song	https://admin.musora.com/admin#/content/drumeo/362476	92;94;78	
395767	drumeo	Sample In A Jar	song	https://admin.musora.com/admin#/content/drumeo/395767	92;94;78	
383394	guitareo	Surf Rider	song	https://admin.musora.com/admin#/content/guitareo/383394	92;94	
378337	guitareo	Surfer Girl	song	https://admin.musora.com/admin#/content/guitareo/378337	92;94	
379685	pianote	Surfer Girl	song	https://admin.musora.com/admin#/content/pianote/379685	92;94	
380642	singeo	Surfer Girl	song	https://admin.musora.com/admin#/content/singeo/380642	92;94	
377675	guitareo	Someone Like You (Full Version)	song	https://admin.musora.com/admin#/content/guitareo/377675	92;94	
380386	singeo	Someone Like You	song	https://admin.musora.com/admin#/content/singeo/380386	92;94	
379254	pianote	Someone Like You	song	https://admin.musora.com/admin#/content/pianote/379254	92;94	
405191	pianote	Someone Like You	song	https://admin.musora.com/admin#/content/pianote/405191	92;94	
405316	guitareo	Someone Like You (Easy Version)	song	https://admin.musora.com/admin#/content/guitareo/405316	92;94	
405876	pianote	Someone Like You (Easy Version)	song	https://admin.musora.com/admin#/content/pianote/405876	92;94	
385483	drumeo	Surrender	song	https://admin.musora.com/admin#/content/drumeo/385483	92;94;78	
356026	drumeo	Susie (Dramas)	song	https://admin.musora.com/admin#/content/drumeo/356026	92;94;78	
270595	drumeo	Stuff	song	https://admin.musora.com/admin#/content/drumeo/270595	92;94;78	
291456	drumeo	Sweet Dreams (Are Made Of This)	song	https://admin.musora.com/admin#/content/drumeo/291456	92;94;78	
381572	drumeo	Sweet Dreams (Are Made of This)	song	https://admin.musora.com/admin#/content/drumeo/381572	92;94;78	
378221	guitareo	Sweet Dreams (Are Made Of This)	song	https://admin.musora.com/admin#/content/guitareo/378221	92;94	
25270	drumeo	Sweet Home Alabama	song	https://admin.musora.com/admin#/content/drumeo/25270	92;94;78	
379943	pianote	Sweet Home Alabama	song	https://admin.musora.com/admin#/content/pianote/379943	92;94	
380840	singeo	Sweet Home Alabama	song	https://admin.musora.com/admin#/content/singeo/380840	92;94	
386714	guitareo	Sweet Home Alabama	song	https://admin.musora.com/admin#/content/guitareo/386714	92;94	
384245	drumeo	Sweet Little Angel	song	https://admin.musora.com/admin#/content/drumeo/384245	92;94;78	
393141	drumeo	Sweet Virginia	song	https://admin.musora.com/admin#/content/drumeo/393141	92;94;78	
378022	guitareo	Set Fire To The Rain	song	https://admin.musora.com/admin#/content/guitareo/378022	92;94	
379234	pianote	Set Fire To The Rain	song	https://admin.musora.com/admin#/content/pianote/379234	92;94	
380372	singeo	Set Fire To The Rain	song	https://admin.musora.com/admin#/content/singeo/380372	92;94	
391110	drumeo	Sweetness	song	https://admin.musora.com/admin#/content/drumeo/391110	92;94;78	
294209	drumeo	Symbolic	song	https://admin.musora.com/admin#/content/drumeo/294209	92;94;78	
352715	drumeo	Sunday Morning	song	https://admin.musora.com/admin#/content/drumeo/352715	92;94;78	
379242	pianote	She Will Be Loved	song	https://admin.musora.com/admin#/content/pianote/379242	92;94	
373825	drumeo	She Will Be Loved	song	https://admin.musora.com/admin#/content/drumeo/373825	92;94;78	
380380	singeo	She Will Be Loved	song	https://admin.musora.com/admin#/content/singeo/380380	92;94	
383259	guitareo	She Will Be Loved	song	https://admin.musora.com/admin#/content/guitareo/383259	92;94	
264339	drumeo	The Scientist	song	https://admin.musora.com/admin#/content/drumeo/264339	92;94;78	
405875	pianote	The Scientist (Easy Version)	song	https://admin.musora.com/admin#/content/pianote/405875	92;94	
380406	singeo	The Scientist	song	https://admin.musora.com/admin#/content/singeo/380406	92;94	
379293	pianote	The Scientist	song	https://admin.musora.com/admin#/content/pianote/379293	92;94	
387857	guitareo	The Scientist	song	https://admin.musora.com/admin#/content/guitareo/387857	92;94	
405190	pianote	The Scientist	song	https://admin.musora.com/admin#/content/pianote/405190	92;94	
21576	drumeo	The Sound Of Muzak	song	https://admin.musora.com/admin#/content/drumeo/21576	92;94;78	
397842	guitareo	The Sound Of Muzak	song	https://admin.musora.com/admin#/content/guitareo/397842	92;94	
374608	drumeo	Silly Thing	song	https://admin.musora.com/admin#/content/drumeo/374608	92;94;78	
394922	drumeo	Sad White Reggae	song	https://admin.musora.com/admin#/content/drumeo/394922	92;94;78	
406566	drumeo	Smokin Out The Window	song	https://admin.musora.com/admin#/content/drumeo/406566	92;94;78	
388087	guitareo	Skinny Love	song	https://admin.musora.com/admin#/content/guitareo/388087	92;94	
385593	drumeo	Skinny Love	song	https://admin.musora.com/admin#/content/drumeo/385593	92;94;78	
379248	pianote	Skinny Love	song	https://admin.musora.com/admin#/content/pianote/379248	92;94	
381142	singeo	Skinny Love	song	https://admin.musora.com/admin#/content/singeo/381142	92;94	
385121	drumeo	So Danco Samba	song	https://admin.musora.com/admin#/content/drumeo/385121	92;94;78	
398050	guitareo	Sacrifice	song	https://admin.musora.com/admin#/content/guitareo/398050	92;94	
385923	drumeo	Selfless	song	https://admin.musora.com/admin#/content/drumeo/385923	92;94;78	
291518	drumeo	Sugar Man	song	https://admin.musora.com/admin#/content/drumeo/291518	92;94;78	
378044	guitareo	Sweet But Psycho	song	https://admin.musora.com/admin#/content/guitareo/378044	92;94	
383981	singeo	Sweet But Psycho	song	https://admin.musora.com/admin#/content/singeo/383981	92;94	
384075	pianote	Sweet But Psycho	song	https://admin.musora.com/admin#/content/pianote/384075	92;94	
323922	drumeo	Stuck In A Moment You Can’t Get Out Of	song	https://admin.musora.com/admin#/content/drumeo/323922	92;94;78	
385839	drumeo	Untitled #5 (Alafoss)	song	https://admin.musora.com/admin#/content/drumeo/385839	92;94;78	
385841	drumeo	Untitled #6 (E-Bow)	song	https://admin.musora.com/admin#/content/drumeo/385841	92;94;78	
403266	drumeo	Seniorita	song	https://admin.musora.com/admin#/content/drumeo/403266	92;94;78	
392588	guitareo	Sometimes	song	https://admin.musora.com/admin#/content/guitareo/392588	92;94	
392256	guitareo	Spoonful	song	https://admin.musora.com/admin#/content/guitareo/392256	92;94	
365681	drumeo	Satellites	song	https://admin.musora.com/admin#/content/drumeo/365681	92;94;78	
384915	drumeo	Sentient Glow	song	https://admin.musora.com/admin#/content/drumeo/384915	92;94;78	
385437	drumeo	Should've Been A Cowboy	song	https://admin.musora.com/admin#/content/drumeo/385437	92;94;78	
359068	drumeo	Shame Shame	song	https://admin.musora.com/admin#/content/drumeo/359068	92;94;78	
385189	drumeo	Stream	song	https://admin.musora.com/admin#/content/drumeo/385189	92;94;78	
291460	drumeo	The Safety Dance	song	https://admin.musora.com/admin#/content/drumeo/291460	92;94;78	
280213	drumeo	Sleeper	song	https://admin.musora.com/admin#/content/drumeo/280213	92;94;78	
270631	drumeo	Stranger Things	song	https://admin.musora.com/admin#/content/drumeo/270631	92;94;78	
300287	drumeo	See You	song	https://admin.musora.com/admin#/content/drumeo/300287	92;94;78	
377819	guitareo	Stone Cold	song	https://admin.musora.com/admin#/content/guitareo/377819	92;94	
384071	pianote	Stone Cold	song	https://admin.musora.com/admin#/content/pianote/384071	92;94	
383977	singeo	Stone Cold	song	https://admin.musora.com/admin#/content/singeo/383977	92;94	
331577	drumeo	So Much Trouble In The World	song	https://admin.musora.com/admin#/content/drumeo/331577	92;94;78	
389823	drumeo	Saint Cecilia	song	https://admin.musora.com/admin#/content/drumeo/389823	92;94;78	
373817	drumeo	Silvera	song	https://admin.musora.com/admin#/content/drumeo/373817	92;94;78	
403994	pianote	Sleeping Lotus	song	https://admin.musora.com/admin#/content/pianote/403994	92;94	
403997	pianote	Sleeping Lotus (Easy Version)	song	https://admin.musora.com/admin#/content/pianote/403997	92;94	
388626	drumeo	Square Hammer	song	https://admin.musora.com/admin#/content/drumeo/388626	92;94;78	
402997	guitareo	Square Hammer	song	https://admin.musora.com/admin#/content/guitareo/402997	92;94	
337878	drumeo	STOPTHISTRAIN	song	https://admin.musora.com/admin#/content/drumeo/337878	92;94;78	
291344	drumeo	Sansa	song	https://admin.musora.com/admin#/content/drumeo/291344	92;94;78	
396189	drumeo	Show Yourself	song	https://admin.musora.com/admin#/content/drumeo/396189	92;94;78	
396201	drumeo	Show Yourself (Easy Version)	song	https://admin.musora.com/admin#/content/drumeo/396201	92;94;78	
364718	drumeo	Steambreather	song	https://admin.musora.com/admin#/content/drumeo/364718	92;94;78	
396191	drumeo	Sultan's Curse	song	https://admin.musora.com/admin#/content/drumeo/396191	92;94;78	
383091	guitareo	Six Feet Under	song	https://admin.musora.com/admin#/content/guitareo/383091	92;94	
379490	pianote	Solar	song	https://admin.musora.com/admin#/content/pianote/379490	92;94	
390312	pianote	Spectrum	song	https://admin.musora.com/admin#/content/pianote/390312	92;94	
390513	singeo	Spectrum	song	https://admin.musora.com/admin#/content/singeo/390513	92;94	
359048	drumeo	Sunday Rain	song	https://admin.musora.com/admin#/content/drumeo/359048	92;94;78	
382372	drumeo	Stay	song	https://admin.musora.com/admin#/content/drumeo/382372	92;94;78	
330546	drumeo	Time After Time	song	https://admin.musora.com/admin#/content/drumeo/330546	92;94;78	
317815	drumeo	Tourette's	song	https://admin.musora.com/admin#/content/drumeo/317815	92;94;78	
409293	guitareo	Tourette's	song	https://admin.musora.com/admin#/content/guitareo/409293	92;94	
388635	drumeo	Take Me Home, Country Roads	song	https://admin.musora.com/admin#/content/drumeo/388635	92;94;78	
383859	guitareo	Country Roads (Full Version)	song	https://admin.musora.com/admin#/content/guitareo/383859	92;94	
383987	singeo	Take Me Home, Country Roads	song	https://admin.musora.com/admin#/content/singeo/383987	92;94	
384081	pianote	Take Me Home, Country Roads	song	https://admin.musora.com/admin#/content/pianote/384081	92;94	
391732	guitareo	Country Roads (Easy Version)	song	https://admin.musora.com/admin#/content/guitareo/391732	92;94	
384227	drumeo	Turn Up The Radio	song	https://admin.musora.com/admin#/content/drumeo/384227	92;94;78	
324082	drumeo	Trip Through Your Wires	song	https://admin.musora.com/admin#/content/drumeo/324082	92;94;78	
260544	drumeo	Talk Dirty To Me	song	https://admin.musora.com/admin#/content/drumeo/260544	92;94;78	
284810	drumeo	Twisted Logic	song	https://admin.musora.com/admin#/content/drumeo/284810	92;94;78	
321352	drumeo	Tea In The Sahara	song	https://admin.musora.com/admin#/content/drumeo/321352	92;94;78	
390971	drumeo	Tulsa Time	song	https://admin.musora.com/admin#/content/drumeo/390971	92;94;78	
284918	drumeo	Giving It All Up For Love	song	https://admin.musora.com/admin#/content/drumeo/284918	92;94;78	
279079	drumeo	Times Like These	song	https://admin.musora.com/admin#/content/drumeo/279079	92;94;78	
291340	drumeo	This Is A Call	song	https://admin.musora.com/admin#/content/drumeo/291340	92;94;78	
377837	guitareo	Times Like These	song	https://admin.musora.com/admin#/content/guitareo/377837	92;94	
324031	drumeo	Tomorrow	song	https://admin.musora.com/admin#/content/drumeo/324031	92;94;78	
384999	drumeo	Teenage Love Affair	song	https://admin.musora.com/admin#/content/drumeo/384999	92;94;78	
382426	drumeo	Temptation	song	https://admin.musora.com/admin#/content/drumeo/382426	92;94;78	
390995	drumeo	The Best	song	https://admin.musora.com/admin#/content/drumeo/390995	92;94;78	
330328	drumeo	Thank God For The Bomb	song	https://admin.musora.com/admin#/content/drumeo/330328	92;94;78	
387395	guitareo	Thank God I'm A Country Boy	song	https://admin.musora.com/admin#/content/guitareo/387395	92;94	
322455	drumeo	Take Me Out	song	https://admin.musora.com/admin#/content/drumeo/322455	92;94;78	
394894	guitareo	Take Me Out	song	https://admin.musora.com/admin#/content/guitareo/394894	92;94	
406650	singeo	Tearing Up My Heart	song	https://admin.musora.com/admin#/content/singeo/406650	92;94	
390476	drumeo	That Don't Impress Me Much	song	https://admin.musora.com/admin#/content/drumeo/390476	92;94;78	
389921	pianote	That Don't Impress Me Much	song	https://admin.musora.com/admin#/content/pianote/389921	92;94	
390069	singeo	That Don't Impress Me Much	song	https://admin.musora.com/admin#/content/singeo/390069	92;94	
385645	drumeo	That's Good	song	https://admin.musora.com/admin#/content/drumeo/385645	92;94;78	
260310	drumeo	The Thrill Is Gone	song	https://admin.musora.com/admin#/content/drumeo/260310	92;94;78	
383075	guitareo	The Thrill Is Gone (Full Version)	song	https://admin.musora.com/admin#/content/guitareo/383075	92;94	
397662	guitareo	The Thrill Is Gone (Easy version)	song	https://admin.musora.com/admin#/content/guitareo/397662	92;94	
305651	drumeo	Two Step	song	https://admin.musora.com/admin#/content/drumeo/305651	92;94;78	
389113	drumeo	Them Changes	song	https://admin.musora.com/admin#/content/drumeo/389113	92;94;78	
323994	drumeo	Twilight	song	https://admin.musora.com/admin#/content/drumeo/323994	92;94;78	
391882	singeo	That's The Way It Is	song	https://admin.musora.com/admin#/content/singeo/391882	92;94	
391793	pianote	That's The Way It Is	song	https://admin.musora.com/admin#/content/pianote/391793	92;94	
391350	pianote	This I Promise You	song	https://admin.musora.com/admin#/content/pianote/391350	92;94	
409047	pianote	Take The "A" Train (Solo)	song	https://admin.musora.com/admin#/content/pianote/409047	92;94	
409048	pianote	Take The "A" Train (Easy Version)	song	https://admin.musora.com/admin#/content/pianote/409048	92;94	
409046	pianote	Take The "A" Train	song	https://admin.musora.com/admin#/content/pianote/409046	92;94	
409330	drumeo	There She Goes (The La's Song)	song	https://admin.musora.com/admin#/content/drumeo/409330	92;94;78	
278881	drumeo	3 Libras	song	https://admin.musora.com/admin#/content/drumeo/278881	92;94;78	
391113	drumeo	Time Loves A Hero	song	https://admin.musora.com/admin#/content/drumeo/391113	92;94;78	
372742	drumeo	Ticks & Leeches	song	https://admin.musora.com/admin#/content/drumeo/372742	92;94;78	
362426	drumeo	Triplicity	song	https://admin.musora.com/admin#/content/drumeo/362426	92;94;78	
323933	drumeo	Tryin' To Throw Your Arms Around The World	song	https://admin.musora.com/admin#/content/drumeo/323933	92;94;78	
324114	drumeo	Two Hearts Beat As One	song	https://admin.musora.com/admin#/content/drumeo/324114	92;94;78	
379500	pianote	There Will Never Be Another You	song	https://admin.musora.com/admin#/content/pianote/379500	92;94	
383428	guitareo	A Thousand Miles	song	https://admin.musora.com/admin#/content/guitareo/383428	92;94	
378670	pianote	A Thousand Miles	song	https://admin.musora.com/admin#/content/pianote/378670	92;94	
380012	singeo	A Thousand Miles	song	https://admin.musora.com/admin#/content/singeo/380012	92;94	
390164	drumeo	A Thousand Miles	song	https://admin.musora.com/admin#/content/drumeo/390164	92;94;78	
405331	pianote	A Thousand Miles (Easy Version)	song	https://admin.musora.com/admin#/content/pianote/405331	92;94	
405183	pianote	A Thousand Miles	song	https://admin.musora.com/admin#/content/pianote/405183	92;94	
279263	drumeo	Territory	song	https://admin.musora.com/admin#/content/drumeo/279263	92;94;78	
329069	drumeo	The Thin Ice	song	https://admin.musora.com/admin#/content/drumeo/329069	92;94;78	
294777	drumeo	Tequila Sunrise	song	https://admin.musora.com/admin#/content/drumeo/294777	92;94;78	
382674	pianote	Think Of Me	song	https://admin.musora.com/admin#/content/pianote/382674	92;94	
382983	singeo	Think Of Me	song	https://admin.musora.com/admin#/content/singeo/382983	92;94	
394017	drumeo	Talking About	song	https://admin.musora.com/admin#/content/drumeo/394017	92;94;78	
392750	guitareo	Talking About	song	https://admin.musora.com/admin#/content/guitareo/392750	92;94	
308898	drumeo	Think About You	song	https://admin.musora.com/admin#/content/drumeo/308898	92;94;78	
387596	guitareo	3 O'Clock Blues	song	https://admin.musora.com/admin#/content/guitareo/387596	92;94	
374625	drumeo	Tick Tick Boom	song	https://admin.musora.com/admin#/content/drumeo/374625	92;94;78	
390418	guitareo	Time In A Bottle	song	https://admin.musora.com/admin#/content/guitareo/390418	92;94	
384497	drumeo	Tiny Dancer	song	https://admin.musora.com/admin#/content/drumeo/384497	92;94;78	
295220	drumeo	These Chains	song	https://admin.musora.com/admin#/content/drumeo/295220	92;94;78	
383081	guitareo	Girls	song	https://admin.musora.com/admin#/content/guitareo/383081	92;94	
264545	drumeo	Tommy The Cat	song	https://admin.musora.com/admin#/content/drumeo/264545	92;94;78	
395237	drumeo	Tommy The Cat (Easy Version)	song	https://admin.musora.com/admin#/content/drumeo/395237	92;94;78	
341265	drumeo	Two Grey Rooms	song	https://admin.musora.com/admin#/content/drumeo/341265	92;94;78	
384675	drumeo	The Windfall (Everything For Nothing)	song	https://admin.musora.com/admin#/content/drumeo/384675	92;94;78	
385727	drumeo	Time To Pretend	song	https://admin.musora.com/admin#/content/drumeo/385727	92;94;78	
364732	drumeo	Truth Of My Youth	song	https://admin.musora.com/admin#/content/drumeo/364732	92;94;78	
385577	drumeo	Tryin' To Get To Heaven	song	https://admin.musora.com/admin#/content/drumeo/385577	92;94;78	
383114	guitareo	The Times They Are A-Changin	song	https://admin.musora.com/admin#/content/guitareo/383114	92;94	
385565	drumeo	Tombstone Blues	song	https://admin.musora.com/admin#/content/drumeo/385565	92;94;78	
270723	drumeo	Tommy Gun	song	https://admin.musora.com/admin#/content/drumeo/270723	92;94;78	
321187	drumeo	Too Much Information	song	https://admin.musora.com/admin#/content/drumeo/321187	92;94;78	
23450	drumeo	This Love	song	https://admin.musora.com/admin#/content/drumeo/23450	92;94;78	
383261	guitareo	This Love	song	https://admin.musora.com/admin#/content/guitareo/383261	92;94	
409295	guitareo	This Love (Easy Version)	song	https://admin.musora.com/admin#/content/guitareo/409295	92;94	
380414	singeo	This Love	song	https://admin.musora.com/admin#/content/singeo/380414	92;94	
379301	pianote	This Love	song	https://admin.musora.com/admin#/content/pianote/379301	92;94	
359078	drumeo	Tragedy	song	https://admin.musora.com/admin#/content/drumeo/359078	92;94;78	
279295	drumeo	Tribute	song	https://admin.musora.com/admin#/content/drumeo/279295	92;94;78	
385953	drumeo	There's No Home For You Here	song	https://admin.musora.com/admin#/content/drumeo/385953	92;94;78	
329059	drumeo	The Trial	song	https://admin.musora.com/admin#/content/drumeo/329059	92;94;78	
305670	drumeo	The Trooper	song	https://admin.musora.com/admin#/content/drumeo/305670	92;94;78	
386682	guitareo	The Trooper	song	https://admin.musora.com/admin#/content/guitareo/386682	92;94	
270625	drumeo	Try	song	https://admin.musora.com/admin#/content/drumeo/270625	92;94;78	
381107	singeo	Try	song	https://admin.musora.com/admin#/content/singeo/381107	92;94	
383296	guitareo	Try	song	https://admin.musora.com/admin#/content/guitareo/383296	92;94	
378507	pianote	Try	song	https://admin.musora.com/admin#/content/pianote/378507	92;94	
349744	drumeo	True Faith	song	https://admin.musora.com/admin#/content/drumeo/349744	92;94;78	
321206	drumeo	Truth Hits Everybody	song	https://admin.musora.com/admin#/content/drumeo/321206	92;94;78	
384379	drumeo	Turn	song	https://admin.musora.com/admin#/content/drumeo/384379	92;94;78	
405940	guitareo	21st Century Schizoid Man	song	https://admin.musora.com/admin#/content/guitareo/405940	92;94	
284952	drumeo	21st Century Schizoid Man	song	https://admin.musora.com/admin#/content/drumeo/284952	92;94;78	
294521	drumeo	2 Minutes To Midnight	song	https://admin.musora.com/admin#/content/drumeo/294521	92;94;78	
402801	guitareo	2 Minutes To Midnight	song	https://admin.musora.com/admin#/content/guitareo/402801	92;94	
328245	drumeo	To Hell With The Devil	song	https://admin.musora.com/admin#/content/drumeo/328245	92;94;78	
284676	drumeo	2nd Sucks	song	https://admin.musora.com/admin#/content/drumeo/284676	92;94;78	
317238	drumeo	These Days	song	https://admin.musora.com/admin#/content/drumeo/317238	92;94;78	
385585	drumeo	Towers	song	https://admin.musora.com/admin#/content/drumeo/385585	92;94;78	
395916	guitareo	22 (Easy Version)	song	https://admin.musora.com/admin#/content/guitareo/395916	92;94	
380006	singeo	22	song	https://admin.musora.com/admin#/content/singeo/380006	92;94	
378664	pianote	22	song	https://admin.musora.com/admin#/content/pianote/378664	92;94	
378319	guitareo	22 (Full Version)	song	https://admin.musora.com/admin#/content/guitareo/378319	92;94	
291442	drumeo	Thrift Shop	song	https://admin.musora.com/admin#/content/drumeo/291442	92;94;78	
385571	drumeo	Tin Angel	song	https://admin.musora.com/admin#/content/drumeo/385571	92;94;78	
394081	drumeo	Tippa My Tongue	song	https://admin.musora.com/admin#/content/drumeo/394081	92;94;78	
385925	drumeo	The Adults Are Talking	song	https://admin.musora.com/admin#/content/drumeo/385925	92;94;78	
384273	drumeo	Therefore I Am	song	https://admin.musora.com/admin#/content/drumeo/384273	92;94;78	
303261	drumeo	Take Me With U	song	https://admin.musora.com/admin#/content/drumeo/303261	92;94;78	
378252	guitareo	These Boots Are Made For Walkin'	song	https://admin.musora.com/admin#/content/guitareo/378252	92;94	
407648	drumeo	These Boots Are Made For Walkin’	song	https://admin.musora.com/admin#/content/drumeo/407648	92;94;78	
270367	drumeo	The Stroke	song	https://admin.musora.com/admin#/content/drumeo/270367	92;94;78	
389026	drumeo	The Warrior	song	https://admin.musora.com/admin#/content/drumeo/389026	92;94;78	
386037	drumeo	Tacky	song	https://admin.musora.com/admin#/content/drumeo/386037	92;94;78	
331565	drumeo	Three Little Birds	song	https://admin.musora.com/admin#/content/drumeo/331565	92;94;78	
378435	guitareo	Three Little Birds	song	https://admin.musora.com/admin#/content/guitareo/378435	92;94	
406491	singeo	Three Little Birds	song	https://admin.musora.com/admin#/content/singeo/406491	92;94	
374523	drumeo	The Shift	song	https://admin.musora.com/admin#/content/drumeo/374523	92;94;78	
270647	drumeo	Trains	song	https://admin.musora.com/admin#/content/drumeo/270647	92;94;78	
406535	guitareo	Trains	song	https://admin.musora.com/admin#/content/guitareo/406535	92;94	
394651	drumeo	The Blade	song	https://admin.musora.com/admin#/content/drumeo/394651	92;94;78	
396195	drumeo	Teardrinker	song	https://admin.musora.com/admin#/content/drumeo/396195	92;94;78	
270327	drumeo	Tooth And Claw	song	https://admin.musora.com/admin#/content/drumeo/270327	92;94;78	
390429	drumeo	Tiberius	song	https://admin.musora.com/admin#/content/drumeo/390429	92;94;78	
409175	pianote	Thing Of Gold	song	https://admin.musora.com/admin#/content/pianote/409175	92;94	
405938	guitareo	The Woven Web	song	https://admin.musora.com/admin#/content/guitareo/405938	92;94	
278901	drumeo	The Woven Web	song	https://admin.musora.com/admin#/content/drumeo/278901	92;94;78	
384349	drumeo	Throne	song	https://admin.musora.com/admin#/content/drumeo/384349	92;94;78	
385963	drumeo	The Same Boy You've Always Known	song	https://admin.musora.com/admin#/content/drumeo/385963	92;94;78	
402797	guitareo	This Song	song	https://admin.musora.com/admin#/content/guitareo/402797	92;94	
270375	drumeo	33 "GOD"	song	https://admin.musora.com/admin#/content/drumeo/270375	92;94;78	
337882	drumeo	TICTACTOE	song	https://admin.musora.com/admin#/content/drumeo/337882	92;94;78	
285104	drumeo	The Impossible - Concealing Fate, Pt. 3	song	https://admin.musora.com/admin#/content/drumeo/285104	92;94;78	
275548	drumeo	Thunder	song	https://admin.musora.com/admin#/content/drumeo/275548	92;94;78	
260394	drumeo	The Sky Is A Neighborhood	song	https://admin.musora.com/admin#/content/drumeo/260394	92;94;78	
284984	drumeo	The Price	song	https://admin.musora.com/admin#/content/drumeo/284984	92;94;78	
405936	guitareo	The Price	song	https://admin.musora.com/admin#/content/guitareo/405936	92;94	
284896	drumeo	The Endless Knot	song	https://admin.musora.com/admin#/content/drumeo/284896	92;94;78	
359052	drumeo	The Line	song	https://admin.musora.com/admin#/content/drumeo/359052	92;94;78	
359050	drumeo	T-Shirt	song	https://admin.musora.com/admin#/content/drumeo/359050	92;94;78	
389056	drumeo	The Sin And The Sentence	song	https://admin.musora.com/admin#/content/drumeo/389056	92;94;78	
374619	drumeo	T-Shirt	song	https://admin.musora.com/admin#/content/drumeo/374619	92;94;78	
303385	drumeo	U Got The Look	song	https://admin.musora.com/admin#/content/drumeo/303385	92;94;78	
323942	drumeo	Until The End Of The World	song	https://admin.musora.com/admin#/content/drumeo/323942	92;94;78	
330330	drumeo	The Ultimate Sin	song	https://admin.musora.com/admin#/content/drumeo/330330	92;94;78	
300292	drumeo	Up In Arms	song	https://admin.musora.com/admin#/content/drumeo/300292	92;94;78	
291184	drumeo	Uninvited	song	https://admin.musora.com/admin#/content/drumeo/291184	92;94;78	
323937	drumeo	Ultra Violet (Light My Way)	song	https://admin.musora.com/admin#/content/drumeo/323937	92;94;78	
324096	drumeo	The Unforgettable Fire	song	https://admin.musora.com/admin#/content/drumeo/324096	92;94;78	
389103	drumeo	Union City Blue	song	https://admin.musora.com/admin#/content/drumeo/389103	92;94;78	
392705	drumeo	The Union Forever	song	https://admin.musora.com/admin#/content/drumeo/392705	92;94;78	
385905	drumeo	Under Cover Of Darkness	song	https://admin.musora.com/admin#/content/drumeo/385905	92;94;78	
409302	drumeo	Unbelievable	song	https://admin.musora.com/admin#/content/drumeo/409302	92;94;78	
373383	drumeo	Unskinny Bop	song	https://admin.musora.com/admin#/content/drumeo/373383	92;94;78	
394788	guitareo	Up On Cripple Creek (Full Version)	song	https://admin.musora.com/admin#/content/guitareo/394788	92;94	
403455	guitareo	Up On Cripple Creek (Easy Version)	song	https://admin.musora.com/admin#/content/guitareo/403455	92;94	
291622	drumeo	Under My Thumb	song	https://admin.musora.com/admin#/content/drumeo/291622	92;94;78	
375193	drumeo	Use Me	song	https://admin.musora.com/admin#/content/drumeo/375193	92;94;78	
392317	drumeo	Under You	song	https://admin.musora.com/admin#/content/drumeo/392317	92;94;78	
384225	drumeo	Under The Water	song	https://admin.musora.com/admin#/content/drumeo/384225	92;94;78	
384869	drumeo	Used To	song	https://admin.musora.com/admin#/content/drumeo/384869	92;94;78	
395207	guitareo	Very Ape	song	https://admin.musora.com/admin#/content/guitareo/395207	92;94	
317818	drumeo	Very Ape	song	https://admin.musora.com/admin#/content/drumeo/317818	92;94;78	
383202	guitareo	Voodoo	song	https://admin.musora.com/admin#/content/guitareo/383202	92;94	
309157	drumeo	Voodoo	song	https://admin.musora.com/admin#/content/drumeo/309157	92;94;78	
385609	drumeo	Voyager	song	https://admin.musora.com/admin#/content/drumeo/385609	92;94;78	
368733	drumeo	Vicarious	song	https://admin.musora.com/admin#/content/drumeo/368733	92;94;78	
358994	drumeo	Virginia Moon	song	https://admin.musora.com/admin#/content/drumeo/358994	92;94;78	
279364	drumeo	Vertigo	song	https://admin.musora.com/admin#/content/drumeo/279364	92;94;78	
383510	guitareo	Vertigo	song	https://admin.musora.com/admin#/content/guitareo/383510	92;94	
357342	drumeo	Victim Of Illusion	song	https://admin.musora.com/admin#/content/drumeo/357342	92;94;78	
264341	drumeo	Viva La Vida	song	https://admin.musora.com/admin#/content/drumeo/264341	92;94;78	
377791	guitareo	Viva La Vida	song	https://admin.musora.com/admin#/content/guitareo/377791	92;94	
389934	pianote	Viva La Vida	song	https://admin.musora.com/admin#/content/pianote/389934	92;94	
385849	drumeo	Vid Spilum Endalaust	song	https://admin.musora.com/admin#/content/drumeo/385849	92;94;78	
385431	drumeo	Voices Carry	song	https://admin.musora.com/admin#/content/drumeo/385431	92;94;78	
321383	drumeo	Voices Inside My Head	song	https://admin.musora.com/admin#/content/drumeo/321383	92;94;78	
302666	drumeo	Versions Of The Truth	song	https://admin.musora.com/admin#/content/drumeo/302666	92;94;78	
371134	drumeo	The Wagon	song	https://admin.musora.com/admin#/content/drumeo/371134	92;94;78	
409898	guitareo	Wasting Love	song	https://admin.musora.com/admin#/content/guitareo/409898	92;94	
330243	drumeo	Waiting For Darkness	song	https://admin.musora.com/admin#/content/drumeo/330243	92;94;78	
329061	drumeo	Waiting For The Worms	song	https://admin.musora.com/admin#/content/drumeo/329061	92;94;78	
331567	drumeo	Waiting In Vain	song	https://admin.musora.com/admin#/content/drumeo/331567	92;94;78	
398886	pianote	We Three Kings	song	https://admin.musora.com/admin#/content/pianote/398886	92;94	
399021	pianote	We Three Kings (Easy Version)	song	https://admin.musora.com/admin#/content/pianote/399021	92;94	
360003	drumeo	W.M.A.	song	https://admin.musora.com/admin#/content/drumeo/360003	92;94;78	
388700	drumeo	Walk Away	song	https://admin.musora.com/admin#/content/drumeo/388700	92;94;78	
402546	drumeo	Welcome To Hell	song	https://admin.musora.com/admin#/content/drumeo/402546	92;94;78	
385297	drumeo	Woman In Chains	song	https://admin.musora.com/admin#/content/drumeo/385297	92;94;78	
384575	drumeo	When I'm Up	song	https://admin.musora.com/admin#/content/drumeo/384575	92;94;78	
407636	drumeo	Walk Like A Man	song	https://admin.musora.com/admin#/content/drumeo/407636	92;94;78	
270713	drumeo	Walk Like An Egyptian	song	https://admin.musora.com/admin#/content/drumeo/270713	92;94;78	
379657	pianote	Walk On By	song	https://admin.musora.com/admin#/content/pianote/379657	92;94	
380614	singeo	Walk On By	song	https://admin.musora.com/admin#/content/singeo/380614	92;94	
349752	drumeo	Wandering Star	song	https://admin.musora.com/admin#/content/drumeo/349752	92;94;78	
390298	pianote	Whose Bed Have Your Boots Been Under	song	https://admin.musora.com/admin#/content/pianote/390298	92;94	
390499	singeo	Whose Bed Have Your Boots Been Under	song	https://admin.musora.com/admin#/content/singeo/390499	92;94	
321356	drumeo	Wrapped Around Your Finger	song	https://admin.musora.com/admin#/content/drumeo/321356	92;94;78	
401610	drumeo	Welcome To Paradise	song	https://admin.musora.com/admin#/content/drumeo/401610	92;94;78	
384693	drumeo	Walking On Sunshine	song	https://admin.musora.com/admin#/content/drumeo/384693	92;94;78	
396623	guitareo	Walking On The Moon	song	https://admin.musora.com/admin#/content/guitareo/396623	92;94	
321279	drumeo	Walking On The Moon	song	https://admin.musora.com/admin#/content/drumeo/321279	92;94;78	
396372	drumeo	Who Are You (Easy Version)	song	https://admin.musora.com/admin#/content/drumeo/396372	92;94;78	
291642	drumeo	Who Are You	song	https://admin.musora.com/admin#/content/drumeo/291642	92;94;78	
291180	drumeo	Weak And Powerless	song	https://admin.musora.com/admin#/content/drumeo/291180	92;94;78	
383345	guitareo	What I Got (Full version)	song	https://admin.musora.com/admin#/content/guitareo/383345	92;94	
396577	guitareo	What I Got (Easy version)	song	https://admin.musora.com/admin#/content/guitareo/396577	92;94	
264639	drumeo	What I Got	song	https://admin.musora.com/admin#/content/drumeo/264639	92;94;78	
275442	drumeo	White Shadows	song	https://admin.musora.com/admin#/content/drumeo/275442	92;94;78	
275502	drumeo	Wind Up	song	https://admin.musora.com/admin#/content/drumeo/275502	92;94;78	
387180	guitareo	Wasted Years	song	https://admin.musora.com/admin#/content/guitareo/387180	92;94	
322460	drumeo	Wasted Years	song	https://admin.musora.com/admin#/content/drumeo/322460	92;94;78	
407317	guitareo	What Kind Of Woman Is This	song	https://admin.musora.com/admin#/content/guitareo/407317	92;94	
300294	drumeo	Walking After You	song	https://admin.musora.com/admin#/content/drumeo/300294	92;94;78	
385015	drumeo	Waiting	song	https://admin.musora.com/admin#/content/drumeo/385015	92;94;78	
382597	pianote	When You Believe	song	https://admin.musora.com/admin#/content/pianote/382597	92;94	
382927	singeo	When You Believe	song	https://admin.musora.com/admin#/content/singeo/382927	92;94	
383432	guitareo	When You Believe	song	https://admin.musora.com/admin#/content/guitareo/383432	92;94	
349692	drumeo	Waltz #2 (XO)	song	https://admin.musora.com/admin#/content/drumeo/349692	92;94;78	
384613	drumeo	Wave Babies	song	https://admin.musora.com/admin#/content/drumeo/384613	92;94;78	
382422	drumeo	What's The Frequency Kenneth	song	https://admin.musora.com/admin#/content/drumeo/382422	92;94;78	
390969	drumeo	The Way It Is	song	https://admin.musora.com/admin#/content/drumeo/390969	92;94;78	
395282	pianote	White Wedding	song	https://admin.musora.com/admin#/content/pianote/395282	92;94	
264299	drumeo	White Wedding, Part 1	song	https://admin.musora.com/admin#/content/drumeo/264299	92;94;78	
392517	singeo	White Wedding	song	https://admin.musora.com/admin#/content/singeo/392517	92;94	
291284	drumeo	What Would You Say	song	https://admin.musora.com/admin#/content/drumeo/291284	92;94;78	
373377	drumeo	Wonder	song	https://admin.musora.com/admin#/content/drumeo/373377	92;94;78	
279281	drumeo	We Built This City	song	https://admin.musora.com/admin#/content/drumeo/279281	92;94;78	
358996	drumeo	What If I Do?	song	https://admin.musora.com/admin#/content/drumeo/358996	92;94;78	
294799	drumeo	We Got The Beat	song	https://admin.musora.com/admin#/content/drumeo/294799	92;94;78	
378385	guitareo	When You Were Young	song	https://admin.musora.com/admin#/content/guitareo/378385	92;94	
377845	guitareo	Wake Me Up When September Ends	song	https://admin.musora.com/admin#/content/guitareo/377845	92;94	
264431	drumeo	Wake Me Up When September Ends	song	https://admin.musora.com/admin#/content/drumeo/264431	92;94;78	
378515	pianote	Wake Me Up When September Ends	song	https://admin.musora.com/admin#/content/pianote/378515	92;94	
382917	singeo	Wake Me Up When September Ends	song	https://admin.musora.com/admin#/content/singeo/382917	92;94	
299094	drumeo	Where Is My Mind?	song	https://admin.musora.com/admin#/content/drumeo/299094	92;94;78	
383297	guitareo	Where is my Mind	song	https://admin.musora.com/admin#/content/guitareo/383297	92;94	
378098	guitareo	Wild World	song	https://admin.musora.com/admin#/content/guitareo/378098	92;94	
384095	pianote	Wild World	song	https://admin.musora.com/admin#/content/pianote/384095	92;94	
383999	singeo	Wild World	song	https://admin.musora.com/admin#/content/singeo/383999	92;94	
314517	drumeo	Wish You Were Here	song	https://admin.musora.com/admin#/content/drumeo/314517	92;94;78	
390441	guitareo	Wish You Were Here	song	https://admin.musora.com/admin#/content/guitareo/390441	92;94	
387184	guitareo	White Room	song	https://admin.musora.com/admin#/content/guitareo/387184	92;94	
270441	drumeo	White Room	song	https://admin.musora.com/admin#/content/drumeo/270441	92;94;78	
323930	drumeo	Walk On	song	https://admin.musora.com/admin#/content/drumeo/323930	92;94;78	
385799	drumeo	What Am I To You?	song	https://admin.musora.com/admin#/content/drumeo/385799	92;94;78	
358924	drumeo	Weenie Beenie	song	https://admin.musora.com/admin#/content/drumeo/358924	92;94;78	
358922	drumeo	Wattershed	song	https://admin.musora.com/admin#/content/drumeo/358922	92;94;78	
324078	drumeo	When Love Comes To Town	song	https://admin.musora.com/admin#/content/drumeo/324078	92;94;78	
323946	drumeo	Who's Gonna Ride Your Wild Horses	song	https://admin.musora.com/admin#/content/drumeo/323946	92;94;78	
324098	drumeo	Wire	song	https://admin.musora.com/admin#/content/drumeo/324098	92;94;78	
324034	drumeo	With A Shout (Jerusalem)	song	https://admin.musora.com/admin#/content/drumeo/324034	92;94;78	
284960	drumeo	We Are One	song	https://admin.musora.com/admin#/content/drumeo/284960	92;94;78	
377120	drumeo	Won't Go Home Without You	song	https://admin.musora.com/admin#/content/drumeo/377120	92;94;78	
260684	drumeo	We're Not Gonna Take It	song	https://admin.musora.com/admin#/content/drumeo/260684	92;94;78	
279165	drumeo	What I've Done	song	https://admin.musora.com/admin#/content/drumeo/279165	92;94;78	
322166	drumeo	Wild In The Streets	song	https://admin.musora.com/admin#/content/drumeo/322166	92;94;78	
344740	drumeo	Weird Science	song	https://admin.musora.com/admin#/content/drumeo/344740	92;94;78	
373790	drumeo	Welcome To My Nightmare	song	https://admin.musora.com/admin#/content/drumeo/373790	92;94;78	
408861	drumeo	When We Loved	song	https://admin.musora.com/admin#/content/drumeo/408861	92;94;78	
295192	drumeo	What A Fool Believes	song	https://admin.musora.com/admin#/content/drumeo/295192	92;94;78	
322031	drumeo	Women In Love	song	https://admin.musora.com/admin#/content/drumeo/322031	92;94;78	
392618	guitareo	What Have I Done To Deserve This	song	https://admin.musora.com/admin#/content/guitareo/392618	92;94	
384181	drumeo	What It Takes	song	https://admin.musora.com/admin#/content/drumeo/384181	92;94;78	
394845	singeo	What It Takes	song	https://admin.musora.com/admin#/content/singeo/394845	92;94	
401600	drumeo	Wheels	song	https://admin.musora.com/admin#/content/drumeo/401600	92;94;78	
294213	drumeo	Without Judgement	song	https://admin.musora.com/admin#/content/drumeo/294213	92;94;78	
378497	pianote	The Way I Am	song	https://admin.musora.com/admin#/content/pianote/378497	92;94	
381101	singeo	The Way I Am	song	https://admin.musora.com/admin#/content/singeo/381101	92;94	
328197	drumeo	Waitress	song	https://admin.musora.com/admin#/content/drumeo/328197	92;94;78	
328199	drumeo	White, Discussion	song	https://admin.musora.com/admin#/content/drumeo/328199	92;94;78	
323938	drumeo	Wild Honey	song	https://admin.musora.com/admin#/content/drumeo/323938	92;94;78	
323934	drumeo	When I Look At The World	song	https://admin.musora.com/admin#/content/drumeo/323934	92;94;78	
284998	drumeo	What's Your Name	song	https://admin.musora.com/admin#/content/drumeo/284998	92;94;78	
303263	drumeo	When Doves Cry	song	https://admin.musora.com/admin#/content/drumeo/303263	92;94;78	
378531	pianote	When Doves Cry	song	https://admin.musora.com/admin#/content/pianote/378531	92;94	
381117	singeo	When Doves Cry	song	https://admin.musora.com/admin#/content/singeo/381117	92;94	
386363	guitareo	When Doves Cry	song	https://admin.musora.com/admin#/content/guitareo/386363	92;94	
385779	drumeo	Winter Winds	song	https://admin.musora.com/admin#/content/drumeo/385779	92;94;78	
385777	drumeo	White Blank Page	song	https://admin.musora.com/admin#/content/drumeo/385777	92;94;78	
291276	drumeo	Why I Am	song	https://admin.musora.com/admin#/content/drumeo/291276	92;94;78	
385729	drumeo	Weekend Wars	song	https://admin.musora.com/admin#/content/drumeo/385729	92;94;78	
384963	drumeo	The Work Pt.1	song	https://admin.musora.com/admin#/content/drumeo/384963	92;94;78	
408381	guitareo	Why Do You Love Me	song	https://admin.musora.com/admin#/content/guitareo/408381	92;94	
291278	drumeo	Where Are You Going	song	https://admin.musora.com/admin#/content/drumeo/291278	92;94;78	
390759	guitareo	Where Are You Going	song	https://admin.musora.com/admin#/content/guitareo/390759	92;94	
337430	drumeo	Weak	song	https://admin.musora.com/admin#/content/drumeo/337430	92;94;78	
400692	drumeo	Weekapaug Groove	song	https://admin.musora.com/admin#/content/drumeo/400692	92;94;78	
382656	pianote	Without You	song	https://admin.musora.com/admin#/content/pianote/382656	92;94	
382967	singeo	Without You	song	https://admin.musora.com/admin#/content/singeo/382967	92;94	
321385	drumeo	When The World Is Running Down, You Make The Best Of What's Still Around	song	https://admin.musora.com/admin#/content/drumeo/321385	92;94;78	
384091	pianote	Wherever You Will Go	song	https://admin.musora.com/admin#/content/pianote/384091	92;94	
388337	guitareo	Wherever You Will Go	song	https://admin.musora.com/admin#/content/guitareo/388337	92;94	
264669	drumeo	Wherever You Will Go	song	https://admin.musora.com/admin#/content/drumeo/264669	92;94;78	
383995	singeo	Wherever You Will Go	song	https://admin.musora.com/admin#/content/singeo/383995	92;94	
406282	drumeo	Watercolour	song	https://admin.musora.com/admin#/content/drumeo/406282	92;94;78	
387889	guitareo	We're Going To Be Friends	song	https://admin.musora.com/admin#/content/guitareo/387889	92;94	
384965	drumeo	When You Were Mine	song	https://admin.musora.com/admin#/content/drumeo/384965	92;94;78	
385763	drumeo	Whispers In The Dark	song	https://admin.musora.com/admin#/content/drumeo/385763	92;94;78	
294519	drumeo	Where Eagles Dare	song	https://admin.musora.com/admin#/content/drumeo/294519	92;94;78	
360029	drumeo	Where Is The Love	song	https://admin.musora.com/admin#/content/drumeo/360029	92;94;78	
260686	drumeo	Where The Streets Have No Name	song	https://admin.musora.com/admin#/content/drumeo/260686	92;94;78	
383425	guitareo	Where The Streets Have No Name	song	https://admin.musora.com/admin#/content/guitareo/383425	92;94	
275514	drumeo	White Limo	song	https://admin.musora.com/admin#/content/drumeo/275514	92;94;78	
275512	drumeo	Walk	song	https://admin.musora.com/admin#/content/drumeo/275512	92;94;78	
309606	drumeo	While My Guitar Gently Weeps	song	https://admin.musora.com/admin#/content/drumeo/309606	92;94;78	
379725	pianote	While My Guitar Gently Weeps	song	https://admin.musora.com/admin#/content/pianote/379725	92;94	
380682	singeo	While My Guitar Gently Weeps	song	https://admin.musora.com/admin#/content/singeo/380682	92;94	
395161	guitareo	While My Guitar Gently Weeps	song	https://admin.musora.com/admin#/content/guitareo/395161	92;94	
291296	drumeo	Whip It	song	https://admin.musora.com/admin#/content/drumeo/291296	92;94;78	
388205	guitareo	Whip It	song	https://admin.musora.com/admin#/content/guitareo/388205	92;94	
285140	drumeo	Whiskey In The Jar	song	https://admin.musora.com/admin#/content/drumeo/285140	92;94;78	
322466	drumeo	Whiskey In The Jar	song	https://admin.musora.com/admin#/content/drumeo/322466	92;94;78	
381186	singeo	What Makes You Beautiful	song	https://admin.musora.com/admin#/content/singeo/381186	92;94	
378525	pianote	What Makes You Beautiful	song	https://admin.musora.com/admin#/content/pianote/378525	92;94	
383284	guitareo	What Makes You Beautiful	song	https://admin.musora.com/admin#/content/guitareo/383284	92;94	
382695	pianote	White Christmas	song	https://admin.musora.com/admin#/content/pianote/382695	92;94	
383013	singeo	White Christmas	song	https://admin.musora.com/admin#/content/singeo/383013	92;94	
375659	drumeo	White Christmas	song	https://admin.musora.com/admin#/content/drumeo/375659	92;94;78	
275680	drumeo	Way Out Of Here	song	https://admin.musora.com/admin#/content/drumeo/275680	92;94;78	
404730	drumeo	Why Can’t We Be Friends	song	https://admin.musora.com/admin#/content/drumeo/404730	92;94;78	
397493	drumeo	We Are Never Ever Getting Back Together	song	https://admin.musora.com/admin#/content/drumeo/397493	92;94;78	
380398	singeo	We Are Never Ever Getting Back Together	song	https://admin.musora.com/admin#/content/singeo/380398	92;94	
379286	pianote	We Are Never Ever Getting Back Together	song	https://admin.musora.com/admin#/content/pianote/379286	92;94	
390771	guitareo	Wichita Lineman	song	https://admin.musora.com/admin#/content/guitareo/390771	92;94	
390401	guitareo	Wild Horses	song	https://admin.musora.com/admin#/content/guitareo/390401	92;94	
385385	drumeo	Wild Horses	song	https://admin.musora.com/admin#/content/drumeo/385385	92;94;78	
317754	drumeo	Word Up!	song	https://admin.musora.com/admin#/content/drumeo/317754	92;94;78	
386450	guitareo	Welcome To Japan	song	https://admin.musora.com/admin#/content/guitareo/386450	92;94	
337887	drumeo	WOW	song	https://admin.musora.com/admin#/content/drumeo/337887	92;94;78	
341263	drumeo	Why Does It Hurt When I Pee?	song	https://admin.musora.com/admin#/content/drumeo/341263	92;94;78	
309388	drumeo	Words Of Love	song	https://admin.musora.com/admin#/content/drumeo/309388	92;94;78	
382599	pianote	With Or Without You	song	https://admin.musora.com/admin#/content/pianote/382599	92;94	
390600	guitareo	With Or Without You	song	https://admin.musora.com/admin#/content/guitareo/390600	92;94	
407868	guitareo	With Or Without You (Easy Version)	song	https://admin.musora.com/admin#/content/guitareo/407868	92;94	
382931	singeo	With Or Without You	song	https://admin.musora.com/admin#/content/singeo/382931	92;94	
291672	drumeo	With Or Without You	song	https://admin.musora.com/admin#/content/drumeo/291672	92;94;78	
317232	drumeo	Wrong Side Of Heaven	song	https://admin.musora.com/admin#/content/drumeo/317232	92;94;78	
396573	guitareo	Wonderful World (Easy Version)	song	https://admin.musora.com/admin#/content/guitareo/396573	92;94	
389693	guitareo	Wonderful World (Full Version)	song	https://admin.musora.com/admin#/content/guitareo/389693	92;94	
359032	drumeo	What Did I Do?/God As My Witness	song	https://admin.musora.com/admin#/content/drumeo/359032	92;94;78	
394490	guitareo	Would I Lie To You?	song	https://admin.musora.com/admin#/content/guitareo/394490	92;94	
365657	drumeo	Wrathchild	song	https://admin.musora.com/admin#/content/drumeo/365657	92;94;78	
384097	pianote	With Arms Wide Open	song	https://admin.musora.com/admin#/content/pianote/384097	92;94	
384001	singeo	With Arms Wide Open	song	https://admin.musora.com/admin#/content/singeo/384001	92;94	
401592	drumeo	With Arms Wide Open	song	https://admin.musora.com/admin#/content/drumeo/401592	92;94;78	
383157	guitareo	With Arms Wide Open	song	https://admin.musora.com/admin#/content/guitareo/383157	92;94	
331575	drumeo	War	song	https://admin.musora.com/admin#/content/drumeo/331575	92;94;78	
359070	drumeo	Waiting On A War	song	https://admin.musora.com/admin#/content/drumeo/359070	92;94;78	
396822	drumeo	We Love You	song	https://admin.musora.com/admin#/content/drumeo/396822	92;94;78	
399367	guitareo	What Was I Made For? (Easy Version)	song	https://admin.musora.com/admin#/content/guitareo/399367	92;94	
399365	guitareo	What Was I Made For? (Full Version)	song	https://admin.musora.com/admin#/content/guitareo/399365	92;94	
408133	singeo	What Was I Made For?	song	https://admin.musora.com/admin#/content/singeo/408133	92;94	
394388	pianote	What Was I Made For?	song	https://admin.musora.com/admin#/content/pianote/394388	92;94	
374565	drumeo	Wash It All Away	song	https://admin.musora.com/admin#/content/drumeo/374565	92;94;78	
382634	pianote	What The World Needs Now Is Love	song	https://admin.musora.com/admin#/content/pianote/382634	92;94	
382943	singeo	What The World Needs Now Is Love	song	https://admin.musora.com/admin#/content/singeo/382943	92;94	
379506	pianote	When We Were Young	song	https://admin.musora.com/admin#/content/pianote/379506	92;94	
380468	singeo	When We Were Young	song	https://admin.musora.com/admin#/content/singeo/380468	92;94	
378026	guitareo	When We Were Young	song	https://admin.musora.com/admin#/content/guitareo/378026	92;94	
388204	guitareo	We Don't Talk Anymore	song	https://admin.musora.com/admin#/content/guitareo/388204	92;94	
337885	drumeo	WHITECAPS	song	https://admin.musora.com/admin#/content/drumeo/337885	92;94;78	
385691	drumeo	What's She Crying For	song	https://admin.musora.com/admin#/content/drumeo/385691	92;94;78	
390057	singeo	Waving Through A Window	song	https://admin.musora.com/admin#/content/singeo/390057	92;94	
389932	pianote	Waving Through A Window	song	https://admin.musora.com/admin#/content/pianote/389932	92;94	
330002	drumeo	White Mist	song	https://admin.musora.com/admin#/content/drumeo/330002	92;94;78	
324100	drumeo	40	song	https://admin.musora.com/admin#/content/drumeo/324100	92;94;78	
358926	drumeo	X-Static	song	https://admin.musora.com/admin#/content/drumeo/358926	92;94;78	
385405	drumeo	Science & Faith	song	https://admin.musora.com/admin#/content/drumeo/385405	92;94;78	
364769	drumeo	Soul Of A Vagabond	song	https://admin.musora.com/admin#/content/drumeo/364769	92;94;78	
378002	guitareo	Say Something	song	https://admin.musora.com/admin#/content/guitareo/378002	92;94	
379224	pianote	Say Something	song	https://admin.musora.com/admin#/content/pianote/379224	92;94	
380368	singeo	Say Something	song	https://admin.musora.com/admin#/content/singeo/380368	92;94	
291550	drumeo	Scary Monsters And Nice Spirits	song	https://admin.musora.com/admin#/content/drumeo/291550	92;94;78	
260641	drumeo	So Lonely	song	https://admin.musora.com/admin#/content/drumeo/260641	92;94;78	
279219	drumeo	Scarlet	song	https://admin.musora.com/admin#/content/drumeo/279219	92;94;78	
385569	drumeo	Soon After Midnight	song	https://admin.musora.com/admin#/content/drumeo/385569	92;94;78	
264699	drumeo	Seven Nation Army	song	https://admin.musora.com/admin#/content/drumeo/264699	92;94;78	
406548	drumeo	Seven Nation Army	song	https://admin.musora.com/admin#/content/drumeo/406548	92;94;78	
397341	guitareo	Seven Nation Army (Easy Version)	song	https://admin.musora.com/admin#/content/guitareo/397341	92;94	
378409	guitareo	Seven Nation Army (Full Version)	song	https://admin.musora.com/admin#/content/guitareo/378409	92;94	
291440	drumeo	Same Love	song	https://admin.musora.com/admin#/content/drumeo/291440	92;94;78	
278979	drumeo	Shadow Moses	song	https://admin.musora.com/admin#/content/drumeo/278979	92;94;78	
275410	drumeo	Sleepwalking	song	https://admin.musora.com/admin#/content/drumeo/275410	92;94;78	
388232	guitareo	My Guitar Wants To Kill Your Mama	song	https://admin.musora.com/admin#/content/guitareo/388232	92;94	
341261	drumeo	Catholic Girls	song	https://admin.musora.com/admin#/content/drumeo/341261	92;94;78	
384541	drumeo	A Token Of My Extreme	song	https://admin.musora.com/admin#/content/drumeo/384541	92;94;78	
377772	guitareo	That'll Be The Day	song	https://admin.musora.com/admin#/content/guitareo/377772	92;94	
385687	drumeo	Slippin' And Slidin'	song	https://admin.musora.com/admin#/content/drumeo/385687	92;94;78	
385693	drumeo	Mama's Eyes	song	https://admin.musora.com/admin#/content/drumeo/385693	92;94;78	
385697	drumeo	Movin' On	song	https://admin.musora.com/admin#/content/drumeo/385697	92;94;78	
284888	drumeo	¡Viva La Gloria!	song	https://admin.musora.com/admin#/content/drumeo/284888	92;94;78	
279073	drumeo	You Make Loving Fun	song	https://admin.musora.com/admin#/content/drumeo/279073	92;94;78	
378549	pianote	You’re So Vain	song	https://admin.musora.com/admin#/content/pianote/378549	92;94	
381131	singeo	You’re So Vain	song	https://admin.musora.com/admin#/content/singeo/381131	92;94	
387975	guitareo	You're So Vain	song	https://admin.musora.com/admin#/content/guitareo/387975	92;94	
347056	drumeo	You Belong To Me	song	https://admin.musora.com/admin#/content/drumeo/347056	92;94;78	
348726	drumeo	You Belong To Me	song	https://admin.musora.com/admin#/content/drumeo/348726	92;94;78	
322474	drumeo	Yellow Ledbetter	song	https://admin.musora.com/admin#/content/drumeo/322474	92;94;78	
397655	guitareo	Yellow Ledbetter	song	https://admin.musora.com/admin#/content/guitareo/397655	92;94	
384777	drumeo	You Walked In	song	https://admin.musora.com/admin#/content/drumeo/384777	92;94;78	
392685	guitareo	You’re Still The One	song	https://admin.musora.com/admin#/content/guitareo/392685	92;94	
379948	pianote	You’re Still The One	song	https://admin.musora.com/admin#/content/pianote/379948	92;94	
260343	drumeo	Yellow	song	https://admin.musora.com/admin#/content/drumeo/260343	92;94;78	
408300	guitareo	Yellow (Easy Version)	song	https://admin.musora.com/admin#/content/guitareo/408300	92;94	
390607	guitareo	Yellow	song	https://admin.musora.com/admin#/content/guitareo/390607	92;94	
390491	singeo	Yellow	song	https://admin.musora.com/admin#/content/singeo/390491	92;94	
390289	pianote	Yellow	song	https://admin.musora.com/admin#/content/pianote/390289	92;94	
295209	drumeo	Your Gold Teeth II	song	https://admin.musora.com/admin#/content/drumeo/295209	92;94;78	
264689	drumeo	Your Love	song	https://admin.musora.com/admin#/content/drumeo/264689	92;94;78	
323978	drumeo	Yahweh	song	https://admin.musora.com/admin#/content/drumeo/323978	92;94;78	
385907	drumeo	You Only Live Once	song	https://admin.musora.com/admin#/content/drumeo/385907	92;94;78	
387891	guitareo	You Only Live Once	song	https://admin.musora.com/admin#/content/guitareo/387891	92;94	
404722	drumeo	You Dropped A Bomb On Me	song	https://admin.musora.com/admin#/content/drumeo/404722	92;94;78	
270737	drumeo	You Got Me	song	https://admin.musora.com/admin#/content/drumeo/270737	92;94;78	
378547	pianote	You Are My Sunshine	song	https://admin.musora.com/admin#/content/pianote/378547	92;94	
388091	guitareo	You Are My Sunshine (Full Version)	song	https://admin.musora.com/admin#/content/guitareo/388091	92;94	
391734	guitareo	You Are My Sunshine (Easy Version)	song	https://admin.musora.com/admin#/content/guitareo/391734	92;94	
406489	singeo	You Are My Sunshine	song	https://admin.musora.com/admin#/content/singeo/406489	92;94	
382997	singeo	You Can't Stop The Beat	song	https://admin.musora.com/admin#/content/singeo/382997	92;94	
382686	pianote	You Can't Stop The Beat	song	https://admin.musora.com/admin#/content/pianote/382686	92;94	
384447	drumeo	You Are A Tourist	song	https://admin.musora.com/admin#/content/drumeo/384447	92;94;78	
390257	guitareo	You Can't Always Get What you Want	song	https://admin.musora.com/admin#/content/guitareo/390257	92;94	
408387	guitareo	You Can't Judge A Book By The Cover	song	https://admin.musora.com/admin#/content/guitareo/408387	92;94	
264289	drumeo	Fight For Your Right	song	https://admin.musora.com/admin#/content/drumeo/264289	92;94;78	
383079	guitareo	Fight For Your Right	song	https://admin.musora.com/admin#/content/guitareo/383079	92;94	
401427	singeo	You Send Me	song	https://admin.musora.com/admin#/content/singeo/401427	92;94	
301950	drumeo	You Shook Me	song	https://admin.musora.com/admin#/content/drumeo/301950	92;94;78	
384865	drumeo	You Shook Me	song	https://admin.musora.com/admin#/content/drumeo/384865	92;94;78	
330240	drumeo	You're No Different	song	https://admin.musora.com/admin#/content/drumeo/330240	92;94;78	
380515	singeo	You're The Inspiration	song	https://admin.musora.com/admin#/content/singeo/380515	92;94	
379547	pianote	You're The Inspiration	song	https://admin.musora.com/admin#/content/pianote/379547	92;94	
270409	drumeo	You're The Inspiration	song	https://admin.musora.com/admin#/content/drumeo/270409	92;94;78	
264395	drumeo	Your Song	song	https://admin.musora.com/admin#/content/drumeo/264395	92;94;78	
382601	pianote	Your Song	song	https://admin.musora.com/admin#/content/pianote/382601	92;94	
382933	singeo	Your Song	song	https://admin.musora.com/admin#/content/singeo/382933	92;94	
405192	pianote	Your Song	song	https://admin.musora.com/admin#/content/pianote/405192	92;94	
405877	pianote	Your Song (Easy Version)	song	https://admin.musora.com/admin#/content/pianote/405877	92;94	
386951	guitareo	Your Song	song	https://admin.musora.com/admin#/content/guitareo/386951	92;94	
378174	guitareo	You Raise Me Up	song	https://admin.musora.com/admin#/content/guitareo/378174	92;94	
379331	pianote	You Raise Me Up	song	https://admin.musora.com/admin#/content/pianote/379331	92;94	
380444	singeo	You Raise Me Up	song	https://admin.musora.com/admin#/content/singeo/380444	92;94	
270519	drumeo	You Could Be Mine	song	https://admin.musora.com/admin#/content/drumeo/270519	92;94;78	
270521	drumeo	You Make My Dreams	song	https://admin.musora.com/admin#/content/drumeo/270521	92;94;78	
403624	drumeo	You Gotta Believe	song	https://admin.musora.com/admin#/content/drumeo/403624	92;94;78	
381137	singeo	You Are The Reason	song	https://admin.musora.com/admin#/content/singeo/381137	92;94	
379535	pianote	You Are The Reason	song	https://admin.musora.com/admin#/content/pianote/379535	92;94	
390306	pianote	You Will Be Found	song	https://admin.musora.com/admin#/content/pianote/390306	92;94	
390507	singeo	You Will Be Found	song	https://admin.musora.com/admin#/content/singeo/390507	92;94	
337409	drumeo	Cold As Ice	song	https://admin.musora.com/admin#/content/drumeo/337409	92;94;78	
330308	drumeo	Zombie Stomp	song	https://admin.musora.com/admin#/content/drumeo/330308	92;94;78	
323948	drumeo	Zoo Station	song	https://admin.musora.com/admin#/content/drumeo/323948	92;94;78	
326651	drumeo	Brooklyn Nine-Nine	song	https://admin.musora.com/admin#/content/drumeo/326651	92;94;78	
260413	drumeo	By Fire	song	https://admin.musora.com/admin#/content/drumeo/260413	92;94;78	
260411	drumeo	Breathing Underwater	song	https://admin.musora.com/admin#/content/drumeo/260411	92;94;78	
365689	drumeo	I'm A Man	song	https://admin.musora.com/admin#/content/drumeo/365689	92;94;78	
393048	drumeo	Train In Vain	song	https://admin.musora.com/admin#/content/drumeo/393048	92;94;78	
406256	drumeo	The Motherload	song	https://admin.musora.com/admin#/content/drumeo/406256	92;94;78	
389924	pianote	Break Free	song	https://admin.musora.com/admin#/content/pianote/389924	92;94	
390066	singeo	Break Free	song	https://admin.musora.com/admin#/content/singeo/390066	92;94	
264411	drumeo	Zomby Woof	song	https://admin.musora.com/admin#/content/drumeo/264411	92;94;78	
380374	singeo	Shake It Off	song	https://admin.musora.com/admin#/content/singeo/380374	92;94	
379236	pianote	Shake It Off	song	https://admin.musora.com/admin#/content/pianote/379236	92;94	
383357	guitareo	Shake It Off	song	https://admin.musora.com/admin#/content/guitareo/383357	92;94	
270705	drumeo	Shake It Off	song	https://admin.musora.com/admin#/content/drumeo/270705	92;94;78	
385411	drumeo	Superheroes	song	https://admin.musora.com/admin#/content/drumeo/385411	92;94;78	
385409	drumeo	Man On A Wire	song	https://admin.musora.com/admin#/content/drumeo/385409	92;94;78	
359022	drumeo	In The Clear	song	https://admin.musora.com/admin#/content/drumeo/359022	92;94;78	
359028	drumeo	Subterranean	song	https://admin.musora.com/admin#/content/drumeo/359028	92;94;78	
359026	drumeo	Something From Nothing	song	https://admin.musora.com/admin#/content/drumeo/359026	92;94;78	
359020	drumeo	I Am A River	song	https://admin.musora.com/admin#/content/drumeo/359020	92;94;78	
359018	drumeo	Congregation	song	https://admin.musora.com/admin#/content/drumeo/359018	92;94;78	
378321	guitareo	Blank Space	song	https://admin.musora.com/admin#/content/guitareo/378321	92;94	
378744	pianote	Blank Space	song	https://admin.musora.com/admin#/content/pianote/378744	92;94	
380074	singeo	Blank Space	song	https://admin.musora.com/admin#/content/singeo/380074	92;94	
397495	drumeo	Blank Space	song	https://admin.musora.com/admin#/content/drumeo/397495	92;94;78	
378716	pianote	Bad Blood	song	https://admin.musora.com/admin#/content/pianote/378716	92;94	
380058	singeo	Bad Blood	song	https://admin.musora.com/admin#/content/singeo/380058	92;94	
383353	guitareo	Bad Blood	song	https://admin.musora.com/admin#/content/guitareo/383353	92;94	
355752	drumeo	Danny Seraphine	spotlight	https://admin.musora.com/admin#/content/drumeo/355752	92;94;78;88;89;90	
355752	drumeo	Danny Seraphine	spotlight	https://admin.musora.com/admin#/content/drumeo/355752	92;94;78;88;89;90	
362493	drumeo	The Drummers Of Steely Dan	spotlight	https://admin.musora.com/admin#/content/drumeo/362493	92;94;78;88;89;90	
352296	drumeo	Mark Brzezicki	spotlight	https://admin.musora.com/admin#/content/drumeo/352296	92;94;78;88;89;90	
362493	drumeo	The Drummers Of Steely Dan	spotlight	https://admin.musora.com/admin#/content/drumeo/362493	92;94;78;88;89;90	
362493	drumeo	The Drummers Of Steely Dan	spotlight	https://admin.musora.com/admin#/content/drumeo/362493	92;94;78;88;89;90	
366103	drumeo	Terry Bozzio '77-'84	spotlight	https://admin.musora.com/admin#/content/drumeo/366103	92;94;78;88;89;90	
366103	drumeo	Terry Bozzio '77-'84	spotlight	https://admin.musora.com/admin#/content/drumeo/366103	92;94;78;88;89;90	
381322	drumeo	The Drummers Of XTC	spotlight	https://admin.musora.com/admin#/content/drumeo/381322	92;94;78;88;89;90	
392999	drumeo	Fusion In The '80s - Part #2	spotlight	https://admin.musora.com/admin#/content/drumeo/392999	92;94;78;88;89;90	
373290	drumeo	Keith Moon	spotlight	https://admin.musora.com/admin#/content/drumeo/373290	92;94;78;88;89;90	
347671	drumeo	The Pioneers Of Fusion	spotlight	https://admin.musora.com/admin#/content/drumeo/347671	92;94;78;88;89;90	
381322	drumeo	The Drummers Of XTC	spotlight	https://admin.musora.com/admin#/content/drumeo/381322	92;94;78;88;89;90	
373290	drumeo	Keith Moon	spotlight	https://admin.musora.com/admin#/content/drumeo/373290	92;94;78;88;89;90	
362493	drumeo	The Drummers Of Steely Dan	spotlight	https://admin.musora.com/admin#/content/drumeo/362493	92;94;78;88;89;90	
355752	drumeo	Danny Seraphine	spotlight	https://admin.musora.com/admin#/content/drumeo/355752	92;94;78;88;89;90	
347671	drumeo	The Pioneers Of Fusion	spotlight	https://admin.musora.com/admin#/content/drumeo/347671	92;94;78;88;89;90	
362493	drumeo	The Drummers Of Steely Dan	spotlight	https://admin.musora.com/admin#/content/drumeo/362493	92;94;78;88;89;90	
362493	drumeo	The Drummers Of Steely Dan	spotlight	https://admin.musora.com/admin#/content/drumeo/362493	92;94;78;88;89;90	
362493	drumeo	The Drummers Of Steely Dan	spotlight	https://admin.musora.com/admin#/content/drumeo/362493	92;94;78;88;89;90	
362493	drumeo	The Drummers Of Steely Dan	spotlight	https://admin.musora.com/admin#/content/drumeo/362493	92;94;78;88;89;90	
366103	drumeo	Terry Bozzio '77-'84	spotlight	https://admin.musora.com/admin#/content/drumeo/366103	92;94;78;88;89;90	
386408	drumeo	Pioneers Of The Trap Set	spotlight	https://admin.musora.com/admin#/content/drumeo/386408	92;94;78;88;89;90	
366103	drumeo	Terry Bozzio '77-'84	spotlight	https://admin.musora.com/admin#/content/drumeo/366103	92;94;78;88;89;90	
366103	drumeo	Terry Bozzio '77-'84	spotlight	https://admin.musora.com/admin#/content/drumeo/366103	92;94;78;88;89;90	
362493	drumeo	The Drummers Of Steely Dan	spotlight	https://admin.musora.com/admin#/content/drumeo/362493	92;94;78;88;89;90	
352296	drumeo	Mark Brzezicki	spotlight	https://admin.musora.com/admin#/content/drumeo/352296	92;94;78;88;89;90	
362493	drumeo	The Drummers Of Steely Dan	spotlight	https://admin.musora.com/admin#/content/drumeo/362493	92;94;78;88;89;90	
362493	drumeo	The Drummers Of Steely Dan	spotlight	https://admin.musora.com/admin#/content/drumeo/362493	92;94;78;88;89;90	
392999	drumeo	Fusion In The '80s - Part #2	spotlight	https://admin.musora.com/admin#/content/drumeo/392999	92;94;78;88;89;90	
392999	drumeo	Fusion In The '80s - Part #2	spotlight	https://admin.musora.com/admin#/content/drumeo/392999	92;94;78;88;89;90	
352296	drumeo	Mark Brzezicki	spotlight	https://admin.musora.com/admin#/content/drumeo/352296	92;94;78;88;89;90	
355752	drumeo	Danny Seraphine	spotlight	https://admin.musora.com/admin#/content/drumeo/355752	92;94;78;88;89;90	
381322	drumeo	The Drummers Of XTC	spotlight	https://admin.musora.com/admin#/content/drumeo/381322	92;94;78;88;89;90	
355752	drumeo	Danny Seraphine	spotlight	https://admin.musora.com/admin#/content/drumeo/355752	92;94;78;88;89;90	
381322	drumeo	The Drummers Of XTC	spotlight	https://admin.musora.com/admin#/content/drumeo/381322	92;94;78;88;89;90	
381322	drumeo	The Drummers Of XTC	spotlight	https://admin.musora.com/admin#/content/drumeo/381322	92;94;78;88;89;90	
362493	drumeo	The Drummers Of Steely Dan	spotlight	https://admin.musora.com/admin#/content/drumeo/362493	92;94;78;88;89;90	
381322	drumeo	The Drummers Of XTC	spotlight	https://admin.musora.com/admin#/content/drumeo/381322	92;94;78;88;89;90	
355752	drumeo	Danny Seraphine	spotlight	https://admin.musora.com/admin#/content/drumeo/355752	92;94;78;88;89;90	
362493	drumeo	The Drummers Of Steely Dan	spotlight	https://admin.musora.com/admin#/content/drumeo/362493	92;94;78;88;89;90	
366103	drumeo	Terry Bozzio '77-'84	spotlight	https://admin.musora.com/admin#/content/drumeo/366103	92;94;78;88;89;90	
362493	drumeo	The Drummers Of Steely Dan	spotlight	https://admin.musora.com/admin#/content/drumeo/362493	92;94;78;88;89;90	
352296	drumeo	Mark Brzezicki	spotlight	https://admin.musora.com/admin#/content/drumeo/352296	92;94;78;88;89;90	
381322	drumeo	The Drummers Of XTC	spotlight	https://admin.musora.com/admin#/content/drumeo/381322	92;94;78;88;89;90	
355752	drumeo	Danny Seraphine	spotlight	https://admin.musora.com/admin#/content/drumeo/355752	92;94;78;88;89;90	
362493	drumeo	The Drummers Of Steely Dan	spotlight	https://admin.musora.com/admin#/content/drumeo/362493	92;94;78;88;89;90	
362493	drumeo	The Drummers Of Steely Dan	spotlight	https://admin.musora.com/admin#/content/drumeo/362493	92;94;78;88;89;90	
392999	drumeo	Fusion In The '80s - Part #2	spotlight	https://admin.musora.com/admin#/content/drumeo/392999	92;94;78;88;89;90	
381322	drumeo	The Drummers Of XTC	spotlight	https://admin.musora.com/admin#/content/drumeo/381322	92;94;78;88;89;90	
381322	drumeo	The Drummers Of XTC	spotlight	https://admin.musora.com/admin#/content/drumeo/381322	92;94;78;88;89;90	
341721	drumeo	Steve Smith In The '70s & '80s - Part #2	spotlight	https://admin.musora.com/admin#/content/drumeo/341721	92;94;78;88;89;90	
373290	drumeo	Keith Moon	spotlight	https://admin.musora.com/admin#/content/drumeo/373290	92;94;78;88;89;90	
381322	drumeo	The Drummers Of XTC	spotlight	https://admin.musora.com/admin#/content/drumeo/381322	92;94;78;88;89;90	
352296	drumeo	Mark Brzezicki	spotlight	https://admin.musora.com/admin#/content/drumeo/352296	92;94;78;88;89;90	
362493	drumeo	The Drummers Of Steely Dan	spotlight	https://admin.musora.com/admin#/content/drumeo/362493	92;94;78;88;89;90	
341721	drumeo	Steve Smith In The '70s & '80s - Part #2	spotlight	https://admin.musora.com/admin#/content/drumeo/341721	92;94;78;88;89;90	
373290	drumeo	Keith Moon	spotlight	https://admin.musora.com/admin#/content/drumeo/373290	92;94;78;88;89;90	
373290	drumeo	Keith Moon	spotlight	https://admin.musora.com/admin#/content/drumeo/373290	92;94;78;88;89;90	
386408	drumeo	Pioneers Of The Trap Set	spotlight	https://admin.musora.com/admin#/content/drumeo/386408	92;94;78;88;89;90	
362493	drumeo	The Drummers Of Steely Dan	spotlight	https://admin.musora.com/admin#/content/drumeo/362493	92;94;78;88;89;90	
381322	drumeo	The Drummers Of XTC	spotlight	https://admin.musora.com/admin#/content/drumeo/381322	92;94;78;88;89;90	
352296	drumeo	Mark Brzezicki	spotlight	https://admin.musora.com/admin#/content/drumeo/352296	92;94;78;88;89;90	
373290	drumeo	Keith Moon	spotlight	https://admin.musora.com/admin#/content/drumeo/373290	92;94;78;88;89;90	
381322	drumeo	The Drummers Of XTC	spotlight	https://admin.musora.com/admin#/content/drumeo/381322	92;94;78;88;89;90	
366103	drumeo	Terry Bozzio '77-'84	spotlight	https://admin.musora.com/admin#/content/drumeo/366103	92;94;78;88;89;90	
391053	drumeo	Fusion In The '80s - Part #1	spotlight	https://admin.musora.com/admin#/content/drumeo/391053	92;94;78;88;89;90	
355752	drumeo	Danny Seraphine	spotlight	https://admin.musora.com/admin#/content/drumeo/355752	92;94;78;88;89;90	
352296	drumeo	Mark Brzezicki	spotlight	https://admin.musora.com/admin#/content/drumeo/352296	92;94;78;88;89;90	
347671	drumeo	The Pioneers Of Fusion	spotlight	https://admin.musora.com/admin#/content/drumeo/347671	92;94;78;88;89;90	
386408	drumeo	Pioneers Of The Trap Set	spotlight	https://admin.musora.com/admin#/content/drumeo/386408	92;94;78;88;89;90	
362493	drumeo	The Drummers Of Steely Dan	spotlight	https://admin.musora.com/admin#/content/drumeo/362493	92;94;78;88;89;90	
381322	drumeo	The Drummers Of XTC	spotlight	https://admin.musora.com/admin#/content/drumeo/381322	92;94;78;88;89;90	
392999	drumeo	Fusion In The '80s - Part #2	spotlight	https://admin.musora.com/admin#/content/drumeo/392999	92;94;78;88;89;90	
362493	drumeo	The Drummers Of Steely Dan	spotlight	https://admin.musora.com/admin#/content/drumeo/362493	92;94;78;88;89;90	
373290	drumeo	Keith Moon	spotlight	https://admin.musora.com/admin#/content/drumeo/373290	92;94;78;88;89;90	
352296	drumeo	Mark Brzezicki	spotlight	https://admin.musora.com/admin#/content/drumeo/352296	92;94;78;88;89;90	
386408	drumeo	Pioneers Of The Trap Set	spotlight	https://admin.musora.com/admin#/content/drumeo/386408	92;94;78;88;89;90	
381322	drumeo	The Drummers Of XTC	spotlight	https://admin.musora.com/admin#/content/drumeo/381322	92;94;78;88;89;90	
381322	drumeo	The Drummers Of XTC	spotlight	https://admin.musora.com/admin#/content/drumeo/381322	92;94;78;88;89;90	
374877	drumeo	A Summer Tour	spotlight	https://admin.musora.com/admin#/content/drumeo/374877	92;94;78;88;89;90	
352296	drumeo	Mark Brzezicki	spotlight	https://admin.musora.com/admin#/content/drumeo/352296	92;94;78;88;89;90	
381322	drumeo	The Drummers Of XTC	spotlight	https://admin.musora.com/admin#/content/drumeo/381322	92;94;78;88;89;90	
381322	drumeo	The Drummers Of XTC	spotlight	https://admin.musora.com/admin#/content/drumeo/381322	92;94;78;88;89;90	
386408	drumeo	Pioneers Of The Trap Set	spotlight	https://admin.musora.com/admin#/content/drumeo/386408	92;94;78;88;89;90	
355752	drumeo	Danny Seraphine	spotlight	https://admin.musora.com/admin#/content/drumeo/355752	92;94;78;88;89;90	
381322	drumeo	The Drummers Of XTC	spotlight	https://admin.musora.com/admin#/content/drumeo/381322	92;94;78;88;89;90	
381322	drumeo	The Drummers Of XTC	spotlight	https://admin.musora.com/admin#/content/drumeo/381322	92;94;78;88;89;90	
386408	drumeo	Pioneers Of The Trap Set	spotlight	https://admin.musora.com/admin#/content/drumeo/386408	92;94;78;88;89;90	
381322	drumeo	The Drummers Of XTC	spotlight	https://admin.musora.com/admin#/content/drumeo/381322	92;94;78;88;89;90	
381322	drumeo	The Drummers Of XTC	spotlight	https://admin.musora.com/admin#/content/drumeo/381322	92;94;78;88;89;90	
347671	drumeo	The Pioneers Of Fusion	spotlight	https://admin.musora.com/admin#/content/drumeo/347671	92;94;78;88;89;90	
355752	drumeo	Danny Seraphine	spotlight	https://admin.musora.com/admin#/content/drumeo/355752	92;94;78;88;89;90	
386408	drumeo	Pioneers Of The Trap Set	spotlight	https://admin.musora.com/admin#/content/drumeo/386408	92;94;78;88;89;90	
355752	drumeo	Danny Seraphine	spotlight	https://admin.musora.com/admin#/content/drumeo/355752	92;94;78;88;89;90	
373290	drumeo	Keith Moon	spotlight	https://admin.musora.com/admin#/content/drumeo/373290	92;94;78;88;89;90	
362493	drumeo	The Drummers Of Steely Dan	spotlight	https://admin.musora.com/admin#/content/drumeo/362493	92;94;78;88;89;90	
347671	drumeo	The Pioneers Of Fusion	spotlight	https://admin.musora.com/admin#/content/drumeo/347671	92;94;78;88;89;90	
366103	drumeo	Terry Bozzio '77-'84	spotlight	https://admin.musora.com/admin#/content/drumeo/366103	92;94;78;88;89;90	
386408	drumeo	Pioneers Of The Trap Set	spotlight	https://admin.musora.com/admin#/content/drumeo/386408	92;94;78;88;89;90	
366103	drumeo	Terry Bozzio '77-'84	spotlight	https://admin.musora.com/admin#/content/drumeo/366103	92;94;78;88;89;90	
366103	drumeo	Terry Bozzio '77-'84	spotlight	https://admin.musora.com/admin#/content/drumeo/366103	92;94;78;88;89;90	
391053	drumeo	Fusion In The '80s - Part #1	spotlight	https://admin.musora.com/admin#/content/drumeo/391053	92;94;78;88;89;90	
392999	drumeo	Fusion In The '80s - Part #2	spotlight	https://admin.musora.com/admin#/content/drumeo/392999	92;94;78;88;89;90	
381322	drumeo	The Drummers Of XTC	spotlight	https://admin.musora.com/admin#/content/drumeo/381322	92;94;78;88;89;90	
355752	drumeo	Danny Seraphine	spotlight	https://admin.musora.com/admin#/content/drumeo/355752	92;94;78;88;89;90	
341721	drumeo	Steve Smith In The '70s & '80s - Part #2	spotlight	https://admin.musora.com/admin#/content/drumeo/341721	92;94;78;88;89;90	
391053	drumeo	Fusion In The '80s - Part #1	spotlight	https://admin.musora.com/admin#/content/drumeo/391053	92;94;78;88;89;90	
381322	drumeo	The Drummers Of XTC	spotlight	https://admin.musora.com/admin#/content/drumeo/381322	92;94;78;88;89;90	
362493	drumeo	The Drummers Of Steely Dan	spotlight	https://admin.musora.com/admin#/content/drumeo/362493	92;94;78;88;89;90	
355752	drumeo	Danny Seraphine	spotlight	https://admin.musora.com/admin#/content/drumeo/355752	92;94;78;88;89;90	
362493	drumeo	The Drummers Of Steely Dan	spotlight	https://admin.musora.com/admin#/content/drumeo/362493	92;94;78;88;89;90	
381322	drumeo	The Drummers Of XTC	spotlight	https://admin.musora.com/admin#/content/drumeo/381322	92;94;78;88;89;90	
366103	drumeo	Terry Bozzio '77-'84	spotlight	https://admin.musora.com/admin#/content/drumeo/366103	92;94;78;88;89;90	
352296	drumeo	Mark Brzezicki	spotlight	https://admin.musora.com/admin#/content/drumeo/352296	92;94;78;88;89;90	
352296	drumeo	Mark Brzezicki	spotlight	https://admin.musora.com/admin#/content/drumeo/352296	92;94;78;88;89;90	
391053	drumeo	Fusion In The '80s - Part #1	spotlight	https://admin.musora.com/admin#/content/drumeo/391053	92;94;78;88;89;90	
355752	drumeo	Danny Seraphine	spotlight	https://admin.musora.com/admin#/content/drumeo/355752	92;94;78;88;89;90	
392999	drumeo	Fusion In The '80s - Part #2	spotlight	https://admin.musora.com/admin#/content/drumeo/392999	92;94;78;88;89;90	
347671	drumeo	The Pioneers Of Fusion	spotlight	https://admin.musora.com/admin#/content/drumeo/347671	92;94;78;88;89;90	
352296	drumeo	Mark Brzezicki	spotlight	https://admin.musora.com/admin#/content/drumeo/352296	92;94;78;88;89;90	
381322	drumeo	The Drummers Of XTC	spotlight	https://admin.musora.com/admin#/content/drumeo/381322	92;94;78;88;89;90	
373290	drumeo	Keith Moon	spotlight	https://admin.musora.com/admin#/content/drumeo/373290	92;94;78;88;89;90	
352296	drumeo	Mark Brzezicki	spotlight	https://admin.musora.com/admin#/content/drumeo/352296	92;94;78;88;89;90	
362493	drumeo	The Drummers Of Steely Dan	spotlight	https://admin.musora.com/admin#/content/drumeo/362493	92;94;78;88;89;90	
366103	drumeo	Terry Bozzio '77-'84	spotlight	https://admin.musora.com/admin#/content/drumeo/366103	92;94;78;88;89;90	
386408	drumeo	Pioneers Of The Trap Set	spotlight	https://admin.musora.com/admin#/content/drumeo/386408	92;94;78;88;89;90	
362493	drumeo	The Drummers Of Steely Dan	spotlight	https://admin.musora.com/admin#/content/drumeo/362493	92;94;78;88;89;90	
381322	drumeo	The Drummers Of XTC	spotlight	https://admin.musora.com/admin#/content/drumeo/381322	92;94;78;88;89;90	
381322	drumeo	The Drummers Of XTC	spotlight	https://admin.musora.com/admin#/content/drumeo/381322	92;94;78;88;89;90	
355752	drumeo	Danny Seraphine	spotlight	https://admin.musora.com/admin#/content/drumeo/355752	92;94;78;88;89;90	
381322	drumeo	The Drummers Of XTC	spotlight	https://admin.musora.com/admin#/content/drumeo/381322	92;94;78;88;89;90	
355752	drumeo	Danny Seraphine	spotlight	https://admin.musora.com/admin#/content/drumeo/355752	92;94;78;88;89;90	
347671	drumeo	The Pioneers Of Fusion	spotlight	https://admin.musora.com/admin#/content/drumeo/347671	92;94;78;88;89;90	
373290	drumeo	Keith Moon	spotlight	https://admin.musora.com/admin#/content/drumeo/373290	92;94;78;88;89;90	
373290	drumeo	Keith Moon	spotlight	https://admin.musora.com/admin#/content/drumeo/373290	92;94;78;88;89;90	
352296	drumeo	Mark Brzezicki	spotlight	https://admin.musora.com/admin#/content/drumeo/352296	92;94;78;88;89;90	
373290	drumeo	Keith Moon	spotlight	https://admin.musora.com/admin#/content/drumeo/373290	92;94;78;88;89;90	
352296	drumeo	Mark Brzezicki	spotlight	https://admin.musora.com/admin#/content/drumeo/352296	92;94;78;88;89;90	
362493	drumeo	The Drummers Of Steely Dan	spotlight	https://admin.musora.com/admin#/content/drumeo/362493	92;94;78;88;89;90	
355752	drumeo	Danny Seraphine	spotlight	https://admin.musora.com/admin#/content/drumeo/355752	92;94;78;88;89;90	
355752	drumeo	Danny Seraphine	spotlight	https://admin.musora.com/admin#/content/drumeo/355752	92;94;78;88;89;90	
347671	drumeo	The Pioneers Of Fusion	spotlight	https://admin.musora.com/admin#/content/drumeo/347671	92;94;78;88;89;90	
392999	drumeo	Fusion In The '80s - Part #2	spotlight	https://admin.musora.com/admin#/content/drumeo/392999	92;94;78;88;89;90	
352296	drumeo	Mark Brzezicki	spotlight	https://admin.musora.com/admin#/content/drumeo/352296	92;94;78;88;89;90	
381322	drumeo	The Drummers Of XTC	spotlight	https://admin.musora.com/admin#/content/drumeo/381322	92;94;78;88;89;90	
374877	drumeo	A Summer Tour	spotlight	https://admin.musora.com/admin#/content/drumeo/374877	92;94;78;88;89;90	
355752	drumeo	Danny Seraphine	spotlight	https://admin.musora.com/admin#/content/drumeo/355752	92;94;78;88;89;90	
352296	drumeo	Mark Brzezicki	spotlight	https://admin.musora.com/admin#/content/drumeo/352296	92;94;78;88;89;90	
391053	drumeo	Fusion In The '80s - Part #1	spotlight	https://admin.musora.com/admin#/content/drumeo/391053	92;94;78;88;89;90	
337351	drumeo	Steve Smith In The '70s & '80s - Part #1	spotlight	https://admin.musora.com/admin#/content/drumeo/337351	92;94;78;88;89;90	
381322	drumeo	The Drummers Of XTC	spotlight	https://admin.musora.com/admin#/content/drumeo/381322	92;94;78;88;89;90	
366103	drumeo	Terry Bozzio '77-'84	spotlight	https://admin.musora.com/admin#/content/drumeo/366103	92;94;78;88;89;90	
381322	drumeo	The Drummers Of XTC	spotlight	https://admin.musora.com/admin#/content/drumeo/381322	92;94;78;88;89;90	
347671	drumeo	The Pioneers Of Fusion	spotlight	https://admin.musora.com/admin#/content/drumeo/347671	92;94;78;88;89;90	
381322	drumeo	The Drummers Of XTC	spotlight	https://admin.musora.com/admin#/content/drumeo/381322	92;94;78;88;89;90	
381322	drumeo	The Drummers Of XTC	spotlight	https://admin.musora.com/admin#/content/drumeo/381322	92;94;78;88;89;90	
373290	drumeo	Keith Moon	spotlight	https://admin.musora.com/admin#/content/drumeo/373290	92;94;78;88;89;90	
391053	drumeo	Fusion In The '80s - Part #1	spotlight	https://admin.musora.com/admin#/content/drumeo/391053	92;94;78;88;89;90	
392999	drumeo	Fusion In The '80s - Part #2	spotlight	https://admin.musora.com/admin#/content/drumeo/392999	92;94;78;88;89;90	
381322	drumeo	The Drummers Of XTC	spotlight	https://admin.musora.com/admin#/content/drumeo/381322	92;94;78;88;89;90	
352296	drumeo	Mark Brzezicki	spotlight	https://admin.musora.com/admin#/content/drumeo/352296	92;94;78;88;89;90	
386408	drumeo	Pioneers Of The Trap Set	spotlight	https://admin.musora.com/admin#/content/drumeo/386408	92;94;78;88;89;90	
352296	drumeo	Mark Brzezicki	spotlight	https://admin.musora.com/admin#/content/drumeo/352296	92;94;78;88;89;90	
381322	drumeo	The Drummers Of XTC	spotlight	https://admin.musora.com/admin#/content/drumeo/381322	92;94;78;88;89;90	
362493	drumeo	The Drummers Of Steely Dan	spotlight	https://admin.musora.com/admin#/content/drumeo/362493	92;94;78;88;89;90	
373290	drumeo	Keith Moon	spotlight	https://admin.musora.com/admin#/content/drumeo/373290	92;94;78;88;89;90	
362493	drumeo	The Drummers Of Steely Dan	spotlight	https://admin.musora.com/admin#/content/drumeo/362493	92;94;78;88;89;90	
352296	drumeo	Mark Brzezicki	spotlight	https://admin.musora.com/admin#/content/drumeo/352296	92;94;78;88;89;90	
355752	drumeo	Danny Seraphine	spotlight	https://admin.musora.com/admin#/content/drumeo/355752	92;94;78;88;89;90	
232743	drumeo	WotE #41 - PUNK	student-collaborations	https://admin.musora.com/admin#/content/drumeo/232743	92;94;78;88;89;90	
227735	drumeo	WotE #33 - 2018 Blooper Reel	student-collaborations	https://admin.musora.com/admin#/content/drumeo/227735	92;94;78;88;89;90	
227721	drumeo	WotE #27 - "Accidentally In Love"	student-collaborations	https://admin.musora.com/admin#/content/drumeo/227721	92;94;78;88;89;90	
227601	drumeo	WotE #21 - Drinking Songs	student-collaborations	https://admin.musora.com/admin#/content/drumeo/227601	92;94;78;88;89;90	
325686	drumeo	#103 - Black Cow	student-collaborations	https://admin.musora.com/admin#/content/drumeo/325686	92;94;78;88;89;90	
227601	drumeo	WotE #21 - Drinking Songs	student-collaborations	https://admin.musora.com/admin#/content/drumeo/227601	92;94;78;88;89;90	
227723	drumeo	WotE #28 - Dance Remix	student-collaborations	https://admin.musora.com/admin#/content/drumeo/227723	92;94;78;88;89;90	
227728	drumeo	WotE #31 - Halloween	student-collaborations	https://admin.musora.com/admin#/content/drumeo/227728	92;94;78;88;89;90	
228806	drumeo	WotE #39 - "Had A Dad"	student-collaborations	https://admin.musora.com/admin#/content/drumeo/228806	92;94;78;88;89;90	
227150	drumeo	CWS #1 - "I Hate Myself For Loving You"	student-collaborations	https://admin.musora.com/admin#/content/drumeo/227150	92;94;78;88;89;90	
227592	drumeo	WotE #17 - '80s Classic Rock Collab	student-collaborations	https://admin.musora.com/admin#/content/drumeo/227592	92;94;78;88;89;90	
228799	drumeo	WotE #36 - In The '70s	student-collaborations	https://admin.musora.com/admin#/content/drumeo/228799	92;94;78;88;89;90	
227594	drumeo	WotE #18 - "It Must Have Been Love"	student-collaborations	https://admin.musora.com/admin#/content/drumeo/227594	92;94;78;88;89;90	
227610	drumeo	WotE #25 - 2017 Blooper Reel	student-collaborations	https://admin.musora.com/admin#/content/drumeo/227610	92;94;78;88;89;90	
376181	drumeo	Christmas Collaboration Announcement	student-collaborations	https://admin.musora.com/admin#/content/drumeo/376181	92;94;78;88;89;90	
227592	drumeo	WotE #17 - '80s Classic Rock Collab	student-collaborations	https://admin.musora.com/admin#/content/drumeo/227592	92;94;78;88;89;90	
227344	drumeo	CWS #8 - "Jumpin’ Jack Flash"	student-collaborations	https://admin.musora.com/admin#/content/drumeo/227344	92;94;78;88;89;90	
387194	drumeo	March Student Collaboration Announcement	student-collaborations	https://admin.musora.com/admin#/content/drumeo/387194	92;94;78;88;89;90	
388628	drumeo	#121 - "Learn To Fly"	student-collaborations	https://admin.musora.com/admin#/content/drumeo/388628	92;94;78;88;89;90	
232743	drumeo	WotE #41 - PUNK	student-collaborations	https://admin.musora.com/admin#/content/drumeo/232743	92;94;78;88;89;90	
227590	drumeo	WotE #16 - "Love Shack"	student-collaborations	https://admin.musora.com/admin#/content/drumeo/227590	92;94;78;88;89;90	
227728	drumeo	WotE #31 - Halloween	student-collaborations	https://admin.musora.com/admin#/content/drumeo/227728	92;94;78;88;89;90	
244519	drumeo	WotE #42 - Back To School	student-collaborations	https://admin.musora.com/admin#/content/drumeo/244519	92;94;78;88;89;90	
227356	drumeo	CWS #13 - "One Way or Another"	student-collaborations	https://admin.musora.com/admin#/content/drumeo/227356	92;94;78;88;89;90	
227597	drumeo	WotE #19 - Party Song Collab	student-collaborations	https://admin.musora.com/admin#/content/drumeo/227597	92;94;78;88;89;90	
228799	drumeo	WotE #36 - In The '70s	student-collaborations	https://admin.musora.com/admin#/content/drumeo/228799	92;94;78;88;89;90	
227735	drumeo	WotE #33 - 2018 Blooper Reel	student-collaborations	https://admin.musora.com/admin#/content/drumeo/227735	92;94;78;88;89;90	
227731	drumeo	WotE #32 - "Rock and Roll Christmas"	student-collaborations	https://admin.musora.com/admin#/content/drumeo/227731	92;94;78;88;89;90	
397581	drumeo	#127 - "Rocket Man"	student-collaborations	https://admin.musora.com/admin#/content/drumeo/397581	92;94;78;88;89;90	
228799	drumeo	WotE #36 - In The '70s	student-collaborations	https://admin.musora.com/admin#/content/drumeo/228799	92;94;78;88;89;90	
228799	drumeo	WotE #36 - In The '70s	student-collaborations	https://admin.musora.com/admin#/content/drumeo/228799	92;94;78;88;89;90	
403721	drumeo	February Student Collaboration Announcement	student-collaborations	https://admin.musora.com/admin#/content/drumeo/403721	92;94;78;88;89;90	
404980	drumeo	#132 - "Sing, Sing, Sing"	student-collaborations	https://admin.musora.com/admin#/content/drumeo/404980	92;94;78;88;89;90	
232743	drumeo	WotE #41 - PUNK	student-collaborations	https://admin.musora.com/admin#/content/drumeo/232743	92;94;78;88;89;90	
247403	drumeo	WotE #45 - This Love	student-collaborations	https://admin.musora.com/admin#/content/drumeo/247403	92;94;78;88;89;90	
361347	drumeo	#111 - A Tribute To Taylor Hawkins	student-collaborations	https://admin.musora.com/admin#/content/drumeo/361347	92;94;78;88;89;90	
341270	drumeo	#106 - "The Blues Had A Baby"	student-collaborations	https://admin.musora.com/admin#/content/drumeo/341270	92;94;78;88;89;90	
406514	drumeo	#133 - "We Got The Beat"	student-collaborations	https://admin.musora.com/admin#/content/drumeo/406514	92;94;78;88;89;90	
228795	drumeo	WotE #34 - "We Got The Beat"	student-collaborations	https://admin.musora.com/admin#/content/drumeo/228795	92;94;78;88;89;90	
228799	drumeo	WotE #36 - In The '70s	student-collaborations	https://admin.musora.com/admin#/content/drumeo/228799	92;94;78;88;89;90	
404974	drumeo	March Student Collaboration Announcement	student-collaborations	https://admin.musora.com/admin#/content/drumeo/404974	92;94;78;88;89;90	
227597	drumeo	WotE #19 - Party Song Collab	student-collaborations	https://admin.musora.com/admin#/content/drumeo/227597	92;94;78;88;89;90	
392661	drumeo	July Student Collaboration Announcement	student-collaborations	https://admin.musora.com/admin#/content/drumeo/392661	92;94;78;88;89;90	
227597	drumeo	WotE #19 - Party Song Collab	student-collaborations	https://admin.musora.com/admin#/content/drumeo/227597	92;94;78;88;89;90	
196095	drumeo	Danny Seraphine	study-the-greats	https://admin.musora.com/admin#/content/drumeo/196095	92;94;78;88;89;90	
227061	drumeo	Nick D'Virgilio	study-the-greats	https://admin.musora.com/admin#/content/drumeo/227061	92;94;78;88;89;90	
210253	drumeo	Gavin Harrison	study-the-greats	https://admin.musora.com/admin#/content/drumeo/210253	92;94;78;88;89;90	
343577	drumeo	In Depth: Pollard Syndrums	the-history-of-electronic-drums	https://admin.musora.com/admin#/content/drumeo/343577	92;94;78;88;89;90	
408943	guitareo	About A Girl	workout	https://admin.musora.com/admin#/content/guitareo/408943	92;94;78;88;89;90	
406233	guitareo	Everlong	workout	https://admin.musora.com/admin#/content/guitareo/406233	92;94;78;88;89;90	
402973	guitareo	Message In A Bottle	workout	https://admin.musora.com/admin#/content/guitareo/402973	92;94;78;88;89;90	
402159	guitareo	(I Can't Get No) Satisfaction	workout	https://admin.musora.com/admin#/content/guitareo/402159	92;94;78;88;89;90	
402165	guitareo	Sweet Home Alabama	workout	https://admin.musora.com/admin#/content/guitareo/402165	92;94;78;88;89;90	
404798	singeo	Country Roads - Harmony Workout	workout	https://admin.musora.com/admin#/content/singeo/404798	92;94;78;88;89;90	
410237	drumeo	Baby Got Back	song	https://admin.musora.com/admin#/content/drumeo/410237	92;94;78	
402662	singeo	Burning Up	song	https://admin.musora.com/admin#/content/singeo/402662	92;94	
402658	singeo	Back For Good	song	https://admin.musora.com/admin#/content/singeo/402658	92;94	
410175	guitareo	Don't Worry, Be Happy (Easy Version)	song	https://admin.musora.com/admin#/content/guitareo/410175	92;94	
402650	singeo	Don't You (Forget About Me)	song	https://admin.musora.com/admin#/content/singeo/402650	92;94	
402188	singeo	For The Good Times	song	https://admin.musora.com/admin#/content/singeo/402188	92;94	
410192	pianote	Golden Hour	song	https://admin.musora.com/admin#/content/pianote/410192	92;94	
410241	pianote	Golden Hour (Solo)	song	https://admin.musora.com/admin#/content/pianote/410241	92;94	
410242	pianote	Golden Hour (Easy Version)	song	https://admin.musora.com/admin#/content/pianote/410242	92;94	
410438	drumeo	Heavy, California	song	https://admin.musora.com/admin#/content/drumeo/410438	92;94;78	
410362	pianote	Lean On Me (Easy Version)	song	https://admin.musora.com/admin#/content/pianote/410362	92;94	
410317	guitareo	Locked In The Trunk Of A Car	song	https://admin.musora.com/admin#/content/guitareo/410317	92;94	
410200	guitareo	Magic Carpet Ride	song	https://admin.musora.com/admin#/content/guitareo/410200	92;94	
410215	drumeo	Mmm Mmm Mmm Mmm	song	https://admin.musora.com/admin#/content/drumeo/410215	92;94;78	
410225	drumeo	My Song	song	https://admin.musora.com/admin#/content/drumeo/410225	92;94;78	
410531	guitareo	Mr. Brightside (Easy Version)	song	https://admin.musora.com/admin#/content/guitareo/410531	92;94	
410361	pianote	Morning Has Broken (Easy Version)	song	https://admin.musora.com/admin#/content/pianote/410361	92;94	
402661	singeo	MMMBop	song	https://admin.musora.com/admin#/content/singeo/402661	92;94	
410354	pianote	Outlier Performance	quick-tips	https://admin.musora.com/admin#/content/pianote/410354	92;94;78;88;89;90	
402566	singeo	Saturday In The Park	song	https://admin.musora.com/admin#/content/singeo/402566	92;94	
410223	drumeo	Stellar	song	https://admin.musora.com/admin#/content/drumeo/410223	92;94;78	
410348	guitareo	Sweet Dreams (Are Made Of This) (Full Version)	song	https://admin.musora.com/admin#/content/guitareo/410348	92;94	
410350	guitareo	Sweet Dreams (Are Made Of This) (Easy Version)	song	https://admin.musora.com/admin#/content/guitareo/410350	92;94	
410534	guitareo	The Scientist (Easy Version)	song	https://admin.musora.com/admin#/content/guitareo/410534	92;94	
402657	singeo	Tearing Up My Heart	song	https://admin.musora.com/admin#/content/singeo/402657	92;94	
401680	singeo	That's Amore	song	https://admin.musora.com/admin#/content/singeo/401680	92;94	
410157	drumeo	The Way You Used To Do	song	https://admin.musora.com/admin#/content/drumeo/410157	92;94;78	
410191	pianote	Until I Found You	song	https://admin.musora.com/admin#/content/pianote/410191	92;94	
410194	pianote	Until I Found You (Solo)	song	https://admin.musora.com/admin#/content/pianote/410194	92;94	
410195	pianote	Until I Found You (Easy Version)	song	https://admin.musora.com/admin#/content/pianote/410195	92;94	
402567	singeo	Walking On Sunshine	song	https://admin.musora.com/admin#/content/singeo/402567	92;94	
380845	singeo	You’re Still The One	song	https://admin.musora.com/admin#/content/singeo/380845	92;94	
197044	pianote	Someone Like You	song-tutorial-children	https://admin.musora.com/admin#/content/pianote/197044	92;94;78;88;89;90	Someone Like You — Tutorial
197071	pianote	Game Of Thrones Theme	song-tutorial-children	https://admin.musora.com/admin#/content/pianote/197071	92;94;78;88;89;90	Game Of Thrones Theme — Tutorial
197082	pianote	All Of Me	song-tutorial-children	https://admin.musora.com/admin#/content/pianote/197082	92;94;78;88;89;90	All Of Me — Tutorial
197090	pianote	If I Ain't Got You	song-tutorial-children	https://admin.musora.com/admin#/content/pianote/197090	92;94;78;88;89;90	If I Ain't Got You — Tutorial
197102	pianote	Clocks	song-tutorial-children	https://admin.musora.com/admin#/content/pianote/197102	92;94;78;88;89;90	Clocks — Tutorial
197403	pianote	Imagine	song-tutorial-children	https://admin.musora.com/admin#/content/pianote/197403	92;94;78;88;89;90	Imagine — Tutorial
197409	pianote	Fix You	song-tutorial-children	https://admin.musora.com/admin#/content/pianote/197409	92;94;78;88;89;90	Fix You — Tutorial
197419	pianote	Sunday Morning	song-tutorial-children	https://admin.musora.com/admin#/content/pianote/197419	92;94;78;88;89;90	Sunday Morning — Tutorial
224078	pianote	Introduction	song-tutorial-children	https://admin.musora.com/admin#/content/pianote/224078	92;94;78;88;89;90	All Of Me — Tutorial
224079	pianote	Chord Glossary	song-tutorial-children	https://admin.musora.com/admin#/content/pianote/224079	92;94;78;88;89;90	All Of Me — Tutorial
224080	pianote	Part #1 - Intro & Verse	song-tutorial-children	https://admin.musora.com/admin#/content/pianote/224080	92;94;78;88;89;90	All Of Me — Tutorial
224081	pianote	Part #2 - Pre-Chorus & Chorus	song-tutorial-children	https://admin.musora.com/admin#/content/pianote/224081	92;94;78;88;89;90	All Of Me — Tutorial
224082	pianote	Part #3 - Bridge	song-tutorial-children	https://admin.musora.com/admin#/content/pianote/224082	92;94;78;88;89;90	All Of Me — Tutorial
225404	pianote	Introduction	song-tutorial-children	https://admin.musora.com/admin#/content/pianote/225404	92;94;78;88;89;90	Tiny Dancer — Tutorial
225405	pianote	Chord Glossary	song-tutorial-children	https://admin.musora.com/admin#/content/pianote/225405	92;94;78;88;89;90	Tiny Dancer — Tutorial
225406	pianote	Part #1- Intro	song-tutorial-children	https://admin.musora.com/admin#/content/pianote/225406	92;94;78;88;89;90	Tiny Dancer — Tutorial
225407	pianote	Part #2 - Verse	song-tutorial-children	https://admin.musora.com/admin#/content/pianote/225407	92;94;78;88;89;90	Tiny Dancer — Tutorial
225408	pianote	Part #3 - Pre-Chorus	song-tutorial-children	https://admin.musora.com/admin#/content/pianote/225408	92;94;78;88;89;90	Tiny Dancer — Tutorial
225409	pianote	Part #4 - Bridge	song-tutorial-children	https://admin.musora.com/admin#/content/pianote/225409	92;94;78;88;89;90	Tiny Dancer — Tutorial
225410	pianote	Part #5 - Chorus	song-tutorial-children	https://admin.musora.com/admin#/content/pianote/225410	92;94;78;88;89;90	Tiny Dancer — Tutorial
228372	pianote	Chord Glossary	song-tutorial-children	https://admin.musora.com/admin#/content/pianote/228372	92;94;78;88;89;90	Amazing Grace — Tutorial
228374	pianote	Part #1	song-tutorial-children	https://admin.musora.com/admin#/content/pianote/228374	92;94;78;88;89;90	Amazing Grace — Tutorial
228376	pianote	Part #3	song-tutorial-children	https://admin.musora.com/admin#/content/pianote/228376	92;94;78;88;89;90	Amazing Grace — Tutorial
228368	pianote	Introduction	song-tutorial-children	https://admin.musora.com/admin#/content/pianote/228368	92;94;78;88;89;90	Amazing Grace — Tutorial
228375	pianote	Part #2	song-tutorial-children	https://admin.musora.com/admin#/content/pianote/228375	92;94;78;88;89;90	Amazing Grace — Tutorial
229191	pianote	Introduction & Chord Glossary	song-tutorial-children	https://admin.musora.com/admin#/content/pianote/229191	92;94;78;88;89;90	The Scientist — Tutorial
229192	pianote	Part #1 - Intro	song-tutorial-children	https://admin.musora.com/admin#/content/pianote/229192	92;94;78;88;89;90	The Scientist — Tutorial
229193	pianote	Part #2 - Verse	song-tutorial-children	https://admin.musora.com/admin#/content/pianote/229193	92;94;78;88;89;90	The Scientist — Tutorial
229194	pianote	Part #3 - Chorus	song-tutorial-children	https://admin.musora.com/admin#/content/pianote/229194	92;94;78;88;89;90	The Scientist — Tutorial
229195	pianote	Part #4 - Putting It All Together	song-tutorial-children	https://admin.musora.com/admin#/content/pianote/229195	92;94;78;88;89;90	The Scientist — Tutorial
229196	pianote	Performance	song-tutorial-children	https://admin.musora.com/admin#/content/pianote/229196	92;94;78;88;89;90	The Scientist — Tutorial
229357	pianote	Express Version	song-tutorial-children	https://admin.musora.com/admin#/content/pianote/229357	92;94;78;88;89;90	The Scientist — Tutorial
230843	pianote	Express Version	song-tutorial-children	https://admin.musora.com/admin#/content/pianote/230843	92;94;78;88;89;90	Stranger Things Theme — Tutorial
230838	pianote	Introduction	song-tutorial-children	https://admin.musora.com/admin#/content/pianote/230838	92;94;78;88;89;90	Stranger Things Theme — Tutorial
230840	pianote	Performance	song-tutorial-children	https://admin.musora.com/admin#/content/pianote/230840	92;94;78;88;89;90	Stranger Things Theme — Tutorial
230839	pianote	Tutorial	song-tutorial-children	https://admin.musora.com/admin#/content/pianote/230839	92;94;78;88;89;90	Stranger Things Theme — Tutorial
231580	pianote	Introduction	song-tutorial-children	https://admin.musora.com/admin#/content/pianote/231580	92;94;78;88;89;90	Ain't No Sunshine — Tutorial
231581	pianote	Part #1 - Main Chord Structure	song-tutorial-children	https://admin.musora.com/admin#/content/pianote/231581	92;94;78;88;89;90	Ain't No Sunshine — Tutorial
231582	pianote	Part #2 - Melody	song-tutorial-children	https://admin.musora.com/admin#/content/pianote/231582	92;94;78;88;89;90	Ain't No Sunshine — Tutorial
231583	pianote	Part #3 - Solo & Complete Song	song-tutorial-children	https://admin.musora.com/admin#/content/pianote/231583	92;94;78;88;89;90	Ain't No Sunshine — Tutorial
231584	pianote	Performance	song-tutorial-children	https://admin.musora.com/admin#/content/pianote/231584	92;94;78;88;89;90	Ain't No Sunshine — Tutorial
232358	pianote	Part #4 - Chorus	song-tutorial-children	https://admin.musora.com/admin#/content/pianote/232358	92;94;78;88;89;90	Goodbye Yellow Brick Road — Tutorial
232354	pianote	Introduction	song-tutorial-children	https://admin.musora.com/admin#/content/pianote/232354	92;94;78;88;89;90	Goodbye Yellow Brick Road — Tutorial
232355	pianote	Part #1 - Intro & Verse Part #1	song-tutorial-children	https://admin.musora.com/admin#/content/pianote/232355	92;94;78;88;89;90	Goodbye Yellow Brick Road — Tutorial
232356	pianote	Part #2 - Verse Part #2	song-tutorial-children	https://admin.musora.com/admin#/content/pianote/232356	92;94;78;88;89;90	Goodbye Yellow Brick Road — Tutorial
232357	pianote	Part #3 - Interlude	song-tutorial-children	https://admin.musora.com/admin#/content/pianote/232357	92;94;78;88;89;90	Goodbye Yellow Brick Road — Tutorial
234086	pianote	Accompaniment Version (No Melody) #1	song-tutorial-children	https://admin.musora.com/admin#/content/pianote/234086	92;94;78;88;89;90	Someone Like You — Tutorial
234085	pianote	Introduction	song-tutorial-children	https://admin.musora.com/admin#/content/pianote/234085	92;94;78;88;89;90	Someone Like You — Tutorial
234087	pianote	Accompaniment Version (No Melody) #2	song-tutorial-children	https://admin.musora.com/admin#/content/pianote/234087	92;94;78;88;89;90	Someone Like You — Tutorial
234088	pianote	Instrumental Version	song-tutorial-children	https://admin.musora.com/admin#/content/pianote/234088	92;94;78;88;89;90	Someone Like You — Tutorial
234144	pianote	Express Version	song-tutorial-children	https://admin.musora.com/admin#/content/pianote/234144	92;94;78;88;89;90	Someone Like You — Tutorial
236647	pianote	Introduction	song-tutorial-children	https://admin.musora.com/admin#/content/pianote/236647	92;94;78;88;89;90	Leaving On A Jet Plane — Tutorial
236648	pianote	Accompaniment Version	song-tutorial-children	https://admin.musora.com/admin#/content/pianote/236648	92;94;78;88;89;90	Leaving On A Jet Plane — Tutorial
236649	pianote	Instrumental Version	song-tutorial-children	https://admin.musora.com/admin#/content/pianote/236649	92;94;78;88;89;90	Leaving On A Jet Plane — Tutorial
236650	pianote	Performance	song-tutorial-children	https://admin.musora.com/admin#/content/pianote/236650	92;94;78;88;89;90	Leaving On A Jet Plane — Tutorial
242639	pianote	Introduction	song-tutorial-children	https://admin.musora.com/admin#/content/pianote/242639	92;94;78;88;89;90	Desperado — Tutorial
242640	pianote	Accompaniment Version	song-tutorial-children	https://admin.musora.com/admin#/content/pianote/242640	92;94;78;88;89;90	Desperado — Tutorial
242641	pianote	Instrumental Version	song-tutorial-children	https://admin.musora.com/admin#/content/pianote/242641	92;94;78;88;89;90	Desperado — Tutorial
242642	pianote	Performance	song-tutorial-children	https://admin.musora.com/admin#/content/pianote/242642	92;94;78;88;89;90	Desperado — Tutorial
243906	pianote	Introduction	song-tutorial-children	https://admin.musora.com/admin#/content/pianote/243906	92;94;78;88;89;90	Falling — Tutorial
243908	pianote	Accompaniment Version	song-tutorial-children	https://admin.musora.com/admin#/content/pianote/243908	92;94;78;88;89;90	Falling — Tutorial
243909	pianote	Instrumental Version	song-tutorial-children	https://admin.musora.com/admin#/content/pianote/243909	92;94;78;88;89;90	Falling — Tutorial
243910	pianote		song-tutorial-children	https://admin.musora.com/admin#/content/pianote/243910	92;94;78;88;89;90	Falling — Tutorial
244524	pianote	Accompaniment Version	song-tutorial-children	https://admin.musora.com/admin#/content/pianote/244524	92;94;78;88;89;90	Your Song — Tutorial
244525	pianote	Instrumental Version	song-tutorial-children	https://admin.musora.com/admin#/content/pianote/244525	92;94;78;88;89;90	Your Song — Tutorial
244528	pianote	Performance	song-tutorial-children	https://admin.musora.com/admin#/content/pianote/244528	92;94;78;88;89;90	Your Song — Tutorial
244523	pianote	Introduction	song-tutorial-children	https://admin.musora.com/admin#/content/pianote/244523	92;94;78;88;89;90	Your Song — Tutorial
247733	pianote	Introduction	song-tutorial-children	https://admin.musora.com/admin#/content/pianote/247733	92;94;78;88;89;90	Make You Feel My Love — Tutorial
247734	pianote	Accompaniment Version	song-tutorial-children	https://admin.musora.com/admin#/content/pianote/247734	92;94;78;88;89;90	Make You Feel My Love — Tutorial
247735	pianote	Instrumental Version	song-tutorial-children	https://admin.musora.com/admin#/content/pianote/247735	92;94;78;88;89;90	Make You Feel My Love — Tutorial
247736	pianote	Performance	song-tutorial-children	https://admin.musora.com/admin#/content/pianote/247736	92;94;78;88;89;90	Make You Feel My Love — Tutorial
247472	pianote	Introduction	song-tutorial-children	https://admin.musora.com/admin#/content/pianote/247472	92;94;78;88;89;90	When The Party's Over — Tutorial
247473	pianote	Accompaniment Version	song-tutorial-children	https://admin.musora.com/admin#/content/pianote/247473	92;94;78;88;89;90	When The Party's Over — Tutorial
247474	pianote	Instrumental Version	song-tutorial-children	https://admin.musora.com/admin#/content/pianote/247474	92;94;78;88;89;90	When The Party's Over — Tutorial
247475	pianote	Performance	song-tutorial-children	https://admin.musora.com/admin#/content/pianote/247475	92;94;78;88;89;90	When The Party's Over — Tutorial
221818	pianote	Someone Like You — Tutorial	song-tutorial	https://admin.musora.com/admin#/content/pianote/221818	92;94;78;88;89;90	Someone Like You — Tutorial
221828	pianote	All Of Me — Tutorial	song-tutorial	https://admin.musora.com/admin#/content/pianote/221828	92;94;78;88;89;90	All Of Me — Tutorial
221830	pianote	If I Ain't Got You — Tutorial	song-tutorial	https://admin.musora.com/admin#/content/pianote/221830	92;94;78;88;89;90	If I Ain't Got You — Tutorial
230438	pianote	Stranger Things Theme — Tutorial	song-tutorial	https://admin.musora.com/admin#/content/pianote/230438	92;94;78;88;89;90	Stranger Things Theme — Tutorial
232251	pianote	Goodbye Yellow Brick Road — Tutorial	song-tutorial	https://admin.musora.com/admin#/content/pianote/232251	92;94;78;88;89;90	Goodbye Yellow Brick Road — Tutorial
246181	pianote	Make You Feel My Love — Tutorial	song-tutorial	https://admin.musora.com/admin#/content/pianote/246181	92;94;78;88;89;90	Make You Feel My Love — Tutorial
221838	pianote	Fix You — Tutorial	song-tutorial	https://admin.musora.com/admin#/content/pianote/221838	92;94;78;88;89;90	Fix You — Tutorial
223643	pianote	All Of Me — Tutorial	song-tutorial	https://admin.musora.com/admin#/content/pianote/223643	92;94;78;88;89;90	All Of Me — Tutorial
233584	pianote	Someone Like You — Tutorial	song-tutorial	https://admin.musora.com/admin#/content/pianote/233584	92;94;78;88;89;90	Someone Like You — Tutorial
241186	pianote	Desperado — Tutorial	song-tutorial	https://admin.musora.com/admin#/content/pianote/241186	92;94;78;88;89;90	Desperado — Tutorial
243077	pianote	Your Song — Tutorial	song-tutorial	https://admin.musora.com/admin#/content/pianote/243077	92;94;78;88;89;90	Your Song — Tutorial
221825	pianote	Game Of Thrones Theme — Tutorial	song-tutorial	https://admin.musora.com/admin#/content/pianote/221825	92;94;78;88;89;90	Game Of Thrones Theme — Tutorial
221834	pianote	Clocks — Tutorial	song-tutorial	https://admin.musora.com/admin#/content/pianote/221834	92;94;78;88;89;90	Clocks — Tutorial
221835	pianote	Imagine — Tutorial	song-tutorial	https://admin.musora.com/admin#/content/pianote/221835	92;94;78;88;89;90	Imagine — Tutorial
227485	pianote	The Scientist — Tutorial	song-tutorial	https://admin.musora.com/admin#/content/pianote/227485	92;94;78;88;89;90	The Scientist — Tutorial
231578	pianote	Ain't No Sunshine — Tutorial	song-tutorial	https://admin.musora.com/admin#/content/pianote/231578	92;94;78;88;89;90	Ain't No Sunshine — Tutorial
247382	pianote	When The Party's Over — Tutorial	song-tutorial	https://admin.musora.com/admin#/content/pianote/247382	92;94;78;88;89;90	When The Party's Over — Tutorial
221843	pianote	Sunday Morning — Tutorial	song-tutorial	https://admin.musora.com/admin#/content/pianote/221843	92;94;78;88;89;90	Sunday Morning — Tutorial
224473	pianote	Tiny Dancer — Tutorial	song-tutorial	https://admin.musora.com/admin#/content/pianote/224473	92;94;78;88;89;90	Tiny Dancer — Tutorial
235968	pianote	Leaving On A Jet Plane — Tutorial	song-tutorial	https://admin.musora.com/admin#/content/pianote/235968	92;94;78;88;89;90	Leaving On A Jet Plane — Tutorial
227477	pianote	Amazing Grace — Tutorial	song-tutorial	https://admin.musora.com/admin#/content/pianote/227477	92;94;78;88;89;90	Amazing Grace — Tutorial
243076	pianote	Falling — Tutorial	song-tutorial	https://admin.musora.com/admin#/content/pianote/243076	92;94;78;88;89;90	Falling — Tutorial
403816	drumeo	Jazz Drumming 101	challenge	https://admin.musora.com/admin#/content/drumeo/403816	92;94;78;88;89;90	Jazz Drumming 101
403819	drumeo	The Swing Pattern	challenge-part	https://admin.musora.com/admin#/content/drumeo/403819	92;94;78;88;89;90	Jazz Drumming 101
403820	drumeo	The Jazz Sound - Acoustic Kit	challenge-part	https://admin.musora.com/admin#/content/drumeo/403820	92;94;78;88;89;90	Jazz Drumming 101
403821	drumeo	The Jazz Sound - Electronic Kit	challenge-part	https://admin.musora.com/admin#/content/drumeo/403821	92;94;78;88;89;90	Jazz Drumming 101
403822	drumeo	Beginner Jazz Beats	challenge-part	https://admin.musora.com/admin#/content/drumeo/403822	92;94;78;88;89;90	Jazz Drumming 101
403823	drumeo	Playing Jazz With Brushes	challenge-part	https://admin.musora.com/admin#/content/drumeo/403823	92;94;78;88;89;90	Jazz Drumming 101
403824	drumeo	Jazz Hand & Foot Technique	challenge-part	https://admin.musora.com/admin#/content/drumeo/403824	92;94;78;88;89;90	Jazz Drumming 101
403828	drumeo	Drummers You Should Know	challenge-part	https://admin.musora.com/admin#/content/drumeo/403828	92;94;78;88;89;90	Jazz Drumming 101