id,type,brand,assignment_id,soundslice_slug,length_in_seconds
13595,song,drumeo,260521,1D6Vc,302
13796,song,drumeo,261953,xptVc,231
13945,song,drumeo,260564,TkFVc,237
19307,song,drumeo,260581,169812,278
19758,song,drumeo,260483,9ZnVc,331
19806,song,drumeo,260535,169810,221
19999,song,drumeo,260285,7ZnVc,251
20249,song,drumeo,260317,169808,171
21264,song,drumeo,260532,169802,291
21350,song,drumeo,260352,169801,370
21376,song,drumeo,260672,169798,306
21576,song,drumeo,260546,PzgVc,296
21846,song,drumeo,260428,RtYcc,166
22154,song,drumeo,260452,2tYcc,234
22166,song,drumeo,260491,ztYcc,465
22613,song,drumeo,260533,169789,316
22734,song,drumeo,260474,PZnVc,271
22855,song,drumeo,260561,169787,259
22981,song,drumeo,260539,4QYcc,243
23042,song,drumeo,260364,MQYcc,341
23126,song,drumeo,260501,DQYcc,294
23450,song,drumeo,260476,169627,206
23454,song,drumeo,260427,169626,219
23527,song,drumeo,260640,169625,190
23556,song,drumeo,260426,169624,342
23820,song,drumeo,260588,169232,269
23826,song,drumeo,260534,224828,270
23856,song,drumeo,260466,225202,272
24244,song,drumeo,260410,163564,357
24252,song,drumeo,260443,163562,251
24391,song,drumeo,260688,169231,286
24559,song,drumeo,260605,163402,257
24670,song,drumeo,260391,163286,260
24733,song,drumeo,260421,162962,234
24769,song,drumeo,260407,163274,193
24882,song,drumeo,260568,169223,249
24947,song,drumeo,260611,163133,209
24985,song,drumeo,260355,163130,216
25013,song,drumeo,260389,163125,292
25221,song,drumeo,260673,163124,384
25244,song,drumeo,260318,163121,172
25270,song,drumeo,260473,162936,301
25335,song,drumeo,260488,169226,517
25548,song,drumeo,260512,162932,302
25556,song,drumeo,260540,169230,294
26195,song,drumeo,260331,162928,248
27164,song,drumeo,260468,hkgVc,216
27190,song,drumeo,260292,162636,209
27245,song,drumeo,260615,173467,259
27593,song,drumeo,260406,162895,183
27843,song,drumeo,260582,227161,299
27845,song,drumeo,260475,162893,233
28218,song,drumeo,260303,162892,222
28330,song,drumeo,260390,162635,273
29092,song,drumeo,260567,227104,289
29239,song,drumeo,260498,169162,888
29244,song,drumeo,260653,162624,167
29250,song,drumeo,260612,162623,220
29755,song,drumeo,260538,176791,220
30373,song,drumeo,260701,162480,302
31104,song,drumeo,260337,162475,234
31143,song,drumeo,260340,162473,213
31234,song,drumeo,260608,162471,183
31246,song,drumeo,260585,161933,255
31532,song,drumeo,260351,162463,191
190995,song,drumeo,260467,162136,240
203872,song,drumeo,260312,169227,302
210724,song,drumeo,260681,173091,281
214898,song,drumeo,260334,182346,286
220948,song,drumeo,260543,200747,393
221443,song,drumeo,260676,202321,239
260283,song,drumeo,260284,8qnVc,235
260286,song,drumeo,260287,p1nVc,310
260288,song,drumeo,260289,229550,207
260290,song,drumeo,260291,yR5Vc,292
260293,song,drumeo,260294,6MgVc,357
260295,song,drumeo,260296,lR5Vc,269
260297,song,drumeo,260298,-kgVc,293
260299,song,drumeo,260300,4R5Vc,377
260301,song,drumeo,260302,2R5Vc,341
260304,song,drumeo,260305,tStVc,252
260306,song,drumeo,260307,221321,302
260308,song,drumeo,260309,5ZQVc,349
260310,song,drumeo,260311,gStVc,329
260313,song,drumeo,260314,pC5Vc,363
260315,song,drumeo,260316,xStVc,254
260319,song,drumeo,260320,229557,172
260321,song,drumeo,260322,162465,236
260323,song,drumeo,260324,vStVc,232
260325,song,drumeo,260326,3R5Vc,200
260327,song,drumeo,260328,T85Vc,309
260329,song,drumeo,260330,FptVc,262
260332,song,drumeo,260333,GQFVc,231
260335,song,drumeo,260336,k8nVc,208
260338,song,drumeo,260339,jxgVc,251
260341,song,drumeo,260342,229565,292
260343,song,drumeo,260344,225940,273
260345,song,drumeo,260346,232226,215
260347,song,drumeo,260348,231956,142
260349,song,drumeo,260350,TR5Vc,160
260353,song,drumeo,260354,XR5Vc,350
260356,song,drumeo,260357,223713,355
260358,song,drumeo,260359,qZQVc,383
260360,song,drumeo,260361,6NgVc,326
260362,song,drumeo,260363,231972,262
260365,song,drumeo,260366,2c6Vc,329
260367,song,drumeo,260368,Y8nVc,329
260369,song,drumeo,260370,MR5Vc,255
260371,song,drumeo,260372,5xFVc,208
260375,song,drumeo,260376,vNgVc,208
260379,song,drumeo,260380,p85Vc,297
260381,song,drumeo,260382,J7nVc,223
260383,song,drumeo,260384,NcgVc,220
260385,song,drumeo,260386,hNgVc,299
260387,song,drumeo,260388,KMNfc,133
260392,song,drumeo,260393,cd5Vc,271
260394,song,drumeo,260395,gNgVc,243
260396,song,drumeo,260397,223896,205
260398,song,drumeo,260399,fkgVc,262
260400,song,drumeo,260401,jkgVc,172
260402,song,drumeo,260403,1cgVc,211
260404,song,drumeo,260405,-xFVc,326
260408,song,drumeo,260409,W8gVc,409
260411,song,drumeo,260412,VLQVc,345
260413,song,drumeo,260414,7rQVc,307
260415,song,drumeo,260416,232232,242
260417,song,drumeo,260418,bcgVc,234
260419,song,drumeo,260420,WkgVc,216
260422,song,drumeo,260423,7kgVc,173
260424,song,drumeo,260425,ckgVc,177
260429,song,drumeo,260430,223960,215
260431,song,drumeo,260432,skgVc,190
260433,song,drumeo,260434,231947,170
260435,song,drumeo,260436,ycgVc,175
260437,song,drumeo,260438,JcgVc,208
260439,song,drumeo,260440,TkgVc,234
260441,song,drumeo,260442,qkgVc,249
260444,song,drumeo,261095,p6gVc,325
260446,song,drumeo,260447,HcgVc,253
260448,song,drumeo,260449,XcgVc,324
260450,song,drumeo,260451,R8nVc,351
260453,song,drumeo,260454,227091,208
260456,song,drumeo,260457,CcgVc,268
260458,song,drumeo,260459,fcgVc,257
260460,song,drumeo,260461,nkgVc,173
260462,song,drumeo,260463,5kgVc,147
260464,song,drumeo,260465,k-nVc,512
260469,song,drumeo,260470,2cgVc,278
260471,song,drumeo,260472,j8nVc,219
260477,song,drumeo,260478,zcgVc,244
260479,song,drumeo,260480,mkgVc,320
260481,song,drumeo,260482,169790,446
260484,song,drumeo,260485,vkgVc,415
260486,song,drumeo,260487,wcgVc,313
260489,song,drumeo,260490,gwgVc,386
260492,song,drumeo,260493,229610,259
260494,song,drumeo,260495,229618,296
260496,song,drumeo,260497,gSgVc,311
260499,song,drumeo,260500,232263,384
260502,song,drumeo,260503,SwgVc,194
260504,song,drumeo,260505,kYgVc,280
260506,song,drumeo,260507,8YgVc,227
260508,song,drumeo,260509,xYgVc,297
260510,song,drumeo,260511,227187,245
260513,song,drumeo,260514,QYgVc,308
260515,song,drumeo,260516,3zgVc,186
260517,song,drumeo,260518,226196,229
260519,song,drumeo,260520,qzgVc,255
260522,song,drumeo,260523,223969,203
260524,song,drumeo,260525,TzgVc,131
260526,song,drumeo,260527,szgVc,265
260528,song,drumeo,260529,1zgVc,167
260530,song,drumeo,260531,6ptVc,261
260536,song,drumeo,260537,225186,173
260541,song,drumeo,260542,dzgVc,414
260544,song,drumeo,260545,ZzgVc,224
260547,song,drumeo,260548,885Vc,235
260549,song,drumeo,260550,wptVc,333
260551,song,drumeo,260552,FzgVc,223
260553,song,drumeo,260554,gzgVc,360
260555,song,drumeo,260556,GzgVc,231
260557,song,drumeo,260558,rzgVc,263
260559,song,drumeo,260560,hzgVc,190
260562,song,drumeo,260563,CkFVc,393
260565,song,drumeo,260566,vzgVc,263
260569,song,drumeo,260570,226189,194
260571,song,drumeo,260572,6kgVc,1200
260573,song,drumeo,260574,khgVc,279
260575,song,drumeo,260576,V-FVc,332
260577,song,drumeo,260578,NptVc,221
260579,song,drumeo,260580,SzgVc,301
260583,song,drumeo,260584,pzgVc,245
260586,song,drumeo,260587,D2gVc,387
260589,song,drumeo,260590,225189,255
260591,song,drumeo,260592,42gVc,187
260593,song,drumeo,260594,226202,321
260595,song,drumeo,260596,y2gVc,265
260597,song,drumeo,260598,w2gVc,211
260599,song,drumeo,260600,Y2gVc,261
260601,song,drumeo,260602,225196,220
260603,song,drumeo,260604,tQFVc,218
260606,song,drumeo,260607,227894,179
260609,song,drumeo,260610,l2gVc,245
260613,song,drumeo,383512,z2gVc,256
260616,song,drumeo,260617,R2gVc,142
260618,song,drumeo,260619,32gVc,183
260620,song,drumeo,260621,H2gVc,251
260622,song,drumeo,260623,b2gVc,202
260624,song,drumeo,260625,whgVc,206
260626,song,drumeo,260627,s2gVc,187
260628,song,drumeo,260629,227923,196
260630,song,drumeo,260631,12gVc,220
260632,song,drumeo,260633,DdgVc,203
260634,song,drumeo,260635,fdgVc,186
260636,song,drumeo,260637,229629,254
260638,song,drumeo,260639,cdgVc,261
260641,song,drumeo,260642,225214,295
260643,song,drumeo,260644,p8gVc,192
260645,song,drumeo,260646,b3FVc,219
260647,song,drumeo,260648,h8gVc,235
260651,song,drumeo,260652,m8gVc,227
260654,song,drumeo,260655,BqnVc,243
260656,song,drumeo,260657,2hgVc,240
260658,song,drumeo,260659,BdnVc,220
260660,song,drumeo,260661,ccgVc,200
260662,song,drumeo,260663,BXQVc,263
260664,song,drumeo,260665,pXQVc,351
260666,song,drumeo,260667,2CFVc,267
260668,song,drumeo,260669,YkQVc,318
260670,song,drumeo,260671,MXQVc,115
260674,song,drumeo,260675,225924,295
260677,song,drumeo,260678,K8nVc,330
260679,song,drumeo,260680,228109,303
260682,song,drumeo,260683,RhgVc,223
260684,song,drumeo,260685,D1tVc,252
260686,song,drumeo,260687,225905,338
260689,song,drumeo,260690,VN5Vc,241
260691,song,drumeo,260692,XhgVc,220
260693,song,drumeo,260694,229562,184
260695,song,drumeo,260696,227137,259
260697,song,drumeo,260698,N1tVc,272
260699,song,drumeo,260700,c1tVc,384
260702,song,drumeo,260703,227884,283
260704,song,drumeo,260705,169805,263
260706,song,drumeo,260707,snFVc,243
260708,song,drumeo,260709,mstVc,254
260710,song,drumeo,260711,6stVc,138
264247,song,drumeo,264248,dNSVc,256
264249,song,drumeo,264250,QnpVc,345
264251,song,drumeo,264252,7NSVc,320
264253,song,drumeo,264254,WNSVc,227
264255,song,drumeo,264256,BNSVc,262
264257,song,drumeo,264258,nnpVc,251
264259,song,drumeo,264260,LNSVc,215
264261,song,drumeo,264262,PNSVc,234
264263,song,drumeo,264264,NZhVc,167
264265,song,drumeo,264266,FnpVc,208
264267,song,drumeo,264268,Z7cfc,150
264269,song,drumeo,264270,2Bcfc,257
264271,song,drumeo,264272,kWcfc,248
264273,song,drumeo,264274,CmGVc,246
264275,song,drumeo,264276,Jcffc,582
264277,song,drumeo,264278,Tcffc,329
264279,song,drumeo,264280,Hcffc,285
264281,song,drumeo,264282,9NSVc,290
264283,song,drumeo,264284,tnpVc,255
264285,song,drumeo,264286,MnmVc,186
264287,song,drumeo,264288,3Bcfc,210
264289,song,drumeo,264290,L7cfc,208
264291,song,drumeo,264292,znmVc,218
264293,song,drumeo,264294,xNSVc,208
264295,song,drumeo,264296,gnpVc,201
264297,song,drumeo,264298,VZhVc,256
264299,song,drumeo,264300,-NSVc,211
264301,song,drumeo,264302,lBcfc,286
264303,song,drumeo,264304,6npVc,222
264305,song,drumeo,264306,QNSVc,171
264307,song,drumeo,264308,nNSVc,203
264309,song,drumeo,264310,fZhVc,333
264311,song,drumeo,264312,K7cfc,322
264313,song,drumeo,264314,GnpVc,230
264315,song,drumeo,264316,kmGVc,225
264317,song,drumeo,264318,rnpVc,260
264319,song,drumeo,264320,qcffc,251
264321,song,drumeo,264322,3cffc,301
264323,song,drumeo,264324,Rcffc,221
264325,song,drumeo,264326,77cfc,189
264327,song,drumeo,264328,lcffc,220
264329,song,drumeo,264330,wcffc,340
264331,song,drumeo,264332,wBcfc,297
264333,song,drumeo,264334,S7cfc,285
264335,song,drumeo,264336,P7cfc,297
264337,song,drumeo,264338,d7cfc,279
264339,song,drumeo,264340,yBcfc,265
264341,song,drumeo,264342,ycffc,242
264343,song,drumeo,264344,4cffc,138
264345,song,drumeo,264346,kcffc,156
264347,song,drumeo,264348,j7cfc,194
264349,song,drumeo,264350,pkffc,151
264351,song,drumeo,264352,DZhVc,274
264353,song,drumeo,264354,hnpVc,424
264355,song,drumeo,264356,vkffc,289
264357,song,drumeo,264358,mnpVc,267
264359,song,drumeo,264360,3nvVc,362
264361,song,drumeo,264362,dnvVc,410
264363,song,drumeo,264364,TnvVc,263
264365,song,drumeo,264366,DWcfc,571
264367,song,drumeo,264368,VmGVc,487
264369,song,drumeo,264370,DmGVc,437
264371,song,drumeo,264372,vnpVc,318
264373,song,drumeo,264374,MmGVc,375
264375,song,drumeo,264376,fWcfc,406
264377,song,drumeo,264378,XVNfc,398
264379,song,drumeo,264380,hkffc,424
264381,song,drumeo,264382,4nmVc,214
264383,song,drumeo,264384,rkffc,215
264385,song,drumeo,264386,tNSVc,264
264387,song,drumeo,264388,4Bcfc,323
264389,song,drumeo,264390,ynmVc,229
264391,song,drumeo,264392,4mGVc,282
264393,song,drumeo,264394,pNgVc,265
264395,song,drumeo,264396,ymGVc,242
264397,song,drumeo,264398,RmGVc,153
264399,song,drumeo,264400,6kffc,223
264401,song,drumeo,264402,5kffc,224
264403,song,drumeo,264404,tkffc,271
264405,song,drumeo,264406,NFpVc,260
264407,song,drumeo,264408,8cffc,304
264409,song,drumeo,264410,JBcfc,501
264411,song,drumeo,264412,cFpVc,311
264413,song,drumeo,264414,bmGVc,229
264415,song,drumeo,264416,kBcfc,232
264417,song,drumeo,264418,VFpVc,264
264419,song,drumeo,264420,5NSVc,235
264421,song,drumeo,264422,fFpVc,308
264423,song,drumeo,264424,WcgVc,365
264425,song,drumeo,264426,dcgVc,214
264427,song,drumeo,264428,wnmVc,260
264429,song,drumeo,264430,YnmVc,193
264431,song,drumeo,264432,DFpVc,286
264433,song,drumeo,264434,h4ffc,337
264435,song,drumeo,264436,DBcfc,191
264437,song,drumeo,264438,1cffc,225
264439,song,drumeo,264440,scffc,583
264441,song,drumeo,264442,bcffc,332
264443,song,drumeo,264444,YmGVc,233
264445,song,drumeo,264446,PBcfc,556
264447,song,drumeo,264448,NkgVc,142
264449,song,drumeo,264450,VBcfc,323
264451,song,drumeo,264452,LBcfc,275
264453,song,drumeo,264454,dBcfc,463
264455,song,drumeo,264456,cWcfc,230
264457,song,drumeo,264458,MFpVc,270
264459,song,drumeo,264460,kFpVc,231
264461,song,drumeo,264462,2nmVc,202
264463,song,drumeo,264464,h7cfc,299
264465,song,drumeo,264466,gNSVc,212
264467,song,drumeo,264468,4FpVc,192
264469,song,drumeo,264470,34ffc,228
264471,song,drumeo,264472,l4ffc,248
264473,song,drumeo,264474,r7cfc,299
264475,song,drumeo,264476,XmGVc,237
264477,song,drumeo,264478,yFpVc,169
264479,song,drumeo,264480,sBcfc,1006
264481,song,drumeo,264482,wFpVc,219
264483,song,drumeo,264484,YFpVc,196
264485,song,drumeo,264486,w4ffc,226
264487,song,drumeo,264488,G7cfc,212
264489,song,drumeo,264490,6NSVc,252
264491,song,drumeo,264492,GNSVc,226
264493,song,drumeo,264494,cBcfc,331
264495,song,drumeo,264496,lFpVc,224
264497,song,drumeo,264498,RnmVc,151
264499,song,drumeo,264500,VYgVc,214
264501,song,drumeo,264502,HYgVc,236
264503,song,drumeo,264504,ZYgVc,280
264505,song,drumeo,264506,zFpVc,296
264507,song,drumeo,264508,Y4ffc,295
264509,song,drumeo,264510,rNSVc,224
264511,song,drumeo,264512,VCSVc,283
264513,song,drumeo,264514,XnmVc,256
264515,song,drumeo,264516,B7cfc,178
264519,song,drumeo,264520,2FpVc,247
264521,song,drumeo,264522,NWcfc,295
264523,song,drumeo,264524,QWcfc,338
264525,song,drumeo,264526,-Wcfc,313
264527,song,drumeo,264528,RFpVc,241
264529,song,drumeo,264530,xWcfc,332
264531,song,drumeo,264532,KWcfc,279
264533,song,drumeo,264534,9Wcfc,235
264535,song,drumeo,264536,PWcfc,303
264537,song,drumeo,264538,JmGVc,199
264539,song,drumeo,264540,jWcfc,308
264541,song,drumeo,264542,v4ffc,282
264543,song,drumeo,264544,MZhVc,335
264545,song,drumeo,264546,LWcfc,254
264547,song,drumeo,264548,S-Vfc,235
264549,song,drumeo,264550,qmGVc,269
264551,song,drumeo,264552,kZhVc,182
264553,song,drumeo,264554,lmGVc,219
264555,song,drumeo,264556,t7cfc,171
264557,song,drumeo,264558,qnmVc,260
264559,song,drumeo,264560,HFpVc,246
264561,song,drumeo,264562,mNSVc,234
264563,song,drumeo,264564,JFpVc,314
264565,song,drumeo,264566,y4ffc,236
264567,song,drumeo,264568,HnmVc,135
264569,song,drumeo,264570,JnmVc,150
264571,song,drumeo,264572,ZWcfc,191
264573,song,drumeo,264574,BWcfc,215
264575,song,drumeo,264576,bnmVc,267
264577,song,drumeo,264578,1Bcfc,292
264579,song,drumeo,264580,NBcfc,353
264581,song,drumeo,264582,DKNfc,214
264583,song,drumeo,264584,59Nfc,364
264585,song,drumeo,264586,NKNfc,264
264587,song,drumeo,264588,S9Nfc,280
264589,song,drumeo,264590,pWcfc,208
264591,song,drumeo,264592,SWcfc,519
264593,song,drumeo,264594,hWcfc,225
264595,song,drumeo,264596,6Wcfc,621
264597,song,drumeo,264598,zmGVc,383
264599,song,drumeo,264600,yKNfc,277
264601,song,drumeo,264602,nWcfc,307
264603,song,drumeo,264604,vWcfc,202
264605,song,drumeo,264606,r9Nfc,273
264607,song,drumeo,264608,FWcfc,213
264609,song,drumeo,264610,GWcfc,251
264611,song,drumeo,264612,JjSVc,370
264613,song,drumeo,264614,2mGVc,305
264615,song,drumeo,264616,g9Nfc,292
264617,song,drumeo,264618,cKNfc,309
264619,song,drumeo,264620,rWcfc,429
264621,song,drumeo,264622,HWcfc,668
264623,song,drumeo,264624,k4ffc,219
264625,song,drumeo,264626,zZhVc,255
264627,song,drumeo,264628,snmVc,260
264629,song,drumeo,264630,M4ffc,223
264631,song,drumeo,264632,D4ffc,175
264633,song,drumeo,264634,qWcfc,268
264635,song,drumeo,264636,LFpVc,266
264637,song,drumeo,264638,vNSVc,232
264639,song,drumeo,264640,jFpVc,171
264641,song,drumeo,264642,1nmVc,244
264643,song,drumeo,264644,PFpVc,513
264645,song,drumeo,264646,XWcfc,233
264647,song,drumeo,264648,fmGVc,153
264649,song,drumeo,264650,f4ffc,165
264651,song,drumeo,264652,2ZhVc,170
264653,song,drumeo,264654,c4ffc,216
264655,song,drumeo,264656,3Wcfc,159
264657,song,drumeo,264658,RZhVc,192
264659,song,drumeo,264660,N4ffc,181
264661,song,drumeo,264662,3ZhVc,123
264663,song,drumeo,264664,dnmVc,168
264665,song,drumeo,264666,n7cfc,198
264667,song,drumeo,264668,9FpVc,289
264669,song,drumeo,264670,Q7cfc,207
264671,song,drumeo,264672,xFpVc,223
264673,song,drumeo,264674,vBhVc,261
264675,song,drumeo,264676,CWcfc,264
264677,song,drumeo,264678,j4ffc,186
264679,song,drumeo,264680,2Wcfc,173
264681,song,drumeo,264682,L4ffc,228
264683,song,drumeo,264684,B4ffc,253
264685,song,drumeo,264686,XZhVc,163
264687,song,drumeo,264688,-FpVc,178
264689,song,drumeo,264690,-7cfc,253
264691,song,drumeo,264692,W4ffc,265
264693,song,drumeo,264694,74ffc,177
264695,song,drumeo,264696,84ffc,218
264697,song,drumeo,264698,14ffc,289
264699,song,drumeo,264700,7nmVc,239
264701,song,drumeo,264702,QFpVc,189
264703,song,drumeo,264704,HmGVc,257
264705,song,drumeo,264706,W7cfc,172
264707,song,drumeo,264708,WnmVc,241
264709,song,drumeo,264710,SQvVc,365
264711,song,drumeo,264712,nFpVc,251
264713,song,drumeo,264714,MN5Vc,198
264715,song,drumeo,264716,BnmVc,244
264717,song,drumeo,264718,tFpVc,272
264719,song,drumeo,264720,5FpVc,227
264721,song,drumeo,264722,gFpVc,276
264723,song,drumeo,264724,6FpVc,225
264725,song,drumeo,264726,zWcfc,336
264727,song,drumeo,264728,x7cfc,180
264729,song,drumeo,264730,GFpVc,378
264731,song,drumeo,264732,rFpVc,224
264733,song,drumeo,264734,f1tVc,299
264735,song,drumeo,264736,hFpVc,199
264737,song,drumeo,264738,qZhVc,160
264739,song,drumeo,264740,pNSVc,158
264741,song,drumeo,264742,SstVc,297
264743,song,drumeo,264744,lWcfc,235
265086,song,drumeo,265087,5npVc,260
270297,song,drumeo,270298,r4ffc,374
270299,song,drumeo,270300,sNlfc,210
270301,song,drumeo,270302,1Nlfc,296
270303,song,drumeo,270304,724fc,246
270305,song,drumeo,270306,8Nlfc,214
270307,song,drumeo,270308,dNlfc,255
270309,song,drumeo,270310,J4ffc,254
270311,song,drumeo,270312,d24fc,204
270313,song,drumeo,270314,824fc,174
270315,song,drumeo,270316,7Nlfc,302
270317,song,drumeo,270318,WNlfc,224
270319,song,drumeo,270320,124fc,328
270321,song,drumeo,270322,s24fc,272
270323,song,drumeo,270324,q24fc,218
270325,song,drumeo,270326,T4ffc,190
270327,song,drumeo,270328,BNlfc,264
270329,song,drumeo,270330,X24fc,238
270331,song,drumeo,270332,ZNlfc,260
270333,song,drumeo,270334,R24fc,274
270335,song,drumeo,270336,224fc,201
270337,song,drumeo,270338,LNlfc,202
270339,song,drumeo,270340,PNlfc,313
270341,song,drumeo,270342,z24fc,324
270343,song,drumeo,270344,9Nlfc,314
270345,song,drumeo,270346,Y24fc,612
270347,song,drumeo,270348,w24fc,174
270349,song,drumeo,270350,y24fc,154
270351,song,drumeo,270352,KNlfc,247
270353,song,drumeo,270354,xNlfc,220
270355,song,drumeo,270356,424fc,175
270357,song,drumeo,270358,M24fc,126
270359,song,drumeo,270360,f24fc,84
270361,song,drumeo,270362,c24fc,310
270363,song,drumeo,270364,q4ffc,181
270365,song,drumeo,270366,-Nlfc,258
270367,song,drumeo,270368,QNlfc,226
270369,song,drumeo,270370,FNlfc,248
270371,song,drumeo,270372,tNlfc,211
270373,song,drumeo,270374,5Nlfc,235
270375,song,drumeo,270376,6Nlfc,213
270377,song,drumeo,270378,GNlfc,347
270379,song,drumeo,270380,V24fc,173
270381,song,drumeo,270382,rNlfc,305
270383,song,drumeo,270384,hNlfc,255
270385,song,drumeo,270386,mNlfc,238
270387,song,drumeo,270388,vNlfc,229
270389,song,drumeo,270390,pNlfc,225
270391,song,drumeo,270392,N24fc,242
270393,song,drumeo,270394,pz4fc,272
270395,song,drumeo,270396,Sz4fc,294
270397,song,drumeo,270398,Nclfc,349
270399,song,drumeo,270400,X4ffc,334
270401,song,drumeo,270402,hz4fc,320
270403,song,drumeo,270404,6z4fc,282
270405,song,drumeo,270406,cclfc,276
270407,song,drumeo,270408,gz4fc,284
270409,song,drumeo,270410,5z4fc,230
270411,song,drumeo,270412,G4ffc,240
270413,song,drumeo,294332,KtVDc,305
270415,song,drumeo,270416,Vclfc,248
270417,song,drumeo,270418,Dclfc,269
270419,song,drumeo,270420,54ffc,307
270421,song,drumeo,270422,Mclfc,287
270423,song,drumeo,270424,64ffc,266
270425,song,drumeo,270426,g4ffc,252
270427,song,drumeo,270428,kclfc,298
270429,song,drumeo,270430,-z4fc,163
270431,song,drumeo,270432,4clfc,242
270433,song,drumeo,270434,yclfc,147
270435,song,drumeo,270436,xz4fc,256
270437,song,drumeo,270438,wclfc,357
270439,song,drumeo,270440,Yclfc,170
270441,song,drumeo,270442,lclfc,297
270443,song,drumeo,270444,F4ffc,213
270445,song,drumeo,270446,Pz4fc,131
270447,song,drumeo,270448,Q4ffc,164
270449,song,drumeo,270450,Lz4fc,164
270451,song,drumeo,270452,n4ffc,241
270453,song,drumeo,270454,t4ffc,167
270455,song,drumeo,270456,Bz4fc,269
270457,song,drumeo,270458,Wz4fc,307
270459,song,drumeo,270460,dz4fc,208
270461,song,drumeo,270462,zclfc,243
270463,song,drumeo,270464,sz4fc,371
270465,song,drumeo,270466,bz4fc,240
270467,song,drumeo,270468,Jz4fc,247
270469,song,drumeo,270470,2clfc,332
270471,song,drumeo,270472,KBcfc,401
270473,song,drumeo,270474,MWcfc,348
270475,song,drumeo,270476,K4ffc,1105
270477,song,drumeo,270478,Rclfc,494
270479,song,drumeo,270480,x4ffc,501
270481,song,drumeo,270482,Hz4fc,217
270483,song,drumeo,270484,ZnvVc,311
270485,song,drumeo,270486,Xclfc,266
270487,song,drumeo,270488,qz4fc,324
270489,song,drumeo,270490,3z4fc,283
270491,song,drumeo,270492,Rz4fc,251
270493,song,drumeo,270494,Cz4fc,326
270495,song,drumeo,270496,2z4fc,365
270497,song,drumeo,270498,qclfc,268
270499,song,drumeo,270500,Tclfc,216
270501,song,drumeo,270502,Jclfc,250
270503,song,drumeo,270504,bclfc,311
270505,song,drumeo,270506,1clfc,222
270507,song,drumeo,270508,zz4fc,494
270509,song,drumeo,270510,8clfc,256
270511,song,drumeo,270512,Yz4fc,243
270513,song,drumeo,270514,wz4fc,266
270515,song,drumeo,270516,yz4fc,304
270517,song,drumeo,270518,4z4fc,313
270519,song,drumeo,270520,dclfc,344
270521,song,drumeo,270522,Mz4fc,183
270523,song,drumeo,270524,Dz4fc,265
270525,song,drumeo,270526,fz4fc,947
270527,song,drumeo,270528,Vz4fc,392
270529,song,drumeo,270530,7clfc,678
270531,song,drumeo,270532,Wclfc,257
270533,song,drumeo,270534,cz4fc,439
270535,song,drumeo,270536,Zclfc,209
270537,song,drumeo,270538,Lclfc,212
270539,song,drumeo,270540,jclfc,317
270541,song,drumeo,270542,Nz4fc,277
270543,song,drumeo,270544,Pclfc,674
270545,song,drumeo,270546,9clfc,827
270547,song,drumeo,270548,xclfc,270
270549,song,drumeo,270550,-clfc,242
270551,song,drumeo,270552,pl4fc,243
270553,song,drumeo,270554,P4ffc,242
270555,song,drumeo,270556,Qclfc,237
270557,song,drumeo,270558,vl4fc,321
270559,song,drumeo,270560,ml4fc,214
270561,song,drumeo,270562,hl4fc,295
270563,song,drumeo,270564,Gl4fc,264
270565,song,drumeo,270566,6l4fc,252
270567,song,drumeo,270568,5l4fc,403
270569,song,drumeo,270570,Fl4fc,147
270571,song,drumeo,270572,2Y4fc,159
270573,song,drumeo,270574,zY4fc,278
270575,song,drumeo,270576,nclfc,278
270577,song,drumeo,270578,lY4fc,185
270579,song,drumeo,270580,Fclfc,218
270581,song,drumeo,270582,tclfc,273
270583,song,drumeo,270584,YY4fc,305
270585,song,drumeo,270586,5clfc,221
270587,song,drumeo,270588,yY4fc,265
270589,song,drumeo,270590,4Y4fc,205
270591,song,drumeo,270592,kY4fc,405
270593,song,drumeo,270594,MY4fc,241
270595,song,drumeo,270596,gclfc,1027
270597,song,drumeo,270598,DY4fc,437
270599,song,drumeo,270600,6clfc,343
270601,song,drumeo,270602,fY4fc,331
270603,song,drumeo,270604,VY4fc,317
270605,song,drumeo,270606,Gclfc,330
270607,song,drumeo,270608,cY4fc,212
270609,song,drumeo,270610,RYgVc,328
270611,song,drumeo,270612,pw4fc,262
270613,song,drumeo,270614,Sw4fc,252
270615,song,drumeo,270616,rclfc,157
270617,song,drumeo,270618,hw4fc,288
270619,song,drumeo,270620,vclfc,258
270621,song,drumeo,270622,Sclfc,245
270623,song,drumeo,270624,rw4fc,203
270625,song,drumeo,270626,Gw4fc,249
270627,song,drumeo,270628,6w4fc,247
270629,song,drumeo,270630,pclfc,254
270631,song,drumeo,270632,NVlfc,456
270633,song,drumeo,270634,cVlfc,337
270635,song,drumeo,270636,VVlfc,258
270637,song,drumeo,270638,5w4fc,722
270639,song,drumeo,270640,fVlfc,279
270641,song,drumeo,270642,tw4fc,259
270643,song,drumeo,270644,DVlfc,231
270645,song,drumeo,270646,MVlfc,264
270647,song,drumeo,270648,Fw4fc,357
270649,song,drumeo,270650,nw4fc,269
270651,song,drumeo,270652,Qw4fc,234
270653,song,drumeo,270654,-w4fc,251
270655,song,drumeo,270656,xw4fc,219
270657,song,drumeo,270658,kVlfc,212
270659,song,drumeo,270660,Kw4fc,250
270661,song,drumeo,270662,4Vlfc,265
270663,song,drumeo,270664,9w4fc,751
270665,song,drumeo,270666,tWcfc,185
270667,song,drumeo,270668,gWcfc,450
270669,song,drumeo,270670,lZhVc,282
270671,song,drumeo,270672,1Wcfc,265
270673,song,drumeo,270674,tnvVc,329
270675,song,drumeo,270676,yVlfc,294
270677,song,drumeo,270678,Pw4fc,265
270679,song,drumeo,270680,jw4fc,261
270681,song,drumeo,270682,wVlfc,187
270683,song,drumeo,270684,YVlfc,218
270685,song,drumeo,270686,lVlfc,203
270687,song,drumeo,270688,2Vlfc,141
270689,song,drumeo,270690,CVlfc,223
270691,song,drumeo,270692,RVlfc,162
270693,song,drumeo,270694,Lw4fc,399
270695,song,drumeo,270696,3Vlfc,233
270697,song,drumeo,270698,Zw4fc,281
270699,song,drumeo,270700,XVlfc,241
270701,song,drumeo,270702,qVlfc,259
270703,song,drumeo,270704,HVlfc,167
270705,song,drumeo,270706,Ww4fc,228
270707,song,drumeo,270708,TVlfc,230
270709,song,drumeo,270710,JVlfc,214
270711,song,drumeo,270712,bVlfc,322
270713,song,drumeo,270714,sVlfc,205
270715,song,drumeo,270716,7w4fc,150
270717,song,drumeo,270718,dw4fc,122
270719,song,drumeo,270720,1Vlfc,196
270721,song,drumeo,270722,8Vlfc,221
270723,song,drumeo,270724,dVlfc,194
270725,song,drumeo,270726,7Vlfc,178
270727,song,drumeo,270728,WVlfc,249
270729,song,drumeo,270730,BVlfc,245
270731,song,drumeo,270732,8w4fc,176
270733,song,drumeo,270734,1w4fc,200
270735,song,drumeo,270736,gGZfc,209
270737,song,drumeo,270738,ZVlfc,275
270739,song,drumeo,270740,LVlfc,243
270741,song,drumeo,270742,jVlfc,189
270743,song,drumeo,270744,PVlfc,711
270745,song,drumeo,270746,Tw4fc,154
270747,song,drumeo,270748,Hw4fc,229
270749,song,drumeo,270750,9Vlfc,243
270751,song,drumeo,270752,qw4fc,458
270753,song,drumeo,270754,XqQVc,357
270755,song,drumeo,270756,KVlfc,227
270757,song,drumeo,270758,xVlfc,215
270759,song,drumeo,270760,QVlfc,450
270761,song,drumeo,270762,Xw4fc,401
270763,song,drumeo,270764,p44fc,507
270765,song,drumeo,270766,nVlfc,766
270767,song,drumeo,270768,FVlfc,715
270769,song,drumeo,270770,tVlfc,405
270771,song,drumeo,270772,S44fc,517
270773,song,drumeo,270774,v44fc,436
270775,song,drumeo,270776,5Vlfc,310
270777,song,drumeo,270778,gVlfc,199
270779,song,drumeo,270780,6Vlfc,261
270781,song,drumeo,270782,GVlfc,280
270783,song,drumeo,270784,rVlfc,204
270785,song,drumeo,270786,hVlfc,228
270787,song,drumeo,270788,h44fc,275
270789,song,drumeo,270790,mVlfc,294
270791,song,drumeo,270792,vVlfc,272
270793,song,drumeo,270794,G44fc,268
275326,song,drumeo,275327,ZRTfc,275
275328,song,drumeo,275329,NdCfc,229
275330,song,drumeo,275331,VdCfc,253
275332,song,drumeo,275333,jRTfc,367
275334,song,drumeo,275335,PRTfc,208
275336,song,drumeo,275337,DdCfc,243
275338,song,drumeo,275339,9RTfc,223
275340,song,drumeo,275341,MdCfc,210
275342,song,drumeo,275343,KRTfc,223
275344,song,drumeo,275345,-RTfc,337
275346,song,drumeo,275347,QRTfc,377
275348,song,drumeo,275349,dZRfc,324
275350,song,drumeo,275351,nRTfc,264
275352,song,drumeo,275353,YdCfc,281
275354,song,drumeo,275355,FRTfc,177
275356,song,drumeo,275357,tRTfc,209
275358,song,drumeo,275359,gRTfc,259
275360,song,drumeo,275361,GRTfc,149
275362,song,drumeo,275363,rRTfc,194
275364,song,drumeo,275365,mRTfc,228
275366,song,drumeo,275367,2dCfc,287
275368,song,drumeo,275369,SRTfc,406
275370,song,drumeo,275371,RdCfc,320
275372,song,drumeo,275373,XdCfc,291
275374,song,drumeo,275375,pRTfc,226
275376,song,drumeo,275377,qdCfc,233
275378,song,drumeo,275379,c3Tfc,522
275380,song,drumeo,275381,4XTfc,204
275382,song,drumeo,275383,yXTfc,340
275384,song,drumeo,275385,YXTfc,205
275386,song,drumeo,275387,zXTfc,357
275388,song,drumeo,275389,HdCfc,189
275390,song,drumeo,275391,WZRfc,144
275392,song,drumeo,275393,TdCfc,180
275394,song,drumeo,275395,2XTfc,152
275396,song,drumeo,275397,RXTfc,395
275398,song,drumeo,275399,3XTfc,347
275400,song,drumeo,275401,ZZRfc,287
275402,song,drumeo,275403,XXTfc,361
275404,song,drumeo,275405,1dCfc,220
275406,song,drumeo,275407,qXTfc,202
275408,song,drumeo,275409,HXTfc,227
275410,song,drumeo,275411,LZRfc,227
275412,song,drumeo,275413,jZRfc,201
275414,song,drumeo,275415,mKCfc,262
275416,song,drumeo,275417,PZRfc,242
275418,song,drumeo,275419,xT8fc,269
275420,song,drumeo,275421,TXTfc,224
275422,song,drumeo,275423,vKCfc,590
275424,song,drumeo,275425,8XTfc,180
275426,song,drumeo,275427,dXTfc,191
275428,song,drumeo,275429,WXTfc,179
275430,song,drumeo,275431,gkWfc,254
275432,song,drumeo,275433,-XTfc,173
275434,song,drumeo,275435,tZRfc,305
275436,song,drumeo,275437,5ZRfc,296
275438,song,drumeo,275439,6XTfc,231
275440,song,drumeo,275441,--Cfc,303
275442,song,drumeo,275443,mXTfc,329
275444,song,drumeo,275445,gZRfc,249
275446,song,drumeo,275447,7dCfc,187
275448,song,drumeo,275449,vXTfc,222
275450,song,drumeo,275451,MqTfc,172
275452,song,drumeo,275453,kqTfc,330
275454,song,drumeo,275455,BdCfc,361
275456,song,drumeo,275457,GZRfc,300
275458,song,drumeo,275459,4qTfc,205
275460,song,drumeo,275461,ZdCfc,329
275462,song,drumeo,275463,yqTfc,355
275464,song,drumeo,275465,YqTfc,280
275466,song,drumeo,275467,hZRfc,246
275468,song,drumeo,275469,Q-Cfc,248
275470,song,drumeo,275471,zqTfc,226
275472,song,drumeo,275473,c11fc,279
275474,song,drumeo,275475,ddCfc,659
275476,song,drumeo,275477,vZRfc,695
275478,song,drumeo,275479,PqTfc,182
275480,song,drumeo,275481,nqTfc,286
275482,song,drumeo,275483,cLRfc,453
275484,song,drumeo,275485,fLRfc,396
275486,song,drumeo,275487,yxCfc,267
275488,song,drumeo,275489,t-Cfc,241
275490,song,drumeo,275491,tqTfc,273
275492,song,drumeo,275493,6qTfc,240
275494,song,drumeo,275495,DLRfc,237
275496,song,drumeo,275497,g-Cfc,248
275498,song,drumeo,275499,vqTfc,204
275500,song,drumeo,275501,ZLRfc,256
275502,song,drumeo,275503,SqTfc,151
275504,song,drumeo,275505,pqTfc,238
275506,song,drumeo,275507,NHTfc,268
275508,song,drumeo,275509,cHTfc,286
275510,song,drumeo,275511,VHTfc,267
275512,song,drumeo,275513,PLRfc,256
275514,song,drumeo,275515,fHTfc,203
275516,song,drumeo,275517,DHTfc,167
275518,song,drumeo,275519,kHTfc,242
275520,song,drumeo,275521,4HTfc,444
275522,song,drumeo,275523,6-Cfc,290
275524,song,drumeo,275525,yHTfc,224
275526,song,drumeo,275527,9LRfc,187
275528,song,drumeo,275529,wHTfc,478
275530,song,drumeo,275531,YHTfc,449
275532,song,drumeo,275533,KLRfc,422
275534,song,drumeo,275535,xLRfc,540
275536,song,drumeo,275537,G-Cfc,246
275538,song,drumeo,275539,zxCfc,158
275540,song,drumeo,275541,h-Cfc,254
275542,song,drumeo,275543,YxCfc,233
275544,song,drumeo,275545,lHTfc,247
275546,song,drumeo,275547,zHTfc,217
275548,song,drumeo,275549,2HTfc,188
275550,song,drumeo,275551,CHTfc,190
275552,song,drumeo,275553,RHTfc,234
275554,song,drumeo,275555,3HTfc,209
275556,song,drumeo,275557,XHTfc,313
275558,song,drumeo,275559,HHTfc,232
275560,song,drumeo,275561,JHTfc,259
275562,song,drumeo,275563,V11fc,174
275564,song,drumeo,275565,D11fc,287
275566,song,drumeo,275567,m-Cfc,269
275568,song,drumeo,275569,QLRfc,174
275570,song,drumeo,275571,k11fc,199
275572,song,drumeo,275573,2xCfc,266
275574,song,drumeo,275575,411fc,251
275576,song,drumeo,275577,9dCfc,187
275578,song,drumeo,275579,XQ1fc,373
275580,song,drumeo,275581,nLRfc,254
275582,song,drumeo,275583,3Q1fc,296
275584,song,drumeo,275585,RQ1fc,504
275586,song,drumeo,275587,xdCfc,243
275588,song,drumeo,275589,Y9Cfc,283
275590,song,drumeo,275591,FLRfc,384
275592,song,drumeo,275593,5LRfc,295
275594,song,drumeo,275595,pKCfc,145
275596,song,drumeo,275597,2Q1fc,182
275598,song,drumeo,275599,zQ1fc,315
275600,song,drumeo,275601,wQ1fc,263
275602,song,drumeo,275603,3xCfc,311
275604,song,drumeo,275605,gLRfc,245
275606,song,drumeo,275607,n9Cfc,349
275608,song,drumeo,275609,z9Cfc,286
275610,song,drumeo,275611,fxCfc,305
275612,song,drumeo,275613,4Q1fc,434
275614,song,drumeo,275615,kQ1fc,325
275616,song,drumeo,275617,NxCfc,640
275618,song,drumeo,275619,MQ1fc,308
275620,song,drumeo,275621,GLRfc,208
275622,song,drumeo,275623,DQ1fc,202
275624,song,drumeo,275625,rLRfc,291
275626,song,drumeo,275627,mLRfc,315
275628,song,drumeo,275629,vLRfc,239
275630,song,drumeo,275631,C9Cfc,315
275632,song,drumeo,275633,p-Cfc,235
275634,song,drumeo,275635,fQ1fc,222
275636,song,drumeo,275637,XxCfc,257
275638,song,drumeo,275639,cQ1fc,602
275640,song,drumeo,275641,NQ1fc,316
275642,song,drumeo,275643,SLRfc,430
275644,song,drumeo,275645,NjRfc,222
275646,song,drumeo,275647,p-1fc,230
275648,song,drumeo,275649,S-1fc,182
275650,song,drumeo,275651,TxCfc,226
275652,song,drumeo,275653,v-1fc,231
275654,song,drumeo,275655,m-1fc,234
275656,song,drumeo,275657,h-1fc,243
275658,song,drumeo,275659,r-1fc,238
275660,song,drumeo,275661,cjRfc,205
275662,song,drumeo,275663,G-1fc,306
275664,song,drumeo,275665,VjRfc,265
275666,song,drumeo,275667,6-1fc,464
275668,song,drumeo,275669,g-1fc,206
275670,song,drumeo,275671,fjRfc,227
275672,song,drumeo,275673,5-1fc,414
275674,song,drumeo,275675,t-1fc,470
275676,song,drumeo,275677,F-1fc,210
275678,song,drumeo,275679,q9Cfc,1063
275680,song,drumeo,275681,H9Cfc,458
275682,song,drumeo,275683,n-1fc,265
275684,song,drumeo,275685,DjRfc,287
275686,song,drumeo,275687,Q-1fc,212
275688,song,drumeo,275689,sHTfc,129
275690,song,drumeo,275691,x-1fc,164
275692,song,drumeo,275693,K-1fc,350
275694,song,drumeo,275695,9-1fc,296
275696,song,drumeo,275697,P-1fc,276
275698,song,drumeo,275699,L-1fc,119
275700,song,drumeo,275701,MjRfc,288
275702,song,drumeo,275703,J9Cfc,175
275704,song,drumeo,275705,Z-1fc,575
275706,song,drumeo,275707,6kWfc,285
275708,song,drumeo,275709,kjRfc,260
275710,song,drumeo,275711,wjRfc,266
275712,song,drumeo,275713,B-1fc,325
275714,song,drumeo,275715,W-1fc,557
275716,song,drumeo,275717,19Cfc,311
275718,song,drumeo,275719,YjRfc,223
275720,song,drumeo,275721,7-1fc,312
275722,song,drumeo,275723,8-1fc,372
275724,song,drumeo,275725,JxCfc,330
275726,song,drumeo,275727,j9Cfc,238
275728,song,drumeo,275729,sxCfc,315
275730,song,drumeo,275731,1-1fc,300
275732,song,drumeo,275733,s-1fc,250
275734,song,drumeo,275735,99Cfc,232
275736,song,drumeo,275737,kxCfc,187
275738,song,drumeo,275739,b-1fc,320
275740,song,drumeo,275741,H-1fc,476
275742,song,drumeo,275743,q-1fc,276
275744,song,drumeo,275745,zjRfc,184
275746,song,drumeo,275747,X-1fc,171
275748,song,drumeo,275749,3-1fc,349
275750,song,drumeo,275751,C-1fc,248
275752,song,drumeo,275753,z-1fc,253
275754,song,drumeo,275755,8HTfc,239
275756,song,drumeo,275757,K9Cfc,283
275758,song,drumeo,275759,2jRfc,245
275760,song,drumeo,275761,9-Cfc,244
275762,song,drumeo,275763,l-1fc,289
275764,song,drumeo,275765,dHTfc,275
275766,song,drumeo,275767,Y-1fc,213
275768,song,drumeo,275769,3jRfc,138
275770,song,drumeo,275771,7HTfc,228
275772,song,drumeo,275773,XjRfc,180
275774,song,drumeo,275775,BHTfc,164
275776,song,drumeo,275777,qjRfc,200
275778,song,drumeo,275779,w-1fc,141
275780,song,drumeo,275781,TjRfc,165
275782,song,drumeo,275783,v-Cfc,223
275784,song,drumeo,275785,y-1fc,207
275786,song,drumeo,275787,M-1fc,243
275788,song,drumeo,275789,ZHTfc,182
275790,song,drumeo,275791,JjRfc,231
275794,song,drumeo,275795,f-1fc,282
275796,song,drumeo,275797,jHTfc,262
275798,song,drumeo,275799,9HTfc,300
275800,song,drumeo,275801,KHTfc,202
275802,song,drumeo,275803,xHTfc,515
275804,song,drumeo,275805,c-1fc,157
275806,song,drumeo,275807,1jRfc,268
275808,song,drumeo,275809,px1fc,218
275810,song,drumeo,275811,Sx1fc,202
275812,song,drumeo,275813,vx1fc,222
275814,song,drumeo,275815,mx1fc,196
275816,song,drumeo,275817,rx1fc,390
275818,song,drumeo,275819,5x1fc,200
275820,song,drumeo,275821,tx1fc,270
275822,song,drumeo,275823,Fx1fc,233
275824,song,drumeo,275825,4xCfc,200
275826,song,drumeo,275827,-9Cfc,197
275828,song,drumeo,275829,nx1fc,231
276277,song,drumeo,276278,xkWfc,305
278877,song,drumeo,278878,-ZWfc,200
278879,song,drumeo,278880,QZWfc,244
278881,song,drumeo,278882,nZWfc,219
278883,song,drumeo,278884,FZWfc,274
278885,song,drumeo,278886,tZWfc,215
278887,song,drumeo,278888,5ZWfc,228
278889,song,drumeo,278890,6ZWfc,265
278891,song,drumeo,278892,GZWfc,281
278893,song,drumeo,278894,rZWfc,181
278895,song,drumeo,278896,hZWfc,302
278897,song,drumeo,278898,vZWfc,313
278899,song,drumeo,278900,SZWfc,236
278901,song,drumeo,278902,pZWfc,248
278903,song,drumeo,278904,NLWfc,238
278905,song,drumeo,278906,cLWfc,234
278907,song,drumeo,278908,VLWfc,315
278909,song,drumeo,278910,fLWfc,334
278911,song,drumeo,278912,DLWfc,343
278913,song,drumeo,278914,MLWfc,144
278915,song,drumeo,278916,kLWfc,115
278917,song,drumeo,278918,4LWfc,260
278919,song,drumeo,278920,yLWfc,267
278921,song,drumeo,278922,wLWfc,153
278923,song,drumeo,278924,YLWfc,233
278925,song,drumeo,278926,lLWfc,237
278927,song,drumeo,278928,zLWfc,319
278929,song,drumeo,278930,2LWfc,204
278931,song,drumeo,278932,CLWfc,246
278933,song,drumeo,278934,RLWfc,226
278935,song,drumeo,278936,qLWfc,377
278937,song,drumeo,278938,3LWfc,326
278939,song,drumeo,278940,HLWfc,305
278941,song,drumeo,278942,JLWfc,345
278943,song,drumeo,278944,sLWfc,374
278945,song,drumeo,278946,bLWfc,276
278947,song,drumeo,278948,1LWfc,191
278949,song,drumeo,278950,dLWfc,162
278951,song,drumeo,278952,WLWfc,360
278953,song,drumeo,278954,xLWfc,350
278955,song,drumeo,278956,BLWfc,335
278957,song,drumeo,278958,ZLWfc,252
278959,song,drumeo,278960,9LWfc,359
278961,song,drumeo,278962,KLWfc,303
278963,song,drumeo,278964,FLWfc,179
278965,song,drumeo,278966,gLWfc,262
278967,song,drumeo,278968,6LWfc,396
278969,song,drumeo,278970,hLWfc,223
278971,song,drumeo,278972,vLWfc,216
278973,song,drumeo,278974,NjWfc,215
278975,song,drumeo,278976,VjWfc,237
278977,song,drumeo,278978,DjWfc,232
278979,song,drumeo,278980,MjWfc,244
278981,song,drumeo,278982,kjWfc,279
278983,song,drumeo,278984,yjWfc,156
278985,song,drumeo,278986,4jWfc,201
278987,song,drumeo,278988,wjWfc,139
278989,song,drumeo,278990,YjWfc,240
278991,song,drumeo,278992,zjWfc,234
278993,song,drumeo,278994,2jWfc,457
278995,song,drumeo,278996,CjWfc,280
278997,song,drumeo,278998,RjWfc,282
278999,song,drumeo,279000,3jWfc,219
279001,song,drumeo,279002,XjWfc,230
279003,song,drumeo,279004,qjWfc,294
279005,song,drumeo,279006,JjWfc,280
279007,song,drumeo,279008,bjWfc,224
279009,song,drumeo,279010,sjWfc,272
279011,song,drumeo,279012,8jWfc,250
279013,song,drumeo,279014,djWfc,267
279015,song,drumeo,279016,BjWfc,166
279017,song,drumeo,279018,WjWfc,309
279019,song,drumeo,279020,ZjWfc,243
279021,song,drumeo,279022,LjWfc,214
279023,song,drumeo,279024,jjWfc,211
279025,song,drumeo,279026,9jWfc,213
279027,song,drumeo,279028,bJ9fc,256
279029,song,drumeo,279030,KjWfc,271
279031,song,drumeo,279032,xjWfc,239
279033,song,drumeo,279034,-jWfc,238
279035,song,drumeo,279036,QjWfc,225
279037,song,drumeo,279038,njWfc,292
279039,song,drumeo,279040,tjWfc,214
279041,song,drumeo,279042,FjWfc,206
279043,song,drumeo,279044,5jWfc,135
279045,song,drumeo,279046,6jWfc,286
279047,song,drumeo,279048,gjWfc,350
279049,song,drumeo,279050,GjWfc,247
279051,song,drumeo,279052,rjWfc,232
279053,song,drumeo,279054,hjWfc,163
279055,song,drumeo,279056,mjWfc,213
279057,song,drumeo,279058,vjWfc,148
279059,song,drumeo,279060,SjWfc,354
279061,song,drumeo,279062,pjWfc,134
279063,song,drumeo,279064,NPWfc,134
279065,song,drumeo,279066,cPWfc,261
279067,song,drumeo,279068,VPWfc,272
279069,song,drumeo,279070,fPWfc,142
279071,song,drumeo,279072,DPWfc,172
279073,song,drumeo,279074,MPWfc,215
279075,song,drumeo,279076,kPWfc,214
279077,song,drumeo,279078,yPWfc,245
279079,song,drumeo,279080,BZWfc,266
279081,song,drumeo,279082,4PWfc,290
279083,song,drumeo,279084,wPWfc,157
279085,song,drumeo,279086,YPWfc,253
279087,song,drumeo,279088,ZZWfc,233
279089,song,drumeo,279090,lPWfc,281
279091,song,drumeo,279092,zPWfc,176
279093,song,drumeo,279094,2PWfc,163
279095,song,drumeo,279096,CPWfc,175
279097,song,drumeo,279098,3PWfc,311
279099,song,drumeo,279100,XPWfc,321
279101,song,drumeo,279102,HPWfc,265
279103,song,drumeo,279104,JPWfc,303
279105,song,drumeo,279106,bPWfc,569
279107,song,drumeo,279108,sPWfc,270
279109,song,drumeo,279110,1PWfc,184
279111,song,drumeo,279112,8PWfc,190
279113,song,drumeo,279114,dPWfc,217
279115,song,drumeo,279116,7PWfc,150
279117,song,drumeo,279118,WPWfc,229
279119,song,drumeo,279120,BPWfc,243
279121,song,drumeo,279122,ZPWfc,268
279123,song,drumeo,279124,LPWfc,478
279125,song,drumeo,279126,jPWfc,140
279127,song,drumeo,279128,PPWfc,325
279129,song,drumeo,279130,9PWfc,247
279131,song,drumeo,279132,4ZZfc,250
279133,song,drumeo,279134,sZZfc,177
279135,song,drumeo,279136,1ZZfc,175
279137,song,drumeo,279138,dZZfc,211
279139,song,drumeo,279140,7ZZfc,191
279141,song,drumeo,279142,nlKkc,261
279143,song,drumeo,279144,9ZZfc,327
279145,song,drumeo,279146,xZZfc,203
279147,song,drumeo,279148,-ZZfc,225
279149,song,drumeo,279150,QZZfc,346
279151,song,drumeo,279152,nZZfc,221
279153,song,drumeo,279154,LZWfc,198
279155,song,drumeo,279156,FZZfc,192
279157,song,drumeo,279158,5ZZfc,483
279159,song,drumeo,279160,6ZZfc,250
279161,song,drumeo,279162,bnZfc,284
279163,song,drumeo,279164,1nZfc,186
279165,song,drumeo,279166,8nZfc,206
279167,song,drumeo,279168,7nZfc,247
279169,song,drumeo,279170,LnZfc,219
279171,song,drumeo,279172,KnZfc,214
279173,song,drumeo,279174,-nZfc,208
279175,song,drumeo,279176,nnZfc,400
279177,song,drumeo,279178,8tZfc,316
279179,song,drumeo,279180,WtZfc,263
279181,song,drumeo,279182,ZtZfc,179
279183,song,drumeo,279184,45Zfc,340
279185,song,drumeo,279186,25Zfc,508
279187,song,drumeo,279188,35Zfc,467
279189,song,drumeo,279190,X5Zfc,248
279191,song,drumeo,279192,T5Zfc,339
279193,song,drumeo,279194,b5Zfc,248
279195,song,drumeo,279196,15Zfc,162
279197,song,drumeo,279198,d5Zfc,263
279199,song,drumeo,279200,W5Zfc,255
279201,song,drumeo,279202,B5Zfc,285
279203,song,drumeo,279204,Z5Zfc,223
279205,song,drumeo,279206,x5Zfc,155
279207,song,drumeo,279208,Q5Zfc,203
279209,song,drumeo,279210,F5Zfc,211
279211,song,drumeo,279212,t5Zfc,237
279213,song,drumeo,279214,55Zfc,349
279215,song,drumeo,279216,cgZfc,250
279217,song,drumeo,279218,VgZfc,199
279219,song,drumeo,279220,fgZfc,251
279221,song,drumeo,279222,DgZfc,243
279223,song,drumeo,279224,MgZfc,265
279225,song,drumeo,279226,4gZfc,463
279227,song,drumeo,279228,RgZfc,258
279229,song,drumeo,279230,qgZfc,283
279231,song,drumeo,279232,TgZfc,182
279233,song,drumeo,279234,JgZfc,194
279235,song,drumeo,279236,1gZfc,360
279237,song,drumeo,279238,LgZfc,123
279239,song,drumeo,279240,ZgZfc,227
279241,song,drumeo,279242,PgZfc,321
279243,song,drumeo,279244,9DLfc,350
279245,song,drumeo,279246,xgZfc,234
279247,song,drumeo,279248,-gZfc,132
279249,song,drumeo,279250,N6Zfc,246
279251,song,drumeo,279252,y6Zfc,320
279253,song,drumeo,279254,w6Zfc,202
279255,song,drumeo,279256,R6Zfc,398
279257,song,drumeo,279258,J6Zfc,254
279259,song,drumeo,279260,d6Zfc,263
279261,song,drumeo,279262,W6Zfc,200
279263,song,drumeo,279264,L6Zfc,288
279265,song,drumeo,279266,j6Zfc,178
279267,song,drumeo,279268,96Zfc,230
279269,song,drumeo,279270,g6Zfc,180
279271,song,drumeo,279272,66Zfc,148
279273,song,drumeo,279274,G6Zfc,172
279275,song,drumeo,279276,m6Zfc,138
279277,song,drumeo,279278,S6Zfc,283
279279,song,drumeo,279280,p6Zfc,257
279281,song,drumeo,279282,kGZfc,296
279283,song,drumeo,279284,yGZfc,209
279285,song,drumeo,279286,YGZfc,333
279287,song,drumeo,279288,lGZfc,179
279289,song,drumeo,279290,CGZfc,216
279291,song,drumeo,279292,3GZfc,170
279293,song,drumeo,279294,XGZfc,212
279295,song,drumeo,279296,qGZfc,248
279297,song,drumeo,279298,TGZfc,324
279299,song,drumeo,279300,JGZfc,520
279301,song,drumeo,279302,1GZfc,344
279303,song,drumeo,279304,8GZfc,345
279305,song,drumeo,279306,jZWfc,317
279307,song,drumeo,279308,dGZfc,147
279309,song,drumeo,279310,7GZfc,97
279311,song,drumeo,279312,WGZfc,243
279313,song,drumeo,279314,BGZfc,125
279315,song,drumeo,279316,ZGZfc,194
279317,song,drumeo,279318,jGZfc,164
279319,song,drumeo,279320,PGZfc,418
279321,song,drumeo,279322,9GZfc,419
279323,song,drumeo,279324,KGZfc,241
279325,song,drumeo,279326,xGZfc,213
279329,song,drumeo,279330,FGZfc,166
279331,song,drumeo,279332,5GZfc,255
279334,song,drumeo,279335,6GZfc,232
279336,song,drumeo,279337,GGZfc,140
279338,song,drumeo,279339,rGZfc,261
279340,song,drumeo,279341,vGZfc,258
279342,song,drumeo,279343,pGZfc,173
279344,song,drumeo,279345,NrZfc,176
279346,song,drumeo,279347,crZfc,128
279348,song,drumeo,279349,VrZfc,198
279350,song,drumeo,279351,frZfc,229
279352,song,drumeo,279353,DrZfc,242
279354,song,drumeo,279355,krZfc,140
279356,song,drumeo,279357,yrZfc,203
279358,song,drumeo,279359,wrZfc,166
279360,song,drumeo,279361,YrZfc,240
279362,song,drumeo,279363,lrZfc,242
279364,song,drumeo,279365,zrZfc,190
279366,song,drumeo,279367,2rZfc,289
279368,song,drumeo,279369,RrZfc,256
279370,song,drumeo,279371,3rZfc,154
279372,song,drumeo,279373,KZWfc,380
279374,song,drumeo,279375,xZWfc,635
279376,song,drumeo,279377,XrZfc,198
280203,song,drumeo,280205,x1-fc,596
280213,song,drumeo,280214,88-fc,428
280217,song,drumeo,280218,s8-fc,413
280219,song,drumeo,280220,B8-fc,417
284668,song,drumeo,284669,7DFfc,245
284670,song,drumeo,284671,LDFfc,281
284672,song,drumeo,284673,jDFfc,204
284674,song,drumeo,284675,PDFfc,215
284676,song,drumeo,284677,KDFfc,148
284678,song,drumeo,284679,QDFfc,246
284680,song,drumeo,284681,nDFfc,233
284682,song,drumeo,284683,FDFfc,242
284684,song,drumeo,284685,tDFfc,253
284686,song,drumeo,284687,5DFfc,212
284688,song,drumeo,284689,gDFfc,238
284690,song,drumeo,284691,6DFfc,269
284692,song,drumeo,284693,GDFfc,214
284694,song,drumeo,284695,mDFfc,338
284696,song,drumeo,284697,vDFfc,186
284698,song,drumeo,284699,SDFfc,207
284700,song,drumeo,284701,pDFfc,219
284702,song,drumeo,284703,cMFfc,278
284704,song,drumeo,284705,VMFfc,239
284706,song,drumeo,284707,DMFfc,283
284708,song,drumeo,284709,MMFfc,197
284710,song,drumeo,284711,kMFfc,175
284712,song,drumeo,284713,4MFfc,245
284714,song,drumeo,284715,yMFfc,151
284716,song,drumeo,284717,wMFfc,229
284718,song,drumeo,284719,YMFfc,270
284720,song,drumeo,284721,zMFfc,266
284722,song,drumeo,284723,2MFfc,266
284724,song,drumeo,284725,CMFfc,193
284726,song,drumeo,284727,3MFfc,182
284728,song,drumeo,284729,qMFfc,353
284730,song,drumeo,284731,HMFfc,481
284732,song,drumeo,284733,TMFfc,394
284734,song,drumeo,284735,bMFfc,289
284736,song,drumeo,284737,sMFfc,401
284738,song,drumeo,284739,1MFfc,329
284740,song,drumeo,284741,8MFfc,306
284742,song,drumeo,284743,dMFfc,375
284744,song,drumeo,284745,7MFfc,539
284746,song,drumeo,284747,BMFfc,285
284748,song,drumeo,284749,ZMFfc,192
284750,song,drumeo,284751,LMFfc,230
284752,song,drumeo,284753,jMFfc,228
284754,song,drumeo,284755,PMFfc,233
284756,song,drumeo,284757,9MFfc,257
284758,song,drumeo,284759,KMFfc,258
284760,song,drumeo,284761,xMFfc,287
284762,song,drumeo,284763,-MFfc,482
284764,song,drumeo,284765,QMFfc,416
284766,song,drumeo,284767,nMFfc,428
284768,song,drumeo,284769,bzFfc,351
284770,song,drumeo,284771,8zFfc,592
284772,song,drumeo,284773,dzFfc,271
284774,song,drumeo,284775,BzFfc,257
284776,song,drumeo,284777,LzFfc,371
284778,song,drumeo,284779,PzFfc,242
284780,song,drumeo,284781,KzFfc,258
284782,song,drumeo,284783,xzFfc,253
284784,song,drumeo,284785,FzFfc,262
284786,song,drumeo,284787,tzFfc,172
284788,song,drumeo,284789,gzFfc,269
284790,song,drumeo,284791,6zFfc,241
284792,song,drumeo,284793,GzFfc,224
284794,song,drumeo,284795,hzFfc,111
284796,song,drumeo,284797,mzFfc,268
284798,song,drumeo,284799,SzFfc,194
284800,song,drumeo,284801,N2Ffc,286
284802,song,drumeo,284803,c2Ffc,590
284804,song,drumeo,284805,D2Ffc,300
284806,song,drumeo,284807,B2Ffc,286
284808,song,drumeo,284809,L2Ffc,196
284810,song,drumeo,284811,P2Ffc,272
284812,song,drumeo,284813,92Ffc,267
284814,song,drumeo,284815,K2Ffc,358
284816,song,drumeo,284817,Q2Ffc,300
284818,song,drumeo,284819,52Ffc,229
284820,song,drumeo,284821,g2Ffc,238
284822,song,drumeo,284823,62Ffc,251
284824,song,drumeo,284825,G2Ffc,423
284826,song,drumeo,284827,r2Ffc,267
284828,song,drumeo,284829,h2Ffc,291
284830,song,drumeo,284831,m2Ffc,598
284832,song,drumeo,284833,S2Ffc,218
284834,song,drumeo,284835,p2Ffc,477
284836,song,drumeo,284837,NCFfc,257
284838,song,drumeo,284839,fCFfc,233
284840,song,drumeo,284841,DCFfc,237
284842,song,drumeo,284843,MCFfc,347
284844,song,drumeo,284845,kCFfc,154
284846,song,drumeo,284847,yCFfc,330
284848,song,drumeo,284849,wCFfc,221
284850,song,drumeo,284851,YCFfc,264
284852,song,drumeo,284853,lCFfc,323
284854,song,drumeo,284855,zCFfc,272
284856,song,drumeo,284857,CCFfc,123
284858,song,drumeo,284859,3CFfc,156
284860,song,drumeo,284861,XCFfc,253
284862,song,drumeo,284863,qCFfc,182
284864,song,drumeo,284865,HCFfc,203
284866,song,drumeo,284867,TCFfc,236
284868,song,drumeo,284869,JCFfc,253
284870,song,drumeo,284871,sCFfc,177
284872,song,drumeo,284873,1CFfc,235
284874,song,drumeo,284875,8CFfc,294
284876,song,drumeo,284877,dCFfc,225
284878,song,drumeo,284879,7CFfc,278
284880,song,drumeo,284881,WCFfc,221
284882,song,drumeo,284883,jCFfc,143
284884,song,drumeo,284885,PCFfc,284
284886,song,drumeo,284887,9CFfc,272
284888,song,drumeo,284889,KCFfc,211
284890,song,drumeo,284891,-CFfc,233
284892,song,drumeo,284893,QCFfc,229
284894,song,drumeo,284895,nCFfc,220
284896,song,drumeo,284897,FCFfc,351
284898,song,drumeo,284899,tCFfc,223
284900,song,drumeo,284901,5CFfc,266
284902,song,drumeo,284903,gCFfc,343
284904,song,drumeo,284905,6CFfc,409
284906,song,drumeo,284907,GCFfc,425
284908,song,drumeo,284909,hCFfc,329
284910,song,drumeo,284911,kRFfc,174
284912,song,drumeo,284913,4RFfc,177
284914,song,drumeo,284915,yRFfc,160
284916,song,drumeo,284917,wRFfc,259
284918,song,drumeo,284919,lRFfc,194
284920,song,drumeo,284921,1RFfc,224
284922,song,drumeo,284923,8RFfc,289
284924,song,drumeo,284925,dRFfc,171
284926,song,drumeo,284927,7RFfc,231
284928,song,drumeo,284929,BRFfc,316
284930,song,drumeo,284931,ZRFfc,246
284932,song,drumeo,284933,LRFfc,263
284934,song,drumeo,284935,jRFfc,192
284936,song,drumeo,284937,PRFfc,221
284938,song,drumeo,284939,9RFfc,221
284940,song,drumeo,284941,xRFfc,292
284942,song,drumeo,284943,-RFfc,317
284944,song,drumeo,284945,QRFfc,232
284946,song,drumeo,284947,GRFfc,212
284948,song,drumeo,284949,hRFfc,193
284950,song,drumeo,284951,vRFfc,294
284952,song,drumeo,284953,SRFfc,444
284954,song,drumeo,284955,N3Ffc,202
284956,song,drumeo,284957,c3Ffc,244
284958,song,drumeo,284959,V3Ffc,182
284960,song,drumeo,284961,f3Ffc,282
284962,song,drumeo,284963,D3Ffc,278
284964,song,drumeo,284965,k3Ffc,233
284966,song,drumeo,284967,43Ffc,271
284968,song,drumeo,284969,Y3Ffc,431
284970,song,drumeo,284971,z3Ffc,316
284972,song,drumeo,284973,C3Ffc,242
284974,song,drumeo,284975,R3Ffc,666
284976,song,drumeo,284977,33Ffc,388
284978,song,drumeo,284979,X3Ffc,337
284980,song,drumeo,284981,q3Ffc,343
284982,song,drumeo,284983,H3Ffc,286
284984,song,drumeo,284985,T3Ffc,317
284986,song,drumeo,284987,b3Ffc,220
284988,song,drumeo,284989,s3Ffc,210
284990,song,drumeo,284991,83Ffc,194
284992,song,drumeo,284993,d3Ffc,218
284994,song,drumeo,284995,B3Ffc,241
284996,song,drumeo,284997,Z3Ffc,310
284998,song,drumeo,284999,L3Ffc,214
285000,song,drumeo,285001,j3Ffc,226
285002,song,drumeo,285003,P3Ffc,195
285004,song,drumeo,285005,93Ffc,170
285006,song,drumeo,285007,K3Ffc,223
285008,song,drumeo,285009,x3Ffc,228
285010,song,drumeo,285011,Q3Ffc,257
285012,song,drumeo,285013,n3Ffc,206
285014,song,drumeo,285015,t3Ffc,603
285016,song,drumeo,285017,53Ffc,480
285018,song,drumeo,285019,g3Ffc,255
285020,song,drumeo,285021,63Ffc,274
285022,song,drumeo,285023,G3Ffc,384
285024,song,drumeo,285025,r3Ffc,397
285026,song,drumeo,285027,h3Ffc,282
285028,song,drumeo,285029,m3Ffc,199
285030,song,drumeo,285031,S3Ffc,302
285032,song,drumeo,285033,p3Ffc,488
285034,song,drumeo,285035,cXFfc,206
285036,song,drumeo,285037,VXFfc,393
285038,song,drumeo,285039,fXFfc,262
285040,song,drumeo,285041,DXFfc,208
285042,song,drumeo,285043,MXFfc,304
285044,song,drumeo,285045,4XFfc,346
285046,song,drumeo,285047,yXFfc,342
285048,song,drumeo,285049,wXFfc,177
285050,song,drumeo,285051,YXFfc,260
285052,song,drumeo,285053,lXFfc,182
285054,song,drumeo,285055,zXFfc,191
285056,song,drumeo,285057,2XFfc,172
285058,song,drumeo,285059,CXFfc,217
285060,song,drumeo,285061,XXFfc,271
285062,song,drumeo,285063,qXFfc,276
285064,song,drumeo,285065,HXFfc,291
285066,song,drumeo,285067,TXFfc,308
285068,song,drumeo,285069,JXFfc,276
285072,song,drumeo,285073,9XFfc,289
285074,song,drumeo,285075,KXFfc,273
285076,song,drumeo,285077,xXFfc,263
285078,song,drumeo,285079,-XFfc,275
285080,song,drumeo,285081,QXFfc,219
285082,song,drumeo,285083,nXFfc,227
285084,song,drumeo,285085,FXFfc,205
285086,song,drumeo,285087,tXFfc,312
285088,song,drumeo,285089,5XFfc,201
285090,song,drumeo,285091,gXFfc,178
285092,song,drumeo,285093,6XFfc,231
285094,song,drumeo,285095,rXFfc,200
285096,song,drumeo,285097,hXFfc,160
285098,song,drumeo,285099,vXFfc,152
285100,song,drumeo,285101,SXFfc,248
285102,song,drumeo,285103,pXFfc,281
285104,song,drumeo,285105,NqFfc,292
285106,song,drumeo,285107,VqFfc,129
285108,song,drumeo,285109,fqFfc,126
285110,song,drumeo,285111,DqFfc,218
285112,song,drumeo,285113,MqFfc,168
285114,song,drumeo,285115,kqFfc,138
285116,song,drumeo,285117,4qFfc,131
285118,song,drumeo,285119,yqFfc,92
285120,song,drumeo,285121,wqFfc,149
285122,song,drumeo,285123,YqFfc,128
285124,song,drumeo,285125,lqFfc,225
285126,song,drumeo,285127,zqFfc,177
285128,song,drumeo,285129,2qFfc,330
285130,song,drumeo,383458,CqFfc,158
285132,song,drumeo,285133,RqFfc,154
285134,song,drumeo,285135,3qFfc,154
285136,song,drumeo,285137,XqFfc,311
285138,song,drumeo,285139,qqFfc,321
285140,song,drumeo,285141,TqFfc,214
285142,song,drumeo,285143,JqFfc,212
285144,song,drumeo,285145,bqFfc,244
285146,song,drumeo,285147,sqFfc,289
285148,song,drumeo,285149,1qFfc,285
285150,song,drumeo,285151,8qFfc,309
285152,song,drumeo,285153,dqFfc,272
285154,song,drumeo,285155,7qFfc,211
285156,song,drumeo,285157,WqFfc,255
285158,song,drumeo,285159,BqFfc,241
285160,song,drumeo,285161,ZqFfc,214
285162,song,drumeo,285163,LqFfc,439
285164,song,drumeo,285165,jqFfc,326
285166,song,drumeo,285167,PqFfc,251
291178,song,drumeo,291179,1Jhfc,246
291180,song,drumeo,291181,8Jhfc,195
291182,song,drumeo,291183,dJhfc,339
291184,song,drumeo,291185,7Jhfc,277
291186,song,drumeo,291187,WJhfc,301
291188,song,drumeo,291189,BJhfc,183
291190,song,drumeo,291191,ZJhfc,226
291192,song,drumeo,291193,LJhfc,214
291194,song,drumeo,291195,jJhfc,245
291196,song,drumeo,291197,PJhfc,130
291198,song,drumeo,291199,KJhfc,248
291200,song,drumeo,291201,xJhfc,242
291202,song,drumeo,291203,5Jhfc,174
291204,song,drumeo,291205,-Jhfc,255
291206,song,drumeo,291207,QJhfc,197
291208,song,drumeo,291209,nJhfc,208
291210,song,drumeo,291211,FJhfc,421
291212,song,drumeo,291213,gJhfc,232
291214,song,drumeo,291215,6Jhfc,236
291216,song,drumeo,291217,GJhfc,244
291218,song,drumeo,291219,hJhfc,288
291220,song,drumeo,291221,mJhfc,320
291222,song,drumeo,291223,vJhfc,370
291224,song,drumeo,291225,SJhfc,387
291226,song,drumeo,291227,pJhfc,365
291228,song,drumeo,291229,Nbhfc,209
291230,song,drumeo,291231,Vbhfc,194
291232,song,drumeo,291233,Dbhfc,196
291234,song,drumeo,291235,Mbhfc,223
291236,song,drumeo,291237,kbhfc,474
291238,song,drumeo,291239,Cbhfc,252
291240,song,drumeo,291241,Xbhfc,161
291242,song,drumeo,291243,Hbhfc,202
291244,song,drumeo,291245,Tbhfc,253
291246,song,drumeo,291247,Jbhfc,376
291248,song,drumeo,291249,bbhfc,180
291250,song,drumeo,291251,sbhfc,274
291252,song,drumeo,291253,8bhfc,240
291254,song,drumeo,291255,7bhfc,146
291256,song,drumeo,291257,Wbhfc,199
291258,song,drumeo,291259,Bbhfc,199
291260,song,drumeo,291261,Lbhfc,223
291262,song,drumeo,291263,jbhfc,257
291264,song,drumeo,291265,Pbhfc,310
291266,song,drumeo,291267,9bhfc,333
291268,song,drumeo,291269,Kbhfc,270
291270,song,drumeo,291271,-bhfc,194
291272,song,drumeo,291273,Qbhfc,305
291274,song,drumeo,291275,Fbhfc,258
291276,song,drumeo,291277,tbhfc,234
291278,song,drumeo,291279,5bhfc,234
291280,song,drumeo,291281,gbhfc,248
291282,song,drumeo,291283,Gbhfc,268
291284,song,drumeo,291285,rbhfc,247
291286,song,drumeo,291287,hbhfc,519
291288,song,drumeo,291289,mbhfc,145
291290,song,drumeo,291291,vbhfc,523
291292,song,drumeo,291293,Sbhfc,296
291294,song,drumeo,291295,pbhfc,207
291296,song,drumeo,291297,Nshfc,161
291298,song,drumeo,291299,cshfc,246
291300,song,drumeo,291301,Vshfc,361
291302,song,drumeo,291303,fshfc,273
291304,song,drumeo,291305,Dshfc,215
291306,song,drumeo,291307,Mshfc,186
291308,song,drumeo,291309,4shfc,209
291310,song,drumeo,291311,yshfc,221
291312,song,drumeo,291313,Yshfc,194
291314,song,drumeo,291315,lshfc,302
291316,song,drumeo,291317,zshfc,364
291318,song,drumeo,291319,2shfc,665
291320,song,drumeo,291321,Cshfc,265
291322,song,drumeo,291323,Rshfc,224
291324,song,drumeo,291325,3shfc,239
291326,song,drumeo,291327,Xshfc,194
291328,song,drumeo,291329,qshfc,228
291330,song,drumeo,291331,Hshfc,187
291332,song,drumeo,383456,Tshfc,148
291334,song,drumeo,291335,Jshfc,452
291336,song,drumeo,291337,bshfc,235
291338,song,drumeo,291339,sshfc,209
291340,song,drumeo,291341,1shfc,234
291342,song,drumeo,291343,8shfc,237
291344,song,drumeo,291345,7shfc,511
291346,song,drumeo,291347,Wshfc,285
291348,song,drumeo,291349,Bshfc,240
291350,song,drumeo,291351,Zshfc,134
291352,song,drumeo,291353,Lshfc,341
291354,song,drumeo,291355,jshfc,401
291356,song,drumeo,291357,Pshfc,298
291358,song,drumeo,291359,xshfc,287
291360,song,drumeo,291361,-shfc,173
291362,song,drumeo,291363,Qshfc,165
291364,song,drumeo,291365,Fshfc,225
291366,song,drumeo,291367,tshfc,222
291368,song,drumeo,291369,5shfc,284
291370,song,drumeo,291371,gshfc,317
291372,song,drumeo,291373,6shfc,203
291374,song,drumeo,291375,Gshfc,229
291376,song,drumeo,291377,rshfc,231
291378,song,drumeo,291379,hshfc,205
291380,song,drumeo,291381,mshfc,366
291382,song,drumeo,291383,vshfc,248
291384,song,drumeo,291385,Sshfc,222
291386,song,drumeo,291387,pshfc,200
291388,song,drumeo,291389,N1hfc,235
291390,song,drumeo,291391,c1hfc,212
291392,song,drumeo,291393,V1hfc,298
291394,song,drumeo,291395,f1hfc,246
291396,song,drumeo,291397,D1hfc,178
291398,song,drumeo,291399,M1hfc,271
291400,song,drumeo,291401,k1hfc,259
291402,song,drumeo,291403,41hfc,267
291404,song,drumeo,291405,y1hfc,200
291406,song,drumeo,291407,w1hfc,271
291408,song,drumeo,291409,Y1hfc,259
291410,song,drumeo,291411,l1hfc,184
291412,song,drumeo,291413,z1hfc,256
291414,song,drumeo,291415,21hfc,275
291416,song,drumeo,291417,C1hfc,149
291418,song,drumeo,291419,X1hfc,167
291420,song,drumeo,291421,q1hfc,161
291422,song,drumeo,291423,H1hfc,171
291424,song,drumeo,291425,T1hfc,323
291426,song,drumeo,291427,J1hfc,196
291428,song,drumeo,291429,b1hfc,216
291430,song,drumeo,291431,s1hfc,213
291432,song,drumeo,291433,11hfc,160
291434,song,drumeo,291435,81hfc,178
291436,song,drumeo,291437,d1hfc,140
291438,song,drumeo,291439,W1hfc,257
291440,song,drumeo,291441,B1hfc,318
291442,song,drumeo,291443,Z1hfc,236
291444,song,drumeo,291445,L1hfc,203
291446,song,drumeo,291447,j1hfc,197
291448,song,drumeo,291449,P1hfc,242
291450,song,drumeo,291451,91hfc,224
291452,song,drumeo,291453,K1hfc,272
291454,song,drumeo,291455,x1hfc,235
291456,song,drumeo,291457,-1hfc,298
291458,song,drumeo,291459,Q1hfc,205
291460,song,drumeo,291461,n1hfc,173
291462,song,drumeo,291463,t1hfc,339
291464,song,drumeo,291465,51hfc,251
291466,song,drumeo,291467,g1hfc,230
291468,song,drumeo,291469,61hfc,189
291470,song,drumeo,291471,G1hfc,117
291472,song,drumeo,291473,r1hfc,103
291474,song,drumeo,291475,h1hfc,245
291476,song,drumeo,291477,m1hfc,202
291478,song,drumeo,291479,v1hfc,242
291480,song,drumeo,291481,S1hfc,281
291482,song,drumeo,291483,p1hfc,176
291484,song,drumeo,291485,N8hfc,207
291486,song,drumeo,291487,c8hfc,281
291488,song,drumeo,291489,V8hfc,188
291490,song,drumeo,291491,f8hfc,187
291492,song,drumeo,291493,D8hfc,351
291494,song,drumeo,291495,M8hfc,358
291496,song,drumeo,291497,48hfc,267
291498,song,drumeo,291499,y8hfc,303
291500,song,drumeo,291501,w8hfc,219
291502,song,drumeo,291503,Y8hfc,224
291504,song,drumeo,291505,l8hfc,225
291506,song,drumeo,291507,z8hfc,161
291508,song,drumeo,291509,28hfc,253
291510,song,drumeo,291511,C8hfc,310
291512,song,drumeo,291513,R8hfc,86
291514,song,drumeo,291515,38hfc,158
291516,song,drumeo,291517,X8hfc,154
291518,song,drumeo,291519,q8hfc,230
291520,song,drumeo,291521,H8hfc,308
291522,song,drumeo,291523,T8hfc,224
291524,song,drumeo,291525,J8hfc,190
291526,song,drumeo,291527,b8hfc,277
291528,song,drumeo,291529,s8hfc,218
291530,song,drumeo,291531,18hfc,441
291532,song,drumeo,291533,88hfc,269
291534,song,drumeo,291535,d8hfc,357
291536,song,drumeo,291537,78hfc,210
291538,song,drumeo,291539,W8hfc,230
291540,song,drumeo,291541,B8hfc,208
291542,song,drumeo,291543,Z8hfc,210
291544,song,drumeo,291545,L8hfc,208
291546,song,drumeo,291547,j8hfc,194
291548,song,drumeo,291549,P8hfc,244
291550,song,drumeo,291551,K8hfc,245
291552,song,drumeo,291553,x8hfc,362
291554,song,drumeo,291555,Q8hfc,292
291556,song,drumeo,291557,n8hfc,143
291558,song,drumeo,291559,t8hfc,257
291560,song,drumeo,291561,58hfc,132
291562,song,drumeo,291563,68hfc,230
291564,song,drumeo,291565,r8hfc,212
291566,song,drumeo,291567,h8hfc,257
291568,song,drumeo,291569,m8hfc,365
291570,song,drumeo,291571,S8hfc,266
291572,song,drumeo,291573,p8hfc,272
291574,song,drumeo,291575,Ndhfc,230
291576,song,drumeo,291577,cdhfc,91
291578,song,drumeo,291579,Vdhfc,281
291580,song,drumeo,291581,Ddhfc,290
291582,song,drumeo,291583,Mdhfc,153
291584,song,drumeo,291585,kdhfc,191
291586,song,drumeo,291587,4dhfc,330
291588,song,drumeo,291589,ydhfc,201
291590,song,drumeo,291591,wdhfc,218
291592,song,drumeo,291593,Ydhfc,223
291594,song,drumeo,291595,ldhfc,248
291596,song,drumeo,291597,zdhfc,278
291598,song,drumeo,291599,2dhfc,307
291600,song,drumeo,291601,Cdhfc,449
291602,song,drumeo,291603,Rdhfc,208
291604,song,drumeo,291605,3dhfc,225
291606,song,drumeo,291607,Xdhfc,199
291608,song,drumeo,291609,qdhfc,167
291610,song,drumeo,291611,Hdhfc,185
291612,song,drumeo,291613,Tdhfc,426
291614,song,drumeo,291615,Jdhfc,251
291616,song,drumeo,291617,bdhfc,211
291618,song,drumeo,291619,sdhfc,228
291620,song,drumeo,291621,1dhfc,192
291622,song,drumeo,291623,8dhfc,205
291624,song,drumeo,291625,7dhfc,207
291626,song,drumeo,291627,Wdhfc,240
291628,song,drumeo,291629,Bdhfc,409
291630,song,drumeo,291631,Zdhfc,274
291632,song,drumeo,291633,Ldhfc,255
291634,song,drumeo,291635,jdhfc,284
291636,song,drumeo,291637,Pdhfc,216
291638,song,drumeo,291639,9dhfc,177
291640,song,drumeo,291641,Kdhfc,242
291642,song,drumeo,291643,xdhfc,382
291644,song,drumeo,291645,-dhfc,301
291646,song,drumeo,291647,Qdhfc,169
291648,song,drumeo,291649,ndhfc,234
291650,song,drumeo,291651,Fdhfc,308
291652,song,drumeo,291653,tdhfc,229
291654,song,drumeo,291655,5dhfc,312
291656,song,drumeo,291657,gdhfc,330
291658,song,drumeo,291659,6dhfc,225
291660,song,drumeo,291661,Gdhfc,199
291662,song,drumeo,291663,rdhfc,266
291664,song,drumeo,291665,hdhfc,248
291666,song,drumeo,291667,mdhfc,133
291668,song,drumeo,291669,vdhfc,264
291670,song,drumeo,291671,Sdhfc,211
291672,song,drumeo,291673,pdhfc,293
291674,song,drumeo,291675,N7hfc,369
291676,song,drumeo,291677,c7hfc,301
291678,song,drumeo,291679,f7hfc,307
291680,song,drumeo,291681,D7hfc,228
291682,song,drumeo,291683,M7hfc,215
291684,song,drumeo,291685,k7hfc,210
291686,song,drumeo,291687,47hfc,189
291688,song,drumeo,291689,y7hfc,279
291690,song,drumeo,291691,w7hfc,289
291692,song,drumeo,291693,Y7hfc,253
291694,song,drumeo,291695,l7hfc,313
293062,song,drumeo,293063,gmNDc,133
293064,song,drumeo,293065,GmNDc,226
293066,song,drumeo,293067,rmNDc,284
293068,song,drumeo,293069,mmNDc,813
293070,song,drumeo,293071,MvNDc,750
293788,song,drumeo,293789,4vNDc,347
293869,song,drumeo,293870,wvNDc,256
294017,song,drumeo,294018,YvNDc,135
294020,song,drumeo,294021,2vNDc,370
294024,song,drumeo,294025,CvNDc,95
294026,song,drumeo,294027,RvNDc,233
294028,song,drumeo,294029,XvNDc,424
294030,song,drumeo,294031,HvNDc,347
294033,song,drumeo,294034,TvNDc,267
294036,song,drumeo,294037,JvNDc,314
294039,song,drumeo,294041,bvNDc,198
294042,song,drumeo,294044,1vNDc,309
294185,song,drumeo,294186,9MVDc,269
294187,song,drumeo,294188,KMVDc,308
294190,song,drumeo,294192,t4VDc,382
294195,song,drumeo,294196,xMVDc,304
294205,song,drumeo,294206,-MVDc,502
294207,song,drumeo,294208,QMVDc,267
294209,song,drumeo,294210,2DVDc,393
294213,song,drumeo,294214,nMVDc,328
294215,song,drumeo,294216,FMVDc,289
294217,song,drumeo,294218,vMVDc,366
294220,song,drumeo,294222,SMVDc,187
294223,song,drumeo,294224,pMVDc,174
294225,song,drumeo,294226,NkVDc,422
294227,song,drumeo,294228,ckVDc,337
294229,song,drumeo,294230,VkVDc,237
294231,song,drumeo,294232,fkVDc,219
294233,song,drumeo,294234,DkVDc,302
294235,song,drumeo,294236,MkVDc,292
294252,song,drumeo,294253,TmGVc,240
294271,song,drumeo,294336,t5VDc,266
294505,song,drumeo,294506,ZMVDc,275
294507,song,drumeo,294508,K4VDc,175
294509,song,drumeo,294510,LMVDc,270
294511,song,drumeo,294512,jMVDc,319
294513,song,drumeo,294514,PMVDc,257
294515,song,drumeo,294516,P4VDc,300
294517,song,drumeo,294518,tMVDc,216
294519,song,drumeo,294520,5MVDc,370
294521,song,drumeo,294522,yHVDc,365
294524,song,drumeo,294525,6MVDc,260
294526,song,drumeo,294527,GMVDc,252
294528,song,drumeo,294529,rMVDc,321
294530,song,drumeo,294531,hMVDc,210
294532,song,drumeo,294533,mMVDc,187
294534,song,drumeo,294535,kkVDc,164
294536,song,drumeo,294538,4kVDc,198
294777,song,drumeo,294778,rNgVc,181
294779,song,drumeo,294781,kR5Vc,288
294782,song,drumeo,294783,FNSVc,281
294785,song,drumeo,294786,gw4fc,289
294790,song,drumeo,294791,1-fDc,158
294793,song,drumeo,294794,7-fDc,192
294795,song,drumeo,294796,L-fDc,167
294797,song,drumeo,294798,j-fDc,168
294799,song,drumeo,294800,P-fDc,154
294801,song,drumeo,294802,9-fDc,202
294855,song,drumeo,294856,X5fDc,248
295188,song,drumeo,295189,dVMDc,259
295192,song,drumeo,295193,7VMDc,314
295194,song,drumeo,295195,BVMDc,282
295196,song,drumeo,295197,ZVMDc,317
295198,song,drumeo,295199,LVMDc,384
295200,song,drumeo,295201,jVMDc,351
295202,song,drumeo,295204,PVMDc,220
295205,song,drumeo,295206,9VMDc,200
295207,song,drumeo,295208,KVMDc,235
295209,song,drumeo,295210,-VMDc,252
295212,song,drumeo,295213,xVMDc,219
295214,song,drumeo,295215,nVMDc,425
295216,song,drumeo,295217,QVMDc,406
295218,song,drumeo,295219,FVMDc,335
295220,song,drumeo,295221,tVMDc,299
295630,song,drumeo,295631,sK4Dc,397
295632,song,drumeo,295633,1K4Dc,254
295634,song,drumeo,295635,WK4Dc,206
295636,song,drumeo,295637,dK4Dc,611
295638,song,drumeo,297442,ZK4Dc,277
295639,song,drumeo,295640,jK4Dc,388
295641,song,drumeo,295642,PK4Dc,235
295643,song,drumeo,295644,9K4Dc,208
295645,song,drumeo,295647,xK4Dc,314
295648,song,drumeo,295649,-K4Dc,235
296074,song,drumeo,296075,nWkDc,233
296077,song,drumeo,296078,FWkDc,211
296079,song,drumeo,296080,tWkDc,169
296081,song,drumeo,296082,5WkDc,170
296083,song,drumeo,296085,gWkDc,248
296086,song,drumeo,296087,6WkDc,280
296088,song,drumeo,296089,GWkDc,153
296090,song,drumeo,296091,rWkDc,205
296092,song,drumeo,296093,hWkDc,179
296463,song,drumeo,296464,WWkDc,317
296465,song,drumeo,296466,VWkDc,414
296467,song,drumeo,296468,MWkDc,159
296469,song,drumeo,296470,wWkDc,284
296471,song,drumeo,296472,qWkDc,192
296473,song,drumeo,296474,bWkDc,346
296475,song,drumeo,296476,1WkDc,350
296477,song,drumeo,296478,dWkDc,171
296479,song,drumeo,296480,jWkDc,328
296481,song,drumeo,296482,9WkDc,198
296483,song,drumeo,296484,kWkDc,264
296485,song,drumeo,296488,4WkDc,200
296489,song,drumeo,296490,YWkDc,264
296491,song,drumeo,296492,CWkDc,206
296493,song,drumeo,296494,3WkDc,234
296495,song,drumeo,296496,RWkDc,211
296497,song,drumeo,296498,TWkDc,206
296500,song,drumeo,296502,ZWkDc,203
296503,song,drumeo,296505,LWkDc,279
296506,song,drumeo,296507,yWkDc,252
296508,song,drumeo,296509,XWkDc,349
296510,song,drumeo,296511,8WkDc,304
296512,song,drumeo,296513,7WkDc,252
296514,song,drumeo,296515,PWkDc,352
296517,song,drumeo,296518,DWkDc,236
296519,song,drumeo,296520,lWkDc,155
296521,song,drumeo,296522,HWkDc,259
296523,song,drumeo,296524,QWkDc,390
296525,song,drumeo,296526,BWkDc,203
296527,song,drumeo,296528,KWkDc,266
296529,song,drumeo,296530,fWkDc,268
296531,song,drumeo,296532,zWkDc,332
296533,song,drumeo,296534,2WkDc,254
296536,song,drumeo,296537,JWkDc,369
296538,song,drumeo,296539,sWkDc,214
298353,song,drumeo,298354,n9RDc,161
298355,song,drumeo,298356,F9RDc,55
298357,song,drumeo,298358,t9RDc,172
298359,song,drumeo,298360,bKRDc,184
298361,song,drumeo,298362,59RDc,200
298363,song,drumeo,298364,g9RDc,155
298366,song,drumeo,298367,69RDc,163
298368,song,drumeo,298369,G9RDc,175
298370,song,drumeo,298371,r9RDc,46
298372,song,drumeo,298373,sKRDc,208
298374,song,drumeo,298375,h9RDc,50
298376,song,drumeo,298377,m9RDc,232
298378,song,drumeo,298379,v9RDc,298
298380,song,drumeo,298381,S9RDc,204
298383,song,drumeo,298384,p9RDc,374
298385,song,drumeo,298386,TKRDc,337
298403,song,drumeo,298404,VKRDc,194
298405,song,drumeo,298406,MKRDc,228
298407,song,drumeo,298409,kKRDc,357
298410,song,drumeo,298411,2KRDc,406
298412,song,drumeo,298414,RKRDc,283
298415,song,drumeo,298416,XKRDc,253
298482,song,drumeo,298483,NKRDc,128
298484,song,drumeo,298485,cKRDc,220
298486,song,drumeo,298487,fKRDc,304
298488,song,drumeo,298489,DKRDc,164
298490,song,drumeo,298491,4KRDc,84
298492,song,drumeo,298493,yKRDc,257
298494,song,drumeo,298495,wKRDc,365
298496,song,drumeo,298497,YKRDc,83
298498,song,drumeo,298501,lKRDc,250
298502,song,drumeo,298503,zKRDc,231
298504,song,drumeo,298505,CKRDc,151
298506,song,drumeo,298507,3KRDc,150
298960,song,drumeo,298961,YS3Dc,254
298962,song,drumeo,298963,CS3Dc,274
298965,song,drumeo,298966,3S3Dc,200
298967,song,drumeo,298968,qS3Dc,280
298969,song,drumeo,298970,WS3Dc,180
298971,song,drumeo,298973,kS3Dc,343
298974,song,drumeo,298975,2S3Dc,277
298976,song,drumeo,298977,RS3Dc,244
298978,song,drumeo,298979,TS3Dc,302
298981,song,drumeo,298982,1S3Dc,311
298983,song,drumeo,298984,4S3Dc,180
298985,song,drumeo,298986,lS3Dc,102
298987,song,drumeo,298988,zS3Dc,221
298989,song,drumeo,298990,HS3Dc,225
298991,song,drumeo,298992,XS3Dc,199
298993,song,drumeo,298994,JS3Dc,210
298995,song,drumeo,298996,sS3Dc,204
298997,song,drumeo,298998,8S3Dc,181
299000,song,drumeo,299001,ZS3Dc,157
299002,song,drumeo,299003,yS3Dc,237
299004,song,drumeo,299005,wS3Dc,186
299006,song,drumeo,299007,jS3Dc,249
299008,song,drumeo,299009,KS3Dc,188
299010,song,drumeo,299011,bS3Dc,192
299012,song,drumeo,299013,dS3Dc,173
299014,song,drumeo,299016,7S3Dc,173
299017,song,drumeo,299018,BS3Dc,248
299020,song,drumeo,299022,LS3Dc,196
299073,song,drumeo,299074,-WkDc,334
299076,song,drumeo,299077,ZMzDc,234
299078,song,drumeo,299079,jMzDc,590
299080,song,drumeo,299081,PMzDc,387
299082,song,drumeo,299083,9MzDc,590
299084,song,drumeo,299085,KMzDc,154
299086,song,drumeo,299087,xMzDc,397
299088,song,drumeo,299089,-MzDc,284
299094,song,drumeo,299095,QMzDc,232
299097,song,drumeo,299099,FMzDc,272
299100,song,drumeo,299101,tMzDc,293
299102,song,drumeo,299103,5MzDc,205
299104,song,drumeo,299105,6MzDc,249
299106,song,drumeo,299107,GMzDc,201
299108,song,drumeo,299109,hMzDc,260
300270,song,drumeo,300271,56qDc,84
300274,song,drumeo,300276,g6qDc,157
300277,song,drumeo,300278,66qDc,249
300280,song,drumeo,300281,G6qDc,214
300284,song,drumeo,300286,r6qDc,340
300287,song,drumeo,300289,h6qDc,147
300290,song,drumeo,300291,m6qDc,204
300292,song,drumeo,300293,v6qDc,136
300294,song,drumeo,300295,S6qDc,304
301935,song,drumeo,301936,26qDc,222
301937,song,drumeo,301938,J6qDc,420
301939,song,drumeo,301940,B6qDc,459
301941,song,drumeo,301942,Z6qDc,332
301943,song,drumeo,301944,C6qDc,389
301945,song,drumeo,301947,X6qDc,510
301948,song,drumeo,301949,q6qDc,283
301950,song,drumeo,301951,-6qDc,387
301952,song,drumeo,301953,96qDc,275
301954,song,drumeo,301955,w6qDc,260
301956,song,drumeo,301957,K6qDc,261
301958,song,drumeo,301959,s6qDc,274
301960,song,drumeo,301961,76qDc,290
301962,song,drumeo,301963,W6qDc,380
301964,song,drumeo,301965,j6qDc,287
301967,song,drumeo,301969,P6qDc,335
301970,song,drumeo,301971,Y6qDc,257
301972,song,drumeo,301974,l6qDc,208
301975,song,drumeo,301976,36qDc,298
301977,song,drumeo,301978,b6qDc,248
301979,song,drumeo,301980,R6qDc,285
301981,song,drumeo,301983,d6qDc,444
301985,song,drumeo,301986,16qDc,220
301987,song,drumeo,301988,46qDc,273
301989,song,drumeo,301990,y6qDc,233
301991,song,drumeo,301992,z6qDc,254
301993,song,drumeo,301994,H6qDc,527
301995,song,drumeo,301996,T6qDc,218
301997,song,drumeo,301999,86qDc,283
302000,song,drumeo,302001,L6qDc,337
302626,song,drumeo,302628,41qDc,210
302629,song,drumeo,302630,y1qDc,179
302631,song,drumeo,302632,w1qDc,181
302634,song,drumeo,302635,Y1qDc,268
302636,song,drumeo,302637,81qDc,378
302638,song,drumeo,302640,l1qDc,252
302641,song,drumeo,302642,z1qDc,219
302643,song,drumeo,302644,21qDc,254
302645,song,drumeo,302646,C1qDc,279
302647,song,drumeo,302648,R1qDc,212
302649,song,drumeo,302650,71qDc,587
302652,song,drumeo,302653,31qDc,369
302654,song,drumeo,302655,X1qDc,168
302656,song,drumeo,302657,q1qDc,185
302658,song,drumeo,302659,J1qDc,229
302660,song,drumeo,302661,H1qDc,242
302662,song,drumeo,302663,T1qDc,229
302664,song,drumeo,302665,b1qDc,211
302666,song,drumeo,302667,s1qDc,340
302668,song,drumeo,302669,11qDc,203
303115,song,drumeo,303116,XwHDc,226
303246,song,drumeo,303249,tHWDc,265
303250,song,drumeo,303251,3FBDc,240
303253,song,drumeo,303254,ytBDc,255
303255,song,drumeo,303256,YtBDc,179
303257,song,drumeo,303258,ztBDc,280
303259,song,drumeo,303260,RtBDc,521
303261,song,drumeo,303262,3tBDc,234
303263,song,drumeo,303264,HtBDc,353
303265,song,drumeo,303266,qtBDc,314
303354,song,drumeo,303355,TtBDc,392
303356,song,drumeo,303357,JtBDc,211
303358,song,drumeo,303359,stBDc,341
303360,song,drumeo,303361,1tBDc,283
303362,song,drumeo,303363,8tBDc,390
303364,song,drumeo,303365,7tBDc,302
303366,song,drumeo,303368,LtBDc,310
303369,song,drumeo,303370,jtBDc,541
303371,song,drumeo,303372,PtBDc,306
303373,song,drumeo,303374,KtBDc,224
303375,song,drumeo,303376,xtBDc,262
303377,song,drumeo,303378,QtBDc,171
303379,song,drumeo,303380,FtBDc,242
303381,song,drumeo,303382,ttBDc,245
303383,song,drumeo,303384,5tBDc,286
303385,song,drumeo,303386,gtBDc,228
303638,song,drumeo,303642,mJWDc,192
303643,song,drumeo,303644,vJWDc,208
303645,song,drumeo,303646,SJWDc,237
303675,song,drumeo,303676,pJWDc,235
303677,song,drumeo,303678,cbWDc,253
303679,song,drumeo,303680,MbWDc,241
303681,song,drumeo,303682,YbWDc,239
303683,song,drumeo,303684,zbWDc,227
303685,song,drumeo,303686,CbWDc,189
303687,song,drumeo,303688,3bWDc,298
303689,song,drumeo,303690,XbWDc,178
303691,song,drumeo,303692,GJWDc,331
303693,song,drumeo,303694,rJWDc,325
303695,song,drumeo,303696,hJWDc,283
303697,song,drumeo,303698,NbWDc,239
303699,song,drumeo,303700,VbWDc,281
303703,song,drumeo,303704,fbWDc,173
303705,song,drumeo,303706,DbWDc,146
303708,song,drumeo,303709,kbWDc,259
303710,song,drumeo,303711,4bWDc,230
303712,song,drumeo,303713,ybWDc,241
303714,song,drumeo,303715,wbWDc,225
303716,song,drumeo,303717,lbWDc,199
303718,song,drumeo,303719,2bWDc,177
303720,song,drumeo,303721,RbWDc,266
304038,song,drumeo,304039,xWkDc,310
305644,song,drumeo,305645,7bsDc,270
305647,song,drumeo,305648,WbsDc,222
305649,song,drumeo,305650,WssDc,309
305651,song,drumeo,305652,BbsDc,388
305654,song,drumeo,305655,ZbsDc,226
305656,song,drumeo,305657,hbsDc,660
305658,song,drumeo,305659,LbsDc,256
305660,song,drumeo,305661,jbsDc,295
305663,song,drumeo,305667,PbsDc,548
305668,song,drumeo,305669,9bsDc,221
305670,song,drumeo,305671,KbsDc,264
305672,song,drumeo,305673,xbsDc,398
305674,song,drumeo,305675,-bsDc,233
305676,song,drumeo,305677,8ssDc,473
305678,song,drumeo,305679,JssDc,393
305680,song,drumeo,305682,QbsDc,279
305683,song,drumeo,305684,nbsDc,200
305685,song,drumeo,305686,FbsDc,335
305687,song,drumeo,305688,tbsDc,253
305689,song,drumeo,305690,5bsDc,145
305691,song,drumeo,305692,gbsDc,218
305693,song,drumeo,305694,6bsDc,279
305695,song,drumeo,305696,GbsDc,296
305697,song,drumeo,305698,rbsDc,266
307172,song,drumeo,307173,d9BDc,181
308034,song,drumeo,308035,NsLDc,231
308883,song,drumeo,308885,ZlLDc,206
308888,song,drumeo,308889,-lLDc,203
308890,song,drumeo,308891,82LDc,269
308892,song,drumeo,308894,F2LDc,264
308896,song,drumeo,308897,S2LDc,374
308898,song,drumeo,308899,XCLDc,232
308900,song,drumeo,308901,vCLDc,197
308905,song,drumeo,308906,d1LDc,262
308907,song,drumeo,308908,h1LDc,425
308909,song,drumeo,308910,X8LDc,462
308911,song,drumeo,308912,hjLDc,285
308913,song,drumeo,308914,4PLDc,587
308915,song,drumeo,308916,ZPLDc,342
308917,song,drumeo,308918,f9LDc,522
308919,song,drumeo,308920,39LDc,87
308921,song,drumeo,308922,H9LDc,288
308923,song,drumeo,308924,v9LDc,203
308925,song,drumeo,308926,59LDc,247
309147,song,drumeo,309148,G2PDc,212
309149,song,drumeo,309150,F2PDc,204
309151,song,drumeo,309152,-2PDc,191
309153,song,drumeo,309154,gfPDc,194
309155,song,drumeo,309156,v2PDc,607
309157,song,drumeo,309158,lXPDc,257
309159,song,drumeo,309160,YXPDc,329
309161,song,drumeo,309162,fXPDc,536
309163,song,drumeo,309164,qXPDc,291
309165,song,drumeo,309166,r3PDc,284
309167,song,drumeo,309168,g3PDc,159
309169,song,drumeo,309170,Q3PDc,140
309171,song,drumeo,309172,H3PDc,238
309175,song,drumeo,309176,9RPDc,266
309177,song,drumeo,309178,RXPDc,302
309318,song,drumeo,309319,3GWDc,131
309320,song,drumeo,309321,vGWDc,163
309322,song,drumeo,309323,VrWDc,144
309324,song,drumeo,309325,frWDc,106
309326,song,drumeo,309327,krWDc,116
309328,song,drumeo,309329,FgWDc,140
309330,song,drumeo,309331,P6WDc,129
309332,song,drumeo,309333,56WDc,155
309334,song,drumeo,309335,m6WDc,137
309336,song,drumeo,309337,fGWDc,155
309338,song,drumeo,309339,NrWDc,467
309340,song,drumeo,309341,SgWDc,208
309342,song,drumeo,309343,pgWDc,67
309344,song,drumeo,309345,46WDc,171
309346,song,drumeo,309347,y6WDc,207
309348,song,drumeo,309349,w6WDc,201
309350,song,drumeo,309351,X6WDc,73
309352,song,drumeo,309353,86WDc,119
309354,song,drumeo,309355,B6WDc,191
309356,song,drumeo,309357,6gBDc,146
309358,song,drumeo,309359,MGWDc,243
309360,song,drumeo,309361,LgWDc,265
309362,song,drumeo,309363,-gWDc,139
309364,song,drumeo,309365,76WDc,183
309366,song,drumeo,309367,qGWDc,125
309368,song,drumeo,309369,WGWDc,163
309370,song,drumeo,309371,BGWDc,124
309372,song,drumeo,309373,LGWDc,146
309374,song,drumeo,309375,5GWDc,177
309376,song,drumeo,309377,rGWDc,155
309378,song,drumeo,309379,MrWDc,150
309380,song,drumeo,309381,lrWDc,158
309382,song,drumeo,309383,f6WDc,136
309384,song,drumeo,309385,q6WDc,151
309386,song,drumeo,309387,h6WDc,150
309388,song,drumeo,309389,cGWDc,124
309390,song,drumeo,309391,XgWDc,150
309392,song,drumeo,309393,RGWDc,125
309394,song,drumeo,309395,8GWDc,177
309396,song,drumeo,309397,PgWDc,140
309398,song,drumeo,309399,hGWDc,149
309400,song,drumeo,309401,YrWDc,125
309402,song,drumeo,309403,ggWDc,117
309404,song,drumeo,309405,j6WDc,158
309406,song,drumeo,309407,n6WDc,155
309408,song,drumeo,309409,wGWDc,139
309410,song,drumeo,309411,YGWDc,129
309412,song,drumeo,309413,trWDc,157
309414,song,drumeo,309415,xgWDc,426
309416,song,drumeo,309417,zrWDc,137
309418,song,drumeo,309419,K6WDc,180
309420,song,drumeo,309421,lGWDc,228
309422,song,drumeo,309423,tgBDc,235
309424,song,drumeo,309425,1GWDc,51
309426,song,drumeo,309427,PGWDc,152
309428,song,drumeo,309429,QgWDc,146
309430,song,drumeo,309431,6gWDc,218
309432,song,drumeo,309433,rgWDc,40
309434,song,drumeo,309435,Y6WDc,174
309436,song,drumeo,309437,Q6WDc,218
309438,song,drumeo,309439,66WDc,217
309440,song,drumeo,309441,JgWDc,181
309442,song,drumeo,309443,sgWDc,235
309444,song,drumeo,309445,ZgWDc,136
309446,song,drumeo,309447,jgWDc,209
309448,song,drumeo,309449,6GWDc,276
309450,song,drumeo,309451,hgWDc,170
309452,song,drumeo,309453,26WDc,181
309454,song,drumeo,309455,Z6WDc,247
309456,song,drumeo,309457,-6WDc,179
309458,song,drumeo,309459,yGWDc,148
309460,song,drumeo,309461,GgBDc,136
309462,song,drumeo,309463,HGWDc,141
309464,song,drumeo,309465,GGWDc,129
309466,song,drumeo,309467,DrWDc,126
309468,song,drumeo,309469,tgWDc,154
309470,song,drumeo,309471,GgWDc,123
309472,song,drumeo,309473,vgWDc,119
309474,song,drumeo,309475,W6WDc,177
309476,song,drumeo,309477,96WDc,124
309478,song,drumeo,309479,FrWDc,162
309480,song,drumeo,309481,DGWDc,260
309482,song,drumeo,309483,3gWDc,124
309484,song,drumeo,309485,CGWDc,177
309486,song,drumeo,309487,TgWDc,147
309488,song,drumeo,309489,XGWDc,161
309490,song,drumeo,309491,JGWDc,146
309492,song,drumeo,309493,bGWDc,145
309494,song,drumeo,309495,dGWDc,117
309496,song,drumeo,309497,mGWDc,174
309498,song,drumeo,309499,CrWDc,142
309500,song,drumeo,309501,c6WDc,109
309502,song,drumeo,309503,z6WDc,124
309504,song,drumeo,309505,36WDc,121
309506,song,drumeo,309507,t6WDc,111
309508,song,drumeo,309509,rgBDc,155
309510,song,drumeo,309511,2GWDc,121
309512,song,drumeo,309513,7GWDc,134
309514,song,drumeo,309515,jGWDc,120
309516,song,drumeo,309517,-GWDc,129
309518,song,drumeo,309519,nGWDc,149
309520,song,drumeo,309521,FGWDc,145
309522,song,drumeo,309523,yrWDc,180
309524,song,drumeo,309525,d6WDc,156
309526,song,drumeo,309527,L6WDc,159
309528,song,drumeo,309529,xGWDc,152
309530,song,drumeo,309531,pGWDc,148
309532,song,drumeo,309533,4rWDc,146
309534,song,drumeo,309535,crWDc,142
309536,song,drumeo,309537,5gBDc,147
309538,song,drumeo,309539,N6WDc,162
309540,song,drumeo,309541,M6WDc,164
309542,song,drumeo,309543,J6WDc,141
309544,song,drumeo,309545,F6WDc,163
309546,song,drumeo,309547,g6WDc,139
309548,song,drumeo,309549,G6WDc,135
309550,song,drumeo,309551,r6WDc,169
309552,song,drumeo,309553,4GWDc,200
309554,song,drumeo,309555,RgWDc,323
309556,song,drumeo,309557,bgWDc,158
309558,song,drumeo,309559,WgWDc,157
309560,song,drumeo,309561,KGWDc,168
309562,song,drumeo,309563,QGWDc,161
309564,song,drumeo,309565,RrWDc,162
309566,song,drumeo,309567,QrWDc,209
309568,song,drumeo,309569,16WDc,79
309570,song,drumeo,309571,v6WDc,158
309572,song,drumeo,309573,TGWDc,163
309574,song,drumeo,309575,1gWDc,183
309576,song,drumeo,309577,sGWDc,236
309578,song,drumeo,309579,7gWDc,231
309580,song,drumeo,309581,ZGWDc,145
309582,song,drumeo,309583,9gWDc,270
309584,song,drumeo,309585,gGWDc,161
309586,song,drumeo,309587,ngWDc,106
309588,song,drumeo,309589,5gWDc,124
309590,song,drumeo,309591,2rWDc,186
309592,song,drumeo,309593,mgWDc,149
309594,song,drumeo,309595,k6WDc,189
309596,song,drumeo,309597,C6WDc,124
309598,song,drumeo,309599,H6WDc,213
309600,song,drumeo,309601,b6WDc,175
309602,song,drumeo,309603,s6WDc,195
309604,song,drumeo,309605,x6WDc,194
309606,song,drumeo,309607,S6WDc,285
309608,song,drumeo,309609,p6WDc,101
309610,song,drumeo,309611,NGWDc,53
309612,song,drumeo,309613,mgBDc,241
309614,song,drumeo,309615,9GWDc,116
309616,song,drumeo,309617,hgBDc,136
309618,song,drumeo,309619,zGWDc,123
309620,song,drumeo,309621,8gWDc,146
309622,song,drumeo,309623,dgWDc,148
309624,song,drumeo,309625,tGWDc,152
309626,song,drumeo,309627,SGWDc,120
309628,song,drumeo,309629,wrWDc,133
309630,song,drumeo,309631,Z6BDc,106
309632,song,drumeo,309633,V6WDc,170
309634,song,drumeo,309635,D6WDc,127
309636,song,drumeo,309637,R6WDc,154
309640,song,drumeo,309641,kGWDc,181
309642,song,drumeo,309643,HgWDc,131
309644,song,drumeo,309645,KgWDc,192
309646,song,drumeo,309647,ggBDc,385
309648,song,drumeo,309649,l6WDc,205
311099,song,drumeo,311100,jZ9Dc,174
311101,song,drumeo,311104,dZ9Dc,248
311105,song,drumeo,311106,JZ9Dc,314
311107,song,drumeo,311108,RZ9Dc,252
311109,song,drumeo,311111,6Z9Dc,500
311112,song,drumeo,311113,2L9Dc,393
311114,song,drumeo,311115,nL9Dc,211
311116,song,drumeo,311117,hL9Dc,189
311118,song,drumeo,311119,vL9Dc,190
311120,song,drumeo,311121,Xj9Dc,394
311122,song,drumeo,311123,qj9Dc,272
311124,song,drumeo,311125,bj9Dc,254
311126,song,drumeo,311128,7j9Dc,228
311129,song,drumeo,311130,jj9Dc,398
311131,song,drumeo,311132,fP9Dc,260
311133,song,drumeo,311135,4P9Dc,241
311136,song,drumeo,311137,RP9Dc,249
311140,song,drumeo,311141,qP9Dc,249
311142,song,drumeo,311143,TP9Dc,202
311145,song,drumeo,311146,8P9Dc,345
313329,song,drumeo,313330,71xDc,237
313331,song,drumeo,313332,91xDc,174
313333,song,drumeo,313334,Q1xDc,225
313335,song,drumeo,313336,c8xDc,128
313337,song,drumeo,313338,k8xDc,333
313339,song,drumeo,313341,z8xDc,386
313342,song,drumeo,313343,X8xDc,297
313345,song,drumeo,313346,W8xDc,322
313347,song,drumeo,313348,W6xDc,238
313349,song,drumeo,313350,P6xDc,319
313351,song,drumeo,313352,n6xDc,187
313353,song,drumeo,313355,G6xDc,302
313356,song,drumeo,313357,S6xDc,194
313358,song,drumeo,313359,VGxDc,243
313361,song,drumeo,313362,MGxDc,209
314501,song,drumeo,314502,9LnDc,293
314503,song,drumeo,314504,VjnDc,219
314505,song,drumeo,314506,DjnDc,122
314507,song,drumeo,314508,4jnDc,218
314509,song,drumeo,314510,wjnDc,271
314511,song,drumeo,314512,zjnDc,154
314513,song,drumeo,314514,2jnDc,300
314515,song,drumeo,314516,3jnDc,291
314517,song,drumeo,314518,JjnDc,213
314519,song,drumeo,314520,7jnDc,820
314521,song,drumeo,314522,njnDc,866
314523,song,drumeo,314524,6jnDc,398
314525,song,drumeo,314527,mjnDc,351
314528,song,drumeo,314529,pjnDc,247
314530,song,drumeo,314531,fPnDc,180
315024,song,drumeo,315025,tQnDc,565
315881,song,drumeo,315882,2YFDc,372
315883,song,drumeo,315884,63FDc,252
315885,song,drumeo,315886,m3FDc,239
315887,song,drumeo,316380,VXFDc,250
315889,song,drumeo,315890,DXFDc,260
315891,song,drumeo,315892,HXFDc,255
315893,song,drumeo,315894,9XFDc,388
315895,song,drumeo,315896,gXFDc,245
315897,song,drumeo,315898,MqFDc,347
315899,song,drumeo,316381,2qFDc,592
315901,song,drumeo,315902,JqFDc,281
315903,song,drumeo,315904,LqFDc,259
315905,song,drumeo,315906,FqFDc,357
315907,song,drumeo,315908,vqFDc,283
315909,song,drumeo,315910,cHFDc,659
315911,song,drumeo,315912,THFDc,387
315913,song,drumeo,315914,1HFDc,295
315915,song,drumeo,315916,ZHFDc,265
315917,song,drumeo,315918,nHFDc,452
315919,song,drumeo,315920,tHFDc,326
315921,song,drumeo,315922,pHFDc,378
315923,song,drumeo,315924,cTFDc,471
315925,song,drumeo,315926,8JFDc,256
315927,song,drumeo,315928,WJFDc,362
315929,song,drumeo,315930,ZJFDc,295
315931,song,drumeo,316382,9JFDc,401
315933,song,drumeo,315934,KJFDc,345
315935,song,drumeo,316384,h3tDc,511
315937,song,drumeo,316385,-JFDc,377
315939,song,drumeo,315940,tJFDc,240
315941,song,drumeo,315942,gJFDc,459
315943,song,drumeo,315944,6JFDc,225
315945,song,drumeo,315946,hJFDc,227
315947,song,drumeo,315948,mJFDc,234
315949,song,drumeo,315950,cbFDc,242
315951,song,drumeo,315952,4mnDc,235
315953,song,drumeo,315954,QmnDc,254
315955,song,drumeo,315956,zSnDc,248
315957,song,drumeo,315958,qSnDc,281
315959,song,drumeo,315960,HSnDc,233
315961,song,drumeo,315962,dSnDc,334
315963,song,drumeo,315964,ZSnDc,258
315965,song,drumeo,315966,nSnDc,242
315967,song,drumeo,315968,hSnDc,298
315969,song,drumeo,315970,SSnDc,300
315971,song,drumeo,315972,MpnDc,418
315973,song,drumeo,315974,wpnDc,329
315975,song,drumeo,315976,BpnDc,328
315977,song,drumeo,315978,5pnDc,365
315979,song,drumeo,315980,vpnDc,359
315981,song,drumeo,315982,SpnDc,240
315983,song,drumeo,315984,MNFDc,222
315985,song,drumeo,315986,2NFDc,398
315987,song,drumeo,315988,3NFDc,325
315989,song,drumeo,315990,bNFDc,460
315991,song,drumeo,315992,xNFDc,284
315993,song,drumeo,315994,nNFDc,224
315995,song,drumeo,315996,gNFDc,366
315997,song,drumeo,315998,64FDc,282
315999,song,drumeo,316000,VyFDc,187
316001,song,drumeo,316002,kyFDc,271
316003,song,drumeo,316004,2yFDc,231
316005,song,drumeo,316006,XyFDc,248
316007,song,drumeo,316008,TyFDc,203
316009,song,drumeo,316010,hyFDc,317
316011,song,drumeo,316012,SyFDc,263
316013,song,drumeo,316014,NwFDc,365
317230,song,drumeo,317231,486Dc,284
317232,song,drumeo,317233,Y86Dc,271
317234,song,drumeo,317235,Y76Dc,270
317236,song,drumeo,317237,886Dc,285
317238,song,drumeo,317239,Z86Dc,301
317240,song,drumeo,317241,Md6Dc,178
317242,song,drumeo,317243,Yd6Dc,158
317244,song,drumeo,317245,2d6Dc,257
317246,song,drumeo,317247,Rd6Dc,590
317248,song,drumeo,317249,bd6Dc,402
317250,song,drumeo,317251,Ld6Dc,216
317252,song,drumeo,317254,jd6Dc,335
317255,song,drumeo,317256,vd6Dc,197
317258,song,drumeo,317259,k76Dc,154
317260,song,drumeo,317261,z76Dc,201
317262,song,drumeo,317263,476Dc,234
317265,song,drumeo,317266,276Dc,254
317267,song,drumeo,317268,376Dc,165
317269,song,drumeo,317270,X76Dc,194
317754,song,drumeo,317755,r66Dc,260
317756,song,drumeo,317757,cG6Dc,305
317758,song,drumeo,317759,fG6Dc,234
317760,song,drumeo,317761,wG6Dc,248
317762,song,drumeo,317763,9CGDc,265
317764,song,drumeo,317765,mCGDc,637
317766,song,drumeo,317767,lRGDc,269
317768,song,drumeo,317769,XRGDc,250
317770,song,drumeo,317771,TRGDc,387
317772,song,drumeo,317773,WRGDc,276
317774,song,drumeo,317775,jRGDc,470
317776,song,drumeo,317777,tRGDc,277
317778,song,drumeo,317779,6RGDc,290
317780,song,drumeo,317781,f3GDc,347
317782,song,drumeo,317783,43GDc,460
317784,song,drumeo,317785,l3GDc,203
317786,song,drumeo,317787,33GDc,347
317788,song,drumeo,317789,b3GDc,198
317790,song,drumeo,317791,-3GDc,460
317792,song,drumeo,317793,v3GDc,104
317794,song,drumeo,317795,D5GDc,152
317796,song,drumeo,317798,M5GDc,250
317799,song,drumeo,317800,w5GDc,235
317801,song,drumeo,317802,C5GDc,219
317803,song,drumeo,317807,P5GDc,292
317808,song,drumeo,317809,h5GDc,170
317810,song,drumeo,317811,kgGDc,228
317812,song,drumeo,317814,YgGDc,218
317815,song,drumeo,317816,BgGDc,96
317818,song,drumeo,317819,M6GDc,115
317820,song,drumeo,317821,l6GDc,403
317822,song,drumeo,317823,b6GDc,195
317824,song,drumeo,317825,j6GDc,212
317827,song,drumeo,317828,Q6GDc,143
318561,song,drumeo,318562,DQ5Dc,232
318563,song,drumeo,318564,4Q5Dc,239
318565,song,drumeo,318566,yQ5Dc,197
318567,song,drumeo,318568,dQ5Dc,262
318569,song,drumeo,318570,WQ5Dc,156
318571,song,drumeo,318572,LQ5Dc,221
318573,song,drumeo,318574,9Q5Dc,1200
318575,song,drumeo,318576,1n5Dc,311
318577,song,drumeo,318578,jn5Dc,340
318579,song,drumeo,318580,9n5Dc,292
318581,song,drumeo,318582,Qn5Dc,452
318583,song,drumeo,318584,tn5Dc,194
318585,song,drumeo,318586,gn5Dc,441
318587,song,drumeo,318588,vn5Dc,395
318589,song,drumeo,318590,Sn5Dc,412
318591,song,drumeo,318592,cF5Dc,420
318593,song,drumeo,318594,wF5Dc,301
318595,song,drumeo,318596,YF5Dc,326
318597,song,drumeo,318598,HF5Dc,347
318599,song,drumeo,318600,5F5Dc,278
318601,song,drumeo,318602,hF5Dc,274
318603,song,drumeo,318604,mF5Dc,296
318605,song,drumeo,318606,SF5Dc,307
318607,song,drumeo,318608,Nt5Dc,311
318609,song,drumeo,318610,Dt5Dc,295
318611,song,drumeo,318612,kt5Dc,271
318613,song,drumeo,318614,lt5Dc,303
318615,song,drumeo,318616,Ct5Dc,209
318617,song,drumeo,318618,ym5Dc,211
318619,song,drumeo,318620,lm5Dc,172
318621,song,drumeo,318622,2m5Dc,232
318623,song,drumeo,318624,Xm5Dc,173
318625,song,drumeo,318626,Bm5Dc,197
318627,song,drumeo,318628,8S5Dc,233
318629,song,drumeo,318630,KVgDc,208
318631,song,drumeo,318632,-VgDc,411
318633,song,drumeo,318634,5VgDc,180
318635,song,drumeo,318636,6VgDc,304
318637,song,drumeo,318638,rVgDc,345
318639,song,drumeo,318640,zfgDc,298
318641,song,drumeo,318642,WfgDc,260
318643,song,drumeo,318644,QfgDc,293
318645,song,drumeo,318646,4DgDc,302
318647,song,drumeo,318648,3DgDc,277
318649,song,drumeo,318650,sDgDc,1089
318651,song,drumeo,318652,t2gDc,334
318653,song,drumeo,318654,tCgDc,317
318655,song,drumeo,318656,HRgDc,318
318657,song,drumeo,318658,sRgDc,339
318659,song,drumeo,318660,nRgDc,321
318661,song,drumeo,318662,pRgDc,277
318663,song,drumeo,318664,W3gDc,257
318665,song,drumeo,318666,VXgDc,296
318667,song,drumeo,318668,MXgDc,659
318669,song,drumeo,318670,DqgDc,287
318671,song,drumeo,318672,4qgDc,286
318673,song,drumeo,318674,JqgDc,196
318675,song,drumeo,318676,sqgDc,176
318677,song,drumeo,318678,NHgDc,239
318679,song,drumeo,318680,fHgDc,312
318681,song,drumeo,318682,kHgDc,307
318683,song,drumeo,318684,YHgDc,316
318685,song,drumeo,318686,7HgDc,354
318687,song,drumeo,318688,ZHgDc,381
318689,song,drumeo,318690,PHgDc,338
318691,song,drumeo,318692,vHgDc,240
318693,song,drumeo,318694,SHgDc,302
318695,song,drumeo,318696,NTgDc,274
318697,song,drumeo,318698,cTgDc,251
318699,song,drumeo,318700,cPgDc,354
318701,song,drumeo,318702,s5gDc,270
318703,song,drumeo,318704,d5gDc,248
318705,song,drumeo,318706,L5gDc,325
318707,song,drumeo,318708,wmgDc,312
318709,song,drumeo,318710,2mgDc,234
318711,song,drumeo,318712,TmgDc,319
318713,song,drumeo,318714,bmgDc,326
318715,song,drumeo,318716,dmgDc,280
318717,song,drumeo,318718,7mgDc,330
318719,song,drumeo,318720,PmgDc,230
318721,song,drumeo,318722,9mgDc,300
318723,song,drumeo,318724,KmgDc,337
318725,song,drumeo,318726,-mgDc,456
318727,song,drumeo,318728,nmgDc,148
318729,song,drumeo,318730,gmgDc,268
318731,song,drumeo,318732,GmgDc,298
318733,song,drumeo,318734,hmgDc,352
318735,song,drumeo,318736,vmgDc,384
318737,song,drumeo,318738,lf6Dc,396
318739,song,drumeo,318740,Rf6Dc,312
318741,song,drumeo,318742,qf6Dc,331
318743,song,drumeo,318744,Jf6Dc,292
318745,song,drumeo,318746,bf6Dc,137
318747,song,drumeo,318748,sf6Dc,324
318749,song,drumeo,318750,Bf6Dc,247
318751,song,drumeo,318752,nf6Dc,360
318753,song,drumeo,318754,gf6Dc,388
318755,song,drumeo,318756,n26Dc,253
318757,song,drumeo,318758,t26Dc,287
318759,song,drumeo,318760,G26Dc,246
318761,song,drumeo,318762,h26Dc,295
318763,song,drumeo,318764,m26Dc,223
318765,song,drumeo,318766,v26Dc,356
318767,song,drumeo,318768,p26Dc,289
318769,song,drumeo,318770,MC6Dc,298
318771,song,drumeo,318772,wC6Dc,344
318773,song,drumeo,318774,7C6Dc,329
318775,song,drumeo,318776,BC6Dc,339
318777,song,drumeo,318778,ZC6Dc,382
318779,song,drumeo,318780,jC6Dc,342
318781,song,drumeo,318782,KC6Dc,245
318783,song,drumeo,318784,mC6Dc,290
318785,song,drumeo,318786,VR6Dc,309
318787,song,drumeo,318788,YR6Dc,304
318789,song,drumeo,318790,RR6Dc,324
318791,song,drumeo,318792,3R6Dc,400
318793,song,drumeo,318794,HR6Dc,221
318795,song,drumeo,318796,JR6Dc,269
318797,song,drumeo,318798,sR6Dc,298
321166,song,drumeo,321167,RYvDc,194
321168,song,drumeo,321169,KYvDc,358
321171,song,drumeo,321172,clvDc,261
321174,song,drumeo,321175,-lvDc,173
321176,song,drumeo,321177,lzvDc,226
321178,song,drumeo,321180,7zvDc,168
321181,song,drumeo,321182,LzvDc,287
321183,song,drumeo,321184,6zvDc,191
321185,song,drumeo,321186,pzvDc,217
321187,song,drumeo,321188,k2vDc,223
321190,song,drumeo,321191,w2vDc,204
321192,song,drumeo,321193,H2vDc,223
321195,song,drumeo,321196,s2vDc,179
321197,song,drumeo,321198,82vDc,290
321200,song,drumeo,321201,P2vDc,343
321202,song,drumeo,321203,-CvDc,172
321204,song,drumeo,321205,cRvDc,235
321206,song,drumeo,321207,MRvDc,175
321208,song,drumeo,321209,h1vDc,255
321215,song,drumeo,321217,c8vDc,158
321219,song,drumeo,321220,M8vDc,252
321254,song,drumeo,321255,48vDc,228
321258,song,drumeo,321259,R8vDc,192
321264,song,drumeo,321265,18vDc,198
321268,song,drumeo,321269,78vDc,177
321270,song,drumeo,321271,P8vDc,185
321272,song,drumeo,321273,t8vDc,265
321279,song,drumeo,321280,v8vDc,301
321283,song,drumeo,321284,yRvDc,299
321337,song,drumeo,321338,3RvDc,120
321339,song,drumeo,321340,JRvDc,186
321341,song,drumeo,321342,w3vDc,276
321343,song,drumeo,321344,v3vDc,242
321345,song,drumeo,321346,YXvDc,203
321350,song,drumeo,321351,XXvDc,296
321352,song,drumeo,321353,s1vDc,260
321354,song,drumeo,321355,21vDc,217
321356,song,drumeo,321357,x1vDc,305
321360,song,drumeo,321361,MdvDc,174
321362,song,drumeo,321363,ydvDc,188
321365,song,drumeo,321366,3dvDc,147
321367,song,drumeo,321368,1dvDc,249
321369,song,drumeo,321370,R7vDc,243
321371,song,drumeo,321372,8WvDc,201
321373,song,drumeo,321374,7ZvDc,138
321375,song,drumeo,321376,CLvDc,303
321381,song,drumeo,321382,5jvDc,203
321383,song,drumeo,321384,SPvDc,234
321385,song,drumeo,321386,MKvDc,217
321927,song,drumeo,321928,ylSDc,301
321929,song,drumeo,321930,1lSDc,271
321932,song,drumeo,321933,HzSDc,235
321934,song,drumeo,321935,LzSDc,302
321944,song,drumeo,321945,-zSDc,295
321946,song,drumeo,321948,tzSDc,307
321949,song,drumeo,321950,D2SDc,265
321951,song,drumeo,321952,k2SDc,255
321954,song,drumeo,321955,42SDc,269
321958,song,drumeo,321959,77pDc,343
321960,song,drumeo,321964,B7pDc,324
321965,song,drumeo,321966,Y2SDc,234
321967,song,drumeo,321968,12SDc,239
321969,song,drumeo,321971,mHSDc,249
321972,song,drumeo,321973,5TSDc,249
321974,song,drumeo,321975,rTSDc,281
321976,song,drumeo,321977,pTSDc,242
321979,song,drumeo,321980,LJSDc,266
321981,song,drumeo,321983,xJSDc,272
321984,song,drumeo,321985,gJSDc,279
321988,song,drumeo,321989,VbSDc,277
321990,song,drumeo,321991,WbSDc,269
321992,song,drumeo,321993,GbSDc,315
321994,song,drumeo,321995,CsSDc,380
321996,song,drumeo,321997,ZsSDc,272
321998,song,drumeo,321999,T1SDc,234
322000,song,drumeo,322001,11SDc,332
322003,song,drumeo,322004,81SDc,214
322005,song,drumeo,322006,W1SDc,317
322007,song,drumeo,322008,j1SDc,309
322009,song,drumeo,322010,K1SDc,311
322011,song,drumeo,322012,r1SDc,265
322013,song,drumeo,322014,q8SDc,187
322016,song,drumeo,322017,s8SDc,274
322018,song,drumeo,322019,88SDc,338
322020,song,drumeo,322021,-8SDc,272
322024,song,drumeo,322025,TdSDc,284
322027,song,drumeo,322028,ddSDc,320
322029,song,drumeo,322030,ZdSDc,348
322031,song,drumeo,322035,jdSDc,248
322032,song,drumeo,322033,5dSDc,269
322058,song,drumeo,322059,77SDc,317
322060,song,drumeo,322061,Q7SDc,281
322062,song,drumeo,322065,d7SDc,311
322066,song,drumeo,322067,57SDc,284
322068,song,drumeo,322069,m7SDc,238
322070,song,drumeo,322071,67SDc,286
322079,song,drumeo,322080,S7SDc,309
322158,song,drumeo,322160,p7SDc,326
322161,song,drumeo,322162,cWSDc,289
322163,song,drumeo,322164,VWSDc,259
322166,song,drumeo,322167,DWSDc,235
322168,song,drumeo,322169,KjSDc,211
322172,song,drumeo,322173,xjSDc,352
322174,song,drumeo,322175,hjSDc,274
322176,song,drumeo,322177,fPSDc,225
322180,song,drumeo,322181,lPSDc,307
322182,song,drumeo,322183,2PSDc,317
322184,song,drumeo,322185,1PSDc,335
322186,song,drumeo,322187,ZPSDc,342
322188,song,drumeo,322189,KPSDc,288
322190,song,drumeo,322191,QPSDc,326
322192,song,drumeo,322193,6PSDc,388
322194,song,drumeo,322195,hPSDc,307
322451,song,drumeo,322452,cCNMc,229
322453,song,drumeo,322454,XCNMc,202
322455,song,drumeo,322456,JCNMc,237
322458,song,drumeo,322459,sCNMc,290
322460,song,drumeo,322461,ZCNMc,310
322462,song,drumeo,322807,QCNMc,314
322463,song,drumeo,322464,wJNMc,398
322466,song,drumeo,322468,1JNMc,305
322469,song,drumeo,322470,-JNMc,174
322471,song,drumeo,322473,rJNMc,343
322474,song,drumeo,322475,DbNMc,304
322476,song,drumeo,322477,TbNMc,296
322478,song,drumeo,322479,2bNMc,325
322480,song,drumeo,322482,dbNMc,257
322483,song,drumeo,322484,BbNMc,215
323902,song,drumeo,323904,g-cMc,331
323905,song,drumeo,323907,h-pDc,270
323906,song,drumeo,323908,G-cMc,217
323909,song,drumeo,323910,v-cMc,264
323912,song,drumeo,323913,nWcMc,222
323914,song,drumeo,323916,5WcMc,264
323915,song,drumeo,323917,p-cMc,331
323918,song,drumeo,323919,fQcMc,289
323920,song,drumeo,323923,GWcMc,274
323922,song,drumeo,323924,4QcMc,272
323925,song,drumeo,323928,vWcMc,350
323926,song,drumeo,323927,zQcMc,224
323929,song,drumeo,323932,SWcMc,269
323930,song,drumeo,323931,3QcMc,296
323933,song,drumeo,323936,cBcMc,233
323934,song,drumeo,323935,bncMc,258
323937,song,drumeo,323940,DBcMc,331
323938,song,drumeo,323939,ZncMc,225
323942,song,drumeo,323944,yBcMc,279
323943,song,drumeo,323945,v-pDc,194
323946,song,drumeo,323947,lBcMc,317
323948,song,drumeo,323949,2BcMc,277
323950,song,drumeo,323953,QncMc,267
323951,song,drumeo,323952,JQpDc,287
323954,song,drumeo,323957,pncMc,214
323955,song,drumeo,323956,dQpDc,273
323958,song,drumeo,323960,-QpDc,208
323959,song,drumeo,323961,lFcMc,344
323962,song,drumeo,323965,TFcMc,299
323963,song,drumeo,323964,YnpDc,254
323966,song,drumeo,323967,7FcMc,223
323968,song,drumeo,323969,XvcMc,288
323970,song,drumeo,323971,LvcMc,234
323972,song,drumeo,323973,KvcMc,229
323974,song,drumeo,323975,-vcMc,275
323976,song,drumeo,323977,gvcMc,303
323978,song,drumeo,323979,6vcMc,262
323980,song,drumeo,323983,PScMc,301
323981,song,drumeo,323982,CnpDc,315
323984,song,drumeo,323985,snpDc,182
323986,song,drumeo,323987,hvcMc,253
323988,song,drumeo,323989,NFpDc,287
323990,song,drumeo,323993,kFpDc,95
323991,song,drumeo,323992,tScMc,317
323994,song,drumeo,323995,/yFpDc,263
323996,song,drumeo,323999,zFpDc,235
323997,song,drumeo,323998,mScMc,204
324000,song,drumeo,324003,NzcMc,253
324001,song,drumeo,324002,MScMc,253
324006,song,drumeo,324007,kScMc,324
324008,song,drumeo,324010,czcMc,220
324009,song,drumeo,324011,YScMc,445
324012,song,drumeo,324014,MzcMc,295
324013,song,drumeo,324015,3ScMc,253
324016,song,drumeo,324018,fpcMc,230
324017,song,drumeo,324019,lzcMc,182
324020,song,drumeo,324021,1ScMc,363
324022,song,drumeo,324023,4pcMc,281
324024,song,drumeo,324025,2zcMc,218
324026,song,drumeo,324027,RzcMc,173
324028,song,drumeo,324029,XzcMc,238
324031,song,drumeo,324032,bzcMc,281
324034,song,drumeo,324035,wpcMc,214
324038,song,drumeo,324048,XpcMc,264
324050,song,drumeo,324051,w1cMc,390
324052,song,drumeo,324053,b1cMc,235
324054,song,drumeo,324055,KpcMc,180
324056,song,drumeo,324059,x2cMc,253
324057,song,drumeo,324058,n1cMc,196
324060,song,drumeo,324063,CpcMc,189
324061,song,drumeo,324062,52cMc,177
324064,song,drumeo,324067,51cMc,383
324065,song,drumeo,324066,r2cMc,313
324068,song,drumeo,324070,m2cMc,323
324069,song,drumeo,324071,88cMc,304
324072,song,drumeo,324074,hscMc,296
324073,song,drumeo,324076,bWcMc,385
324077,song,drumeo,324079,mscMc,257
324078,song,drumeo,324080,7WcMc,262
324081,song,drumeo,324085,jpcMc,277
324082,song,drumeo,324083,TpcMc,215
324086,song,drumeo,324087,SzcMc,328
324088,song,drumeo,324089,M2cMc,383
324090,song,drumeo,324091,k2cMc,259
324092,song,drumeo,324093,w2cMc,229
324094,song,drumeo,324095,C2cMc,152
324096,song,drumeo,324097,X2cMc,296
324098,song,drumeo,324099,q2cMc,258
324100,song,drumeo,324101,BzcMc,158
324102,song,drumeo,324103,ZpcMc,255
324104,song,drumeo,324105,1pcMc,287
324106,song,drumeo,324107,KzcMc,226
324108,song,drumeo,324109,dpcMc,192
324110,song,drumeo,324111,QzcMc,334
324112,song,drumeo,324113,LpcMc,221
324114,song,drumeo,324115,tzcMc,241
324386,song,drumeo,324388,NwDMc,250
324736,song,drumeo,324737,DwDMc,223
324811,song,drumeo,324812,sQfMc,320
324813,song,drumeo,324814,ZQfMc,240
324815,song,drumeo,324816,FQfMc,228
324817,song,drumeo,324818,6QfMc,296
324819,song,drumeo,324820,rQfMc,259
324821,song,drumeo,324822,mQfMc,261
324823,song,drumeo,324824,-hfMc,273
324825,song,drumeo,324826,rhfMc,219
324827,song,drumeo,324828,vhfMc,244
324829,song,drumeo,324830,p7fMc,423
324831,song,drumeo,324832,RmfMc,247
324833,song,drumeo,324834,TMDMc,218
324835,song,drumeo,324836,WMDMc,200
324837,song,drumeo,324838,jMDMc,277
324839,song,drumeo,324840,QMDMc,204
324841,song,drumeo,324842,6MDMc,171
324843,song,drumeo,324844,mMDMc,217
324845,song,drumeo,324846,ckDMc,227
324847,song,drumeo,324848,4kDMc,247
324849,song,drumeo,324850,lkDMc,258
324851,song,drumeo,324852,1kDMc,328
324853,song,drumeo,324854,LkDMc,242
324855,song,drumeo,324856,QkDMc,233
324857,song,drumeo,324858,pdfMc,299
324859,song,drumeo,324860,M7fMc,206
324861,song,drumeo,324862,47fMc,279
324863,song,drumeo,324864,y7fMc,287
324865,song,drumeo,324866,H7fMc,248
324867,song,drumeo,324868,j7fMc,193
324869,song,drumeo,324870,n7fMc,307
324871,song,drumeo,324872,r7fMc,184
324873,song,drumeo,324874,TWfMc,263
324875,song,drumeo,324876,LxfMc,245
324877,song,drumeo,324878,KxfMc,323
324879,song,drumeo,324880,nxfMc,267
324881,song,drumeo,324882,5xfMc,260
324883,song,drumeo,324884,SxfMc,398
324885,song,drumeo,324886,x-fMc,277
324887,song,drumeo,324888,5-fMc,347
324889,song,drumeo,324890,5yDMc,398
324891,song,drumeo,324892,p-fMc,280
324893,song,drumeo,324894,wQfMc,344
324895,song,drumeo,324896,dWfMc,229
324897,song,drumeo,324898,KWfMc,255
324899,song,drumeo,324900,-WfMc,301
324901,song,drumeo,324902,FWfMc,378
324903,song,drumeo,324904,XxfMc,237
324905,song,drumeo,324906,JxfMc,231
324907,song,drumeo,324908,8xfMc,266
324909,song,drumeo,324910,54DMc,226
324911,song,drumeo,324912,G4DMc,319
324913,song,drumeo,324914,S4DMc,309
324915,song,drumeo,324916,VmfMc,248
324917,song,drumeo,324918,fmfMc,245
324919,song,drumeo,324920,FyDMc,233
324921,song,drumeo,383459,DmfMc,277
324923,song,drumeo,324924,kyDMc,223
324925,song,drumeo,324926,ymfMc,271
324927,song,drumeo,324928,CmfMc,257
326646,song,drumeo,326647,CkkMc,263
326648,song,drumeo,326649,NkkMc,227
326651,song,drumeo,326652,7kkMc,110
326653,song,drumeo,326654,jkkMc,244
326655,song,drumeo,326656,-kkMc,432
326657,song,drumeo,326658,y4kMc,226
326660,song,drumeo,326661,D4kMc,350
326663,song,drumeo,326664,R4kMc,416
326665,song,drumeo,326666,q4kMc,277
326667,song,drumeo,326668,d4kMc,191
326669,song,drumeo,326670,v4kMc,217
326671,song,drumeo,326672,NykMc,166
326673,song,drumeo,326675,cykMc,338
326676,song,drumeo,326677,4ykMc,242
326678,song,drumeo,326680,lykMc,323
327106,song,drumeo,327107,-1DMc,29
327108,song,drumeo,327109,F1DMc,236
327110,song,drumeo,327111,61DMc,17
327113,song,drumeo,327114,h1DMc,116
327115,song,drumeo,327116,M8DMc,177
327117,song,drumeo,327118,Hj4Mc,190
327119,song,drumeo,327120,sj4Mc,184
327121,song,drumeo,327122,9j4Mc,226
327123,song,drumeo,327124,1g4Mc,156
327126,song,drumeo,327127,Wg4Mc,192
327128,song,drumeo,327129,9g4Mc,180
327130,song,drumeo,327133,mg4Mc,192
327132,song,drumeo,327135,T8DMc,242
327134,song,drumeo,327136,tg4Mc,118
327137,song,drumeo,327138,88DMc,259
327139,song,drumeo,327140,w64Mc,193
327142,song,drumeo,327143,K8DMc,195
327144,song,drumeo,327146,264Mc,218
327145,song,drumeo,327148,F8DMc,233
327147,song,drumeo,327151,cG4Mc,144
327149,song,drumeo,327150,1wMMc,266
327152,song,drumeo,327153,H64Mc,166
327154,song,drumeo,327155,kG4Mc,204
327157,song,drumeo,327158,b64Mc,138
327159,song,drumeo,327160,W64Mc,171
327161,song,drumeo,327162,v64Mc,149
327171,song,drumeo,327172,WwMMc,207
327173,song,drumeo,327174,ZwMMc,235
327175,song,drumeo,327176,KwMMc,167
327177,song,drumeo,327178,rwMMc,223
327179,song,drumeo,327180,QwMMc,201
327329,song,drumeo,327330,SwMMc,227
327331,song,drumeo,327332,fYMMc,186
327333,song,drumeo,327334,7X4Mc,199
327335,song,drumeo,327337,BX4Mc,43
327338,song,drumeo,327339,LX4Mc,146
327340,song,drumeo,327341,KX4Mc,186
327342,song,drumeo,327343,mX4Mc,186
327344,song,drumeo,327345,Vq4Mc,168
327346,song,drumeo,327347,zq4Mc,201
327348,song,drumeo,327349,FL4Mc,241
327350,song,drumeo,327351,6L4Mc,220
327456,song,drumeo,327458,lbyMc,263
327460,song,drumeo,327461,BbyMc,307
327462,song,drumeo,327463,-byMc,217
327464,song,drumeo,327465,csyMc,272
327466,song,drumeo,327467,hbyMc,182
327468,song,drumeo,327469,LsyMc,159
327470,song,drumeo,327471,QsyMc,330
327472,song,drumeo,327473,6syMc,354
327476,song,drumeo,327477,c1yMc,632
327479,song,drumeo,327480,C1yMc,197
327482,song,drumeo,327484,q1yMc,330
327485,song,drumeo,327486,51yMc,407
327488,song,drumeo,327489,v1yMc,253
327491,song,drumeo,327492,y8yMc,632
327493,song,drumeo,327496,d8yMc,252
327497,song,drumeo,327498,W8yMc,385
327500,song,drumeo,327501,NdyMc,388
327502,song,drumeo,327503,K8yMc,287
327504,song,drumeo,327505,YdyMc,180
327506,song,drumeo,327507,CdyMc,568
328144,song,drumeo,328145,kjwMc,269
328146,song,drumeo,328147,zjwMc,290
328148,song,drumeo,328154,HjwMc,349
328155,song,drumeo,328156,djwMc,289
328157,song,drumeo,328158,9jwMc,278
328159,song,drumeo,328160,gjwMc,227
328161,song,drumeo,328162,GjwMc,171
328163,song,drumeo,328164,DPwMc,183
328165,song,drumeo,328166,wPwMc,738
328167,song,drumeo,328168,KPwMc,257
328169,song,drumeo,328170,QPwMc/,315
328171,song,drumeo,328172,mPwMc,358
328173,song,drumeo,328174,pPwMc,233
328175,song,drumeo,328176,f9wMc,250
328178,song,drumeo,328179,D9wMc,329
328180,song,drumeo,328181,k9wMc,173
328182,song,drumeo,328183,y9wMc,329
328184,song,drumeo,328185,Y9wMc,287
328186,song,drumeo,328187,z9wMc,223
328189,song,drumeo,328190,C9wMc,266
328191,song,drumeo,328192,mGwMc,160
328193,song,drumeo,328194,VrwMc,230
328195,song,drumeo,328196,wrwMc,234
328197,song,drumeo,328198,CrwMc,169
328199,song,drumeo,328200,XrwMc,308
328201,song,drumeo,328202,7rwMc,234
328203,song,drumeo,328204,KrwMc,277
328206,song,drumeo,328207,6rwMc,214
328208,song,drumeo,328209,vrwMc,429
328210,song,drumeo,328211,2hwMc,219
328212,song,drumeo,328213,bhwMc,223
328214,song,drumeo,328216,KhwMc,450
328217,song,drumeo,328218,6hwMc,223
328219,song,drumeo,328220,fmwMc,313
328221,song,drumeo,328222,DmwMc,180
328223,song,drumeo,328224,MmwMc,231
328225,song,drumeo,328226,ymwMc,208
328227,song,drumeo,328228,XmwMc,164
328233,song,drumeo,328235,TmwMc,211
328237,song,drumeo,328238,LmwMc,705
328239,song,drumeo,328240,9mwMc,261
328241,song,drumeo,328242,xmwMc,394
328243,song,drumeo,328244,hmwMc,410
328245,song,drumeo,328246,nmwMc,247
328247,song,drumeo,328248,NvwMc,181
328249,song,drumeo,328250,kvwMc,285
328251,song,drumeo,328252,yvwMc,310
328253,song,drumeo,328254,zvwMc,224
328255,song,drumeo,328256,bvwMc,176
329024,song,drumeo,329025,zjlMc,291
329026,song,drumeo,329027,sjlMc,342
329028,song,drumeo,329029,pjlMc,309
329030,song,drumeo,329031,kPlMc,527
329032,song,drumeo,329033,2PlMc,376
329034,song,drumeo,329035,XPlMc,364
329036,song,drumeo,329037,1PlMc,373
329038,song,drumeo,329039,mHlMc,1026
329040,song,drumeo,329041,SLlMc,686
329043,song,drumeo,329044,9TlMc,619
329045,song,drumeo,329046,pTlMc,75
329047,song,drumeo,329048,fJlMc,88
329049,song,drumeo,329050,wJlMc,201
329051,song,drumeo,329052,qJlMc,335
329054,song,drumeo,329055,pZlMc,217
329056,song,drumeo,329058,fLlMc,111
329059,song,drumeo,329060,yLlMc,319
329061,song,drumeo,329063,1LlMc,237
329064,song,drumeo,329065,ZLlMc,256
329066,song,drumeo,329068,KLlMc,97
329069,song,drumeo,329070,nLlMc,147
329576,song,drumeo,329577,LCzMc,488
330002,song,drumeo,330003,dyHkc,666
330225,song,drumeo,330226,rc2Mc,325
330228,song,drumeo,330229,VV2Mc,306
330230,song,drumeo,330231,zj2Mc,328
330232,song,drumeo,330233,-r2Mc,259
330234,song,drumeo,330236,8j2Mc,239
330237,song,drumeo,330239,Wj2Mc,266
330240,song,drumeo,330241,Kj2Mc,303
330243,song,drumeo,330244,pr2Mc,318
330246,song,drumeo,330247,yV2Mc,332
330253,song,drumeo,330254,HV2Mc,232
330255,song,drumeo,330257,8V2Mc,369
330259,song,drumeo,330260,KV2Mc,210
330261,song,drumeo,330262,xV2Mc,258
330270,song,drumeo,330271,GV2Mc,317
330272,song,drumeo,330273,cf2Mc,377
330274,song,drumeo,330275,df2Mc,284
330276,song,drumeo,330277,Wf2Mc,339
330279,song,drumeo,330280,-f2Mc,272
330281,song,drumeo,330282,Gf2Mc,247
330283,song,drumeo,330285,pf2Mc,351
330286,song,drumeo,330287,MD2Mc,420
330289,song,drumeo,330290,pC2Mc,254
330291,song,drumeo,330292,5R2Mc,346
330293,song,drumeo,330294,k32Mc,293
330295,song,drumeo,330296,H32Mc,246
330297,song,drumeo,330298,VX2Mc,357
330299,song,drumeo,330300,kX2Mc,443
330302,song,drumeo,330303,WX2Mc,311
330304,song,drumeo,330305,4q2Mc,288
330308,song,drumeo,330310,sq2Mc,374
330311,song,drumeo,330312,2D2Mc,319
330313,song,drumeo,330315,JD2Mc,342
330316,song,drumeo,330317,7D2Mc,313
330318,song,drumeo,330319,BD2Mc,259
330320,song,drumeo,330321,MC2Mc,267
330323,song,drumeo,330324,RC2Mc,248
330326,song,drumeo,330327,1C2Mc,256
330328,song,drumeo,330329,PC2Mc,233
330330,song,drumeo,330331,tC2Mc,229
330340,song,drumeo,330341,qhzMc,371
330344,song,drumeo,330345,TvzMc,325
330346,song,drumeo,330347,7vzMc,233
330348,song,drumeo,330349,TSzMc,326
330350,song,drumeo,330351,BSzMc,148
330352,song,drumeo,330353,qpzMc,270
330355,song,drumeo,330356,TN2Mc,189
330360,song,drumeo,330361,bN2Mc,350
330362,song,drumeo,330363,BN2Mc,468
330364,song,drumeo,330365,jc2Mc,289
330367,song,drumeo,330368,Kc2Mc,149
330546,song,drumeo,330547,Hq2Mc,261
331182,song,drumeo,331183,VYCMc,470
331184,song,drumeo,331186,zYCMc,670
331187,song,drumeo,331188,9YCMc,441
331189,song,drumeo,331190,6YCMc,229
331191,song,drumeo,331192,bYCMc,304
331193,song,drumeo,331194,SYCMc,232
331196,song,drumeo,331199,blCMc,279
331201,song,drumeo,331202,7lCMc,211
331204,song,drumeo,331205,-lCMc,236
331207,song,drumeo,331208,hlCMc,319
331209,song,drumeo,331211,plCMc,290
331212,song,drumeo,331213,czCMc,274
331216,song,drumeo,331218,JzCMc,271
331219,song,drumeo,331220,dzCMc,189
331221,song,drumeo,331222,LzCMc,326
331549,song,drumeo,331550,cm3Mc,200
331551,song,drumeo,331552,Rm3Mc,234
331553,song,drumeo,331554,qm3Mc,254
331555,song,drumeo,331556,kzRMc,257
331558,song,drumeo,331560,BzRMc,460
331561,song,drumeo,331562,f2RMc,177
331563,song,drumeo,331564,H2RMc,412
331565,song,drumeo,331566,L2RMc,193
331567,song,drumeo,331568,92RMc,256
331569,song,drumeo,331570,HCRMc,233
331571,song,drumeo,331572,LCRMc,273
331573,song,drumeo,331574,6CRMc,227
331575,song,drumeo,331576,HRRMc,217
331577,song,drumeo,331578,8RRMc,241
331579,song,drumeo,331580,8m3Mc,271
333466,song,drumeo,333467,3zXMc,313
333468,song,drumeo,333469,2qqMc,386
333470,song,drumeo,333471,RqqMc,346
333472,song,drumeo,333473,bqqMc,396
333474,song,drumeo,333475,ZqqMc,398
333476,song,drumeo,333477,rqqMc,370
333478,song,drumeo,333479,4HqMc,508
333480,song,drumeo,333481,qHqMc,199
333482,song,drumeo,333483,bHqMc,429
333484,song,drumeo,333485,2SXMc,260
333486,song,drumeo,333487,ZRqMc,305
333488,song,drumeo,333489,L3qMc,315
333490,song,drumeo,333491,3XqMc,320
333493,song,drumeo,333494,WXqMc,351
333495,song,drumeo,333496,jXqMc,238
333497,song,drumeo,333498,xXqMc,309
333499,song,drumeo,333500,-XqMc,332
333501,song,drumeo,333502,vXqMc,496
333503,song,drumeo,333504,fqqMc,386
333505,song,drumeo,333506,4qqMc,397
333507,song,drumeo,333508,g4qMc,242
333509,song,drumeo,333510,2wqMc,228
333511,song,drumeo,333512,XwqMc,263
333514,song,drumeo,333515,dwqMc,234
333516,song,drumeo,333517,6wqMc,309
333518,song,drumeo,333519,VYqMc,245
333520,song,drumeo,333521,y2qMc,495
333522,song,drumeo,333523,qSXMc,287
333524,song,drumeo,333525,WSXMc,536
333527,song,drumeo,333528,8HqMc,351
337401,song,drumeo,337403,SQJMc,354
337404,song,drumeo,337405,znJMc,247
337407,song,drumeo,337408,XnJMc,476
337409,song,drumeo,337410,gnJMc,202
337411,song,drumeo,337412,vnJMc,198
337413,song,drumeo,337414,DFJMc,287
337417,song,drumeo,337418,4FJMc,246
337421,song,drumeo,337422,HFJMc,282
337426,song,drumeo,337428,jFJMc,232
337430,song,drumeo,337431,nFJMc,212
337432,song,drumeo,337434,CtJMc,301
337435,song,drumeo,337436,TtJMc,270
337437,song,drumeo,337438,stJMc,195
337439,song,drumeo,337440,jtJMc,196
337441,song,drumeo,337442,FtJMc,206
337443,song,drumeo,337444,GtJMc,224
337445,song,drumeo,337446,mtJMc,297
337447,song,drumeo,337448,c5JMc,145
337449,song,drumeo,337450,PNbMc,267
337452,song,drumeo,337453,k5JMc,218
337454,song,drumeo,337455,xk1Mc,211
337854,song,drumeo,337855,vhsMc,221
337856,song,drumeo,337857,phsMc,259
337858,song,drumeo,337859,VmsMc,237
337860,song,drumeo,337861,Nl1Mc,182
337863,song,drumeo,337864,zl1Mc,256
337865,song,drumeo,337866,Xl1Mc,233
337867,song,drumeo,337868,Tl1Mc,192
337869,song,drumeo,337870,Zl1Mc,250
337872,song,drumeo,337873,Kl1Mc,111
337874,song,drumeo,337875,Ql1Mc,291
337876,song,drumeo,337877,Fl1Mc,206
337878,song,drumeo,337879,rl1Mc,221
337882,song,drumeo,337884,cz1Mc,218
337885,song,drumeo,337886,Mz1Mc,223
337887,song,drumeo,337888,4z1Mc,268
340090,song,drumeo,340091,ysdMc,382
340092,song,drumeo,340093,NvdMc,326
340094,song,drumeo,340095,4vdMc,287
340096,song,drumeo,340097,P5dMc,358
340098,song,drumeo,340099,FvdMc,353
340100,song,drumeo,340102,Q5dMc,379
340103,song,drumeo,340104,8vdMc,418
340105,song,drumeo,340106,2vdMc,332
340107,song,drumeo,340108,mFdMc,443
340109,song,drumeo,340110,ftdMc,1200
340112,song,drumeo,340113,xsdMc,627
340114,song,drumeo,340115,ttdMc,483
340116,song,drumeo,340117,vtdMc,578
340118,song,drumeo,340119,R5dMc,642
340120,song,drumeo,340122,W5dMc,316
340123,song,drumeo,340124,hSdMc,323
340125,song,drumeo,340126,SSdMc,208
340127,song,drumeo,340129,4SdMc,307
340130,song,drumeo,340131,2SdMc,177
340132,song,drumeo,340135,rSdMc/,264
341259,song,drumeo,341260,VPWMc,227
341261,song,drumeo,341262,p9WMc,260
341263,song,drumeo,341264,rXWMc,143
341265,song,drumeo,341266,PKWMc,239
341267,song,drumeo,341268,9KWMc,238
341269,song,drumeo,341271,-xWMc,248
341272,song,drumeo,341273,hxWMc,327
341275,song,drumeo,341276,k-WMc,311
341277,song,drumeo,341278,z-WMc,281
341279,song,drumeo,341280,3-WMc,319
344716,song,drumeo,344717,qpZMc,271
344719,song,drumeo,344720,1pZMc,264
344722,song,drumeo,344723,hqLMc,275
344724,song,drumeo,344725,jpZMc,202
344726,song,drumeo,344727,KpZMc,340
344728,song,drumeo,344729,6pZMc,297
344730,song,drumeo,344731,kNLMc,345
344733,song,drumeo,344734,zBjMc,501
344735,song,drumeo,344736,lNLMc,296
344737,song,drumeo,344739,XNLMc,295
344740,song,drumeo,344741,xNLMc,369
344742,song,drumeo,344743,FNLMc,215
344744,song,drumeo,344745,XXLMc,250
344746,song,drumeo,344747,dXLMc,276
344748,song,drumeo,344749,LXLMc,313
344750,song,drumeo,344752,xXLMc,213
344753,song,drumeo,344754,gXLMc,216
344757,song,drumeo,344758,VqLMc,313
344759,song,drumeo,344760,yqLMc,193
344762,song,drumeo,344764,RqLMc,259
344765,song,drumeo,344766,LqLMc,231
346190,song,drumeo,346191,ss9Mc,660
346193,song,drumeo,346194,gs9Mc,583
346197,song,drumeo,346198,Gs9Mc,459
346199,song,drumeo,346200,Y19Mc,395
346204,song,drumeo,346205,T19Mc,189
346206,song,drumeo,346207,819Mc,268
346208,song,drumeo,346209,j19Mc,218
346210,song,drumeo,346212,t19Mc,362
346213,song,drumeo,346214,p19Mc,239
346215,song,drumeo,346216,R99Mc,564
346217,song,drumeo,346218,xK9Mc,269
346219,song,drumeo,346220,tK9Mc,409
346221,song,drumeo,346222,fx9Mc,407
346223,song,drumeo,346224,wx9Mc,450
346613,song,drumeo,346614,JVKMc,644
347039,song,drumeo,347042,YJKMc,239
347043,song,drumeo,347044,tTKMc,279
347045,song,drumeo,347046,1JKMc,236
347047,song,drumeo,347048,dJKMc,267
347049,song,drumeo,347050,LJKMc,240
347051,song,drumeo,347052,nJKMc,285
347054,song,drumeo,347055,cbKMc,285
347056,song,drumeo,347057,lbKMc,239
347058,song,drumeo,347059,dbKMc,271
347061,song,drumeo,347062,XbKMc,225
347063,song,drumeo,347064,H1KMc,227
347065,song,drumeo,347066,J1KMc,227
348723,song,drumeo,348725,cbKMc,285
348726,song,drumeo,348727,lbKMc,239
348728,song,drumeo,348729,V5QMc,220
348734,song,drumeo,348735,w5QMc,214
348736,song,drumeo,348737,d5QMc,260
348738,song,drumeo,348739,L5QMc,225
348740,song,drumeo,348742,K5QMc,258
348743,song,drumeo,348744,65QMc,506
348745,song,drumeo,348746,Ky-Mc,213
348749,song,drumeo,348750,4gQMc,270
348751,song,drumeo,348752,J6QMc,328
348753,song,drumeo,348754,d6QMc,352
348755,song,drumeo,348756,P6QMc,346
348757,song,drumeo,348760,56QMc,240
348761,song,drumeo,348762,g6QMc,396
348763,song,drumeo,348764,WVnMc,329
348766,song,drumeo,348767,LVnMc,315
348768,song,drumeo,348769,QVnMc,244
348770,song,drumeo,348772,rVnMc,271
348774,song,drumeo,348775,JfnMc,177
349668,song,drumeo,349669,RTFMc,488
349673,song,drumeo,349674,WTFMc,211
349675,song,drumeo,349676,xTFMc,334
349677,song,drumeo,349679,VJFMc,245
349680,song,drumeo,349681,CJFMc,228
349682,song,drumeo,349683,bJFMc,255
349684,song,drumeo,349685,nJFMc,388
349686,song,drumeo,349687,4bFMc,301
349688,song,drumeo,349689,TbFMc,251
349690,song,drumeo,349691,ZbFMc,257
349692,song,drumeo,349693,KbFMc,287
349694,song,drumeo,349695,8sFMc,216
349696,song,drumeo,349709,xsFMc,293
349710,song,drumeo,349711,c1FMc,212
349712,song,drumeo,349713,M1FMc,256
349715,song,drumeo,349716,Y1FMc,184
349717,song,drumeo,349718,Y8FMc,369
349719,song,drumeo,349720,R8FMc,198
349721,song,drumeo,349722,J8FMc,269
349723,song,drumeo,349724,88FMc,207
349725,song,drumeo,349727,W8FMc,338
349728,song,drumeo,349729,P8FMc,287
349730,song,drumeo,349731,t8FMc,197
349732,song,drumeo,349733,G8FMc,156
349735,song,drumeo,349736,h8FMc,269
349737,song,drumeo,349738,p8FMc,262
349739,song,drumeo,349740,kdFMc,444
349741,song,drumeo,349742,HdFMc,210
349744,song,drumeo,349745,JdFMc,252
349747,song,drumeo,349748,WdFMc,245
349749,song,drumeo,349750,ZKFMc,380
349752,song,drumeo,349754,PKFMc,297
349755,song,drumeo,349756,FKFMc,272
349758,song,drumeo,349861,gKFMc,195
349862,song,drumeo,349863,NxFMc,227
349864,song,drumeo,349865,yxFMc,490
349866,song,drumeo,349867,TxFMc,354
349868,song,drumeo,349869,ZxFMc,374
349870,song,drumeo,349871,SxFMc,185
349872,song,drumeo,349873,kQFMc,238
349874,song,drumeo,349875,YQFMc,267
349876,song,drumeo,349877,sQFMc,255
349878,song,drumeo,349879,vQFMc,236
349880,song,drumeo,349881,SQFMc,221
349882,song,drumeo,349883,fnFMc,237
349884,song,drumeo,349885,wnFMc,298
349887,song,drumeo,349888,XnFMc,274
349889,song,drumeo,349890,snFMc,213
349891,song,drumeo,349892,jnFMc,243
349893,song,drumeo,349894,nnFMc,208
351989,song,drumeo,351990,pcGMc,277
352677,song,drumeo,352687,4prMc,196
352690,song,drumeo,352691,wchMc,253
352693,song,drumeo,352695,dprMc,217
352696,song,drumeo,352697,zNhMc,286
352698,song,drumeo,352700,jnhMc,203
352701,song,drumeo,352702,TbhMc,258
352703,song,drumeo,352704,tbhMc,240
352705,song,drumeo,352706,SnhMc,203
352707,song,drumeo,352708,MFhMc,287
352709,song,drumeo,352710,fnhMc,192
352711,song,drumeo,352712,8JhMc,260
352713,song,drumeo,352714,HnhMc,269
352715,song,drumeo,352716,JVhMc,247
352717,song,drumeo,352718,1VhMc,221
352719,song,drumeo,352720,7VhMc,211
352721,song,drumeo,352722,8chMc,261
352723,song,drumeo,352724,BVhMc,255
352725,song,drumeo,352726,ZVhMc,256
352727,song,drumeo,352728,h5hMc,266
352729,song,drumeo,352730,/fghMc,412
352731,song,drumeo,352732,F5hMc,217
352733,song,drumeo,352735,yghMc,161
352736,song,drumeo,352737,N5hMc,384
352739,song,drumeo,352740,MdhMc,659
352741,song,drumeo,352742,lghMc,350
352743,song,drumeo,352744,71hMc,445
352746,song,drumeo,352747,cshMc,408
354792,song,drumeo,354793,m2pMc,149
356003,song,drumeo,356004,WKpMc,198
356005,song,drumeo,356006,h9pMc,210
356007,song,drumeo,356008,vPpMc,277
356009,song,drumeo,356010,X9pMc,268
356011,song,drumeo,356012,4xpMc,257
356013,song,drumeo,356014,tnckc,257
356015,song,drumeo,356016,YFckc,289
356017,song,drumeo,356018,9Fckc,239
356020,song,drumeo,356021,ctckc,205
356022,song,drumeo,356023,Stckc,266
356024,song,drumeo,356025,5gfkc,366
356026,song,drumeo,356027,c5ckc,205
356028,song,drumeo,356029,y5ckc,264
356030,song,drumeo,356031,T5ckc,238
356032,song,drumeo,356033,n5ckc,231
356034,song,drumeo,356035,65ckc,354
356036,song,drumeo,356037,wgckc,164
356038,song,drumeo,356039,tjfkc,257
356040,song,drumeo,356041,rjfkc,222
356042,song,drumeo,356043,VPfkc,168
356044,song,drumeo,356045,2Pfkc,410
356046,song,drumeo,356047,8Pfkc,449
356048,song,drumeo,356049,7gckc,275
356050,song,drumeo,356051,LPfkc,246
356052,song,drumeo,356053,xPfkc,326
356054,song,drumeo,356055,k9fkc,253
356057,song,drumeo,356058,lgckc,145
356059,song,drumeo,356060,L9fkc,270
356061,song,drumeo,356062,v9fkc,339
356063,song,drumeo,356064,bKfkc,367
356065,song,drumeo,356066,WKfkc,268
356067,song,drumeo,356068,9gckc,186
356069,song,drumeo,356070,fdMkc,311
356071,song,drumeo,356072,9dMkc,315
356073,song,drumeo,356074,kWMkc,276
356075,song,drumeo,356076,7WMkc,239
356077,song,drumeo,356078,jWMkc,256
356079,song,drumeo,356080,6WMkc,209
356081,song,drumeo,356082,L1Mkc,573
356083,song,drumeo,356084,wBMkc,247
356086,song,drumeo,356087,3BMkc,195
356088,song,drumeo,383457,7BMkc,140
357338,song,drumeo,357341,PvDkc,340
357339,song,drumeo,357340,QvDkc,188
357342,song,drumeo,357343,tvDkc,280
357344,song,drumeo,357345,NSDkc,345
357346,song,drumeo,357347,4SDkc,420
358910,song,drumeo,358911,tgkkc,246
358912,song,drumeo,358913,C6kkc,350
358914,song,drumeo,358915,R6kkc,269
358916,song,drumeo,358917,X6kkc,241
358918,song,drumeo,358919,T6kkc,232
358920,song,drumeo,358921,W6kkc,182
358922,song,drumeo,358923,Z6kkc,134
358924,song,drumeo,358925,j6kkc,165
358926,song,drumeo,358927,K6kkc,254
358928,song,drumeo,358929,x6kkc,255
358930,song,drumeo,358931,Q6kkc,352
358932,song,drumeo,358933,F6kkc,201
358934,song,drumeo,358935,DGkkc,229
358936,song,drumeo,358937,q74kc,222
358938,song,drumeo,358939,kGkkc,278
358940,song,drumeo,358941,4Gkkc,233
358942,song,drumeo,358943,yGkkc,248
358944,song,drumeo,358945,wGkkc,279
358946,song,drumeo,358947,YGkkc,257
358948,song,drumeo,358949,XGkkc,299
358950,song,drumeo,358951,dGkkc,470
358952,song,drumeo,358953,ZGkkc,274
358954,song,drumeo,358955,9Gkkc,307
358956,song,drumeo,358957,KGkkc,300
358958,song,drumeo,358959,FGkkc,278
358960,song,drumeo,358961,Drkkc,269
358962,song,drumeo,358963,4rkkc,271
358964,song,drumeo,358965,hrkkc,266
358966,song,drumeo,358967,mrkkc,201
358968,song,drumeo,358969,Srkkc,252
358970,song,drumeo,358971,prkkc,352
358972,song,drumeo,358973,Nhkkc,279
358974,song,drumeo,358975,chkkc,124
358976,song,drumeo,358977,fhkkc,238
358978,song,drumeo,358979,Dhkkc,215
358980,song,drumeo,358981,Mhkkc,198
358982,song,drumeo,358983,khkkc,278
358984,song,drumeo,358985,yhkkc,316
358986,song,drumeo,358987,whkkc,289
358988,song,drumeo,358989,lhkkc,313
358990,song,drumeo,358991,phkkc,238
358992,song,drumeo,358993,Pmkkc,199
358994,song,drumeo,358995,9mkkc,229
358996,song,drumeo,358997,-mkkc,303
358998,song,drumeo,358999,jRykc,276
359000,song,drumeo,359001,tRykc,222
359002,song,drumeo,359003,Y3ykc,313
359004,song,drumeo,359005,H3ykc,254
359006,song,drumeo,359007,s3ykc,231
359008,song,drumeo,359009,73ykc,322
359010,song,drumeo,359011,P3ykc,305
359012,song,drumeo,359013,x3ykc,233
359014,song,drumeo,359015,t3ykc,257
359016,song,drumeo,359017,m3ykc,272
359018,song,drumeo,359019,fXykc,312
359020,song,drumeo,359021,nmkkc,429
359022,song,drumeo,359023,Fmkkc,241
359024,song,drumeo,359025,4Xykc,315
359026,song,drumeo,359027,3Xykc,289
359028,song,drumeo,359029,qXykc,368
359030,song,drumeo,359031,tmkkc,230
359032,song,drumeo,359033,Kd4kc,344
359034,song,drumeo,359035,jXykc,266
359036,song,drumeo,359037,sXykc,270
359038,song,drumeo,359039,5Xykc,320
359040,song,drumeo,359041,Nqykc,221
359042,song,drumeo,359043,yqykc,243
359044,song,drumeo,359045,Xqykc,280
359046,song,drumeo,359047,sqykc,382
359048,song,drumeo,359049,NTykc,372
359050,song,drumeo,359051,DTykc,83
359052,song,drumeo,359053,SJykc,220
359054,song,drumeo,359055,pJykc,250
359056,song,drumeo,359057,Mbykc,234
359058,song,drumeo,359059,ybykc,263
359060,song,drumeo,359061,wbykc,260
359062,song,drumeo,359063,gWykc,256
359064,song,drumeo,359065,VBykc,207
359066,song,drumeo,359067,MBykc,205
359068,song,drumeo,359069,4Bykc,242
359070,song,drumeo,359071,2Bykc,274
359072,song,drumeo,359073,yvkkc,191
359074,song,drumeo,359075,wvkkc,215
359076,song,drumeo,359077,Yvkkc,265
359078,song,drumeo,359079,lvkkc,286
359080,song,drumeo,359081,2vkkc,242
359082,song,drumeo,359083,HBykc,273
359084,song,drumeo,359085,WBykc,441
359086,song,drumeo,359087,nBykc,313
359088,song,drumeo,359089,6Bykc,335
359090,song,drumeo,359091,mBykc,98
359092,song,drumeo,359093,SBykc,621
359094,song,drumeo,359095,3Zykc,209
359096,song,drumeo,359097,XZykc,260
359319,song,drumeo,359320,7-Nkc,334
359323,song,drumeo,359324,nDMkc,299
359325,song,drumeo,359327,LkNkc,316
359329,song,drumeo,359330,7twkc,352
359333,song,drumeo,359334,NLDkc,408
359967,song,drumeo,359987,Dplkc,362
359988,song,drumeo,359990,yplkc,366
359991,song,drumeo,359992,N5zkc,224
359993,song,drumeo,359994,-tzkc,294
359995,song,drumeo,359996,hSlkc,969
359997,song,drumeo,359998,2gzkc,1023
359999,song,drumeo,360000,GSlkc,261
360001,song,drumeo,360002,kplkc,254
360003,song,drumeo,360004,k5zkc,359
360005,song,drumeo,360006,cplkc,263
360007,song,drumeo,360008,mSlkc,255
360009,song,drumeo,360010,Vplkc,271
360011,song,drumeo,360012,R5zkc,288
360013,song,drumeo,360014,gSlkc,237
360015,song,drumeo,360016,pSlkc,314
360017,song,drumeo,360018,B5zkc,209
360019,song,drumeo,360020,fplkc,209
360021,song,drumeo,360022,65zkc,263
360023,song,drumeo,360024,Bvkkc,210
360025,song,drumeo,360026,Pvkkc,324
360027,song,drumeo,360028,9vkkc,171
360029,song,drumeo,360030,Kvkkc,164
360031,song,drumeo,360032,7vkkc,348
361687,song,drumeo,361688,5Z3kc,422
361689,song,drumeo,361690,4vkkc,181
361695,song,drumeo,361696,cL3kc,201
361698,song,drumeo,361699,6mkkc,317
361700,song,drumeo,361701,Vvkkc,219
361702,song,drumeo,361703,fvkkc,253
361704,song,drumeo,361705,Dvkkc,329
361706,song,drumeo,361707,Nvkkc,231
361708,song,drumeo,361709,DL3kc,267
361710,song,drumeo,361711,qL3kc,305
361713,song,drumeo,361714,8L3kc,200
361715,song,drumeo,361716,7L3kc,261
361717,song,drumeo,361718,rmkkc,271
361719,song,drumeo,361720,Gmkkc,250
361721,song,drumeo,361722,hmkkc,258
361723,song,drumeo,361724,Smkkc,235
361725,song,drumeo,361726,BL3kc,269
362426,song,drumeo,362427,5gXkc,386
362428,song,drumeo,362429,Gxqkc,284
362430,song,drumeo,362432,Psqkc,460
362433,song,drumeo,362434,vxXkc,310
362435,song,drumeo,362436,l6Xkc,273
362437,song,drumeo,362438,36Xkc,195
362439,song,drumeo,362440,T6Xkc,274
362441,song,drumeo,362442,86Xkc,249
362443,song,drumeo,362444,B6Xkc,181
362445,song,drumeo,362446,yGXkc,207
362447,song,drumeo,362448,MGXkc,216
362449,song,drumeo,362452,66Xkc,319
362453,song,drumeo,362454,56Xkc,165
362455,song,drumeo,362456,j6Xkc,315
362457,song,drumeo,362458,xxXkc,263
362459,song,drumeo,362460,FxXkc,592
362461,song,drumeo,362462,5xXkc,234
362463,song,drumeo,362464,6xXkc,234
362465,song,drumeo,362466,hxXkc,345
362468,song,drumeo,362469,N-Xkc,236
362470,song,drumeo,362471,LxXkc,205
362472,song,drumeo,362473,wKXkc,244
362474,song,drumeo,362475,4KXkc,387
362476,song,drumeo,362477,PxXkc,257
362478,song,drumeo,362479,SxXkc,253
364651,song,drumeo,364652,r-Hkc,244
364653,song,drumeo,364654,m-Hkc,242
364655,song,drumeo,364657,DQHkc,324
364658,song,drumeo,364659,XQHkc,187
364660,song,drumeo,364662,bQHkc,185
364663,song,drumeo,364664,7QHkc,260
364665,song,drumeo,364666,PQHkc,197
364667,song,drumeo,364668,-QHkc,256
364669,song,drumeo,364670,FQHkc,261
364671,song,drumeo,364674,4nHkc,234
364676,song,drumeo,364677,YnHkc,205
364679,song,drumeo,364680,dnHkc,212
364681,song,drumeo,364682,GnHkc,204
364683,song,drumeo,364684,XFHkc,315
364685,song,drumeo,364686,bFHkc,220
364687,song,drumeo,364688,PFHkc,253
364689,song,drumeo,364690,9FHkc,326
364691,song,drumeo,364692,QFHkc,471
364693,song,drumeo,364694,vFHkc,293
364695,song,drumeo,364700,ftHkc,170
364706,song,drumeo,364707,ztHkc,144
364708,song,drumeo,364709,CtHkc,300
364710,song,drumeo,364711,7tHkc,539
364712,song,drumeo,364713,QtHkc,236
364714,song,drumeo,364715,5tHkc,326
364716,song,drumeo,364717,mtHkc,260
364718,song,drumeo,364719,MhHkc,303
364720,song,drumeo,364721,WhHkc,226
364722,song,drumeo,364723,rhHkc,201
364724,song,drumeo,364725,phHkc,163
364728,song,drumeo,364730,4mHkc,174
364732,song,drumeo,364733,bmHkc,180
364735,song,drumeo,364736,tmHkc,235
364737,song,drumeo,364738,mmHkc,301
364740,song,drumeo,364741,DvHkc,196
364742,song,drumeo,364744,zvHkc,233
364746,song,drumeo,364748,kpHkc,396
364749,song,drumeo,364750,lpHkc,407
364752,song,drumeo,364753,3pHkc,267
364755,song,drumeo,364756,jpHkc,342
364757,song,drumeo,364758,spHkc,277
364759,song,drumeo,364760,-pHkc,294
364762,song,drumeo,364763,vpHkc,155
364765,song,drumeo,364766,NNTkc,266
364767,song,drumeo,364768,fNTkc,265
364769,song,drumeo,364770,NzTkc,441
364771,song,drumeo,364772,kNTkc,190
364773,song,drumeo,364774,lNTkc,207
364777,song,drumeo,364778,HNTkc,170
364779,song,drumeo,364780,vKHkc,273
364781,song,drumeo,364782,JNTkc,228
364783,song,drumeo,364785,dNTkc,254
364786,song,drumeo,364787,KNTkc,549
365646,song,drumeo,365648,zG1kc,335
365649,song,drumeo,365650,JG1kc,291
365651,song,drumeo,365652,xQ1kc,163
365653,song,drumeo,365654,TV7kc,362
365655,song,drumeo,365656,vG1kc,512
365657,song,drumeo,365658,FQ1kc,175
365659,song,drumeo,365660,BQ1kc,234
365661,song,drumeo,365662,T88kc,230
365663,song,drumeo,365664,LQ1kc,284
365666,song,drumeo,365667,X88kc,269
365669,song,drumeo,365670,888kc,261
365671,song,drumeo,365672,Z88kc,315
365673,song,drumeo,365674,K88kc,264
365675,song,drumeo,365676,MF8kc,201
365677,song,drumeo,365678,wF8kc,205
365679,song,drumeo,365680,Km1kc,511
365681,song,drumeo,365682,p-1kc,552
365683,song,drumeo,365684,CF8kc,265
365685,song,drumeo,365686,qF8kc,256
365687,song,drumeo,365688,xG1kc,200
365689,song,drumeo,365690,1F8kc,461
365691,song,drumeo,365692,PF8kc,395
365693,song,drumeo,365694,tF8kc,237
365696,song,drumeo,365697,6Q1kc,256
365698,song,drumeo,365700,BY8kc,201
366280,song,drumeo,366281,Nv1kc,360
367244,song,drumeo,367245,hF8kc,555
367246,song,drumeo,367247,5F8kc,115
368733,song,drumeo,368734,qrWkc,428
368735,song,drumeo,368736,QrWkc,945
371130,song,drumeo,371131,SJPkc,314
371132,song,drumeo,371133,kbPkc,364
371134,song,drumeo,371135,17Pkc,295
371137,song,drumeo,371138,J7Pkc,197
371139,song,drumeo,371140,ssPkc,437
371141,song,drumeo,371143,-1Pkc,266
371144,song,drumeo,371145,51Pkc,305
371146,song,drumeo,371147,61Pkc,301
371148,song,drumeo,371149,N8Pkc,154
371150,song,drumeo,371151,c8Pkc,422
371152,song,drumeo,371153,l8Pkc,202
371154,song,drumeo,371155,g8Pkc,378
371156,song,drumeo,371157,GQPkc,220
371158,song,drumeo,371159,h8Pkc,198
371160,song,drumeo,371161,X7Pkc,178
371162,song,drumeo,371163,mdPkc,248
371164,song,drumeo,371165,M7Pkc,291
371167,song,drumeo,371168,tYKkc,290
371169,song,drumeo,371170,z7Pkc,264
371171,song,drumeo,371172,PQPkc,381
371173,song,drumeo,371174,FQPkc,386
371175,song,drumeo,371176,Z7Pkc,252
371177,song,drumeo,371178,2nPkc,621
371179,song,drumeo,371180,pQPkc,366
371334,song,drumeo,371335,FJPkc,244
371405,song,drumeo,371407,FxPkc,242
372740,song,drumeo,372743,MVxkc,673
372742,song,drumeo,372744,lVxkc,489
372745,song,drumeo,372746,qVxkc,295
372747,song,drumeo,372748,sVxkc,284
372749,song,drumeo,372750,dVxkc,271
372930,song,drumeo,372931,HY-kc,464
373367,song,drumeo,373368,PFtkc,349
373369,song,drumeo,373370,rZtkc,197
373371,song,drumeo,373372,SLtkc,254
373373,song,drumeo,373374,kjtkc,225
373375,song,drumeo,373376,4jtkc,198
373377,song,drumeo,373378,Yjtkc,267
373379,song,drumeo,373380,Cjtkc,220
373381,song,drumeo,373382,tM5kc,276
373383,song,drumeo,373384,fk5kc,228
373385,song,drumeo,373386,3k5kc,266
373387,song,drumeo,373388,bk5kc,232
373389,song,drumeo,373390,Pk5kc,200
373391,song,drumeo,373392,-ttkc,280
373393,song,drumeo,373394,CVFkc,266
373395,song,drumeo,373396,W5tkc,347
373397,song,drumeo,373398,r5tkc,156
373399,song,drumeo,373400,Vgtkc,335
373401,song,drumeo,373402,2gtkc,160
373403,song,drumeo,373404,Hgtkc,181
373405,song,drumeo,373406,zttkc,189
373407,song,drumeo,373408,D6tkc,313
373409,song,drumeo,373410,Qgtkc,174
373411,song,drumeo,373412,1gtkc,402
373413,song,drumeo,373414,36tkc,94
373484,song,drumeo,373485,-Ftkc,274
373486,song,drumeo,373487,mFtkc,334
373786,song,drumeo,373787,2mgkc,244
373788,song,drumeo,373789,dmgkc,274
373790,song,drumeo,373791,246kc,321
373792,song,drumeo,373793,846kc,240
373794,song,drumeo,373795,746kc,188
373796,song,drumeo,373797,t46kc,254
373798,song,drumeo,373799,m46kc,252
373800,song,drumeo,373802,cy6kc,302
373804,song,drumeo,373805,B46kc,341
373806,song,drumeo,373807,4y6kc,197
373808,song,drumeo,373809,ly6kc,342
373810,song,drumeo,373811,Ry6kc,191
373812,song,drumeo,373814,qy6kc,256
373815,song,drumeo,373816,Jy6kc,226
373817,song,drumeo,373818,8y6kc,214
373819,song,drumeo,373820,By6kc,594
373821,song,drumeo,373822,tD5kc,263
373823,song,drumeo,373824,Bk5kc,214
373825,song,drumeo,373826,l45kc,257
373827,song,drumeo,373828,H45kc,253
373829,song,drumeo,373831,J4Gkc,273
373832,song,drumeo,373833,l4Gkc,248
373834,song,drumeo,373835,j45kc,235
373836,song,drumeo,373837,p45kc,212
373838,song,drumeo,373839,3y5kc,380
373840,song,drumeo,373841,ty5kc,321
373842,song,drumeo,373843,1w5kc,219
373844,song,drumeo,373845,5w5kc,221
373846,song,drumeo,373847,yY5kc,229
373848,song,drumeo,373850,BY5kc,190
373851,song,drumeo,373852,PH5kc,206
373853,song,drumeo,373854,kJ5kc,202
373855,song,drumeo,373857,XJ5kc,236
373858,song,drumeo,373859,jT5kc,194
374198,song,drumeo,374199,dY5kc,107
374523,song,drumeo,374524,F8hkc,185
374525,song,drumeo,374526,Ddhkc,347
374527,song,drumeo,374528,Hdhkc,299
374529,song,drumeo,374531,Wdhkc,164
374532,song,drumeo,374534,MfV4c,206
374537,song,drumeo,374538,bfV4c,212
374539,song,drumeo,374540,Pdhkc,258
374541,song,drumeo,374542,5dhkc,303
374547,song,drumeo,374548,D7hkc,243
374549,song,drumeo,374550,w7hkc,227
374552,song,drumeo,374553,37hkc,765
374554,song,drumeo,374555,qWhkc,194
374556,song,drumeo,374557,QWhkc,253
374558,song,drumeo,374559,mWhkc,296
374560,song,drumeo,374562,KBhkc,327
374565,song,drumeo,374566,rBhkc,225
374567,song,drumeo,374568,4Zhkc,230
374569,song,drumeo,374570,lZhkc,255
374571,song,drumeo,374572,RZhkc,168
374573,song,drumeo,374574,zfV4c,209
374575,song,drumeo,374577,JZhkc,436
374578,song,drumeo,374579,7Zhkc,217
374580,song,drumeo,374581,WZhkc,209
374582,song,drumeo,374583,NZGkc,231
374584,song,drumeo,374585,FZhkc,309
374586,song,drumeo,374587,6Zhkc,264
374588,song,drumeo,374589,hZhkc,228
374590,song,drumeo,374591,jHGkc,280
374592,song,drumeo,374593,nHGkc,282
374594,song,drumeo,374595,GHGkc,225
374596,song,drumeo,374597,VTGkc,294
374600,song,drumeo,374602,YTGkc,258
374603,song,drumeo,374604,PdGkc,200
374605,song,drumeo,374606,QdGkc,200
374608,song,drumeo,374609,5dGkc,167
374610,song,drumeo,374611,mdGkc,198
374613,song,drumeo,374614,N7Gkc,189
374615,song,drumeo,374616,47Gkc,196
374617,song,drumeo,374618,27Gkc,439
374619,song,drumeo,374620,J7Gkc,187
374621,song,drumeo,374622,87Gkc,272
374623,song,drumeo,374624,67Gkc,271
374625,song,drumeo,374626,cWGkc,213
374627,song,drumeo,374628,4WGkc,182
374629,song,drumeo,374631,CWGkc,255
374633,song,drumeo,374634,dWGkc,208
374635,song,drumeo,374636,zZGkc,219
374638,song,drumeo,374639,rZGkc,219
374641,song,drumeo,374642,XLGkc,208
374643,song,drumeo,374644,sLGkc,290
374699,song,drumeo,374700,ljGkc,228
374701,song,drumeo,374702,6LGkc,248
374703,song,drumeo,374704,XjGkc,332
375189,song,drumeo,375190,6DN4c,278
375191,song,drumeo,375192,hQN4c,222
375193,song,drumeo,375194,PlN4c,226
375195,song,drumeo,375196,wfV4c,375
375197,song,drumeo,375198,-lN4c,389
375199,song,drumeo,375200,yTN4c,422
375201,song,drumeo,375202,CnN4c,195
375203,song,drumeo,375204,XfV4c,242
375205,song,drumeo,375207,3nN4c,269
375208,song,drumeo,375209,GDN4c,254
375210,song,drumeo,375211,bppkc,218
375212,song,drumeo,375213,-ppkc,270
375214,song,drumeo,375215,yNN4c,218
375216,song,drumeo,375217,WNN4c,224
375218,song,drumeo,375219,5NN4c,185
375220,song,drumeo,375221,4cN4c,309
375222,song,drumeo,375223,HcN4c,253
375224,song,drumeo,375225,LwN4c,394
375226,song,drumeo,375227,8wN4c,385
375228,song,drumeo,375229,3wN4c,314
375230,song,drumeo,375231,cVN4c,602
375232,song,drumeo,375365,4wN4c,300
375383,song,drumeo,375384,6qD4c,211
375385,song,drumeo,375386,mqD4c,295
375387,song,drumeo,375388,VHD4c,320
375389,song,drumeo,375390,CHD4c,205
375391,song,drumeo,375392,HHD4c,238
375393,song,drumeo,375394,dHD4c,240
375395,song,drumeo,375396,9HD4c,338
375397,song,drumeo,375398,KqD4c,191
375399,song,drumeo,375400,GHD4c,148
375401,song,drumeo,375402,vHD4c,249
375403,song,drumeo,375404,cTD4c,278
375405,song,drumeo,375406,hZD4c,304
375407,song,drumeo,375408,cQD4c,309
375409,song,drumeo,375410,4QD4c,277
375411,song,drumeo,375412,3QD4c,476
375413,song,drumeo,375414,xbM4c,325
375415,song,drumeo,375416,QbM4c,163
375417,song,drumeo,375418,5bM4c,263
375419,song,drumeo,375420,rbM4c,274
375642,song,drumeo,375646,gtD4c,212
375647,song,drumeo,375648,ptD4c,164
375649,song,drumeo,375651,T5D4c,300
375652,song,drumeo,375653,95D4c,184
375654,song,drumeo,375655,Q5D4c,371
375656,song,drumeo,375658,h5D4c,170
375659,song,drumeo,375660,S5D4c,219
375661,song,drumeo,375662,cgD4c,206
375663,song,drumeo,375664,ygD4c,315
375666,song,drumeo,375667,wgD4c,221
375856,song,drumeo,375857,l3y4c,301
375858,song,drumeo,375859,B3y4c,630
375860,song,drumeo,375861,n3y4c,251
375862,song,drumeo,375863,kXy4c,118
375864,song,drumeo,375865,lXy4c,274
375866,song,drumeo,375867,3Xy4c,303
375868,song,drumeo,375869,SXy4c,216
375870,song,drumeo,375871,dqy4c,356
375872,song,drumeo,375873,9qy4c,400
375874,song,drumeo,376399,5qy4c,342
376538,song,drumeo,376539,qgY4c,347
376540,song,drumeo,376541,BgY4c,305
376542,song,drumeo,376543,xgY4c,236
376544,song,drumeo,376545,D6Y4c,251
376546,song,drumeo,376547,k6Y4c,279
376548,song,drumeo,376549,d6Y4c,294
376550,song,drumeo,376551,F6Y4c,284
376552,song,drumeo,376553,1GY4c,290
376554,song,drumeo,376555,wrY4c,253
376556,song,drumeo,376557,XrY4c,334
376558,song,drumeo,376559,1rY4c,276
376560,song,drumeo,376561,6rY4c,367
376562,song,drumeo,376563,khY4c,209
376564,song,drumeo,376565,3Ql4c,179
376566,song,drumeo,376567,8Ql4c,335
376568,song,drumeo,376569,Vnl4c,315
376570,song,drumeo,376571,tQl4c,295
376572,song,drumeo,376573,bnl4c,314
376575,song,drumeo,376576,PTz4c,360
376577,song,drumeo,376579,Bnl4c,226
376580,song,drumeo,376581,wFl4c,443
376582,song,drumeo,376583,Pnl4c,267
376584,song,drumeo,376585,-nl4c,183
376586,song,drumeo,376587,5Qy4c,409
376589,song,drumeo,376590,nQY4c,345
376591,song,drumeo,376592,Jny4c,279
376593,song,drumeo,376594,Gny4c,295
376596,song,drumeo,376597,mfw4c,268
377108,song,drumeo,377109,YK44c,337
377110,song,drumeo,377111,WK44c,296
377112,song,drumeo,377113,5K44c,363
377114,song,drumeo,377115,kK44c,141
377116,song,drumeo,377117,Hx44c,258
377118,song,drumeo,377119,7x44c,196
377120,song,drumeo,377121,Zx44c,255
377122,song,drumeo,377123,sK44c,219
377124,song,drumeo,377125,jx44c,305
377126,song,drumeo,377127,mx44c,211
377128,song,drumeo,377129,k-44c,237
377130,song,drumeo,377131,jS44c,173
377132,song,drumeo,377133,yp44c,180
377135,song,drumeo,377136,Rp44c,256
377137,song,drumeo,377138,7p44c,236
377562,song,drumeo,377563,3-H4c,266
377564,song,drumeo,377565,KFH4c,270
377566,song,drumeo,377567,3cT4c,273
377568,song,drumeo,377569,FFH4c,339
381548,song,drumeo,381550,6Yb4c,236
381552,song,drumeo,381553,3yJ4c,177
381558,song,drumeo,381559,dlJ4c,253
381560,song,drumeo,381562,HHT4c,214
381564,song,drumeo,381565,csJ4c,271
381566,song,drumeo,381568,ssJ4c,126
381569,song,drumeo,381570,PlJ4c,228
381571,song,drumeo,381676,ztT4c,236
381572,song,drumeo,381573,LsJ4c,214
381574,song,drumeo,381575,jbH4c,130
381576,song,drumeo,381577,ntT4c,235
381578,song,drumeo,381580,YWb4c,309
381581,song,drumeo,381582,lgT4c,422
381584,song,drumeo,381585,N1H4c,312
381586,song,drumeo,381587,MHT4c,263
381588,song,drumeo,381589,rYb4c,252
381590,song,drumeo,381591,YHT4c,301
381592,song,drumeo,381593,zHT4c,257
381594,song,drumeo,381595,zJH4c,194
381596,song,drumeo,381597,W5T4c,212
381598,song,drumeo,381599,5sH4c,226
381600,song,drumeo,381601,JsH4c,334
381602,song,drumeo,381603,rX34c,162
381604,song,drumeo,381605,psJ4c,296
381606,song,drumeo,381608,JJH4c,154
381609,song,drumeo,381612,nbH4c,260
381691,song,drumeo,381692,Cpb4c,833
381693,song,drumeo,381694,kCs4c,197
381695,song,drumeo,381696,HNs4c,266
382361,song,drumeo,382362,JkJ4c,303
382363,song,drumeo,382364,rkJ4c,287
382365,song,drumeo,382366,t2J4c,279
382367,song,drumeo,291333,TCJ4c,310
382368,song,drumeo,382369,B3J4c,262
382370,song,drumeo,382371,t3J4c,293
382372,song,drumeo,356089,2XJ4c,238
382373,song,drumeo,382374,cMJ4c,241
382375,song,drumeo,382376,R8J4c,307
382377,song,drumeo,382378,68J4c,276
382379,song,drumeo,382380,ddJ4c,236
382381,song,drumeo,382382,1jJ4c,268
382383,song,drumeo,382384,j9J4c,467
382385,song,drumeo,382386,kKJ4c,241
382387,song,drumeo,382388,TDJ4c,552
382389,song,drumeo,382390,gKJ4c,251
382391,song,drumeo,382392,MxJ4c,270
382393,song,drumeo,382394,qxJ4c,463
382395,song,drumeo,382396,WxJ4c,290
382397,song,drumeo,382398,Y-J4c,251
382399,song,drumeo,382400,DgJ4c,324
382401,song,drumeo,382402,YgJ4c,227
382403,song,drumeo,382404,HgJ4c,196
382405,song,drumeo,382406,ZgJ4c,299
382407,song,drumeo,382408,KD14c,353
382409,song,drumeo,382410,nD14c,270
382411,song,drumeo,285131,2M14c,263
382412,song,drumeo,382413,RM14c,290
382414,song,drumeo,382415,XM14c,358
382416,song,drumeo,382417,RR14c,262
382418,song,drumeo,382419,sR14c,164
382420,song,drumeo,382421,7R14c,244
382422,song,drumeo,382423,ZR14c,241
382424,song,drumeo,382425,f314c,263
382426,song,drumeo,382427,4314c,206
382428,song,drumeo,382429,w314c,285
382430,song,drumeo,324922,2314c,232
382431,song,drumeo,382432,R314c,204
382433,song,drumeo,382434,T314c,275
382435,song,drumeo,382436,9314c,229
382437,song,drumeo,382438,r314c,385
382439,song,drumeo,260614,NX14c,218
382440,song,drumeo,382441,DX14c,161
382442,song,drumeo,382443,kX14c,142
382444,song,drumeo,382445,YX14c,132
382446,song,drumeo,382447,lX14c,283
382448,song,drumeo,382449,BX14c,278
382450,song,drumeo,382451,LX14c,268
382452,song,drumeo,382453,xPR4c,214
382454,song,drumeo,382455,KX14c,259
382456,song,drumeo,382457,QX14c,526
382458,song,drumeo,382459,nX14c,240
382460,song,drumeo,382461,6X14c,227
382462,song,drumeo,382463,mX14c,259
382464,song,drumeo,382465,Vq14c,245
382466,song,drumeo,382467,fq14c,167
382468,song,drumeo,382469,kq14c,238
382470,song,drumeo,382471,yq14c,228
382472,song,drumeo,382473,Cq14c,324
382474,song,drumeo,383460,Xq14c,234
382475,song,drumeo,382476,Jq14c,213
382477,song,drumeo,382478,Tb14c,236
382479,song,drumeo,382480,Bb14c,180
382481,song,drumeo,382482,sB14c,254
382483,song,drumeo,382484,RB14c,216
382485,song,drumeo,382486,rT14c,200
382487,song,drumeo,382488,5T14c,249
382489,song,drumeo,382490,WT14c,302
382491,song,drumeo,382492,Wq14c,310
382493,song,drumeo,382494,Tq14c,135
382495,song,drumeo,382496,TR14c,350
382497,song,drumeo,382498,-C14c,289
382499,song,drumeo,383461,Hw14c,359
383889,song,drumeo,383890,jMj4c,496
383891,song,drumeo,383892,pMj4c,368
383893,song,drumeo,383894,zkj4c,210
383895,song,drumeo,383896,Hkj4c,322
383897,song,drumeo,383898,Qkj4c,353
383899,song,drumeo,383900,WMj4c,153
383935,song,drumeo,383936,hkj4c,197
384101,song,drumeo,384102,qpR4c,222
384103,song,drumeo,384104,7pR4c,279
384105,song,drumeo,384106,jpR4c,211
384107,song,drumeo,384108,npR4c,178
384109,song,drumeo,384110,mpR4c,189
384111,song,drumeo,384112,MN34c,259
384113,song,drumeo,384114,XN34c,254
384115,song,drumeo,384116,BN34c,187
384117,song,drumeo,384118,KN34c,320
384119,song,drumeo,384120,tN34c,290
384121,song,drumeo,384122,vN34c,285
384123,song,drumeo,384124,4c34c,247
384125,song,drumeo,384126,sc34c,268
384127,song,drumeo,384128,9c34c,195
384129,song,drumeo,384130,kV34c,251
384131,song,drumeo,384132,2V34c,227
384133,song,drumeo,384134,Mf34c,194
384135,song,drumeo,384136,mf34c,266
384137,song,drumeo,384138,VD34c,204
384139,song,drumeo,384140,yD34c,281
384141,song,drumeo,384142,3D34c,169
384143,song,drumeo,384144,dD34c,184
384145,song,drumeo,384146,PD34c,236
384147,song,drumeo,384148,FD34c,237
384149,song,drumeo,384150,rD34c,215
384151,song,drumeo,384152,SzJ4c,229
384153,song,drumeo,384154,C2J4c,203
384155,song,drumeo,384156,x2J4c,255
384157,song,drumeo,384158,dCJ4c,184
384159,song,drumeo,384160,LCJ4c,287
384161,song,drumeo,384162,QCJ4c,257
384163,song,drumeo,384164,x3J4c,314
384165,song,drumeo,384166,n3J4c,270
384167,song,drumeo,384168,lXJ4c,242
384169,song,drumeo,384170,qXJ4c,243
384171,song,drumeo,384172,bXJ4c,233
384173,song,drumeo,384174,mHJ4c,284
384175,song,drumeo,384176,bTJ4c,266
384177,song,drumeo,384178,jTJ4c,289
384179,song,drumeo,384180,d2J4c,250
384181,song,drumeo,384182,6PJ4c,315
384183,song,drumeo,384184,C9J4c,261
384185,song,drumeo,384186,d9J4c,247
384187,song,drumeo,384188,99J4c,253
384189,song,drumeo,384190,F9J4c,187
384191,song,drumeo,384192,kCJ4c,187
384193,song,drumeo,384194,v9J4c,248
384195,song,drumeo,384196,MKJ4c,186
384197,song,drumeo,384198,lKJ4c,131
384199,song,drumeo,384200,HKJ4c,332
384201,song,drumeo,384202,dhs4c,189
384203,song,drumeo,384204,YL14c,350
384205,song,drumeo,384206,-hs4c,313
384207,song,drumeo,384208,Hms4c,223
384209,song,drumeo,384210,7ms4c,175
384211,song,drumeo,384212,6hs4c,260
384213,song,drumeo,384214,xms4c,294
384215,song,drumeo,384216,gms4c,206
384217,song,drumeo,384218,mms4c,180
384219,song,drumeo,384220,kvs4c,213
384221,song,drumeo,384222,2vs4c,196
384223,song,drumeo,384224,7vs4c,266
384225,song,drumeo,384226,xvs4c,265
384227,song,drumeo,384228,gvs4c,276
384229,song,drumeo,384230,cSs4c,206
384231,song,drumeo,384232,lSs4c,446
384233,song,drumeo,384234,lps4c,260
384235,song,drumeo,384236,Jps4c,459
384237,song,drumeo,384238,Qps4c,364
384239,song,drumeo,384240,hps4c,421
384241,song,drumeo,384242,VN14c,165
384243,song,drumeo,384244,lN14c,169
384245,song,drumeo,384246,3N14c,182
384247,song,drumeo,384248,JN14c,294
384249,song,drumeo,384250,jN14c,306
384251,song,drumeo,384252,QN14c,377
384253,song,drumeo,384254,gN14c,244
384255,song,drumeo,384256,vN14c,219
384257,song,drumeo,384258,Rc14c,273
384259,song,drumeo,384260,hc14c,256
384261,song,drumeo,384262,RV14c,342
384263,song,drumeo,384264,1V14c,196
384265,song,drumeo,384266,ZV14c,294
384267,song,drumeo,384268,jV14c,257
384269,song,drumeo,384270,5V14c,262
384271,song,drumeo,384272,hV14c,229
384273,song,drumeo,384274,pV14c,174
384275,song,drumeo,384276,cf14c,194
384277,song,drumeo,384278,kf14c,179
384279,song,drumeo,384280,zf14c,246
384281,song,drumeo,384282,Rf14c,198
384283,song,drumeo,384284,3f14c,254
384285,song,drumeo,384286,bf14c,441
384287,song,drumeo,384288,df14c,234
384289,song,drumeo,384290,Bf14c,294
384291,song,drumeo,384292,c214c,203
384293,song,drumeo,384294,w214c,210
384295,song,drumeo,384296,C214c,167
384297,song,drumeo,384298,s214c,291
384299,song,drumeo,384300,mn84c,345
384301,song,drumeo,384302,XX14c,131
384303,song,drumeo,384304,sX14c,180
384305,song,drumeo,384306,jX14c,157
384307,song,drumeo,384308,p614c,192
384309,song,drumeo,384310,NG14c,233
384311,song,drumeo,384312,VG14c,226
384313,song,drumeo,384314,fG14c,239
384315,song,drumeo,384316,MG14c,230
384317,song,drumeo,384318,yG14c,249
384319,song,drumeo,384320,4G14c,213
384321,song,drumeo,384322,wG14c,232
384323,song,drumeo,384324,zG14c,199
384325,song,drumeo,384326,2G14c,313
384327,song,drumeo,384328,CG14c,420
384329,song,drumeo,384330,3G14c,165
384331,song,drumeo,384332,XG14c,228
384333,song,drumeo,384334,JG14c,249
384335,song,drumeo,384336,W274c,233
384337,song,drumeo,384338,T274c,258
384339,song,drumeo,384340,8274c,259
384341,song,drumeo,384342,r274c,272
384343,song,drumeo,384344,h274c,228
384345,song,drumeo,384346,F274c,289
384347,song,drumeo,384348,t274c,220
384349,song,drumeo,384350,v274c,190
384351,song,drumeo,384352,bG14c,224
384353,song,drumeo,384354,sG14c,209
384355,song,drumeo,384356,1G14c,286
384357,song,drumeo,384358,8G14c,218
384359,song,drumeo,384360,7G14c,208
384361,song,drumeo,384362,WG14c,192
384363,song,drumeo,384364,BG14c,290
384365,song,drumeo,384366,LG14c,167
384367,song,drumeo,384368,PG14c,392
384369,song,drumeo,384370,9G14c,287
384371,song,drumeo,384372,KG14c,187
384373,song,drumeo,384374,hX14c,211
384375,song,drumeo,384376,qq14c,198
384377,song,drumeo,384378,-q14c,272
384379,song,drumeo,384380,HqB4c,285
384381,song,drumeo,384382,CH14c,243
384383,song,drumeo,384384,xG14c,181
384385,song,drumeo,384386,QH14c,242
384387,song,drumeo,384388,pH14c,225
384389,song,drumeo,384390,4T14c,237
384391,song,drumeo,384392,CT14c,227
384393,song,drumeo,384394,sT14c,229
384395,song,drumeo,384396,7T14c,247
384397,song,drumeo,384398,FT14c,246
384399,song,drumeo,384400,6T14c,201
384401,song,drumeo,384402,yJ14c,179
384403,song,drumeo,384404,tJ14c,232
384405,song,drumeo,384406,pJ14c,156
384407,song,drumeo,384408,db14c,163
384409,song,drumeo,384410,Pb14c,144
384411,song,drumeo,384412,rb14c,244
384413,song,drumeo,384414,zs14c,155
384415,song,drumeo,384416,bs14c,127
384417,song,drumeo,384418,Zs14c,214
384419,song,drumeo,384420,Ps14c,242
384421,song,drumeo,384422,9d14c,214
384423,song,drumeo,384424,5d14c,196
384425,song,drumeo,384426,V714c,225
384427,song,drumeo,384428,-G14c,266
384429,song,drumeo,384430,QG14c,224
384431,song,drumeo,384432,nG14c,218
384433,song,drumeo,384434,FG14c,220
384435,song,drumeo,384436,tG14c,220
384437,song,drumeo,384438,5G14c,208
384439,song,drumeo,384440,6G14c,229
384441,song,drumeo,384442,GG14c,219
384443,song,drumeo,384444,hG14c,229
384445,song,drumeo,384446,mG14c,168
384447,song,drumeo,384448,vG14c,287
384449,song,drumeo,384450,SG14c,181
384451,song,drumeo,384452,pG14c,179
384453,song,drumeo,384454,Vr14c,141
384455,song,drumeo,384456,Dr14c,385
384457,song,drumeo,384458,Mr14c,286
384459,song,drumeo,384460,4r14c,149
384461,song,drumeo,384462,wr14c,344
384463,song,drumeo,384464,Yr14c,238
384465,song,drumeo,384466,lr14c,224
384467,song,drumeo,384468,Cr14c,175
384469,song,drumeo,384470,J474c,212
384471,song,drumeo,384472,s474c,205
384473,song,drumeo,384474,1474c,239
384475,song,drumeo,384476,7474c,216
384477,song,drumeo,384478,W474c,195
384479,song,drumeo,384480,B474c,279
384481,song,drumeo,384482,L474c,187
384483,song,drumeo,384484,j474c,338
384485,song,drumeo,384486,P474c,334
384487,song,drumeo,384488,9474c,324
384489,song,drumeo,384490,K474c,241
384491,song,drumeo,384492,x474c,245
384493,song,drumeo,384494,-474c,245
384495,song,drumeo,384496,Q474c,175
384497,song,drumeo,384498,n474c,377
384499,song,drumeo,384500,F474c,217
384501,song,drumeo,384502,t474c,149
384503,song,drumeo,384504,5474c,341
384505,song,drumeo,384506,r474c,255
384507,song,drumeo,384508,h474c,247
384509,song,drumeo,384510,S474c,342
384511,song,drumeo,384512,Ny74c,245
384513,song,drumeo,384514,cy74c,215
384515,song,drumeo,384516,NwZ4c,320
384517,song,drumeo,384518,fy74c,246
384519,song,drumeo,384520,My74c,233
384521,song,drumeo,384522,ky74c,325
384523,song,drumeo,384524,4y74c,349
384525,song,drumeo,384526,yy74c,256
384527,song,drumeo,384528,LhB4c,263
384529,song,drumeo,384530,mJ74c,306
384531,song,drumeo,384532,HhB4c,98
384533,song,drumeo,384534,bhB4c,146
384535,song,drumeo,384536,shB4c,119
384537,song,drumeo,384538,dhB4c,197
384539,song,drumeo,384540,ZhB4c,127
384541,song,drumeo,384542,Nb74c,329
384543,song,drumeo,384544,SJ74c,369
384545,song,drumeo,384546,Db74c,171
384547,song,drumeo,384548,Mb74c,185
384549,song,drumeo,384550,kb74c,293
384551,song,drumeo,384552,Yb74c,214
384553,song,drumeo,384554,lb74c,256
384555,song,drumeo,384556,Cb74c,243
384557,song,drumeo,384558,Rb74c,203
384559,song,drumeo,384560,3b74c,203
384561,song,drumeo,384562,2YW4c,182
384563,song,drumeo,384564,RYW4c,160
384565,song,drumeo,384566,qYW4c,147
384567,song,drumeo,384568,HYW4c,293
384569,song,drumeo,384570,TYW4c,190
384571,song,drumeo,384572,bYW4c,492
384573,song,drumeo,384574,sYW4c,191
384575,song,drumeo,384576,1YW4c,207
384577,song,drumeo,384578,8YW4c,195
384579,song,drumeo,384580,dYW4c,237
384581,song,drumeo,384582,7YW4c,232
384583,song,drumeo,384584,WYW4c,135
384587,song,drumeo,384588,LYW4c,181
384589,song,drumeo,384590,jYW4c,185
384591,song,drumeo,384592,PYW4c,174
384593,song,drumeo,384594,9YW4c,204
384595,song,drumeo,384596,xYW4c,278
384597,song,drumeo,384598,nYW4c,195
384599,song,drumeo,384600,FYW4c,219
384601,song,drumeo,384602,tYW4c,129
384603,song,drumeo,384604,5YW4c,172
384605,song,drumeo,384606,gYW4c,209
384607,song,drumeo,384608,GYW4c,437
384609,song,drumeo,384610,rYW4c,272
384611,song,drumeo,384612,hYW4c,217
384613,song,drumeo,384614,mYW4c,263
384615,song,drumeo,384616,SYW4c,176
384617,song,drumeo,384618,pYW4c,189
384619,song,drumeo,384620,VlW4c,155
384621,song,drumeo,384622,DlW4c,217
384623,song,drumeo,384624,MlW4c,167
384625,song,drumeo,384626,klW4c,157
384627,song,drumeo,384628,4lW4c,238
384629,song,drumeo,384630,ylW4c,149
384631,song,drumeo,384632,wlW4c,209
384633,song,drumeo,384634,YlW4c,201
384635,song,drumeo,384636,llW4c,138
384637,song,drumeo,384638,2lW4c,261
384639,song,drumeo,384640,ClW4c,313
384641,song,drumeo,384642,RlW4c,218
384643,song,drumeo,384644,3lW4c,218
384645,song,drumeo,384646,XlW4c,426
384647,song,drumeo,384648,qlW4c,224
384649,song,drumeo,384650,HlW4c,154
384651,song,drumeo,384652,DkB4c,238
384653,song,drumeo,384654,MkB4c,272
384655,song,drumeo,384656,4kB4c,269
384657,song,drumeo,384658,ykB4c,335
384659,song,drumeo,384660,YkB4c,264
384661,song,drumeo,384662,wkB4c,454
384663,song,drumeo,384664,lkB4c,458
384665,song,drumeo,384666,2kB4c,157
384667,song,drumeo,384668,CkB4c,167
384669,song,drumeo,384670,RkB4c,184
384671,song,drumeo,384672,3kB4c,182
384673,song,drumeo,384674,XkB4c,153
384675,song,drumeo,384676,qkB4c,315
384677,song,drumeo,384678,JkB4c,194
384679,song,drumeo,384680,bkB4c,215
384681,song,drumeo,384682,skB4c,294
384683,song,drumeo,384684,1kB4c,187
384685,song,drumeo,384686,8kB4c,233
384687,song,drumeo,384688,dkB4c,247
384689,song,drumeo,384690,7kB4c,300
384691,song,drumeo,384692,BkB4c,340
384693,song,drumeo,384694,ZkB4c,239
384695,song,drumeo,384696,jkB4c,176
384697,song,drumeo,384698,PkB4c,231
384699,song,drumeo,384700,9kB4c,276
384701,song,drumeo,384702,xkB4c,231
384703,song,drumeo,384704,-kB4c,199
384705,song,drumeo,384706,QkB4c,206
384707,song,drumeo,384708,nkB4c,256
384709,song,drumeo,384710,5kB4c,323
384711,song,drumeo,384712,gkB4c,278
384713,song,drumeo,384714,GkB4c,366
384715,song,drumeo,384716,rkB4c,354
384717,song,drumeo,384718,hkB4c,181
384719,song,drumeo,384720,mkB4c,236
384721,song,drumeo,384722,vkB4c,230
384723,song,drumeo,384724,SkB4c,314
384725,song,drumeo,384726,pkB4c,191
384727,song,drumeo,384728,N4B4c,276
384729,song,drumeo,384730,c4B4c,184
384731,song,drumeo,384732,f4B4c,330
384733,song,drumeo,384734,cC74c,185
384735,song,drumeo,384736,4C74c,163
384737,song,drumeo,384738,yC74c,233
384739,song,drumeo,384740,DC74c,202
384741,song,drumeo,384742,D4B4c,189
384743,song,drumeo,384744,wC74c,162
384745,song,drumeo,384746,M4B4c,234
384747,song,drumeo,384748,k4B4c,263
384749,song,drumeo,384750,44B4c,233
384751,song,drumeo,384752,w4B4c,344
384753,song,drumeo,384754,Y4B4c,222
384755,song,drumeo,384756,l4B4c,180
384757,song,drumeo,384758,z4B4c,178
384759,song,drumeo,384760,24B4c,193
384761,song,drumeo,384762,C4B4c,192
384763,song,drumeo,384764,R4B4c,362
384765,song,drumeo,384766,34B4c,188
384767,song,drumeo,384768,X4B4c,167
384769,song,drumeo,384770,q4B4c,166
384771,song,drumeo,384772,T4B4c,201
384773,song,drumeo,384774,J4B4c,182
384775,song,drumeo,384776,s4B4c,246
384777,song,drumeo,384778,14B4c,273
384779,song,drumeo,384780,84B4c,230
384781,song,drumeo,384782,d4B4c,254
384783,song,drumeo,384784,74B4c,233
384785,song,drumeo,384786,W4B4c,417
384787,song,drumeo,384788,B4B4c,231
384789,song,drumeo,384790,Z4B4c,202
384791,song,drumeo,384792,L4B4c,224
384793,song,drumeo,384794,j4B4c,189
384795,song,drumeo,384796,P4B4c,195
384797,song,drumeo,384798,94B4c,293
384799,song,drumeo,384800,K4B4c,226
384801,song,drumeo,384802,x4B4c,279
384803,song,drumeo,384804,-4B4c,189
384805,song,drumeo,384806,Q4B4c,258
384807,song,drumeo,384808,n4B4c,220
384809,song,drumeo,384810,F4B4c,167
384811,song,drumeo,384812,t4B4c,346
384813,song,drumeo,384814,54B4c,239
384815,song,drumeo,384816,g4B4c,259
384817,song,drumeo,384818,G4B4c,237
384819,song,drumeo,384820,r4B4c,260
384821,song,drumeo,384822,h4B4c,496
384823,song,drumeo,384824,m4B4c,316
384825,song,drumeo,384826,v4B4c,336
384827,song,drumeo,384828,S4B4c,431
384829,song,drumeo,384830,NyB4c,265
384831,song,drumeo,384832,M6B4c,252
384833,song,drumeo,384834,cyB4c,191
384835,song,drumeo,384836,VyB4c,165
384837,song,drumeo,384838,fyB4c,223
384839,song,drumeo,384840,DyB4c,194
384841,song,drumeo,384842,MyB4c,229
384843,song,drumeo,384844,n4Z4c,182
384845,song,drumeo,384846,F4Z4c,222
384847,song,drumeo,384848,54Z4c,408
384849,song,drumeo,384850,G4Z4c,252
384851,song,drumeo,384852,r4Z4c,206
384853,song,drumeo,384854,h4Z4c,235
384855,song,drumeo,384856,v4Z4c,231
384857,song,drumeo,384858,S4Z4c,167
384859,song,drumeo,384860,p4Z4c,197
384861,song,drumeo,384862,cyZ4c,175
384863,song,drumeo,384864,fyZ4c,175
384865,song,drumeo,384866,DyZ4c,164
384867,song,drumeo,384868,MyZ4c,235
384869,song,drumeo,384870,kyZ4c,255
384871,song,drumeo,384872,4yZ4c,207
384873,song,drumeo,384874,yyZ4c,148
384875,song,drumeo,384876,wyZ4c,332
384877,song,drumeo,384878,lyZ4c,215
384879,song,drumeo,384880,zyZ4c,220
384881,song,drumeo,384882,2yZ4c,341
384883,song,drumeo,384884,RyZ4c,269
384885,song,drumeo,384886,P274c,230
384887,song,drumeo,384888,j274c,268
384889,song,drumeo,384890,2C74c,224
384891,song,drumeo,384892,RC74c,252
384893,song,drumeo,384894,3C74c,252
384895,song,drumeo,384896,Z2B4c,238
384897,song,drumeo,384898,XyZ4c,305
384899,song,drumeo,384900,qRB4c,242
384901,song,drumeo,386690,HMj4c,191
384903,song,drumeo,384904,TC74c,254
384905,song,drumeo,384906,qC74c,228
384907,song,drumeo,384908,JC74c,302
384909,song,drumeo,384910,WC74c,225
384911,song,drumeo,384912,sC74c,357
384913,song,drumeo,384914,nC74c,330
384915,song,drumeo,384916,1L74c,268
384917,song,drumeo,384918,2CB4c,226
384919,song,drumeo,384920,XCB4c,268
384921,song,drumeo,384922,TCB4c,748
384923,song,drumeo,384924,CRB4c,191
384925,song,drumeo,384926,XRB4c,515
384927,song,drumeo,384928,8RB4c,257
384929,song,drumeo,384930,7RB4c,309
384931,song,drumeo,384932,LRB4c,218
384933,song,drumeo,384934,BRB4c,212
384935,song,drumeo,384936,9RB4c,160
384937,song,drumeo,384938,ZSB4c,359
384939,song,drumeo,384940,LSB4c,568
384941,song,drumeo,384942,jSB4c,497
384943,song,drumeo,384944,PSB4c,241
384945,song,drumeo,384946,9SB4c,309
384947,song,drumeo,384948,KSB4c,398
384949,song,drumeo,384950,xSB4c,500
384951,song,drumeo,384952,-SB4c,442
384953,song,drumeo,384954,FSB4c,243
384955,song,drumeo,384956,gSB4c,223
384957,song,drumeo,384958,nSB4c,225
384959,song,drumeo,384960,hSB4c,241
384961,song,drumeo,384962,mSB4c,499
384963,song,drumeo,384964,SSB4c,269
384965,song,drumeo,384966,xRB4c,226
384967,song,drumeo,384968,FRB4c,223
384969,song,drumeo,384970,rRB4c,68
384971,song,drumeo,384972,SRB4c,171
384973,song,drumeo,384974,DqB4c,320
384975,song,drumeo,384976,sXB4c,289
384977,song,drumeo,384978,7XB4c,338
384979,song,drumeo,384980,PXB4c,223
384981,song,drumeo,384982,FXB4c,207
384983,song,drumeo,384984,nXB4c,263
384985,song,drumeo,384986,6XB4c,164
384987,song,drumeo,384988,hXB4c,158
384989,song,drumeo,384990,vXB4c,163
384991,song,drumeo,384992,NqB4c,248
384993,song,drumeo,384994,cqB4c,260
384995,song,drumeo,384996,kqB4c,200
384997,song,drumeo,384998,4qB4c,248
384999,song,drumeo,385000,lqB4c,200
385001,song,drumeo,385002,wqB4c,186
385003,song,drumeo,385004,2qB4c,250
385005,song,drumeo,385006,3qB4c,149
385007,song,drumeo,385008,XqB4c,221
385009,song,drumeo,385010,sqB4c,231
385011,song,drumeo,385012,ZqB4c,238
385013,song,drumeo,385014,PqB4c,175
385015,song,drumeo,385016,nqB4c,248
385017,song,drumeo,385018,-qB4c,376
385019,song,drumeo,385020,tqB4c,253
385021,song,drumeo,385022,rqB4c,221
385023,song,drumeo,385024,pqB4c,273
385025,song,drumeo,385026,cHB4c,211
385027,song,drumeo,385028,YHB4c,220
385029,song,drumeo,385030,4HB4c,209
385031,song,drumeo,385032,lHB4c,188
385033,song,drumeo,385034,fHB4c,191
385035,song,drumeo,385036,kHB4c,174
385037,song,drumeo,385038,RHB4c,171
385039,song,drumeo,385040,xHB4c,259
385041,song,drumeo,385042,nHB4c,557
385043,song,drumeo,385044,FHB4c,188
385045,song,drumeo,385046,tHB4c,219
385047,song,drumeo,385048,6HB4c,229
385049,song,drumeo,385050,GHB4c,223
385051,song,drumeo,385052,rHB4c,224
385053,song,drumeo,385054,vHB4c,233
385055,song,drumeo,385056,pHB4c,216
385057,song,drumeo,385058,NTB4c,225
385059,song,drumeo,385060,HyZ4c,171
385061,song,drumeo,385062,TyZ4c,143
385063,song,drumeo,385064,JyZ4c,175
385065,song,drumeo,385066,byZ4c,101
385067,song,drumeo,385068,syZ4c,123
385069,song,drumeo,385070,1yZ4c,208
385071,song,drumeo,385072,8yZ4c,281
385073,song,drumeo,385074,dyZ4c,243
385075,song,drumeo,385076,7yZ4c,327
385077,song,drumeo,385078,WyZ4c,304
385079,song,drumeo,385080,ByZ4c,316
385081,song,drumeo,385082,ZyZ4c,254
385083,song,drumeo,385084,jyZ4c,294
385085,song,drumeo,385086,9yZ4c,158
385087,song,drumeo,385088,xyZ4c,906
385089,song,drumeo,385090,KyZ4c,239
385091,song,drumeo,385092,QyZ4c,217
385093,song,drumeo,385094,FyZ4c,402
385095,song,drumeo,385096,tyZ4c,218
385097,song,drumeo,385098,5yZ4c,203
385099,song,drumeo,385100,gyZ4c,160
385101,song,drumeo,385102,6yZ4c,168
385103,song,drumeo,385104,GyZ4c,193
385105,song,drumeo,385106,ryZ4c,238
385107,song,drumeo,385108,myZ4c,269
385109,song,drumeo,385110,SyZ4c,276
385111,song,drumeo,385112,pyZ4c,318
385113,song,drumeo,385114,cTB4c,166
385115,song,drumeo,385116,kTB4c,181
385117,song,drumeo,385118,yTB4c,217
385119,song,drumeo,385120,YTB4c,332
385121,song,drumeo,385122,7SB4c,226
385123,song,drumeo,385124,zTB4c,299
385125,song,drumeo,385126,3TB4c,214
385127,song,drumeo,385128,qTB4c,224
385129,song,drumeo,385130,TTB4c,240
385131,song,drumeo,385132,8TB4c,188
385133,song,drumeo,385134,dTB4c,241
385135,song,drumeo,385136,BTB4c,256
385137,song,drumeo,385138,7TB4c,238
385139,song,drumeo,385140,ZTB4c,217
385141,song,drumeo,385142,LTB4c,227
385143,song,drumeo,385144,9TB4c,220
385145,song,drumeo,385146,STB4c,301
385147,song,drumeo,385148,cJB4c,198
385149,song,drumeo,385150,VJB4c,320
385151,song,drumeo,385152,DJB4c,265
385153,song,drumeo,385154,kJB4c,192
385155,song,drumeo,385156,wJB4c,301
385157,song,drumeo,385158,YJB4c,262
385159,song,drumeo,385160,lJB4c,269
385161,song,drumeo,385162,2JB4c,279
385163,song,drumeo,385164,RJB4c,323
385165,song,drumeo,385166,XJB4c,188
385167,song,drumeo,385168,qJB4c,239
385169,song,drumeo,385170,HJB4c,208
385171,song,drumeo,385172,TJB4c,27
385173,song,drumeo,385174,JJB4c,240
385175,song,drumeo,385176,bJB4c,278
385177,song,drumeo,385178,sJB4c,192
385179,song,drumeo,385180,8JB4c,39
385181,song,drumeo,385182,WJB4c,187
385183,song,drumeo,385184,LJB4c,197
385185,song,drumeo,385186,PJB4c,192
385187,song,drumeo,385188,KJB4c,211
385189,song,drumeo,385190,xJB4c,177
385191,song,drumeo,385192,-JB4c,115
385193,song,drumeo,385194,hJB4c,181
385195,song,drumeo,385196,mJB4c,264
385197,song,drumeo,385198,SJB4c,294
385199,song,drumeo,385200,NbB4c,147
385201,song,drumeo,385202,VbB4c,227
385203,song,drumeo,385204,DbB4c,248
385205,song,drumeo,385206,ybB4c,290
385207,song,drumeo,385208,zbB4c,273
385209,song,drumeo,385210,2bB4c,370
385211,song,drumeo,385212,RbB4c,335
385213,song,drumeo,385214,8bB4c,67
385215,song,drumeo,385216,WbB4c,67
385217,song,drumeo,385218,ZbB4c,359
385219,song,drumeo,385220,PbB4c,322
385221,song,drumeo,385222,KbB4c,287
385223,song,drumeo,385224,-bB4c,288
385225,song,drumeo,385226,QbB4c,258
385227,song,drumeo,385228,nbB4c,298
385229,song,drumeo,385230,tbB4c,259
385231,song,drumeo,385232,gbB4c,273
385233,song,drumeo,385234,GbB4c,167
385235,song,drumeo,385236,hbB4c,269
385237,song,drumeo,385238,vbB4c,345
385239,song,drumeo,385240,SbB4c,275
385241,song,drumeo,385242,csB4c,284
385243,song,drumeo,385244,DsB4c,341
385245,song,drumeo,385246,MsB4c,301
385247,song,drumeo,385248,4sB4c,368
385249,song,drumeo,385250,wsB4c,351
385251,song,drumeo,385252,YsB4c,235
385253,song,drumeo,385254,zsB4c,118
385255,song,drumeo,385256,CsB4c,278
385257,song,drumeo,385258,3sB4c,241
385259,song,drumeo,385260,XsB4c,200
385261,song,drumeo,385262,qsB4c,199
385263,song,drumeo,385264,HsB4c,292
385265,song,drumeo,385266,TsB4c,265
385267,song,drumeo,385268,7sB4c,208
385269,song,drumeo,385270,8SB4c,201
385271,song,drumeo,385272,JsB4c,217
385273,song,drumeo,385274,ssB4c,240
385275,song,drumeo,385276,dsB4c,413
385277,song,drumeo,385278,6jB4c,202
385279,song,drumeo,385280,KsB4c,298
385281,song,drumeo,385282,5sB4c,250
385283,song,drumeo,385284,GjB4c,233
385285,song,drumeo,385286,vjB4c,361
385287,song,drumeo,385288,mjB4c,118
385289,song,drumeo,385290,pjB4c,237
385291,song,drumeo,385292,cPB4c,229
385293,song,drumeo,385294,VPB4c,203
385295,song,drumeo,385296,MPB4c,178
385297,song,drumeo,385298,NpB4c,391
385299,song,drumeo,385300,LnB4c,216
385301,song,drumeo,385302,kpB4c,211
385303,song,drumeo,385304,hnB4c,231
385305,song,drumeo,385306,VFB4c,245
385307,song,drumeo,385308,fFB4c,255
385309,song,drumeo,385310,DFB4c,204
385311,song,drumeo,385312,qFB4c,220
385313,song,drumeo,385314,RFB4c,194
385315,song,drumeo,385316,2FB4c,229
385317,song,drumeo,385318,kFB4c,248
385319,song,drumeo,385320,YFB4c,239
385321,song,drumeo,385322,bFB4c,181
385323,song,drumeo,385324,1tB4c,130
385325,song,drumeo,385326,BtB4c,186
385327,song,drumeo,385328,-tB4c,230
385329,song,drumeo,385330,9tB4c,270
385331,song,drumeo,385332,ntB4c,244
385333,song,drumeo,385334,vtB4c,235
385335,song,drumeo,385336,StB4c,224
385337,song,drumeo,385338,M5B4c,218
385339,song,drumeo,385340,l5B4c,229
385341,song,drumeo,385342,C5B4c,133
385343,song,drumeo,385344,35B4c,235
385345,song,drumeo,385346,s5B4c,171
385347,song,drumeo,385348,85B4c,140
385349,song,drumeo,385350,W5B4c,208
385351,song,drumeo,385352,-5B4c,179
385353,song,drumeo,385354,g5B4c,270
385355,song,drumeo,385356,G5B4c,169
385357,song,drumeo,385358,p5B4c,164
385359,song,drumeo,385360,4gB4c,493
385361,song,drumeo,385362,3gB4c,155
385363,song,drumeo,385364,JgB4c,188
385365,song,drumeo,385366,sgB4c,193
385367,song,drumeo,385368,LgB4c,157
385369,song,drumeo,385370,KgB4c,224
385371,song,drumeo,385372,-gB4c,230
385373,song,drumeo,385374,tgB4c,157
385375,song,drumeo,385376,rgB4c,113
385377,song,drumeo,385378,vgB4c,382
385379,song,drumeo,385380,l6B4c,145
385381,song,drumeo,385382,NGB4c,205
385383,song,drumeo,385384,r6B4c,272
385385,song,drumeo,385386,DGB4c,341
385387,song,drumeo,385388,wGB4c,212
385389,song,drumeo,385390,lGB4c,231
385391,song,drumeo,385392,nGB4c,287
385393,song,drumeo,385394,6GB4c,201
385395,song,drumeo,385396,KGB4c,220
385397,song,drumeo,385398,GGB4c,222
385399,song,drumeo,385400,vGB4c,228
385401,song,drumeo,385402,frB4c,253
385403,song,drumeo,385404,pGB4c,242
385405,song,drumeo,385406,MrB4c,261
385407,song,drumeo,385408,PGB4c,262
385409,song,drumeo,385410,yrB4c,247
385411,song,drumeo,385412,zrB4c,241
385413,song,drumeo,385414,1rB4c,508
385415,song,drumeo,385416,LrB4c,220
385417,song,drumeo,385418,prB4c,197
385419,song,drumeo,385420,-rB4c,167
385421,song,drumeo,385422,trB4c,175
385423,song,drumeo,385424,hrB4c,239
385425,song,drumeo,385426,fhB4c,260
385427,song,drumeo,385428,MhB4c,212
385429,song,drumeo,385430,lhB4c,341
385431,song,drumeo,385432,zhB4c,264
385433,song,drumeo,385434,2hB4c,177
385435,song,drumeo,385436,RhB4c,210
385437,song,drumeo,385438,FhB4c,210
385439,song,drumeo,385440,mhB4c,316
385441,song,drumeo,385442,phB4c,226
385443,song,drumeo,385444,DmB4c,197
385445,song,drumeo,385446,MmB4c,230
385447,song,drumeo,385448,kmB4c,336
385449,song,drumeo,385450,ymB4c,181
385451,song,drumeo,385452,YmB4c,289
385453,song,drumeo,385454,2mB4c,265
385455,song,drumeo,385456,CmB4c,259
385457,song,drumeo,385458,3mB4c,293
385459,song,drumeo,385460,qmB4c,206
385461,song,drumeo,385462,JmB4c,232
385463,song,drumeo,385464,1mB4c,197
385465,song,drumeo,385466,dmB4c,280
385467,song,drumeo,385468,ZmB4c,242
385469,song,drumeo,385470,PmB4c,220
385471,song,drumeo,385472,9mB4c,227
385473,song,drumeo,385474,KmB4c,212
385475,song,drumeo,385476,xmB4c,264
385477,song,drumeo,385478,-mB4c,261
385479,song,drumeo,385480,nmB4c,252
385481,song,drumeo,385482,tmB4c,153
385483,song,drumeo,385484,6mB4c,351
385485,song,drumeo,385486,rmB4c,215
385487,song,drumeo,385488,vmB4c,226
385489,song,drumeo,385490,NvB4c,234
385491,song,drumeo,385492,fvB4c,270
385493,song,drumeo,385494,wvB4c,212
385495,song,drumeo,385496,CvB4c,237
385497,song,drumeo,385498,3vB4c,237
385499,song,drumeo,385500,4vB4c,236
385501,song,drumeo,385502,svB4c,269
385503,song,drumeo,385504,dvB4c,185
385505,song,drumeo,385506,7vB4c,185
385507,song,drumeo,385508,qvB4c,326
385509,song,drumeo,385510,TvB4c,271
385511,song,drumeo,385512,PvB4c,372
385513,song,drumeo,385514,KvB4c,241
385515,song,drumeo,385516,QvB4c,192
385517,song,drumeo,385518,FvB4c,235
385519,song,drumeo,385520,5vB4c,319
385521,song,drumeo,385522,gvB4c,330
385523,song,drumeo,385524,6vB4c,382
385525,song,drumeo,385526,GvB4c,424
385527,song,drumeo,385528,hvB4c,284
385529,song,drumeo,385530,mvB4c,175
385531,song,drumeo,385532,pvB4c,340
385533,song,drumeo,385534,kSB4c,233
385535,song,drumeo,385536,DSB4c,322
385537,song,drumeo,385538,wSB4c,204
385539,song,drumeo,385540,lSB4c,228
385541,song,drumeo,385542,zSB4c,209
385543,song,drumeo,385544,RSB4c,266
385545,song,drumeo,385546,3SB4c,245
385547,song,drumeo,385548,qSB4c,317
385549,song,drumeo,385550,XMW4c,261
385551,song,drumeo,385552,8Q74c,392
385553,song,drumeo,385554,ZQ74c,173
385555,song,drumeo,385556,LQ74c,157
385557,song,drumeo,385558,ppd4c,169
385559,song,drumeo,385560,fN74c,247
385561,song,drumeo,385562,3N74c,329
385563,song,drumeo,385564,XN74c,329
385565,song,drumeo,385566,qN74c,358
385567,song,drumeo,385568,TMW4c,328
385569,song,drumeo,385570,sMW4c,210
385571,song,drumeo,385572,7MW4c,547
385573,song,drumeo,385574,PQ74c,217
385575,song,drumeo,385576,xQ74c,464
385577,song,drumeo,385578,ZMW4c,323
385579,song,drumeo,385580,8wZ4c,131
385581,song,drumeo,385582,3nZ4c,265
385583,song,drumeo,385584,bnZ4c,233
385585,song,drumeo,385586,1nZ4c,185
385587,song,drumeo,385588,8nZ4c,332
385589,song,drumeo,385590,LnZ4c,221
385591,song,drumeo,385592,KnZ4c,201
385593,song,drumeo,385594,tnZ4c,239
385595,song,drumeo,385596,JN74c,128
385597,song,drumeo,385598,bDd4c,302
385599,song,drumeo,385600,8Dd4c,240
385601,song,drumeo,385602,WDd4c,227
385603,song,drumeo,385604,jDd4c,321
385605,song,drumeo,385606,KDd4c,207
385607,song,drumeo,385608,-Dd4c,233
385609,song,drumeo,385610,nDd4c,228
385611,song,drumeo,385612,Lfd4c,317
385613,song,drumeo,385614,mfd4c,430
385615,song,drumeo,385616,cDd4c,329
385617,song,drumeo,385618,2Dd4c,320
385619,song,drumeo,385620,qDd4c,290
385621,song,drumeo,385622,TDd4c,340
385623,song,drumeo,385624,JDd4c,233
385625,song,drumeo,385626,9JB4c,330
385627,song,drumeo,385628,tJB4c,285
385629,song,drumeo,385630,vJB4c,179
385631,song,drumeo,385632,lbB4c,275
385633,song,drumeo,385634,8N74c,212
385635,song,drumeo,385636,BN74c,179
385637,song,drumeo,385638,jMW4c,150
385639,song,drumeo,385640,xMW4c,213
385641,song,drumeo,385642,QMW4c,208
385643,song,drumeo,385644,FMW4c,165
385645,song,drumeo,385646,tMW4c,179
385647,song,drumeo,385648,LN74c,162
385649,song,drumeo,385650,ycZ4c,234
385651,song,drumeo,385652,5MW4c,275
385653,song,drumeo,385654,6MW4c,334
385655,song,drumeo,385656,JDW4c,240
385657,song,drumeo,385658,NDW4c,256
385659,song,drumeo,385660,yDW4c,203
385661,song,drumeo,385662,XDW4c,339
385663,song,drumeo,385664,qDW4c,209
385665,song,drumeo,385666,HDW4c,300
385667,song,drumeo,385668,8DW4c,230
385669,song,drumeo,385670,YcZ4c,250
385671,song,drumeo,385672,fFZ4c,209
385673,song,drumeo,385674,sbB4c,158
385675,song,drumeo,385676,QQ74c,244
385677,song,drumeo,385678,qbB4c,192
385679,song,drumeo,385680,TbB4c,163
385681,song,drumeo,385682,TJZ4c,160
385683,song,drumeo,385684,ysB4c,170
385685,song,drumeo,385686,9sB4c,185
385687,song,drumeo,385688,hsB4c,187
385689,song,drumeo,385690,psB4c,186
385691,song,drumeo,385692,f1B4c,234
385693,song,drumeo,385694,k1B4c,139
385695,song,drumeo,385696,21B4c,148
385697,song,drumeo,385698,J1B4c,282
385699,song,drumeo,385700,d1B4c,185
385701,song,drumeo,385702,lFZ4c,274
385703,song,drumeo,385704,tpB4c,210
385705,song,drumeo,385706,ppB4c,288
385707,song,drumeo,385708,2FZ4c,200
385709,song,drumeo,385710,RFZ4c,276
385711,song,drumeo,385712,lNZ4c,246
385713,song,drumeo,385714,HFZ4c,239
385715,song,drumeo,385716,JFZ4c,255
385717,song,drumeo,385718,rMW4c,241
385719,song,drumeo,385720,3J74c,240
385721,song,drumeo,385722,HJ74c,340
385723,song,drumeo,385724,mMW4c,265
385725,song,drumeo,385726,TJ74c,302
385727,song,drumeo,385728,QJZ4c,259
385729,song,drumeo,385730,rJZ4c,246
385731,song,drumeo,385732,MWd4c,202
385733,song,drumeo,385734,1J74c,230
385735,song,drumeo,385736,J-84c,238
385737,song,drumeo,385738,4Wd4c,314
385739,song,drumeo,385740,YWd4c,166
385741,song,drumeo,385742,xQ84c,175
385743,song,drumeo,385744,8J74c,157
385745,song,drumeo,385746,BWd4c,253
385747,song,drumeo,385748,cn84c,244
385749,song,drumeo,385750,Rn84c,291
385751,song,drumeo,385752,dn84c,256
385753,song,drumeo,385754,Wn84c,340
385755,song,drumeo,385756,Bn84c,251
385757,song,drumeo,385758,Ln84c,309
385759,song,drumeo,385760,xn84c,280
385761,song,drumeo,385762,Gn84c,240
385763,song,drumeo,385764,hn84c,200
385765,song,drumeo,385766,cF84c,248
385767,song,drumeo,385768,CF84c,256
385769,song,drumeo,385770,bF84c,260
385771,song,drumeo,385772,sF84c,246
385773,song,drumeo,385774,Twd4c,264
385775,song,drumeo,385776,1wd4c,207
385777,song,drumeo,385778,Pwd4c,254
385779,song,drumeo,385780,Kwd4c,221
385781,song,drumeo,385782,WJ74c,95
385783,song,drumeo,385784,PJ74c,208
385785,song,drumeo,385786,nJ74c,231
385787,song,drumeo,385788,6J74c,190
385789,song,drumeo,385790,hJ74c,81
385791,song,drumeo,385792,vJ74c,200
385793,song,drumeo,385794,pJ74c,205
385795,song,drumeo,385796,cb74c,275
385797,song,drumeo,385798,1FZ4c,186
385799,song,drumeo,385800,7FZ4c,210
385801,song,drumeo,385802,ZFZ4c,170
385803,song,drumeo,385804,Qwd4c,143
385805,song,drumeo,385806,TNZ4c,148
385807,song,drumeo,385808,Fwd4c,131
385809,song,drumeo,385810,rwd4c,172
385811,song,drumeo,385812,yTZ4c,181
385813,song,drumeo,385814,lTZ4c,171
385815,song,drumeo,385816,mwd4c,217
385817,song,drumeo,385818,vwd4c,239
385819,song,drumeo,385820,sNZ4c,227
385821,song,drumeo,385822,3TZ4c,167
385823,song,drumeo,385824,bTZ4c,155
385825,song,drumeo,385826,LTZ4c,227
385827,song,drumeo,385828,KNZ4c,163
385829,song,drumeo,385830,KTZ4c,141
385831,song,drumeo,385832,GTZ4c,161
385833,song,drumeo,385834,cJZ4c,137
385835,song,drumeo,385836,VbZ4c,454
385837,song,drumeo,385838,YbZ4c,417
385839,song,drumeo,385840,TQZ4c,597
385841,song,drumeo,385842,nFZ4c,529
385843,song,drumeo,385844,tFZ4c,316
385845,song,drumeo,385846,gFZ4c,246
385847,song,drumeo,385848,6FZ4c,295
385849,song,drumeo,385850,pFZ4c,214
385851,song,drumeo,385852,ftZ4c,376
385853,song,drumeo,385854,RtZ4c,275
385855,song,drumeo,385856,-Wd4c,222
385857,song,drumeo,385858,pwd4c,219
385859,song,drumeo,385860,qbZ4c,254
385861,song,drumeo,385862,pNZ4c,224
385863,song,drumeo,385864,5Wd4c,305
385865,song,drumeo,385866,wnZ4c,334
385867,song,drumeo,385868,CnZ4c,158
385869,song,drumeo,385870,dnZ4c,185
385871,song,drumeo,385872,nQ74c,344
385873,song,drumeo,385874,6NZ4c,354
385875,song,drumeo,385876,vMW4c,310
385877,song,drumeo,385878,NBd4c,295
385879,song,drumeo,385880,hQ74c,190
385881,song,drumeo,385882,NYd4c,157
385883,song,drumeo,385884,pMW4c,170
385885,song,drumeo,385886,pQZ4c,272
385887,song,drumeo,385888,ckW4c,221
385889,song,drumeo,385890,Q8W4c,262
385891,song,drumeo,385892,cYd4c,124
385893,song,drumeo,385894,DYd4c,163
385895,song,drumeo,385896,MYd4c,144
385897,song,drumeo,385898,wYd4c,135
385899,song,drumeo,385900,zYd4c,133
385901,song,drumeo,385902,qtZ4c,178
385903,song,drumeo,385904,HtZ4c,169
385905,song,drumeo,385906,Xb74c,236
385907,song,drumeo,385908,2Yd4c,189
385909,song,drumeo,385910,CYd4c,238
385911,song,drumeo,385912,cn74c,228
385913,song,drumeo,385914,fn74c,150
385915,song,drumeo,385916,4n74c,157
385917,song,drumeo,385918,RYd4c,192
385919,song,drumeo,385920,3Yd4c,213
385921,song,drumeo,385922,Hb74c,217
385923,song,drumeo,385924,XYd4c,224
385925,song,drumeo,385926,fwB4c,287
385927,song,drumeo,385928,TtZ4c,320
385929,song,drumeo,385930,5nZ4c,276
385931,song,drumeo,385932,kFZ4c,304
385933,song,drumeo,385934,McZ4c,254
385935,song,drumeo,385936,qYd4c,217
385937,song,drumeo,385938,wn74c,289
385939,song,drumeo,385940,TYd4c,283
385941,song,drumeo,385942,HYd4c,235
385943,song,drumeo,385944,fBd4c,298
385945,song,drumeo,385946,D1B4c,439
385947,song,drumeo,385948,41B4c,166
385949,song,drumeo,385950,w1B4c,221
385951,song,drumeo,385952,l1B4c,212
385953,song,drumeo,385954,C1B4c,224
385955,song,drumeo,385956,R1B4c,111
385957,song,drumeo,385958,31B4c,131
385959,song,drumeo,385960,s1B4c,175
385961,song,drumeo,385962,6p74c,51
385963,song,drumeo,385964,Pp74c,188
385965,song,drumeo,385966,GBd4c,204
385967,song,drumeo,385968,7Yd4c,254
385969,song,drumeo,385970,sb74c,201
385971,song,drumeo,385972,WYd4c,245
385973,song,drumeo,385974,wZd4c,235
385975,song,drumeo,385976,zZd4c,323
385977,song,drumeo,385978,ZYd4c,278
385979,song,drumeo,385980,jDW4c,164
385981,song,drumeo,385982,Hp74c,260
385983,song,drumeo,385984,Xp74c,230
385985,song,drumeo,385986,KDW4c,278
385987,song,drumeo,385988,mDW4c,152
385989,song,drumeo,385990,SDW4c,165
385991,song,drumeo,385992,lp74c,144
385993,song,drumeo,385994,Dp74c,186
385995,song,drumeo,385996,VMW4c,274
385997,song,drumeo,385998,wMW4c,121
385999,song,drumeo,386000,8tZ4c,285
386001,song,drumeo,386002,XFZ4c,227
386003,song,drumeo,386004,dtZ4c,313
386005,song,drumeo,386006,sFZ4c,204
386007,song,drumeo,386008,7tZ4c,241
386009,song,drumeo,386010,ZtZ4c,317
386011,song,drumeo,386012,Vp74c,196
386013,song,drumeo,386014,-WW4c,157
386015,song,drumeo,386016,4dW4c,205
386017,song,drumeo,386018,tSW4c,220
386019,song,drumeo,386020,ndW4c,201
386021,song,drumeo,386022,TpW4c,203
386023,song,drumeo,386024,87W4c,174
386025,song,drumeo,386026,r7W4c,212
386027,song,drumeo,386028,WpW4c,235
386029,song,drumeo,386030,nZW4c,227
386031,song,drumeo,386032,pZW4c,199
386033,song,drumeo,386034,jpW4c,261
386035,song,drumeo,386036,QpW4c,218
386037,song,drumeo,386038,RLW4c,176
386039,song,drumeo,386040,gpW4c,226
386041,song,drumeo,386042,XLW4c,224
386043,song,drumeo,386044,9dW4c,231
386045,song,drumeo,386046,TLW4c,208
386047,song,drumeo,386048,SpW4c,165
386049,song,drumeo,386050,cNB4c,185
386051,song,drumeo,386052,TZW4c,336
386053,song,drumeo,386054,CZW4c,143
386055,song,drumeo,386056,yNB4c,189
386057,song,drumeo,386058,2NB4c,181
386277,song,drumeo,386278,h6j4c,338
386279,song,drumeo,386280,6pj4c,210
386281,song,drumeo,386282,NGj4c,254
386283,song,drumeo,386284,ppj4c,252
386285,song,drumeo,386286,wNP4c,399
386287,song,drumeo,386288,XGj4c,210
386393,song,drumeo,386394,k394c,382
386395,song,drumeo,386396,w394c,501
386458,song,drumeo,386459,dZK4c,263
387319,song,drumeo,387320,m464c,210
387331,song,drumeo,387332,3W64c,200
387469,song,drumeo,387470,Cyg4c,255
387471,song,drumeo,387473,Q1h4c,294
387474,song,drumeo,387476,Lyg4c,223
387477,song,drumeo,387479,lYg4c,291
387480,song,drumeo,387482,WYg4c,254
387483,song,drumeo,387484,tYg4c,193
387485,song,drumeo,387486,9lg4c,453
387487,song,drumeo,387488,Vzg4c,190
387489,song,drumeo,387490,rYh4c,225
387491,song,drumeo,387492,vYh4c,211
387493,song,drumeo,387494,clh4c,201
387495,song,drumeo,387496,Vlh4c,232
387498,song,drumeo,387499,flh4c,732
387500,song,drumeo,387501,yk64c,242
387502,song,drumeo,387503,Dlh4c,366
387504,song,drumeo,387505,Mlh4c,269
387623,song,drumeo,387624,6Yh4c,244
387628,song,drumeo,387630,vHh4c,428
387640,song,drumeo,387641,ysh4c,226
387824,song,drumeo,387825,Kwv4c,335
387986,song,drumeo,387987,1kp4c,285
388002,song,drumeo,388003,Jqp4c,301
388035,song,drumeo,388036,68Nyc,110
388037,song,drumeo,388038,qHNyc,287
388078,song,drumeo,388079,cRcyc,248
388080,song,drumeo,388081,Dqcyc,239
388144,song,drumeo,388145,gxcyc,190
388200,song,drumeo,388201,8NVyc,186
388247,song,drumeo,388248,hPVyc,226
388254,song,drumeo,388255,ZHfyc,285
388281,song,drumeo,388282,HBfyc,433
388295,song,drumeo,388296,85fyc,820
388351,song,drumeo,388352,dHDyc,256
388413,song,drumeo,388414,VbMyc,253
388415,song,drumeo,388416,fbMyc,211
388417,song,drumeo,388418,DbMyc,303
388419,song,drumeo,388420,MbMyc,197
388421,song,drumeo,388422,4bMyc,240
388423,song,drumeo,388424,ybMyc,337
388425,song,drumeo,388426,wbMyc,147
388427,song,drumeo,388428,YbMyc,208
388429,song,drumeo,388430,lbMyc,293
388431,song,drumeo,388432,zbMyc,225
388438,song,drumeo,388439,3bMyc,226
388440,song,drumeo,388441,CbMyc,291
388443,song,drumeo,388444,TbMyc,171
388446,song,drumeo,388447,JbMyc,197
388449,song,drumeo,388450,WbMyc,350
388612,song,drumeo,388613,fCyyc,330
388614,song,drumeo,388615,cRyyc,302
388616,song,drumeo,388617,lRyyc,223
388618,song,drumeo,388619,5x4yc,612
388620,song,drumeo,388621,CRyyc,340
388622,song,drumeo,388623,JRyyc,308
388624,song,drumeo,388625,jRyyc,157
388626,song,drumeo,388627,5Ryyc,240
388629,song,drumeo,388630,V3yyc,238
388631,song,drumeo,388632,y3yyc,571
388633,song,drumeo,388634,LP4yc,215
388635,song,drumeo,388636,N94yc,190
388637,song,drumeo,388638,694yc,200
388639,song,drumeo,388640,cK4yc,404
388647,song,drumeo,388652,mK4yc,205
388653,song,drumeo,388654,pK4yc,214
388655,song,drumeo,388656,fx4yc,273
388657,song,drumeo,388658,q-4yc,207
388659,song,drumeo,388660,F-4yc,247
388661,song,drumeo,388662,h-4yc,153
388665,song,drumeo,388666,MQ4yc,335
388667,song,drumeo,388668,Bn4yc,296
388669,song,drumeo,388670,gn4yc,512
388671,song,drumeo,388672,3F4yc,250
388673,song,drumeo,388674,8F4yc,257
388675,song,drumeo,388676,Vt4yc,271
388677,song,drumeo,388678,n54yc,192
388679,song,drumeo,388680,dg4yc,259
388682,song,drumeo,388683,F64yc,162
388684,song,drumeo,388685,CG4yc,190
388686,song,drumeo,388687,t2wyc,373
388688,song,drumeo,388689,jHyyc,386
388690,song,drumeo,388691,LG4yc,282
388698,song,drumeo,388699,C2kyc,252
388700,song,drumeo,388701,fPkyc,215
388702,song,drumeo,388703,V-kyc,271
388704,song,drumeo,388705,Rgkyc,305
388740,song,drumeo,388741,KSkyc,742
388834,song,drumeo,388835,KK4yc,260
388849,song,drumeo,388850,PRwyc,228
388851,song,drumeo,388852,-Ywyc,200
389012,song,drumeo,389013,Z1zyc,226
389014,song,drumeo,389015,91zyc,168
389016,song,drumeo,389017,61zyc,304
389018,song,drumeo,389019,S1zyc,305
389020,song,drumeo,389021,y8zyc,222
389022,song,drumeo,389023,-7zyc,249
389024,song,drumeo,389025,B8zyc,307
389026,song,drumeo,389027,Rdzyc,247
389028,song,drumeo,389029,mBzyc,300
389030,song,drumeo,389031,yZzyc,230
389032,song,drumeo,389033,YZzyc,482
389034,song,drumeo,389035,zZzyc,326
389036,song,drumeo,389037,JZzyc,136
389038,song,drumeo,389039,BZzyc,224
389040,song,drumeo,389041,LZzyc,352
389042,song,drumeo,389043,PZzyc,256
389044,song,drumeo,389045,KZzyc,250
389046,song,drumeo,389047,5Zzyc,173
389048,song,drumeo,389049,WCzyc,264
389050,song,drumeo,389051,GZzyc,266
389052,song,drumeo,389053,hZzyc,172
389054,song,drumeo,389055,mZzyc,454
389056,song,drumeo,389057,pZzyc,371
389058,song,drumeo,389059,VLzyc,298
389060,song,drumeo,389061,4Lzyc,231
389062,song,drumeo,389063,YLzyc,242
389099,song,drumeo,389100,WF2yc,250
389101,song,drumeo,389102,wt2yc,181
389103,song,drumeo,389104,zt2yc,201
389105,song,drumeo,389106,Ct2yc,259
389107,song,drumeo,389108,Zt2yc,239
389109,song,drumeo,389110,nt2yc,253
389111,song,drumeo,389112,rt2yc,444
389113,song,drumeo,389114,St2yc,310
389115,song,drumeo,389116,V52yc,199
389117,song,drumeo,389118,452yc,194
389119,song,drumeo,389120,b52yc,612
389121,song,drumeo,389122,Q52yc,344
389123,song,drumeo,389124,p52yc,166
389125,song,drumeo,389126,yzCyc,448
389127,song,drumeo,389128,zzCyc,270
389129,song,drumeo,389130,qzCyc,257
389131,song,drumeo,389132,szCyc,323
389133,song,drumeo,389134,1zCyc,527
389135,song,drumeo,389136,8zCyc,288
389137,song,drumeo,389138,BzCyc,279
389139,song,drumeo,389140,LzCyc,399
389141,song,drumeo,389142,PzCyc,407
389143,song,drumeo,389144,KzCyc,239
389145,song,drumeo,389146,-zCyc,260
389147,song,drumeo,389148,FzCyc,242
389151,song,drumeo,389152,CLRyc,299
389153,song,drumeo,389154,8c3yc,169
389155,song,drumeo,389156,sjqyc,377
389157,song,drumeo,389158,Kc3yc,163
389159,song,drumeo,389160,gc3yc,220
389161,song,drumeo,389162,NV3yc,233
389163,song,drumeo,389164,qV3yc,183
389165,song,drumeo,389166,PV3yc,235
389167,song,drumeo,389168,FV3yc,209
389169,song,drumeo,389170,Xf3yc,181
389171,song,drumeo,389172,7f3yc,257
389173,song,drumeo,389174,hf3yc,301
389175,song,drumeo,389176,CD3yc,209
389177,song,drumeo,389178,YD3yc,131
389179,song,drumeo,389180,Bjqyc,288
389209,song,drumeo,389210,jtlyc,300
389523,song,drumeo,389524,zYCyc,221
389525,song,drumeo,389526,bYCyc,214
389527,song,drumeo,389528,xYCyc,242
389529,song,drumeo,389530,-9Cyc,159
389668,song,drumeo,389669,wBRyc,188
389670,song,drumeo,389671,GyRyc,173
389672,song,drumeo,389673,PvRyc,212
389674,song,drumeo,389675,hvRyc,296
389823,song,drumeo,389824,QBXyc,222
389825,song,drumeo,389826,ZKXyc,262
389842,song,drumeo,389843,drqyc,297
390134,song,drumeo,390135,gwJyc,312
390136,song,drumeo,390137,FYJyc,203
390138,song,drumeo,390141,RlJyc,253
390142,song,drumeo,390143,3lJyc,319
390144,song,drumeo,390145,HlJyc,234
390146,song,drumeo,390147,JlJyc,292
390148,song,drumeo,390149,WlJyc,237
390150,song,drumeo,390151,BlJyc,164
390152,song,drumeo,390153,jlJyc,247
390154,song,drumeo,390155,PlJyc,284
390156,song,drumeo,390157,xlJyc,107
390158,song,drumeo,390159,FlJyc,228
390160,song,drumeo,390161,GlJyc,173
390162,song,drumeo,390163,NzJyc,198
390164,song,drumeo,390165,VzJyc,238
390427,song,drumeo,390428,Cvsyc,287
390429,song,drumeo,390430,xhsyc,183
390431,song,drumeo,390432,n11yc,209
390433,song,drumeo,390434,yvsyc,259
390435,song,drumeo,390436,3msyc,272
390437,song,drumeo,390438,b41yc,224
390443,song,drumeo,390444,kW1yc,260
390445,song,drumeo,390446,Qn1yc,360
390448,song,drumeo,390449,G8Tyc,310
390450,song,drumeo,390451,6dTyc,160
390456,song,drumeo,390457,Y7Tyc,286
390458,song,drumeo,390459,T7Tyc,196
390460,song,drumeo,390461,s7Tyc,197
390462,song,drumeo,390463,L7Tyc,166
390464,song,drumeo,390465,2tTyc,220
390466,song,drumeo,390467,-7Tyc,269
390468,song,drumeo,390469,NWTyc,237
390470,song,drumeo,390471,4WTyc,157
390472,song,drumeo,390473,wWTyc,209
390474,song,drumeo,390475,XWTyc,310
390476,song,drumeo,390477,9WTyc,230
390478,song,drumeo,390479,hWTyc,164
390480,song,drumeo,390481,VBTyc,239
390482,song,drumeo,390483,V51yc,319
390515,song,drumeo,390516,Kg1yc,207
390539,song,drumeo,390540,-7dyc,379
390541,song,drumeo,390542,g7dyc,292
390543,song,drumeo,390544,h7dyc,179
390545,song,drumeo,390546,p7dyc,372
390547,song,drumeo,390548,3Bdyc,342
390549,song,drumeo,390550,qBdyc,238
390552,song,drumeo,390553,VcWyc,148
390554,song,drumeo,390555,TBdyc,256
390556,song,drumeo,390557,dBdyc,210
390558,song,drumeo,390559,DcWyc,420
390560,song,drumeo,390561,nBdyc,274
390562,song,drumeo,390563,6Bdyc,197
390564,song,drumeo,390565,SBdyc,218
390566,song,drumeo,390567,VZdyc,268
390568,song,drumeo,390569,DZdyc,321
390619,song,drumeo,390620,szdyc,240
390621,song,drumeo,390622,zC8yc,296
390623,song,drumeo,390624,yn8yc,247
390625,song,drumeo,390626,zz8yc,239
390627,song,drumeo,390628,lldyc,286
390629,song,drumeo,390630,q58yc,280
390739,song,drumeo,390740,Gy7yc,471
390832,song,drumeo,390833,BdWyc,205
390834,song,drumeo,390835,BBWyc,158
390836,song,drumeo,390837,S-Wyc,188
390966,song,drumeo,390967,SsWyc,221
390969,song,drumeo,390970,41Wyc,296
390971,song,drumeo,390972,b1Wyc,196
390973,song,drumeo,390974,Z1Wyc,265
390975,song,drumeo,390976,51Wyc,285
390977,song,drumeo,390978,88Wyc,237
390979,song,drumeo,390980,NvWyc,372
390981,song,drumeo,390982,PvWyc,252
390983,song,drumeo,390984,YSWyc,296
390985,song,drumeo,390986,XSWyc,179
390987,song,drumeo,390988,xNByc,215
390989,song,drumeo,390990,gNByc,395
390992,song,drumeo,390993,fcByc,399
390995,song,drumeo,390996,cVByc,250
390997,song,drumeo,390998,xVByc,186
391092,song,drumeo,391093,xDLyc,199
391094,song,drumeo,391095,bwjyc,191
391096,song,drumeo,391097,1wjyc,237
391098,song,drumeo,391099,Wwjyc,316
391100,song,drumeo,391101,Pwjyc,231
391102,song,drumeo,391103,Fwjyc,278
391104,song,drumeo,391105,6wjyc,294
391106,song,drumeo,391107,DYjyc,238
391108,song,drumeo,391109,yYjyc,261
391110,song,drumeo,391111,zYjyc,220
391113,song,drumeo,391114,3Yjyc,309
391115,song,drumeo,391116,dYjyc,318
391117,song,drumeo,391118,WYjyc,288
391119,song,drumeo,391120,ZYjyc,294
391121,song,drumeo,391122,KYjyc,330
391123,song,drumeo,391124,-Yjyc,330
391382,song,drumeo,391383,h8Kyc,207
391384,song,drumeo,391385,kdKyc,157
391386,song,drumeo,391387,3dKyc,203
391388,song,drumeo,391389,JdKyc,189
391390,song,drumeo,391391,7dKyc,257
391392,song,drumeo,391393,ZdKyc,248
391394,song,drumeo,391395,gdKyc,347
391396,song,drumeo,391397,mdKyc,477
391398,song,drumeo,391399,M7Kyc,250
391400,song,drumeo,391401,y7Kyc,158
391402,song,drumeo,391403,w7Kyc,243
391404,song,drumeo,391405,27Kyc,238
391406,song,drumeo,391407,37Kyc,208
391408,song,drumeo,391409,J7Kyc,253
391410,song,drumeo,391411,Q8Kyc,172
391414,song,drumeo,391415,k8Pyc,244
391447,song,drumeo,391448,2K-yc,181
391449,song,drumeo,391450,XK-yc,264
391451,song,drumeo,391452,TK-yc,218
391453,song,drumeo,391454,bK-yc,189
391455,song,drumeo,391456,8K-yc,310
391457,song,drumeo,391458,7K-yc,254
391462,song,drumeo,391463,dLZyc,313
391464,song,drumeo,391465,ZK-yc,536
391466,song,drumeo,391467,xK-yc,169
391468,song,drumeo,391469,GK-yc,197
391470,song,drumeo,391471,SK-yc,270
391472,song,drumeo,391473,cx-yc,259
391474,song,drumeo,391475,wx-yc,251
391476,song,drumeo,391477,zx-yc,273
391479,song,drumeo,391480,Rx-yc,246
391780,song,drumeo,391781,5PKyc,331
391782,song,drumeo,391783,xwKyc,280
391784,song,drumeo,391785,5K-yc,238
391963,song,drumeo,391964,kx-yc,246
392049,song,drumeo,392050,-8Qyc,217
392051,song,drumeo,392052,NBQyc,231
392053,song,drumeo,392054,XZQyc,160
392055,song,drumeo,392056,SZQyc,240
392057,song,drumeo,392058,NjQyc,445
392059,song,drumeo,392060,8PQyc,175
392061,song,drumeo,392062,BPQyc,245
392063,song,drumeo,392064,-PQyc,312
392065,song,drumeo,392066,5PQyc,222
392067,song,drumeo,392068,V9Qyc,309
392069,song,drumeo,392070,y9Qyc,257
392071,song,drumeo,392072,JKQyc,137
392073,song,drumeo,392074,ZKQyc,332
392075,song,drumeo,392076,nKQyc,171
392077,song,drumeo,392078,rKQyc,253
392272,song,drumeo,392273,QKFyc,249
392303,song,drumeo,392304,kCnyc,212
392305,song,drumeo,392306,vCnyc,240
392307,song,drumeo,392308,lCnyc,228
392309,song,drumeo,392310,CCnyc,272
392315,song,drumeo,392316,pCnyc,189
392317,song,drumeo,392318,XCnyc,220
392319,song,drumeo,392320,qCnyc,208
392321,song,drumeo,392322,bCnyc,216
392323,song,drumeo,392324,1Cnyc,430
392325,song,drumeo,392326,8Cnyc,244
392327,song,drumeo,392328,7Cnyc,271
392329,song,drumeo,392330,jCnyc,242
392331,song,drumeo,392332,PCnyc,177
392333,song,drumeo,392334,9Cnyc,279
392335,song,drumeo,392336,xCnyc,142
392470,song,drumeo,392471,bQ5yc,439
392647,song,drumeo,392648,jCnyc,242
392695,song,drumeo,392696,XD6yc,156
392697,song,drumeo,392698,ZD6yc,242
392699,song,drumeo,392700,cQgyc,195
392701,song,drumeo,392702,hD6yc,226
392703,song,drumeo,392704,FM6yc,182
392705,song,drumeo,392706,vM6yc,206
392792,song,drumeo,392793,HL6yc,470
392794,song,drumeo,392795,BB6yc,252
392796,song,drumeo,392797,HB6yc,283
392798,song,drumeo,392799,6W6yc,273
392800,song,drumeo,392801,KW6yc,230
392932,song,drumeo,392933,JK6yc,230
392934,song,drumeo,392935,Bh6yc,207
392936,song,drumeo,392937,mh6yc,312
392938,song,drumeo,392939,wm6yc,766
392940,song,drumeo,392941,xm6yc,346
392992,song,drumeo,392993,TnGyc,324
393029,song,drumeo,393030,rm6yc,222
393031,song,drumeo,393032,4DGyc,199
393033,song,drumeo,393034,CDGyc,670
393035,song,drumeo,393036,8DGyc,296
393039,song,drumeo,393040,ZDGyc,206
393041,song,drumeo,393042,hDGyc,368
393043,song,drumeo,393044,pDGyc,230
393045,song,drumeo,393046,4MGyc,213
393048,song,drumeo,393049,CMGyc,190
393050,song,drumeo,393051,sMGyc,186
393113,song,drumeo,393114,-Ghyc,213
393115,song,drumeo,393116,FGhyc,229
393117,song,drumeo,393118,rGhyc,374
393119,song,drumeo,393120,mGhyc,287
393121,song,drumeo,393122,vGhyc,279
393123,song,drumeo,393124,SGhyc,347
393125,song,drumeo,393126,pGhyc,235
393127,song,drumeo,393128,Nrhyc,220
393129,song,drumeo,393130,crhyc,215
393131,song,drumeo,393132,Vrhyc,218
393133,song,drumeo,393134,frhyc,225
393135,song,drumeo,393136,Mrhyc,237
393137,song,drumeo,393138,krhyc,213
393143,song,drumeo,393144,lrhyc,281
