id,type,title,CMS URL,URL,Published Date,Original Topic,Genre,Essentials-1,Essentials-2,Theory-1,Theory-2,Creativity-1,Creativity-2,Lifestyle-1,Lifestyle-2,Who,
10125,live,Your First Drum Lesson,https://admin.musora.com/admin#/content/drumeo/10125,https://www.musora.com/drumeo/live-streams/173-your-first-drum-lesson/10125,2012-08-28,All,,Rudiments,,Notation,,,,,,Sahand,
10165,live,Polyrhythms Made Simple #1,https://admin.musora.com/admin#/content/drumeo/10165,https://www.musora.com/drumeo/live-streams/177-polyrhythms-made-simple-1/10165,2012-09-03,Beats,,,,Time Signatures,,Grooves,,,,Sahand,
10165,live,Polyrhythms Made Simple #1,https://admin.musora.com/admin#/content/drumeo/10165,https://www.musora.com/drumeo/live-streams/177-polyrhythms-made-simple-1/10165,2012-09-03,Beats,,,,,,,,,,Sahand,
10165,live,Polyrhythms Made Simple #1,https://admin.musora.com/admin#/content/drumeo/10165,https://www.musora.com/drumeo/live-streams/177-polyrhythms-made-simple-1/10165,2012-09-03,Musicality,,,,,,,,,,Sahand,
10165,live,Polyrhythms Made Simple #1,https://admin.musora.com/admin#/content/drumeo/10165,https://www.musora.com/drumeo/live-streams/177-polyrhythms-made-simple-1/10165,2012-09-03,Musicality,,,,,,,,,,Sahand,
10165,live,Polyrhythms Made Simple #1,https://admin.musora.com/admin#/content/drumeo/10165,https://www.musora.com/drumeo/live-streams/177-polyrhythms-made-simple-1/10165,2012-09-03,Theory,,,,,,,,,,Sahand,
10165,live,Polyrhythms Made Simple #1,https://admin.musora.com/admin#/content/drumeo/10165,https://www.musora.com/drumeo/live-streams/177-polyrhythms-made-simple-1/10165,2012-09-03,Theory,,,,,,,,,,Sahand,
10236,live,Polyrhythms Made Simple #2,https://admin.musora.com/admin#/content/drumeo/10236,https://www.musora.com/drumeo/live-streams/182-polyrhythms-made-simple-2/10236,2012-09-10,Beats,,,,Time Signatures,,Grooves,,,,Sahand,
10236,live,Polyrhythms Made Simple #2,https://admin.musora.com/admin#/content/drumeo/10236,https://www.musora.com/drumeo/live-streams/182-polyrhythms-made-simple-2/10236,2012-09-10,Beats,,,,,,,,,,Sahand,
10236,live,Polyrhythms Made Simple #2,https://admin.musora.com/admin#/content/drumeo/10236,https://www.musora.com/drumeo/live-streams/182-polyrhythms-made-simple-2/10236,2012-09-10,Musicality,,,,,,,,,,Sahand,
10236,live,Polyrhythms Made Simple #2,https://admin.musora.com/admin#/content/drumeo/10236,https://www.musora.com/drumeo/live-streams/182-polyrhythms-made-simple-2/10236,2012-09-10,Musicality,,,,,,,,,,Sahand,
10236,live,Polyrhythms Made Simple #2,https://admin.musora.com/admin#/content/drumeo/10236,https://www.musora.com/drumeo/live-streams/182-polyrhythms-made-simple-2/10236,2012-09-10,Theory,,,,,,,,,,Sahand,
10236,live,Polyrhythms Made Simple #2,https://admin.musora.com/admin#/content/drumeo/10236,https://www.musora.com/drumeo/live-streams/182-polyrhythms-made-simple-2/10236,2012-09-10,Theory,,,,,,,,,,Sahand,
10273,live,Hi-Hat Barking,https://admin.musora.com/admin#/content/drumeo/10273,https://www.musora.com/drumeo/live-streams/185-hi-hat-barking/10273,2012-09-13,Beats,,,,,,Grooves,,,,Sahand,
10273,live,Hi-Hat Barking,https://admin.musora.com/admin#/content/drumeo/10273,https://www.musora.com/drumeo/live-streams/185-hi-hat-barking/10273,2012-09-13,Musicality,,,,,,,,,,Sahand,
10422,live,Djent Drumming,https://admin.musora.com/admin#/content/drumeo/10422,https://www.musora.com/drumeo/live-streams/195-djent-drumming/10422,2012-09-25,Beats,,,,,,Grooves,,,,Sahand,
11641,live,Jeff Porcaro Licks & Grooves,https://admin.musora.com/admin#/content/drumeo/11641,https://www.musora.com/drumeo/live-streams/201-jeff-porcaro-licks-grooves/11641,2012-10-02,Beats,,,,,,Grooves,Fills & Chops,,,Sahand,
11641,live,Jeff Porcaro Licks & Grooves,https://admin.musora.com/admin#/content/drumeo/11641,https://www.musora.com/drumeo/live-streams/201-jeff-porcaro-licks-grooves/11641,2012-10-02,Fills,,,,,,,,,,Sahand,
11662,live,Paradiddle Accent Exercises,https://admin.musora.com/admin#/content/drumeo/11662,https://www.musora.com/drumeo/live-streams/202-paradiddle-accent-exercises/11662,2012-10-03,Beats,,Rudiments,Hand Technique,,,Grooves,Fills & Chops,,,Sahand,
11662,live,Paradiddle Accent Exercises,https://admin.musora.com/admin#/content/drumeo/11662,https://www.musora.com/drumeo/live-streams/202-paradiddle-accent-exercises/11662,2012-10-03,Fills,,,,,,,,,,Sahand,
11662,live,Paradiddle Accent Exercises,https://admin.musora.com/admin#/content/drumeo/11662,https://www.musora.com/drumeo/live-streams/202-paradiddle-accent-exercises/11662,2012-10-03,Rudiments,,,,,,,,,,Sahand,
11662,live,Paradiddle Accent Exercises,https://admin.musora.com/admin#/content/drumeo/11662,https://www.musora.com/drumeo/live-streams/202-paradiddle-accent-exercises/11662,2012-10-03,Technique,,,,,,,,,,Sahand,
11847,live,Advanced 20-Minute Workout,https://admin.musora.com/admin#/content/drumeo/11847,https://www.musora.com/drumeo/live-streams/216-advanced-20-minute-workout/11847,2012-10-19,Rudiments,,Rudiments,Hand Technique,,,,,,,Sahand,
11847,live,Advanced 20-Minute Workout,https://admin.musora.com/admin#/content/drumeo/11847,https://www.musora.com/drumeo/live-streams/216-advanced-20-minute-workout/11847,2012-10-19,Technique,,,,,,,,,,Sahand,
12102,live,10 Must Know Drum Fills,https://admin.musora.com/admin#/content/drumeo/12102,https://www.musora.com/drumeo/live-streams/226-10-must-know-drum-fills/12102,2012-10-29,Fills,,,,,,Fills & Chops,,,,Sahand,
12523,live,Swing/Shuffle Funk Feel,https://admin.musora.com/admin#/content/drumeo/12523,https://www.musora.com/drumeo/live-streams/245-swingshuffle-funk-feel/12523,2012-11-20,Beats,Funk/Disco,,,,,Double Bass,,,,Sahand,
12816,live,The Touring Drummer,https://admin.musora.com/admin#/content/drumeo/12816,https://www.musora.com/drumeo/live-streams/255-the-touring-drummer/12816,2012-12-03,All,,,,,,,,,Gigging Tips & Gear,Sahand,
12816,live,The Touring Drummer,https://admin.musora.com/admin#/content/drumeo/12816,https://www.musora.com/drumeo/live-streams/255-the-touring-drummer/12816,2012-12-03,All,,,,,,,,,,Sahand,
12952,live,Danny Carey Licks & Grooves,https://admin.musora.com/admin#/content/drumeo/12952,https://www.musora.com/drumeo/live-streams/258-danny-carey-licks-grooves/12952,2012-12-04,Beats,,,,,,Grooves,Fills & Chops,,,Sahand,
12952,live,Danny Carey Licks & Grooves,https://admin.musora.com/admin#/content/drumeo/12952,https://www.musora.com/drumeo/live-streams/258-danny-carey-licks-grooves/12952,2012-12-04,Fills,,,,,,,,,,Sahand,
13410,live,Your Second Drum Lesson,https://admin.musora.com/admin#/content/drumeo/13410,https://www.musora.com/drumeo/live-streams/266-your-second-drum-lesson/13410,2012-12-14,All,,,,Notation,,Grooves,Fills & Chops,,,Sahand,
13430,live,Fusion Grooves & Fills,https://admin.musora.com/admin#/content/drumeo/13430,https://www.musora.com/drumeo/live-streams/268-fusion-grooves-fills/13430,2012-12-14,Beats,Jazz/Blues,,,,,Grooves,Fills & Chops,,,Sahand,
13430,live,Fusion Grooves & Fills,https://admin.musora.com/admin#/content/drumeo/13430,https://www.musora.com/drumeo/live-streams/268-fusion-grooves-fills/13430,2012-12-14,Fills,,,,,,,,,,Sahand,
13492,live,Your Third Drum Lesson,https://admin.musora.com/admin#/content/drumeo/13492,https://www.musora.com/drumeo/live-streams/272-your-third-drum-lesson/13492,2012-12-18,All,,,,,,Grooves,Fills & Chops,,,Sahand,
13760,live,Developing Jazz #1,https://admin.musora.com/admin#/content/drumeo/13760,https://www.musora.com/drumeo/live-streams/286-developing-jazz-1/13760,2013-01-04,Beats,Jazz/Blues,,,,,Grooves,Fills & Chops,,,Sahand,
13760,live,Developing Jazz #1,https://admin.musora.com/admin#/content/drumeo/13760,https://www.musora.com/drumeo/live-streams/286-developing-jazz-1/13760,2013-01-04,Fills,,,,,,,,,,Sahand,
13772,live,Recording Studio Tips,https://admin.musora.com/admin#/content/drumeo/13772,https://www.musora.com,2013-01-07,Musicality,,,,,,,,,Gigging Tips & Gear,Sahand,
13772,live,Recording Studio Tips,https://admin.musora.com/admin#/content/drumeo/13772,https://www.musora.com,2013-01-07,Musicality,,,,,,,,,,Sahand,
13943,live,Developing Jazz #2,https://admin.musora.com/admin#/content/drumeo/13943,https://www.musora.com/drumeo/live-streams/293-developing-jazz-2/13943,2013-01-11,Beats,Jazz/Blues,,,,,Grooves,Fills & Chops,,,Sahand,
13943,live,Developing Jazz #2,https://admin.musora.com/admin#/content/drumeo/13943,https://www.musora.com/drumeo/live-streams/293-developing-jazz-2/13943,2013-01-11,Fills,,,,,,,,,,Sahand,
13987,live,Punk Rock For Beginners,https://admin.musora.com/admin#/content/drumeo/13987,https://www.musora.com/drumeo/live-streams/297-punk-rock-for-beginners/13987,2013-01-14,Beats,,,,,,Grooves,Fills & Chops,,,Sahand,
13987,live,Punk Rock For Beginners,https://admin.musora.com/admin#/content/drumeo/13987,https://www.musora.com/drumeo/live-streams/297-punk-rock-for-beginners/13987,2013-01-14,Fills,,,,,,,,,,Sahand,
14072,live,Developing Jazz #3,https://admin.musora.com/admin#/content/drumeo/14072,https://www.musora.com/drumeo/live-streams/300-developing-jazz-3/14072,2013-01-18,Beats,Jazz/Blues,,,,,Grooves,Fills & Chops,,,Sahand,
14072,live,Developing Jazz #3,https://admin.musora.com/admin#/content/drumeo/14072,https://www.musora.com/drumeo/live-streams/300-developing-jazz-3/14072,2013-01-18,Fills,,,,,,,,,,Sahand,
14125,live,How To Mic Your Drums,https://admin.musora.com/admin#/content/drumeo/14125,https://www.musora.com/drumeo/live-streams/301-how-to-mic-your-drums/14125,2013-01-22,Gear,,,,,,,,,Gigging Tips & Gear,Sahand,
14207,live,Developing Jazz #4,https://admin.musora.com/admin#/content/drumeo/14207,https://www.musora.com/drumeo/live-streams/307-developing-jazz-4/14207,2013-01-25,Beats,Jazz/Blues,,,,,Grooves,Fills & Chops,,,Sahand,
14207,live,Developing Jazz #4,https://admin.musora.com/admin#/content/drumeo/14207,https://www.musora.com/drumeo/live-streams/307-developing-jazz-4/14207,2013-01-25,Fills,,,,,,,,,,Sahand,
14260,live,Developing Your Drags,https://admin.musora.com/admin#/content/drumeo/14260,https://www.musora.com/drumeo/live-streams/309-developing-your-drags/14260,2013-01-28,Gear,,Rudiments,Hand Technique,,,,,,,Sahand,
14260,live,Developing Your Drags,https://admin.musora.com/admin#/content/drumeo/14260,https://www.musora.com/drumeo/live-streams/309-developing-your-drags/14260,2013-01-28,Gear,,,,,,,,,,Sahand,
14303,live,Jazz Drumming Applied,https://admin.musora.com/admin#/content/drumeo/14303,https://www.musora.com/drumeo/live-streams/312-jazz-drumming-applied/14303,2013-02-01,Beats,Jazz/Blues,,,,,Grooves,,,,Sahand,
14303,live,Jazz Drumming Applied,https://admin.musora.com/admin#/content/drumeo/14303,https://www.musora.com/drumeo/live-streams/312-jazz-drumming-applied/14303,2013-02-01,Fills,,Hand Technique,,,,Grooves,Fills & Chops,,,Sahand,
14465,live,De-Stupifying Your Left Hand,https://admin.musora.com/admin#/content/drumeo/14465,https://www.musora.com/drumeo/live-streams/314-de-stupifying-your-left-hand/14465,2013-02-05,Beats,,,,,,,,,,Sahand,
14465,live,De-Stupifying Your Left Hand,https://admin.musora.com/admin#/content/drumeo/14465,https://www.musora.com/drumeo/live-streams/314-de-stupifying-your-left-hand/14465,2013-02-05,Technique,,,,,,,,,,Sahand,
15357,live,Practicing With A Metronome,https://admin.musora.com/admin#/content/drumeo/15357,https://www.musora.com/drumeo/live-streams/327-practicing-with-a-metronome/15357,2013-02-18,All,,Timing,,,,,,,Gigging Tips & Gear,Sahand,
15692,live,Mambo Cascara Variations #1,https://admin.musora.com/admin#/content/drumeo/15692,https://www.musora.com/drumeo/live-streams/330-mambo-cascara-variations-1/15692,2013-02-22,Beats,Latin/World,,,,,Grooves,,,,Sahand,
16287,live,Mike's Crazy Tom Grooves,https://admin.musora.com/admin#/content/drumeo/16287,https://www.musora.com/drumeo/live-streams/339-mikes-crazy-tom-grooves/16287,2013-03-04,Beats,,,,,,Grooves,,,,Sahand,
16287,live,Mike's Crazy Tom Grooves,https://admin.musora.com/admin#/content/drumeo/16287,https://www.musora.com/drumeo/live-streams/339-mikes-crazy-tom-grooves/16287,2013-03-04,Fills,,,,,,,,,,Sahand,
16298,live,How To Learn Songs,https://admin.musora.com/admin#/content/drumeo/16298,https://www.musora.com/drumeo/live-streams/343-how-to-learn-songs/16298,2013-03-06,Musicality,,,,,,,,,Gigging Tips & Gear,Sahand,
16431,live,Mambo Cascara Variations #2,https://admin.musora.com/admin#/content/drumeo/16431,https://www.musora.com/drumeo/live-streams/346-mambo-cascara-variations-2/16431,2013-03-08,Beats,Latin/World,,,,,Grooves,,,,Sahand,
16431,live,Mambo Cascara Variations #2,https://admin.musora.com/admin#/content/drumeo/16431,https://www.musora.com/drumeo/live-streams/346-mambo-cascara-variations-2/16431,2013-03-08,Beats,,,,,,,,,,Sahand,
16519,live,10 Beats For The Working Drummer,https://admin.musora.com/admin#/content/drumeo/16519,https://www.musora.com/drumeo/live-streams/350-10-beats-for-the-working-drummer/16519,2013-03-13,Beats,,,,,,Grooves,,,,Sahand,
16640,live,Mambo Cascara Variations #3,https://admin.musora.com/admin#/content/drumeo/16640,https://www.musora.com/drumeo/live-streams/359-mambo-hi-hat-variations-3/16640,2013-03-22,Beats,Latin/World,,,,,Grooves,,,,Sahand,
16640,live,Mambo Cascara Variations #3,https://admin.musora.com/admin#/content/drumeo/16640,https://www.musora.com/drumeo/live-streams/359-mambo-hi-hat-variations-3/16640,2013-03-22,Beats,,,,,,,,,,Sahand,
16844,live,Ronnie Tutt Q&A,https://admin.musora.com/admin#/content/drumeo/16844,https://www.musora.com/drumeo/live-streams/369-ronnie-tutt-qa/16844,2013-04-04,Edutainment,,,,,,,,,Other,Sahand,
16885,live,Developing Jazz #5,https://admin.musora.com/admin#/content/drumeo/16885,https://www.musora.com/drumeo/live-streams/371-developing-jazz-5/16885,2013-04-08,Beats,Jazz/Blues,,,,,Grooves,Fills & Chops,,,Sahand,
16885,live,Developing Jazz #5,https://admin.musora.com/admin#/content/drumeo/16885,https://www.musora.com/drumeo/live-streams/371-developing-jazz-5/16885,2013-04-08,Beats,,,,,,,,,,Sahand,
16885,live,Developing Jazz #5,https://admin.musora.com/admin#/content/drumeo/16885,https://www.musora.com/drumeo/live-streams/371-developing-jazz-5/16885,2013-04-08,Fills,,,,,,,,,,Sahand,
16885,live,Developing Jazz #5,https://admin.musora.com/admin#/content/drumeo/16885,https://www.musora.com/drumeo/live-streams/371-developing-jazz-5/16885,2013-04-08,Fills,,,,,,,,,,Sahand,
16918,live,Playing With Electronics,https://admin.musora.com/admin#/content/drumeo/16918,https://www.musora.com/drumeo/live-streams/375-playing-with-electronics/16918,2013-04-09,Gear,,,,,,,,,Gigging Tips & Gear,Sahand,
16918,live,Playing With Electronics,https://admin.musora.com/admin#/content/drumeo/16918,https://www.musora.com/drumeo/live-streams/375-playing-with-electronics/16918,2013-04-09,Musicality,,,,,,,,,,Sahand,
16942,live,Playing With A Guitarist,https://admin.musora.com/admin#/content/drumeo/16942,https://www.musora.com/drumeo/live-streams/377-playing-with-a-guitarist/16942,2013-04-11,Musicality,,,,,,,,,Gigging Tips & Gear,Sahand,
16964,live,Developing Jazz #6,https://admin.musora.com/admin#/content/drumeo/16964,https://www.musora.com/drumeo/live-streams/378-developing-jazz-6/16964,2013-04-12,Beats,Jazz/Blues,,,,,Grooves,Fills & Chops,,,Sahand,
16964,live,Developing Jazz #6,https://admin.musora.com/admin#/content/drumeo/16964,https://www.musora.com/drumeo/live-streams/378-developing-jazz-6/16964,2013-04-12,Beats,,,,,,,,,,Sahand,
16964,live,Developing Jazz #6,https://admin.musora.com/admin#/content/drumeo/16964,https://www.musora.com/drumeo/live-streams/378-developing-jazz-6/16964,2013-04-12,Fills,,,,,,,,,,Sahand,
16964,live,Developing Jazz #6,https://admin.musora.com/admin#/content/drumeo/16964,https://www.musora.com/drumeo/live-streams/378-developing-jazz-6/16964,2013-04-12,Fills,,,,,,,,,,Sahand,
17002,live,Developing Double Bass #1,https://admin.musora.com/admin#/content/drumeo/17002,https://www.musora.com/drumeo/live-streams/381-developing-double-bass-1/17002,2013-04-16,Beats,,Foot Technique,,,,Grooves,,,,Sahand,
17018,live,Developing Double Bass #2,https://admin.musora.com/admin#/content/drumeo/17018,https://www.musora.com/drumeo/live-streams/382-developing-double-bass-2/17018,2013-04-16,Beats,,Foot Technique,,,,Grooves,,,,Sahand,
17031,live,Developing Double Bass #3,https://admin.musora.com/admin#/content/drumeo/17031,https://www.musora.com/drumeo/live-streams/383-developing-double-bass-3/17031,2013-04-17,Beats,,Foot Technique,,,,Grooves,,,,Sahand,
17099,live,Fills That Work,https://admin.musora.com/admin#/content/drumeo/17099,https://www.musora.com/drumeo/live-streams/388-fills-that-work/17099,2013-04-23,Fills,,,,,,Fills & Chops,,,,Sahand,
17259,live,Foot Ostinatos - Building Independence,https://admin.musora.com/admin#/content/drumeo/17259,https://www.musora.com/drumeo/live-streams/396-foot-ostinatos-building-independence/17259,2013-05-02,Independence,,Foot Technique,,,,Independence,,,,Sahand,
17383,live,Building Hand Speed,https://admin.musora.com/admin#/content/drumeo/17383,https://www.musora.com/drumeo/live-streams/407-building-hand-speed/17383,2013-05-13,Technique,,Hand Technique,,,,,,,,Sahand,
17390,live,The Push Pull Technique,https://admin.musora.com/admin#/content/drumeo/17390,https://www.musora.com/drumeo/live-streams/408-the-push-pull-technique/17390,2013-05-13,Technique,,Hand Technique,,,,,,,,Sahand,
17688,live,How To Learn Play Alongs,https://admin.musora.com/admin#/content/drumeo/17688,https://www.musora.com/drumeo/live-streams/427-how-to-learn-play-alongs/17688,2013-06-04,Musicality,,,,,,,,,Gigging Tips & Gear,Sahand,
17767,live,Beginner Fills That Don't Suck,https://admin.musora.com/admin#/content/drumeo/17767,https://www.musora.com/drumeo/live-streams/433-beginner-fills-that-dont-suck/17767,2013-06-11,Fills,,,,,,Fills & Chops,,,,Sahand,
18189,live,Musical Approach To Drumming #1,https://admin.musora.com/admin#/content/drumeo/18189,https://www.musora.com/drumeo/live-streams/444-musical-approach-to-drumming/18189,2013-06-24,Musicality,,,,,,,,,Gigging Tips & Gear,Sahand,
18189,live,Musical Approach To Drumming #1,https://admin.musora.com/admin#/content/drumeo/18189,https://www.musora.com/drumeo/live-streams/444-musical-approach-to-drumming/18189,2013-06-24,Musicality,,,,,,,,,,Sahand,
18299,live,Drum & Bass Essentials,https://admin.musora.com/admin#/content/drumeo/18299,https://www.musora.com/drumeo/live-streams/447-drum-and-bass-essentials/18299,2013-06-25,Beats,,,,,,Grooves,,,,Sahand,
18299,live,Drum & Bass Essentials,https://admin.musora.com/admin#/content/drumeo/18299,https://www.musora.com/drumeo/live-streams/447-drum-and-bass-essentials/18299,2013-06-25,Styles,,,,,,,,,,Sahand,
18662,live,Dance Grooves With A BANG!,https://admin.musora.com/admin#/content/drumeo/18662,https://www.musora.com/drumeo/live-streams/460-dance-grooves-with-a-bang/18662,2013-07-15,Theory,,,,,,Grooves,,,,Sahand,
18736,live,Understanding Theory #1,https://admin.musora.com/admin#/content/drumeo/18736,https://www.musora.com/drumeo/live-streams/462-understanding-theory-1/18736,2013-07-17,Theory,,,,Notation,Time Signatures,,,,,Sahand,
18740,live,Understanding Theory #2,https://admin.musora.com/admin#/content/drumeo/18740,https://www.musora.com/drumeo/live-streams/463-understanding-theory-2/18740,2013-07-17,Theory,,,,Notation,Time Signatures,,,,,Sahand,
18798,live,Famous Drum Intros #1,https://admin.musora.com/admin#/content/drumeo/18798,https://www.musora.com/drumeo/live-streams/469-famous-drum-intros-1/18798,2013-07-23,Beats,,,,,,Grooves,Fills & Chops,,,Sahand,
18798,live,Famous Drum Intros #1,https://admin.musora.com/admin#/content/drumeo/18798,https://www.musora.com/drumeo/live-streams/469-famous-drum-intros-1/18798,2013-07-23,Fills,,,,,,,,,,Sahand,
18809,live,Gospel Chops #1 - Grooves,https://admin.musora.com/admin#/content/drumeo/18809,https://www.musora.com/drumeo/live-streams/470-gospel-chops-1-grooves/18809,2013-07-24,Beats,Worship/Gospel,,,,,Grooves,,,,Sahand,
18823,live,Gospel Chops #2 - Fills,https://admin.musora.com/admin#/content/drumeo/18823,https://www.musora.com/drumeo/live-streams/471-gospel-chops-2-fills/18823,2013-07-26,Fills,Worship/Gospel,,,,,Fills & Chops,,,,Sahand,
18830,live,Practice Along - Doubles Workout,https://admin.musora.com/admin#/content/drumeo/18830,https://www.musora.com/drumeo/live-streams/472-practice-along-doubles-workout/18830,2013-07-26,Rudiments,,Rudiments,,,,,,,,Sahand,
18830,live,Practice Along - Doubles Workout,https://admin.musora.com/admin#/content/drumeo/18830,https://www.musora.com/drumeo/live-streams/472-practice-along-doubles-workout/18830,2013-07-26,Technique,,,,,,,,,,Sahand,
18863,live,Fundamental Practice - Note Values #1,https://admin.musora.com/admin#/content/drumeo/18863,https://www.musora.com/drumeo/live-streams/475-fundamental-practice-note-values-1/18863,2013-07-30,Rudiments,,Rudiments,,Notation,,,,,,Sahand,
18863,live,Fundamental Practice - Note Values #1,https://admin.musora.com/admin#/content/drumeo/18863,https://www.musora.com/drumeo/live-streams/475-fundamental-practice-note-values-1/18863,2013-07-30,Technique,,,,,,,,,,Sahand,
18889,live,Fundamental Practice - Note Values #2,https://admin.musora.com/admin#/content/drumeo/18889,https://www.musora.com/drumeo/live-streams/476-fundamental-practice-note-values-2/18889,2013-08-01,Rudiments,,Rudiments,,Notation,,,,,,Sahand,
18889,live,Fundamental Practice - Note Values #2,https://admin.musora.com/admin#/content/drumeo/18889,https://www.musora.com/drumeo/live-streams/476-fundamental-practice-note-values-2/18889,2013-08-01,Technique,,,,,,,,,,Sahand,
18939,live,Functional Practicing,https://admin.musora.com/admin#/content/drumeo/18939,https://www.musora.com/drumeo/live-streams/479-functional-practicing/18939,2013-08-08,All,,Rudiments,,,,Grooves,Fills & Chops,,,Sahand,
18948,live,Rudiment Burn - Single Stroke Roll,https://admin.musora.com/admin#/content/drumeo/18948,https://www.musora.com/drumeo/live-streams/482-rudiment-burn-single-stroke-roll/18948,2013-08-08,Rudiments,,Rudiments,,,,,,,,Sahand,
18952,live,Rudiment Burn - Single Stroke 4,https://admin.musora.com/admin#/content/drumeo/18952,https://www.musora.com/drumeo/live-streams/483-rudiment-burn-single-stroke-4/18952,2013-08-08,Rudiments,,Rudiments,,,,,,,,Sahand,
18952,live,Rudiment Burn - Single Stroke 4,https://admin.musora.com/admin#/content/drumeo/18952,https://www.musora.com/drumeo/live-streams/483-rudiment-burn-single-stroke-4/18952,2013-08-08,Rudiments,,,,,,,,,,Sahand,
18954,live,Rudiment Burn - Single Stroke 7,https://admin.musora.com/admin#/content/drumeo/18954,https://www.musora.com/drumeo/live-streams/484-rudiment-burn-single-stroke-7/18954,2013-08-12,Rudiments,,Rudiments,,,,,,,,Sahand,
190201,live,Adding Personality To Your Grooves,https://admin.musora.com/admin#/content/drumeo/190201,https://www.musora.com/drumeo/live-streams/tba/190201,2018-01-09,Beats,,,,,,Grooves,Making Music,,,Sahand,
190201,live,Adding Personality To Your Grooves,https://admin.musora.com/admin#/content/drumeo/190201,https://www.musora.com/drumeo/live-streams/tba/190201,2018-01-09,Musicality,,,,,,,,,,Sahand,
190204,live,Powerful Hi-Hat Tricks & Fills #3,https://admin.musora.com/admin#/content/drumeo/190204,https://www.musora.com/drumeo/live-streams/powerful-hi-hat-tricks-fills-3/190204,2018-01-10,Fills,,,,,,Fills & Chops,,,,Sahand,
190204,live,Powerful Hi-Hat Tricks & Fills #3,https://admin.musora.com/admin#/content/drumeo/190204,https://www.musora.com/drumeo/live-streams/powerful-hi-hat-tricks-fills-3/190204,2018-01-10,Fills,,,,,,,,,,Sahand,
190204,live,Powerful Hi-Hat Tricks & Fills #3,https://admin.musora.com/admin#/content/drumeo/190204,https://www.musora.com/drumeo/live-streams/powerful-hi-hat-tricks-fills-3/190204,2018-01-10,Musicality,,,,,,,,,,Sahand,
190204,live,Powerful Hi-Hat Tricks & Fills #3,https://admin.musora.com/admin#/content/drumeo/190204,https://www.musora.com/drumeo/live-streams/powerful-hi-hat-tricks-fills-3/190204,2018-01-10,Musicality,,,,,,,,,,Sahand,
190205,live,Afro Pop #1 - Tony Allen Beats,https://admin.musora.com/admin#/content/drumeo/190205,https://www.musora.com/drumeo/live-streams/tba/190205,2018-01-12,Beats,Latin/World,,,,,Grooves,,,,Sahand,
190205,live,Afro Pop #1 - Tony Allen Beats,https://admin.musora.com/admin#/content/drumeo/190205,https://www.musora.com/drumeo/live-streams/tba/190205,2018-01-12,Styles,,,,,,,,,,Sahand,
190206,live,Pajama Paradiddle Party,https://admin.musora.com/admin#/content/drumeo/190206,https://www.musora.com/drumeo/live-streams/pajama-paradiddle-party/190206,2018-01-14,Edutainment,,,,,,,,,Other,Sahand,
190206,live,Pajama Paradiddle Party,https://admin.musora.com/admin#/content/drumeo/190206,https://www.musora.com/drumeo/live-streams/pajama-paradiddle-party/190206,2018-01-14,Edutainment,,,,,,,,,,Sahand,
190206,live,Pajama Paradiddle Party,https://admin.musora.com/admin#/content/drumeo/190206,https://www.musora.com/drumeo/live-streams/pajama-paradiddle-party/190206,2018-01-14,Rudiments,,,,,,,,,,Sahand,
190206,live,Pajama Paradiddle Party,https://admin.musora.com/admin#/content/drumeo/190206,https://www.musora.com/drumeo/live-streams/pajama-paradiddle-party/190206,2018-01-14,Rudiments,,,,,,,,,,Sahand,
190532,live,Your Biggest Technique Questions Answered,https://admin.musora.com/admin#/content/drumeo/190532,https://www.musora.com/drumeo/live-streams/your-biggest-technique-questions-answered/190532,2018-01-17,Technique,,Hand Technique,,,,,,,Other,Sahand,
190532,live,Your Biggest Technique Questions Answered,https://admin.musora.com/admin#/content/drumeo/190532,https://www.musora.com/drumeo/live-streams/your-biggest-technique-questions-answered/190532,2018-01-17,Technique,,,,,,,,,,Sahand,
190533,live,Afro Pop #2 - Bikutsi Grooves,https://admin.musora.com/admin#/content/drumeo/190533,https://www.musora.com/drumeo/live-streams/tba/190533,2018-01-19,Beats,Latin/World,,,,,Grooves,,,,Sahand,
190533,live,Afro Pop #2 - Bikutsi Grooves,https://admin.musora.com/admin#/content/drumeo/190533,https://www.musora.com/drumeo/live-streams/tba/190533,2018-01-19,Beats,,,,,,,,,,Sahand,
190533,live,Afro Pop #2 - Bikutsi Grooves,https://admin.musora.com/admin#/content/drumeo/190533,https://www.musora.com/drumeo/live-streams/tba/190533,2018-01-19,Styles,,,,,,,,,,Sahand,
190533,live,Afro Pop #2 - Bikutsi Grooves,https://admin.musora.com/admin#/content/drumeo/190533,https://www.musora.com/drumeo/live-streams/tba/190533,2018-01-19,Styles,,,,,,,,,,Sahand,
19069,live,Rudiment Burn - Single Paradiddle,https://admin.musora.com/admin#/content/drumeo/19069,https://www.musora.com/drumeo/live-streams/487-rudiment-burn-single-paradiddle/19069,2013-08-14,Rudiments,,Rudiments,,,,,,,,Sahand,
19069,live,Rudiment Burn - Single Paradiddle,https://admin.musora.com/admin#/content/drumeo/19069,https://www.musora.com/drumeo/live-streams/487-rudiment-burn-single-paradiddle/19069,2013-08-14,Rudiments,,,,,,,,,,Sahand,
19078,live,Rudiment Burn - 5-Stroke Roll,https://admin.musora.com/admin#/content/drumeo/19078,https://www.musora.com/drumeo/live-streams/488-rudiment-burn-5-stroke-roll/19078,2013-08-14,Rudiments,,Rudiments,,,,,,,,Sahand,
19078,live,Rudiment Burn - 5-Stroke Roll,https://admin.musora.com/admin#/content/drumeo/19078,https://www.musora.com/drumeo/live-streams/488-rudiment-burn-5-stroke-roll/19078,2013-08-14,Rudiments,,,,,,,,,,Sahand,
190813,live,How To Be A Composer And Not Just A Drummer,https://admin.musora.com/admin#/content/drumeo/190813,https://www.musora.com/drumeo/live-streams/how-to-be-a-composer-and-not-just-a-drummer/190813,2018-01-23,Musicality,,,,,,Making Music,,,Gigging Tips & Gear,Sahand,
190816,live,Coming Back In On The One,https://admin.musora.com/admin#/content/drumeo/190816,https://www.musora.com/drumeo/live-streams/tba/190816,2018-01-24,Ear Training,,,,Ear Training,,,,,,Sahand,
190819,live,Afro Pop #3 - Mangambe & Soukous Grooves,https://admin.musora.com/admin#/content/drumeo/190819,https://www.musora.com/drumeo/live-streams/afro-pop-3-mangambe-soukous-grooves/190819,2018-01-26,Beats,Latin/World,,,,,Grooves,,,,Sahand,
190819,live,Afro Pop #3 - Mangambe & Soukous Grooves,https://admin.musora.com/admin#/content/drumeo/190819,https://www.musora.com/drumeo/live-streams/afro-pop-3-mangambe-soukous-grooves/190819,2018-01-26,Beats,,,,,,,,,,Sahand,
190819,live,Afro Pop #3 - Mangambe & Soukous Grooves,https://admin.musora.com/admin#/content/drumeo/190819,https://www.musora.com/drumeo/live-streams/afro-pop-3-mangambe-soukous-grooves/190819,2018-01-26,Styles,,,,,,,,,,Sahand,
190819,live,Afro Pop #3 - Mangambe & Soukous Grooves,https://admin.musora.com/admin#/content/drumeo/190819,https://www.musora.com/drumeo/live-streams/afro-pop-3-mangambe-soukous-grooves/190819,2018-01-26,Styles,,,,,,,,,,Sahand,
19082,live,Rudiment Burn - 7-Stroke Roll,https://admin.musora.com/admin#/content/drumeo/19082,https://www.musora.com/drumeo/live-streams/489-rudiment-burn-7-stroke-roll/19082,2013-08-15,Rudiments,,Rudiments,,,,,,,,Sahand,
19082,live,Rudiment Burn - 7-Stroke Roll,https://admin.musora.com/admin#/content/drumeo/19082,https://www.musora.com/drumeo/live-streams/489-rudiment-burn-7-stroke-roll/19082,2013-08-15,Rudiments,,,,,,,,,,Sahand,
19084,live,Rudiment Burn - 9-Stroke Roll,https://admin.musora.com/admin#/content/drumeo/19084,https://www.musora.com/drumeo/live-streams/490-rudiment-burn-9-stroke-roll/19084,2013-08-16,Rudiments,,Rudiments,,,,,,,,Sahand,
19096,live,Jojo Mayer's Beat Secrets,https://admin.musora.com/admin#/content/drumeo/19096,https://www.musora.com/drumeo/live-streams/492-jojo-mayers-beat-secrets/19096,2013-08-20,Beats,,,,,,Grooves,,,,Sahand,
19096,live,Jojo Mayer's Beat Secrets,https://admin.musora.com/admin#/content/drumeo/19096,https://www.musora.com/drumeo/live-streams/492-jojo-mayers-beat-secrets/19096,2013-08-20,Beats,,,,,,,,,,Sahand,
19096,live,Jojo Mayer's Beat Secrets,https://admin.musora.com/admin#/content/drumeo/19096,https://www.musora.com/drumeo/live-streams/492-jojo-mayers-beat-secrets/19096,2013-08-20,Musicality,,,,,,,,,,Sahand,
19096,live,Jojo Mayer's Beat Secrets,https://admin.musora.com/admin#/content/drumeo/19096,https://www.musora.com/drumeo/live-streams/492-jojo-mayers-beat-secrets/19096,2013-08-20,Musicality,,,,,,,,,,Sahand,
191127,live,The Click Is Your Friend #1,https://admin.musora.com/admin#/content/drumeo/191127,https://www.musora.com/drumeo/live-streams/the-click-is-your-friend-1/191127,2018-02-07,Ear Training,,Timing,,Ear Training,,,,,,Sahand,
19203,live,Dubstep Grooves,https://admin.musora.com/admin#/content/drumeo/19203,https://www.musora.com/drumeo/live-streams/494-dubstep-grooves/19203,2013-08-21,Beats,,,,,,Grooves,,,,Sahand,
19203,live,Dubstep Grooves,https://admin.musora.com/admin#/content/drumeo/19203,https://www.musora.com/drumeo/live-streams/494-dubstep-grooves/19203,2013-08-21,Styles,,,,,,,,,,Sahand,
19221,live,"Filling It Up, Not Beating It Up",https://admin.musora.com/admin#/content/drumeo/19221,https://www.musora.com/drumeo/live-streams/496-filling-it-up-not-beating-it-up/19221,2013-08-23,Beats,,,,,,Grooves,Fills & Chops,,,Sahand,
19221,live,"Filling It Up, Not Beating It Up",https://admin.musora.com/admin#/content/drumeo/19221,https://www.musora.com/drumeo/live-streams/496-filling-it-up-not-beating-it-up/19221,2013-08-23,Beats,,,,,,,,,,Sahand,
19221,live,"Filling It Up, Not Beating It Up",https://admin.musora.com/admin#/content/drumeo/19221,https://www.musora.com/drumeo/live-streams/496-filling-it-up-not-beating-it-up/19221,2013-08-23,Fills,,,,,,,,,,Sahand,
19221,live,"Filling It Up, Not Beating It Up",https://admin.musora.com/admin#/content/drumeo/19221,https://www.musora.com/drumeo/live-streams/496-filling-it-up-not-beating-it-up/19221,2013-08-23,Fills,,,,,,,,,,Sahand,
19305,live,7 Mistakes All Drummers Make,https://admin.musora.com/admin#/content/drumeo/19305,https://www.musora.com/drumeo/live-streams/500-7-mistakes-all-drummers-make/19305,2013-08-28,All,,,,,,,,,Gigging Tips & Gear,Sahand,
19350,live,Heavy Metal Perspectives,https://admin.musora.com/admin#/content/drumeo/19350,https://www.musora.com/drumeo/live-streams/502-heavy-metal-perspectives/19350,2013-08-29,Beats,Hard Rock/Metal,,,,,Grooves,Fills & Chops,,,Sahand,
19350,live,Heavy Metal Perspectives,https://admin.musora.com/admin#/content/drumeo/19350,https://www.musora.com/drumeo/live-streams/502-heavy-metal-perspectives/19350,2013-08-29,Fills,,,,,,,,,,Sahand,
19350,live,Heavy Metal Perspectives,https://admin.musora.com/admin#/content/drumeo/19350,https://www.musora.com/drumeo/live-streams/502-heavy-metal-perspectives/19350,2013-08-29,Styles,,,,,,,,,,Sahand,
19393,live,10 Must Know Reggae Fills,https://admin.musora.com/admin#/content/drumeo/19393,https://www.musora.com/drumeo/live-streams/503-10-must-know-reggae-fills/19393,2013-08-30,Fills,Latin/World,,,,,Fills & Chops,,,,Sahand,
19393,live,10 Must Know Reggae Fills,https://admin.musora.com/admin#/content/drumeo/19393,https://www.musora.com/drumeo/live-streams/503-10-must-know-reggae-fills/19393,2013-08-30,Styles,,,,,,,,,,Sahand,
19415,live,Snare Solo Breakout,https://admin.musora.com/admin#/content/drumeo/19415,https://www.musora.com/drumeo/live-streams/506-snare-solo-breakout/19415,2013-09-03,Rudiments,,Rudiments,Hand Technique,,,,,,,Sahand,
19415,live,Snare Solo Breakout,https://admin.musora.com/admin#/content/drumeo/19415,https://www.musora.com/drumeo/live-streams/506-snare-solo-breakout/19415,2013-09-03,Rudiments,,,,,,,,,,Sahand,
19415,live,Snare Solo Breakout,https://admin.musora.com/admin#/content/drumeo/19415,https://www.musora.com/drumeo/live-streams/506-snare-solo-breakout/19415,2013-09-03,Technique,,,,,,,,,,Sahand,
19415,live,Snare Solo Breakout,https://admin.musora.com/admin#/content/drumeo/19415,https://www.musora.com/drumeo/live-streams/506-snare-solo-breakout/19415,2013-09-03,Technique,,,,,,,,,,Sahand,
19422,live,Rudiment Burn - Triple Stroke Roll,https://admin.musora.com/admin#/content/drumeo/19422,https://www.musora.com/drumeo/live-streams/507-rudiment-burn-triple-stroke-roll/19422,2013-09-03,Rudiments,,Rudiments,Hand Technique,,,,,,,Sahand,
19422,live,Rudiment Burn - Triple Stroke Roll,https://admin.musora.com/admin#/content/drumeo/19422,https://www.musora.com/drumeo/live-streams/507-rudiment-burn-triple-stroke-roll/19422,2013-09-03,Rudiments,,,,,,,,,,Sahand,
19422,live,Rudiment Burn - Triple Stroke Roll,https://admin.musora.com/admin#/content/drumeo/19422,https://www.musora.com/drumeo/live-streams/507-rudiment-burn-triple-stroke-roll/19422,2013-09-03,Technique,,,,,,,,,,Sahand,
19422,live,Rudiment Burn - Triple Stroke Roll,https://admin.musora.com/admin#/content/drumeo/19422,https://www.musora.com/drumeo/live-streams/507-rudiment-burn-triple-stroke-roll/19422,2013-09-03,Technique,,,,,,,,,,Sahand,
19436,live,Rudiment Burn - Double Paradiddle,https://admin.musora.com/admin#/content/drumeo/19436,https://www.musora.com/drumeo/live-streams/508-rudiment-burn-double-paradiddle/19436,2013-09-05,Rudiments,,Rudiments,Hand Technique,,,,,,,Sahand,
19436,live,Rudiment Burn - Double Paradiddle,https://admin.musora.com/admin#/content/drumeo/19436,https://www.musora.com/drumeo/live-streams/508-rudiment-burn-double-paradiddle/19436,2013-09-05,Rudiments,,,,,,,,,,Sahand,
19436,live,Rudiment Burn - Double Paradiddle,https://admin.musora.com/admin#/content/drumeo/19436,https://www.musora.com/drumeo/live-streams/508-rudiment-burn-double-paradiddle/19436,2013-09-05,Technique,,,,,,,,,,Sahand,
19436,live,Rudiment Burn - Double Paradiddle,https://admin.musora.com/admin#/content/drumeo/19436,https://www.musora.com/drumeo/live-streams/508-rudiment-burn-double-paradiddle/19436,2013-09-05,Technique,,,,,,,,,,Sahand,
19450,live,Rudiment Burn - Triple Paradiddle,https://admin.musora.com/admin#/content/drumeo/19450,https://www.musora.com/drumeo/live-streams/509-rudiment-burn-triple-paradiddle/19450,2013-09-09,Rudiments,,Rudiments,Hand Technique,,,,,,,Sahand,
19450,live,Rudiment Burn - Triple Paradiddle,https://admin.musora.com/admin#/content/drumeo/19450,https://www.musora.com/drumeo/live-streams/509-rudiment-burn-triple-paradiddle/19450,2013-09-09,Rudiments,,,,,,,,,,Sahand,
19450,live,Rudiment Burn - Triple Paradiddle,https://admin.musora.com/admin#/content/drumeo/19450,https://www.musora.com/drumeo/live-streams/509-rudiment-burn-triple-paradiddle/19450,2013-09-09,Technique,,,,,,,,,,Sahand,
19450,live,Rudiment Burn - Triple Paradiddle,https://admin.musora.com/admin#/content/drumeo/19450,https://www.musora.com/drumeo/live-streams/509-rudiment-burn-triple-paradiddle/19450,2013-09-09,Technique,,,,,,,,,,Sahand,
19454,live,Rudiment Burn - Flams,https://admin.musora.com/admin#/content/drumeo/19454,https://www.musora.com/drumeo/live-streams/510-rudiment-burn-flams/19454,2013-09-09,Rudiments,,Rudiments,Hand Technique,,,,,,,Sahand,
19454,live,Rudiment Burn - Flams,https://admin.musora.com/admin#/content/drumeo/19454,https://www.musora.com/drumeo/live-streams/510-rudiment-burn-flams/19454,2013-09-09,Rudiments,,,,,,,,,,Sahand,
19454,live,Rudiment Burn - Flams,https://admin.musora.com/admin#/content/drumeo/19454,https://www.musora.com/drumeo/live-streams/510-rudiment-burn-flams/19454,2013-09-09,Technique,,,,,,,,,,Sahand,
19454,live,Rudiment Burn - Flams,https://admin.musora.com/admin#/content/drumeo/19454,https://www.musora.com/drumeo/live-streams/510-rudiment-burn-flams/19454,2013-09-09,Technique,,,,,,,,,,Sahand,
19460,live,7 Sick Travis Barker Grooves #1,https://admin.musora.com/admin#/content/drumeo/19460,https://www.musora.com/drumeo/live-streams/512-7-sick-travis-barker-grooves/19460,2013-09-10,Beats,,,,,,Grooves,,,,Sahand,
19477,live,Song Enders For Beginners,https://admin.musora.com/admin#/content/drumeo/19477,https://www.musora.com/drumeo/live-streams/513-song-enders-for-beginners/19477,2013-09-10,Musicality,,,,,,Fills & Chops,,,,Sahand,
19492,live,The Controlled Chaos of Mutemath,https://admin.musora.com/admin#/content/drumeo/19492,https://www.musora.com/drumeo/live-streams/514-the-controlled-chaos-of-mutemath/19492,2013-09-11,Beats,,,,,,Grooves,Fills & Chops,,,Sahand,
19492,live,The Controlled Chaos of Mutemath,https://admin.musora.com/admin#/content/drumeo/19492,https://www.musora.com/drumeo/live-streams/514-the-controlled-chaos-of-mutemath/19492,2013-09-11,Fills,,,,,,,,,,Sahand,
19501,live,Creating Groove Tension,https://admin.musora.com/admin#/content/drumeo/19501,https://www.musora.com/drumeo/live-streams/515-creating-groove-tension/19501,2013-09-12,Beats,,,,,,Grooves,,,Gigging Tips & Gear,Sahand,
19501,live,Creating Groove Tension,https://admin.musora.com/admin#/content/drumeo/19501,https://www.musora.com/drumeo/live-streams/515-creating-groove-tension/19501,2013-09-12,Beats,,,,,,,,,,Sahand,
19501,live,Creating Groove Tension,https://admin.musora.com/admin#/content/drumeo/19501,https://www.musora.com/drumeo/live-streams/515-creating-groove-tension/19501,2013-09-12,Musicality,,,,,,,,,,Sahand,
19501,live,Creating Groove Tension,https://admin.musora.com/admin#/content/drumeo/19501,https://www.musora.com/drumeo/live-streams/515-creating-groove-tension/19501,2013-09-12,Musicality,,,,,,,,,,Sahand,
19520,live,"Iconic Jazz Legends - ""Elvin Jones""",https://admin.musora.com/admin#/content/drumeo/19520,https://www.musora.com/drumeo/live-streams/516-iconic-jazz-legends-elvin-jones/19520,2013-09-13,Beats,Jazz/Blues,,,,,Grooves,,,,Sahand,
19535,live,Rudiment Burn - Swiss Army Triplets,https://admin.musora.com/admin#/content/drumeo/19535,https://www.musora.com/drumeo/live-streams/519-rudiment-burn-swiss-triplets/19535,2013-09-18,Rudiments,,Rudiments,,,,,,,,Sahand,
19535,live,Rudiment Burn - Swiss Army Triplets,https://admin.musora.com/admin#/content/drumeo/19535,https://www.musora.com/drumeo/live-streams/519-rudiment-burn-swiss-triplets/19535,2013-09-18,Rudiments,,,,,,,,,,Sahand,
19557,live,Gospel Drumming #1,https://admin.musora.com/admin#/content/drumeo/19557,https://www.musora.com/drumeo/live-streams/520-gospel-drumming-1/19557,2013-09-18,Beats,Worship/Gospel,,,,,Grooves,Fills & Chops,,,Sahand,
19557,live,Gospel Drumming #1,https://admin.musora.com/admin#/content/drumeo/19557,https://www.musora.com/drumeo/live-streams/520-gospel-drumming-1/19557,2013-09-18,Fills,,,,,,,,,,Sahand,
19557,live,Gospel Drumming #1,https://admin.musora.com/admin#/content/drumeo/19557,https://www.musora.com/drumeo/live-streams/520-gospel-drumming-1/19557,2013-09-18,Musicality,,,,,,,,,,Sahand,
19568,live,Gospel Drumming #2,https://admin.musora.com/admin#/content/drumeo/19568,https://www.musora.com/drumeo/live-streams/521-gospel-drumming-2/19568,2013-09-18,Beats,Worship/Gospel,,,,,Grooves,Fills & Chops,,,Sahand,
19568,live,Gospel Drumming #2,https://admin.musora.com/admin#/content/drumeo/19568,https://www.musora.com/drumeo/live-streams/521-gospel-drumming-2/19568,2013-09-18,Beats,,,,,,,,,,Sahand,
19568,live,Gospel Drumming #2,https://admin.musora.com/admin#/content/drumeo/19568,https://www.musora.com/drumeo/live-streams/521-gospel-drumming-2/19568,2013-09-18,Fills,,,,,,,,,,Sahand,
19568,live,Gospel Drumming #2,https://admin.musora.com/admin#/content/drumeo/19568,https://www.musora.com/drumeo/live-streams/521-gospel-drumming-2/19568,2013-09-18,Fills,,,,,,,,,,Sahand,
19568,live,Gospel Drumming #2,https://admin.musora.com/admin#/content/drumeo/19568,https://www.musora.com/drumeo/live-streams/521-gospel-drumming-2/19568,2013-09-18,Musicality,,,,,,,,,,Sahand,
19568,live,Gospel Drumming #2,https://admin.musora.com/admin#/content/drumeo/19568,https://www.musora.com/drumeo/live-streams/521-gospel-drumming-2/19568,2013-09-18,Musicality,,,,,,,,,,Sahand,
19589,live,Gospel Drumming #3,https://admin.musora.com/admin#/content/drumeo/19589,https://www.musora.com/drumeo/live-streams/522-gospel-drumming-3/19589,2013-09-20,Beats,Worship/Gospel,,,,,Grooves,Fills & Chops,,,Sahand,
19589,live,Gospel Drumming #3,https://admin.musora.com/admin#/content/drumeo/19589,https://www.musora.com/drumeo/live-streams/522-gospel-drumming-3/19589,2013-09-20,Beats,,,,,,,,,,Sahand,
19589,live,Gospel Drumming #3,https://admin.musora.com/admin#/content/drumeo/19589,https://www.musora.com/drumeo/live-streams/522-gospel-drumming-3/19589,2013-09-20,Fills,,,,,,,,,,Sahand,
19589,live,Gospel Drumming #3,https://admin.musora.com/admin#/content/drumeo/19589,https://www.musora.com/drumeo/live-streams/522-gospel-drumming-3/19589,2013-09-20,Fills,,,,,,,,,,Sahand,
19589,live,Gospel Drumming #3,https://admin.musora.com/admin#/content/drumeo/19589,https://www.musora.com/drumeo/live-streams/522-gospel-drumming-3/19589,2013-09-20,Musicality,,,,,,,,,,Sahand,
19589,live,Gospel Drumming #3,https://admin.musora.com/admin#/content/drumeo/19589,https://www.musora.com/drumeo/live-streams/522-gospel-drumming-3/19589,2013-09-20,Musicality,,,,,,,,,,Sahand,
195922,live,Exploring Your Creativity On The Drum-Set,https://admin.musora.com/admin#/content/drumeo/195922,https://www.musora.com/drumeo/live-streams/exploring-your-creativity-on-the-drum-set/195922,2018-02-20,Musicality,,,,,,Making Music,,,,Sahand,
195928,live,7 Funky 7/8 Grooves,https://admin.musora.com/admin#/content/drumeo/195928,https://www.musora.com/drumeo/live-streams/7-funky-78-grooves/195928,2018-02-25,Beats,Funk/Disco,,,Time Signatures,,Grooves,,,,Sahand,
195928,live,7 Funky 7/8 Grooves,https://admin.musora.com/admin#/content/drumeo/195928,https://www.musora.com/drumeo/live-streams/7-funky-78-grooves/195928,2018-02-25,Beats,,,,,,,,,,Sahand,
19594,live,Hitting The Shots #1,https://admin.musora.com/admin#/content/drumeo/19594,https://www.musora.com/drumeo/live-streams/523-hitting-the-shots-1/19594,2013-09-20,Fills,,Hand Technique,,,,Fills & Chops,,,,Sahand,
19594,live,Hitting The Shots #1,https://admin.musora.com/admin#/content/drumeo/19594,https://www.musora.com/drumeo/live-streams/523-hitting-the-shots-1/19594,2013-09-20,Fills,,,,,,,,,,Sahand,
19594,live,Hitting The Shots #1,https://admin.musora.com/admin#/content/drumeo/19594,https://www.musora.com/drumeo/live-streams/523-hitting-the-shots-1/19594,2013-09-20,Musicality,,,,,,,,,,Sahand,
19594,live,Hitting The Shots #1,https://admin.musora.com/admin#/content/drumeo/19594,https://www.musora.com/drumeo/live-streams/523-hitting-the-shots-1/19594,2013-09-20,Musicality,,,,,,,,,,Sahand,
196086,live,10 Metal Tips,https://admin.musora.com/admin#/content/drumeo/196086,https://www.musora.com/drumeo/live-streams/10-metal-tips/196086,2018-03-02,All,Hard Rock/Metal,,,,,,,Gigging Tips & Gear,Practice Tips,Sahand,
196092,live,The Click Is Your Friend #2,https://admin.musora.com/admin#/content/drumeo/196092,https://www.musora.com/drumeo/live-streams/the-click-is-your-friend-2/196092,2018-03-07,Ear Training,,Timing,,Ear Training,,,,,,Sahand,
196094,live,Rudiment Burn - Paradiddle-diddle,https://admin.musora.com/admin#/content/drumeo/196094,https://www.musora.com/drumeo/live-streams/rudiment-burn-paradiddle-diddle/196094,2018-03-04,Rudiments,,Rudiments,,,,,,,,Sahand,
196096,live,Getting Creative - Beyond Standard Hi-Hats,https://admin.musora.com/admin#/content/drumeo/196096,https://www.musora.com/drumeo/live-streams/getting-creative-beyond-standard-hi-hats/196096,2018-03-11,Gear,,,,,,,,,Gigging Tips & Gear,Sahand,
19628,live,Basic Breakbeat Bonanza,https://admin.musora.com/admin#/content/drumeo/19628,https://www.musora.com/drumeo/live-streams/525-basic-breakbeat-bonanza/19628,2013-09-25,Beats,Country/Folk,,,,,Grooves,,,,Sahand,
19628,live,Basic Breakbeat Bonanza,https://admin.musora.com/admin#/content/drumeo/19628,https://www.musora.com/drumeo/live-streams/525-basic-breakbeat-bonanza/19628,2013-09-25,Beats,,,,,,,,,,Sahand,
19631,live,Musical Approach To Drumming #2,https://admin.musora.com/admin#/content/drumeo/19631,https://www.musora.com/drumeo/live-streams/526-musical-approach-to-drumming-2/19631,2013-09-25,Musicality,,,,,,,,,Gigging Tips & Gear,Sahand,
19631,live,Musical Approach To Drumming #2,https://admin.musora.com/admin#/content/drumeo/19631,https://www.musora.com/drumeo/live-streams/526-musical-approach-to-drumming-2/19631,2013-09-25,Musicality,,,,,,,,,,Sahand,
19645,live,Hitting The Shots #2,https://admin.musora.com/admin#/content/drumeo/19645,https://www.musora.com/drumeo/live-streams/528-hitting-the-shots-2/19645,2013-09-26,Fills,,Hand Technique,,,,Fills & Chops,,,,Sahand,
19645,live,Hitting The Shots #2,https://admin.musora.com/admin#/content/drumeo/19645,https://www.musora.com/drumeo/live-streams/528-hitting-the-shots-2/19645,2013-09-26,Fills,,,,,,,,,,Sahand,
19645,live,Hitting The Shots #2,https://admin.musora.com/admin#/content/drumeo/19645,https://www.musora.com/drumeo/live-streams/528-hitting-the-shots-2/19645,2013-09-26,Musicality,,,,,,,,,,Sahand,
19645,live,Hitting The Shots #2,https://admin.musora.com/admin#/content/drumeo/19645,https://www.musora.com/drumeo/live-streams/528-hitting-the-shots-2/19645,2013-09-26,Musicality,,,,,,,,,,Sahand,
196617,live,How To Play Songs As A Beginner,https://admin.musora.com/admin#/content/drumeo/196617,https://www.musora.com/drumeo/live-streams/how-to-play-songs-as-a-beginner/196617,2018-03-12,Ear Training,,,,Ear Training,,,,Practice Tips,Gigging Tips & Gear,Sahand,
196617,live,How To Play Songs As A Beginner,https://admin.musora.com/admin#/content/drumeo/196617,https://www.musora.com/drumeo/live-streams/how-to-play-songs-as-a-beginner/196617,2018-03-12,Musicality,,,,,,,,,,Sahand,
196624,live,Getting Creative - Beyond Standard Cymbal Set-ups,https://admin.musora.com/admin#/content/drumeo/196624,https://www.musora.com/drumeo/live-streams/getting-creative-beyond-standard-cymbal-set-ups/196624,2018-03-18,Gear,,,,,,,,,Gigging Tips & Gear,Sahand,
196624,live,Getting Creative - Beyond Standard Cymbal Set-ups,https://admin.musora.com/admin#/content/drumeo/196624,https://www.musora.com/drumeo/live-streams/getting-creative-beyond-standard-cymbal-set-ups/196624,2018-03-18,Gear,,,,,,,,,,Sahand,
196626,live,5 Tips For Making A Song “Catchy”,https://admin.musora.com/admin#/content/drumeo/196626,https://www.musora.com/drumeo/live-streams/5-tips-for-making-a-song-catchy/196626,2018-03-19,Musicality,,,,,,Making Music,,,,Sahand,
196633,live,15/Sick-steen Grooves,https://admin.musora.com/admin#/content/drumeo/196633,https://www.musora.com/drumeo/live-streams/15sick-steen-grooves/196633,2018-03-25,Beats,,,,,,Grooves,,,,Sahand,
196633,live,15/Sick-steen Grooves,https://admin.musora.com/admin#/content/drumeo/196633,https://www.musora.com/drumeo/live-streams/15sick-steen-grooves/196633,2018-03-25,Beats,,,,,,,,,,Sahand,
19667,live,Your Left Foot Anchor,https://admin.musora.com/admin#/content/drumeo/19667,https://www.musora.com/drumeo/live-streams/531-your-left-foot-anchor/19667,2013-10-01,Beats,,Foot Technique,,,,Grooves,,,,Sahand,
19667,live,Your Left Foot Anchor,https://admin.musora.com/admin#/content/drumeo/19667,https://www.musora.com/drumeo/live-streams/531-your-left-foot-anchor/19667,2013-10-01,Technique,,,,,,,,,,Sahand,
19680,live,Rudiment Burn - Flamacue,https://admin.musora.com/admin#/content/drumeo/19680,https://www.musora.com/drumeo/live-streams/533-rudiment-burn-flamacue/19680,2013-10-03,Rudiments,,Rudiments,Hand Technique,,,,,,,Sahand,
19680,live,Rudiment Burn - Flamacue,https://admin.musora.com/admin#/content/drumeo/19680,https://www.musora.com/drumeo/live-streams/533-rudiment-burn-flamacue/19680,2013-10-03,Rudiments,,,,,,,,,,Sahand,
19680,live,Rudiment Burn - Flamacue,https://admin.musora.com/admin#/content/drumeo/19680,https://www.musora.com/drumeo/live-streams/533-rudiment-burn-flamacue/19680,2013-10-03,Technique,,,,,,,,,,Sahand,
19680,live,Rudiment Burn - Flamacue,https://admin.musora.com/admin#/content/drumeo/19680,https://www.musora.com/drumeo/live-streams/533-rudiment-burn-flamacue/19680,2013-10-03,Technique,,,,,,,,,,Sahand,
19682,live,The Swivel Technique,https://admin.musora.com/admin#/content/drumeo/19682,https://www.musora.com/drumeo/live-streams/534-the-swivel-technique/19682,2013-10-03,Technique,,Foot Technique,,,,,,,,Sahand,
19684,live,One Handed Drumming,https://admin.musora.com/admin#/content/drumeo/19684,https://www.musora.com/drumeo/live-streams/535-one-handed-drumming/19684,2013-10-03,Beats,,Hand Technique,,,,Independence,Grooves,,,Sahand,
19684,live,One Handed Drumming,https://admin.musora.com/admin#/content/drumeo/19684,https://www.musora.com/drumeo/live-streams/535-one-handed-drumming/19684,2013-10-03,Fills,,,,,,,,,,Sahand,
19684,live,One Handed Drumming,https://admin.musora.com/admin#/content/drumeo/19684,https://www.musora.com/drumeo/live-streams/535-one-handed-drumming/19684,2013-10-03,Musicality,,,,,,,,,,Sahand,
19684,live,One Handed Drumming,https://admin.musora.com/admin#/content/drumeo/19684,https://www.musora.com/drumeo/live-streams/535-one-handed-drumming/19684,2013-10-03,Technique,,,,,,,,,,Sahand,
19696,live,Rudiment Burn - Flam Taps,https://admin.musora.com/admin#/content/drumeo/19696,https://www.musora.com/drumeo/live-streams/539-rudiment-burn-flam-taps/19696,2013-10-08,Rudiments,,Rudiments,,,,,,,,Sahand,
19713,live,Playing With Sensitivity,https://admin.musora.com/admin#/content/drumeo/19713,https://www.musora.com/drumeo/live-streams/540-playing-with-sensitivity/19713,2013-10-09,Musicality,,,,,,,,,Gigging Tips & Gear,Sahand,
19713,live,Playing With Sensitivity,https://admin.musora.com/admin#/content/drumeo/19713,https://www.musora.com/drumeo/live-streams/540-playing-with-sensitivity/19713,2013-10-09,Musicality,,,,,,,,,,Sahand,
19727,live,Rudiment Burn - Flam Paradiddle,https://admin.musora.com/admin#/content/drumeo/19727,https://www.musora.com/drumeo/live-streams/541-rudiment-burn-flam-paradiddle/19727,2013-10-10,Rudiments,,Rudiments,,,,,,,,Sahand,
19727,live,Rudiment Burn - Flam Paradiddle,https://admin.musora.com/admin#/content/drumeo/19727,https://www.musora.com/drumeo/live-streams/541-rudiment-burn-flam-paradiddle/19727,2013-10-10,Rudiments,,,,,,,,,,Sahand,
19731,live,"Iconic Jazz Legends - ""Tony Williams""",https://admin.musora.com/admin#/content/drumeo/19731,https://www.musora.com/drumeo/live-streams/542-iconic-jazz-legends-tony-williams/19731,2013-10-11,Beats,Jazz/Blues,,,,,Grooves,Fills & Chops,,,Sahand,
19731,live,"Iconic Jazz Legends - ""Tony Williams""",https://admin.musora.com/admin#/content/drumeo/19731,https://www.musora.com/drumeo/live-streams/542-iconic-jazz-legends-tony-williams/19731,2013-10-11,Fills,,,,,,,,,,Sahand,
19731,live,"Iconic Jazz Legends - ""Tony Williams""",https://admin.musora.com/admin#/content/drumeo/19731,https://www.musora.com/drumeo/live-streams/542-iconic-jazz-legends-tony-williams/19731,2013-10-11,Musicality,,,,,,,,,,Sahand,
19740,live,Landing On The One,https://admin.musora.com/admin#/content/drumeo/19740,https://www.musora.com/drumeo/live-streams/527-landing-on-the-one/19740,2013-09-26,Beats,,,,,,Grooves,Fills & Chops,,,Sahand,
19740,live,Landing On The One,https://admin.musora.com/admin#/content/drumeo/19740,https://www.musora.com/drumeo/live-streams/527-landing-on-the-one/19740,2013-09-26,Beats,,,,,,,,,,Sahand,
19740,live,Landing On The One,https://admin.musora.com/admin#/content/drumeo/19740,https://www.musora.com/drumeo/live-streams/527-landing-on-the-one/19740,2013-09-26,Fills,,,,,,,,,,Sahand,
19740,live,Landing On The One,https://admin.musora.com/admin#/content/drumeo/19740,https://www.musora.com/drumeo/live-streams/527-landing-on-the-one/19740,2013-09-26,Fills,,,,,,,,,,Sahand,
19743,live,Personalizing Grooves,https://admin.musora.com/admin#/content/drumeo/19743,https://www.musora.com/drumeo/live-streams/538-personalizing-grooves/19743,2013-10-08,Beats,,,,,,Grooves,Fills & Chops,,,Sahand,
19743,live,Personalizing Grooves,https://admin.musora.com/admin#/content/drumeo/19743,https://www.musora.com/drumeo/live-streams/538-personalizing-grooves/19743,2013-10-08,Fills,,,,,,,,,,Sahand,
19747,live,7 Sick Travis Barker Fills,https://admin.musora.com/admin#/content/drumeo/19747,https://www.musora.com/drumeo/live-streams/545-7-sick-travis-barker-fills/19747,2013-10-16,Beats,,,,,,Fills & Chops,,,,Sahand,
19747,live,7 Sick Travis Barker Fills,https://admin.musora.com/admin#/content/drumeo/19747,https://www.musora.com/drumeo/live-streams/545-7-sick-travis-barker-fills/19747,2013-10-16,Fills,,,,,,,,,,Sahand,
19749,live,Decades Of Drumming - The '60s,https://admin.musora.com/admin#/content/drumeo/19749,https://www.musora.com/drumeo/live-streams/546-decades-of-drumming-the-60s/19749,2013-10-17,Beats,,,,,,Grooves,Fills & Chops,,,Sahand,
19749,live,Decades Of Drumming - The '60s,https://admin.musora.com/admin#/content/drumeo/19749,https://www.musora.com/drumeo/live-streams/546-decades-of-drumming-the-60s/19749,2013-10-17,Beats,,,,,,,,,,Sahand,
19749,live,Decades Of Drumming - The '60s,https://admin.musora.com/admin#/content/drumeo/19749,https://www.musora.com/drumeo/live-streams/546-decades-of-drumming-the-60s/19749,2013-10-17,Fills,,,,,,,,,,Sahand,
19749,live,Decades Of Drumming - The '60s,https://admin.musora.com/admin#/content/drumeo/19749,https://www.musora.com/drumeo/live-streams/546-decades-of-drumming-the-60s/19749,2013-10-17,Fills,,,,,,,,,,Sahand,
19756,live,Rock Fills With Hi-Hats,https://admin.musora.com/admin#/content/drumeo/19756,https://www.musora.com/drumeo/live-streams/547-rock-fills-with-hi-hats/19756,2013-10-18,Beats,Hard Rock/Metal,,,,,Fills & Chops,,,,Sahand,
19756,live,Rock Fills With Hi-Hats,https://admin.musora.com/admin#/content/drumeo/19756,https://www.musora.com/drumeo/live-streams/547-rock-fills-with-hi-hats/19756,2013-10-18,Beats,,,,,,,,,,Sahand,
19756,live,Rock Fills With Hi-Hats,https://admin.musora.com/admin#/content/drumeo/19756,https://www.musora.com/drumeo/live-streams/547-rock-fills-with-hi-hats/19756,2013-10-18,Fills,,,,,,,,,,Sahand,
19756,live,Rock Fills With Hi-Hats,https://admin.musora.com/admin#/content/drumeo/19756,https://www.musora.com/drumeo/live-streams/547-rock-fills-with-hi-hats/19756,2013-10-18,Fills,,,,,,,,,,Sahand,
19761,live,Using A Side Snare,https://admin.musora.com/admin#/content/drumeo/19761,https://www.musora.com/drumeo/live-streams/549-using-a-side-snare/19761,2013-10-21,Beats,,,,,,Grooves,Fills & Chops,,,Sahand,
19761,live,Using A Side Snare,https://admin.musora.com/admin#/content/drumeo/19761,https://www.musora.com/drumeo/live-streams/549-using-a-side-snare/19761,2013-10-21,Fills,,,,,,,,,,Sahand,
19772,live,Big-Band Drumming #1,https://admin.musora.com/admin#/content/drumeo/19772,https://www.musora.com/drumeo/live-streams/552-big-band-drumming-1/19772,2013-10-22,Beats,Jazz/Blues,,,,,Grooves,Fills & Chops,,,Sahand,
19772,live,Big-Band Drumming #1,https://admin.musora.com/admin#/content/drumeo/19772,https://www.musora.com/drumeo/live-streams/552-big-band-drumming-1/19772,2013-10-22,Beats,,,,,,,,,,Sahand,
19772,live,Big-Band Drumming #1,https://admin.musora.com/admin#/content/drumeo/19772,https://www.musora.com/drumeo/live-streams/552-big-band-drumming-1/19772,2013-10-22,Fills,,,,,,,,,,Sahand,
19772,live,Big-Band Drumming #1,https://admin.musora.com/admin#/content/drumeo/19772,https://www.musora.com/drumeo/live-streams/552-big-band-drumming-1/19772,2013-10-22,Fills,,,,,,,,,,Sahand,
19772,live,Big-Band Drumming #1,https://admin.musora.com/admin#/content/drumeo/19772,https://www.musora.com/drumeo/live-streams/552-big-band-drumming-1/19772,2013-10-22,Styles,,,,,,,,,,Sahand,
19772,live,Big-Band Drumming #1,https://admin.musora.com/admin#/content/drumeo/19772,https://www.musora.com/drumeo/live-streams/552-big-band-drumming-1/19772,2013-10-22,Styles,,,,,,,,,,Sahand,
19776,live,Big-Band Drumming #2,https://admin.musora.com/admin#/content/drumeo/19776,https://www.musora.com/drumeo/live-streams/553-big-band-drumming-2/19776,2013-10-22,Beats,Jazz/Blues,,,,,Grooves,Fills & Chops,,,Sahand,
19776,live,Big-Band Drumming #2,https://admin.musora.com/admin#/content/drumeo/19776,https://www.musora.com/drumeo/live-streams/553-big-band-drumming-2/19776,2013-10-22,Beats,,,,,,,,,,Sahand,
19776,live,Big-Band Drumming #2,https://admin.musora.com/admin#/content/drumeo/19776,https://www.musora.com/drumeo/live-streams/553-big-band-drumming-2/19776,2013-10-22,Fills,,,,,,,,,,Sahand,
19776,live,Big-Band Drumming #2,https://admin.musora.com/admin#/content/drumeo/19776,https://www.musora.com/drumeo/live-streams/553-big-band-drumming-2/19776,2013-10-22,Fills,,,,,,,,,,Sahand,
19776,live,Big-Band Drumming #2,https://admin.musora.com/admin#/content/drumeo/19776,https://www.musora.com/drumeo/live-streams/553-big-band-drumming-2/19776,2013-10-22,Styles,,,,,,,,,,Sahand,
19776,live,Big-Band Drumming #2,https://admin.musora.com/admin#/content/drumeo/19776,https://www.musora.com/drumeo/live-streams/553-big-band-drumming-2/19776,2013-10-22,Styles,,,,,,,,,,Sahand,
19785,live,"One Pedal, Double Kicks",https://admin.musora.com/admin#/content/drumeo/19785,https://www.musora.com/drumeo/live-streams/554-one-pedal-double-kicks/19785,2013-10-25,Beats,,Foot Technique,,,,Grooves,Fills & Chops,,,Sahand,
19785,live,"One Pedal, Double Kicks",https://admin.musora.com/admin#/content/drumeo/19785,https://www.musora.com/drumeo/live-streams/554-one-pedal-double-kicks/19785,2013-10-25,Fills,,,,,,,,,,Sahand,
197852,live,Studio Drumming Preparation,https://admin.musora.com/admin#/content/drumeo/197852,https://www.musora.com/drumeo/live-streams/studio-drumming-preparation/197852,2018-03-21,Gear,,,,,,,,,Gigging Tips & Gear,Sahand,
197852,live,Studio Drumming Preparation,https://admin.musora.com/admin#/content/drumeo/197852,https://www.musora.com/drumeo/live-streams/studio-drumming-preparation/197852,2018-03-21,Gear,,,,,,,,,,Sahand,
197852,live,Studio Drumming Preparation,https://admin.musora.com/admin#/content/drumeo/197852,https://www.musora.com/drumeo/live-streams/studio-drumming-preparation/197852,2018-03-21,Musicality,,,,,,,,,,Sahand,
197852,live,Studio Drumming Preparation,https://admin.musora.com/admin#/content/drumeo/197852,https://www.musora.com/drumeo/live-streams/studio-drumming-preparation/197852,2018-03-21,Musicality,,,,,,,,,,Sahand,
19795,live,Applying The Double Paradiddle,https://admin.musora.com/admin#/content/drumeo/19795,https://www.musora.com/drumeo/live-streams/555-applying-the-double-paradiddle/19795,2013-10-27,Fills,,Rudiments,,,,Fills & Chops,,,,Sahand,
19795,live,Applying The Double Paradiddle,https://admin.musora.com/admin#/content/drumeo/19795,https://www.musora.com/drumeo/live-streams/555-applying-the-double-paradiddle/19795,2013-10-27,Fills,,,,,,,,,,Sahand,
19795,live,Applying The Double Paradiddle,https://admin.musora.com/admin#/content/drumeo/19795,https://www.musora.com/drumeo/live-streams/555-applying-the-double-paradiddle/19795,2013-10-27,Rudiments,,,,,,,,,,Sahand,
19795,live,Applying The Double Paradiddle,https://admin.musora.com/admin#/content/drumeo/19795,https://www.musora.com/drumeo/live-streams/555-applying-the-double-paradiddle/19795,2013-10-27,Rudiments,,,,,,,,,,Sahand,
19797,live,Famous Funk Fills,https://admin.musora.com/admin#/content/drumeo/19797,https://www.musora.com/drumeo/live-streams/556-famous-funk-fills/19797,2013-10-28,Fills,Funk/Disco,,,,,Fills & Chops,,,,Sahand,
19797,live,Famous Funk Fills,https://admin.musora.com/admin#/content/drumeo/19797,https://www.musora.com/drumeo/live-streams/556-famous-funk-fills/19797,2013-10-28,Fills,,,,,,,,,,Sahand,
19838,live,Style Analysis - Gene Krupa,https://admin.musora.com/admin#/content/drumeo/19838,https://www.musora.com/drumeo/live-streams/560-style-analysis-gene-krupa/19838,2013-10-30,Styles,Jazz/Blues,,,,,,,,,Sahand,
198467,live,An Introduction To Scottish Drumming,https://admin.musora.com/admin#/content/drumeo/198467,https://www.musora.com/drumeo/live-streams/an-introduction-to-scottish-drumming/198467,2018-03-29,Rudiments,,Rudiments,Hand Technique,,,,,,,Sahand,
198467,live,An Introduction To Scottish Drumming,https://admin.musora.com/admin#/content/drumeo/198467,https://www.musora.com/drumeo/live-streams/an-introduction-to-scottish-drumming/198467,2018-03-29,Technique,,,,,,,,,,Sahand,
198471,live,Rickety Beats To Fool Your Friends,https://admin.musora.com/admin#/content/drumeo/198471,https://www.musora.com/drumeo/live-streams/rickety-beats-to-fool-your-friends/198471,2018-04-01,Edutainment,,,,,,Grooves,,,,Sahand,
198471,live,Rickety Beats To Fool Your Friends,https://admin.musora.com/admin#/content/drumeo/198471,https://www.musora.com/drumeo/live-streams/rickety-beats-to-fool-your-friends/198471,2018-04-01,Edutainment,,,,,,,,,,Sahand,
198473,live,Practice Tips To Become A Well Rounded Drummer,https://admin.musora.com/admin#/content/drumeo/198473,https://www.musora.com/drumeo/live-streams/practice-tips-to-become-a-well-rounded-drummer/198473,2018-04-02,All,,,,,,,,,Practice Tips,Sahand,
19860,live,Linear Concepts & Alternative Flamercises,https://admin.musora.com/admin#/content/drumeo/19860,https://www.musora.com/drumeo/live-streams/562-linear-concepts-and-alternative-flamercises/19860,2013-11-01,Beats,,Rudiments,,,,Grooves,Fills & Chops,,,Sahand,
19860,live,Linear Concepts & Alternative Flamercises,https://admin.musora.com/admin#/content/drumeo/19860,https://www.musora.com/drumeo/live-streams/562-linear-concepts-and-alternative-flamercises/19860,2013-11-01,Beats,,,,,,,,,,Sahand,
19860,live,Linear Concepts & Alternative Flamercises,https://admin.musora.com/admin#/content/drumeo/19860,https://www.musora.com/drumeo/live-streams/562-linear-concepts-and-alternative-flamercises/19860,2013-11-01,Fills,,,,,,,,,,Sahand,
19860,live,Linear Concepts & Alternative Flamercises,https://admin.musora.com/admin#/content/drumeo/19860,https://www.musora.com/drumeo/live-streams/562-linear-concepts-and-alternative-flamercises/19860,2013-11-01,Fills,,,,,,,,,,Sahand,
19860,live,Linear Concepts & Alternative Flamercises,https://admin.musora.com/admin#/content/drumeo/19860,https://www.musora.com/drumeo/live-streams/562-linear-concepts-and-alternative-flamercises/19860,2013-11-01,Independence,,,,,,,,,,Sahand,
19860,live,Linear Concepts & Alternative Flamercises,https://admin.musora.com/admin#/content/drumeo/19860,https://www.musora.com/drumeo/live-streams/562-linear-concepts-and-alternative-flamercises/19860,2013-11-01,Independence,,,,,,,,,,Sahand,
19860,live,Linear Concepts & Alternative Flamercises,https://admin.musora.com/admin#/content/drumeo/19860,https://www.musora.com/drumeo/live-streams/562-linear-concepts-and-alternative-flamercises/19860,2013-11-01,Rudiments,,,,,,,,,,Sahand,
19860,live,Linear Concepts & Alternative Flamercises,https://admin.musora.com/admin#/content/drumeo/19860,https://www.musora.com/drumeo/live-streams/562-linear-concepts-and-alternative-flamercises/19860,2013-11-01,Rudiments,,,,,,,,,,Sahand,
19866,live,Trick Or Time Signature,https://admin.musora.com/admin#/content/drumeo/19866,https://www.musora.com/drumeo/live-streams/561-trick-or-time-signature/19866,2013-10-31,Beats,,,,Time Signatures,,Grooves,Fills & Chops,,,Sahand,
19866,live,Trick Or Time Signature,https://admin.musora.com/admin#/content/drumeo/19866,https://www.musora.com/drumeo/live-streams/561-trick-or-time-signature/19866,2013-10-31,Beats,,,,,,,,,,Sahand,
19866,live,Trick Or Time Signature,https://admin.musora.com/admin#/content/drumeo/19866,https://www.musora.com/drumeo/live-streams/561-trick-or-time-signature/19866,2013-10-31,Fills,,,,,,,,,,Sahand,
19866,live,Trick Or Time Signature,https://admin.musora.com/admin#/content/drumeo/19866,https://www.musora.com/drumeo/live-streams/561-trick-or-time-signature/19866,2013-10-31,Fills,,,,,,,,,,Sahand,
19866,live,Trick Or Time Signature,https://admin.musora.com/admin#/content/drumeo/19866,https://www.musora.com/drumeo/live-streams/561-trick-or-time-signature/19866,2013-10-31,Independence,,,,,,,,,,Sahand,
19866,live,Trick Or Time Signature,https://admin.musora.com/admin#/content/drumeo/19866,https://www.musora.com/drumeo/live-streams/561-trick-or-time-signature/19866,2013-10-31,Independence,,,,,,,,,,Sahand,
19866,live,Trick Or Time Signature,https://admin.musora.com/admin#/content/drumeo/19866,https://www.musora.com/drumeo/live-streams/561-trick-or-time-signature/19866,2013-10-31,Styles,,,,,,,,,,Sahand,
19866,live,Trick Or Time Signature,https://admin.musora.com/admin#/content/drumeo/19866,https://www.musora.com/drumeo/live-streams/561-trick-or-time-signature/19866,2013-10-31,Styles,,,,,,,,,,Sahand,
198673,live,The Click Is Your Friend #3,https://admin.musora.com/admin#/content/drumeo/198673,https://www.musora.com/drumeo/live-streams/the-click-is-your-friend-sharp3/198673,2018-04-11,Ear Training,,Timing,,Ear Training,,,,,,Sahand,
198673,live,The Click Is Your Friend #3,https://admin.musora.com/admin#/content/drumeo/198673,https://www.musora.com/drumeo/live-streams/the-click-is-your-friend-sharp3/198673,2018-04-11,Ear Training,,,,,,,,,,Sahand,
19874,live,Sexy Sextuplets #1,https://admin.musora.com/admin#/content/drumeo/19874,https://www.musora.com/drumeo/live-streams/564-sexy-sextuplets-1/19874,2013-11-05,Rudiments,,Rudiments,,Notation,,,,,,Sahand,
19874,live,Sexy Sextuplets #1,https://admin.musora.com/admin#/content/drumeo/19874,https://www.musora.com/drumeo/live-streams/564-sexy-sextuplets-1/19874,2013-11-05,Rudiments,,,,,,,,,,Sahand,
19876,live,The Heel-Toe Technique,https://admin.musora.com/admin#/content/drumeo/19876,https://www.musora.com/drumeo/live-streams/565-the-heel-toe-technique/19876,2013-11-05,Technique,,Foot Technique,,,,,,,,Sahand,
19885,live,Reverse Bossa Clave Grooves,https://admin.musora.com/admin#/content/drumeo/19885,https://www.musora.com/drumeo/live-streams/566-reverse-bossa-clave-grooves/19885,2013-11-07,Beats,Latin/World,,,,,Grooves,,,,Sahand,
19952,live,Inverted-Paradiddle Applications,https://admin.musora.com/admin#/content/drumeo/19952,https://www.musora.com/drumeo/live-streams/567-inverted-paradiddle-applications/19952,2013-11-08,Beats,,Rudiments,,,,Grooves,Fills & Chops,,,Sahand,
19966,live,Odd Sounding 4/4 Grooves,https://admin.musora.com/admin#/content/drumeo/19966,https://www.musora.com/drumeo/live-streams/570-odd-sounding-4-4-grooves/19966,2013-11-12,Beats,,,,,,Grooves,,,,Sahand,
19966,live,Odd Sounding 4/4 Grooves,https://admin.musora.com/admin#/content/drumeo/19966,https://www.musora.com/drumeo/live-streams/570-odd-sounding-4-4-grooves/19966,2013-11-12,Beats,,,,,,,,,,Sahand,
19972,live,Setting Up Your Drums,https://admin.musora.com/admin#/content/drumeo/19972,https://www.musora.com/drumeo/live-streams/571-setting-up-your-drums/19972,2013-11-13,Gear,,Setup & Tuning,,,,,,,Gigging Tips & Gear,Sahand,
19978,live,Decades Of Drumming - The '70s - Part 1,https://admin.musora.com/admin#/content/drumeo/19978,https://www.musora.com/drumeo/live-streams/574-decades-of-drumming-the-70s-part-1/19978,2013-11-15,Beats,,,,,,Grooves,Fills & Chops,,,Sahand,
19978,live,Decades Of Drumming - The '70s - Part 1,https://admin.musora.com/admin#/content/drumeo/19978,https://www.musora.com/drumeo/live-streams/574-decades-of-drumming-the-70s-part-1/19978,2013-11-15,Beats,,,,,,,,,,Sahand,
19978,live,Decades Of Drumming - The '70s - Part 1,https://admin.musora.com/admin#/content/drumeo/19978,https://www.musora.com/drumeo/live-streams/574-decades-of-drumming-the-70s-part-1/19978,2013-11-15,Fills,,,,,,,,,,Sahand,
19978,live,Decades Of Drumming - The '70s - Part 1,https://admin.musora.com/admin#/content/drumeo/19978,https://www.musora.com/drumeo/live-streams/574-decades-of-drumming-the-70s-part-1/19978,2013-11-15,Fills,,,,,,,,,,Sahand,
19983,live,Sexy Sextuplets #2,https://admin.musora.com/admin#/content/drumeo/19983,https://www.musora.com/drumeo/live-streams/576-sexy-sextuplets-2/19983,2013-11-15,Rudiments,,Rudiments,,Notation,,,,,,Sahand,
19983,live,Sexy Sextuplets #2,https://admin.musora.com/admin#/content/drumeo/19983,https://www.musora.com/drumeo/live-streams/576-sexy-sextuplets-2/19983,2013-11-15,Rudiments,,,,,,,,,,Sahand,
19987,live,Style Analysis - Buddy Rich,https://admin.musora.com/admin#/content/drumeo/19987,https://www.musora.com/drumeo/live-streams/578-style-analysis-buddy-rich/19987,2013-11-21,Beats,Jazz/Blues,,,,,Grooves,Fills & Chops,,,Sahand,
19987,live,Style Analysis - Buddy Rich,https://admin.musora.com/admin#/content/drumeo/19987,https://www.musora.com/drumeo/live-streams/578-style-analysis-buddy-rich/19987,2013-11-21,Fills,,,,,,,,,,Sahand,
19987,live,Style Analysis - Buddy Rich,https://admin.musora.com/admin#/content/drumeo/19987,https://www.musora.com/drumeo/live-streams/578-style-analysis-buddy-rich/19987,2013-11-21,Styles,,,,,,,,,,Sahand,
19991,live,The Guaguanco #1,https://admin.musora.com/admin#/content/drumeo/19991,https://www.musora.com/drumeo/live-streams/580-the-guaguanco-1/19991,2013-11-22,Beats,Latin/World,,,,,Grooves,Fills & Chops,,,Sahand,
19991,live,The Guaguanco #1,https://admin.musora.com/admin#/content/drumeo/19991,https://www.musora.com/drumeo/live-streams/580-the-guaguanco-1/19991,2013-11-22,Beats,,,,,,,,,,Sahand,
19991,live,The Guaguanco #1,https://admin.musora.com/admin#/content/drumeo/19991,https://www.musora.com/drumeo/live-streams/580-the-guaguanco-1/19991,2013-11-22,Fills,,,,,,,,,,Sahand,
19991,live,The Guaguanco #1,https://admin.musora.com/admin#/content/drumeo/19991,https://www.musora.com/drumeo/live-streams/580-the-guaguanco-1/19991,2013-11-22,Fills,,,,,,,,,,Sahand,
19997,live,Brain-Twisting Odd-Time Grooves,https://admin.musora.com/admin#/content/drumeo/19997,https://www.musora.com/drumeo/live-streams/583-brain-twisting-odd-time-grooves/19997,2013-11-25,Beats,,,,Time Signatures,,Grooves,,,,Sahand,
19997,live,Brain-Twisting Odd-Time Grooves,https://admin.musora.com/admin#/content/drumeo/19997,https://www.musora.com/drumeo/live-streams/583-brain-twisting-odd-time-grooves/19997,2013-11-25,Fills,,,,,,,,,,Sahand,
19997,live,Brain-Twisting Odd-Time Grooves,https://admin.musora.com/admin#/content/drumeo/19997,https://www.musora.com/drumeo/live-streams/583-brain-twisting-odd-time-grooves/19997,2013-11-25,Styles,,,,,,,,,,Sahand,
20001,live,Single-Ratamacue Applications,https://admin.musora.com/admin#/content/drumeo/20001,https://www.musora.com/drumeo/live-streams/585-single-ratamacue-applications/20001,2013-11-28,Beats,,Rudiments,,,,Grooves,Fills & Chops,,,Sahand,
20001,live,Single-Ratamacue Applications,https://admin.musora.com/admin#/content/drumeo/20001,https://www.musora.com/drumeo/live-streams/585-single-ratamacue-applications/20001,2013-11-28,Beats,,,,,,,,,,Sahand,
20001,live,Single-Ratamacue Applications,https://admin.musora.com/admin#/content/drumeo/20001,https://www.musora.com/drumeo/live-streams/585-single-ratamacue-applications/20001,2013-11-28,Fills,,,,,,,,,,Sahand,
20001,live,Single-Ratamacue Applications,https://admin.musora.com/admin#/content/drumeo/20001,https://www.musora.com/drumeo/live-streams/585-single-ratamacue-applications/20001,2013-11-28,Fills,,,,,,,,,,Sahand,
20001,live,Single-Ratamacue Applications,https://admin.musora.com/admin#/content/drumeo/20001,https://www.musora.com/drumeo/live-streams/585-single-ratamacue-applications/20001,2013-11-28,Rudiments,,,,,,,,,,Sahand,
20001,live,Single-Ratamacue Applications,https://admin.musora.com/admin#/content/drumeo/20001,https://www.musora.com/drumeo/live-streams/585-single-ratamacue-applications/20001,2013-11-28,Rudiments,,,,,,,,,,Sahand,
20004,live,Crashing It Up - Part 1,https://admin.musora.com/admin#/content/drumeo/20004,https://www.musora.com/drumeo/live-streams/586-crashing-it-up-part-1/20004,2013-12-01,Beats,,Hand Technique,,,,Grooves,Fills & Chops,,,Sahand,
20004,live,Crashing It Up - Part 1,https://admin.musora.com/admin#/content/drumeo/20004,https://www.musora.com/drumeo/live-streams/586-crashing-it-up-part-1/20004,2013-12-01,Fills,,,,,,,,,,Sahand,
20004,live,Crashing It Up - Part 1,https://admin.musora.com/admin#/content/drumeo/20004,https://www.musora.com/drumeo/live-streams/586-crashing-it-up-part-1/20004,2013-12-01,Rudiments,,,,,,,,,,Sahand,
20006,live,Rudiment Burn - Flam Paradiddle-diddle,https://admin.musora.com/admin#/content/drumeo/20006,https://www.musora.com/drumeo/live-streams/587-rudiment-burn-flam-paradiddle-diddle/20006,2013-12-02,Rudiments,,Rudiments,,,,,,,,Sahand,
20006,live,Rudiment Burn - Flam Paradiddle-diddle,https://admin.musora.com/admin#/content/drumeo/20006,https://www.musora.com/drumeo/live-streams/587-rudiment-burn-flam-paradiddle-diddle/20006,2013-12-02,Rudiments,,,,,,,,,,Sahand,
20006,live,Rudiment Burn - Flam Paradiddle-diddle,https://admin.musora.com/admin#/content/drumeo/20006,https://www.musora.com/drumeo/live-streams/587-rudiment-burn-flam-paradiddle-diddle/20006,2013-12-02,Technique,,,,,,,,,,Sahand,
20006,live,Rudiment Burn - Flam Paradiddle-diddle,https://admin.musora.com/admin#/content/drumeo/20006,https://www.musora.com/drumeo/live-streams/587-rudiment-burn-flam-paradiddle-diddle/20006,2013-12-02,Technique,,,,,,,,,,Sahand,
20081,live,Sexy Sextuplets #3,https://admin.musora.com/admin#/content/drumeo/20081,https://www.musora.com/drumeo/live-streams/589-sexy-sextuplets-3/20081,2013-12-03,Rudiments,,Rudiments,,Notation,,,,,,Sahand,
20081,live,Sexy Sextuplets #3,https://admin.musora.com/admin#/content/drumeo/20081,https://www.musora.com/drumeo/live-streams/589-sexy-sextuplets-3/20081,2013-12-03,Rudiments,,,,,,,,,,Sahand,
20084,live,7 Beats You Don't Need To Know,https://admin.musora.com/admin#/content/drumeo/20084,https://www.musora.com/drumeo/live-streams/590-7-beats-you-dont-need-to-know/20084,2013-12-04,Beats,,,,,,Grooves,,,,Sahand,
20084,live,7 Beats You Don't Need To Know,https://admin.musora.com/admin#/content/drumeo/20084,https://www.musora.com/drumeo/live-streams/590-7-beats-you-dont-need-to-know/20084,2013-12-04,Beats,,,,,,,,,,Sahand,
20086,live,Hi-Hat Technique,https://admin.musora.com/admin#/content/drumeo/20086,https://www.musora.com/drumeo/live-streams/591-hi-hat-technique/20086,2013-12-04,Styles,,Hand Technique,,,,,,,,Sahand,
20086,live,Hi-Hat Technique,https://admin.musora.com/admin#/content/drumeo/20086,https://www.musora.com/drumeo/live-streams/591-hi-hat-technique/20086,2013-12-04,Technique,,,,,,,,,,Sahand,
20092,live,Heavy Metal Grooves,https://admin.musora.com/admin#/content/drumeo/20092,https://www.musora.com/drumeo/live-streams/592-heavy-metal-grooves/20092,2013-12-06,Beats,Hard Rock/Metal,,,,,Grooves,,,,Sahand,
20092,live,Heavy Metal Grooves,https://admin.musora.com/admin#/content/drumeo/20092,https://www.musora.com/drumeo/live-streams/592-heavy-metal-grooves/20092,2013-12-06,Fills,,,,,,,,,,Sahand,
20092,live,Heavy Metal Grooves,https://admin.musora.com/admin#/content/drumeo/20092,https://www.musora.com/drumeo/live-streams/592-heavy-metal-grooves/20092,2013-12-06,Styles,,,,,,,,,,Sahand,
20094,live,The Guaguanco #2,https://admin.musora.com/admin#/content/drumeo/20094,https://www.musora.com/drumeo/live-streams/593-the-guaguanco-2/20094,2013-12-09,Beats,Latin/World,,,,,Grooves,Fills & Chops,,,Sahand,
20094,live,The Guaguanco #2,https://admin.musora.com/admin#/content/drumeo/20094,https://www.musora.com/drumeo/live-streams/593-the-guaguanco-2/20094,2013-12-09,Fills,,,,,,,,,,Sahand,
20100,live,Rudiment Burn - Single Flammed Mill,https://admin.musora.com/admin#/content/drumeo/20100,https://www.musora.com/drumeo/live-streams/596-rudiment-burn-single-flammed-mill/20100,2013-12-10,Rudiments,,Rudiments,Hand Technique,,,,,,,Sahand,
20100,live,Rudiment Burn - Single Flammed Mill,https://admin.musora.com/admin#/content/drumeo/20100,https://www.musora.com/drumeo/live-streams/596-rudiment-burn-single-flammed-mill/20100,2013-12-10,Technique,,,,,,,,,,Sahand,
20112,live,Beginner 20-Minute Pad Workout,https://admin.musora.com/admin#/content/drumeo/20112,https://www.musora.com/drumeo/live-streams/597-beginner-20-minute-pad-workout/20112,2013-12-10,Rudiments,,Rudiments,Hand Technique,,,,,,,Sahand,
20112,live,Beginner 20-Minute Pad Workout,https://admin.musora.com/admin#/content/drumeo/20112,https://www.musora.com/drumeo/live-streams/597-beginner-20-minute-pad-workout/20112,2013-12-10,Technique,,,,,,,,,,Sahand,
20118,live,Beginner 20-Minute Kit Workout,https://admin.musora.com/admin#/content/drumeo/20118,https://www.musora.com/drumeo/live-streams/598-beginner-20-minute-kit-workout/20118,2013-12-11,Beats,,Rudiments,Hand Technique,,,Grooves,Fills & Chops,,,Sahand,
20118,live,Beginner 20-Minute Kit Workout,https://admin.musora.com/admin#/content/drumeo/20118,https://www.musora.com/drumeo/live-streams/598-beginner-20-minute-kit-workout/20118,2013-12-11,Fills,,,,,,,,,,Sahand,
20118,live,Beginner 20-Minute Kit Workout,https://admin.musora.com/admin#/content/drumeo/20118,https://www.musora.com/drumeo/live-streams/598-beginner-20-minute-kit-workout/20118,2013-12-11,Rudiments,,,,,,,,,,Sahand,
20118,live,Beginner 20-Minute Kit Workout,https://admin.musora.com/admin#/content/drumeo/20118,https://www.musora.com/drumeo/live-streams/598-beginner-20-minute-kit-workout/20118,2013-12-11,Technique,,,,,,,,,,Sahand,
20122,live,Playing With Dual Hi-Hats,https://admin.musora.com/admin#/content/drumeo/20122,https://www.musora.com/drumeo/live-streams/599-playing-with-dual-hi-hats/20122,2013-12-12,Beats,,,,,,Grooves,Fills & Chops,,,Sahand,
20122,live,Playing With Dual Hi-Hats,https://admin.musora.com/admin#/content/drumeo/20122,https://www.musora.com/drumeo/live-streams/599-playing-with-dual-hi-hats/20122,2013-12-12,Beats,,,,,,,,,,Sahand,
20122,live,Playing With Dual Hi-Hats,https://admin.musora.com/admin#/content/drumeo/20122,https://www.musora.com/drumeo/live-streams/599-playing-with-dual-hi-hats/20122,2013-12-12,Fills,,,,,,,,,,Sahand,
20122,live,Playing With Dual Hi-Hats,https://admin.musora.com/admin#/content/drumeo/20122,https://www.musora.com/drumeo/live-streams/599-playing-with-dual-hi-hats/20122,2013-12-12,Fills,,,,,,,,,,Sahand,
20129,live,Decades Of Drumming - The '70s - Part 2,https://admin.musora.com/admin#/content/drumeo/20129,https://www.musora.com/drumeo/live-streams/600-decades-of-drumming-the-70s-part-2/20129,2013-12-13,Beats,,,,,,Grooves,Fills & Chops,,,Sahand,
20129,live,Decades Of Drumming - The '70s - Part 2,https://admin.musora.com/admin#/content/drumeo/20129,https://www.musora.com/drumeo/live-streams/600-decades-of-drumming-the-70s-part-2/20129,2013-12-13,Beats,,,,,,,,,,Sahand,
20129,live,Decades Of Drumming - The '70s - Part 2,https://admin.musora.com/admin#/content/drumeo/20129,https://www.musora.com/drumeo/live-streams/600-decades-of-drumming-the-70s-part-2/20129,2013-12-13,Fills,,,,,,,,,,Sahand,
20129,live,Decades Of Drumming - The '70s - Part 2,https://admin.musora.com/admin#/content/drumeo/20129,https://www.musora.com/drumeo/live-streams/600-decades-of-drumming-the-70s-part-2/20129,2013-12-13,Fills,,,,,,,,,,Sahand,
20135,live,Sick Travis Barker Grooves #2 - Neighborhoods,https://admin.musora.com/admin#/content/drumeo/20135,https://www.musora.com/drumeo/live-streams/602-sick-travis-barker-grooves-2-neighborhoods/20135,2013-12-17,Beats,,,,,,Grooves,,,,Sahand,
20135,live,Sick Travis Barker Grooves #2 - Neighborhoods,https://admin.musora.com/admin#/content/drumeo/20135,https://www.musora.com/drumeo/live-streams/602-sick-travis-barker-grooves-2-neighborhoods/20135,2013-12-17,Beats,,,,,,,,,,Sahand,
20135,live,Sick Travis Barker Grooves #2 - Neighborhoods,https://admin.musora.com/admin#/content/drumeo/20135,https://www.musora.com/drumeo/live-streams/602-sick-travis-barker-grooves-2-neighborhoods/20135,2013-12-17,Fills,,,,,,,,,,Sahand,
20135,live,Sick Travis Barker Grooves #2 - Neighborhoods,https://admin.musora.com/admin#/content/drumeo/20135,https://www.musora.com/drumeo/live-streams/602-sick-travis-barker-grooves-2-neighborhoods/20135,2013-12-17,Fills,,,,,,,,,,Sahand,
20137,live,Style Analysis - Dave Weckl,https://admin.musora.com/admin#/content/drumeo/20137,https://www.musora.com/drumeo/live-streams/603-style-analysis-dave-weckl/20137,2013-12-17,Beats,Jazz/Blues,,,,,Grooves,Fills & Chops,,,Sahand,
20137,live,Style Analysis - Dave Weckl,https://admin.musora.com/admin#/content/drumeo/20137,https://www.musora.com/drumeo/live-streams/603-style-analysis-dave-weckl/20137,2013-12-17,Fills,,,,,,,,,,Sahand,
20137,live,Style Analysis - Dave Weckl,https://admin.musora.com/admin#/content/drumeo/20137,https://www.musora.com/drumeo/live-streams/603-style-analysis-dave-weckl/20137,2013-12-17,Styles,,,,,,,,,,Sahand,
20139,live,Crashing It Up - Part 2,https://admin.musora.com/admin#/content/drumeo/20139,https://www.musora.com/drumeo/live-streams/604-crashing-it-up-part-2/20139,2013-12-18,Beats,,Hand Technique,,,,Grooves,Fills & Chops,,,Sahand,
20139,live,Crashing It Up - Part 2,https://admin.musora.com/admin#/content/drumeo/20139,https://www.musora.com/drumeo/live-streams/604-crashing-it-up-part-2/20139,2013-12-18,Beats,,,,,,,,,,Sahand,
20139,live,Crashing It Up - Part 2,https://admin.musora.com/admin#/content/drumeo/20139,https://www.musora.com/drumeo/live-streams/604-crashing-it-up-part-2/20139,2013-12-18,Fills,,,,,,,,,,Sahand,
20139,live,Crashing It Up - Part 2,https://admin.musora.com/admin#/content/drumeo/20139,https://www.musora.com/drumeo/live-streams/604-crashing-it-up-part-2/20139,2013-12-18,Fills,,,,,,,,,,Sahand,
20139,live,Crashing It Up - Part 2,https://admin.musora.com/admin#/content/drumeo/20139,https://www.musora.com/drumeo/live-streams/604-crashing-it-up-part-2/20139,2013-12-18,Rudiments,,,,,,,,,,Sahand,
20139,live,Crashing It Up - Part 2,https://admin.musora.com/admin#/content/drumeo/20139,https://www.musora.com/drumeo/live-streams/604-crashing-it-up-part-2/20139,2013-12-18,Rudiments,,,,,,,,,,Sahand,
20142,live,Intermediate 20-Minute Kit Workout,https://admin.musora.com/admin#/content/drumeo/20142,https://www.musora.com/drumeo/live-streams/605-intermediate-20-minute-kit-workout/20142,2013-12-20,Beats,,Hand Technique,Rudiments,,,Grooves,Fills & Chops,,,Sahand,
20142,live,Intermediate 20-Minute Kit Workout,https://admin.musora.com/admin#/content/drumeo/20142,https://www.musora.com/drumeo/live-streams/605-intermediate-20-minute-kit-workout/20142,2013-12-20,Fills,,,,,,,,,,Sahand,
20142,live,Intermediate 20-Minute Kit Workout,https://admin.musora.com/admin#/content/drumeo/20142,https://www.musora.com/drumeo/live-streams/605-intermediate-20-minute-kit-workout/20142,2013-12-20,Rudiments,,,,,,,,,,Sahand,
20142,live,Intermediate 20-Minute Kit Workout,https://admin.musora.com/admin#/content/drumeo/20142,https://www.musora.com/drumeo/live-streams/605-intermediate-20-minute-kit-workout/20142,2013-12-20,Technique,,,,,,,,,,Sahand,
20144,live,Jazz Phrasing For Solos,https://admin.musora.com/admin#/content/drumeo/20144,https://www.musora.com/drumeo/live-streams/606-jazz-phrasing-for-solos/20144,2013-12-20,Musicality,Jazz/Blues,,,,,Grooves,Making Music,,,Sahand,
20144,live,Jazz Phrasing For Solos,https://admin.musora.com/admin#/content/drumeo/20144,https://www.musora.com/drumeo/live-streams/606-jazz-phrasing-for-solos/20144,2013-12-20,Styles,,,,,,,,,,Sahand,
20150,live,Kit Ergonomics - Tweaking Your Set-Up,https://admin.musora.com/admin#/content/drumeo/20150,https://www.musora.com/drumeo/live-streams/609-kit-ergonomics-tweaking-your-set-up/20150,2013-12-23,All,,Setup & Tuning,,,,,,,Gigging Tips & Gear,Sahand,
20185,live,Christmas Special,https://admin.musora.com/admin#/content/drumeo/20185,https://www.musora.com/drumeo/live-streams/610-christmas-special/20185,2013-12-28,Edutainment,,,,,,,,,Other,Sahand,
20185,live,Christmas Special,https://admin.musora.com/admin#/content/drumeo/20185,https://www.musora.com/drumeo/live-streams/610-christmas-special/20185,2013-12-28,Edutainment,,,,,,,,,,Sahand,
20190,live,?uestlove: Beyond The Roots,https://admin.musora.com/admin#/content/drumeo/20190,https://www.musora.com/drumeo/live-streams/611-questlove-beyond-the-roots/20190,2013-12-29,Styles,,,,,,Grooves,Fills & Chops,,,Sahand,
20190,live,?uestlove: Beyond The Roots,https://admin.musora.com/admin#/content/drumeo/20190,https://www.musora.com/drumeo/live-streams/611-questlove-beyond-the-roots/20190,2013-12-29,Styles,,,,,,,,,,Sahand,
20195,live,Advanced 20-Minute Kit Workout,https://admin.musora.com/admin#/content/drumeo/20195,https://www.musora.com/drumeo/live-streams/613-advanced-20-minute-kit-workout/20195,2013-12-30,Beats,,Rudiments,Hand Technique,,,Grooves,Fills & Chops,,,Sahand,
20195,live,Advanced 20-Minute Kit Workout,https://admin.musora.com/admin#/content/drumeo/20195,https://www.musora.com/drumeo/live-streams/613-advanced-20-minute-kit-workout/20195,2013-12-30,Beats,,,,,,,,,,Sahand,
20195,live,Advanced 20-Minute Kit Workout,https://admin.musora.com/admin#/content/drumeo/20195,https://www.musora.com/drumeo/live-streams/613-advanced-20-minute-kit-workout/20195,2013-12-30,Fills,,,,,,,,,,Sahand,
20195,live,Advanced 20-Minute Kit Workout,https://admin.musora.com/admin#/content/drumeo/20195,https://www.musora.com/drumeo/live-streams/613-advanced-20-minute-kit-workout/20195,2013-12-30,Fills,,,,,,,,,,Sahand,
20195,live,Advanced 20-Minute Kit Workout,https://admin.musora.com/admin#/content/drumeo/20195,https://www.musora.com/drumeo/live-streams/613-advanced-20-minute-kit-workout/20195,2013-12-30,Rudiments,,,,,,,,,,Sahand,
20195,live,Advanced 20-Minute Kit Workout,https://admin.musora.com/admin#/content/drumeo/20195,https://www.musora.com/drumeo/live-streams/613-advanced-20-minute-kit-workout/20195,2013-12-30,Rudiments,,,,,,,,,,Sahand,
20195,live,Advanced 20-Minute Kit Workout,https://admin.musora.com/admin#/content/drumeo/20195,https://www.musora.com/drumeo/live-streams/613-advanced-20-minute-kit-workout/20195,2013-12-30,Technique,,,,,,,,,,Sahand,
20195,live,Advanced 20-Minute Kit Workout,https://admin.musora.com/admin#/content/drumeo/20195,https://www.musora.com/drumeo/live-streams/613-advanced-20-minute-kit-workout/20195,2013-12-30,Technique,,,,,,,,,,Sahand,
20202,live,20-Minute Linear Workout,https://admin.musora.com/admin#/content/drumeo/20202,https://www.musora.com/drumeo/live-streams/614-20-minute-linear-workout/20202,2013-12-30,Independence,,Hand Technique,Foot Technique,,,Independence,,,,Sahand,
20202,live,20-Minute Linear Workout,https://admin.musora.com/admin#/content/drumeo/20202,https://www.musora.com/drumeo/live-streams/614-20-minute-linear-workout/20202,2013-12-30,Technique,,,,,,,,,,Sahand,
20213,live,20-Minute Ghost Notes Workout,https://admin.musora.com/admin#/content/drumeo/20213,https://www.musora.com/drumeo/live-streams/617-20-minute-ghost-notes-workout/20213,2014-01-05,Rudiments,,Hand Technique,Dynamics,,,,,,,Sahand,
20213,live,20-Minute Ghost Notes Workout,https://admin.musora.com/admin#/content/drumeo/20213,https://www.musora.com/drumeo/live-streams/617-20-minute-ghost-notes-workout/20213,2014-01-05,Technique,,,,,,,,,,Sahand,
20219,live,Right-Foot Independence,https://admin.musora.com/admin#/content/drumeo/20219,https://www.musora.com/drumeo/live-streams/618-right-foot-independence/20219,2014-01-06,Beats,,Foot Technique,,,,Independence,,,,Sahand,
20219,live,Right-Foot Independence,https://admin.musora.com/admin#/content/drumeo/20219,https://www.musora.com/drumeo/live-streams/618-right-foot-independence/20219,2014-01-06,Independence,,,,,,,,,,Sahand,
20225,live,The Mechanics - Traditional Grip,https://admin.musora.com/admin#/content/drumeo/20225,https://www.musora.com/drumeo/live-streams/619-the-mechanics-the-traditional-grip/20225,2014-01-07,Rudiments,,Hand Technique,,,,,,,,Sahand,
20225,live,The Mechanics - Traditional Grip,https://admin.musora.com/admin#/content/drumeo/20225,https://www.musora.com/drumeo/live-streams/619-the-mechanics-the-traditional-grip/20225,2014-01-07,Technique,,,,,,,,,,Sahand,
202286,live,Exploring Indian Grooves On The Drum-set,https://admin.musora.com/admin#/content/drumeo/202286,https://www.musora.com/drumeo/live-streams/exploring-indian-grooves-on-the-drum-set/202286,2018-04-16,Beats,Latin/World,,,,,Grooves,,,,Sahand,
202286,live,Exploring Indian Grooves On The Drum-set,https://admin.musora.com/admin#/content/drumeo/202286,https://www.musora.com/drumeo/live-streams/exploring-indian-grooves-on-the-drum-set/202286,2018-04-16,Styles,,,,,,,,,,Sahand,
202303,live,How To Practice Timing,https://admin.musora.com/admin#/content/drumeo/202303,https://www.musora.com/drumeo/live-streams/how-to-practice-timing/202303,2018-04-18,Ear Training,,Timing,,Ear Training,,,,,,Sahand,
202309,live,From The Bottom Up - Leading Grooves With Your Foot,https://admin.musora.com/admin#/content/drumeo/202309,https://www.musora.com/drumeo/live-streams/from-the-bottom-up-leading-grooves-with-your-foot/202309,2018-04-23,Musicality,,Hand Technique,,,,Grooves,,,,Sahand,
202309,live,From The Bottom Up - Leading Grooves With Your Foot,https://admin.musora.com/admin#/content/drumeo/202309,https://www.musora.com/drumeo/live-streams/from-the-bottom-up-leading-grooves-with-your-foot/202309,2018-04-23,Technique,,,,,,,,,,Sahand,
202311,live,"Run-D.M.C. - ""Sucker MC's""",https://admin.musora.com/admin#/content/drumeo/202311,https://www.musora.com/drumeo/live-streams/run-dmc-sucker-mcs/202311,2018-04-27,Beats,Hip-Hop/Rap/EDM,,,,,Grooves,,,,Sahand,
202311,live,"Run-D.M.C. - ""Sucker MC's""",https://admin.musora.com/admin#/content/drumeo/202311,https://www.musora.com/drumeo/live-streams/run-dmc-sucker-mcs/202311,2018-04-27,Styles,,,,,,,,,,Sahand,
20242,live,Modern New Orleans Feel,https://admin.musora.com/admin#/content/drumeo/20242,https://www.musora.com/drumeo/live-streams/621-modern-new-orleans-feel/20242,2014-01-09,Beats,Jazz/Blues,,,,,Grooves,,,,Sahand,
20242,live,Modern New Orleans Feel,https://admin.musora.com/admin#/content/drumeo/20242,https://www.musora.com/drumeo/live-streams/621-modern-new-orleans-feel/20242,2014-01-09,Beats,,,,,,,,,,Sahand,
20257,live,Adding Flams To Your Drumming,https://admin.musora.com/admin#/content/drumeo/20257,https://www.musora.com/drumeo/live-streams/625-adding-flams-to-your-drumming/20257,2014-01-13,Beats,,Rudiments,,,,Grooves,Fills & Chops,,,Sahand,
20257,live,Adding Flams To Your Drumming,https://admin.musora.com/admin#/content/drumeo/20257,https://www.musora.com/drumeo/live-streams/625-adding-flams-to-your-drumming/20257,2014-01-13,Beats,,,,,,,,,,Sahand,
20257,live,Adding Flams To Your Drumming,https://admin.musora.com/admin#/content/drumeo/20257,https://www.musora.com/drumeo/live-streams/625-adding-flams-to-your-drumming/20257,2014-01-13,Rudiments,,,,,,,,,,Sahand,
20257,live,Adding Flams To Your Drumming,https://admin.musora.com/admin#/content/drumeo/20257,https://www.musora.com/drumeo/live-streams/625-adding-flams-to-your-drumming/20257,2014-01-13,Rudiments,,,,,,,,,,Sahand,
202756,live,Learning The Drums Through Music,https://admin.musora.com/admin#/content/drumeo/202756,https://www.musora.com/drumeo/live-streams/learning-the-drums-through-music/202756,2018-04-30,Musicality,,,,,,,,Practice Tips,Gigging Tips & Gear,Sahand,
202758,live,The Click Is Your Friend #4,https://admin.musora.com/admin#/content/drumeo/202758,https://www.musora.com/drumeo/live-streams/the-click-is-your-friend-sharp4-/202758,2018-05-02,Beats,,Timing,,Ear Training,,,,,,Sahand,
202758,live,The Click Is Your Friend #4,https://admin.musora.com/admin#/content/drumeo/202758,https://www.musora.com/drumeo/live-streams/the-click-is-your-friend-sharp4-/202758,2018-05-02,Beats,,,,,,,,,,Sahand,
20290,live,The Exchange Between Hands & Feet,https://admin.musora.com/admin#/content/drumeo/20290,https://www.musora.com/drumeo/live-streams/627-the-exchange-between-hands-and-feet/20290,2014-01-15,Beats,,Hand Technique,Foot Technique,,,Independence,Grooves,,,Sahand,
20290,live,The Exchange Between Hands & Feet,https://admin.musora.com/admin#/content/drumeo/20290,https://www.musora.com/drumeo/live-streams/627-the-exchange-between-hands-and-feet/20290,2014-01-15,Beats,,,,,,,,,,Sahand,
20290,live,The Exchange Between Hands & Feet,https://admin.musora.com/admin#/content/drumeo/20290,https://www.musora.com/drumeo/live-streams/627-the-exchange-between-hands-and-feet/20290,2014-01-15,Fills,,,,,,,,,,Sahand,
20290,live,The Exchange Between Hands & Feet,https://admin.musora.com/admin#/content/drumeo/20290,https://www.musora.com/drumeo/live-streams/627-the-exchange-between-hands-and-feet/20290,2014-01-15,Fills,,,,,,,,,,Sahand,
20290,live,The Exchange Between Hands & Feet,https://admin.musora.com/admin#/content/drumeo/20290,https://www.musora.com/drumeo/live-streams/627-the-exchange-between-hands-and-feet/20290,2014-01-15,Independence,,,,,,,,,,Sahand,
20290,live,The Exchange Between Hands & Feet,https://admin.musora.com/admin#/content/drumeo/20290,https://www.musora.com/drumeo/live-streams/627-the-exchange-between-hands-and-feet/20290,2014-01-15,Independence,,,,,,,,,,Sahand,
20294,live,The Soca,https://admin.musora.com/admin#/content/drumeo/20294,https://www.musora.com/drumeo/live-streams/628-the-soca/20294,2014-01-16,Beats,Latin/World,,,,,Grooves,,,,Sahand,
20294,live,The Soca,https://admin.musora.com/admin#/content/drumeo/20294,https://www.musora.com/drumeo/live-streams/628-the-soca/20294,2014-01-16,Beats,,,,,,,,,,Sahand,
20294,live,The Soca,https://admin.musora.com/admin#/content/drumeo/20294,https://www.musora.com/drumeo/live-streams/628-the-soca/20294,2014-01-16,Styles,,,,,,,,,,Sahand,
20294,live,The Soca,https://admin.musora.com/admin#/content/drumeo/20294,https://www.musora.com/drumeo/live-streams/628-the-soca/20294,2014-01-16,Styles,,,,,,,,,,Sahand,
20298,live,?uestlove's Quintessential Backbeats,https://admin.musora.com/admin#/content/drumeo/20298,https://www.musora.com/drumeo/live-streams/630-questloves-quintessential-backbeats/20298,2014-01-19,Beats,,,,,,Grooves,,,,Sahand,
20298,live,?uestlove's Quintessential Backbeats,https://admin.musora.com/admin#/content/drumeo/20298,https://www.musora.com/drumeo/live-streams/630-questloves-quintessential-backbeats/20298,2014-01-19,Styles,,,,,,,,,,Sahand,
203165,live,Becoming A Chameleon Behind The Drums - The Art Of Versatility,https://admin.musora.com/admin#/content/drumeo/203165,https://www.musora.com/drumeo/live-streams/becoming-a-chameleon-behind-the-drums-the-art-of-versatility/203165,2018-05-07,Musicality,,,,,,,,,Practice Tips,Sahand,
20317,live,Creative Double Bass,https://admin.musora.com/admin#/content/drumeo/20317,https://www.musora.com/drumeo/live-streams/632-creative-double-bass/20317,2014-01-21,Beats,,Foot Technique,,,,Double Bass,Grooves,,,Sahand,
20317,live,Creative Double Bass,https://admin.musora.com/admin#/content/drumeo/20317,https://www.musora.com/drumeo/live-streams/632-creative-double-bass/20317,2014-01-21,Fills,,,,,,,,,,Sahand,
203171,live,Progressive Rock Drumming Tips,https://admin.musora.com/admin#/content/drumeo/203171,https://www.musora.com/drumeo/live-streams/progressive-rock-drumming-tips/203171,2018-05-14,Musicality,Hard Rock/Metal,,,,,,,,,Sahand,
203171,live,Progressive Rock Drumming Tips,https://admin.musora.com/admin#/content/drumeo/203171,https://www.musora.com/drumeo/live-streams/progressive-rock-drumming-tips/203171,2018-05-14,Styles,,,,,,,,,,Sahand,
20327,live,Double Stroke Roll Consistency,https://admin.musora.com/admin#/content/drumeo/20327,https://www.musora.com/drumeo/live-streams/634-double-stroke-roll-consistency/20327,2014-01-23,Rudiments,,Rudiments,Hand Technique,,,,,,,Sahand,
20327,live,Double Stroke Roll Consistency,https://admin.musora.com/admin#/content/drumeo/20327,https://www.musora.com/drumeo/live-streams/634-double-stroke-roll-consistency/20327,2014-01-23,Rudiments,,,,,,,,,,Sahand,
20327,live,Double Stroke Roll Consistency,https://admin.musora.com/admin#/content/drumeo/20327,https://www.musora.com/drumeo/live-streams/634-double-stroke-roll-consistency/20327,2014-01-23,Technique,,,,,,,,,,Sahand,
20327,live,Double Stroke Roll Consistency,https://admin.musora.com/admin#/content/drumeo/20327,https://www.musora.com/drumeo/live-streams/634-double-stroke-roll-consistency/20327,2014-01-23,Technique,,,,,,,,,,Sahand,
20333,live,Decades Of Drumming - The '80s,https://admin.musora.com/admin#/content/drumeo/20333,https://www.musora.com/drumeo/live-streams/633-decades-of-drumming-the-80s/20333,2014-01-22,Beats,,,,,,Grooves,Fills & Chops,,,Sahand,
20333,live,Decades Of Drumming - The '80s,https://admin.musora.com/admin#/content/drumeo/20333,https://www.musora.com/drumeo/live-streams/633-decades-of-drumming-the-80s/20333,2014-01-22,Beats,,,,,,,,,,Sahand,
20333,live,Decades Of Drumming - The '80s,https://admin.musora.com/admin#/content/drumeo/20333,https://www.musora.com/drumeo/live-streams/633-decades-of-drumming-the-80s/20333,2014-01-22,Fills,,,,,,,,,,Sahand,
20333,live,Decades Of Drumming - The '80s,https://admin.musora.com/admin#/content/drumeo/20333,https://www.musora.com/drumeo/live-streams/633-decades-of-drumming-the-80s/20333,2014-01-22,Fills,,,,,,,,,,Sahand,
20351,live,Double Stroke Roll Fills,https://admin.musora.com/admin#/content/drumeo/20351,https://www.musora.com/drumeo/live-streams/639-double-stroke-roll-fills/20351,2014-01-29,Fills,,Rudiments,,,,Fills & Chops,,,,Sahand,
20351,live,Double Stroke Roll Fills,https://admin.musora.com/admin#/content/drumeo/20351,https://www.musora.com/drumeo/live-streams/639-double-stroke-roll-fills/20351,2014-01-29,Rudiments,,,,,,,,,,Sahand,
203552,live,The New Groove Ostinato #1,https://admin.musora.com/admin#/content/drumeo/203552,https://www.musora.com/drumeo/live-streams/the-new-groove-ostinato-sharp1/203552,2018-05-11,Beats,,Hand Technique,,,,Grooves,,,,Sahand,
203552,live,The New Groove Ostinato #1,https://admin.musora.com/admin#/content/drumeo/203552,https://www.musora.com/drumeo/live-streams/the-new-groove-ostinato-sharp1/203552,2018-05-11,Beats,,,,,,,,,,Sahand,
203552,live,The New Groove Ostinato #1,https://admin.musora.com/admin#/content/drumeo/203552,https://www.musora.com/drumeo/live-streams/the-new-groove-ostinato-sharp1/203552,2018-05-11,Independence,,,,,,,,,,Sahand,
203552,live,The New Groove Ostinato #1,https://admin.musora.com/admin#/content/drumeo/203552,https://www.musora.com/drumeo/live-streams/the-new-groove-ostinato-sharp1/203552,2018-05-11,Independence,,,,,,,,,,Sahand,
203557,live,The New Groove Ostinato #2,https://admin.musora.com/admin#/content/drumeo/203557,https://www.musora.com/drumeo/live-streams/the-new-groove-ostinato-sharp2/203557,2018-05-18,Beats,,Hand Technique,,,,Grooves,,,,Sahand,
203557,live,The New Groove Ostinato #2,https://admin.musora.com/admin#/content/drumeo/203557,https://www.musora.com/drumeo/live-streams/the-new-groove-ostinato-sharp2/203557,2018-05-18,Beats,,,,,,,,,,Sahand,
203557,live,The New Groove Ostinato #2,https://admin.musora.com/admin#/content/drumeo/203557,https://www.musora.com/drumeo/live-streams/the-new-groove-ostinato-sharp2/203557,2018-05-18,Independence,,,,,,,,,,Sahand,
203557,live,The New Groove Ostinato #2,https://admin.musora.com/admin#/content/drumeo/203557,https://www.musora.com/drumeo/live-streams/the-new-groove-ostinato-sharp2/203557,2018-05-18,Independence,,,,,,,,,,Sahand,
20359,live,Edgar's Foot Technique #1,https://admin.musora.com/admin#/content/drumeo/20359,https://www.musora.com/drumeo/live-streams/643-edgars-foot-technique/20359,2014-02-02,Technique,,Foot Technique,,,,,,,,Sahand,
20372,live,Grooves From Chilliwack,https://admin.musora.com/admin#/content/drumeo/20372,https://www.musora.com/drumeo/live-streams/644-grooves-from-chilliwack/20372,2014-02-03,Beats,,,,,,Grooves,,,,Sahand,
20372,live,Grooves From Chilliwack,https://admin.musora.com/admin#/content/drumeo/20372,https://www.musora.com/drumeo/live-streams/644-grooves-from-chilliwack/20372,2014-02-03,Beats,,,,,,,,,,Sahand,
20372,live,Grooves From Chilliwack,https://admin.musora.com/admin#/content/drumeo/20372,https://www.musora.com/drumeo/live-streams/644-grooves-from-chilliwack/20372,2014-02-03,Fills,,,,,,,,,,Sahand,
20372,live,Grooves From Chilliwack,https://admin.musora.com/admin#/content/drumeo/20372,https://www.musora.com/drumeo/live-streams/644-grooves-from-chilliwack/20372,2014-02-03,Fills,,,,,,,,,,Sahand,
20376,live,Programming Your Electric Kit #2,https://admin.musora.com/admin#/content/drumeo/20376,https://www.musora.com/drumeo/live-streams/645-programming-your-electric-kit-2/20376,2014-02-04,Gear,,,,,,,,,Gigging Tips & Gear,Sahand,
20376,live,Programming Your Electric Kit #2,https://admin.musora.com/admin#/content/drumeo/20376,https://www.musora.com/drumeo/live-streams/645-programming-your-electric-kit-2/20376,2014-02-04,Gear,,,,,,,,,,Sahand,
20378,live,Hi-Hat Stepping,https://admin.musora.com/admin#/content/drumeo/20378,https://www.musora.com/drumeo/live-streams/646-hi-hat-stepping/20378,2014-02-05,Beats,,,,,,Grooves,Independence,,,Sahand,
20378,live,Hi-Hat Stepping,https://admin.musora.com/admin#/content/drumeo/20378,https://www.musora.com/drumeo/live-streams/646-hi-hat-stepping/20378,2014-02-05,Beats,,,,,,,,,,Sahand,
20378,live,Hi-Hat Stepping,https://admin.musora.com/admin#/content/drumeo/20378,https://www.musora.com/drumeo/live-streams/646-hi-hat-stepping/20378,2014-02-05,Independence,,,,,,,,,,Sahand,
20378,live,Hi-Hat Stepping,https://admin.musora.com/admin#/content/drumeo/20378,https://www.musora.com/drumeo/live-streams/646-hi-hat-stepping/20378,2014-02-05,Independence,,,,,,,,,,Sahand,
20380,live,How To Use Drumeo,https://admin.musora.com/admin#/content/drumeo/20380,https://www.musora.com/drumeo/live-streams/647-how-to-use-drumeo-edge/20380,2014-02-08,All,,,,,,,,Practice Tips,Other,Sahand,
20380,live,How To Use Drumeo,https://admin.musora.com/admin#/content/drumeo/20380,https://www.musora.com/drumeo/live-streams/647-how-to-use-drumeo-edge/20380,2014-02-08,All,,,,,,,,,,Sahand,
203856,live,"Becoming A Musician, Not Just A Drummer",https://admin.musora.com/admin#/content/drumeo/203856,https://www.musora.com/drumeo/live-streams/becoming-a-musician-not-just-a-drummer/203856,2018-05-21,Musicality,,,,,,,,,Practice Tips,Sahand,
20386,live,Breaking Down 4-Over-3,https://admin.musora.com/admin#/content/drumeo/20386,https://www.musora.com/drumeo/live-streams/649-breaking-down-4-over-3/20386,2014-02-09,Beats,,,,Time Signatures,,Grooves,Fills & Chops,,,Sahand,
20386,live,Breaking Down 4-Over-3,https://admin.musora.com/admin#/content/drumeo/20386,https://www.musora.com/drumeo/live-streams/649-breaking-down-4-over-3/20386,2014-02-09,Beats,,,,,,,,,,Sahand,
20386,live,Breaking Down 4-Over-3,https://admin.musora.com/admin#/content/drumeo/20386,https://www.musora.com/drumeo/live-streams/649-breaking-down-4-over-3/20386,2014-02-09,Fills,,,,,,,,,,Sahand,
20386,live,Breaking Down 4-Over-3,https://admin.musora.com/admin#/content/drumeo/20386,https://www.musora.com/drumeo/live-streams/649-breaking-down-4-over-3/20386,2014-02-09,Fills,,,,,,,,,,Sahand,
20386,live,Breaking Down 4-Over-3,https://admin.musora.com/admin#/content/drumeo/20386,https://www.musora.com/drumeo/live-streams/649-breaking-down-4-over-3/20386,2014-02-09,Theory,,,,,,,,,,Sahand,
20386,live,Breaking Down 4-Over-3,https://admin.musora.com/admin#/content/drumeo/20386,https://www.musora.com/drumeo/live-streams/649-breaking-down-4-over-3/20386,2014-02-09,Theory,,,,,,,,,,Sahand,
203864,live,The 5 Building Blocks Of Extreme Metal,https://admin.musora.com/admin#/content/drumeo/203864,https://www.musora.com/drumeo/live-streams/the-5-building-blocks-of-extreme-metal/203864,2018-05-25,Beats,Hard Rock/Metal,,,,,Grooves,Fills & Chops,,,Sahand,
203864,live,The 5 Building Blocks Of Extreme Metal,https://admin.musora.com/admin#/content/drumeo/203864,https://www.musora.com/drumeo/live-streams/the-5-building-blocks-of-extreme-metal/203864,2018-05-25,Fills,,,,,,,,,,Sahand,
203864,live,The 5 Building Blocks Of Extreme Metal,https://admin.musora.com/admin#/content/drumeo/203864,https://www.musora.com/drumeo/live-streams/the-5-building-blocks-of-extreme-metal/203864,2018-05-25,Styles,,,,,,,,,,Sahand,
203866,live,17/Sick-steen Grooves,https://admin.musora.com/admin#/content/drumeo/203866,https://www.musora.com/drumeo/live-streams/17sick-steen-grooves/203866,2018-05-27,Beats,,,,,,Grooves,,,,Sahand,
203866,live,17/Sick-steen Grooves,https://admin.musora.com/admin#/content/drumeo/203866,https://www.musora.com/drumeo/live-streams/17sick-steen-grooves/203866,2018-05-27,Beats,,,,,,,,,,Sahand,
203868,live,Great Hands For Groove Essentials,https://admin.musora.com/admin#/content/drumeo/203868,https://www.musora.com/drumeo/live-streams/great-hands-for-groove-essentials/203868,2018-05-28,Styles,,Hand Technique,,,,Grooves,,,,Sahand,
203868,live,Great Hands For Groove Essentials,https://admin.musora.com/admin#/content/drumeo/203868,https://www.musora.com/drumeo/live-streams/great-hands-for-groove-essentials/203868,2018-05-28,Technique,,,,,,,,,,Sahand,
203874,live,Groove Tricks - Displacement #1,https://admin.musora.com/admin#/content/drumeo/203874,https://www.musora.com/drumeo/live-streams/groove-tricks-displacement-sharp1/203874,2018-06-03,Beats,,,,,,Grooves,,,,Sahand,
20477,live,5 Must-Know Drum Licks,https://admin.musora.com/admin#/content/drumeo/20477,https://www.musora.com/drumeo/live-streams/650-5-must-know-drum-licks/20477,2014-02-10,Fills,,,,,,Fills & Chops,,,,Sahand,
20485,live,The Bossa Nova,https://admin.musora.com/admin#/content/drumeo/20485,https://www.musora.com/drumeo/live-streams/653-the-bossa-nova/20485,2014-02-13,Beats,Latin/World,,,,,Grooves,,,,Sahand,
20485,live,The Bossa Nova,https://admin.musora.com/admin#/content/drumeo/20485,https://www.musora.com/drumeo/live-streams/653-the-bossa-nova/20485,2014-02-13,Styles,,,,,,,,,,Sahand,
20491,live,Edgar's Foot Technique #2,https://admin.musora.com/admin#/content/drumeo/20491,https://www.musora.com/drumeo/live-streams/656-edgars-foot-technique-2/20491,2014-02-16,Beats,,Foot Technique,,,,Grooves,Fills & Chops,,,Sahand,
20491,live,Edgar's Foot Technique #2,https://admin.musora.com/admin#/content/drumeo/20491,https://www.musora.com/drumeo/live-streams/656-edgars-foot-technique-2/20491,2014-02-16,Fills,,,,,,,,,,Sahand,
20491,live,Edgar's Foot Technique #2,https://admin.musora.com/admin#/content/drumeo/20491,https://www.musora.com/drumeo/live-streams/656-edgars-foot-technique-2/20491,2014-02-16,Technique,,,,,,,,,,Sahand,
20527,live,Broken Hi-Hat Grooves #1,https://admin.musora.com/admin#/content/drumeo/20527,https://www.musora.com/drumeo/live-streams/657-broken-hi-hat-grooves-1/20527,2014-02-17,Beats,,,,,,Grooves,Independence,,,Sahand,
20527,live,Broken Hi-Hat Grooves #1,https://admin.musora.com/admin#/content/drumeo/20527,https://www.musora.com/drumeo/live-streams/657-broken-hi-hat-grooves-1/20527,2014-02-17,Independence,,,,,,,,,,Sahand,
20531,live,Broken Hi-Hat Grooves #2,https://admin.musora.com/admin#/content/drumeo/20531,https://www.musora.com/drumeo/live-streams/658-broken-hi-hat-grooves-2/20531,2014-02-18,Beats,,,,,,Grooves,Independence,,,Sahand,
20531,live,Broken Hi-Hat Grooves #2,https://admin.musora.com/admin#/content/drumeo/20531,https://www.musora.com/drumeo/live-streams/658-broken-hi-hat-grooves-2/20531,2014-02-18,Beats,,,,,,,,,,Sahand,
20531,live,Broken Hi-Hat Grooves #2,https://admin.musora.com/admin#/content/drumeo/20531,https://www.musora.com/drumeo/live-streams/658-broken-hi-hat-grooves-2/20531,2014-02-18,Independence,,,,,,,,,,Sahand,
20531,live,Broken Hi-Hat Grooves #2,https://admin.musora.com/admin#/content/drumeo/20531,https://www.musora.com/drumeo/live-streams/658-broken-hi-hat-grooves-2/20531,2014-02-18,Independence,,,,,,,,,,Sahand,
20533,live,Rudiment Burn - Inverted Flam Tap,https://admin.musora.com/admin#/content/drumeo/20533,https://www.musora.com/drumeo/live-streams/659-rudiment-burn-inverted-flam-tap/20533,2014-02-19,Rudiments,,Rudiments,,,,,,,,Sahand,
20535,live,Decades Of Drumming - The '90s,https://admin.musora.com/admin#/content/drumeo/20535,https://www.musora.com/drumeo/live-streams/660-decades-of-drumming-the-90s/20535,2014-02-20,Beats,,,,,,Grooves,Fills & Chops,,,Sahand,
20535,live,Decades Of Drumming - The '90s,https://admin.musora.com/admin#/content/drumeo/20535,https://www.musora.com/drumeo/live-streams/660-decades-of-drumming-the-90s/20535,2014-02-20,Beats,,,,,,,,,,Sahand,
20535,live,Decades Of Drumming - The '90s,https://admin.musora.com/admin#/content/drumeo/20535,https://www.musora.com/drumeo/live-streams/660-decades-of-drumming-the-90s/20535,2014-02-20,Styles,,,,,,,,,,Sahand,
20535,live,Decades Of Drumming - The '90s,https://admin.musora.com/admin#/content/drumeo/20535,https://www.musora.com/drumeo/live-streams/660-decades-of-drumming-the-90s/20535,2014-02-20,Styles,,,,,,,,,,Sahand,
20541,live,Breaking Down 3-Over-4,https://admin.musora.com/admin#/content/drumeo/20541,https://www.musora.com/drumeo/live-streams/662-breaking-down-3-over-4/20541,2014-02-23,Beats,,,,Time Signatures,,Grooves,Fills & Chops,,,Sahand,
20541,live,Breaking Down 3-Over-4,https://admin.musora.com/admin#/content/drumeo/20541,https://www.musora.com/drumeo/live-streams/662-breaking-down-3-over-4/20541,2014-02-23,Beats,,,,,,,,,,Sahand,
20541,live,Breaking Down 3-Over-4,https://admin.musora.com/admin#/content/drumeo/20541,https://www.musora.com/drumeo/live-streams/662-breaking-down-3-over-4/20541,2014-02-23,Fills,,,,,,,,,,Sahand,
20541,live,Breaking Down 3-Over-4,https://admin.musora.com/admin#/content/drumeo/20541,https://www.musora.com/drumeo/live-streams/662-breaking-down-3-over-4/20541,2014-02-23,Fills,,,,,,,,,,Sahand,
20541,live,Breaking Down 3-Over-4,https://admin.musora.com/admin#/content/drumeo/20541,https://www.musora.com/drumeo/live-streams/662-breaking-down-3-over-4/20541,2014-02-23,Theory,,,,,,,,,,Sahand,
20541,live,Breaking Down 3-Over-4,https://admin.musora.com/admin#/content/drumeo/20541,https://www.musora.com/drumeo/live-streams/662-breaking-down-3-over-4/20541,2014-02-23,Theory,,,,,,,,,,Sahand,
20643,live,How To Sing While Drumming,https://admin.musora.com/admin#/content/drumeo/20643,https://www.musora.com/drumeo/live-streams/663-how-to-sing-while-drumming/20643,2014-02-24,Beats,,,,,,Grooves,,,Gigging Tips & Gear,Sahand,
20643,live,How To Sing While Drumming,https://admin.musora.com/admin#/content/drumeo/20643,https://www.musora.com/drumeo/live-streams/663-how-to-sing-while-drumming/20643,2014-02-24,Beats,,,,,,,,,,Sahand,
20643,live,How To Sing While Drumming,https://admin.musora.com/admin#/content/drumeo/20643,https://www.musora.com/drumeo/live-streams/663-how-to-sing-while-drumming/20643,2014-02-24,Fills,,,,,,,,,,Sahand,
20643,live,How To Sing While Drumming,https://admin.musora.com/admin#/content/drumeo/20643,https://www.musora.com/drumeo/live-streams/663-how-to-sing-while-drumming/20643,2014-02-24,Fills,,,,,,,,,,Sahand,
20643,live,How To Sing While Drumming,https://admin.musora.com/admin#/content/drumeo/20643,https://www.musora.com/drumeo/live-streams/663-how-to-sing-while-drumming/20643,2014-02-24,Styles,,,,,,,,,,Sahand,
20643,live,How To Sing While Drumming,https://admin.musora.com/admin#/content/drumeo/20643,https://www.musora.com/drumeo/live-streams/663-how-to-sing-while-drumming/20643,2014-02-24,Styles,,,,,,,,,,Sahand,
20647,live,Note Value Pad Workout,https://admin.musora.com/admin#/content/drumeo/20647,https://www.musora.com/drumeo/live-streams/664-note-value-pad-workout/20647,2014-02-25,Rudiments,,Rudiments,,Notation,,,,,,Sahand,
206508,live,Mozambique In 3/4,https://admin.musora.com/admin#/content/drumeo/206508,https://www.musora.com/drumeo/live-streams/mozambique-in-34/206508,2018-06-07,Beats,Latin/World,,,Time Signatures,,Grooves,,,,Sahand,
206508,live,Mozambique In 3/4,https://admin.musora.com/admin#/content/drumeo/206508,https://www.musora.com/drumeo/live-streams/mozambique-in-34/206508,2018-06-07,Beats,,,,,,,,,,Sahand,
20651,live,Bossa Nova Exercises,https://admin.musora.com/admin#/content/drumeo/20651,https://www.musora.com/drumeo/live-streams/666-bossa-nova-exercises/20651,2014-02-27,Beats,Latin/World,,,,,Grooves,Fills & Chops,,,Sahand,
20651,live,Bossa Nova Exercises,https://admin.musora.com/admin#/content/drumeo/20651,https://www.musora.com/drumeo/live-streams/666-bossa-nova-exercises/20651,2014-02-27,Beats,,,,,,,,,,Sahand,
20651,live,Bossa Nova Exercises,https://admin.musora.com/admin#/content/drumeo/20651,https://www.musora.com/drumeo/live-streams/666-bossa-nova-exercises/20651,2014-02-27,Fills,,,,,,,,,,Sahand,
20651,live,Bossa Nova Exercises,https://admin.musora.com/admin#/content/drumeo/20651,https://www.musora.com/drumeo/live-streams/666-bossa-nova-exercises/20651,2014-02-27,Fills,,,,,,,,,,Sahand,
20651,live,Bossa Nova Exercises,https://admin.musora.com/admin#/content/drumeo/20651,https://www.musora.com/drumeo/live-streams/666-bossa-nova-exercises/20651,2014-02-27,Styles,,,,,,,,,,Sahand,
20651,live,Bossa Nova Exercises,https://admin.musora.com/admin#/content/drumeo/20651,https://www.musora.com/drumeo/live-streams/666-bossa-nova-exercises/20651,2014-02-27,Styles,,,,,,,,,,Sahand,
206510,live,Groove Tricks - Displacement #2,https://admin.musora.com/admin#/content/drumeo/206510,https://www.musora.com/drumeo/live-streams/groove-tricks-displacement-sharp2/206510,2018-06-10,Beats,,,,,,Grooves,,,,Sahand,
207127,live,Groove Tricks - Modulation #1,https://admin.musora.com/admin#/content/drumeo/207127,https://www.musora.com/drumeo/live-streams/groove-tricks-modulation-sharp1/207127,2018-06-17,Beats,,,,,,Grooves,,,,Sahand,
207127,live,Groove Tricks - Modulation #1,https://admin.musora.com/admin#/content/drumeo/207127,https://www.musora.com/drumeo/live-streams/groove-tricks-modulation-sharp1/207127,2018-06-17,Theory,,,,,,,,,,Sahand,
207132,live,Bossa Nova Basics,https://admin.musora.com/admin#/content/drumeo/207132,https://www.musora.com/drumeo/live-streams/bossa-nova-basics/207132,2018-07-13,Beats,Latin/World,,,,,Grooves,,,,Sahand,
207132,live,Bossa Nova Basics,https://admin.musora.com/admin#/content/drumeo/207132,https://www.musora.com/drumeo/live-streams/bossa-nova-basics/207132,2018-07-13,Styles,,,,,,,,,,Sahand,
207133,live,Groove Tricks - Modulation #2,https://admin.musora.com/admin#/content/drumeo/207133,https://www.musora.com/drumeo/live-streams/groove-tricks-modulation-sharp2/207133,2018-06-24,Beats,,,,,,Grooves,,,,Sahand,
207133,live,Groove Tricks - Modulation #2,https://admin.musora.com/admin#/content/drumeo/207133,https://www.musora.com/drumeo/live-streams/groove-tricks-modulation-sharp2/207133,2018-06-24,Theory,,,,,,,,,,Sahand,
207139,live,Improving Your Improv On The Drums,https://admin.musora.com/admin#/content/drumeo/207139,https://www.musora.com/drumeo/live-streams/improving-your-improv-on-the-drums/207139,2018-06-28,Ear Training,,,,Ear Training,,,,,,Sahand,
207139,live,Improving Your Improv On The Drums,https://admin.musora.com/admin#/content/drumeo/207139,https://www.musora.com/drumeo/live-streams/improving-your-improv-on-the-drums/207139,2018-06-28,Musicality,,,,,,,,,,Sahand,
20718,live,Breaking Down 4-Over-5,https://admin.musora.com/admin#/content/drumeo/20718,https://www.musora.com/drumeo/live-streams/668-breaking-down-4-over-5-2/20718,2014-03-02,Theory,,,,Time Signatures,,,,,,Sahand,
20718,live,Breaking Down 4-Over-5,https://admin.musora.com/admin#/content/drumeo/20718,https://www.musora.com/drumeo/live-streams/668-breaking-down-4-over-5-2/20718,2014-03-02,Theory,,,,,,,,,,Sahand,
20720,live,The Purpose Of Paradiddles,https://admin.musora.com/admin#/content/drumeo/20720,https://www.musora.com/drumeo/live-streams/669-the-purpose-of-paradiddles/20720,2014-03-03,Beats,,Rudiments,,,,Grooves,Fills & Chops,,,Sahand,
20720,live,The Purpose Of Paradiddles,https://admin.musora.com/admin#/content/drumeo/20720,https://www.musora.com/drumeo/live-streams/669-the-purpose-of-paradiddles/20720,2014-03-03,Fills,,,,,,,,,,Sahand,
20720,live,The Purpose Of Paradiddles,https://admin.musora.com/admin#/content/drumeo/20720,https://www.musora.com/drumeo/live-streams/669-the-purpose-of-paradiddles/20720,2014-03-03,Rudiments,,,,,,,,,,Sahand,
20764,live,Your 4th Drum Lesson,https://admin.musora.com/admin#/content/drumeo/20764,https://www.musora.com/drumeo/live-streams/671-your-4th-drum-lesson/20764,2014-03-04,All,,,,Notation,,Independence,,,,Sahand,
20781,live,Moving The Backbeat,https://admin.musora.com/admin#/content/drumeo/20781,https://www.musora.com/drumeo/live-streams/672-moving-the-backbeat/20781,2014-03-06,Beats,,,,,,Grooves,,,,Sahand,
20781,live,Moving The Backbeat,https://admin.musora.com/admin#/content/drumeo/20781,https://www.musora.com/drumeo/live-streams/672-moving-the-backbeat/20781,2014-03-06,Beats,,,,,,,,,,Sahand,
20781,live,Moving The Backbeat,https://admin.musora.com/admin#/content/drumeo/20781,https://www.musora.com/drumeo/live-streams/672-moving-the-backbeat/20781,2014-03-06,Musicality,,,,,,,,,,Sahand,
20781,live,Moving The Backbeat,https://admin.musora.com/admin#/content/drumeo/20781,https://www.musora.com/drumeo/live-streams/672-moving-the-backbeat/20781,2014-03-06,Musicality,,,,,,,,,,Sahand,
20792,live,Constant Release #1,https://admin.musora.com/admin#/content/drumeo/20792,https://www.musora.com/drumeo/live-streams/675-constant-release-1/20792,2014-03-09,Technique,,Foot Technique,,,,,,,,Sahand,
20804,live,The Slide Technique,https://admin.musora.com/admin#/content/drumeo/20804,https://www.musora.com/drumeo/live-streams/676-the-slide-technique/20804,2014-03-10,Technique,,Foot Technique,,,,,,,,Sahand,
20809,live,Your 5th Drum Lesson,https://admin.musora.com/admin#/content/drumeo/20809,https://www.musora.com/drumeo/live-streams/677-your-5th-drum-lesson/20809,2014-03-11,All,,,,Notation,,Grooves,,,,Sahand,
208182,live,Honoring The Legacy Of Vinnie Paul,https://admin.musora.com/admin#/content/drumeo/208182,https://www.musora.com/drumeo/live-streams/honoring-the-legacy-of-vinnie-paul/208182,2018-07-01,Beats,,,,,,Grooves,Fills & Chops,,,Sahand,
208188,live,Groove Glue #1 - Freeing Your Right Hand,https://admin.musora.com/admin#/content/drumeo/208188,https://www.musora.com/drumeo/live-streams/groove-glue-sharp1-freeing-your-right-hand/208188,2018-07-08,Beats,,Hand Technique,,,,Grooves,,,,Sahand,
208188,live,Groove Glue #1 - Freeing Your Right Hand,https://admin.musora.com/admin#/content/drumeo/208188,https://www.musora.com/drumeo/live-streams/groove-glue-sharp1-freeing-your-right-hand/208188,2018-07-08,Musicality,,,,,,,,,,Sahand,
208190,live,Accentualisation #1,https://admin.musora.com/admin#/content/drumeo/208190,https://www.musora.com/drumeo/live-streams/accentualisation-sharp1/208190,2018-07-11,Beats,,Hand Technique,Dynamics,,,Grooves,Fills & Chops,,,Sahand,
208190,live,Accentualisation #1,https://admin.musora.com/admin#/content/drumeo/208190,https://www.musora.com/drumeo/live-streams/accentualisation-sharp1/208190,2018-07-11,Beats,,,,,,,,,,Sahand,
208190,live,Accentualisation #1,https://admin.musora.com/admin#/content/drumeo/208190,https://www.musora.com/drumeo/live-streams/accentualisation-sharp1/208190,2018-07-11,Fills,,,,,,,,,,Sahand,
208190,live,Accentualisation #1,https://admin.musora.com/admin#/content/drumeo/208190,https://www.musora.com/drumeo/live-streams/accentualisation-sharp1/208190,2018-07-11,Fills,,,,,,,,,,Sahand,
208190,live,Accentualisation #1,https://admin.musora.com/admin#/content/drumeo/208190,https://www.musora.com/drumeo/live-streams/accentualisation-sharp1/208190,2018-07-11,Musicality,,,,,,,,,,Sahand,
208190,live,Accentualisation #1,https://admin.musora.com/admin#/content/drumeo/208190,https://www.musora.com/drumeo/live-streams/accentualisation-sharp1/208190,2018-07-11,Musicality,,,,,,,,,,Sahand,
208195,live,Groove Glue #2 - To Ride Or Not To Ride?,https://admin.musora.com/admin#/content/drumeo/208195,https://www.musora.com/drumeo/live-streams/groove-glue-sharp2-to-ride-or-not-to-ride/208195,2018-07-15,Beats,,,,,,Grooves,,,,Sahand,
208195,live,Groove Glue #2 - To Ride Or Not To Ride?,https://admin.musora.com/admin#/content/drumeo/208195,https://www.musora.com/drumeo/live-streams/groove-glue-sharp2-to-ride-or-not-to-ride/208195,2018-07-15,Beats,,,,,,,,,,Sahand,
208195,live,Groove Glue #2 - To Ride Or Not To Ride?,https://admin.musora.com/admin#/content/drumeo/208195,https://www.musora.com/drumeo/live-streams/groove-glue-sharp2-to-ride-or-not-to-ride/208195,2018-07-15,Musicality,,,,,,,,,,Sahand,
208195,live,Groove Glue #2 - To Ride Or Not To Ride?,https://admin.musora.com/admin#/content/drumeo/208195,https://www.musora.com/drumeo/live-streams/groove-glue-sharp2-to-ride-or-not-to-ride/208195,2018-07-15,Musicality,,,,,,,,,,Sahand,
20869,live,Single-Stroke-Seven Fills,https://admin.musora.com/admin#/content/drumeo/20869,https://www.musora.com/drumeo/live-streams/678-single-stroke-seven-fills/20869,2014-03-13,Fills,,Rudiments,,,,Fills & Chops,,,,Sahand,
20869,live,Single-Stroke-Seven Fills,https://admin.musora.com/admin#/content/drumeo/20869,https://www.musora.com/drumeo/live-streams/678-single-stroke-seven-fills/20869,2014-03-13,Fills,,,,,,,,,,Sahand,
20869,live,Single-Stroke-Seven Fills,https://admin.musora.com/admin#/content/drumeo/20869,https://www.musora.com/drumeo/live-streams/678-single-stroke-seven-fills/20869,2014-03-13,Musicality,,,,,,,,,,Sahand,
20869,live,Single-Stroke-Seven Fills,https://admin.musora.com/admin#/content/drumeo/20869,https://www.musora.com/drumeo/live-streams/678-single-stroke-seven-fills/20869,2014-03-13,Musicality,,,,,,,,,,Sahand,
20875,live,Constant Release #2,https://admin.musora.com/admin#/content/drumeo/20875,https://www.musora.com/drumeo/live-streams/681-constant-release-2/20875,2014-03-16,Technique,,Foot Technique,,,,,,,,Sahand,
20878,live,Developing Lead Hand Independence,https://admin.musora.com/admin#/content/drumeo/20878,https://www.musora.com/drumeo/live-streams/682-developing-lead-hand-independence/20878,2014-03-17,Independence,,Hand Technique,,,,Independence,,,,Sahand,
20878,live,Developing Lead Hand Independence,https://admin.musora.com/admin#/content/drumeo/20878,https://www.musora.com/drumeo/live-streams/682-developing-lead-hand-independence/20878,2014-03-17,Independence,,,,,,,,,,Sahand,
208838,live,Groove Glue #3 - Rights Of Expression,https://admin.musora.com/admin#/content/drumeo/208838,https://www.musora.com/drumeo/live-streams/groove-glue-sharp3-rights-of-expression/208838,2018-07-22,Beats,,,,,,Grooves,,,,Sahand,
208838,live,Groove Glue #3 - Rights Of Expression,https://admin.musora.com/admin#/content/drumeo/208838,https://www.musora.com/drumeo/live-streams/groove-glue-sharp3-rights-of-expression/208838,2018-07-22,Beats,,,,,,,,,,Sahand,
208838,live,Groove Glue #3 - Rights Of Expression,https://admin.musora.com/admin#/content/drumeo/208838,https://www.musora.com/drumeo/live-streams/groove-glue-sharp3-rights-of-expression/208838,2018-07-22,Musicality,,,,,,,,,,Sahand,
208838,live,Groove Glue #3 - Rights Of Expression,https://admin.musora.com/admin#/content/drumeo/208838,https://www.musora.com/drumeo/live-streams/groove-glue-sharp3-rights-of-expression/208838,2018-07-22,Musicality,,,,,,,,,,Sahand,
208839,live,How To Learn Drums As A Kid,https://admin.musora.com/admin#/content/drumeo/208839,https://www.musora.com/drumeo/live-streams/how-to-learn-drums-as-a-kid/208839,2018-07-23,All,,,,,,,,,Practice Tips,Sahand,
208839,live,How To Learn Drums As A Kid,https://admin.musora.com/admin#/content/drumeo/208839,https://www.musora.com/drumeo/live-streams/how-to-learn-drums-as-a-kid/208839,2018-07-23,All,,,,,,,,,,Sahand,
20936,live,Fill Placement,https://admin.musora.com/admin#/content/drumeo/20936,https://www.musora.com/drumeo/live-streams/683-fill-placement/20936,2014-03-18,Fills,,,,,,Fills & Chops,,,,Sahand,
20936,live,Fill Placement,https://admin.musora.com/admin#/content/drumeo/20936,https://www.musora.com/drumeo/live-streams/683-fill-placement/20936,2014-03-18,Fills,,,,,,,,,,Sahand,
20936,live,Fill Placement,https://admin.musora.com/admin#/content/drumeo/20936,https://www.musora.com/drumeo/live-streams/683-fill-placement/20936,2014-03-18,Musicality,,,,,,,,,,Sahand,
20936,live,Fill Placement,https://admin.musora.com/admin#/content/drumeo/20936,https://www.musora.com/drumeo/live-streams/683-fill-placement/20936,2014-03-18,Musicality,,,,,,,,,,Sahand,
20970,live,Rudiment Burn - Double Stroke Roll,https://admin.musora.com/admin#/content/drumeo/20970,https://www.musora.com/drumeo/live-streams/687-rudiment-burn-double-stroke-roll/20970,2014-03-23,Rudiments,,Rudiments,Hand Technique,,,,,,,Sahand,
20973,live,Drumming Discipline & Improvisation,https://admin.musora.com/admin#/content/drumeo/20973,https://www.musora.com/drumeo/live-streams/688-drumming-discipline-improvisation/20973,2014-03-24,All,,,,,,,,,Practice Tips,Sahand,
209778,live,Samba Batucada,https://admin.musora.com/admin#/content/drumeo/209778,https://www.musora.com/drumeo/live-streams/samba-batucada/209778,2018-08-03,Beats,Latin/World,,,,,Grooves,,,,Sahand,
209778,live,Samba Batucada,https://admin.musora.com/admin#/content/drumeo/209778,https://www.musora.com/drumeo/live-streams/samba-batucada/209778,2018-08-03,Beats,,,,,,,,,,Sahand,
209778,live,Samba Batucada,https://admin.musora.com/admin#/content/drumeo/209778,https://www.musora.com/drumeo/live-streams/samba-batucada/209778,2018-08-03,Styles,,,,,,,,,,Sahand,
209778,live,Samba Batucada,https://admin.musora.com/admin#/content/drumeo/209778,https://www.musora.com/drumeo/live-streams/samba-batucada/209778,2018-08-03,Styles,,,,,,,,,,Sahand,
209784,live,Accentualisation #2,https://admin.musora.com/admin#/content/drumeo/209784,https://www.musora.com/drumeo/live-streams/accentualisation-sharp2/209784,2018-08-08,Beats,,Hand Technique,Dynamics,,,Grooves,Fills & Chops,,,Sahand,
209784,live,Accentualisation #2,https://admin.musora.com/admin#/content/drumeo/209784,https://www.musora.com/drumeo/live-streams/accentualisation-sharp2/209784,2018-08-08,Beats,,,,,,,,,,Sahand,
209784,live,Accentualisation #2,https://admin.musora.com/admin#/content/drumeo/209784,https://www.musora.com/drumeo/live-streams/accentualisation-sharp2/209784,2018-08-08,Fills,,,,,,,,,,Sahand,
209784,live,Accentualisation #2,https://admin.musora.com/admin#/content/drumeo/209784,https://www.musora.com/drumeo/live-streams/accentualisation-sharp2/209784,2018-08-08,Fills,,,,,,,,,,Sahand,
209784,live,Accentualisation #2,https://admin.musora.com/admin#/content/drumeo/209784,https://www.musora.com/drumeo/live-streams/accentualisation-sharp2/209784,2018-08-08,Musicality,,,,,,,,,,Sahand,
209784,live,Accentualisation #2,https://admin.musora.com/admin#/content/drumeo/209784,https://www.musora.com/drumeo/live-streams/accentualisation-sharp2/209784,2018-08-08,Musicality,,,,,,,,,,Sahand,
209789,live,Groove Illusions,https://admin.musora.com/admin#/content/drumeo/209789,https://www.musora.com/drumeo/live-streams/groove-illusions/209789,2018-08-13,Beats,,,,Notation,Time Signatures,Grooves,,,,Sahand,
209789,live,Groove Illusions,https://admin.musora.com/admin#/content/drumeo/209789,https://www.musora.com/drumeo/live-streams/groove-illusions/209789,2018-08-13,Theory,,,,,,,,,,Sahand,
21044,live,Mirror Your Hands,https://admin.musora.com/admin#/content/drumeo/21044,https://www.musora.com/drumeo/live-streams/689-mirror-your-hands/21044,2014-03-26,Technique,,Hand Technique,Rudiments,Notation,,,,,,Sahand,
21044,live,Mirror Your Hands,https://admin.musora.com/admin#/content/drumeo/21044,https://www.musora.com/drumeo/live-streams/689-mirror-your-hands/21044,2014-03-26,Technique,,,,,,,,,,Sahand,
21051,live,Applying The Buzz Roll,https://admin.musora.com/admin#/content/drumeo/21051,https://www.musora.com/drumeo/live-streams/690-applying-the-buzz-roll/21051,2014-03-27,Musicality,,Rudiments,Hand Technique,,,,,,,Sahand,
21051,live,Applying The Buzz Roll,https://admin.musora.com/admin#/content/drumeo/21051,https://www.musora.com/drumeo/live-streams/690-applying-the-buzz-roll/21051,2014-03-27,Musicality,,,,,,,,,,Sahand,
21051,live,Applying The Buzz Roll,https://admin.musora.com/admin#/content/drumeo/21051,https://www.musora.com/drumeo/live-streams/690-applying-the-buzz-roll/21051,2014-03-27,Rudiments,,,,,,,,,,Sahand,
21051,live,Applying The Buzz Roll,https://admin.musora.com/admin#/content/drumeo/21051,https://www.musora.com/drumeo/live-streams/690-applying-the-buzz-roll/21051,2014-03-27,Rudiments,,,,,,,,,,Sahand,
21060,live,Applying Rudiments To The Drum Set,https://admin.musora.com/admin#/content/drumeo/21060,https://www.musora.com/drumeo/live-streams/693-applying-rudiments-to-the-drum-set/21060,2014-03-31,Beats,,Rudiments,,,,Grooves,Fills & Chops,,,Sahand,
21060,live,Applying Rudiments To The Drum Set,https://admin.musora.com/admin#/content/drumeo/21060,https://www.musora.com/drumeo/live-streams/693-applying-rudiments-to-the-drum-set/21060,2014-03-31,Fills,,,,,,,,,,Sahand,
21060,live,Applying Rudiments To The Drum Set,https://admin.musora.com/admin#/content/drumeo/21060,https://www.musora.com/drumeo/live-streams/693-applying-rudiments-to-the-drum-set/21060,2014-03-31,Rudiments,,,,,,,,,,Sahand,
21085,live,Your First Polyrhythm,https://admin.musora.com/admin#/content/drumeo/21085,https://www.musora.com/drumeo/live-streams/694-your-first-polyrhythm-1/21085,2014-04-01,Theory,,,,Time Signatures,,,,,,Sahand,
21095,live,Ghost Notes Within Fills,https://admin.musora.com/admin#/content/drumeo/21095,https://www.musora.com/drumeo/live-streams/696-ghost-notes-within-fills/21095,2014-04-03,Fills,,Dynamics,Hand Technique,,,Fills & Chops,,,,Sahand,
21095,live,Ghost Notes Within Fills,https://admin.musora.com/admin#/content/drumeo/21095,https://www.musora.com/drumeo/live-streams/696-ghost-notes-within-fills/21095,2014-04-03,Musicality,,,,,,,,,,Sahand,
211078,live,The Samba,https://admin.musora.com/admin#/content/drumeo/211078,https://www.musora.com/drumeo/live-streams/the-samba/211078,2018-08-24,Beats,Latin/World,,,,,Grooves,,,,Sahand,
211078,live,The Samba,https://admin.musora.com/admin#/content/drumeo/211078,https://www.musora.com/drumeo/live-streams/the-samba/211078,2018-08-24,Styles,,,,,,,,,,Sahand,
21113,live,Understanding Odd Time - 13/8,https://admin.musora.com/admin#/content/drumeo/21113,https://www.musora.com/drumeo/live-streams/698-understanding-odd-time-13-8/21113,2014-04-06,Beats,,,,Time Signatures,,Grooves,,,,Sahand,
21113,live,Understanding Odd Time - 13/8,https://admin.musora.com/admin#/content/drumeo/21113,https://www.musora.com/drumeo/live-streams/698-understanding-odd-time-13-8/21113,2014-04-06,Beats,,,,,,,,,,Sahand,
21113,live,Understanding Odd Time - 13/8,https://admin.musora.com/admin#/content/drumeo/21113,https://www.musora.com/drumeo/live-streams/698-understanding-odd-time-13-8/21113,2014-04-06,Theory,,,,,,,,,,Sahand,
21113,live,Understanding Odd Time - 13/8,https://admin.musora.com/admin#/content/drumeo/21113,https://www.musora.com/drumeo/live-streams/698-understanding-odd-time-13-8/21113,2014-04-06,Theory,,,,,,,,,,Sahand,
21115,live,Heavy Metal Drumming,https://admin.musora.com/admin#/content/drumeo/21115,https://www.musora.com/drumeo/live-streams/699-heavy-metal-drumming/21115,2014-04-07,Beats,Hard Rock/Metal,,,,,Grooves,Fills & Chops,,,Sahand,
21115,live,Heavy Metal Drumming,https://admin.musora.com/admin#/content/drumeo/21115,https://www.musora.com/drumeo/live-streams/699-heavy-metal-drumming/21115,2014-04-07,Fills,,,,,,,,,,Sahand,
211155,live,Samba Partido Alto,https://admin.musora.com/admin#/content/drumeo/211155,https://www.musora.com/drumeo/live-streams/samba-partido-alto/211155,2018-08-31,Beats,Latin/World,,,,,Grooves,,,,Sahand,
211155,live,Samba Partido Alto,https://admin.musora.com/admin#/content/drumeo/211155,https://www.musora.com/drumeo/live-streams/samba-partido-alto/211155,2018-08-31,Styles,,,,,,,,,,Sahand,
21121,live,Metal Odd-Time Phrases,https://admin.musora.com/admin#/content/drumeo/21121,https://www.musora.com/drumeo/live-streams/700-metal-odd-time-phrases/21121,2014-04-08,Beats,Hard Rock/Metal,,,Time Signatures,,,,,,Sahand,
21121,live,Metal Odd-Time Phrases,https://admin.musora.com/admin#/content/drumeo/21121,https://www.musora.com/drumeo/live-streams/700-metal-odd-time-phrases/21121,2014-04-08,Fills,,,,,,,,,,Sahand,
21121,live,Metal Odd-Time Phrases,https://admin.musora.com/admin#/content/drumeo/21121,https://www.musora.com/drumeo/live-streams/700-metal-odd-time-phrases/21121,2014-04-08,Musicality,,,,,,,,,,Sahand,
21155,live,Making Ordinary Beats Extraordinary #1,https://admin.musora.com/admin#/content/drumeo/21155,https://www.musora.com/drumeo/live-streams/704-making-ordinary-beats-extraordinary-1/21155,2014-04-13,Beats,,Dynamics,Hand Technique,,,Grooves,,,,Sahand,
21155,live,Making Ordinary Beats Extraordinary #1,https://admin.musora.com/admin#/content/drumeo/21155,https://www.musora.com/drumeo/live-streams/704-making-ordinary-beats-extraordinary-1/21155,2014-04-13,Beats,,,,,,,,,,Sahand,
21155,live,Making Ordinary Beats Extraordinary #1,https://admin.musora.com/admin#/content/drumeo/21155,https://www.musora.com/drumeo/live-streams/704-making-ordinary-beats-extraordinary-1/21155,2014-04-13,Musicality,,,,,,,,,,Sahand,
21155,live,Making Ordinary Beats Extraordinary #1,https://admin.musora.com/admin#/content/drumeo/21155,https://www.musora.com/drumeo/live-streams/704-making-ordinary-beats-extraordinary-1/21155,2014-04-13,Musicality,,,,,,,,,,Sahand,
21157,live,12-Bar Blues,https://admin.musora.com/admin#/content/drumeo/21157,https://www.musora.com/drumeo/live-streams/705-12-bar-blues/21157,2014-04-14,Ear Training,Jazz/Blues,,,Ear Training,,,,,,Sahand,
21157,live,12-Bar Blues,https://admin.musora.com/admin#/content/drumeo/21157,https://www.musora.com/drumeo/live-streams/705-12-bar-blues/21157,2014-04-14,Musicality,,,,,,,,,,Sahand,
21161,live,How To Build Creativity,https://admin.musora.com/admin#/content/drumeo/21161,https://www.musora.com/drumeo/live-streams/706-how-to-build-creativity/21161,2014-04-15,All,,,,,,,,,Practice Tips,Sahand,
21161,live,How To Build Creativity,https://admin.musora.com/admin#/content/drumeo/21161,https://www.musora.com/drumeo/live-streams/706-how-to-build-creativity/21161,2014-04-15,All,,,,,,,,,,Sahand,
21165,live,Stephen's Practice Tips,https://admin.musora.com/admin#/content/drumeo/21165,https://www.musora.com/drumeo/live-streams/708-stephens-practice-tips/21165,2014-04-17,All,,,,,,,,,Practice Tips,Sahand,
21165,live,Stephen's Practice Tips,https://admin.musora.com/admin#/content/drumeo/21165,https://www.musora.com/drumeo/live-streams/708-stephens-practice-tips/21165,2014-04-17,All,,,,,,,,,,Sahand,
21169,live,Making Ordinary Beats Extraordinary #2,https://admin.musora.com/admin#/content/drumeo/21169,https://www.musora.com/drumeo/live-streams/710-making-ordinary-beats-extraordinary-2/21169,2014-04-20,Beats,,Hand Technique,Dynamics,,,Grooves,,,,Sahand,
21169,live,Making Ordinary Beats Extraordinary #2,https://admin.musora.com/admin#/content/drumeo/21169,https://www.musora.com/drumeo/live-streams/710-making-ordinary-beats-extraordinary-2/21169,2014-04-20,Beats,,,,,,,,,,Sahand,
21169,live,Making Ordinary Beats Extraordinary #2,https://admin.musora.com/admin#/content/drumeo/21169,https://www.musora.com/drumeo/live-streams/710-making-ordinary-beats-extraordinary-2/21169,2014-04-20,Musicality,,,,,,,,,,Sahand,
21169,live,Making Ordinary Beats Extraordinary #2,https://admin.musora.com/admin#/content/drumeo/21169,https://www.musora.com/drumeo/live-streams/710-making-ordinary-beats-extraordinary-2/21169,2014-04-20,Musicality,,,,,,,,,,Sahand,
21171,live,Style Analysis - Stewart Copeland,https://admin.musora.com/admin#/content/drumeo/21171,https://www.musora.com/drumeo/live-streams/711-style-analysis-stewart-copeland/21171,2014-04-22,Beats,,,,,,Grooves,Fills & Chops,,,Sahand,
21171,live,Style Analysis - Stewart Copeland,https://admin.musora.com/admin#/content/drumeo/21171,https://www.musora.com/drumeo/live-streams/711-style-analysis-stewart-copeland/21171,2014-04-22,Fills,,,,,,,,,,Sahand,
21173,live,Rudiment Burn - Dragadiddle #1,https://admin.musora.com/admin#/content/drumeo/21173,https://www.musora.com/drumeo/live-streams/712-rudiment-burn-dragadiddle-1/21173,2014-04-23,Rudiments,,Rudiments,,,,,,,,Sahand,
21173,live,Rudiment Burn - Dragadiddle #1,https://admin.musora.com/admin#/content/drumeo/21173,https://www.musora.com/drumeo/live-streams/712-rudiment-burn-dragadiddle-1/21173,2014-04-23,Rudiments,,,,,,,,,,Luke,
21179,live,Making Ordinary Beats Extraordinary #3,https://admin.musora.com/admin#/content/drumeo/21179,https://www.musora.com/drumeo/live-streams/715-making-ordinary-beats-extraordinary-3/21179,2014-04-27,Beats,,,,Time Signatures,,Grooves,,,,Luke,
21179,live,Making Ordinary Beats Extraordinary #3,https://admin.musora.com/admin#/content/drumeo/21179,https://www.musora.com/drumeo/live-streams/715-making-ordinary-beats-extraordinary-3/21179,2014-04-27,Beats,,,,,,,,,,Luke,
21179,live,Making Ordinary Beats Extraordinary #3,https://admin.musora.com/admin#/content/drumeo/21179,https://www.musora.com/drumeo/live-streams/715-making-ordinary-beats-extraordinary-3/21179,2014-04-27,Musicality,,,,,,,,,,Luke,
21179,live,Making Ordinary Beats Extraordinary #3,https://admin.musora.com/admin#/content/drumeo/21179,https://www.musora.com/drumeo/live-streams/715-making-ordinary-beats-extraordinary-3/21179,2014-04-27,Musicality,,,,,,,,,,Luke,
212097,live,The Brazilian Baiao,https://admin.musora.com/admin#/content/drumeo/212097,https://www.musora.com/drumeo/live-streams/the-brazilian-baiao/212097,2018-09-07,Beats,Latin/World,,,,,Grooves,,,,Luke,
212097,live,The Brazilian Baiao,https://admin.musora.com/admin#/content/drumeo/212097,https://www.musora.com/drumeo/live-streams/the-brazilian-baiao/212097,2018-09-07,Styles,,,,,,,,,,Luke,
212104,live,The Brazilian Afoxe,https://admin.musora.com/admin#/content/drumeo/212104,https://www.musora.com/drumeo/live-streams/the-brazilian-afoxe/212104,2018-09-28,Beats,Latin/World,,,,,Grooves,,,,Luke,
212104,live,The Brazilian Afoxe,https://admin.musora.com/admin#/content/drumeo/212104,https://www.musora.com/drumeo/live-streams/the-brazilian-afoxe/212104,2018-09-28,Styles,,,,,,,,,,Luke,
212105,live,Maxixe & Maracatu Rhythms,https://admin.musora.com/admin#/content/drumeo/212105,https://www.musora.com/drumeo/live-streams/maxixe-maracatu-rhythms/212105,2018-09-21,Beats,Latin/World,,,,,Grooves,,,,Luke,
212105,live,Maxixe & Maracatu Rhythms,https://admin.musora.com/admin#/content/drumeo/212105,https://www.musora.com/drumeo/live-streams/maxixe-maracatu-rhythms/212105,2018-09-21,Beats,,,,,,,,,,Luke,
212105,live,Maxixe & Maracatu Rhythms,https://admin.musora.com/admin#/content/drumeo/212105,https://www.musora.com/drumeo/live-streams/maxixe-maracatu-rhythms/212105,2018-09-21,Styles,,,,,,,,,,Luke,
212105,live,Maxixe & Maracatu Rhythms,https://admin.musora.com/admin#/content/drumeo/212105,https://www.musora.com/drumeo/live-streams/maxixe-maracatu-rhythms/212105,2018-09-21,Styles,,,,,,,,,,Luke,
212106,live,Practical Techniques For The 21st Century Drummer,https://admin.musora.com/admin#/content/drumeo/212106,https://www.musora.com/drumeo/live-streams/practical-techniques-for-the-21st-century-drummer/212106,2018-09-15,Technique,,Hand Technique,,,,,,,,Luke,
212121,live,Accentualisation #3 - Let’s Funk It Up,https://admin.musora.com/admin#/content/drumeo/212121,https://www.musora.com/drumeo/live-streams/accentualisation-sharp3-lets-funk-it-up/212121,2018-09-19,Beats,Funk/Disco,Dynamics,,,,Grooves,Fills & Chops,,,Luke,
212121,live,Accentualisation #3 - Let’s Funk It Up,https://admin.musora.com/admin#/content/drumeo/212121,https://www.musora.com/drumeo/live-streams/accentualisation-sharp3-lets-funk-it-up/212121,2018-09-19,Beats,,,,,,,,,,Luke,
212121,live,Accentualisation #3 - Let’s Funk It Up,https://admin.musora.com/admin#/content/drumeo/212121,https://www.musora.com/drumeo/live-streams/accentualisation-sharp3-lets-funk-it-up/212121,2018-09-19,Fills,,,,,,,,,,Luke,
212121,live,Accentualisation #3 - Let’s Funk It Up,https://admin.musora.com/admin#/content/drumeo/212121,https://www.musora.com/drumeo/live-streams/accentualisation-sharp3-lets-funk-it-up/212121,2018-09-19,Fills,,,,,,,,,,Luke,
212121,live,Accentualisation #3 - Let’s Funk It Up,https://admin.musora.com/admin#/content/drumeo/212121,https://www.musora.com/drumeo/live-streams/accentualisation-sharp3-lets-funk-it-up/212121,2018-09-19,Musicality,,,,,,,,,,Luke,
212121,live,Accentualisation #3 - Let’s Funk It Up,https://admin.musora.com/admin#/content/drumeo/212121,https://www.musora.com/drumeo/live-streams/accentualisation-sharp3-lets-funk-it-up/212121,2018-09-19,Musicality,,,,,,,,,,Luke,
212124,live,Exploring Hip-Hop Grooves,https://admin.musora.com/admin#/content/drumeo/212124,https://www.musora.com/drumeo/live-streams/exploring-hip-hop-grooves/212124,2018-09-17,Beats,Hip-Hop/Rap/EDM,,,,,Grooves,,,,Luke,
212505,live,A Fun And Easy Approach To Drum Fills,https://admin.musora.com/admin#/content/drumeo/212505,https://www.musora.com/drumeo/live-streams/a-fun-and-easy-approach-to-drum-fills/212505,2018-10-16,Fills,,,,,,Fills & Chops,,,,Luke,
21261,live,Blues Grooves,https://admin.musora.com/admin#/content/drumeo/21261,https://www.musora.com/drumeo/live-streams/716-blues-grooves/21261,2014-04-28,Beats,Jazz/Blues,,,,,Grooves,Fills & Chops,,,Luke,
21261,live,Blues Grooves,https://admin.musora.com/admin#/content/drumeo/21261,https://www.musora.com/drumeo/live-streams/716-blues-grooves/21261,2014-04-28,Fills,,,,,,,,,,Luke,
21261,live,Blues Grooves,https://admin.musora.com/admin#/content/drumeo/21261,https://www.musora.com/drumeo/live-streams/716-blues-grooves/21261,2014-04-28,Musicality,,,,,,,,,,Luke,
21266,live,Speed Around The Kit,https://admin.musora.com/admin#/content/drumeo/21266,https://www.musora.com/drumeo/live-streams/718-speed-around-the-kit/21266,2014-04-30,Fills,,,,,,Fills & Chops,,,,Luke,
21266,live,Speed Around The Kit,https://admin.musora.com/admin#/content/drumeo/21266,https://www.musora.com/drumeo/live-streams/718-speed-around-the-kit/21266,2014-04-30,Technique,,,,,,Fills & Chops,,,,Luke,
21268,live,From Rock To Jazz,https://admin.musora.com/admin#/content/drumeo/21268,https://www.musora.com/drumeo/live-streams/719-from-rock-to-jazz/21268,2014-05-01,Beats,Pop/Rock,,,,,Grooves,Fills & Chops,,,Luke,
21268,live,From Rock To Jazz,https://admin.musora.com/admin#/content/drumeo/21268,https://www.musora.com/drumeo/live-streams/719-from-rock-to-jazz/21268,2014-05-01,Fills,,,,,,,,,,Luke,
21268,live,From Rock To Jazz,https://admin.musora.com/admin#/content/drumeo/21268,https://www.musora.com/drumeo/live-streams/719-from-rock-to-jazz/21268,2014-05-01,Musicality,,,,,,,,,,Luke,
21268,live,From Rock To Jazz,https://admin.musora.com/admin#/content/drumeo/21268,https://www.musora.com/drumeo/live-streams/719-from-rock-to-jazz/21268,2014-05-01,Styles,,,,,,,,,,Luke,
21270,live,Playing Brushes With All Styles Of Music,https://admin.musora.com/admin#/content/drumeo/21270,https://www.musora.com/drumeo/live-streams/720-playing-brushes-with-all-styles-of-music/21270,2014-05-02,All,,Hand Technique,,,,,,,,Luke,
21270,live,Playing Brushes With All Styles Of Music,https://admin.musora.com/admin#/content/drumeo/21270,https://www.musora.com/drumeo/live-streams/720-playing-brushes-with-all-styles-of-music/21270,2014-05-02,Musicality,,,,,,,,,,Luke,
21270,live,Playing Brushes With All Styles Of Music,https://admin.musora.com/admin#/content/drumeo/21270,https://www.musora.com/drumeo/live-streams/720-playing-brushes-with-all-styles-of-music/21270,2014-05-02,Styles,,,,,,,,,,Luke,
21270,live,Playing Brushes With All Styles Of Music,https://admin.musora.com/admin#/content/drumeo/21270,https://www.musora.com/drumeo/live-streams/720-playing-brushes-with-all-styles-of-music/21270,2014-05-02,Technique,,,,,,,,,,Luke,
21274,live,Paradiddles Around The Kit,https://admin.musora.com/admin#/content/drumeo/21274,https://www.musora.com/drumeo/live-streams/722-paradiddles-around-the-kit/21274,2014-05-04,Musicality,,Hand Technique,Rudiments,,,Grooves,Fills & Chops,,,Luke,
21274,live,Paradiddles Around The Kit,https://admin.musora.com/admin#/content/drumeo/21274,https://www.musora.com/drumeo/live-streams/722-paradiddles-around-the-kit/21274,2014-05-04,Musicality,,,,,,,,,,Luke,
21274,live,Paradiddles Around The Kit,https://admin.musora.com/admin#/content/drumeo/21274,https://www.musora.com/drumeo/live-streams/722-paradiddles-around-the-kit/21274,2014-05-04,Technique,,,,,,,,,,Luke,
21274,live,Paradiddles Around The Kit,https://admin.musora.com/admin#/content/drumeo/21274,https://www.musora.com/drumeo/live-streams/722-paradiddles-around-the-kit/21274,2014-05-04,Technique,,,,,,,,,,Luke,
21313,live,"Jump Up, Play Today's Drum 'n' Bass",https://admin.musora.com/admin#/content/drumeo/21313,https://www.musora.com/drumeo/live-streams/724-jump-up-play-todays-drum-n-bass/21313,2014-05-07,Beats,Hip-Hop/Rap/EDM,,,,,Grooves,Fills & Chops,,,Luke,
21313,live,"Jump Up, Play Today's Drum 'n' Bass",https://admin.musora.com/admin#/content/drumeo/21313,https://www.musora.com/drumeo/live-streams/724-jump-up-play-todays-drum-n-bass/21313,2014-05-07,Fills,,,,,,,,,,Luke,
21313,live,"Jump Up, Play Today's Drum 'n' Bass",https://admin.musora.com/admin#/content/drumeo/21313,https://www.musora.com/drumeo/live-streams/724-jump-up-play-todays-drum-n-bass/21313,2014-05-07,Styles,,,,,,,,,,Luke,
21317,live,Understanding Odd Time - 15/16,https://admin.musora.com/admin#/content/drumeo/21317,https://www.musora.com/drumeo/live-streams/726-understanding-odd-time-15-16/21317,2014-05-11,Beats,,,,Time Signatures,,Grooves,,,,Luke,
21317,live,Understanding Odd Time - 15/16,https://admin.musora.com/admin#/content/drumeo/21317,https://www.musora.com/drumeo/live-streams/726-understanding-odd-time-15-16/21317,2014-05-11,Theory,,,,,,,,,,Luke,
21346,live,Essential Reggae Beats,https://admin.musora.com/admin#/content/drumeo/21346,https://www.musora.com/drumeo/live-streams/727-essential-reggae-beats/21346,2014-05-12,Beats,Latin/World,,,,,Grooves,,,,Luke,
21346,live,Essential Reggae Beats,https://admin.musora.com/admin#/content/drumeo/21346,https://www.musora.com/drumeo/live-streams/727-essential-reggae-beats/21346,2014-05-12,Styles,,,,,,,,,,Luke,
21353,live,Rudiment Burn - Lesson 25,https://admin.musora.com/admin#/content/drumeo/21353,https://www.musora.com/drumeo/live-streams/729-rudiment-burn-lesson-25/21353,2014-05-14,Rudiments,,Rudiments,,,,,,,,Luke,
21353,live,Rudiment Burn - Lesson 25,https://admin.musora.com/admin#/content/drumeo/21353,https://www.musora.com/drumeo/live-streams/729-rudiment-burn-lesson-25/21353,2014-05-14,Rudiments,,,,,,,,,,Luke,
21408,live,Rudiment Burn - Single Drag Tap,https://admin.musora.com/admin#/content/drumeo/21408,https://www.musora.com/drumeo/live-streams/735-rudiment-burn-single-drag-tap/21408,2014-05-21,Rudiments,,Rudiments,,,,,,,,Luke,
214094,live,"How To Build A Better, Stronger, And Faster Single Kick",https://admin.musora.com/admin#/content/drumeo/214094,https://www.musora.com/drumeo/live-streams/how-to-build-a-better-stronger-and-faster-single-kick/214094,2018-10-08,Beats,,Foot Technique,,,,Independence,,,,Luke,
214094,live,"How To Build A Better, Stronger, And Faster Single Kick",https://admin.musora.com/admin#/content/drumeo/214094,https://www.musora.com/drumeo/live-streams/how-to-build-a-better-stronger-and-faster-single-kick/214094,2018-10-08,Technique,,,,,,,,,,Luke,
214095,live,Interview With Stan Bicknell,https://admin.musora.com/admin#/content/drumeo/214095,https://www.musora.com/drumeo/live-streams/interview-with-stan-bicknell/214095,2018-10-09,Edutainment,,,,,,,,Other,,Luke,
214095,live,Interview With Stan Bicknell,https://admin.musora.com/admin#/content/drumeo/214095,https://www.musora.com/drumeo/live-streams/interview-with-stan-bicknell/214095,2018-10-09,Edutainment,,,,,,,,,,Luke,
21410,live,Cross-Sticking Technique,https://admin.musora.com/admin#/content/drumeo/21410,https://www.musora.com/drumeo/live-streams/736-cross-sticking-technique/21410,2014-05-22,Technique,,Dynamics,,,,Grooves,Independence,,,Luke,
21437,live,Rudiment Burn - Dragadiddle #2,https://admin.musora.com/admin#/content/drumeo/21437,https://www.musora.com/drumeo/live-streams/738-rudiment-burn-dragadiddle-2/21437,2014-05-25,Rudiments,,Rudiments,,,,,,,,Luke,
21437,live,Rudiment Burn - Dragadiddle #2,https://admin.musora.com/admin#/content/drumeo/21437,https://www.musora.com/drumeo/live-streams/738-rudiment-burn-dragadiddle-2/21437,2014-05-25,Rudiments,,,,,,,,,,Luke,
21448,live,Decades Of Drumming - The 2000s,https://admin.musora.com/admin#/content/drumeo/21448,https://www.musora.com/drumeo/live-streams/739-decades-of-drumming-the-2000s/21448,2014-05-26,Beats,Pop/Rock,,,,,Grooves,Fills & Chops,,,Luke,
21448,live,Decades Of Drumming - The 2000s,https://admin.musora.com/admin#/content/drumeo/21448,https://www.musora.com/drumeo/live-streams/739-decades-of-drumming-the-2000s/21448,2014-05-26,Beats,,,,,,,,,,Luke,
21448,live,Decades Of Drumming - The 2000s,https://admin.musora.com/admin#/content/drumeo/21448,https://www.musora.com/drumeo/live-streams/739-decades-of-drumming-the-2000s/21448,2014-05-26,Fills,,,,,,,,,,Luke,
21448,live,Decades Of Drumming - The 2000s,https://admin.musora.com/admin#/content/drumeo/21448,https://www.musora.com/drumeo/live-streams/739-decades-of-drumming-the-2000s/21448,2014-05-26,Fills,,,,,,,,,,Luke,
21448,live,Decades Of Drumming - The 2000s,https://admin.musora.com/admin#/content/drumeo/21448,https://www.musora.com/drumeo/live-streams/739-decades-of-drumming-the-2000s/21448,2014-05-26,Styles,,,,,,,,,,Luke,
21448,live,Decades Of Drumming - The 2000s,https://admin.musora.com/admin#/content/drumeo/21448,https://www.musora.com/drumeo/live-streams/739-decades-of-drumming-the-2000s/21448,2014-05-26,Styles,,,,,,,,,,Luke,
21452,live,Adding Splashes To Your Grooves,https://admin.musora.com/admin#/content/drumeo/21452,https://www.musora.com/drumeo/live-streams/740-adding-splashes-to-your-grooves/21452,2014-05-27,Beats,,,,,,Grooves,,Gigging Tips & Gear,,Luke,
21452,live,Adding Splashes To Your Grooves,https://admin.musora.com/admin#/content/drumeo/21452,https://www.musora.com/drumeo/live-streams/740-adding-splashes-to-your-grooves/21452,2014-05-27,Fills,,,,,,,,,,Luke,
21452,live,Adding Splashes To Your Grooves,https://admin.musora.com/admin#/content/drumeo/21452,https://www.musora.com/drumeo/live-streams/740-adding-splashes-to-your-grooves/21452,2014-05-27,Musicality,,,,,,,,,,Luke,
21452,live,Adding Splashes To Your Grooves,https://admin.musora.com/admin#/content/drumeo/21452,https://www.musora.com/drumeo/live-streams/740-adding-splashes-to-your-grooves/21452,2014-05-27,Styles,,,,,,,,,,Luke,
21456,live,Adding Splashes To Your Fills,https://admin.musora.com/admin#/content/drumeo/21456,https://www.musora.com/drumeo/live-streams/741-adding-splashes-to-your-fills/21456,2014-05-28,Beats,,,,,,Fills & Chops,,Gigging Tips & Gear,,Luke,
21456,live,Adding Splashes To Your Fills,https://admin.musora.com/admin#/content/drumeo/21456,https://www.musora.com/drumeo/live-streams/741-adding-splashes-to-your-fills/21456,2014-05-28,Fills,,,,,,,,,,Luke,
21456,live,Adding Splashes To Your Fills,https://admin.musora.com/admin#/content/drumeo/21456,https://www.musora.com/drumeo/live-streams/741-adding-splashes-to-your-fills/21456,2014-05-28,Musicality,,,,,,,,,,Luke,
21456,live,Adding Splashes To Your Fills,https://admin.musora.com/admin#/content/drumeo/21456,https://www.musora.com/drumeo/live-streams/741-adding-splashes-to-your-fills/21456,2014-05-28,Styles,,,,,,,,,,Luke,
21458,live,The Waltz,https://admin.musora.com/admin#/content/drumeo/21458,https://www.musora.com/drumeo/live-streams/742-the-waltz/21458,2014-05-29,Beats,,,,Time Signatures,,Grooves,,,,Luke,
21462,live,Rudiment Burn - Pataflafla,https://admin.musora.com/admin#/content/drumeo/21462,https://www.musora.com/drumeo/live-streams/744-rudiment-burn-pataflafla/21462,2014-06-01,Rudiments,,Rudiments,,,,,,,,Luke,
21462,live,Rudiment Burn - Pataflafla,https://admin.musora.com/admin#/content/drumeo/21462,https://www.musora.com/drumeo/live-streams/744-rudiment-burn-pataflafla/21462,2014-06-01,Rudiments,,,,,,,,,,Luke,
214659,live,Progressive Steps To Creating Linear Grooves #1,https://admin.musora.com/admin#/content/drumeo/214659,https://www.musora.com/drumeo/live-streams/progressive-steps-to-creating-linear-grooves-sharp1/214659,2018-10-10,Beats,,,,,,Grooves,Fills & Chops,,,Luke,
21488,live,Musical Mileage,https://admin.musora.com/admin#/content/drumeo/21488,https://www.musora.com/drumeo/live-streams/745-musical-mileage/21488,2014-06-02,Beats,,,,,,Grooves,Making Music,Gigging Tips & Gear,Practice Tips,Luke,
21488,live,Musical Mileage,https://admin.musora.com/admin#/content/drumeo/21488,https://www.musora.com/drumeo/live-streams/745-musical-mileage/21488,2014-06-02,Fills,,,,,,,,,,Luke,
21488,live,Musical Mileage,https://admin.musora.com/admin#/content/drumeo/21488,https://www.musora.com/drumeo/live-streams/745-musical-mileage/21488,2014-06-02,Styles,,,,,,,,,,Luke,
21495,live,Independence On The Pad,https://admin.musora.com/admin#/content/drumeo/21495,https://www.musora.com/drumeo/live-streams/746-independence-on-the-pad-1/21495,2014-06-03,Independence,,Hand Technique,,,,Independence,,,,Luke,
21501,live,Style Analysis - Keith Carlock,https://admin.musora.com/admin#/content/drumeo/21501,https://www.musora.com/drumeo/live-streams/747-style-analysis-keith-carlock/21501,2014-06-04,Beats,,,,,,Grooves,Fills & Chops,,,Luke,
21501,live,Style Analysis - Keith Carlock,https://admin.musora.com/admin#/content/drumeo/21501,https://www.musora.com/drumeo/live-streams/747-style-analysis-keith-carlock/21501,2014-06-04,Beats,,,,,,,,,,Luke,
21501,live,Style Analysis - Keith Carlock,https://admin.musora.com/admin#/content/drumeo/21501,https://www.musora.com/drumeo/live-streams/747-style-analysis-keith-carlock/21501,2014-06-04,Fills,,,,,,,,,,Luke,
21501,live,Style Analysis - Keith Carlock,https://admin.musora.com/admin#/content/drumeo/21501,https://www.musora.com/drumeo/live-streams/747-style-analysis-keith-carlock/21501,2014-06-04,Fills,,,,,,,,,,Luke,
21503,live,Heavy Benny,https://admin.musora.com/admin#/content/drumeo/21503,https://www.musora.com/drumeo/live-streams/748-heavy-benny/21503,2014-06-05,Fills,,,,,,Double Bass,,Practice Tips,,Luke,
21507,live,Understanding Odd Time - 7/8,https://admin.musora.com/admin#/content/drumeo/21507,https://www.musora.com/drumeo/live-streams/750-understanding-odd-time-7-8/21507,2014-06-08,Beats,,,,Time Signatures,,Grooves,,,,Luke,
21507,live,Understanding Odd Time - 7/8,https://admin.musora.com/admin#/content/drumeo/21507,https://www.musora.com/drumeo/live-streams/750-understanding-odd-time-7-8/21507,2014-06-08,Beats,,,,,,,,,,Luke,
21507,live,Understanding Odd Time - 7/8,https://admin.musora.com/admin#/content/drumeo/21507,https://www.musora.com/drumeo/live-streams/750-understanding-odd-time-7-8/21507,2014-06-08,Theory,,,,,,,,,,Luke,
21507,live,Understanding Odd Time - 7/8,https://admin.musora.com/admin#/content/drumeo/21507,https://www.musora.com/drumeo/live-streams/750-understanding-odd-time-7-8/21507,2014-06-08,Theory,,,,,,,,,,Luke,
215079,live,Backbeat Fills,https://admin.musora.com/admin#/content/drumeo/215079,https://www.musora.com/drumeo/live-streams/backbeat-fills/215079,2018-11-06,Fills,,,,,,Fills & Chops,,,,Luke,
21555,live,How To Make Your Cheap Kit Sound Amazing,https://admin.musora.com/admin#/content/drumeo/21555,https://www.musora.com/drumeo/live-streams/751-how-to-make-your-cheap-drum-set-sound-amazing/21555,2014-06-09,Gear,,Setup & Tuning,,,,,,Gigging Tips & Gear,,Luke,
21565,live,4 Simple Tips For Better Groove,https://admin.musora.com/admin#/content/drumeo/21565,https://www.musora.com/drumeo/live-streams/752-4-simple-tips-for-better-groove/21565,2014-06-10,Beats,,Timing,,,,Grooves,,,,Luke,
21565,live,4 Simple Tips For Better Groove,https://admin.musora.com/admin#/content/drumeo/21565,https://www.musora.com/drumeo/live-streams/752-4-simple-tips-for-better-groove/21565,2014-06-10,Musicality,,,,,,,,,,Luke,
215678,live,Effective Triplets For Rock,https://admin.musora.com/admin#/content/drumeo/215678,https://www.musora.com/drumeo/live-streams/tba/215678,2018-12-04,Fills,Pop/Rock,,,,,Fills & Chops,,,,Luke,
215679,live,Interview With Brian Tichy,https://admin.musora.com/admin#/content/drumeo/215679,https://www.musora.com/drumeo/live-streams/interview-with-brian-tichy/215679,2018-12-05,Edutainment,,,,,,,,Other,,Luke,
21568,live,The Cruciality Of Trap (Beats),https://admin.musora.com/admin#/content/drumeo/21568,https://www.musora.com/drumeo/live-streams/753-the-cruciality-of-trap-beats/21568,2014-06-11,Beats,Hip-Hop/Rap/EDM,,,,,Grooves,,,,Luke,
21572,live,Upbeat Fun,https://admin.musora.com/admin#/content/drumeo/21572,https://www.musora.com/drumeo/live-streams/754-upbeat-fun/21572,2014-06-12,Beats,,,,,,Grooves,Independence,,,Luke,
21572,live,Upbeat Fun,https://admin.musora.com/admin#/content/drumeo/21572,https://www.musora.com/drumeo/live-streams/754-upbeat-fun/21572,2014-06-12,Beats,,,,,,,,,,Luke,
21598,live,Mike's Approach To Creativity,https://admin.musora.com/admin#/content/drumeo/21598,https://www.musora.com/drumeo/live-streams/757-mikes-approach-to-creativity/21598,2014-06-16,Musicality,,,,,,Grooves,Making Music,Gigging Tips & Gear,,Luke,
21598,live,Mike's Approach To Creativity,https://admin.musora.com/admin#/content/drumeo/21598,https://www.musora.com/drumeo/live-streams/757-mikes-approach-to-creativity/21598,2014-06-16,Musicality,,,,,,,,,,Luke,
21610,live,Full Time To Half Time,https://admin.musora.com/admin#/content/drumeo/21610,https://www.musora.com/drumeo/live-streams/758-full-time-to-half-time/21610,2014-06-17,Beats,,Timing,,,,Grooves,,,,Luke,
21613,live,Polyrhythmic Fills,https://admin.musora.com/admin#/content/drumeo/21613,https://www.musora.com/drumeo/live-streams/759-polyrhythmic-fills/21613,2014-06-18,Fills,,,,Time Signatures,,Fills & Chops,,,,Luke,
21613,live,Polyrhythmic Fills,https://admin.musora.com/admin#/content/drumeo/21613,https://www.musora.com/drumeo/live-streams/759-polyrhythmic-fills/21613,2014-06-18,Fills,,,,,,,,,,Luke,
21615,live,Let's Practice - Single Stroke Roll,https://admin.musora.com/admin#/content/drumeo/21615,https://www.musora.com/drumeo/live-streams/760-lets-practice-single-stroke-roll/21615,2014-06-19,Rudiments,,Rudiments,,,,,,,,Luke,
21619,live,Beginner Hip-Hop Grooves,https://admin.musora.com/admin#/content/drumeo/21619,https://www.musora.com/drumeo/live-streams/762-beginner-hip-hop-grooves/21619,2014-06-22,Beats,Hip-Hop/Rap/EDM,,,,,Grooves,,,,Luke,
21631,live,The ParaTriplet,https://admin.musora.com/admin#/content/drumeo/21631,https://www.musora.com/drumeo/live-streams/763-the-paratriplet/21631,2014-06-23,Rudiments,,Rudiments,,,,,,,,Luke,
21631,live,The ParaTriplet,https://admin.musora.com/admin#/content/drumeo/21631,https://www.musora.com/drumeo/live-streams/763-the-paratriplet/21631,2014-06-23,Rudiments,,,,,,,,,,Luke,
21636,live,Double-Bass Foot Assignment,https://admin.musora.com/admin#/content/drumeo/21636,https://www.musora.com/drumeo/live-streams/764-double-bass-foot-assignment/21636,2014-06-24,Beats,,,,,,Double Bass,Grooves,,,Luke,
21636,live,Double-Bass Foot Assignment,https://admin.musora.com/admin#/content/drumeo/21636,https://www.musora.com/drumeo/live-streams/764-double-bass-foot-assignment/21636,2014-06-24,Beats,,,,,,,,,,Luke,
21638,live,Unique Tom Grooves,https://admin.musora.com/admin#/content/drumeo/21638,https://www.musora.com/drumeo/live-streams/765-unique-tom-grooves/21638,2014-06-25,Beats,,,,,,Grooves,,,,Luke,
21640,live,Beginner Snare Permutation,https://admin.musora.com/admin#/content/drumeo/21640,https://www.musora.com/drumeo/live-streams/766-beginner-snare-permutation/21640,2014-06-26,Beats,,,,,,Grooves,Independence,,,Luke,
21640,live,Beginner Snare Permutation,https://admin.musora.com/admin#/content/drumeo/21640,https://www.musora.com/drumeo/live-streams/766-beginner-snare-permutation/21640,2014-06-26,Beats,,,,,,,,,,Luke,
21644,live,Intermediate Hip-Hop Grooves,https://admin.musora.com/admin#/content/drumeo/21644,https://www.musora.com/drumeo/live-streams/768-intermediate-hip-hop-grooves/21644,2014-06-29,Beats,Hip-Hop/Rap/EDM,,,,,Grooves,,,,Luke,
21644,live,Intermediate Hip-Hop Grooves,https://admin.musora.com/admin#/content/drumeo/21644,https://www.musora.com/drumeo/live-streams/768-intermediate-hip-hop-grooves/21644,2014-06-29,Beats,,,,,,,,,,Luke,
21644,live,Intermediate Hip-Hop Grooves,https://admin.musora.com/admin#/content/drumeo/21644,https://www.musora.com/drumeo/live-streams/768-intermediate-hip-hop-grooves/21644,2014-06-29,Styles,,,,,,,,,,Luke,
21644,live,Intermediate Hip-Hop Grooves,https://admin.musora.com/admin#/content/drumeo/21644,https://www.musora.com/drumeo/live-streams/768-intermediate-hip-hop-grooves/21644,2014-06-29,Styles,,,,,,,,,,Luke,
21691,live,Expressive Hats,https://admin.musora.com/admin#/content/drumeo/21691,https://www.musora.com/drumeo/live-streams/770-expressive-hats-1/21691,2014-07-02,Beats,,,,,,Grooves,Independence,,,Luke,
21691,live,Expressive Hats,https://admin.musora.com/admin#/content/drumeo/21691,https://www.musora.com/drumeo/live-streams/770-expressive-hats-1/21691,2014-07-02,Beats,,,,,,,,,,Luke,
21691,live,Expressive Hats,https://admin.musora.com/admin#/content/drumeo/21691,https://www.musora.com/drumeo/live-streams/770-expressive-hats-1/21691,2014-07-02,Musicality,,,,,,,,,,Luke,
21691,live,Expressive Hats,https://admin.musora.com/admin#/content/drumeo/21691,https://www.musora.com/drumeo/live-streams/770-expressive-hats-1/21691,2014-07-02,Musicality,,,,,,,,,,Luke,
21693,live,Intermediate Snare Permutation,https://admin.musora.com/admin#/content/drumeo/21693,https://www.musora.com/drumeo/live-streams/771-intermediate-snare-permutation/21693,2014-07-03,Beats,,,,,,Grooves,Independence,,,Luke,
21693,live,Intermediate Snare Permutation,https://admin.musora.com/admin#/content/drumeo/21693,https://www.musora.com/drumeo/live-streams/771-intermediate-snare-permutation/21693,2014-07-03,Beats,,,,,,,,,,Luke,
21698,live,Rhythmic Independence Within Latin Drumming,https://admin.musora.com/admin#/content/drumeo/21698,https://www.musora.com/drumeo/live-streams/773-rhythmic-independence-within-latin-drumming/21698,2014-07-06,Independence,Latin/World,,,,,Grooves,Independence,,,Luke,
21698,live,Rhythmic Independence Within Latin Drumming,https://admin.musora.com/admin#/content/drumeo/21698,https://www.musora.com/drumeo/live-streams/773-rhythmic-independence-within-latin-drumming/21698,2014-07-06,Styles,,,,,,,,,,Luke,
21737,live,Rocking Blues Grooves,https://admin.musora.com/admin#/content/drumeo/21737,https://www.musora.com/drumeo/live-streams/774-rocking-blues-grooves/21737,2014-07-08,Beats,Jazz/Blues,,,,,Grooves,,,,Luke,
21737,live,Rocking Blues Grooves,https://admin.musora.com/admin#/content/drumeo/21737,https://www.musora.com/drumeo/live-streams/774-rocking-blues-grooves/21737,2014-07-08,Styles,,,,,,,,,,Luke,
21739,live,Essential Ska Grooves,https://admin.musora.com/admin#/content/drumeo/21739,https://www.musora.com/drumeo/live-streams/775-essential-ska-grooves/21739,2014-07-08,Beats,Latin/World,,,,,Grooves,,,,Luke,
21739,live,Essential Ska Grooves,https://admin.musora.com/admin#/content/drumeo/21739,https://www.musora.com/drumeo/live-streams/775-essential-ska-grooves/21739,2014-07-08,Styles,,,,,,,,,,Luke,
21741,live,Essential Ska Fills,https://admin.musora.com/admin#/content/drumeo/21741,https://www.musora.com/drumeo/live-streams/776-essential-ska-fills/21741,2014-07-09,Fills,Latin/World,,,,,Fills & Chops,,,,Luke,
21741,live,Essential Ska Fills,https://admin.musora.com/admin#/content/drumeo/21741,https://www.musora.com/drumeo/live-streams/776-essential-ska-fills/21741,2014-07-09,Styles,,,,,,,,,,Luke,
21743,live,Advanced Hip-Hop Grooves,https://admin.musora.com/admin#/content/drumeo/21743,https://www.musora.com/drumeo/live-streams/777-advanced-hip-hop-grooves/21743,2014-07-10,Beats,Hip-Hop/Rap/EDM,,,,,Grooves,,,,Luke,
21743,live,Advanced Hip-Hop Grooves,https://admin.musora.com/admin#/content/drumeo/21743,https://www.musora.com/drumeo/live-streams/777-advanced-hip-hop-grooves/21743,2014-07-10,Beats,,,,,,,,,,Luke,
21743,live,Advanced Hip-Hop Grooves,https://admin.musora.com/admin#/content/drumeo/21743,https://www.musora.com/drumeo/live-streams/777-advanced-hip-hop-grooves/21743,2014-07-10,Styles,,,,,,,,,,Luke,
21743,live,Advanced Hip-Hop Grooves,https://admin.musora.com/admin#/content/drumeo/21743,https://www.musora.com/drumeo/live-streams/777-advanced-hip-hop-grooves/21743,2014-07-10,Styles,,,,,,,,,,Luke,
21747,live,Understanding Odd Time - 5/8,https://admin.musora.com/admin#/content/drumeo/21747,https://www.musora.com/drumeo/live-streams/779-understanding-odd-time-5-8/21747,2014-07-13,Beats,,,,Time Signatures,,Grooves,,,,Luke,
21747,live,Understanding Odd Time - 5/8,https://admin.musora.com/admin#/content/drumeo/21747,https://www.musora.com/drumeo/live-streams/779-understanding-odd-time-5-8/21747,2014-07-13,Beats,,,,,,,,,,Luke,
21747,live,Understanding Odd Time - 5/8,https://admin.musora.com/admin#/content/drumeo/21747,https://www.musora.com/drumeo/live-streams/779-understanding-odd-time-5-8/21747,2014-07-13,Theory,,,,,,,,,,Luke,
21747,live,Understanding Odd Time - 5/8,https://admin.musora.com/admin#/content/drumeo/21747,https://www.musora.com/drumeo/live-streams/779-understanding-odd-time-5-8/21747,2014-07-13,Theory,,,,,,,,,,Luke,
21765,live,Determining The Feel,https://admin.musora.com/admin#/content/drumeo/21765,https://www.musora.com/drumeo/live-streams/780-determining-the-feel/21765,2014-07-14,Ear Training,,,,Ear Training,,Grooves,,Gigging Tips & Gear,,Luke,
21765,live,Determining The Feel,https://admin.musora.com/admin#/content/drumeo/21765,https://www.musora.com/drumeo/live-streams/780-determining-the-feel/21765,2014-07-14,Ear Training,,,,,,,,,,Luke,
21769,live,Doubles Around The Kit,https://admin.musora.com/admin#/content/drumeo/21769,https://www.musora.com/drumeo/live-streams/781-doubles-around-the-kit/21769,2014-07-15,Rudiments,,Rudiments,,,,Fills & Chops,,,,Luke,
21769,live,Doubles Around The Kit,https://admin.musora.com/admin#/content/drumeo/21769,https://www.musora.com/drumeo/live-streams/781-doubles-around-the-kit/21769,2014-07-15,Rudiments,,,,,,,,,,Luke,
21771,live,Rudiment Burn - Single Ratamacue,https://admin.musora.com/admin#/content/drumeo/21771,https://www.musora.com/drumeo/live-streams/782-rudiment-burn-single-ratamacue/21771,2014-07-16,Rudiments,,Rudiments,,,,,,,,Luke,
21771,live,Rudiment Burn - Single Ratamacue,https://admin.musora.com/admin#/content/drumeo/21771,https://www.musora.com/drumeo/live-streams/782-rudiment-burn-single-ratamacue/21771,2014-07-16,Rudiments,,,,,,,,,,Luke,
21773,live,Advanced Snare Permutation,https://admin.musora.com/admin#/content/drumeo/21773,https://www.musora.com/drumeo/live-streams/783-advanced-snare-permutation/21773,2014-07-17,Beats,,,,,,Grooves,Independence,,,Luke,
21777,live,Setting Up A Large Kit,https://admin.musora.com/admin#/content/drumeo/21777,https://www.musora.com/drumeo/live-streams/785-setting-up-a-large-kit/21777,2014-07-20,Gear,,Setup & Tuning,,,,,,Gigging Tips & Gear,,Luke,
21777,live,Setting Up A Large Kit,https://admin.musora.com/admin#/content/drumeo/21777,https://www.musora.com/drumeo/live-streams/785-setting-up-a-large-kit/21777,2014-07-20,Gear,,,,,,,,,,Luke,
21812,live,Versatile Jazz Licks #1,https://admin.musora.com/admin#/content/drumeo/21812,https://www.musora.com/drumeo/live-streams/788-versatile-jazz-licks/21812,2014-07-23,Fills,Jazz/Blues,,,,,Fills & Chops,,,,Luke,
21812,live,Versatile Jazz Licks #1,https://admin.musora.com/admin#/content/drumeo/21812,https://www.musora.com/drumeo/live-streams/788-versatile-jazz-licks/21812,2014-07-23,Fills,,,,,,,,,,Luke,
21814,live,How To Solo,https://admin.musora.com/admin#/content/drumeo/21814,https://www.musora.com/drumeo/live-streams/789-how-to-solo/21814,2014-07-24,Musicality,,,,,,Independence,Making Music,Gigging Tips & Gear,,Luke,
21814,live,How To Solo,https://admin.musora.com/admin#/content/drumeo/21814,https://www.musora.com/drumeo/live-streams/789-how-to-solo/21814,2014-07-24,Musicality,,,,,,,,,,Luke,
21818,live,Rudiment Burn - 13 Stroke Roll,https://admin.musora.com/admin#/content/drumeo/21818,https://www.musora.com/drumeo/live-streams/791-rudiment-burn-13-stroke-roll/21818,2014-07-27,Rudiments,,Rudiments,,,,,,,,Luke,
21818,live,Rudiment Burn - 13 Stroke Roll,https://admin.musora.com/admin#/content/drumeo/21818,https://www.musora.com/drumeo/live-streams/791-rudiment-burn-13-stroke-roll/21818,2014-07-27,Rudiments,,,,,,,,,,Luke,
21838,live,Progressive Double-Bass Grooves,https://admin.musora.com/admin#/content/drumeo/21838,https://www.musora.com/drumeo/live-streams/792-progressive-double-bass-grooves/21838,2014-07-28,Beats,Hard Rock/Metal,,,,,Grooves,Double Bass,,,Luke,
21842,live,Double-Bass Triplets,https://admin.musora.com/admin#/content/drumeo/21842,https://www.musora.com/drumeo/live-streams/793-double-bass-triplets/21842,2014-07-29,Beats,,,,,,Double Bass,,,,Luke,
21842,live,Double-Bass Triplets,https://admin.musora.com/admin#/content/drumeo/21842,https://www.musora.com/drumeo/live-streams/793-double-bass-triplets/21842,2014-07-29,Beats,,,,,,,,,,Luke,
21844,live,Force On The Floor,https://admin.musora.com/admin#/content/drumeo/21844,https://www.musora.com/drumeo/live-streams/794-force-on-the-floor/21844,2014-07-30,Beats,,,,,,Grooves,,,,Luke,
21844,live,Force On The Floor,https://admin.musora.com/admin#/content/drumeo/21844,https://www.musora.com/drumeo/live-streams/794-force-on-the-floor/21844,2014-07-30,Beats,,,,,,,,,,Luke,
21852,live,Setting Up A Double-Bass Kit,https://admin.musora.com/admin#/content/drumeo/21852,https://www.musora.com/drumeo/live-streams/798-setting-up-a-double-bass-kit/21852,2014-08-03,Gear,,Setup & Tuning,,,,Double Bass,,Gigging Tips & Gear,,Luke,
21866,live,Creativity On A Small Kit,https://admin.musora.com/admin#/content/drumeo/21866,https://www.musora.com/drumeo/live-streams/799-creativity-on-a-small-kit/21866,2014-08-05,Musicality,,Setup & Tuning,,,,Making Music,,Gigging Tips & Gear,,Luke,
21866,live,Creativity On A Small Kit,https://admin.musora.com/admin#/content/drumeo/21866,https://www.musora.com/drumeo/live-streams/799-creativity-on-a-small-kit/21866,2014-08-05,Musicality,,,,,,,,,,Luke,
21868,live,The Cover Band Drummer,https://admin.musora.com/admin#/content/drumeo/21868,https://www.musora.com/drumeo/live-streams/800-the-cover-band-drummer/21868,2014-08-06,All,,,,,,,,Gigging Tips & Gear,Practice Tips,Luke,
21868,live,The Cover Band Drummer,https://admin.musora.com/admin#/content/drumeo/21868,https://www.musora.com/drumeo/live-streams/800-the-cover-band-drummer/21868,2014-08-06,All,,,,,,,,,,Luke,
21870,live,Decades Of Drumming Recap,https://admin.musora.com/admin#/content/drumeo/21870,https://www.musora.com/drumeo/live-streams/801-decades-of-drumming-recap/21870,2014-08-07,Beats,Pop/Rock,,,,,,,,,Luke,
21870,live,Decades Of Drumming Recap,https://admin.musora.com/admin#/content/drumeo/21870,https://www.musora.com/drumeo/live-streams/801-decades-of-drumming-recap/21870,2014-08-07,Beats,,,,,,,,,,Luke,
21872,live,Grooves That Work,https://admin.musora.com/admin#/content/drumeo/21872,https://www.musora.com/drumeo/live-streams/802-grooves-that-work/21872,2014-08-11,Beats,,,,Ear Training,,Grooves,Making Music,Gigging Tips & Gear,,Luke,
21876,live,Understanding Odd Time - 9/8,https://admin.musora.com/admin#/content/drumeo/21876,https://www.musora.com/drumeo/live-streams/803-understanding-odd-time-9-8/21876,2014-08-10,Beats,,,,Time Signatures,,Grooves,,,,Luke,
21876,live,Understanding Odd Time - 9/8,https://admin.musora.com/admin#/content/drumeo/21876,https://www.musora.com/drumeo/live-streams/803-understanding-odd-time-9-8/21876,2014-08-10,Theory,,,,,,,,,,Luke,
21903,live,Bossa Nova Variations,https://admin.musora.com/admin#/content/drumeo/21903,https://www.musora.com/drumeo/live-streams/804-bossa-nova-variations/21903,2014-08-11,Beats,Latin/World,,,,,Grooves,,,,Luke,
21907,live,How To Develop Your Shuffles,https://admin.musora.com/admin#/content/drumeo/21907,https://www.musora.com/drumeo/live-streams/805-how-to-develop-your-shuffles/21907,2014-08-12,Beats,,,,,,Grooves,,,,Luke,
21909,live,Polyrhythmic Double-Bass Grooves,https://admin.musora.com/admin#/content/drumeo/21909,https://www.musora.com/drumeo/live-streams/806-polyrhythmic-double-bass-grooves/21909,2014-08-13,Beats,,,,Time Signatures,,Grooves,Double Bass,,,Luke,
21909,live,Polyrhythmic Double-Bass Grooves,https://admin.musora.com/admin#/content/drumeo/21909,https://www.musora.com/drumeo/live-streams/806-polyrhythmic-double-bass-grooves/21909,2014-08-13,Beats,,,,,,,,,,Luke,
21911,live,Growing An Idea #1,https://admin.musora.com/admin#/content/drumeo/21911,https://www.musora.com/drumeo/live-streams/807-growing-an-idea-1/21911,2014-08-16,Musicality,,,,Ear Training,,Making Music,,Gigging Tips & Gear,Practice Tips,Luke,
21911,live,Growing An Idea #1,https://admin.musora.com/admin#/content/drumeo/21911,https://www.musora.com/drumeo/live-streams/807-growing-an-idea-1/21911,2014-08-16,Musicality,,,,,,,,,,Luke,
21913,live,Latin Ostinatos,https://admin.musora.com/admin#/content/drumeo/21913,https://www.musora.com/drumeo/live-streams/808-latin-ostinatos/21913,2014-08-15,Independence,Latin/World,,,,,Grooves,Independence,,,Luke,
21938,live,Mandatory Grooves - Rock,https://admin.musora.com/admin#/content/drumeo/21938,https://www.musora.com/drumeo/live-streams/810-mandatory-grooves/21938,2014-08-17,Beats,Pop/Rock,,,,,Grooves,,,,Luke,
21942,live,The Mozambique,https://admin.musora.com/admin#/content/drumeo/21942,https://www.musora.com/drumeo/live-streams/812-the-mozambique-1/21942,2014-08-19,Beats,Latin/World,,,,,Grooves,Independence,,,Luke,
21942,live,The Mozambique,https://admin.musora.com/admin#/content/drumeo/21942,https://www.musora.com/drumeo/live-streams/812-the-mozambique-1/21942,2014-08-19,Styles,,,,,,,,,,Luke,
21946,live,Better Watch Out - A Fill Story,https://admin.musora.com/admin#/content/drumeo/21946,https://www.musora.com/drumeo/live-streams/813-better-watch-out-a-fill-story/21946,2014-08-20,Fills,,,,,,Fills & Chops,Making Music,Gigging Tips & Gear,,Luke,
21946,live,Better Watch Out - A Fill Story,https://admin.musora.com/admin#/content/drumeo/21946,https://www.musora.com/drumeo/live-streams/813-better-watch-out-a-fill-story/21946,2014-08-20,Fills,,,,,,,,,,Luke,
21948,live,Growing An Idea #2,https://admin.musora.com/admin#/content/drumeo/21948,https://www.musora.com/drumeo/live-streams/814-growing-an-idea-2/21948,2014-08-21,Musicality,,,,Ear Training,,Making Music,,Gigging Tips & Gear,Practice Tips,Luke,
21948,live,Growing An Idea #2,https://admin.musora.com/admin#/content/drumeo/21948,https://www.musora.com/drumeo/live-streams/814-growing-an-idea-2/21948,2014-08-21,Musicality,,,,,,,,,,Luke,
21953,live,Mandatory Fills - Rock,https://admin.musora.com/admin#/content/drumeo/21953,https://www.musora.com,2014-08-24,Fills,Pop/Rock,,,,,Fills & Chops,,,,Luke,
21953,live,Mandatory Fills - Rock,https://admin.musora.com/admin#/content/drumeo/21953,https://www.musora.com,2014-08-24,Fills,,,,,,,,,,Luke,
220241,live,Freedom In Odd Time,https://admin.musora.com/admin#/content/drumeo/220241,https://www.musora.com/drumeo/live-streams/freedom-in-odd-time/220241,2019-02-19,Beats,,,,Time Signatures,,Independence,,,,Luke,
220241,live,Freedom In Odd Time,https://admin.musora.com/admin#/content/drumeo/220241,https://www.musora.com/drumeo/live-streams/freedom-in-odd-time/220241,2019-02-19,Theory,,,,,,,,,,Luke,
22030,live,Versatile Jazz Licks #2,https://admin.musora.com/admin#/content/drumeo/22030,https://www.musora.com/drumeo/live-streams/819-versatile-jazz-licks-2/22030,2014-08-27,Fills,Jazz/Blues,,,,,Fills & Chops,,,,Luke,
22030,live,Versatile Jazz Licks #2,https://admin.musora.com/admin#/content/drumeo/22030,https://www.musora.com/drumeo/live-streams/819-versatile-jazz-licks-2/22030,2014-08-27,Fills,,,,,,,,,,Luke,
22032,live,Soloing In Odd Time,https://admin.musora.com/admin#/content/drumeo/22032,https://www.musora.com/drumeo/live-streams/820-soloing-in-odd-time-1/22032,2014-08-28,Musicality,,,,Time Signatures,,Making Music,,,,Luke,
22032,live,Soloing In Odd Time,https://admin.musora.com/admin#/content/drumeo/22032,https://www.musora.com/drumeo/live-streams/820-soloing-in-odd-time-1/22032,2014-08-28,Musicality,,,,,,,,,,Luke,
22036,live,Benny Greb's Benniest Grooves,https://admin.musora.com/admin#/content/drumeo/22036,https://www.musora.com/drumeo/live-streams/822-benny-grebs-benniest-grooves/22036,2014-08-31,Beats,,,,,,Grooves,,,,Luke,
22047,live,David Bowie Grooves,https://admin.musora.com/admin#/content/drumeo/22047,https://www.musora.com/drumeo/live-streams/823-david-bowie-grooves/22047,2014-09-02,Beats,Pop/Rock,,,,,Grooves,,,,Luke,
22047,live,David Bowie Grooves,https://admin.musora.com/admin#/content/drumeo/22047,https://www.musora.com/drumeo/live-streams/823-david-bowie-grooves/22047,2014-09-02,Beats,,,,,,,,,,Luke,
22054,live,Rudiment Burn - Flam Accent,https://admin.musora.com/admin#/content/drumeo/22054,https://www.musora.com/drumeo/live-streams/824-rudiment-burn-flam-accent/22054,2014-09-03,Rudiments,,Rudiments,,,,,,,,Luke,
22054,live,Rudiment Burn - Flam Accent,https://admin.musora.com/admin#/content/drumeo/22054,https://www.musora.com/drumeo/live-streams/824-rudiment-burn-flam-accent/22054,2014-09-03,Rudiments,,,,,,,,,,Luke,
22058,live,Bass Loops & Click Trainers,https://admin.musora.com/admin#/content/drumeo/22058,https://www.musora.com/drumeo/live-streams/825-bass-loops-and-click-trainers/22058,2014-09-04,Musicality,,,,Ear Training,,Grooves,Making Music,Gigging Tips & Gear,,Luke,
22058,live,Bass Loops & Click Trainers,https://admin.musora.com/admin#/content/drumeo/22058,https://www.musora.com/drumeo/live-streams/825-bass-loops-and-click-trainers/22058,2014-09-04,Musicality,,,,,,,,,,Luke,
22074,live,16th Note Fill Construction,https://admin.musora.com/admin#/content/drumeo/22074,https://www.musora.com/drumeo/live-streams/826-16th-note-fill-construction/22074,2014-09-05,Fills,,,,,,Fills & Chops,,,,Luke,
22078,live,Applying The Buzz Roll,https://admin.musora.com/admin#/content/drumeo/22078,https://www.musora.com/drumeo/live-streams/828-applying-the-buzz-roll-2/22078,2014-09-07,Beats,,Rudiments,,,,Grooves,,,,Luke,
22078,live,Applying The Buzz Roll,https://admin.musora.com/admin#/content/drumeo/22078,https://www.musora.com/drumeo/live-streams/828-applying-the-buzz-roll-2/22078,2014-09-07,Rudiments,,,,,,,,,,Luke,
22085,live,The Cha Cha,https://admin.musora.com/admin#/content/drumeo/22085,https://www.musora.com/drumeo/live-streams/829-the-cha-cha/22085,2014-09-08,Beats,Latin/World,,,,,Grooves,Independence,,,Luke,
22085,live,The Cha Cha,https://admin.musora.com/admin#/content/drumeo/22085,https://www.musora.com/drumeo/live-streams/829-the-cha-cha/22085,2014-09-08,Beats,,,,,,,,,,Luke,
22085,live,The Cha Cha,https://admin.musora.com/admin#/content/drumeo/22085,https://www.musora.com/drumeo/live-streams/829-the-cha-cha/22085,2014-09-08,Styles,,,,,,,,,,Luke,
22085,live,The Cha Cha,https://admin.musora.com/admin#/content/drumeo/22085,https://www.musora.com/drumeo/live-streams/829-the-cha-cha/22085,2014-09-08,Styles,,,,,,,,,,Luke,
22099,live,Hand-To-Foot Singles,https://admin.musora.com/admin#/content/drumeo/22099,https://www.musora.com/drumeo/live-streams/831-hand-to-foot-singles/22099,2014-09-10,Fills,,Hand Technique,Foot Technique,,,Fills & Chops,Independence,,,Luke,
22099,live,Hand-To-Foot Singles,https://admin.musora.com/admin#/content/drumeo/22099,https://www.musora.com/drumeo/live-streams/831-hand-to-foot-singles/22099,2014-09-10,Fills,,,,,,,,,,Luke,
22099,live,Hand-To-Foot Singles,https://admin.musora.com/admin#/content/drumeo/22099,https://www.musora.com/drumeo/live-streams/831-hand-to-foot-singles/22099,2014-09-10,Independence,,,,,,,,,,Luke,
22099,live,Hand-To-Foot Singles,https://admin.musora.com/admin#/content/drumeo/22099,https://www.musora.com/drumeo/live-streams/831-hand-to-foot-singles/22099,2014-09-10,Independence,,,,,,,,,,Luke,
22105,live,Teaching Your Paradiddle New Tricks,https://admin.musora.com/admin#/content/drumeo/22105,https://www.musora.com/drumeo/live-streams/832-teaching-your-paradiddle-new-tricks/22105,2014-09-11,Fills,,Rudiments,,,,Fills & Chops,,,,Luke,
22105,live,Teaching Your Paradiddle New Tricks,https://admin.musora.com/admin#/content/drumeo/22105,https://www.musora.com/drumeo/live-streams/832-teaching-your-paradiddle-new-tricks/22105,2014-09-11,Fills,,,,,,,,,,Luke,
22105,live,Teaching Your Paradiddle New Tricks,https://admin.musora.com/admin#/content/drumeo/22105,https://www.musora.com/drumeo/live-streams/832-teaching-your-paradiddle-new-tricks/22105,2014-09-11,Rudiments,,,,,,,,,,Luke,
22105,live,Teaching Your Paradiddle New Tricks,https://admin.musora.com/admin#/content/drumeo/22105,https://www.musora.com/drumeo/live-streams/832-teaching-your-paradiddle-new-tricks/22105,2014-09-11,Rudiments,,,,,,,,,,Luke,
22109,live,Famous Drum Fills,https://admin.musora.com/admin#/content/drumeo/22109,https://www.musora.com/drumeo/live-streams/833-famous-drum-fills/22109,2014-09-15,Fills,Pop/Rock,,,,,Fills & Chops,,,,Luke,
22117,live,Jerry's Left-Hand Technique,https://admin.musora.com/admin#/content/drumeo/22117,https://www.musora.com/drumeo/live-streams/834-jerrys-left-hand-technique/22117,2014-09-16,Technique,,Hand Technique,,,,Independence,,,,Luke,
22117,live,Jerry's Left-Hand Technique,https://admin.musora.com/admin#/content/drumeo/22117,https://www.musora.com/drumeo/live-streams/834-jerrys-left-hand-technique/22117,2014-09-16,Technique,,,,,,,,,,Luke,
22120,live,Independence Practice-Along,https://admin.musora.com/admin#/content/drumeo/22120,https://www.musora.com/drumeo/live-streams/835-independence-practice-along/22120,2014-09-17,Beats,,,,,,Grooves,Independence,,,Luke,
22120,live,Independence Practice-Along,https://admin.musora.com/admin#/content/drumeo/22120,https://www.musora.com/drumeo/live-streams/835-independence-practice-along/22120,2014-09-17,Independence,,,,,,,,,,Luke,
22122,live,Practical Uses For The Left Foot #1,https://admin.musora.com/admin#/content/drumeo/22122,https://www.musora.com/drumeo/live-streams/836-practical-uses-for-the-left-foot-1/22122,2014-09-18,Beats,,Foot Technique,,,,Grooves,Independence,,,Luke,
22122,live,Practical Uses For The Left Foot #1,https://admin.musora.com/admin#/content/drumeo/22122,https://www.musora.com/drumeo/live-streams/836-practical-uses-for-the-left-foot-1/22122,2014-09-18,Independence,,,,,,,,,,Luke,
22135,live,Mandatory Grooves - Funk,https://admin.musora.com/admin#/content/drumeo/22135,https://www.musora.com/drumeo/live-streams/838-mandatory-grooves-funk/22135,2014-09-22,Beats,Funk/Disco,,,,,Grooves,,,,Luke,
22141,live,Basic Samba Grooves,https://admin.musora.com/admin#/content/drumeo/22141,https://www.musora.com/drumeo/live-streams/839-basic-samba-grooves/22141,2014-09-23,Beats,Latin/World,,,,,Grooves,Independence,,,Luke,
22141,live,Basic Samba Grooves,https://admin.musora.com/admin#/content/drumeo/22141,https://www.musora.com/drumeo/live-streams/839-basic-samba-grooves/22141,2014-09-23,Styles,,,,,,,,,,Luke,
22147,live,Advanced Samba Concepts,https://admin.musora.com/admin#/content/drumeo/22147,https://www.musora.com/drumeo/live-streams/840-advanced-samba-concepts-1/22147,2014-09-24,Beats,Latin/World,,,,,Grooves,Independence,,,Luke,
22147,live,Advanced Samba Concepts,https://admin.musora.com/admin#/content/drumeo/22147,https://www.musora.com/drumeo/live-streams/840-advanced-samba-concepts-1/22147,2014-09-24,Styles,,,,,,,,,,Luke,
22152,live,Mandatory Fills - Funk,https://admin.musora.com/admin#/content/drumeo/22152,https://www.musora.com,2014-09-27,Fills,Funk/Disco,,,,,Fills & Chops,,,,Luke,
22152,live,Mandatory Fills - Funk,https://admin.musora.com/admin#/content/drumeo/22152,https://www.musora.com,2014-09-27,Fills,,,,,,,,,,Luke,
22174,live,The Groove Builder & Hybrid Drumming,https://admin.musora.com/admin#/content/drumeo/22174,https://www.musora.com/drumeo/live-streams/846-the-groove-builder-hybrid-drumming/22174,2014-10-01,Beats,,Setup & Tuning,,,,Independence,Making Music,Gigging Tips & Gear,,Luke,
22174,live,The Groove Builder & Hybrid Drumming,https://admin.musora.com/admin#/content/drumeo/22174,https://www.musora.com/drumeo/live-streams/846-the-groove-builder-hybrid-drumming/22174,2014-10-01,Musicality,,,,,,,,,,Luke,
22178,live,Practical Uses For The Left Foot #2,https://admin.musora.com/admin#/content/drumeo/22178,https://www.musora.com/drumeo/live-streams/847-practical-uses-for-the-left-foot-2-2/22178,2014-10-02,Beats,,Foot Technique,,,,Grooves,,,,Luke,
22178,live,Practical Uses For The Left Foot #2,https://admin.musora.com/admin#/content/drumeo/22178,https://www.musora.com/drumeo/live-streams/847-practical-uses-for-the-left-foot-2-2/22178,2014-10-02,Beats,,,,,,,,,,Luke,
22178,live,Practical Uses For The Left Foot #2,https://admin.musora.com/admin#/content/drumeo/22178,https://www.musora.com/drumeo/live-streams/847-practical-uses-for-the-left-foot-2-2/22178,2014-10-02,Independence,,,,,,,,,,Luke,
22178,live,Practical Uses For The Left Foot #2,https://admin.musora.com/admin#/content/drumeo/22178,https://www.musora.com/drumeo/live-streams/847-practical-uses-for-the-left-foot-2-2/22178,2014-10-02,Independence,,,,,,,,,,Luke,
22180,live,Developing Musical Freedom On The Drums,https://admin.musora.com/admin#/content/drumeo/22180,https://www.musora.com/drumeo/live-streams/848-developing-musical-freedom-on-the-drums/22180,2014-10-03,Musicality,,,,Ear Training,,Making Music,,Gigging Tips & Gear,,Luke,
22193,live,Polyrhythmic Overriding - 3/16,https://admin.musora.com/admin#/content/drumeo/22193,https://www.musora.com/drumeo/live-streams/850-polyrhythmic-overriding-3-16/22193,2014-10-05,Beats,,,,Time Signatures,Ear Training,Grooves,,,,Luke,
22193,live,Polyrhythmic Overriding - 3/16,https://admin.musora.com/admin#/content/drumeo/22193,https://www.musora.com/drumeo/live-streams/850-polyrhythmic-overriding-3-16/22193,2014-10-05,Beats,,,,,,,,,,Luke,
22193,live,Polyrhythmic Overriding - 3/16,https://admin.musora.com/admin#/content/drumeo/22193,https://www.musora.com/drumeo/live-streams/850-polyrhythmic-overriding-3-16/22193,2014-10-05,Theory,,,,,,,,,,Luke,
22193,live,Polyrhythmic Overriding - 3/16,https://admin.musora.com/admin#/content/drumeo/22193,https://www.musora.com/drumeo/live-streams/850-polyrhythmic-overriding-3-16/22193,2014-10-05,Theory,,,,,,,,,,Luke,
22201,live,Style Analysis - Keith Moon,https://admin.musora.com/admin#/content/drumeo/22201,https://www.musora.com/drumeo/live-streams/851-style-analysis-keith-moon-2/22201,2014-10-06,Beats,Pop/Rock,,,,,Grooves,Fills & Chops,,,Luke,
22201,live,Style Analysis - Keith Moon,https://admin.musora.com/admin#/content/drumeo/22201,https://www.musora.com/drumeo/live-streams/851-style-analysis-keith-moon-2/22201,2014-10-06,Fills,,,,,,,,,,Luke,
22208,live,Rhythmic Tension Within Beats,https://admin.musora.com/admin#/content/drumeo/22208,https://www.musora.com/drumeo/live-streams/852-rhythmic-tension-within-beats/22208,2014-10-07,Beats,,Timing,,Ear Training,,Grooves,Making Music,,,Luke,
22208,live,Rhythmic Tension Within Beats,https://admin.musora.com/admin#/content/drumeo/22208,https://www.musora.com/drumeo/live-streams/852-rhythmic-tension-within-beats/22208,2014-10-07,Beats,,,,,,,,,,Luke,
22212,live,Rhythmic Tension Within Fills,https://admin.musora.com/admin#/content/drumeo/22212,https://www.musora.com/drumeo/live-streams/853-rhythmic-tension-within-fills/22212,2014-10-08,Fills,,Timing,,Ear Training,,Fills & Chops,Making Music,,,Luke,
22212,live,Rhythmic Tension Within Fills,https://admin.musora.com/admin#/content/drumeo/22212,https://www.musora.com/drumeo/live-streams/853-rhythmic-tension-within-fills/22212,2014-10-08,Fills,,,,,,,,,,Luke,
222147,live,Developing Your Own Pocket,https://admin.musora.com/admin#/content/drumeo/222147,https://www.musora.com/drumeo/live-streams/tba/222147,2019-03-25,Musicality,,Timing,,Ear Training,,Grooves,Making Music,,,Luke,
22218,live,Supercharging Your Flam Fills,https://admin.musora.com/admin#/content/drumeo/22218,https://www.musora.com/drumeo/live-streams/854-supercharging-your-flam-fills/22218,2014-10-09,Fills,,Rudiments,,,,Fills & Chops,,,,Luke,
22218,live,Supercharging Your Flam Fills,https://admin.musora.com/admin#/content/drumeo/22218,https://www.musora.com/drumeo/live-streams/854-supercharging-your-flam-fills/22218,2014-10-09,Fills,,,,,,,,,,Luke,
22223,live,Polyrhythmic Overriding - 5/16,https://admin.musora.com/admin#/content/drumeo/22223,https://www.musora.com/drumeo/live-streams/856-polyrhythmic-overriding-5-16-1/22223,2014-10-12,Beats,,,,Time Signatures,Ear Training,Grooves,,,,Luke,
22223,live,Polyrhythmic Overriding - 5/16,https://admin.musora.com/admin#/content/drumeo/22223,https://www.musora.com/drumeo/live-streams/856-polyrhythmic-overriding-5-16-1/22223,2014-10-12,Beats,,,,,,,,,,Luke,
22223,live,Polyrhythmic Overriding - 5/16,https://admin.musora.com/admin#/content/drumeo/22223,https://www.musora.com/drumeo/live-streams/856-polyrhythmic-overriding-5-16-1/22223,2014-10-12,Theory,,,,,,,,,,Luke,
22223,live,Polyrhythmic Overriding - 5/16,https://admin.musora.com/admin#/content/drumeo/22223,https://www.musora.com/drumeo/live-streams/856-polyrhythmic-overriding-5-16-1/22223,2014-10-12,Theory,,,,,,,,,,Luke,
222618,live,Authentic Blues Drumming,https://admin.musora.com/admin#/content/drumeo/222618,https://www.musora.com/drumeo/live-streams/tba/222618,2019-04-15,Beats,Jazz/Blues,,,,,Grooves,,,,Luke,
22272,live,The Soca,https://admin.musora.com/admin#/content/drumeo/22272,https://www.musora.com/drumeo/live-streams/857-the-soca/22272,2014-10-14,Beats,Latin/World,,,,,Grooves,,,,Luke,
22272,live,The Soca,https://admin.musora.com/admin#/content/drumeo/22272,https://www.musora.com/drumeo/live-streams/857-the-soca/22272,2014-10-14,Styles,,,,,,,,,,Luke,
22274,live,Freeing Your Mind,https://admin.musora.com/admin#/content/drumeo/22274,https://www.musora.com/drumeo/live-streams/858-freeing-your-mind/22274,2014-10-15,All,,,,,,Making Music,,Other,,Luke,
22274,live,Freeing Your Mind,https://admin.musora.com/admin#/content/drumeo/22274,https://www.musora.com/drumeo/live-streams/858-freeing-your-mind/22274,2014-10-15,All,,,,,,,,,,Luke,
22276,live,Bass Drum Control,https://admin.musora.com/admin#/content/drumeo/22276,https://www.musora.com/drumeo/live-streams/859-bass-drum-control/22276,2014-10-16,Technique,,Foot Technique,Timing,,,,,,,Luke,
22280,live,Applying Drags/Ruffs To Your Grooves,https://admin.musora.com/admin#/content/drumeo/22280,https://www.musora.com/drumeo/live-streams/861-applying-drags-ruffs-to-your-grooves/22280,2014-10-19,Beats,,Rudiments,,,,Grooves,,,,Luke,
22280,live,Applying Drags/Ruffs To Your Grooves,https://admin.musora.com/admin#/content/drumeo/22280,https://www.musora.com/drumeo/live-streams/861-applying-drags-ruffs-to-your-grooves/22280,2014-10-19,Rudiments,,,,,,,,,,Luke,
22305,live,Complementing Guitar Licks,https://admin.musora.com/admin#/content/drumeo/22305,https://www.musora.com/drumeo/live-streams/862-complementing-guitar-licks/22305,2014-10-20,Ear Training,,,,,Ear Training,Making Music,,Gigging Tips & Gear,,Luke,
22305,live,Complementing Guitar Licks,https://admin.musora.com/admin#/content/drumeo/22305,https://www.musora.com/drumeo/live-streams/862-complementing-guitar-licks/22305,2014-10-20,Ear Training,,,,,,,,,,Luke,
22305,live,Complementing Guitar Licks,https://admin.musora.com/admin#/content/drumeo/22305,https://www.musora.com/drumeo/live-streams/862-complementing-guitar-licks/22305,2014-10-20,Musicality,,,,,,,,,,Luke,
22305,live,Complementing Guitar Licks,https://admin.musora.com/admin#/content/drumeo/22305,https://www.musora.com/drumeo/live-streams/862-complementing-guitar-licks/22305,2014-10-20,Musicality,,,,,,,,,,Luke,
22309,live,Traditional Grip,https://admin.musora.com/admin#/content/drumeo/22309,https://www.musora.com/drumeo/live-streams/863-traditional-grip/22309,2014-10-21,Technique,,Hand Technique,,,,,,,,Luke,
22309,live,Traditional Grip,https://admin.musora.com/admin#/content/drumeo/22309,https://www.musora.com/drumeo/live-streams/863-traditional-grip/22309,2014-10-21,Technique,,,,,,,,,,Luke,
22311,live,Free Your Drumming Mind - Blockings,https://admin.musora.com/admin#/content/drumeo/22311,https://www.musora.com/drumeo/live-streams/864-free-your-drumming-mind-blockings/22311,2014-10-22,Fills,,,,,,Fills & Chops,Grooves,,,Luke,
22311,live,Free Your Drumming Mind - Blockings,https://admin.musora.com/admin#/content/drumeo/22311,https://www.musora.com/drumeo/live-streams/864-free-your-drumming-mind-blockings/22311,2014-10-22,Fills,,,,,,,,,,Luke,
22313,live,Rudiment Burn - Dragadiddle #2,https://admin.musora.com/admin#/content/drumeo/22313,https://www.musora.com/drumeo/live-streams/865-rudiment-burn-dragadiddle-2/22313,2014-10-23,Rudiments,,Rudiments,,,,,,,,Luke,
22317,live,Applying Drags/Ruffs To Your Fills,https://admin.musora.com/admin#/content/drumeo/22317,https://www.musora.com/drumeo/live-streams/867-applying-drags-ruffs-to-your-fills/22317,2014-10-26,Fills,,Rudiments,,,,Fills & Chops,,,,Luke,
22317,live,Applying Drags/Ruffs To Your Fills,https://admin.musora.com/admin#/content/drumeo/22317,https://www.musora.com/drumeo/live-streams/867-applying-drags-ruffs-to-your-fills/22317,2014-10-26,Fills,,,,,,,,,,Luke,
22317,live,Applying Drags/Ruffs To Your Fills,https://admin.musora.com/admin#/content/drumeo/22317,https://www.musora.com/drumeo/live-streams/867-applying-drags-ruffs-to-your-fills/22317,2014-10-26,Rudiments,,,,,,,,,,Luke,
22317,live,Applying Drags/Ruffs To Your Fills,https://admin.musora.com/admin#/content/drumeo/22317,https://www.musora.com/drumeo/live-streams/867-applying-drags-ruffs-to-your-fills/22317,2014-10-26,Rudiments,,,,,,,,,,Luke,
22341,live,Practical Percussion For Modern Drummers,https://admin.musora.com/admin#/content/drumeo/22341,https://www.musora.com/drumeo/live-streams/868-practical-percussion-for-modern-drummers/22341,2014-10-27,Musicality,,Setup & Tuning,,,,Making Music,,Gigging Tips & Gear,,Luke,
22347,live,Rock Drumming 101,https://admin.musora.com/admin#/content/drumeo/22347,https://www.musora.com/drumeo/live-streams/870-rock-drumming-101/22347,2014-10-29,Beats,Pop/Rock,,,,,Grooves,Fills & Chops,,,Luke,
22347,live,Rock Drumming 101,https://admin.musora.com/admin#/content/drumeo/22347,https://www.musora.com/drumeo/live-streams/870-rock-drumming-101/22347,2014-10-29,Fills,,,,,,,,,,Luke,
22349,live,Bass Drum Endurance,https://admin.musora.com/admin#/content/drumeo/22349,https://www.musora.com/drumeo/live-streams/871-bass-drum-endurance/22349,2014-10-30,Fills,,Foot Technique,,,,Independence,,,,Luke,
22349,live,Bass Drum Endurance,https://admin.musora.com/admin#/content/drumeo/22349,https://www.musora.com/drumeo/live-streams/871-bass-drum-endurance/22349,2014-10-30,Fills,,,,,,,,,,Luke,
22353,live,Odd Time Rock Grooves - 7/8,https://admin.musora.com/admin#/content/drumeo/22353,https://www.musora.com/drumeo/live-streams/872-odd-time-rock-grooves-7-8/22353,2014-11-02,Beats,Pop/Rock,,,Time Signatures,,Grooves,,,,Luke,
22353,live,Odd Time Rock Grooves - 7/8,https://admin.musora.com/admin#/content/drumeo/22353,https://www.musora.com/drumeo/live-streams/872-odd-time-rock-grooves-7-8/22353,2014-11-02,Beats,,,,,,,,,,Luke,
22375,live,Adam's Ultimate Warm-Up Exercise,https://admin.musora.com/admin#/content/drumeo/22375,https://www.musora.com/drumeo/live-streams/873-adams-ultimate-warm-up-exercise/22375,2014-11-03,Fills,,,,,,Fills & Chops,,Practice Tips,,Luke,
223852,live,Building Drum Chops While Keeping Time,https://admin.musora.com/admin#/content/drumeo/223852,https://www.musora.com/drumeo/live-streams/building-drum-chops-while-keeping-time/223852,2019-04-22,Fills,,Timing,,,,Fills & Chops,,,,Luke,
223902,live,Tips To Become A Better Drum Student,https://admin.musora.com/admin#/content/drumeo/223902,https://www.musora.com/drumeo/live-streams/tba/223902,2019-05-06,All,,,,,,,,Practice Tips,,Luke,
22393,live,Bass Drum Speed,https://admin.musora.com/admin#/content/drumeo/22393,https://www.musora.com/drumeo/live-streams/874-bass-drum-speed/22393,2014-11-05,Technique,,Foot Technique,,,,,,,,Luke,
22396,live,The Grooves Of Grohl,https://admin.musora.com/admin#/content/drumeo/22396,https://www.musora.com/drumeo/live-streams/875-the-grooves-of-grohl/22396,2014-11-05,Beats,Pop/Rock,,,,,Grooves,,,,Luke,
22396,live,The Grooves Of Grohl,https://admin.musora.com/admin#/content/drumeo/22396,https://www.musora.com/drumeo/live-streams/875-the-grooves-of-grohl/22396,2014-11-05,Beats,,,,,,,,,,Luke,
22398,live,Expanding Your Kicks In Grooves,https://admin.musora.com/admin#/content/drumeo/22398,https://www.musora.com/drumeo/live-streams/876-expanding-your-kicks-in-grooves/22398,2014-11-06,Beats,,Foot Technique,,,,Grooves,Independence,,,Luke,
22398,live,Expanding Your Kicks In Grooves,https://admin.musora.com/admin#/content/drumeo/22398,https://www.musora.com/drumeo/live-streams/876-expanding-your-kicks-in-grooves/22398,2014-11-06,Beats,,,,,,,,,,Luke,
22401,live,4-Way Coordination - Page 3,https://admin.musora.com/admin#/content/drumeo/22401,https://www.musora.com/drumeo/live-streams/877-4-way-coordination-page-3/22401,2014-11-09,Independence,,,,,,Independence,,,,Luke,
22401,live,4-Way Coordination - Page 3,https://admin.musora.com/admin#/content/drumeo/22401,https://www.musora.com/drumeo/live-streams/877-4-way-coordination-page-3/22401,2014-11-09,Independence,,,,,,,,,,Luke,
22425,live,Applying The Pataflafla,https://admin.musora.com/admin#/content/drumeo/22425,https://www.musora.com/drumeo/live-streams/880-applying-the-pataflafla/22425,2014-11-13,Rudiments,,Rudiments,,,,Fills & Chops,,,,Luke,
22425,live,Applying The Pataflafla,https://admin.musora.com/admin#/content/drumeo/22425,https://www.musora.com/drumeo/live-streams/880-applying-the-pataflafla/22425,2014-11-13,Rudiments,,,,,,,,,,Luke,
22427,live,Odd Time Rock Grooves - 5/8,https://admin.musora.com/admin#/content/drumeo/22427,https://www.musora.com/drumeo/live-streams/882-odd-time-rock-grooves-5-8/22427,2014-11-16,Beats,Pop/Rock,,,Time Signatures,,Grooves,,,,Luke,
22427,live,Odd Time Rock Grooves - 5/8,https://admin.musora.com/admin#/content/drumeo/22427,https://www.musora.com/drumeo/live-streams/882-odd-time-rock-grooves-5-8/22427,2014-11-16,Beats,,,,,,,,,,Luke,
224274,live,Make Your Solos More Interesting,https://admin.musora.com/admin#/content/drumeo/224274,https://www.musora.com/drumeo/live-streams/tba/224274,2019-05-29,Musicality,,,,Time Signatures,,Making Music,,,,Luke,
224274,live,Make Your Solos More Interesting,https://admin.musora.com/admin#/content/drumeo/224274,https://www.musora.com/drumeo/live-streams/tba/224274,2019-05-29,Styles,,,,,,,,,,Luke,
22437,live,Creative Concepts,https://admin.musora.com/admin#/content/drumeo/22437,https://www.musora.com/drumeo/live-streams/883-live-with-tony-royster-jr/22437,2014-11-17,All,,,,,,Making Music,,,,Luke,
22437,live,Creative Concepts,https://admin.musora.com/admin#/content/drumeo/22437,https://www.musora.com/drumeo/live-streams/883-live-with-tony-royster-jr/22437,2014-11-17,All,,,,,,,,,,Luke,
22461,live,Expanding Your 16th Note Triplet Fills,https://admin.musora.com/admin#/content/drumeo/22461,https://www.musora.com/drumeo/live-streams/884-expanding-your-16th-note-triplet-patterns/22461,2014-11-18,Fills,,,,,,Fills & Chops,,,,Luke,
22467,live,When To Play Fills,https://admin.musora.com/admin#/content/drumeo/22467,https://www.musora.com/drumeo/live-streams/885-when-to-play-fills/22467,2014-11-19,Fills,,,,Ear Training,,Fills & Chops,,Gigging Tips & Gear,,Luke,
22467,live,When To Play Fills,https://admin.musora.com/admin#/content/drumeo/22467,https://www.musora.com/drumeo/live-streams/885-when-to-play-fills/22467,2014-11-19,Fills,,,,,,,,,,Luke,
22467,live,When To Play Fills,https://admin.musora.com/admin#/content/drumeo/22467,https://www.musora.com/drumeo/live-streams/885-when-to-play-fills/22467,2014-11-19,Musicality,,,,,,,,,,Luke,
22467,live,When To Play Fills,https://admin.musora.com/admin#/content/drumeo/22467,https://www.musora.com/drumeo/live-streams/885-when-to-play-fills/22467,2014-11-19,Musicality,,,,,,,,,,Luke,
22469,live,Ghosting In Grooves #1,https://admin.musora.com/admin#/content/drumeo/22469,https://www.musora.com/drumeo/live-streams/886-ghosting-in-grooves/22469,2014-11-20,Beats,,Hand Technique,Dynamics,,,Grooves,,,,Luke,
22473,live,Mandatory Grooves - Drum 'n' Bass,https://admin.musora.com/admin#/content/drumeo/22473,https://www.musora.com/drumeo/live-streams/888-mandatory-grooves-drum-n-bass/22473,2014-11-23,Beats,Hip-Hop/Rap/EDM,,,,,Grooves,,,,Luke,
22473,live,Mandatory Grooves - Drum 'n' Bass,https://admin.musora.com/admin#/content/drumeo/22473,https://www.musora.com/drumeo/live-streams/888-mandatory-grooves-drum-n-bass/22473,2014-11-23,Beats,,,,,,,,,,Luke,
22480,live,Subdivisions - The Key To Drumming Success,https://admin.musora.com/admin#/content/drumeo/22480,https://www.musora.com/drumeo/live-streams/889-subdivisions-the-key-to-drumming-success/22480,2014-11-24,Beats,,Timing,,Ear Training,,Grooves,Making Music,,,Luke,
22480,live,Subdivisions - The Key To Drumming Success,https://admin.musora.com/admin#/content/drumeo/22480,https://www.musora.com/drumeo/live-streams/889-subdivisions-the-key-to-drumming-success/22480,2014-11-24,Fills,,,,,,,,,,Luke,
22480,live,Subdivisions - The Key To Drumming Success,https://admin.musora.com/admin#/content/drumeo/22480,https://www.musora.com/drumeo/live-streams/889-subdivisions-the-key-to-drumming-success/22480,2014-11-24,Theory,,,,,,,,,,Luke,
22492,live,Latin Dance Grooves,https://admin.musora.com/admin#/content/drumeo/22492,https://www.musora.com/drumeo/live-streams/890-latin-dance-grooves/22492,2014-11-25,Beats,Latin/World,,,,,Grooves,,,,Luke,
22492,live,Latin Dance Grooves,https://admin.musora.com/admin#/content/drumeo/22492,https://www.musora.com/drumeo/live-streams/890-latin-dance-grooves/22492,2014-11-25,Styles,,,,,,,,,,Luke,
22496,live,Incorporating Roto Toms,https://admin.musora.com/admin#/content/drumeo/22496,https://www.musora.com/drumeo/live-streams/891-incorporating-roto-toms/22496,2014-11-26,Gear,,Setup & Tuning,,,,,,Gigging Tips & Gear,,Luke,
22496,live,Incorporating Roto Toms,https://admin.musora.com/admin#/content/drumeo/22496,https://www.musora.com/drumeo/live-streams/891-incorporating-roto-toms/22496,2014-11-26,Gear,,,,,,,,,,Luke,
22502,live,Paradiddle Middle Diddle,https://admin.musora.com/admin#/content/drumeo/22502,https://www.musora.com/drumeo/live-streams/892-paradiddle-middle-diddle/22502,2014-11-27,Beats,,Rudiments,,,,Grooves,Grooves,,,Luke,
22502,live,Paradiddle Middle Diddle,https://admin.musora.com/admin#/content/drumeo/22502,https://www.musora.com/drumeo/live-streams/892-paradiddle-middle-diddle/22502,2014-11-27,Rudiments,,,,,,,,,,Luke,
22506,live,6/8 vs. 3/4 Grooves,https://admin.musora.com/admin#/content/drumeo/22506,https://www.musora.com/drumeo/live-streams/894-6-8-vs-3-4-grooves/22506,2014-11-30,Beats,,,,Ear Training,Time Signatures,Grooves,,,,Luke,
22506,live,6/8 vs. 3/4 Grooves,https://admin.musora.com/admin#/content/drumeo/22506,https://www.musora.com/drumeo/live-streams/894-6-8-vs-3-4-grooves/22506,2014-11-30,Theory,,,,,,,,,,Luke,
22524,live,The Power Of Your Left Hand In Grooves,https://admin.musora.com/admin#/content/drumeo/22524,https://www.musora.com/drumeo/live-streams/895-the-power-of-your-left-hand-in-grooves/22524,2014-12-01,Beats,,Hand Technique,,,,Grooves,Independence,,,Luke,
22524,live,The Power Of Your Left Hand In Grooves,https://admin.musora.com/admin#/content/drumeo/22524,https://www.musora.com/drumeo/live-streams/895-the-power-of-your-left-hand-in-grooves/22524,2014-12-01,Beats,,,,,,,,,,Luke,
22536,live,Conga Hand Technique,https://admin.musora.com/admin#/content/drumeo/22536,https://www.musora.com/drumeo/live-streams/896-conga-hand-technique/22536,2014-12-02,Technique,,Hand Technique,,,,,,,,Luke,
22538,live,Rudiment Burn - Single Dragadiddle,https://admin.musora.com/admin#/content/drumeo/22538,https://www.musora.com/drumeo/live-streams/897-rudiment-burn-single-dragadiddle/22538,2014-12-03,Rudiments,,Rudiments,,,,,,,,Luke,
22545,live,How To Use Play-Alongs,https://admin.musora.com/admin#/content/drumeo/22545,https://www.musora.com/drumeo/live-streams/899-how-to-use-play-alongs/22545,2014-12-05,Musicality,,,,Ear Training,,Making Music,,Practice Tips,,Luke,
22551,live,4-Way Coordination - Page 4,https://admin.musora.com/admin#/content/drumeo/22551,https://www.musora.com/drumeo/live-streams/901-4-way-coordination-page-4/22551,2014-12-07,Independence,,,,,,Independence,,,,Luke,
22551,live,4-Way Coordination - Page 4,https://admin.musora.com/admin#/content/drumeo/22551,https://www.musora.com/drumeo/live-streams/901-4-way-coordination-page-4/22551,2014-12-07,Independence,,,,,,,,,,Luke,
22569,live,Thrash-Metal Grooves,https://admin.musora.com/admin#/content/drumeo/22569,https://www.musora.com/drumeo/live-streams/903-thrash-metal-grooves/22569,2014-12-09,Beats,Hard Rock/Metal,,,,,Grooves,,,,Luke,
22569,live,Thrash-Metal Grooves,https://admin.musora.com/admin#/content/drumeo/22569,https://www.musora.com/drumeo/live-streams/903-thrash-metal-grooves/22569,2014-12-09,Beats,,,,,,,,,,Luke,
22573,live,Playing In Church,https://admin.musora.com/admin#/content/drumeo/22573,https://www.musora.com/drumeo/live-streams/905-playing-in-church/22573,2014-12-11,Beats,Worship/Gospel,,,Ear Training,,Grooves,Making Music,Gigging Tips & Gear,,Luke,
22573,live,Playing In Church,https://admin.musora.com/admin#/content/drumeo/22573,https://www.musora.com/drumeo/live-streams/905-playing-in-church/22573,2014-12-11,Ear Training,,,,,,,,,,Luke,
22573,live,Playing In Church,https://admin.musora.com/admin#/content/drumeo/22573,https://www.musora.com/drumeo/live-streams/905-playing-in-church/22573,2014-12-11,Musicality,,,,,,,,,,Luke,
22577,live,The Illusions Of Third Ion,https://admin.musora.com/admin#/content/drumeo/22577,https://www.musora.com/drumeo/live-streams/907-the-illusions-of-third-ion-1/22577,2014-12-14,Beats,Hard Rock/Metal,,,Ear Training,Time Signatures,Grooves,,,,Luke,
225886,live,Tightening Up And Polishing Your Drumming,https://admin.musora.com/admin#/content/drumeo/225886,https://www.musora.com/drumeo/live-streams/tightening-up-and-polishing-your-drumming/225886,2019-06-01,Musicality,,Timing,,Ear Training,,Making Music,,,,Luke,
22594,live,World Rhythms On Percussion,https://admin.musora.com/admin#/content/drumeo/22594,https://www.musora.com/drumeo/live-streams/908-world-rhythms-on-percussion/22594,2014-12-15,All,Latin/World,,,,,Making Music,,,,Luke,
22594,live,World Rhythms On Percussion,https://admin.musora.com/admin#/content/drumeo/22594,https://www.musora.com/drumeo/live-streams/908-world-rhythms-on-percussion/22594,2014-12-15,All,,,,,,,,,,Luke,
22601,live,The Power Of Your Left Hand In Fills,https://admin.musora.com/admin#/content/drumeo/22601,https://www.musora.com/drumeo/live-streams/910-the-power-of-your-left-hand-in-fills/22601,2014-12-17,Fills,,Hand Technique,,,,Fills & Chops,,,,Luke,
22601,live,The Power Of Your Left Hand In Fills,https://admin.musora.com/admin#/content/drumeo/22601,https://www.musora.com/drumeo/live-streams/910-the-power-of-your-left-hand-in-fills/22601,2014-12-17,Fills,,,,,,,,,,Luke,
22605,live,Rudolph The Red-Nosed Rudiment,https://admin.musora.com/admin#/content/drumeo/22605,https://www.musora.com/drumeo/live-streams/912-rudolph-the-red-nosed-rudiment/22605,2014-12-21,Fills,,Rudiments,,,,Fills & Chops,,,,Luke,
22605,live,Rudolph The Red-Nosed Rudiment,https://admin.musora.com/admin#/content/drumeo/22605,https://www.musora.com/drumeo/live-streams/912-rudolph-the-red-nosed-rudiment/22605,2014-12-21,Fills,,,,,,,,,,Luke,
22605,live,Rudolph The Red-Nosed Rudiment,https://admin.musora.com/admin#/content/drumeo/22605,https://www.musora.com/drumeo/live-streams/912-rudolph-the-red-nosed-rudiment/22605,2014-12-21,Rudiments,,,,,,,,,,Luke,
22605,live,Rudolph The Red-Nosed Rudiment,https://admin.musora.com/admin#/content/drumeo/22605,https://www.musora.com/drumeo/live-streams/912-rudolph-the-red-nosed-rudiment/22605,2014-12-21,Rudiments,,,,,,,,,,Luke,
22619,live,Mandatory Grooves - Metal,https://admin.musora.com/admin#/content/drumeo/22619,https://www.musora.com/drumeo/live-streams/918-mandatory-grooves-metal/22619,2015-01-04,Beats,Hard Rock/Metal,,,,,Grooves,,,,Luke,
22672,live,Hi-Hat Splashing,https://admin.musora.com/admin#/content/drumeo/22672,https://www.musora.com/drumeo/live-streams/919-hi-hat-splashing/22672,2015-01-05,Beats,,Foot Technique,,,,Grooves,Independence,,,Luke,
22672,live,Hi-Hat Splashing,https://admin.musora.com/admin#/content/drumeo/22672,https://www.musora.com/drumeo/live-streams/919-hi-hat-splashing/22672,2015-01-05,Technique,,,,,,,,,,Luke,
22706,live,Double-Pedal Combos,https://admin.musora.com/admin#/content/drumeo/22706,https://www.musora.com/drumeo/live-streams/921-double-pedal-combos/22706,2015-01-07,Fills,,Foot Technique,,,,Fills & Chops,Independence,,,Luke,
22711,live,Showoff Lick,https://admin.musora.com/admin#/content/drumeo/22711,https://www.musora.com/drumeo/live-streams/922-showoff-lick/22711,2015-01-08,Fills,,,,,,Fills & Chops,,,,Luke,
22711,live,Showoff Lick,https://admin.musora.com/admin#/content/drumeo/22711,https://www.musora.com/drumeo/live-streams/922-showoff-lick/22711,2015-01-08,Fills,,,,,,,,,,Luke,
22715,live,4-Way Coordination - Page 5,https://admin.musora.com/admin#/content/drumeo/22715,https://www.musora.com/drumeo/live-streams/924-4-way-coordination-page-5/22715,2015-01-11,Independence,,,,,,Independence,,,,Luke,
22724,live,Showmanship For Drummers,https://admin.musora.com/admin#/content/drumeo/22724,https://www.musora.com/drumeo/live-streams/925-showmanship-for-drummers/22724,2015-01-12,All,,,,,,,,Gigging Tips & Gear,,Luke,
22732,live,Paradiddle Workout,https://admin.musora.com/admin#/content/drumeo/22732,https://www.musora.com/drumeo/live-streams/926-paradiddle-workout/22732,2015-01-13,Rudiments,,Rudiments,,,,,,,,Luke,
22740,live,Warp-Speed Feet,https://admin.musora.com/admin#/content/drumeo/22740,https://www.musora.com,2015-01-15,Technique,,Foot Technique,,,,,,,,Luke,
22740,live,Warp-Speed Feet,https://admin.musora.com/admin#/content/drumeo/22740,https://www.musora.com,2015-01-15,Technique,,,,,,,,,,Luke,
22744,live,Style Analysis - Danny Carey,https://admin.musora.com/admin#/content/drumeo/22744,https://www.musora.com/drumeo/live-streams/930-style-analysis-danny-carey/22744,2015-01-18,Beats,Hard Rock/Metal,,,,,Grooves,Fills & Chops,,,Luke,
22744,live,Style Analysis - Danny Carey,https://admin.musora.com/admin#/content/drumeo/22744,https://www.musora.com/drumeo/live-streams/930-style-analysis-danny-carey/22744,2015-01-18,Fills,,,,,,,,,,Luke,
22759,live,Grooving Responsibly & Filling Creatively,https://admin.musora.com/admin#/content/drumeo/22759,https://www.musora.com/drumeo/live-streams/931-grooving-responsibly-filling-creatively/22759,2015-01-19,Musicality,,,,Ear Training,,Making Music,,Gigging Tips & Gear,,Luke,
22783,live,Conga Rhythms,https://admin.musora.com/admin#/content/drumeo/22783,https://www.musora.com/drumeo/live-streams/932-conga-rhythms/22783,2015-01-20,Beats,,Hand Technique,,Ear Training,,Making Music,,,,Luke,
22783,live,Conga Rhythms,https://admin.musora.com/admin#/content/drumeo/22783,https://www.musora.com/drumeo/live-streams/932-conga-rhythms/22783,2015-01-20,Beats,,,,,,,,,,Luke,
22785,live,Playing In & Out Of The Groove,https://admin.musora.com/admin#/content/drumeo/22785,https://www.musora.com/drumeo/live-streams/933-playing-in-out-of-the-groove/22785,2015-01-21,Musicality,,Timing,,Ear Training,,Making Music,Grooves,,,Luke,
22785,live,Playing In & Out Of The Groove,https://admin.musora.com/admin#/content/drumeo/22785,https://www.musora.com/drumeo/live-streams/933-playing-in-out-of-the-groove/22785,2015-01-21,Musicality,,,,,,,,,,Luke,
22793,live,Fills In 7/8,https://admin.musora.com/admin#/content/drumeo/22793,https://www.musora.com/drumeo/live-streams/934-fills-in-7-8/22793,2015-01-22,Fills,,,,Time Signatures,,Fills & Chops,,,,Luke,
22793,live,Fills In 7/8,https://admin.musora.com/admin#/content/drumeo/22793,https://www.musora.com/drumeo/live-streams/934-fills-in-7-8/22793,2015-01-22,Fills,,,,,,,,,,Luke,
22808,live,Name That Groove,https://admin.musora.com/admin#/content/drumeo/22808,https://www.musora.com/drumeo/live-streams/936-name-that-groove/22808,2015-01-26,Beats,,,,Ear Training,,Grooves,,Other,,Luke,
22808,live,Name That Groove,https://admin.musora.com/admin#/content/drumeo/22808,https://www.musora.com/drumeo/live-streams/936-name-that-groove/22808,2015-01-26,Beats,,,,,,,,,,Luke,
22808,live,Name That Groove,https://admin.musora.com/admin#/content/drumeo/22808,https://www.musora.com/drumeo/live-streams/936-name-that-groove/22808,2015-01-26,Ear Training,,,,,,,,,,Luke,
22808,live,Name That Groove,https://admin.musora.com/admin#/content/drumeo/22808,https://www.musora.com/drumeo/live-streams/936-name-that-groove/22808,2015-01-26,Ear Training,,,,,,,,,,Luke,
22830,live,Right/Ride Sweepin',https://admin.musora.com/admin#/content/drumeo/22830,https://www.musora.com/drumeo/live-streams/938-right-ride-sweepin/22830,2015-01-28,Fills,,Hand Technique,,,,Independence,Grooves,,,Luke,
22830,live,Right/Ride Sweepin',https://admin.musora.com/admin#/content/drumeo/22830,https://www.musora.com/drumeo/live-streams/938-right-ride-sweepin/22830,2015-01-28,Fills,,,,,,,,,,Luke,
22838,live,Ideas For Developing Control,https://admin.musora.com/admin#/content/drumeo/22838,https://www.musora.com/drumeo/live-streams/939-ideas-for-developing-control/22838,2015-01-29,Technique,,Hand Technique,Foot Technique,,,Independence,Fills & Chops,,,Luke,
22838,live,Ideas For Developing Control,https://admin.musora.com/admin#/content/drumeo/22838,https://www.musora.com/drumeo/live-streams/939-ideas-for-developing-control/22838,2015-01-29,Technique,,,,,,,,,,Luke,
22847,live,4-Way Coordination - Page 6,https://admin.musora.com/admin#/content/drumeo/22847,https://www.musora.com/drumeo/live-streams/940-4-way-coordination-page-6/22847,2015-02-01,Independence,,,,,,Independence,,,,Luke,
22847,live,4-Way Coordination - Page 6,https://admin.musora.com/admin#/content/drumeo/22847,https://www.musora.com/drumeo/live-streams/940-4-way-coordination-page-6/22847,2015-02-01,Independence,,,,,,,,,,Luke,
22864,live,Style Analysis - Dennis Chambers,https://admin.musora.com/admin#/content/drumeo/22864,https://www.musora.com/drumeo/live-streams/942-style-analysis-dennis-chambers/22864,2015-02-03,Beats,,,,,,Grooves,Fills & Chops,,,Luke,
22864,live,Style Analysis - Dennis Chambers,https://admin.musora.com/admin#/content/drumeo/22864,https://www.musora.com/drumeo/live-streams/942-style-analysis-dennis-chambers/22864,2015-02-03,Beats,,,,,,,,,,Luke,
22864,live,Style Analysis - Dennis Chambers,https://admin.musora.com/admin#/content/drumeo/22864,https://www.musora.com/drumeo/live-streams/942-style-analysis-dennis-chambers/22864,2015-02-03,Fills,,,,,,,,,,Luke,
22864,live,Style Analysis - Dennis Chambers,https://admin.musora.com/admin#/content/drumeo/22864,https://www.musora.com/drumeo/live-streams/942-style-analysis-dennis-chambers/22864,2015-02-03,Fills,,,,,,,,,,Luke,
22869,live,Beginner's Guide To Playing Fills,https://admin.musora.com/admin#/content/drumeo/22869,https://www.musora.com/drumeo/live-streams/943-beginners-guide-to-playing-fills/22869,2015-02-04,Fills,,,,,,Fills & Chops,,,,Luke,
22871,live,Creating Original Drum Parts,https://admin.musora.com/admin#/content/drumeo/22871,https://www.musora.com/drumeo/live-streams/944-creating-original-drum-parts/22871,2015-02-05,Musicality,,,,Ear Training,,Grooves,Making Music,Gigging Tips & Gear,,Luke,
22877,live,Funky Double Bass #1,https://admin.musora.com/admin#/content/drumeo/22877,https://www.musora.com/drumeo/live-streams/946-funky-double-bass-1/22877,2015-02-08,Beats,Funk/Disco,Hand Technique,,,,Double Bass,Grooves,,,Luke,
22886,live,Utilizing Systems & Methods For Efficient Practice,https://admin.musora.com/admin#/content/drumeo/22886,https://www.musora.com/drumeo/live-streams/947-utilizing-systems-methods-for-efficient-practice/22886,2015-02-09,All,,,,,,,,Practice Tips,,Luke,
22886,live,Utilizing Systems & Methods For Efficient Practice,https://admin.musora.com/admin#/content/drumeo/22886,https://www.musora.com/drumeo/live-streams/947-utilizing-systems-methods-for-efficient-practice/22886,2015-02-09,All,,,,,,,,,,Luke,
22892,live,"Fill Concept - The ""6-6-4"" Phrasing",https://admin.musora.com/admin#/content/drumeo/22892,https://www.musora.com/drumeo/live-streams/948-fill-concept-the-6-6-4-phrasing/22892,2015-02-10,Fills,,,,Time Signatures,,Fills & Chops,,,,Luke,
22892,live,"Fill Concept - The ""6-6-4"" Phrasing",https://admin.musora.com/admin#/content/drumeo/22892,https://www.musora.com/drumeo/live-streams/948-fill-concept-the-6-6-4-phrasing/22892,2015-02-10,Fills,,,,,,,,,,Luke,
22899,live,Warp-Speed Hands,https://admin.musora.com/admin#/content/drumeo/22899,https://www.musora.com/drumeo/live-streams/950-warp-speed-hands/22899,2015-02-12,Fills,,Hand Technique,,,,Fills & Chops,,,,Luke,
22903,live,Funky Double Bass #2,https://admin.musora.com/admin#/content/drumeo/22903,https://www.musora.com/drumeo/live-streams/952-funky-double-bass-2/22903,2015-02-15,Beats,Funk/Disco,,,,,Double Bass,Grooves,,,Luke,
22923,live,Writing A Song,https://admin.musora.com/admin#/content/drumeo/22923,https://www.musora.com/drumeo/live-streams/953-writing-a-song/22923,2015-02-16,Musicality,,,,Ear Training,,Making Music,,Gigging Tips & Gear,,Luke,
22923,live,Writing A Song,https://admin.musora.com/admin#/content/drumeo/22923,https://www.musora.com/drumeo/live-streams/953-writing-a-song/22923,2015-02-16,Musicality,,,,,,,,,,Luke,
22953,live,Two-Bar Grooves,https://admin.musora.com/admin#/content/drumeo/22953,https://www.musora.com/drumeo/live-streams/954-two-bar-grooves/22953,2015-02-17,Beats,,,,,,Grooves,,,,Luke,
22953,live,Two-Bar Grooves,https://admin.musora.com/admin#/content/drumeo/22953,https://www.musora.com/drumeo/live-streams/954-two-bar-grooves/22953,2015-02-17,Beats,,,,,,,,,,Luke,
229576,live,The Jazz Drum Soloing Formula,https://admin.musora.com/admin#/content/drumeo/229576,https://www.musora.com/drumeo/live-streams/-the-jazz-drum-soloing-formula/229576,2019-07-22,Musicality,Jazz/Blues,,,Ear Training,,Making Music,,Gigging Tips & Gear,,Luke,
22959,live,"Rimshot, Baby!",https://admin.musora.com/admin#/content/drumeo/22959,https://www.musora.com/drumeo/live-streams/955-rimshot-baby/22959,2015-02-18,Beats,,Hand Technique,,,,Grooves,,,,Luke,
22968,live,Three-Notes-On-A-Hand Workout,https://admin.musora.com/admin#/content/drumeo/22968,https://www.musora.com/drumeo/live-streams/956-three-notes-on-a-hand-workout/22968,2015-02-19,Rudiments,,Hand Technique,Rudiments,,,,,,,Luke,
22968,live,Three-Notes-On-A-Hand Workout,https://admin.musora.com/admin#/content/drumeo/22968,https://www.musora.com/drumeo/live-streams/956-three-notes-on-a-hand-workout/22968,2015-02-19,Rudiments,,,,,,,,,,Luke,
22973,live,"Tool - ""Forty-Six & 2"" Solo",https://admin.musora.com/admin#/content/drumeo/22973,https://www.musora.com/drumeo/live-streams/958-tool-forty-six-and-2-solo/22973,2015-02-22,Beats,Hard Rock/Metal,,,,,Fills & Chops,Making Music,,,Luke,
22973,live,"Tool - ""Forty-Six & 2"" Solo",https://admin.musora.com/admin#/content/drumeo/22973,https://www.musora.com/drumeo/live-streams/958-tool-forty-six-and-2-solo/22973,2015-02-22,Fills,,,,,,,,,,Luke,
22991,live,Rhythms: The Rumba Guaguanco,https://admin.musora.com/admin#/content/drumeo/22991,https://www.musora.com/drumeo/live-streams/960-rhythms-the-rumba-guaguanco/22991,2015-02-24,Beats,Latin/World,,,Ear Training,,Grooves,,,,Luke,
22991,live,Rhythms: The Rumba Guaguanco,https://admin.musora.com/admin#/content/drumeo/22991,https://www.musora.com/drumeo/live-streams/960-rhythms-the-rumba-guaguanco/22991,2015-02-24,Beats,,,,,,,,,,Luke,
22991,live,Rhythms: The Rumba Guaguanco,https://admin.musora.com/admin#/content/drumeo/22991,https://www.musora.com/drumeo/live-streams/960-rhythms-the-rumba-guaguanco/22991,2015-02-24,Styles,,,,,,,,,,Luke,
22991,live,Rhythms: The Rumba Guaguanco,https://admin.musora.com/admin#/content/drumeo/22991,https://www.musora.com/drumeo/live-streams/960-rhythms-the-rumba-guaguanco/22991,2015-02-24,Styles,,,,,,,,,,Luke,
22997,live,Rhythms: The 6/8 Afro-Cuban,https://admin.musora.com/admin#/content/drumeo/22997,https://www.musora.com/drumeo/live-streams/961-rhythms-the-68-afro-cuban/22997,2015-02-25,Beats,Latin/World,,,Ear Training,,Grooves,,,,Luke,
22997,live,Rhythms: The 6/8 Afro-Cuban,https://admin.musora.com/admin#/content/drumeo/22997,https://www.musora.com/drumeo/live-streams/961-rhythms-the-68-afro-cuban/22997,2015-02-25,Beats,,,,,,,,,,Luke,
22997,live,Rhythms: The 6/8 Afro-Cuban,https://admin.musora.com/admin#/content/drumeo/22997,https://www.musora.com/drumeo/live-streams/961-rhythms-the-68-afro-cuban/22997,2015-02-25,Styles,,,,,,,,,,Luke,
22997,live,Rhythms: The 6/8 Afro-Cuban,https://admin.musora.com/admin#/content/drumeo/22997,https://www.musora.com/drumeo/live-streams/961-rhythms-the-68-afro-cuban/22997,2015-02-25,Styles,,,,,,,,,,Luke,
23015,live,Spicing Up The Ride Cymbal,https://admin.musora.com/admin#/content/drumeo/23015,https://www.musora.com/drumeo/live-streams/962-spicing-up-the-ride-cymbal/23015,2015-02-26,Beats,,,,,,Grooves,Independence,,,Luke,
23019,live,4-Way Coordination - Page 7,https://admin.musora.com/admin#/content/drumeo/23019,https://www.musora.com/drumeo/live-streams/964-4-way-coordination-page-7/23019,2015-03-01,Independence,,,,,,Independence,,,,Luke,
23019,live,4-Way Coordination - Page 7,https://admin.musora.com/admin#/content/drumeo/23019,https://www.musora.com/drumeo/live-streams/964-4-way-coordination-page-7/23019,2015-03-01,Independence,,,,,,,,,,Luke,
23033,live,Studio To The Stage: Parts & Re-Creation,https://admin.musora.com/admin#/content/drumeo/23033,https://www.musora.com/drumeo/live-streams/965-studio-to-the-stageparts-re-creation-1/23033,2015-03-02,Ear Training,,,,Ear Training,,Grooves,Making Music,Gigging Tips & Gear,,Luke,
23033,live,Studio To The Stage: Parts & Re-Creation,https://admin.musora.com/admin#/content/drumeo/23033,https://www.musora.com/drumeo/live-streams/965-studio-to-the-stageparts-re-creation-1/23033,2015-03-02,Ear Training,,,,,,,,,,Luke,
23033,live,Studio To The Stage: Parts & Re-Creation,https://admin.musora.com/admin#/content/drumeo/23033,https://www.musora.com/drumeo/live-streams/965-studio-to-the-stageparts-re-creation-1/23033,2015-03-02,Musicality,,,,,,,,,,Luke,
23033,live,Studio To The Stage: Parts & Re-Creation,https://admin.musora.com/admin#/content/drumeo/23033,https://www.musora.com/drumeo/live-streams/965-studio-to-the-stageparts-re-creation-1/23033,2015-03-02,Musicality,,,,,,,,,,Luke,
230445,live,Rudiment Creativity,https://admin.musora.com/admin#/content/drumeo/230445,https://www.musora.com/drumeo/live-streams/rudiment-creativity/230445,2019-08-12,Rudiments,,Rudiments,,,,Making Music,Fills & Chops,,,Luke,
230450,live,Applying Classic Drum Technique To Modern Styles,https://admin.musora.com/admin#/content/drumeo/230450,https://www.musora.com/drumeo/live-streams/tba/230450,2019-08-30,Technique,,Hand Technique,,,,,,,,Luke,
23048,live,Shuffling With The Bass Drum,https://admin.musora.com/admin#/content/drumeo/23048,https://www.musora.com/drumeo/live-streams/968-shuffling-with-the-bass-drum/23048,2015-03-05,Beats,,Foot Technique,,,,Grooves,,,,Luke,
23048,live,Shuffling With The Bass Drum,https://admin.musora.com/admin#/content/drumeo/23048,https://www.musora.com/drumeo/live-streams/968-shuffling-with-the-bass-drum/23048,2015-03-05,Beats,,,,,,,,,,Luke,
23060,live,Syncopated Ride Grooves,https://admin.musora.com/admin#/content/drumeo/23060,https://www.musora.com/drumeo/live-streams/970-syncopated-ride-grooves/23060,2015-03-08,Beats,,,,,,Grooves,Independence,,,Luke,
23064,live,Using Click-Track Trainers,https://admin.musora.com/admin#/content/drumeo/23064,https://www.musora.com/drumeo/live-streams/971-using-click-track-trainers/23064,2015-03-09,Ear Training,,,,Ear Training,,,,Practice Tips,,Luke,
23064,live,Using Click-Track Trainers,https://admin.musora.com/admin#/content/drumeo/23064,https://www.musora.com/drumeo/live-streams/971-using-click-track-trainers/23064,2015-03-09,Ear Training,,,,,,,,,,Luke,
23074,live,Practicing 1-Bar Fills,https://admin.musora.com/admin#/content/drumeo/23074,https://www.musora.com/drumeo/live-streams/973-practicing-1-bar-fills/23074,2015-03-11,Fills,,,,,,Fills & Chops,,Practice Tips,,Luke,
23080,live,Creative Rock Groove Ideas,https://admin.musora.com/admin#/content/drumeo/23080,https://www.musora.com/drumeo/live-streams/974-creative-rock-groove-ideas/23080,2015-03-15,Beats,Pop/Rock,,,,,Grooves,Making Music,,,Luke,
23080,live,Creative Rock Groove Ideas,https://admin.musora.com/admin#/content/drumeo/23080,https://www.musora.com/drumeo/live-streams/974-creative-rock-groove-ideas/23080,2015-03-15,Beats,,,,,,,,,,Luke,
23087,live,Mandatory Grooves - R&B,https://admin.musora.com/admin#/content/drumeo/23087,https://www.musora.com/drumeo/live-streams/976-mandatory-grooves-r-b/23087,2015-03-15,Beats,R&B/Soul,,,,,Grooves,,,,Luke,
23087,live,Mandatory Grooves - R&B,https://admin.musora.com/admin#/content/drumeo/23087,https://www.musora.com/drumeo/live-streams/976-mandatory-grooves-r-b/23087,2015-03-15,Beats,,,,,,,,,,Luke,
23103,live,Modern Country Grooves,https://admin.musora.com/admin#/content/drumeo/23103,https://www.musora.com/drumeo/live-streams/977-modern-country-grooves-1/23103,2015-03-16,Beats,Country/Folk,,,,,Grooves,,,,Luke,
23110,live,Latin Independence - The Baiao,https://admin.musora.com/admin#/content/drumeo/23110,https://www.musora.com/drumeo/live-streams/978-latin-independence-the-baiao/23110,2015-03-17,Beats,Latin/World,,,,,Independence,Grooves,,,Luke,
23110,live,Latin Independence - The Baiao,https://admin.musora.com/admin#/content/drumeo/23110,https://www.musora.com/drumeo/live-streams/978-latin-independence-the-baiao/23110,2015-03-17,Styles,,,,,,,,,,Luke,
23113,live,Spelling Of Rhythmic Words,https://admin.musora.com/admin#/content/drumeo/23113,https://www.musora.com/drumeo/live-streams/979-spelling-of-rhythmic-words/23113,2015-03-18,Theory,,Rudiments,,Ear Training,,,,,,Luke,
23113,live,Spelling Of Rhythmic Words,https://admin.musora.com/admin#/content/drumeo/23113,https://www.musora.com/drumeo/live-streams/979-spelling-of-rhythmic-words/23113,2015-03-18,Theory,,,,,,,,,,Luke,
23119,live,The Jazz Workout,https://admin.musora.com/admin#/content/drumeo/23119,https://www.musora.com/drumeo/live-streams/980-the-jazz-workout/23119,2015-03-19,Independence,Jazz/Blues,,,,,Fills & Chops,Independence,,,Luke,
23123,live,"James Brown - The ""Fatback"" Beat #1",https://admin.musora.com/admin#/content/drumeo/23123,https://www.musora.com/drumeo/live-streams/981-james-brown-the-fatback-beat-1/23123,2015-03-20,Beats,Funk/Disco,,,,,Grooves,,,,Luke,
23134,live,Out Of The Box Drumming,https://admin.musora.com/admin#/content/drumeo/23134,https://www.musora.com/drumeo/live-streams/984-out-of-the-box-drumming/23134,2015-03-23,Musicality,,,,,,Making Music,,,,Luke,
23142,live,Exploring The Inverted Double,https://admin.musora.com/admin#/content/drumeo/23142,https://www.musora.com/drumeo/live-streams/985-exploring-the-inverted-double/23142,2015-03-24,Rudiments,,Rudiments,,,,Fills & Chops,,,,Luke,
23142,live,Exploring The Inverted Double,https://admin.musora.com/admin#/content/drumeo/23142,https://www.musora.com/drumeo/live-streams/985-exploring-the-inverted-double/23142,2015-03-24,Rudiments,,,,,,,,,,Luke,
23144,live,Question & Answer,https://admin.musora.com/admin#/content/drumeo/23144,https://www.musora.com/drumeo/live-streams/986-question-answer/23144,2015-03-24,Edutainment,,,,,,,,Other,,Luke,
23144,live,Question & Answer,https://admin.musora.com/admin#/content/drumeo/23144,https://www.musora.com/drumeo/live-streams/986-question-answer/23144,2015-03-24,Edutainment,,,,,,,,,,Luke,
23152,live,Broken-Diddle Beat Filler,https://admin.musora.com/admin#/content/drumeo/23152,https://www.musora.com/drumeo/live-streams/987-broken-diddle-beat-filler/23152,2015-03-25,Beats,,Rudiments,,,,Grooves,Fills & Chops,,,Luke,
23152,live,Broken-Diddle Beat Filler,https://admin.musora.com/admin#/content/drumeo/23152,https://www.musora.com/drumeo/live-streams/987-broken-diddle-beat-filler/23152,2015-03-25,Beats,,,,,,,,,,Luke,
23152,live,Broken-Diddle Beat Filler,https://admin.musora.com/admin#/content/drumeo/23152,https://www.musora.com/drumeo/live-streams/987-broken-diddle-beat-filler/23152,2015-03-25,Fills,,,,,,,,,,Luke,
23152,live,Broken-Diddle Beat Filler,https://admin.musora.com/admin#/content/drumeo/23152,https://www.musora.com/drumeo/live-streams/987-broken-diddle-beat-filler/23152,2015-03-25,Fills,,,,,,,,,,Luke,
23171,live,Reverse-Hand Grooves,https://admin.musora.com/admin#/content/drumeo/23171,https://www.musora.com/drumeo/live-streams/988-reverse-hand-grooves/23171,2015-03-26,Beats,,,,,,Grooves,Independence,,,Luke,
23171,live,Reverse-Hand Grooves,https://admin.musora.com/admin#/content/drumeo/23171,https://www.musora.com/drumeo/live-streams/988-reverse-hand-grooves/23171,2015-03-26,Beats,,,,,,,,,,Luke,
23185,live,Tips From The Producer,https://admin.musora.com/admin#/content/drumeo/23185,https://www.musora.com/drumeo/live-streams/990-tips-from-the-producer/23185,2015-03-30,Edutainment,,,,,,,,Gigging Tips & Gear,,Luke,
23185,live,Tips From The Producer,https://admin.musora.com/admin#/content/drumeo/23185,https://www.musora.com/drumeo/live-streams/990-tips-from-the-producer/23185,2015-03-30,Edutainment,,,,,,,,,,Luke,
23192,live,"James Brown - The ""Fatback"" Beat #2",https://admin.musora.com/admin#/content/drumeo/23192,https://www.musora.com/drumeo/live-streams/991-james-brown-the-fatback-beat-2/23192,2015-03-31,Beats,Funk/Disco,,,,,Grooves,,,,Luke,
23194,live,Applying The Constant-Release Technique,https://admin.musora.com/admin#/content/drumeo/23194,https://www.musora.com/drumeo/live-streams/992-applying-the-constant-release-technique/23194,2015-03-31,Technique,,Foot Technique,,,,,,,,Luke,
23194,live,Applying The Constant-Release Technique,https://admin.musora.com/admin#/content/drumeo/23194,https://www.musora.com/drumeo/live-streams/992-applying-the-constant-release-technique/23194,2015-03-31,Technique,,,,,,,,,,Luke,
23199,live,Latin Independence - The Tumbao,https://admin.musora.com/admin#/content/drumeo/23199,https://www.musora.com/drumeo/live-streams/993-latin-independence-the-tumbao/23199,2015-04-01,Independence,Latin/World,,,,,Grooves,Independence,,,Luke,
23201,live,Building A Vocabulary In Jazz #1,https://admin.musora.com/admin#/content/drumeo/23201,https://www.musora.com/drumeo/live-streams/994-building-a-vocabulary-in-jazz-1/23201,2015-04-02,Independence,Jazz/Blues,,,Ear Training,,Fills & Chops,Making Music,,,Luke,
23203,live,"James Brown - The ""Fatback"" Beat #3",https://admin.musora.com/admin#/content/drumeo/23203,https://www.musora.com/drumeo/live-streams/995-james-brown-the-fatback-beat-3/23203,2015-04-03,Beats,Funk/Disco,,,,,Grooves,,,,Luke,
23203,live,"James Brown - The ""Fatback"" Beat #3",https://admin.musora.com/admin#/content/drumeo/23203,https://www.musora.com/drumeo/live-streams/995-james-brown-the-fatback-beat-3/23203,2015-04-03,Beats,,,,,,,,,,Luke,
23207,live,4-Way Coordination - Page 8,https://admin.musora.com/admin#/content/drumeo/23207,https://www.musora.com/drumeo/live-streams/997-4-way-coordination-page-8/23207,2015-04-05,Independence,,,,,,Independence,,,,Luke,
23216,live,Edgar's Practice Tips,https://admin.musora.com/admin#/content/drumeo/23216,https://www.musora.com/drumeo/live-streams/998-edgars-practice-tips/23216,2015-04-06,All,,,,,,,,Practice Tips,,Luke,
23220,live,The Hidden Components Of Drumming,https://admin.musora.com/admin#/content/drumeo/23220,https://www.musora.com/drumeo/live-streams/999-the-hidden-components-of-drumming/23220,2015-04-07,Musicality,,Dynamics,,,,Independence,Making Music,,,Luke,
23232,live,Creative Soloing & Freedom,https://admin.musora.com/admin#/content/drumeo/23232,https://www.musora.com/drumeo/live-streams/1000-creative-soloing-freedom/23232,2015-04-08,Ear Training,,,,Ear Training,,Independence,Making Music,,,Luke,
23232,live,Creative Soloing & Freedom,https://admin.musora.com/admin#/content/drumeo/23232,https://www.musora.com/drumeo/live-streams/1000-creative-soloing-freedom/23232,2015-04-08,Musicality,,,,,,,,,,Luke,
23236,live,Maximizing Single Strokes,https://admin.musora.com/admin#/content/drumeo/23236,https://www.musora.com/drumeo/live-streams/1001-maximizing-single-strokes/23236,2015-04-09,Fills,,Rudiments,Dynamics,,,Fills & Chops,,,,Luke,
23236,live,Maximizing Single Strokes,https://admin.musora.com/admin#/content/drumeo/23236,https://www.musora.com/drumeo/live-streams/1001-maximizing-single-strokes/23236,2015-04-09,Rudiments,,,,,,,,,,Luke,
23238,live,"James Brown - Charleston Beat & ""Jab'o"" Starks",https://admin.musora.com/admin#/content/drumeo/23238,https://www.musora.com/drumeo/live-streams/1002-james-brown-the-charleston-beat-jabo-starks/23238,2015-04-10,Beats,Funk/Disco,,,,,Grooves,,,,Luke,
23238,live,"James Brown - Charleston Beat & ""Jab'o"" Starks",https://admin.musora.com/admin#/content/drumeo/23238,https://www.musora.com/drumeo/live-streams/1002-james-brown-the-charleston-beat-jabo-starks/23238,2015-04-10,Beats,,,,,,,,,,Luke,
23241,live,Iconic Drum Intros - Metal,https://admin.musora.com/admin#/content/drumeo/23241,https://www.musora.com/drumeo/live-streams/1003-iconic-drum-intros-metal/23241,2015-04-12,Beats,Hard Rock/Metal,,,,,Grooves,Fills & Chops,,,Luke,
23241,live,Iconic Drum Intros - Metal,https://admin.musora.com/admin#/content/drumeo/23241,https://www.musora.com/drumeo/live-streams/1003-iconic-drum-intros-metal/23241,2015-04-12,Beats,,,,,,,,,,Luke,
23241,live,Iconic Drum Intros - Metal,https://admin.musora.com/admin#/content/drumeo/23241,https://www.musora.com/drumeo/live-streams/1003-iconic-drum-intros-metal/23241,2015-04-12,Fills,,,,,,,,,,Luke,
23241,live,Iconic Drum Intros - Metal,https://admin.musora.com/admin#/content/drumeo/23241,https://www.musora.com/drumeo/live-streams/1003-iconic-drum-intros-metal/23241,2015-04-12,Fills,,,,,,,,,,Luke,
232649,live,Musical Drumming In Different Styles,https://admin.musora.com/admin#/content/drumeo/232649,https://www.musora.com/drumeo/live-streams/musical-drumming-in-different-styles/232649,2019-09-16,Styles,,,,Ear Training,,Making Music,,,,Luke,
23286,live,One-Handed Fills,https://admin.musora.com/admin#/content/drumeo/23286,https://www.musora.com/drumeo/live-streams/1004-one-handed-fills/23286,2015-04-13,Fills,,Hand Technique,,,,Fills & Chops,Independence,,,Luke,
23286,live,One-Handed Fills,https://admin.musora.com/admin#/content/drumeo/23286,https://www.musora.com/drumeo/live-streams/1004-one-handed-fills/23286,2015-04-13,Fills,,,,,,,,,,Luke,
23291,live,Re-inforced Ghost Notes,https://admin.musora.com/admin#/content/drumeo/23291,https://www.musora.com/drumeo/live-streams/1005-re-inforced-ghost-notes/23291,2015-04-14,Beats,,Dynamics,,,,Grooves,,,,Luke,
23291,live,Re-inforced Ghost Notes,https://admin.musora.com/admin#/content/drumeo/23291,https://www.musora.com/drumeo/live-streams/1005-re-inforced-ghost-notes/23291,2015-04-14,Beats,,,,,,,,,,Luke,
23293,live,Dynamics Within Rock & Blues,https://admin.musora.com/admin#/content/drumeo/23293,https://www.musora.com/drumeo/live-streams/1006-dynamics-within-rock-blues/23293,2015-04-15,Musicality,Pop/Rock,Dynamics,,,,,,,,Luke,
23295,live,Building A Vocabulary In Jazz #2,https://admin.musora.com/admin#/content/drumeo/23295,https://www.musora.com/drumeo/live-streams/1007-building-a-vocabulary-in-jazz-2/23295,2015-04-16,Independence,Jazz/Blues,,,,,Independence,Making Music,,,Luke,
23299,live,Aaron's Advanced Paradiddle Grooves,https://admin.musora.com/admin#/content/drumeo/23299,https://www.musora.com/drumeo/live-streams/1009-aarons-advanced-paradiddle-grooves/23299,2015-04-19,Beats,,Rudiments,,,,Grooves,,,,Luke,
233365,live,Creating Modern Grooves,https://admin.musora.com/admin#/content/drumeo/233365,https://www.musora.com/drumeo/live-streams/tba/233365,2019-10-02,Beats,,Timing,,,,Grooves,Making Music,Gigging Tips & Gear,Practice Tips,Luke,
233365,live,Creating Modern Grooves,https://admin.musora.com/admin#/content/drumeo/233365,https://www.musora.com/drumeo/live-streams/tba/233365,2019-10-02,Beats,,,,,,,,,,Luke,
234094,live,Why The Paradiddle Is So Important,https://admin.musora.com/admin#/content/drumeo/234094,https://www.musora.com/drumeo/live-streams/tips-for-the-late-beginner-drummer/234094,2019-10-07,Rudiments,,Rudiments,,,,,,,,Luke,
23421,live,Traditional Djembe Rhythms,https://admin.musora.com/admin#/content/drumeo/23421,https://www.musora.com/drumeo/live-streams/1011-traditional-djembe-rhythms/23421,2015-04-21,Beats,Latin/World,Hand Technique,,Ear Training,,,,,,Luke,
23425,live,How To Transcribe Songs,https://admin.musora.com/admin#/content/drumeo/23425,https://www.musora.com/drumeo/live-streams/1012-how-to-transcribe-songs/23425,2015-04-22,Ear Training,,,,Ear Training,Notation,,,Gigging Tips & Gear,Practice Tips,Luke,
23427,live,First Steps To Samba,https://admin.musora.com/admin#/content/drumeo/23427,https://www.musora.com/drumeo/live-streams/1013-first-steps-to-samba/23427,2015-04-23,Beats,Latin/World,,,,,Grooves,Independence,,,Luke,
23427,live,First Steps To Samba,https://admin.musora.com/admin#/content/drumeo/23427,https://www.musora.com/drumeo/live-streams/1013-first-steps-to-samba/23427,2015-04-23,Styles,,,,,,,,,,Luke,
23429,live,James Brown - Swing Grooves #1,https://admin.musora.com/admin#/content/drumeo/23429,https://www.musora.com/drumeo/live-streams/1014-james-brown-swing-grooves-1/23429,2015-04-24,Beats,Funk/Disco,,,,,Grooves,,,,Luke,
23433,live,Left Handed Drummers,https://admin.musora.com/admin#/content/drumeo/23433,https://www.musora.com/drumeo/live-streams/1016-left-handed-drummers/23433,2015-04-26,All,,Setup & Tuning,,,,,,Other,,Luke,
23456,live,Building A Vocabulary In Jazz #3,https://admin.musora.com/admin#/content/drumeo/23456,https://www.musora.com/drumeo/live-streams/1020-building-a-vocabulary-in-jazz-3/23456,2015-04-30,Independence,Jazz/Blues,,,,,Independence,Making Music,,,Luke,
23458,live,James Brown - Swing Grooves #2,https://admin.musora.com/admin#/content/drumeo/23458,https://www.musora.com/drumeo/live-streams/1021-james-brown-swing-grooves-2/23458,2015-05-01,Beats,Funk/Disco,,,,,Grooves,,,,Luke,
23462,live,4-Way Coordination - Page 8 Continued,https://admin.musora.com/admin#/content/drumeo/23462,https://www.musora.com/drumeo/live-streams/1022-4-way-coordination-page-8-continued/23462,2015-05-03,Independence,,,,,,Independence,,,,Luke,
23462,live,4-Way Coordination - Page 8 Continued,https://admin.musora.com/admin#/content/drumeo/23462,https://www.musora.com/drumeo/live-streams/1022-4-way-coordination-page-8-continued/23462,2015-05-03,Independence,,,,,,,,,,Luke,
23478,live,Two Hits & One Kick,https://admin.musora.com/admin#/content/drumeo/23478,https://www.musora.com/drumeo/live-streams/1019-two-hits-one-kick/23478,2015-04-29,Fills,,,,,,Fills & Chops,,,,Luke,
23478,live,Two Hits & One Kick,https://admin.musora.com/admin#/content/drumeo/23478,https://www.musora.com/drumeo/live-streams/1019-two-hits-one-kick/23478,2015-04-29,Fills,,,,,,,,,,Luke,
23492,live,Applying Technique On The Drum-set,https://admin.musora.com/admin#/content/drumeo/23492,https://www.musora.com/drumeo/live-streams/1023-applying-technique-on-the-drum-set/23492,2015-05-04,Independence,,Hand Technique,Foot Technique,,,Independence,Making Music,,,Luke,
23492,live,Applying Technique On The Drum-set,https://admin.musora.com/admin#/content/drumeo/23492,https://www.musora.com/drumeo/live-streams/1023-applying-technique-on-the-drum-set/23492,2015-05-04,Technique,,,,,,,,,,Luke,
23498,live,Flam Finger Workout,https://admin.musora.com/admin#/content/drumeo/23498,https://www.musora.com/drumeo/live-streams/1025-flam-finger-workout/23498,2015-05-07,Rudiments,,Rudiments,Hand Technique,,,,,,,Luke,
23498,live,Flam Finger Workout,https://admin.musora.com/admin#/content/drumeo/23498,https://www.musora.com/drumeo/live-streams/1025-flam-finger-workout/23498,2015-05-07,Rudiments,,,,,,,,,,Luke,
23513,live,James Brown - Swing Grooves #3,https://admin.musora.com/admin#/content/drumeo/23513,https://www.musora.com/drumeo/live-streams/1027-james-brown-swing-grooves-3/23513,2015-05-08,Beats,Funk/Disco,,,,,Grooves,,,,Luke,
23516,live,Top-Secret Hi-Hat Tricks,https://admin.musora.com/admin#/content/drumeo/23516,https://www.musora.com/drumeo/live-streams/1026-top-secret-hi-hat-tricks/23516,2015-05-07,Beats,,Hand Technique,Foot Technique,,,Grooves,,,,Luke,
235166,live,25 Drum Hacks Every Drummer Can Do,https://admin.musora.com/admin#/content/drumeo/235166,https://www.musora.com/drumeo/live-streams/tba/235166,2019-10-25,Gear,,Setup & Tuning,,,,,,Gigging Tips & Gear,,Luke,
23518,live,Edgar's Disco Dance Party Beats,https://admin.musora.com/admin#/content/drumeo/23518,https://www.musora.com/drumeo/live-streams/1029-edgars-disco-dance-party-beats/23518,2015-05-10,Beats,Funk/Disco,,,,,Grooves,,,,Luke,
23518,live,Edgar's Disco Dance Party Beats,https://admin.musora.com/admin#/content/drumeo/23518,https://www.musora.com/drumeo/live-streams/1029-edgars-disco-dance-party-beats/23518,2015-05-10,Beats,,,,,,,,,,Luke,
235632,live,7 Steps To Mastering Drum Fills,https://admin.musora.com/admin#/content/drumeo/235632,https://www.musora.com/drumeo/live-streams/7-steps-to-mastering-drum-fills/235632,2019-10-30,Fills,,,,,,Fills & Chops,,,,Luke,
23566,live,Combining Rudiments - Rolls & Diddles #1,https://admin.musora.com/admin#/content/drumeo/23566,https://www.musora.com/drumeo/live-streams/1032-combining-rudiments-in-a-musical-phrase-rolls-diddles/23566,2015-05-15,Rudiments,,Rudiments,,,,,,,,Luke,
23566,live,Combining Rudiments - Rolls & Diddles #1,https://admin.musora.com/admin#/content/drumeo/23566,https://www.musora.com/drumeo/live-streams/1032-combining-rudiments-in-a-musical-phrase-rolls-diddles/23566,2015-05-15,Rudiments,,,,,,,,,,Luke,
235667,live,Creating Your Own Drum Identity,https://admin.musora.com/admin#/content/drumeo/235667,https://www.musora.com/drumeo/live-streams/creating-your-own-drum-identity/235667,2019-11-04,Musicality,,,,,,Making Music,,Other,,Luke,
23588,live,The Art & Science Of Groove,https://admin.musora.com/admin#/content/drumeo/23588,https://www.musora.com/drumeo/live-streams/1035-the-art-science-of-groove/23588,2015-05-18,Beats,,Timing,,Ear Training,,Grooves,Making Music,,,Luke,
23588,live,The Art & Science Of Groove,https://admin.musora.com/admin#/content/drumeo/23588,https://www.musora.com/drumeo/live-streams/1035-the-art-science-of-groove/23588,2015-05-18,Musicality,,,,,,,,,,Luke,
23592,live,Ghosting In Grooves #2,https://admin.musora.com/admin#/content/drumeo/23592,https://www.musora.com/drumeo/live-streams/1036-ghosting-in-grooves-2/23592,2015-05-19,Beats,,Dynamics,,,,Grooves,,,,Luke,
23592,live,Ghosting In Grooves #2,https://admin.musora.com/admin#/content/drumeo/23592,https://www.musora.com/drumeo/live-streams/1036-ghosting-in-grooves-2/23592,2015-05-19,Beats,,,,,,,,,,Luke,
23594,live,Samba Independence,https://admin.musora.com/admin#/content/drumeo/23594,https://www.musora.com/drumeo/live-streams/1037-samba-independence/23594,2015-05-20,Independence,Latin/World,,,,,Independence,Grooves,,,Luke,
23594,live,Samba Independence,https://admin.musora.com/admin#/content/drumeo/23594,https://www.musora.com/drumeo/live-streams/1037-samba-independence/23594,2015-05-20,Styles,,,,,,,,,,Luke,
23617,live,Subdivision Superpowers,https://admin.musora.com/admin#/content/drumeo/23617,https://www.musora.com/drumeo/live-streams/1038-subdivision-superpowers/23617,2015-05-21,Beats,,Timing,,Ear Training,,,,,,Luke,
23617,live,Subdivision Superpowers,https://admin.musora.com/admin#/content/drumeo/23617,https://www.musora.com/drumeo/live-streams/1038-subdivision-superpowers/23617,2015-05-21,Beats,,,,,,,,,,Luke,
23617,live,Subdivision Superpowers,https://admin.musora.com/admin#/content/drumeo/23617,https://www.musora.com/drumeo/live-streams/1038-subdivision-superpowers/23617,2015-05-21,Fills,,,,,,,,,,Luke,
23617,live,Subdivision Superpowers,https://admin.musora.com/admin#/content/drumeo/23617,https://www.musora.com/drumeo/live-streams/1038-subdivision-superpowers/23617,2015-05-21,Fills,,,,,,,,,,Luke,
23617,live,Subdivision Superpowers,https://admin.musora.com/admin#/content/drumeo/23617,https://www.musora.com/drumeo/live-streams/1038-subdivision-superpowers/23617,2015-05-21,Theory,,,,,,,,,,Luke,
23617,live,Subdivision Superpowers,https://admin.musora.com/admin#/content/drumeo/23617,https://www.musora.com/drumeo/live-streams/1038-subdivision-superpowers/23617,2015-05-21,Theory,,,,,,,,,,Luke,
23619,live,Combining Rudiments - Rolls & Diddles #2,https://admin.musora.com/admin#/content/drumeo/23619,https://www.musora.com/drumeo/live-streams/1039-combining-rudiments-in-a-musical-phrase-rolls-diddles-2/23619,2015-05-22,Rudiments,,Rudiments,,,,,,,,Luke,
23619,live,Combining Rudiments - Rolls & Diddles #2,https://admin.musora.com/admin#/content/drumeo/23619,https://www.musora.com/drumeo/live-streams/1039-combining-rudiments-in-a-musical-phrase-rolls-diddles-2/23619,2015-05-22,Rudiments,,,,,,,,,,Luke,
23623,live,Funky Cowbell Grooves #1,https://admin.musora.com/admin#/content/drumeo/23623,https://www.musora.com/drumeo/live-streams/1041-funky-cowbell-grooves-1/23623,2015-05-24,Beats,Funk/Disco,Setup & Tuning,,,,Grooves,,Gigging Tips & Gear,,Luke,
23655,live,Blast-Beat Speed & Endurance,https://admin.musora.com/admin#/content/drumeo/23655,https://www.musora.com/drumeo/live-streams/1043-blast-beat-speed-endurance/23655,2015-05-26,Beats,Hard Rock/Metal,Hand Technique,,,,Grooves,Double Bass,,,Luke,
23655,live,Blast-Beat Speed & Endurance,https://admin.musora.com/admin#/content/drumeo/23655,https://www.musora.com/drumeo/live-streams/1043-blast-beat-speed-endurance/23655,2015-05-26,Technique,,,,,,,,,,Luke,
23659,live,Building A Vocabulary In Jazz #4,https://admin.musora.com/admin#/content/drumeo/23659,https://www.musora.com/drumeo/live-streams/1045-building-a-vocabulary-in-jazz-4/23659,2015-05-28,Independence,Jazz/Blues,,,,,Independence,Making Music,,,Luke,
23661,live,The Purdie Shuffle,https://admin.musora.com/admin#/content/drumeo/23661,https://www.musora.com/drumeo/live-streams/1046-the-purdie-shuffle/23661,2015-05-29,Beats,,,,,,Grooves,,,,Luke,
23667,live,Funk/Fusion Grooving,https://admin.musora.com/admin#/content/drumeo/23667,https://www.musora.com/drumeo/live-streams/1048-funkfusion-grooving/23667,2015-05-31,Beats,Funk/Disco,Timing,,,,Grooves,,,,Luke,
23667,live,Funk/Fusion Grooving,https://admin.musora.com/admin#/content/drumeo/23667,https://www.musora.com/drumeo/live-streams/1048-funkfusion-grooving/23667,2015-05-31,Beats,,,,,,,,,,Luke,
23667,live,Funk/Fusion Grooving,https://admin.musora.com/admin#/content/drumeo/23667,https://www.musora.com/drumeo/live-streams/1048-funkfusion-grooving/23667,2015-05-31,Styles,,,,,,,,,,Luke,
23667,live,Funk/Fusion Grooving,https://admin.musora.com/admin#/content/drumeo/23667,https://www.musora.com/drumeo/live-streams/1048-funkfusion-grooving/23667,2015-05-31,Styles,,,,,,,,,,Luke,
236732,live,Building Epic Fills With Your Kick,https://admin.musora.com/admin#/content/drumeo/236732,https://www.musora.com/drumeo/live-streams/tba/236732,2019-11-21,Fills,,,,,,Fills & Chops,,,,Luke,
236732,live,Building Epic Fills With Your Kick,https://admin.musora.com/admin#/content/drumeo/236732,https://www.musora.com/drumeo/live-streams/tba/236732,2019-11-21,Fills,,,,,,,,,,Luke,
23698,live,Realistic Rock - Linear Rock Beats,https://admin.musora.com/admin#/content/drumeo/23698,https://www.musora.com/drumeo/live-streams/1049-realistic-rock-linear-rock-beats-2/23698,2015-06-01,Beats,Pop/Rock,,,,,Fills & Chops,Grooves,,,Luke,
23702,live,Funky Cowbell Grooves #2,https://admin.musora.com/admin#/content/drumeo/23702,https://www.musora.com/drumeo/live-streams/1050-funky-cowbell-grooves-2/23702,2015-06-02,Beats,Funk/Disco,Setup & Tuning,,,,Grooves,,Gigging Tips & Gear,,Luke,
23702,live,Funky Cowbell Grooves #2,https://admin.musora.com/admin#/content/drumeo/23702,https://www.musora.com/drumeo/live-streams/1050-funky-cowbell-grooves-2/23702,2015-06-02,Beats,,,,,,,,,,Luke,
23704,live,Career Longevity & Groove Showmanship,https://admin.musora.com/admin#/content/drumeo/23704,https://www.musora.com/drumeo/live-streams/1051-a-live-lesson-with-a-groove-master/23704,2015-06-03,All,,,,,,Grooves,,Gigging Tips & Gear,Other,Luke,
23704,live,Career Longevity & Groove Showmanship,https://admin.musora.com/admin#/content/drumeo/23704,https://www.musora.com/drumeo/live-streams/1051-a-live-lesson-with-a-groove-master/23704,2015-06-03,All,,,,,,,,,,Luke,
23709,live,16th-Note Groove Workout,https://admin.musora.com/admin#/content/drumeo/23709,https://www.musora.com/drumeo/live-streams/1052-16th-note-groove-workout/23709,2015-06-04,Beats,,,,,,Grooves,Fills & Chops,,,Luke,
23709,live,16th-Note Groove Workout,https://admin.musora.com/admin#/content/drumeo/23709,https://www.musora.com/drumeo/live-streams/1052-16th-note-groove-workout/23709,2015-06-04,Beats,,,,,,,,,,Luke,
23711,live,"Combining Rudiments - Drags, 6-Stroke Rolls & Ratamacues",https://admin.musora.com/admin#/content/drumeo/23711,https://www.musora.com/drumeo/live-streams/1053-combining-rudiments-drags-6-stroke-rolls-ratamacues/23711,2015-06-05,Rudiments,,Rudiments,,,,,,,,Luke,
23711,live,"Combining Rudiments - Drags, 6-Stroke Rolls & Ratamacues",https://admin.musora.com/admin#/content/drumeo/23711,https://www.musora.com/drumeo/live-streams/1053-combining-rudiments-drags-6-stroke-rolls-ratamacues/23711,2015-06-05,Rudiments,,,,,,,,,,Luke,
23715,live,Funky Cowbell Grooves #3,https://admin.musora.com/admin#/content/drumeo/23715,https://www.musora.com/drumeo/live-streams/1055-funky-cowbell-grooves-3/23715,2015-06-07,Beats,Funk/Disco,Setup & Tuning,,,,Grooves,,Gigging Tips & Gear,,Luke,
23748,live,Go-To Fusion Licks,https://admin.musora.com/admin#/content/drumeo/23748,https://www.musora.com/drumeo/live-streams/1056-go-to-fusion-licks/23748,2015-06-08,Fills,Funk/Disco,,,,,Fills & Chops,,,,Luke,
23750,live,Blues Sub-Genres,https://admin.musora.com/admin#/content/drumeo/23750,https://www.musora.com/drumeo/live-streams/1057-blues-sub-genres/23750,2015-06-09,Styles,Jazz/Blues,,,,,Making Music,,,,Luke,
23750,live,Blues Sub-Genres,https://admin.musora.com/admin#/content/drumeo/23750,https://www.musora.com/drumeo/live-streams/1057-blues-sub-genres/23750,2015-06-09,Styles,,,,,,,,,,Luke,
23752,live,Applying The Swiss Triplet In Jazz,https://admin.musora.com/admin#/content/drumeo/23752,https://www.musora.com/drumeo/live-streams/1058-applying-the-swiss-triplet-in-jazz/23752,2015-06-11,Rudiments,Jazz/Blues,Rudiments,,,,Fills & Chops,,,,Luke,
23754,live,Combining Rudiments - Flams,https://admin.musora.com/admin#/content/drumeo/23754,https://www.musora.com/drumeo/live-streams/1059-combining-rudiments-in-a-musical-phrase-flams/23754,2015-06-12,Rudiments,,Rudiments,,,,,,,,Luke,
23754,live,Combining Rudiments - Flams,https://admin.musora.com/admin#/content/drumeo/23754,https://www.musora.com/drumeo/live-streams/1059-combining-rudiments-in-a-musical-phrase-flams/23754,2015-06-12,Rudiments,,,,,,,,,,Luke,
23759,live,Practice Pad PUMP - 5 Exhausting Hand-Workouts,https://admin.musora.com/admin#/content/drumeo/23759,https://www.musora.com/drumeo/live-streams/1060-practice-pad-pump-5-exhausting-hand-workouts-1/23759,2015-06-13,Rudiments,,Hand Technique,,,,,,,,Luke,
23761,live,China-Cymbal Grooves,https://admin.musora.com/admin#/content/drumeo/23761,https://www.musora.com/drumeo/live-streams/1061-china-cymbal-grooves/23761,2015-06-14,Beats,,,,,,Grooves,,Gigging Tips & Gear,,Luke,
23761,live,China-Cymbal Grooves,https://admin.musora.com/admin#/content/drumeo/23761,https://www.musora.com/drumeo/live-streams/1061-china-cymbal-grooves/23761,2015-06-14,Beats,,,,,,,,,,Luke,
23777,live,How To Learn Songs Quickly,https://admin.musora.com/admin#/content/drumeo/23777,https://www.musora.com/drumeo/live-streams/1062-how-to-learn-songs-quickly/23777,2015-06-15,Ear Training,,,,Ear Training,,,,Gigging Tips & Gear,Practice Tips,Luke,
23797,live,Herta Drum Fills,https://admin.musora.com/admin#/content/drumeo/23797,https://www.musora.com/drumeo/live-streams/1063-herta-drum-fills/23797,2015-06-16,Fills,,Rudiments,,,,Fills & Chops,,,,Luke,
23797,live,Herta Drum Fills,https://admin.musora.com/admin#/content/drumeo/23797,https://www.musora.com/drumeo/live-streams/1063-herta-drum-fills/23797,2015-06-16,Fills,,,,,,,,,,Luke,
23805,live,Question & Answer,https://admin.musora.com/admin#/content/drumeo/23805,https://www.musora.com/drumeo/live-streams/1064-question-answer/23805,2015-06-17,Edutainment,,,,,,,,Other,,Luke,
23805,live,Question & Answer,https://admin.musora.com/admin#/content/drumeo/23805,https://www.musora.com/drumeo/live-streams/1064-question-answer/23805,2015-06-17,Edutainment,,,,,,,,,,Luke,
23807,live,How To Tune A Djembe,https://admin.musora.com/admin#/content/drumeo/23807,https://www.musora.com/drumeo/live-streams/1065-how-to-tune-a-djembe/23807,2015-06-17,Beats,,Setup & Tuning,,,,,,,,Luke,
23807,live,How To Tune A Djembe,https://admin.musora.com/admin#/content/drumeo/23807,https://www.musora.com/drumeo/live-streams/1065-how-to-tune-a-djembe/23807,2015-06-17,Beats,,,,,,,,,,Luke,
23807,live,How To Tune A Djembe,https://admin.musora.com/admin#/content/drumeo/23807,https://www.musora.com/drumeo/live-streams/1065-how-to-tune-a-djembe/23807,2015-06-17,Technique,,,,,,,,,,Luke,
23807,live,How To Tune A Djembe,https://admin.musora.com/admin#/content/drumeo/23807,https://www.musora.com/drumeo/live-streams/1065-how-to-tune-a-djembe/23807,2015-06-17,Technique,,,,,,,,,,Luke,
23809,live,Pat's Personal Warm-ups & Chop Builders,https://admin.musora.com/admin#/content/drumeo/23809,https://www.musora.com/drumeo/live-streams/1066-pats-personal-warm-ups-chop-builders/23809,2015-06-19,Rudiments,,Rudiments,,,,Fills & Chops,,Gigging Tips & Gear,Practice Tips,Luke,
23816,live,Stack-Cymbal Grooves,https://admin.musora.com/admin#/content/drumeo/23816,https://www.musora.com/drumeo/live-streams/1068-stack-cymbal-grooves/23816,2015-06-21,Beats,,,,,,Grooves,,Gigging Tips & Gear,,Luke,
23818,live,The Bo Diddley Beat,https://admin.musora.com/admin#/content/drumeo/23818,https://www.musora.com/drumeo/live-streams/1069-the-bo-diddley-beat/23818,2015-06-22,Beats,Pop/Rock,,,,,Grooves,,,,Luke,
23824,live,Floor-Tom It Up,https://admin.musora.com/admin#/content/drumeo/23824,https://www.musora.com/drumeo/live-streams/1071-floor-tom-it-up/23824,2015-06-24,Beats,,,,,,Grooves,Fills & Chops,,,Luke,
23824,live,Floor-Tom It Up,https://admin.musora.com/admin#/content/drumeo/23824,https://www.musora.com/drumeo/live-streams/1071-floor-tom-it-up/23824,2015-06-24,Fills,,,,,,,,,,Luke,
23828,live,Developing A Musical Solo - Phrasing Ideas,https://admin.musora.com/admin#/content/drumeo/23828,https://www.musora.com/drumeo/live-streams/1073-developing-a-musical-solo-phrasing-ideas/23828,2015-06-26,Musicality,,,,Ear Training,,Fills & Chops,Making Music,,,Luke,
23828,live,Developing A Musical Solo - Phrasing Ideas,https://admin.musora.com/admin#/content/drumeo/23828,https://www.musora.com/drumeo/live-streams/1073-developing-a-musical-solo-phrasing-ideas/23828,2015-06-26,Musicality,,,,,,,,,,Luke,
23830,live,Adam's Triplet Showdown #1,https://admin.musora.com/admin#/content/drumeo/23830,https://www.musora.com/drumeo/live-streams/1074-adams-triplet-showdown-1/23830,2015-06-27,Fills,,,,,,Fills & Chops,,,,Luke,
23830,live,Adam's Triplet Showdown #1,https://admin.musora.com/admin#/content/drumeo/23830,https://www.musora.com/drumeo/live-streams/1074-adams-triplet-showdown-1/23830,2015-06-27,Fills,,,,,,,,,,Luke,
23832,live,4-Way Coordination - Page 9,https://admin.musora.com/admin#/content/drumeo/23832,https://www.musora.com/drumeo/live-streams/1075-4-way-coordination-page-9/23832,2015-06-28,Independence,,,,,,Independence,,,,Luke,
23832,live,4-Way Coordination - Page 9,https://admin.musora.com/admin#/content/drumeo/23832,https://www.musora.com/drumeo/live-streams/1075-4-way-coordination-page-9/23832,2015-06-28,Independence,,,,,,,,,,Luke,
23848,live,Storytelling On The Drums,https://admin.musora.com/admin#/content/drumeo/23848,https://www.musora.com/drumeo/live-streams/1076-storytelling-on-the-drums/23848,2015-06-29,Musicality,,,,Ear Training,,Making Music,,,,Luke,
23852,live,Funk/Pocket Groove Crafting,https://admin.musora.com/admin#/content/drumeo/23852,https://www.musora.com/drumeo/live-streams/1078-funkpocket-groove-crafting/23852,2015-07-03,Beats,Funk/Disco,Timing,,,,Grooves,Making Music,,,Luke,
23863,live,Switching Hands - A Jim Chapin Approach,https://admin.musora.com/admin#/content/drumeo/23863,https://www.musora.com/drumeo/live-streams/1077-switching-hands-a-jim-chapin-approach/23863,2015-06-30,Technique,,Hand Technique,Rudiments,,,,,,,Luke,
23863,live,Switching Hands - A Jim Chapin Approach,https://admin.musora.com/admin#/content/drumeo/23863,https://www.musora.com/drumeo/live-streams/1077-switching-hands-a-jim-chapin-approach/23863,2015-06-30,Technique,,,,,,,,,,Luke,
23894,live,Useful Rudiments For Modern Drummers,https://admin.musora.com/admin#/content/drumeo/23894,https://www.musora.com/drumeo/live-streams/1081-useful-rudiments-for-modern-drummers/23894,2015-07-06,Rudiments,,Rudiments,,,,,,,,Luke,
23898,live,Different Sounds With Brushes,https://admin.musora.com/admin#/content/drumeo/23898,https://www.musora.com/drumeo/live-streams/1082-different-sounds-with-brushes/23898,2015-07-07,Musicality,,Hand Technique,Setup & Tuning,Ear Training,,Making Music,,Gigging Tips & Gear,,Luke,
23903,live,Rudiment Burn - Double Drag Tap,https://admin.musora.com/admin#/content/drumeo/23903,https://www.musora.com/drumeo/live-streams/1083-rudiment-burn-double-drag-tap/23903,2015-07-08,Rudiments,,Rudiments,,,,,,,,Luke,
23903,live,Rudiment Burn - Double Drag Tap,https://admin.musora.com/admin#/content/drumeo/23903,https://www.musora.com/drumeo/live-streams/1083-rudiment-burn-double-drag-tap/23903,2015-07-08,Rudiments,,,,,,,,,,Luke,
23905,live,"John Scofield - ""So You Say""",https://admin.musora.com/admin#/content/drumeo/23905,https://www.musora.com/drumeo/live-streams/1084-john-scofield-so-you-say/23905,2015-07-10,Beats,Jazz/Blues,,,,,Grooves,,,,Luke,
23905,live,"John Scofield - ""So You Say""",https://admin.musora.com/admin#/content/drumeo/23905,https://www.musora.com/drumeo/live-streams/1084-john-scofield-so-you-say/23905,2015-07-10,Beats,,,,,,,,,,Luke,
23907,live,Adam's Triplet Showdown #2,https://admin.musora.com/admin#/content/drumeo/23907,https://www.musora.com/drumeo/live-streams/1085-adams-triplet-showdown-2/23907,2015-07-11,Fills,,,,,,Fills & Chops,,,,Luke,
23907,live,Adam's Triplet Showdown #2,https://admin.musora.com/admin#/content/drumeo/23907,https://www.musora.com/drumeo/live-streams/1085-adams-triplet-showdown-2/23907,2015-07-11,Fills,,,,,,,,,,Luke,
23909,live,Advanced China-Cymbal Grooves,https://admin.musora.com/admin#/content/drumeo/23909,https://www.musora.com/drumeo/live-streams/1086-advanced-china-cymbal-grooves/23909,2015-07-12,Beats,,Setup & Tuning,,,,Grooves,,Gigging Tips & Gear,,Luke,
239159,live,6 Guilty Pleasure Fills That Thrill,https://admin.musora.com/admin#/content/drumeo/239159,https://www.musora.com/drumeo/live-streams/live-with-stephane-chamberlane/239159,2019-12-12,Fills,,,,,,Grooves,,,,Luke,
239171,live,How To Master Your Snare Sound,https://admin.musora.com/admin#/content/drumeo/239171,https://www.musora.com/drumeo/live-streams/live-with-glen-sobel/239171,2019-12-12,Musicality,,Setup & Tuning,Hand Technique,,,,,Gigging Tips & Gear,,Luke,
239171,live,How To Master Your Snare Sound,https://admin.musora.com/admin#/content/drumeo/239171,https://www.musora.com/drumeo/live-streams/live-with-glen-sobel/239171,2019-12-12,Musicality,,,,,,,,,,Luke,
239171,live,How To Master Your Snare Sound,https://admin.musora.com/admin#/content/drumeo/239171,https://www.musora.com/drumeo/live-streams/live-with-glen-sobel/239171,2019-12-12,Technique,,,,,,,,,,Luke,
239171,live,How To Master Your Snare Sound,https://admin.musora.com/admin#/content/drumeo/239171,https://www.musora.com/drumeo/live-streams/live-with-glen-sobel/239171,2019-12-12,Technique,,,,,,,,,,Luke,
23933,live,Hi-Hat Phrasing,https://admin.musora.com/admin#/content/drumeo/23933,https://www.musora.com/drumeo/live-streams/1088-hi-hat-phrasing/23933,2015-07-14,Beats,,Timing,,Ear Training,,Fills & Chops,,,,Luke,
23937,live,The Open Backbeat,https://admin.musora.com/admin#/content/drumeo/23937,https://www.musora.com/drumeo/live-streams/1087-the-open-backbeat/23937,2015-07-13,Beats,,Setup & Tuning,,,,Grooves,,,,Luke,
23941,live,How To Play The Bongos,https://admin.musora.com/admin#/content/drumeo/23941,https://www.musora.com/drumeo/live-streams/1089-how-to-play-the-bongos/23941,2015-07-15,Beats,,Hand Technique,Setup & Tuning,,,Grooves,,Gigging Tips & Gear,,Luke,
23941,live,How To Play The Bongos,https://admin.musora.com/admin#/content/drumeo/23941,https://www.musora.com/drumeo/live-streams/1089-how-to-play-the-bongos/23941,2015-07-15,Beats,,,,,,,,,,Luke,
23941,live,How To Play The Bongos,https://admin.musora.com/admin#/content/drumeo/23941,https://www.musora.com/drumeo/live-streams/1089-how-to-play-the-bongos/23941,2015-07-15,Technique,,,,,,,,,,Luke,
23941,live,How To Play The Bongos,https://admin.musora.com/admin#/content/drumeo/23941,https://www.musora.com/drumeo/live-streams/1089-how-to-play-the-bongos/23941,2015-07-15,Technique,,,,,,,,,,Luke,
23970,live,"Iconic Drum Intros - ""Hot For Teacher""",https://admin.musora.com/admin#/content/drumeo/23970,https://www.musora.com/drumeo/live-streams/1092-iconic-drum-intros-hot-for-teacher/23970,2015-07-21,Beats,Hard Rock/Metal,,,,,Grooves,Double Bass,,,Luke,
23970,live,"Iconic Drum Intros - ""Hot For Teacher""",https://admin.musora.com/admin#/content/drumeo/23970,https://www.musora.com/drumeo/live-streams/1092-iconic-drum-intros-hot-for-teacher/23970,2015-07-21,Beats,,,,,,,,,,Luke,
23970,live,"Iconic Drum Intros - ""Hot For Teacher""",https://admin.musora.com/admin#/content/drumeo/23970,https://www.musora.com/drumeo/live-streams/1092-iconic-drum-intros-hot-for-teacher/23970,2015-07-21,Fills,,,,,,,,,,Luke,
23970,live,"Iconic Drum Intros - ""Hot For Teacher""",https://admin.musora.com/admin#/content/drumeo/23970,https://www.musora.com/drumeo/live-streams/1092-iconic-drum-intros-hot-for-teacher/23970,2015-07-21,Fills,,,,,,,,,,Luke,
23972,live,How To Jam With Other Drummers,https://admin.musora.com/admin#/content/drumeo/23972,https://www.musora.com/drumeo/live-streams/1093-how-to-jam-with-other-drummers/23972,2015-07-22,All,,,,Ear Training,,Making Music,,Gigging Tips & Gear,,Luke,
23972,live,How To Jam With Other Drummers,https://admin.musora.com/admin#/content/drumeo/23972,https://www.musora.com/drumeo/live-streams/1093-how-to-jam-with-other-drummers/23972,2015-07-22,All,,,,,,,,,,Luke,
23974,live,Moving-Around-The-Kit Workout,https://admin.musora.com/admin#/content/drumeo/23974,https://www.musora.com/drumeo/live-streams/1095-moving-around-the-kit-workout/23974,2015-07-26,Fills,,Hand Technique,,,,Fills & Chops,,,,Luke,
23981,live,Building The Blushda,https://admin.musora.com/admin#/content/drumeo/23981,https://www.musora.com/drumeo/live-streams/1094-building-the-blushda/23981,2015-07-25,Rudiments,,Rudiments,,,,,,,,Luke,
24027,live,How To Audition For A Band,https://admin.musora.com/admin#/content/drumeo/24027,https://www.musora.com/drumeo/live-streams/1096-how-to-audition-for-a-band/24027,2015-07-27,All,,,,,,,,Gigging Tips & Gear,,Luke,
24031,live,Jerry's Tips For Better Feel,https://admin.musora.com/admin#/content/drumeo/24031,https://www.musora.com/drumeo/live-streams/1097-jerrys-tips-for-better-feel/24031,2015-07-28,Musicality,,Timing,,Ear Training,,,,,,Luke,
24031,live,Jerry's Tips For Better Feel,https://admin.musora.com/admin#/content/drumeo/24031,https://www.musora.com/drumeo/live-streams/1097-jerrys-tips-for-better-feel/24031,2015-07-28,Musicality,,,,,,,,,,Luke,
24033,live,Bombfira Beats,https://admin.musora.com/admin#/content/drumeo/24033,https://www.musora.com/drumeo/live-streams/1098-bombfira-beats-1/24033,2015-07-29,Beats,Hip-Hop/Rap/EDM,,,,,Grooves,,,,Luke,
24033,live,Bombfira Beats,https://admin.musora.com/admin#/content/drumeo/24033,https://www.musora.com/drumeo/live-streams/1098-bombfira-beats-1/24033,2015-07-29,Beats,,,,,,,,,,Luke,
24033,live,Bombfira Beats,https://admin.musora.com/admin#/content/drumeo/24033,https://www.musora.com/drumeo/live-streams/1098-bombfira-beats-1/24033,2015-07-29,Styles,,,,,,,,,,Luke,
24033,live,Bombfira Beats,https://admin.musora.com/admin#/content/drumeo/24033,https://www.musora.com/drumeo/live-streams/1098-bombfira-beats-1/24033,2015-07-29,Styles,,,,,,,,,,Luke,
24035,live,6/8 Drum Beats,https://admin.musora.com/admin#/content/drumeo/24035,https://www.musora.com/drumeo/live-streams/1099-68-drum-beats/24035,2015-07-30,Beats,,,,Time Signatures,,Grooves,,,,Luke,
24037,live,Useful Rudiments For Advanced Drummers,https://admin.musora.com/admin#/content/drumeo/24037,https://www.musora.com/drumeo/live-streams/1101-useful-rudiments-for-advanced-drummers/24037,2015-08-02,Rudiments,,,Rudiments,,,,,,,Luke,
24037,live,Useful Rudiments For Advanced Drummers,https://admin.musora.com/admin#/content/drumeo/24037,https://www.musora.com/drumeo/live-streams/1101-useful-rudiments-for-advanced-drummers/24037,2015-08-02,Rudiments,,,,,,,,,,Luke,
24053,live,"The ""Amen Break""",https://admin.musora.com/admin#/content/drumeo/24053,https://www.musora.com/drumeo/live-streams/1102-the-amen-break-1/24053,2015-08-03,Beats,Funk/Disco,,,,,Grooves,,,,Luke,
24053,live,"The ""Amen Break""",https://admin.musora.com/admin#/content/drumeo/24053,https://www.musora.com/drumeo/live-streams/1102-the-amen-break-1/24053,2015-08-03,Beats,,,,,,,,,,Luke,
24074,live,Motown Grooves #1,https://admin.musora.com/admin#/content/drumeo/24074,https://www.musora.com/drumeo/live-streams/1105-motown-grooves-1/24074,2015-08-07,Beats,Funk/Disco,,,,,Grooves,,,,Luke,
24074,live,Motown Grooves #1,https://admin.musora.com/admin#/content/drumeo/24074,https://www.musora.com/drumeo/live-streams/1105-motown-grooves-1/24074,2015-08-07,Styles,,,,,,,,,,Luke,
24078,live,Modulating Your Grooves,https://admin.musora.com/admin#/content/drumeo/24078,https://www.musora.com/drumeo/live-streams/1107-modulating-your-grooves/24078,2015-08-09,Beats,,Timing,,Ear Training,Time Signatures,Grooves,,,,Luke,
24078,live,Modulating Your Grooves,https://admin.musora.com/admin#/content/drumeo/24078,https://www.musora.com/drumeo/live-streams/1107-modulating-your-grooves/24078,2015-08-09,Beats,,,,,,,,,,Luke,
24078,live,Modulating Your Grooves,https://admin.musora.com/admin#/content/drumeo/24078,https://www.musora.com/drumeo/live-streams/1107-modulating-your-grooves/24078,2015-08-09,Theory,,,,,,,,,,Luke,
24078,live,Modulating Your Grooves,https://admin.musora.com/admin#/content/drumeo/24078,https://www.musora.com/drumeo/live-streams/1107-modulating-your-grooves/24078,2015-08-09,Theory,,,,,,,,,,Luke,
24105,live,Developing A Consistent Double Stroke Roll,https://admin.musora.com/admin#/content/drumeo/24105,https://www.musora.com/drumeo/live-streams/1108-developing-a-consistent-double-stroke-roll/24105,2015-08-10,Rudiments,,Rudiments,,,,,,,,Luke,
24105,live,Developing A Consistent Double Stroke Roll,https://admin.musora.com/admin#/content/drumeo/24105,https://www.musora.com/drumeo/live-streams/1108-developing-a-consistent-double-stroke-roll/24105,2015-08-10,Technique,,,,,,,,,,Luke,
24112,live,Rudiment Burn - The Herta,https://admin.musora.com/admin#/content/drumeo/24112,https://www.musora.com/drumeo/live-streams/1109-rudiment-burn-the-herta/24112,2015-08-12,Rudiments,,Rudiments,,,,,,,,Luke,
24120,live,Swung Rock Grooves,https://admin.musora.com/admin#/content/drumeo/24120,https://www.musora.com/drumeo/live-streams/1110-swung-rock-grooves-1/24120,2015-08-12,Beats,Pop/Rock,,,,,Grooves,,,,Luke,
24120,live,Swung Rock Grooves,https://admin.musora.com/admin#/content/drumeo/24120,https://www.musora.com/drumeo/live-streams/1110-swung-rock-grooves-1/24120,2015-08-12,Beats,,,,,,,,,,Luke,
24124,live,Motown Grooves #2,https://admin.musora.com/admin#/content/drumeo/24124,https://www.musora.com/drumeo/live-streams/1111-motown-grooves-2/24124,2015-08-14,Beats,Funk/Disco,,,,,Grooves,,,,Luke,
24124,live,Motown Grooves #2,https://admin.musora.com/admin#/content/drumeo/24124,https://www.musora.com/drumeo/live-streams/1111-motown-grooves-2/24124,2015-08-14,Styles,,,,,,,,,,Luke,
24126,live,Breakbeat Workout,https://admin.musora.com/admin#/content/drumeo/24126,https://www.musora.com/drumeo/live-streams/1112-breakbeat-workout/24126,2015-08-16,Beats,Funk/Disco,,,,,Grooves,,,,Luke,
24126,live,Breakbeat Workout,https://admin.musora.com/admin#/content/drumeo/24126,https://www.musora.com/drumeo/live-streams/1112-breakbeat-workout/24126,2015-08-16,Beats,,,,,,,,,,Luke,
24126,live,Breakbeat Workout,https://admin.musora.com/admin#/content/drumeo/24126,https://www.musora.com/drumeo/live-streams/1112-breakbeat-workout/24126,2015-08-16,Styles,,,,,,,,,,Luke,
24126,live,Breakbeat Workout,https://admin.musora.com/admin#/content/drumeo/24126,https://www.musora.com/drumeo/live-streams/1112-breakbeat-workout/24126,2015-08-16,Styles,,,,,,,,,,Luke,
24141,live,How To Play The Timbales,https://admin.musora.com/admin#/content/drumeo/24141,https://www.musora.com/drumeo/live-streams/1113-how-to-play-the-timbales/24141,2015-08-17,Fills,Latin/World,Hand Technique,Setup & Tuning,,,,,Gigging Tips & Gear,,Luke,
24141,live,How To Play The Timbales,https://admin.musora.com/admin#/content/drumeo/24141,https://www.musora.com/drumeo/live-streams/1113-how-to-play-the-timbales/24141,2015-08-17,Styles,,,,,,,,,,Luke,
24145,live,Blues Licks,https://admin.musora.com/admin#/content/drumeo/24145,https://www.musora.com/drumeo/live-streams/1114-blues-licks/24145,2015-08-18,Fills,Jazz/Blues,,,,,Fills & Chops,,,,Luke,
24151,live,Motown Grooves #3,https://admin.musora.com/admin#/content/drumeo/24151,https://www.musora.com/drumeo/live-streams/1116-motown-grooves-3/24151,2015-08-21,Beats,Funk/Disco,,,,,Grooves,,,,Luke,
24151,live,Motown Grooves #3,https://admin.musora.com/admin#/content/drumeo/24151,https://www.musora.com/drumeo/live-streams/1116-motown-grooves-3/24151,2015-08-21,Styles,,,,,,,,,,Luke,
24153,live,Adam's Linear Dynamics,https://admin.musora.com/admin#/content/drumeo/24153,https://www.musora.com/drumeo/live-streams/1117-adams-linear-dynamics/24153,2015-08-22,Independence,,Dynamics,,,,Fills & Chops,,,,Luke,
24153,live,Adam's Linear Dynamics,https://admin.musora.com/admin#/content/drumeo/24153,https://www.musora.com/drumeo/live-streams/1117-adams-linear-dynamics/24153,2015-08-22,Independence,,,,,,,,,,Luke,
24153,live,Adam's Linear Dynamics,https://admin.musora.com/admin#/content/drumeo/24153,https://www.musora.com/drumeo/live-streams/1117-adams-linear-dynamics/24153,2015-08-22,Musicality,,,,,,,,,,Luke,
24153,live,Adam's Linear Dynamics,https://admin.musora.com/admin#/content/drumeo/24153,https://www.musora.com/drumeo/live-streams/1117-adams-linear-dynamics/24153,2015-08-22,Musicality,,,,,,,,,,Luke,
24155,live,Dynamics Workout,https://admin.musora.com/admin#/content/drumeo/24155,https://www.musora.com/drumeo/live-streams/1118-dynamics-workout/24155,2015-08-23,Beats,,Dynamics,,,,Grooves,Fills & Chops,,,Luke,
24155,live,Dynamics Workout,https://admin.musora.com/admin#/content/drumeo/24155,https://www.musora.com/drumeo/live-streams/1118-dynamics-workout/24155,2015-08-23,Beats,,,,,,,,,,Luke,
24155,live,Dynamics Workout,https://admin.musora.com/admin#/content/drumeo/24155,https://www.musora.com/drumeo/live-streams/1118-dynamics-workout/24155,2015-08-23,Musicality,,,,,,,,,,Luke,
24155,live,Dynamics Workout,https://admin.musora.com/admin#/content/drumeo/24155,https://www.musora.com/drumeo/live-streams/1118-dynamics-workout/24155,2015-08-23,Musicality,,,,,,,,,,Luke,
24155,live,Dynamics Workout,https://admin.musora.com/admin#/content/drumeo/24155,https://www.musora.com/drumeo/live-streams/1118-dynamics-workout/24155,2015-08-23,Technique,,,,,,,,,,Luke,
24155,live,Dynamics Workout,https://admin.musora.com/admin#/content/drumeo/24155,https://www.musora.com/drumeo/live-streams/1118-dynamics-workout/24155,2015-08-23,Technique,,,,,,,,,,Luke,
24175,live,Creative Phrasing - 16th Note Groupings,https://admin.musora.com/admin#/content/drumeo/24175,https://www.musora.com/drumeo/live-streams/1119-creative-phrasing-16th-note-groupings/24175,2015-08-24,Beats,,,,Time Signatures,,Fills & Chops,,,,Luke,
24175,live,Creative Phrasing - 16th Note Groupings,https://admin.musora.com/admin#/content/drumeo/24175,https://www.musora.com/drumeo/live-streams/1119-creative-phrasing-16th-note-groupings/24175,2015-08-24,Beats,,,,,,,,,,Luke,
24175,live,Creative Phrasing - 16th Note Groupings,https://admin.musora.com/admin#/content/drumeo/24175,https://www.musora.com/drumeo/live-streams/1119-creative-phrasing-16th-note-groupings/24175,2015-08-24,Fills,,,,,,,,,,Luke,
24175,live,Creative Phrasing - 16th Note Groupings,https://admin.musora.com/admin#/content/drumeo/24175,https://www.musora.com/drumeo/live-streams/1119-creative-phrasing-16th-note-groupings/24175,2015-08-24,Fills,,,,,,,,,,Luke,
24175,live,Creative Phrasing - 16th Note Groupings,https://admin.musora.com/admin#/content/drumeo/24175,https://www.musora.com/drumeo/live-streams/1119-creative-phrasing-16th-note-groupings/24175,2015-08-24,Musicality,,,,,,,,,,Luke,
24175,live,Creative Phrasing - 16th Note Groupings,https://admin.musora.com/admin#/content/drumeo/24175,https://www.musora.com/drumeo/live-streams/1119-creative-phrasing-16th-note-groupings/24175,2015-08-24,Musicality,,,,,,,,,,Luke,
24175,live,Creative Phrasing - 16th Note Groupings,https://admin.musora.com/admin#/content/drumeo/24175,https://www.musora.com/drumeo/live-streams/1119-creative-phrasing-16th-note-groupings/24175,2015-08-24,Styles,,,,,,,,,,Luke,
24175,live,Creative Phrasing - 16th Note Groupings,https://admin.musora.com/admin#/content/drumeo/24175,https://www.musora.com/drumeo/live-streams/1119-creative-phrasing-16th-note-groupings/24175,2015-08-24,Styles,,,,,,,,,,Luke,
24197,live,How To Develop Timing #1,https://admin.musora.com/admin#/content/drumeo/24197,https://www.musora.com/drumeo/live-streams/1120-how-to-develop-timing-1/24197,2015-08-25,All,,Timing,,,,,,,,Luke,
24202,live,How To Develop Timing #2,https://admin.musora.com/admin#/content/drumeo/24202,https://www.musora.com/drumeo/live-streams/1121-how-to-develop-timing-2/24202,2015-08-26,All,,Timing,,,,,,,,Luke,
24202,live,How To Develop Timing #2,https://admin.musora.com/admin#/content/drumeo/24202,https://www.musora.com/drumeo/live-streams/1121-how-to-develop-timing-2/24202,2015-08-26,All,,,,,,,,,,Luke,
24207,live,6/8 Drum Fills,https://admin.musora.com/admin#/content/drumeo/24207,https://www.musora.com/drumeo/live-streams/1122-68-drum-fills/24207,2015-08-27,Fills,,,,Time Signatures,,Fills & Chops,,,,Luke,
24207,live,6/8 Drum Fills,https://admin.musora.com/admin#/content/drumeo/24207,https://www.musora.com/drumeo/live-streams/1122-68-drum-fills/24207,2015-08-27,Fills,,,,,,,,,,Luke,
24209,live,Motown Grooves #4,https://admin.musora.com/admin#/content/drumeo/24209,https://www.musora.com/drumeo/live-streams/1123-motown-grooves-4/24209,2015-08-28,Beats,Funk/Disco,,,,,Grooves,,,,Luke,
24209,live,Motown Grooves #4,https://admin.musora.com/admin#/content/drumeo/24209,https://www.musora.com/drumeo/live-streams/1123-motown-grooves-4/24209,2015-08-28,Beats,,,,,,,,,,Luke,
24209,live,Motown Grooves #4,https://admin.musora.com/admin#/content/drumeo/24209,https://www.musora.com/drumeo/live-streams/1123-motown-grooves-4/24209,2015-08-28,Styles,,,,,,,,,,Luke,
24209,live,Motown Grooves #4,https://admin.musora.com/admin#/content/drumeo/24209,https://www.musora.com/drumeo/live-streams/1123-motown-grooves-4/24209,2015-08-28,Styles,,,,,,,,,,Luke,
24213,live,Aaron's Double-Stroke Workout,https://admin.musora.com/admin#/content/drumeo/24213,https://www.musora.com/drumeo/live-streams/1125-aarons-double-stroke-workout/24213,2015-08-30,Rudiments,,Rudiments,Hand Technique,,,,,,,Luke,
24213,live,Aaron's Double-Stroke Workout,https://admin.musora.com/admin#/content/drumeo/24213,https://www.musora.com/drumeo/live-streams/1125-aarons-double-stroke-workout/24213,2015-08-30,Technique,,,,,,,,,,Luke,
24234,live,Improving Your Feel On The Drums,https://admin.musora.com/admin#/content/drumeo/24234,https://www.musora.com/drumeo/live-streams/1126-improving-your-feel-on-the-drums/24234,2015-08-31,Beats,,Timing,,Ear Training,Time Signatures,,,,,Luke,
24234,live,Improving Your Feel On The Drums,https://admin.musora.com/admin#/content/drumeo/24234,https://www.musora.com/drumeo/live-streams/1126-improving-your-feel-on-the-drums/24234,2015-08-31,Fills,,,,,,,,,,Luke,
24234,live,Improving Your Feel On The Drums,https://admin.musora.com/admin#/content/drumeo/24234,https://www.musora.com/drumeo/live-streams/1126-improving-your-feel-on-the-drums/24234,2015-08-31,Musicality,,,,,,,,,,Luke,
24234,live,Improving Your Feel On The Drums,https://admin.musora.com/admin#/content/drumeo/24234,https://www.musora.com/drumeo/live-streams/1126-improving-your-feel-on-the-drums/24234,2015-08-31,Styles,,,,,,,,,,Luke,
24248,live,Recording Your Drums Q&A,https://admin.musora.com/admin#/content/drumeo/24248,https://www.musora.com/drumeo/live-streams/1128-recording-your-drums-qa/24248,2015-09-02,All,,Setup & Tuning,,,,,,Gigging Tips & Gear,Other,Luke,
24248,live,Recording Your Drums Q&A,https://admin.musora.com/admin#/content/drumeo/24248,https://www.musora.com/drumeo/live-streams/1128-recording-your-drums-qa/24248,2015-09-02,All,,,,,,,,,,Luke,
24250,live,Swing Funk - D.C. Go-Go Grooves,https://admin.musora.com/admin#/content/drumeo/24250,https://www.musora.com/drumeo/live-streams/1129-swing-funk-dc-go-go-grooves/24250,2015-09-04,Beats,Funk/Disco,,,,,Grooves,,,,Luke,
24250,live,Swing Funk - D.C. Go-Go Grooves,https://admin.musora.com/admin#/content/drumeo/24250,https://www.musora.com/drumeo/live-streams/1129-swing-funk-dc-go-go-grooves/24250,2015-09-04,Styles,,,,,,,,,,Luke,
24308,live,5 Essential Brush Grooves,https://admin.musora.com/admin#/content/drumeo/24308,https://www.musora.com/drumeo/live-streams/1132-5-essential-brush-grooves/24308,2015-09-08,Beats,,Hand Technique,,,,Grooves,,Gigging Tips & Gear,,Luke,
24310,live,How To Play The Cajon,https://admin.musora.com/admin#/content/drumeo/24310,https://www.musora.com/drumeo/live-streams/1133-how-to-play-the-cajon/24310,2015-09-09,All,,Hand Technique,Setup & Tuning,,,,,Gigging Tips & Gear,,Luke,
24314,live,Swing Funk - Essential Gospel Grooves,https://admin.musora.com/admin#/content/drumeo/24314,https://www.musora.com/drumeo/live-streams/1134-swing-funk-essential-gospel-grooves/24314,2015-09-11,Beats,Worship/Gospel,,,,,Grooves,,,,Luke,
24318,live,Style Analysis - Nicko McBrain,https://admin.musora.com/admin#/content/drumeo/24318,https://www.musora.com/drumeo/live-streams/1136-style-analysis-nicko-mcbrain/24318,2015-09-13,Beats,Hard Rock/Metal,,,,,Grooves,Fills & Chops,,,Luke,
24318,live,Style Analysis - Nicko McBrain,https://admin.musora.com/admin#/content/drumeo/24318,https://www.musora.com/drumeo/live-streams/1136-style-analysis-nicko-mcbrain/24318,2015-09-13,Beats,,,,,,,,,,Luke,
24318,live,Style Analysis - Nicko McBrain,https://admin.musora.com/admin#/content/drumeo/24318,https://www.musora.com/drumeo/live-streams/1136-style-analysis-nicko-mcbrain/24318,2015-09-13,Fills,,,,,,,,,,Luke,
24318,live,Style Analysis - Nicko McBrain,https://admin.musora.com/admin#/content/drumeo/24318,https://www.musora.com/drumeo/live-streams/1136-style-analysis-nicko-mcbrain/24318,2015-09-13,Fills,,,,,,,,,,Luke,
24339,live,Left Foot Workout,https://admin.musora.com/admin#/content/drumeo/24339,https://www.musora.com/drumeo/live-streams/1130-left-foot-workout/24339,2015-09-05,Independence,,Foot Technique,,,,Independence,,,,Luke,
24339,live,Left Foot Workout,https://admin.musora.com/admin#/content/drumeo/24339,https://www.musora.com/drumeo/live-streams/1130-left-foot-workout/24339,2015-09-05,Technique,,,,,,,,,,Luke,
24345,live,Developing A Deep Pocket,https://admin.musora.com/admin#/content/drumeo/24345,https://www.musora.com/drumeo/live-streams/1138-developing-a-deep-pocket/24345,2015-09-15,Beats,,Timing,,Ear Training,,Grooves,,,,Luke,
24345,live,Developing A Deep Pocket,https://admin.musora.com/admin#/content/drumeo/24345,https://www.musora.com/drumeo/live-streams/1138-developing-a-deep-pocket/24345,2015-09-15,Fills,,,,,,,,,,Luke,
24345,live,Developing A Deep Pocket,https://admin.musora.com/admin#/content/drumeo/24345,https://www.musora.com/drumeo/live-streams/1138-developing-a-deep-pocket/24345,2015-09-15,Musicality,,,,,,,,,,Luke,
24345,live,Developing A Deep Pocket,https://admin.musora.com/admin#/content/drumeo/24345,https://www.musora.com/drumeo/live-streams/1138-developing-a-deep-pocket/24345,2015-09-15,Styles,,,,,,,,,,Luke,
24385,live,Linear Improvising,https://admin.musora.com/admin#/content/drumeo/24385,https://www.musora.com/drumeo/live-streams/1139-linear-improvising/24385,2015-09-16,Independence,,,,,,Fills & Chops,Independence,,,Luke,
24385,live,Linear Improvising,https://admin.musora.com/admin#/content/drumeo/24385,https://www.musora.com/drumeo/live-streams/1139-linear-improvising/24385,2015-09-16,Independence,,,,,,,,,,Luke,
24385,live,Linear Improvising,https://admin.musora.com/admin#/content/drumeo/24385,https://www.musora.com/drumeo/live-streams/1139-linear-improvising/24385,2015-09-16,Musicality,,,,,,,,,,Luke,
24385,live,Linear Improvising,https://admin.musora.com/admin#/content/drumeo/24385,https://www.musora.com/drumeo/live-streams/1139-linear-improvising/24385,2015-09-16,Musicality,,,,,,,,,,Luke,
24385,live,Linear Improvising,https://admin.musora.com/admin#/content/drumeo/24385,https://www.musora.com/drumeo/live-streams/1139-linear-improvising/24385,2015-09-16,Technique,,,,,,,,,,Luke,
24385,live,Linear Improvising,https://admin.musora.com/admin#/content/drumeo/24385,https://www.musora.com/drumeo/live-streams/1139-linear-improvising/24385,2015-09-16,Technique,,,,,,,,,,Luke,
24389,live,Swing Funk - Creative Fills Around A Groove,https://admin.musora.com/admin#/content/drumeo/24389,https://www.musora.com/drumeo/live-streams/1140-swing-funk-creative-fills-around-a-groove/24389,2015-09-18,Beats,Funk/Disco,,,,,Fills & Chops,,,,Luke,
24389,live,Swing Funk - Creative Fills Around A Groove,https://admin.musora.com/admin#/content/drumeo/24389,https://www.musora.com/drumeo/live-streams/1140-swing-funk-creative-fills-around-a-groove/24389,2015-09-18,Fills,,,,,,,,,,Luke,
24403,live,Developing Stronger Double Strokes,https://admin.musora.com/admin#/content/drumeo/24403,https://www.musora.com/drumeo/live-streams/1141-developing-stronger-double-strokes/24403,2015-09-19,Rudiments,,Rudiments,Hand Technique,,,,,,,Luke,
24403,live,Developing Stronger Double Strokes,https://admin.musora.com/admin#/content/drumeo/24403,https://www.musora.com/drumeo/live-streams/1141-developing-stronger-double-strokes/24403,2015-09-19,Rudiments,,,,,,,,,,Luke,
24403,live,Developing Stronger Double Strokes,https://admin.musora.com/admin#/content/drumeo/24403,https://www.musora.com/drumeo/live-streams/1141-developing-stronger-double-strokes/24403,2015-09-19,Technique,,,,,,,,,,Luke,
24403,live,Developing Stronger Double Strokes,https://admin.musora.com/admin#/content/drumeo/24403,https://www.musora.com/drumeo/live-streams/1141-developing-stronger-double-strokes/24403,2015-09-19,Technique,,,,,,,,,,Luke,
24409,live,Cool Crossover Patterns,https://admin.musora.com/admin#/content/drumeo/24409,https://www.musora.com/drumeo/live-streams/1144-cool-crossover-patterns/24409,2015-09-22,Edutainment,,Hand Technique,,,,Fills & Chops,Independence,,,Luke,
24409,live,Cool Crossover Patterns,https://admin.musora.com/admin#/content/drumeo/24409,https://www.musora.com/drumeo/live-streams/1144-cool-crossover-patterns/24409,2015-09-22,Fills,,,,,,,,,,Luke,
24409,live,Cool Crossover Patterns,https://admin.musora.com/admin#/content/drumeo/24409,https://www.musora.com/drumeo/live-streams/1144-cool-crossover-patterns/24409,2015-09-22,Styles,,,,,,,,,,Luke,
24411,live,Adding Tracks To Your Show,https://admin.musora.com/admin#/content/drumeo/24411,https://www.musora.com/drumeo/live-streams/1145-adding-tracks-to-your-show/24411,2015-09-23,Gear,,Setup & Tuning,,,,,,Gigging Tips & Gear,,Luke,
24411,live,Adding Tracks To Your Show,https://admin.musora.com/admin#/content/drumeo/24411,https://www.musora.com/drumeo/live-streams/1145-adding-tracks-to-your-show/24411,2015-09-23,Gear,,,,,,,,,,Luke,
24413,live,Brushes - The Legato Sweep,https://admin.musora.com/admin#/content/drumeo/24413,https://www.musora.com/drumeo/live-streams/1146-brushes-the-legato-sweep/24413,2015-09-24,Musicality,,Hand Technique,Dynamics,,,,,,,Luke,
24413,live,Brushes - The Legato Sweep,https://admin.musora.com/admin#/content/drumeo/24413,https://www.musora.com/drumeo/live-streams/1146-brushes-the-legato-sweep/24413,2015-09-24,Technique,,,,,,,,,,Luke,
24417,live,Double-Bass Shuffles,https://admin.musora.com/admin#/content/drumeo/24417,https://www.musora.com/drumeo/live-streams/1148-double-bass-shuffles/24417,2015-09-27,Beats,Hard Rock/Metal,Foot Technique,,,,Grooves,,,,Luke,
24417,live,Double-Bass Shuffles,https://admin.musora.com/admin#/content/drumeo/24417,https://www.musora.com/drumeo/live-streams/1148-double-bass-shuffles/24417,2015-09-27,Beats,,,,,,,,,,Luke,
24469,live,The Evolution Of Drum Kit Independence,https://admin.musora.com/admin#/content/drumeo/24469,https://www.musora.com/drumeo/live-streams/1149-the-evolution-of-drum-kit-independence/24469,2015-09-28,Independence,,,,,,Independence,Making Music,,,Luke,
24469,live,The Evolution Of Drum Kit Independence,https://admin.musora.com/admin#/content/drumeo/24469,https://www.musora.com/drumeo/live-streams/1149-the-evolution-of-drum-kit-independence/24469,2015-09-28,Musicality,,,,,,,,,,Luke,
24473,live,A Third Hand?,https://admin.musora.com/admin#/content/drumeo/24473,https://www.musora.com/drumeo/live-streams/1150-a-third-hand/24473,2015-09-29,Beats,,,,,,Fills & Chops,Independence,,,Luke,
24473,live,A Third Hand?,https://admin.musora.com/admin#/content/drumeo/24473,https://www.musora.com/drumeo/live-streams/1150-a-third-hand/24473,2015-09-29,Beats,,,,,,,,,,Luke,
24473,live,A Third Hand?,https://admin.musora.com/admin#/content/drumeo/24473,https://www.musora.com/drumeo/live-streams/1150-a-third-hand/24473,2015-09-29,Fills,,,,,,,,,,Luke,
24473,live,A Third Hand?,https://admin.musora.com/admin#/content/drumeo/24473,https://www.musora.com/drumeo/live-streams/1150-a-third-hand/24473,2015-09-29,Fills,,,,,,,,,,Luke,
24473,live,A Third Hand?,https://admin.musora.com/admin#/content/drumeo/24473,https://www.musora.com/drumeo/live-streams/1150-a-third-hand/24473,2015-09-29,Independence,,,,,,,,,,Luke,
24473,live,A Third Hand?,https://admin.musora.com/admin#/content/drumeo/24473,https://www.musora.com/drumeo/live-streams/1150-a-third-hand/24473,2015-09-29,Independence,,,,,,,,,,Luke,
24473,live,A Third Hand?,https://admin.musora.com/admin#/content/drumeo/24473,https://www.musora.com/drumeo/live-streams/1150-a-third-hand/24473,2015-09-29,Musicality,,,,,,,,,,Luke,
24473,live,A Third Hand?,https://admin.musora.com/admin#/content/drumeo/24473,https://www.musora.com/drumeo/live-streams/1150-a-third-hand/24473,2015-09-29,Musicality,,,,,,,,,,Luke,
24475,live,Breaking Down Glitch Beats,https://admin.musora.com/admin#/content/drumeo/24475,https://www.musora.com/drumeo/live-streams/1151-breaking-down-glitch-beats/24475,2015-09-30,Beats,Hip-Hop/Rap/EDM,Timing,,Ear Training,,Grooves,,,,Luke,
24475,live,Breaking Down Glitch Beats,https://admin.musora.com/admin#/content/drumeo/24475,https://www.musora.com/drumeo/live-streams/1151-breaking-down-glitch-beats/24475,2015-09-30,Fills,,,,,,,,,,Luke,
24475,live,Breaking Down Glitch Beats,https://admin.musora.com/admin#/content/drumeo/24475,https://www.musora.com/drumeo/live-streams/1151-breaking-down-glitch-beats/24475,2015-09-30,Styles,,,,,,,,,,Luke,
24479,live,The Money Beats,https://admin.musora.com/admin#/content/drumeo/24479,https://www.musora.com/drumeo/live-streams/1152-the-money-beats/24479,2015-10-01,Beats,,,,,,Grooves,Making Music,Gigging Tips & Gear,,Luke,
24479,live,The Money Beats,https://admin.musora.com/admin#/content/drumeo/24479,https://www.musora.com/drumeo/live-streams/1152-the-money-beats/24479,2015-10-01,Beats,,,,,,,,,,Luke,
24479,live,The Money Beats,https://admin.musora.com/admin#/content/drumeo/24479,https://www.musora.com/drumeo/live-streams/1152-the-money-beats/24479,2015-10-01,Styles,,,,,,,,,,Luke,
24479,live,The Money Beats,https://admin.musora.com/admin#/content/drumeo/24479,https://www.musora.com/drumeo/live-streams/1152-the-money-beats/24479,2015-10-01,Styles,,,,,,,,,,Luke,
24488,live,Soundgarden Grooves,https://admin.musora.com/admin#/content/drumeo/24488,https://www.musora.com/drumeo/live-streams/1154-soundgarden-grooves-1/24488,2015-10-04,Beats,Hard Rock/Metal,,,,,Grooves,,,,Luke,
24527,live,7 Drumming Habits You Need To Break,https://admin.musora.com/admin#/content/drumeo/24527,https://www.musora.com/drumeo/live-streams/1155-7-drumming-habits-you-need-to-break/24527,2015-10-05,All,,,,,,Making Music,,Gigging Tips & Gear,Practice Tips,Luke,
24527,live,7 Drumming Habits You Need To Break,https://admin.musora.com/admin#/content/drumeo/24527,https://www.musora.com/drumeo/live-streams/1155-7-drumming-habits-you-need-to-break/24527,2015-10-05,All,,,,,,,,,,Luke,
24529,live,Drum Covers Q&A,https://admin.musora.com/admin#/content/drumeo/24529,https://www.musora.com/drumeo/live-streams/1156-drum-covers-qa/24529,2015-10-06,Edutainment,,,,,,,,Other,,Luke,
24531,live,Alternating Single-Stroke Combos,https://admin.musora.com/admin#/content/drumeo/24531,https://www.musora.com/drumeo/live-streams/1157-alternating-single-stroke-combos/24531,2015-10-07,Fills,,Rudiments,,,,,,,,Luke,
24531,live,Alternating Single-Stroke Combos,https://admin.musora.com/admin#/content/drumeo/24531,https://www.musora.com/drumeo/live-streams/1157-alternating-single-stroke-combos/24531,2015-10-07,Technique,,,,,,,,,,Luke,
24533,live,Memphis Soul - The Music Of Stax Records #1,https://admin.musora.com/admin#/content/drumeo/24533,https://www.musora.com/drumeo/live-streams/1158-memphis-soul-the-music-of-stax-records-1/24533,2015-10-09,Beats,R&B/Soul,,,,,Grooves,,,,Luke,
24533,live,Memphis Soul - The Music Of Stax Records #1,https://admin.musora.com/admin#/content/drumeo/24533,https://www.musora.com/drumeo/live-streams/1158-memphis-soul-the-music-of-stax-records-1/24533,2015-10-09,Beats,,,,,,,,,,Luke,
24533,live,Memphis Soul - The Music Of Stax Records #1,https://admin.musora.com/admin#/content/drumeo/24533,https://www.musora.com/drumeo/live-streams/1158-memphis-soul-the-music-of-stax-records-1/24533,2015-10-09,Fills,,,,,,,,,,Luke,
24533,live,Memphis Soul - The Music Of Stax Records #1,https://admin.musora.com/admin#/content/drumeo/24533,https://www.musora.com/drumeo/live-streams/1158-memphis-soul-the-music-of-stax-records-1/24533,2015-10-09,Fills,,,,,,,,,,Luke,
24533,live,Memphis Soul - The Music Of Stax Records #1,https://admin.musora.com/admin#/content/drumeo/24533,https://www.musora.com/drumeo/live-streams/1158-memphis-soul-the-music-of-stax-records-1/24533,2015-10-09,Styles,,,,,,,,,,Luke,
24533,live,Memphis Soul - The Music Of Stax Records #1,https://admin.musora.com/admin#/content/drumeo/24533,https://www.musora.com/drumeo/live-streams/1158-memphis-soul-the-music-of-stax-records-1/24533,2015-10-09,Styles,,,,,,,,,,Luke,
24537,live,Snare Drum Grooves For Beginners,https://admin.musora.com/admin#/content/drumeo/24537,https://www.musora.com/drumeo/live-streams/1160-snare-drum-grooves-for-beginners/24537,2015-10-11,Beats,,,,,,Grooves,,,,Luke,
24553,live,The Chops Inside The Groove,https://admin.musora.com/admin#/content/drumeo/24553,https://www.musora.com/drumeo/live-streams/1161-the-chops-inside-the-groove/24553,2015-10-13,Beats,,,,,,Grooves,Fills & Chops,,,Luke,
24553,live,The Chops Inside The Groove,https://admin.musora.com/admin#/content/drumeo/24553,https://www.musora.com/drumeo/live-streams/1161-the-chops-inside-the-groove/24553,2015-10-13,Fills,,,,,,,,,,Luke,
24553,live,The Chops Inside The Groove,https://admin.musora.com/admin#/content/drumeo/24553,https://www.musora.com/drumeo/live-streams/1161-the-chops-inside-the-groove/24553,2015-10-13,Musicality,,,,,,,,,,Luke,
24553,live,The Chops Inside The Groove,https://admin.musora.com/admin#/content/drumeo/24553,https://www.musora.com/drumeo/live-streams/1161-the-chops-inside-the-groove/24553,2015-10-13,Styles,,,,,,,,,,Luke,
24561,live,Squeeze Kickin',https://admin.musora.com/admin#/content/drumeo/24561,https://www.musora.com,2015-10-15,Beats,Hip-Hop/Rap/EDM,Foot Technique,,,,Grooves,,,,Luke,
24561,live,Squeeze Kickin',https://admin.musora.com/admin#/content/drumeo/24561,https://www.musora.com,2015-10-15,Beats,,,,,,,,,,Luke,
24561,live,Squeeze Kickin',https://admin.musora.com/admin#/content/drumeo/24561,https://www.musora.com,2015-10-15,Fills,,,,,,,,,,Luke,
24561,live,Squeeze Kickin',https://admin.musora.com/admin#/content/drumeo/24561,https://www.musora.com,2015-10-15,Fills,,,,,,,,,,Luke,
24563,live,Memphis Soul - The Music Of Stax Records #2,https://admin.musora.com/admin#/content/drumeo/24563,https://www.musora.com/drumeo/live-streams/1164-memphis-soul-the-music-of-stax-records-2/24563,2015-10-16,Beats,R&B/Soul,,,,,Grooves,,,,Luke,
24563,live,Memphis Soul - The Music Of Stax Records #2,https://admin.musora.com/admin#/content/drumeo/24563,https://www.musora.com/drumeo/live-streams/1164-memphis-soul-the-music-of-stax-records-2/24563,2015-10-16,Beats,,,,,,,,,,Luke,
24563,live,Memphis Soul - The Music Of Stax Records #2,https://admin.musora.com/admin#/content/drumeo/24563,https://www.musora.com/drumeo/live-streams/1164-memphis-soul-the-music-of-stax-records-2/24563,2015-10-16,Fills,,,,,,,,,,Luke,
24563,live,Memphis Soul - The Music Of Stax Records #2,https://admin.musora.com/admin#/content/drumeo/24563,https://www.musora.com/drumeo/live-streams/1164-memphis-soul-the-music-of-stax-records-2/24563,2015-10-16,Fills,,,,,,,,,,Luke,
24563,live,Memphis Soul - The Music Of Stax Records #2,https://admin.musora.com/admin#/content/drumeo/24563,https://www.musora.com/drumeo/live-streams/1164-memphis-soul-the-music-of-stax-records-2/24563,2015-10-16,Styles,,,,,,,,,,Luke,
24563,live,Memphis Soul - The Music Of Stax Records #2,https://admin.musora.com/admin#/content/drumeo/24563,https://www.musora.com/drumeo/live-streams/1164-memphis-soul-the-music-of-stax-records-2/24563,2015-10-16,Styles,,,,,,,,,,Luke,
24565,live,Kick & Snare Conversations #1,https://admin.musora.com/admin#/content/drumeo/24565,https://www.musora.com/drumeo/live-streams/1165-kick-snare-conversations-1/24565,2015-10-17,Beats,,Dynamics,,,,Independence,Making Music,,,Luke,
24565,live,Kick & Snare Conversations #1,https://admin.musora.com/admin#/content/drumeo/24565,https://www.musora.com/drumeo/live-streams/1165-kick-snare-conversations-1/24565,2015-10-17,Beats,,,,,,,,,,Luke,
24565,live,Kick & Snare Conversations #1,https://admin.musora.com/admin#/content/drumeo/24565,https://www.musora.com/drumeo/live-streams/1165-kick-snare-conversations-1/24565,2015-10-17,Fills,,,,,,,,,,Luke,
24565,live,Kick & Snare Conversations #1,https://admin.musora.com/admin#/content/drumeo/24565,https://www.musora.com/drumeo/live-streams/1165-kick-snare-conversations-1/24565,2015-10-17,Fills,,,,,,,,,,Luke,
24565,live,Kick & Snare Conversations #1,https://admin.musora.com/admin#/content/drumeo/24565,https://www.musora.com/drumeo/live-streams/1165-kick-snare-conversations-1/24565,2015-10-17,Musicality,,,,,,,,,,Luke,
24565,live,Kick & Snare Conversations #1,https://admin.musora.com/admin#/content/drumeo/24565,https://www.musora.com/drumeo/live-streams/1165-kick-snare-conversations-1/24565,2015-10-17,Musicality,,,,,,,,,,Luke,
24565,live,Kick & Snare Conversations #1,https://admin.musora.com/admin#/content/drumeo/24565,https://www.musora.com/drumeo/live-streams/1165-kick-snare-conversations-1/24565,2015-10-17,Styles,,,,,,,,,,Luke,
24565,live,Kick & Snare Conversations #1,https://admin.musora.com/admin#/content/drumeo/24565,https://www.musora.com/drumeo/live-streams/1165-kick-snare-conversations-1/24565,2015-10-17,Styles,,,,,,,,,,Luke,
24567,live,Edgar's Snare Grooves,https://admin.musora.com/admin#/content/drumeo/24567,https://www.musora.com/drumeo/live-streams/1166-edgars-snare-grooves/24567,2015-10-18,Beats,,,,Time Signatures,,Grooves,,,,Luke,
24567,live,Edgar's Snare Grooves,https://admin.musora.com/admin#/content/drumeo/24567,https://www.musora.com/drumeo/live-streams/1166-edgars-snare-grooves/24567,2015-10-18,Musicality,,,,,,,,,,Luke,
24583,live,Developing Strong Hand-Technique,https://admin.musora.com/admin#/content/drumeo/24583,https://www.musora.com/drumeo/live-streams/1167-developing-strong-hand-technique/24583,2015-10-19,Independence,,Hand Technique,,,,,,,,Luke,
24583,live,Developing Strong Hand-Technique,https://admin.musora.com/admin#/content/drumeo/24583,https://www.musora.com/drumeo/live-streams/1167-developing-strong-hand-technique/24583,2015-10-19,Independence,,,,,,,,,,Luke,
24583,live,Developing Strong Hand-Technique,https://admin.musora.com/admin#/content/drumeo/24583,https://www.musora.com/drumeo/live-streams/1167-developing-strong-hand-technique/24583,2015-10-19,Technique,,,,,,,,,,Luke,
24583,live,Developing Strong Hand-Technique,https://admin.musora.com/admin#/content/drumeo/24583,https://www.musora.com/drumeo/live-streams/1167-developing-strong-hand-technique/24583,2015-10-19,Technique,,,,,,,,,,Luke,
24588,live,Drum Circle - Building Rhythms,https://admin.musora.com/admin#/content/drumeo/24588,https://www.musora.com/drumeo/live-streams/1168-drum-circle-building-rhythms/24588,2015-10-20,Musicality,Latin/World,,,Ear Training,,Making Music,,,,Luke,
24590,live,Syncopated Backbeats,https://admin.musora.com/admin#/content/drumeo/24590,https://www.musora.com/drumeo/live-streams/1169-syncopated-backbeats/24590,2015-10-21,Beats,,Timing,,,,Grooves,,,,Luke,
24590,live,Syncopated Backbeats,https://admin.musora.com/admin#/content/drumeo/24590,https://www.musora.com/drumeo/live-streams/1169-syncopated-backbeats/24590,2015-10-21,Fills,,,,,,,,,,Luke,
24590,live,Syncopated Backbeats,https://admin.musora.com/admin#/content/drumeo/24590,https://www.musora.com/drumeo/live-streams/1169-syncopated-backbeats/24590,2015-10-21,Musicality,,,,,,,,,,Luke,
24592,live,Memphis Soul - The Music Of Stax Records #3,https://admin.musora.com/admin#/content/drumeo/24592,https://www.musora.com/drumeo/live-streams/1170-memphis-soul-the-music-of-stax-records-3/24592,2015-10-23,Beats,R&B/Soul,,,,,Grooves,,,,Luke,
24592,live,Memphis Soul - The Music Of Stax Records #3,https://admin.musora.com/admin#/content/drumeo/24592,https://www.musora.com/drumeo/live-streams/1170-memphis-soul-the-music-of-stax-records-3/24592,2015-10-23,Beats,,,,,,,,,,Luke,
24592,live,Memphis Soul - The Music Of Stax Records #3,https://admin.musora.com/admin#/content/drumeo/24592,https://www.musora.com/drumeo/live-streams/1170-memphis-soul-the-music-of-stax-records-3/24592,2015-10-23,Fills,,,,,,,,,,Luke,
24592,live,Memphis Soul - The Music Of Stax Records #3,https://admin.musora.com/admin#/content/drumeo/24592,https://www.musora.com/drumeo/live-streams/1170-memphis-soul-the-music-of-stax-records-3/24592,2015-10-23,Fills,,,,,,,,,,Luke,
24592,live,Memphis Soul - The Music Of Stax Records #3,https://admin.musora.com/admin#/content/drumeo/24592,https://www.musora.com/drumeo/live-streams/1170-memphis-soul-the-music-of-stax-records-3/24592,2015-10-23,Styles,,,,,,,,,,Luke,
24592,live,Memphis Soul - The Music Of Stax Records #3,https://admin.musora.com/admin#/content/drumeo/24592,https://www.musora.com/drumeo/live-streams/1170-memphis-soul-the-music-of-stax-records-3/24592,2015-10-23,Styles,,,,,,,,,,Luke,
24594,live,Kick & Snare Conversations #2,https://admin.musora.com/admin#/content/drumeo/24594,https://www.musora.com/drumeo/live-streams/1171-kick-and-snare-conversations-2/24594,2015-10-24,Beats,,Dynamics,,,,Independence,Making Music,,,Luke,
24594,live,Kick & Snare Conversations #2,https://admin.musora.com/admin#/content/drumeo/24594,https://www.musora.com/drumeo/live-streams/1171-kick-and-snare-conversations-2/24594,2015-10-24,Beats,,,,,,,,,,Luke,
24594,live,Kick & Snare Conversations #2,https://admin.musora.com/admin#/content/drumeo/24594,https://www.musora.com/drumeo/live-streams/1171-kick-and-snare-conversations-2/24594,2015-10-24,Fills,,,,,,,,,,Luke,
24594,live,Kick & Snare Conversations #2,https://admin.musora.com/admin#/content/drumeo/24594,https://www.musora.com/drumeo/live-streams/1171-kick-and-snare-conversations-2/24594,2015-10-24,Fills,,,,,,,,,,Luke,
24594,live,Kick & Snare Conversations #2,https://admin.musora.com/admin#/content/drumeo/24594,https://www.musora.com/drumeo/live-streams/1171-kick-and-snare-conversations-2/24594,2015-10-24,Musicality,,,,,,,,,,Luke,
24594,live,Kick & Snare Conversations #2,https://admin.musora.com/admin#/content/drumeo/24594,https://www.musora.com/drumeo/live-streams/1171-kick-and-snare-conversations-2/24594,2015-10-24,Musicality,,,,,,,,,,Luke,
24594,live,Kick & Snare Conversations #2,https://admin.musora.com/admin#/content/drumeo/24594,https://www.musora.com/drumeo/live-streams/1171-kick-and-snare-conversations-2/24594,2015-10-24,Styles,,,,,,,,,,Luke,
24594,live,Kick & Snare Conversations #2,https://admin.musora.com/admin#/content/drumeo/24594,https://www.musora.com/drumeo/live-streams/1171-kick-and-snare-conversations-2/24594,2015-10-24,Styles,,,,,,,,,,Luke,
24596,live,16th Note Hi-Hat Grooves With A Twist,https://admin.musora.com/admin#/content/drumeo/24596,https://www.musora.com/drumeo/live-streams/1172-16th-note-hi-hat-grooves-with-a-twist/24596,2015-10-25,Beats,,,,,,Grooves,,,,Luke,
24630,live,Metal Fundamentals,https://admin.musora.com/admin#/content/drumeo/24630,https://www.musora.com/drumeo/live-streams/1173-metal-fundamentals/24630,2015-10-26,Beats,Hard Rock/Metal,,,,,Grooves,Fills & Chops,,,Luke,
24630,live,Metal Fundamentals,https://admin.musora.com/admin#/content/drumeo/24630,https://www.musora.com/drumeo/live-streams/1173-metal-fundamentals/24630,2015-10-26,Fills,,,,,,,,,,Luke,
24630,live,Metal Fundamentals,https://admin.musora.com/admin#/content/drumeo/24630,https://www.musora.com/drumeo/live-streams/1173-metal-fundamentals/24630,2015-10-26,Styles,,,,,,,,,,Luke,
24634,live,Snare Drum Grooves For Intermediates,https://admin.musora.com/admin#/content/drumeo/24634,https://www.musora.com/drumeo/live-streams/1174-snare-drum-grooves-for-intermediates/24634,2015-10-27,Beats,,,,,,Grooves,,,,Luke,
24641,live,Subdividing Within Fills #1,https://admin.musora.com/admin#/content/drumeo/24641,https://www.musora.com/drumeo/live-streams/1175-subdividing-within-fills-1/24641,2015-10-28,Fills,,Timing,,Ear Training,,Fills & Chops,,,,Luke,
24641,live,Subdividing Within Fills #1,https://admin.musora.com/admin#/content/drumeo/24641,https://www.musora.com/drumeo/live-streams/1175-subdividing-within-fills-1/24641,2015-10-28,Fills,,,,,,,,,,Luke,
24641,live,Subdividing Within Fills #1,https://admin.musora.com/admin#/content/drumeo/24641,https://www.musora.com/drumeo/live-streams/1175-subdividing-within-fills-1/24641,2015-10-28,Musicality,,,,,,,,,,Luke,
24641,live,Subdividing Within Fills #1,https://admin.musora.com/admin#/content/drumeo/24641,https://www.musora.com/drumeo/live-streams/1175-subdividing-within-fills-1/24641,2015-10-28,Musicality,,,,,,,,,,Luke,
24643,live,Memphis Soul - The Music Of Stax Records #4,https://admin.musora.com/admin#/content/drumeo/24643,https://www.musora.com/drumeo/live-streams/1176-memphis-soul-the-music-of-stax-records-4/24643,2015-10-30,Beats,R&B/Soul,,,,,Grooves,Fills & Chops,,,Luke,
24643,live,Memphis Soul - The Music Of Stax Records #4,https://admin.musora.com/admin#/content/drumeo/24643,https://www.musora.com/drumeo/live-streams/1176-memphis-soul-the-music-of-stax-records-4/24643,2015-10-30,Beats,,,,,,,,,,Luke,
24643,live,Memphis Soul - The Music Of Stax Records #4,https://admin.musora.com/admin#/content/drumeo/24643,https://www.musora.com/drumeo/live-streams/1176-memphis-soul-the-music-of-stax-records-4/24643,2015-10-30,Fills,,,,,,,,,,Luke,
24643,live,Memphis Soul - The Music Of Stax Records #4,https://admin.musora.com/admin#/content/drumeo/24643,https://www.musora.com/drumeo/live-streams/1176-memphis-soul-the-music-of-stax-records-4/24643,2015-10-30,Fills,,,,,,,,,,Luke,
24643,live,Memphis Soul - The Music Of Stax Records #4,https://admin.musora.com/admin#/content/drumeo/24643,https://www.musora.com/drumeo/live-streams/1176-memphis-soul-the-music-of-stax-records-4/24643,2015-10-30,Styles,,,,,,,,,,Luke,
24643,live,Memphis Soul - The Music Of Stax Records #4,https://admin.musora.com/admin#/content/drumeo/24643,https://www.musora.com/drumeo/live-streams/1176-memphis-soul-the-music-of-stax-records-4/24643,2015-10-30,Styles,,,,,,,,,,Luke,
24645,live,Grooving With No Hats,https://admin.musora.com/admin#/content/drumeo/24645,https://www.musora.com/drumeo/live-streams/1177-grooving-with-no-hats/24645,2015-10-31,Beats,,,,,,Grooves,,,,Luke,
24645,live,Grooving With No Hats,https://admin.musora.com/admin#/content/drumeo/24645,https://www.musora.com/drumeo/live-streams/1177-grooving-with-no-hats/24645,2015-10-31,Beats,,,,,,,,,,Luke,
24645,live,Grooving With No Hats,https://admin.musora.com/admin#/content/drumeo/24645,https://www.musora.com/drumeo/live-streams/1177-grooving-with-no-hats/24645,2015-10-31,Musicality,,,,,,,,,,Luke,
24645,live,Grooving With No Hats,https://admin.musora.com/admin#/content/drumeo/24645,https://www.musora.com/drumeo/live-streams/1177-grooving-with-no-hats/24645,2015-10-31,Musicality,,,,,,,,,,Luke,
24695,live,Subdividing Within Fills #2,https://admin.musora.com/admin#/content/drumeo/24695,https://www.musora.com/drumeo/live-streams/1179-subdividing-within-fills-2/24695,2015-11-03,Fills,,Timing,,Ear Training,,Fills & Chops,,,,Luke,
24695,live,Subdividing Within Fills #2,https://admin.musora.com/admin#/content/drumeo/24695,https://www.musora.com/drumeo/live-streams/1179-subdividing-within-fills-2/24695,2015-11-03,Fills,,,,,,,,,,Luke,
24695,live,Subdividing Within Fills #2,https://admin.musora.com/admin#/content/drumeo/24695,https://www.musora.com/drumeo/live-streams/1179-subdividing-within-fills-2/24695,2015-11-03,Musicality,,,,,,,,,,Luke,
24695,live,Subdividing Within Fills #2,https://admin.musora.com/admin#/content/drumeo/24695,https://www.musora.com/drumeo/live-streams/1179-subdividing-within-fills-2/24695,2015-11-03,Musicality,,,,,,,,,,Luke,
24697,live,How To Deal With Anxiety Before Gigs,https://admin.musora.com/admin#/content/drumeo/24697,https://www.musora.com/drumeo/live-streams/1180-how-to-deal-with-anxiety-before-gigs/24697,2015-11-04,All,,,,,,,,Gigging Tips & Gear,,Luke,
24697,live,How To Deal With Anxiety Before Gigs,https://admin.musora.com/admin#/content/drumeo/24697,https://www.musora.com/drumeo/live-streams/1180-how-to-deal-with-anxiety-before-gigs/24697,2015-11-04,All,,,,,,,,,,Luke,
24699,live,"The Grooves Of David Garibaldi - ""Soul Vaccination""",https://admin.musora.com/admin#/content/drumeo/24699,https://www.musora.com/drumeo/live-streams/1181-the-grooves-of-david-garibaldi-soul-vaccination/24699,2015-11-06,Beats,Funk/Disco,,,,,Grooves,Fills & Chops,,,Luke,
24699,live,"The Grooves Of David Garibaldi - ""Soul Vaccination""",https://admin.musora.com/admin#/content/drumeo/24699,https://www.musora.com/drumeo/live-streams/1181-the-grooves-of-david-garibaldi-soul-vaccination/24699,2015-11-06,Fills,,,,,,,,,,Luke,
24703,live,Nirvana Grooves,https://admin.musora.com/admin#/content/drumeo/24703,https://www.musora.com/drumeo/live-streams/1183-nirvana-grooves-1/24703,2015-11-08,Beats,Pop/Rock,,,,,Grooves,,,,Luke,
24703,live,Nirvana Grooves,https://admin.musora.com/admin#/content/drumeo/24703,https://www.musora.com/drumeo/live-streams/1183-nirvana-grooves-1/24703,2015-11-08,Fills,,,,,,,,,,Luke,
24726,live,How To Prepare For An Audition,https://admin.musora.com/admin#/content/drumeo/24726,https://www.musora.com/drumeo/live-streams/1184-how-to-prepare-for-an-audition/24726,2015-11-09,All,,,,,,,,Gigging Tips & Gear,Practice Tips,Luke,
24731,live,Doubles-Between-The-Hand-&-Foot Workout,https://admin.musora.com/admin#/content/drumeo/24731,https://www.musora.com/drumeo/live-streams/1185-doubles-between-the-hand-foot-workout/24731,2015-11-10,Independence,,Hand Technique,Foot Technique,,,Independence,,,,Luke,
24731,live,Doubles-Between-The-Hand-&-Foot Workout,https://admin.musora.com/admin#/content/drumeo/24731,https://www.musora.com/drumeo/live-streams/1185-doubles-between-the-hand-foot-workout/24731,2015-11-10,Rudiments,,,,,,,,,,Luke,
24731,live,Doubles-Between-The-Hand-&-Foot Workout,https://admin.musora.com/admin#/content/drumeo/24731,https://www.musora.com/drumeo/live-streams/1185-doubles-between-the-hand-foot-workout/24731,2015-11-10,Technique,,,,,,,,,,Luke,
24735,live,Bubble Gum Grooves,https://admin.musora.com/admin#/content/drumeo/24735,https://www.musora.com/drumeo/live-streams/1187-bubble-gum-grooves/24735,2015-11-14,Beats,,Timing,,,,Grooves,,,,Luke,
24735,live,Bubble Gum Grooves,https://admin.musora.com/admin#/content/drumeo/24735,https://www.musora.com/drumeo/live-streams/1187-bubble-gum-grooves/24735,2015-11-14,Beats,,,,,,,,,,Luke,
24735,live,Bubble Gum Grooves,https://admin.musora.com/admin#/content/drumeo/24735,https://www.musora.com/drumeo/live-streams/1187-bubble-gum-grooves/24735,2015-11-14,Musicality,,,,,,,,,,Luke,
24735,live,Bubble Gum Grooves,https://admin.musora.com/admin#/content/drumeo/24735,https://www.musora.com/drumeo/live-streams/1187-bubble-gum-grooves/24735,2015-11-14,Musicality,,,,,,,,,,Luke,
24737,live,Nirvana Fills,https://admin.musora.com/admin#/content/drumeo/24737,https://www.musora.com/drumeo/live-streams/1188-nirvana-fills/24737,2015-11-15,Fills,Pop/Rock,,,,,Fills & Chops,,,,Luke,
24737,live,Nirvana Fills,https://admin.musora.com/admin#/content/drumeo/24737,https://www.musora.com/drumeo/live-streams/1188-nirvana-fills/24737,2015-11-15,Fills,,,,,,,,,,Luke,
24737,live,Nirvana Fills,https://admin.musora.com/admin#/content/drumeo/24737,https://www.musora.com/drumeo/live-streams/1188-nirvana-fills/24737,2015-11-15,Musicality,,,,,,,,,,Luke,
24737,live,Nirvana Fills,https://admin.musora.com/admin#/content/drumeo/24737,https://www.musora.com/drumeo/live-streams/1188-nirvana-fills/24737,2015-11-15,Musicality,,,,,,,,,,Luke,
24773,live,Single-Stroke Madness Beats #1,https://admin.musora.com/admin#/content/drumeo/24773,https://www.musora.com/drumeo/live-streams/1190-single-stroke-madness-beats-1/24773,2015-11-17,Beats,,,,,,Grooves,Independence,,,Luke,
24773,live,Single-Stroke Madness Beats #1,https://admin.musora.com/admin#/content/drumeo/24773,https://www.musora.com/drumeo/live-streams/1190-single-stroke-madness-beats-1/24773,2015-11-17,Beats,,,,,,,,,,Luke,
24773,live,Single-Stroke Madness Beats #1,https://admin.musora.com/admin#/content/drumeo/24773,https://www.musora.com/drumeo/live-streams/1190-single-stroke-madness-beats-1/24773,2015-11-17,Rudiments,,,,,,,,,,Luke,
24773,live,Single-Stroke Madness Beats #1,https://admin.musora.com/admin#/content/drumeo/24773,https://www.musora.com/drumeo/live-streams/1190-single-stroke-madness-beats-1/24773,2015-11-17,Rudiments,,,,,,,,,,Luke,
24786,live,Exploring Quintuplets,https://admin.musora.com/admin#/content/drumeo/24786,https://www.musora.com/drumeo/live-streams/1191-exploring-quintuplets-1/24786,2015-11-18,Beats,,Timing,,Time Signatures,,Grooves,Fills & Chops,,,Luke,
24786,live,Exploring Quintuplets,https://admin.musora.com/admin#/content/drumeo/24786,https://www.musora.com/drumeo/live-streams/1191-exploring-quintuplets-1/24786,2015-11-18,Fills,,,,,,,,,,Luke,
24786,live,Exploring Quintuplets,https://admin.musora.com/admin#/content/drumeo/24786,https://www.musora.com/drumeo/live-streams/1191-exploring-quintuplets-1/24786,2015-11-18,Theory,,,,,,,,,,Luke,
247866,live,Mental Health For The Modern Drummer,https://admin.musora.com/admin#/content/drumeo/247866,https://www.musora.com/drumeo/live-streams/mental-health-for-the-modern-drummer/247866,2020-03-18,All,,,,,,,,Gigging Tips & Gear,Other,Luke,
247866,live,Mental Health For The Modern Drummer,https://admin.musora.com/admin#/content/drumeo/247866,https://www.musora.com/drumeo/live-streams/mental-health-for-the-modern-drummer/247866,2020-03-18,Edutainment,,,,,,,,,,Luke,
24788,live,Right-Hand Lead Fills,https://admin.musora.com/admin#/content/drumeo/24788,https://www.musora.com/drumeo/live-streams/1192-right-hand-lead-fills/24788,2015-11-19,Fills,,Hand Technique,,,,Fills & Chops,,,,Luke,
24788,live,Right-Hand Lead Fills,https://admin.musora.com/admin#/content/drumeo/24788,https://www.musora.com/drumeo/live-streams/1192-right-hand-lead-fills/24788,2015-11-19,Fills,,,,,,,,,,Luke,
24788,live,Right-Hand Lead Fills,https://admin.musora.com/admin#/content/drumeo/24788,https://www.musora.com/drumeo/live-streams/1192-right-hand-lead-fills/24788,2015-11-19,Technique,,,,,,,,,,Luke,
24788,live,Right-Hand Lead Fills,https://admin.musora.com/admin#/content/drumeo/24788,https://www.musora.com/drumeo/live-streams/1192-right-hand-lead-fills/24788,2015-11-19,Technique,,,,,,,,,,Luke,
24790,live,"The Grooves Of David Garibaldi - ""Can't You See""",https://admin.musora.com/admin#/content/drumeo/24790,https://www.musora.com/drumeo/live-streams/1193-the-grooves-of-david-garibaldi-cant-you-see/24790,2015-11-20,Beats,Funk/Disco,,,,,Grooves,Fills & Chops,,,Luke,
24790,live,"The Grooves Of David Garibaldi - ""Can't You See""",https://admin.musora.com/admin#/content/drumeo/24790,https://www.musora.com/drumeo/live-streams/1193-the-grooves-of-david-garibaldi-cant-you-see/24790,2015-11-20,Beats,,,,,,,,,,Luke,
24790,live,"The Grooves Of David Garibaldi - ""Can't You See""",https://admin.musora.com/admin#/content/drumeo/24790,https://www.musora.com/drumeo/live-streams/1193-the-grooves-of-david-garibaldi-cant-you-see/24790,2015-11-20,Fills,,,,,,,,,,Luke,
24790,live,"The Grooves Of David Garibaldi - ""Can't You See""",https://admin.musora.com/admin#/content/drumeo/24790,https://www.musora.com/drumeo/live-streams/1193-the-grooves-of-david-garibaldi-cant-you-see/24790,2015-11-20,Fills,,,,,,,,,,Luke,
24790,live,"The Grooves Of David Garibaldi - ""Can't You See""",https://admin.musora.com/admin#/content/drumeo/24790,https://www.musora.com/drumeo/live-streams/1193-the-grooves-of-david-garibaldi-cant-you-see/24790,2015-11-20,Styles,,,,,,,,,,Luke,
24790,live,"The Grooves Of David Garibaldi - ""Can't You See""",https://admin.musora.com/admin#/content/drumeo/24790,https://www.musora.com/drumeo/live-streams/1193-the-grooves-of-david-garibaldi-cant-you-see/24790,2015-11-20,Styles,,,,,,,,,,Luke,
24831,live,Brushes In Modern Drumming,https://admin.musora.com/admin#/content/drumeo/24831,https://www.musora.com/drumeo/live-streams/1195-brushes-in-modern-drumming/24831,2015-11-23,Beats,,Hand Technique,,,,Grooves,Making Music,,,Luke,
24831,live,Brushes In Modern Drumming,https://admin.musora.com/admin#/content/drumeo/24831,https://www.musora.com/drumeo/live-streams/1195-brushes-in-modern-drumming/24831,2015-11-23,Fills,,,,,,,,,,Luke,
24831,live,Brushes In Modern Drumming,https://admin.musora.com/admin#/content/drumeo/24831,https://www.musora.com/drumeo/live-streams/1195-brushes-in-modern-drumming/24831,2015-11-23,Styles,,,,,,,,,,Luke,
24845,live,Melodic Warm-ups,https://admin.musora.com/admin#/content/drumeo/24845,https://www.musora.com/drumeo/live-streams/1196-melodic-warm-ups/24845,2015-11-24,Rudiments,,,,Ear Training,,Making Music,,Practice Tips,,Luke,
24845,live,Melodic Warm-ups,https://admin.musora.com/admin#/content/drumeo/24845,https://www.musora.com/drumeo/live-streams/1196-melodic-warm-ups/24845,2015-11-24,Rudiments,,,,,,,,,,Luke,
24845,live,Melodic Warm-ups,https://admin.musora.com/admin#/content/drumeo/24845,https://www.musora.com/drumeo/live-streams/1196-melodic-warm-ups/24845,2015-11-24,Technique,,,,,,,,,,Luke,
24845,live,Melodic Warm-ups,https://admin.musora.com/admin#/content/drumeo/24845,https://www.musora.com/drumeo/live-streams/1196-melodic-warm-ups/24845,2015-11-24,Technique,,,,,,,,,,Luke,
24847,live,Playing With A Bass Player In Multiple Styles,https://admin.musora.com/admin#/content/drumeo/24847,https://www.musora.com/drumeo/live-streams/1197-playing-with-a-bass-player-in-multiple-styles/24847,2015-11-25,Musicality,,,,,,Making Music,,Gigging Tips & Gear,,Luke,
24847,live,Playing With A Bass Player In Multiple Styles,https://admin.musora.com/admin#/content/drumeo/24847,https://www.musora.com/drumeo/live-streams/1197-playing-with-a-bass-player-in-multiple-styles/24847,2015-11-25,Musicality,,,,,,,,,,Luke,
248472,live,Moving From Beginner To Intermediate Independence,https://admin.musora.com/admin#/content/drumeo/248472,https://www.musora.com/drumeo/live-streams/moving-from-beginner-to-intermediate-independence/248472,2020-03-23,Independence,,,,,,Independence,,,,Luke,
24849,live,"The Grooves Of David Garibaldi - ""Drop It In The Slot""",https://admin.musora.com/admin#/content/drumeo/24849,https://www.musora.com/drumeo/live-streams/1198-the-grooves-of-david-garibaldi-drop-it-in-the-slot/24849,2015-11-27,Beats,Funk/Disco,,,,,Grooves,Fills & Chops,,,Luke,
24849,live,"The Grooves Of David Garibaldi - ""Drop It In The Slot""",https://admin.musora.com/admin#/content/drumeo/24849,https://www.musora.com/drumeo/live-streams/1198-the-grooves-of-david-garibaldi-drop-it-in-the-slot/24849,2015-11-27,Beats,,,,,,,,,,Luke,
24849,live,"The Grooves Of David Garibaldi - ""Drop It In The Slot""",https://admin.musora.com/admin#/content/drumeo/24849,https://www.musora.com/drumeo/live-streams/1198-the-grooves-of-david-garibaldi-drop-it-in-the-slot/24849,2015-11-27,Fills,,,,,,,,,,Luke,
24849,live,"The Grooves Of David Garibaldi - ""Drop It In The Slot""",https://admin.musora.com/admin#/content/drumeo/24849,https://www.musora.com/drumeo/live-streams/1198-the-grooves-of-david-garibaldi-drop-it-in-the-slot/24849,2015-11-27,Fills,,,,,,,,,,Luke,
24849,live,"The Grooves Of David Garibaldi - ""Drop It In The Slot""",https://admin.musora.com/admin#/content/drumeo/24849,https://www.musora.com/drumeo/live-streams/1198-the-grooves-of-david-garibaldi-drop-it-in-the-slot/24849,2015-11-27,Styles,,,,,,,,,,Luke,
24849,live,"The Grooves Of David Garibaldi - ""Drop It In The Slot""",https://admin.musora.com/admin#/content/drumeo/24849,https://www.musora.com/drumeo/live-streams/1198-the-grooves-of-david-garibaldi-drop-it-in-the-slot/24849,2015-11-27,Styles,,,,,,,,,,Luke,
248501,live,Using Play-Alongs To Improve,https://admin.musora.com/admin#/content/drumeo/248501,https://www.musora.com/drumeo/live-streams/using-play-alongs-to-improve/248501,2020-03-30,Beats,,,,Ear Training,,Making Music,,Practice Tips,Gigging Tips & Gear,Luke,
248501,live,Using Play-Alongs To Improve,https://admin.musora.com/admin#/content/drumeo/248501,https://www.musora.com/drumeo/live-streams/using-play-alongs-to-improve/248501,2020-03-30,Beats,,,,,,,,,,Luke,
248501,live,Using Play-Alongs To Improve,https://admin.musora.com/admin#/content/drumeo/248501,https://www.musora.com/drumeo/live-streams/using-play-alongs-to-improve/248501,2020-03-30,Ear Training,,,,,,,,,,Luke,
248501,live,Using Play-Alongs To Improve,https://admin.musora.com/admin#/content/drumeo/248501,https://www.musora.com/drumeo/live-streams/using-play-alongs-to-improve/248501,2020-03-30,Ear Training,,,,,,,,,,Luke,
248501,live,Using Play-Alongs To Improve,https://admin.musora.com/admin#/content/drumeo/248501,https://www.musora.com/drumeo/live-streams/using-play-alongs-to-improve/248501,2020-03-30,Fills,,,,,,,,,,Luke,
248501,live,Using Play-Alongs To Improve,https://admin.musora.com/admin#/content/drumeo/248501,https://www.musora.com/drumeo/live-streams/using-play-alongs-to-improve/248501,2020-03-30,Fills,,,,,,,,,,Luke,
248501,live,Using Play-Alongs To Improve,https://admin.musora.com/admin#/content/drumeo/248501,https://www.musora.com/drumeo/live-streams/using-play-alongs-to-improve/248501,2020-03-30,Musicality,,,,,,,,,,Luke,
248501,live,Using Play-Alongs To Improve,https://admin.musora.com/admin#/content/drumeo/248501,https://www.musora.com/drumeo/live-streams/using-play-alongs-to-improve/248501,2020-03-30,Musicality,,,,,,,,,,Luke,
248503,live,Improve Your Versatility With Your Ears,https://admin.musora.com/admin#/content/drumeo/248503,https://www.musora.com/drumeo/live-streams/improve-your-versatility-with-your-ears/248503,2020-04-05,Ear Training,,,,Ear Training,,Making Music,,Gigging Tips & Gear,Practice Tips,Luke,
248503,live,Improve Your Versatility With Your Ears,https://admin.musora.com/admin#/content/drumeo/248503,https://www.musora.com/drumeo/live-streams/improve-your-versatility-with-your-ears/248503,2020-04-05,Ear Training,,,,,,,,,,Luke,
248503,live,Improve Your Versatility With Your Ears,https://admin.musora.com/admin#/content/drumeo/248503,https://www.musora.com/drumeo/live-streams/improve-your-versatility-with-your-ears/248503,2020-04-05,Musicality,,,,,,,,,,Luke,
248503,live,Improve Your Versatility With Your Ears,https://admin.musora.com/admin#/content/drumeo/248503,https://www.musora.com/drumeo/live-streams/improve-your-versatility-with-your-ears/248503,2020-04-05,Musicality,,,,,,,,,,Luke,
248509,live,Jared Learns Something Brand New,https://admin.musora.com/admin#/content/drumeo/248509,https://www.musora.com/drumeo/live-streams/jared-learns-something-brand-new/248509,2020-04-09,All,,,,,,,,Practice Tips,Other,Luke,
248509,live,Jared Learns Something Brand New,https://admin.musora.com/admin#/content/drumeo/248509,https://www.musora.com/drumeo/live-streams/jared-learns-something-brand-new/248509,2020-04-09,All,,,,,,,,,,Luke,
24851,live,32nd-Note Sprinkles,https://admin.musora.com/admin#/content/drumeo/24851,https://www.musora.com/drumeo/live-streams/1199-32nd-note-sprinkles/24851,2015-11-28,Beats,,Timing,,Ear Training,,Grooves,,,,Luke,
24851,live,32nd-Note Sprinkles,https://admin.musora.com/admin#/content/drumeo/24851,https://www.musora.com/drumeo/live-streams/1199-32nd-note-sprinkles/24851,2015-11-28,Beats,,,,,,,,,,Luke,
24851,live,32nd-Note Sprinkles,https://admin.musora.com/admin#/content/drumeo/24851,https://www.musora.com/drumeo/live-streams/1199-32nd-note-sprinkles/24851,2015-11-28,Fills,,,,,,,,,,Luke,
24851,live,32nd-Note Sprinkles,https://admin.musora.com/admin#/content/drumeo/24851,https://www.musora.com/drumeo/live-streams/1199-32nd-note-sprinkles/24851,2015-11-28,Fills,,,,,,,,,,Luke,
248510,question-and-answer,Weekly Q&A (04/07/2020),https://admin.musora.com/admin#/content/drumeo/248510,https://www.musora.com/drumeo/question-and-answer/weekly-qa/248510,2020-04-10,Q&A,,,,,,,,Other,,Luke,
248512,live,Electronic Drums Are Drums Too,https://admin.musora.com/admin#/content/drumeo/248512,https://www.musora.com/drumeo/live-streams/electronic-drums-are-drums-too/248512,2020-04-17,Edutainment,,Setup & Tuning,,,,,Making Music,Gigging Tips & Gear,,Luke,
248518,live,Learning Your First Polyrhythm,https://admin.musora.com/admin#/content/drumeo/248518,https://www.musora.com/drumeo/live-streams/learning-your-first-polyrhythm/248518,2020-04-15,Musicality,,Timing,,Ear Training,Time Signatures,Independence,,,,Luke,
248518,live,Learning Your First Polyrhythm,https://admin.musora.com/admin#/content/drumeo/248518,https://www.musora.com/drumeo/live-streams/learning-your-first-polyrhythm/248518,2020-04-15,Theory,,,,,,,,,,Luke,
248519,question-and-answer,Weekly Q&A (04/14/2020),https://admin.musora.com/admin#/content/drumeo/248519,https://www.musora.com/drumeo/question-and-answer/weekly-qa/248519,2020-04-17,Q&A,,,,,,,,Other,,Luke,
248521,live,Hi-Hat Foot Boot Camp,https://admin.musora.com/admin#/content/drumeo/248521,https://www.musora.com/drumeo/live-streams/hi-hat-foot-boot-camp/248521,2020-04-26,Independence,,Foot Technique,,,,Independence,,,,Luke,
24853,live,Polyrhythmic Riding #1,https://admin.musora.com/admin#/content/drumeo/24853,https://www.musora.com/drumeo/live-streams/1203-polyrhythmic-riding-1/24853,2015-12-03,Beats,,Timing,,Time Signatures,Ear Training,Grooves,Independence,,,Luke,
24853,live,Polyrhythmic Riding #1,https://admin.musora.com/admin#/content/drumeo/24853,https://www.musora.com/drumeo/live-streams/1203-polyrhythmic-riding-1/24853,2015-12-03,Beats,,,,,,,,,,Luke,
24874,live,Making Metronome Practice More Fun,https://admin.musora.com/admin#/content/drumeo/24874,https://www.musora.com/drumeo/live-streams/1200-making-metronome-practice-more-fun/24874,2015-11-30,Beats,,Timing,,Ear Training,,,,Practice Tips,,Luke,
24874,live,Making Metronome Practice More Fun,https://admin.musora.com/admin#/content/drumeo/24874,https://www.musora.com/drumeo/live-streams/1200-making-metronome-practice-more-fun/24874,2015-11-30,Fills,,,,,,,,,,Luke,
24880,live,"D. Garibaldi Grooves - ""Squib Cakes"" & ""Oakland Stroke""",https://admin.musora.com/admin#/content/drumeo/24880,https://www.musora.com/drumeo/live-streams/1201-the-grooves-of-david-garibaldi-squib-cakes-oakland-stroke/24880,2015-12-01,Beats,Funk/Disco,,,,,Grooves,Fills & Chops,,,Luke,
24880,live,"D. Garibaldi Grooves - ""Squib Cakes"" & ""Oakland Stroke""",https://admin.musora.com/admin#/content/drumeo/24880,https://www.musora.com/drumeo/live-streams/1201-the-grooves-of-david-garibaldi-squib-cakes-oakland-stroke/24880,2015-12-01,Beats,,,,,,,,,,Luke,
24880,live,"D. Garibaldi Grooves - ""Squib Cakes"" & ""Oakland Stroke""",https://admin.musora.com/admin#/content/drumeo/24880,https://www.musora.com/drumeo/live-streams/1201-the-grooves-of-david-garibaldi-squib-cakes-oakland-stroke/24880,2015-12-01,Fills,,,,,,,,,,Luke,
24880,live,"D. Garibaldi Grooves - ""Squib Cakes"" & ""Oakland Stroke""",https://admin.musora.com/admin#/content/drumeo/24880,https://www.musora.com/drumeo/live-streams/1201-the-grooves-of-david-garibaldi-squib-cakes-oakland-stroke/24880,2015-12-01,Fills,,,,,,,,,,Luke,
24880,live,"D. Garibaldi Grooves - ""Squib Cakes"" & ""Oakland Stroke""",https://admin.musora.com/admin#/content/drumeo/24880,https://www.musora.com/drumeo/live-streams/1201-the-grooves-of-david-garibaldi-squib-cakes-oakland-stroke/24880,2015-12-01,Styles,,,,,,,,,,Luke,
24880,live,"D. Garibaldi Grooves - ""Squib Cakes"" & ""Oakland Stroke""",https://admin.musora.com/admin#/content/drumeo/24880,https://www.musora.com/drumeo/live-streams/1201-the-grooves-of-david-garibaldi-squib-cakes-oakland-stroke/24880,2015-12-01,Styles,,,,,,,,,,Luke,
24921,live,Polyrhythmic Riding #2,https://admin.musora.com/admin#/content/drumeo/24921,https://www.musora.com/drumeo/live-streams/1205-polyrhythmic-riding-2/24921,2015-12-06,Beats,,Timing,,Time Signatures,Ear Training,Grooves,Independence,,,Luke,
24921,live,Polyrhythmic Riding #2,https://admin.musora.com/admin#/content/drumeo/24921,https://www.musora.com/drumeo/live-streams/1205-polyrhythmic-riding-2/24921,2015-12-06,Beats,,,,,,,,,,Luke,
24933,live,Grooving With Creativity,https://admin.musora.com/admin#/content/drumeo/24933,https://www.musora.com/drumeo/live-streams/1206-grooving-with-creativity/24933,2015-12-07,Beats,,,,,,Grooves,Making Music,,,Luke,
24933,live,Grooving With Creativity,https://admin.musora.com/admin#/content/drumeo/24933,https://www.musora.com/drumeo/live-streams/1206-grooving-with-creativity/24933,2015-12-07,Fills,,,,,,,,,,Luke,
24933,live,Grooving With Creativity,https://admin.musora.com/admin#/content/drumeo/24933,https://www.musora.com/drumeo/live-streams/1206-grooving-with-creativity/24933,2015-12-07,Musicality,,,,,,,,,,Luke,
24938,live,Simplifying Your Groove To Your Comfort Zone,https://admin.musora.com/admin#/content/drumeo/24938,https://www.musora.com/drumeo/live-streams/1208-simplifying-your-groove-to-your-comfort-zone/24938,2015-12-09,Beats,,,,,,Grooves,,Practice Tips,,Luke,
24938,live,Simplifying Your Groove To Your Comfort Zone,https://admin.musora.com/admin#/content/drumeo/24938,https://www.musora.com/drumeo/live-streams/1208-simplifying-your-groove-to-your-comfort-zone/24938,2015-12-09,Musicality,,,,,,,,,,Luke,
24942,live,"The Grooves Of David Garibaldi - ""Ebony Jam""",https://admin.musora.com/admin#/content/drumeo/24942,https://www.musora.com/drumeo/live-streams/1207-the-grooves-of-david-garibaldi-ebony-jam/24942,2015-12-08,Beats,Funk/Disco,,,,,Grooves,Fills & Chops,,,Luke,
24942,live,"The Grooves Of David Garibaldi - ""Ebony Jam""",https://admin.musora.com/admin#/content/drumeo/24942,https://www.musora.com/drumeo/live-streams/1207-the-grooves-of-david-garibaldi-ebony-jam/24942,2015-12-08,Beats,,,,,,,,,,Luke,
24942,live,"The Grooves Of David Garibaldi - ""Ebony Jam""",https://admin.musora.com/admin#/content/drumeo/24942,https://www.musora.com/drumeo/live-streams/1207-the-grooves-of-david-garibaldi-ebony-jam/24942,2015-12-08,Fills,,,,,,,,,,Luke,
24942,live,"The Grooves Of David Garibaldi - ""Ebony Jam""",https://admin.musora.com/admin#/content/drumeo/24942,https://www.musora.com/drumeo/live-streams/1207-the-grooves-of-david-garibaldi-ebony-jam/24942,2015-12-08,Fills,,,,,,,,,,Luke,
24942,live,"The Grooves Of David Garibaldi - ""Ebony Jam""",https://admin.musora.com/admin#/content/drumeo/24942,https://www.musora.com/drumeo/live-streams/1207-the-grooves-of-david-garibaldi-ebony-jam/24942,2015-12-08,Styles,,,,,,,,,,Luke,
24942,live,"The Grooves Of David Garibaldi - ""Ebony Jam""",https://admin.musora.com/admin#/content/drumeo/24942,https://www.musora.com/drumeo/live-streams/1207-the-grooves-of-david-garibaldi-ebony-jam/24942,2015-12-08,Styles,,,,,,,,,,Luke,
24949,live,Developing Hand & Foot Melodies,https://admin.musora.com/admin#/content/drumeo/24949,https://www.musora.com/drumeo/live-streams/1210-developing-hand-foot-melodies/24949,2015-12-12,Beats,,,,Ear Training,,Fills & Chops,Independence,,,Luke,
24949,live,Developing Hand & Foot Melodies,https://admin.musora.com/admin#/content/drumeo/24949,https://www.musora.com/drumeo/live-streams/1210-developing-hand-foot-melodies/24949,2015-12-12,Beats,,,,,,,,,,Luke,
24949,live,Developing Hand & Foot Melodies,https://admin.musora.com/admin#/content/drumeo/24949,https://www.musora.com/drumeo/live-streams/1210-developing-hand-foot-melodies/24949,2015-12-12,Fills,,,,,,,,,,Luke,
24949,live,Developing Hand & Foot Melodies,https://admin.musora.com/admin#/content/drumeo/24949,https://www.musora.com/drumeo/live-streams/1210-developing-hand-foot-melodies/24949,2015-12-12,Fills,,,,,,,,,,Luke,
24949,live,Developing Hand & Foot Melodies,https://admin.musora.com/admin#/content/drumeo/24949,https://www.musora.com/drumeo/live-streams/1210-developing-hand-foot-melodies/24949,2015-12-12,Independence,,,,,,,,,,Luke,
24949,live,Developing Hand & Foot Melodies,https://admin.musora.com/admin#/content/drumeo/24949,https://www.musora.com/drumeo/live-streams/1210-developing-hand-foot-melodies/24949,2015-12-12,Independence,,,,,,,,,,Luke,
24949,live,Developing Hand & Foot Melodies,https://admin.musora.com/admin#/content/drumeo/24949,https://www.musora.com/drumeo/live-streams/1210-developing-hand-foot-melodies/24949,2015-12-12,Musicality,,,,,,,,,,Luke,
24949,live,Developing Hand & Foot Melodies,https://admin.musora.com/admin#/content/drumeo/24949,https://www.musora.com/drumeo/live-streams/1210-developing-hand-foot-melodies/24949,2015-12-12,Musicality,,,,,,,,,,Luke,
24951,live,7 Sick Constant-Release Beats,https://admin.musora.com/admin#/content/drumeo/24951,https://www.musora.com/drumeo/live-streams/1211-7-sick-constant-release-beats/24951,2015-12-13,Beats,,Foot Technique,,,,Grooves,,,,Luke,
24951,live,7 Sick Constant-Release Beats,https://admin.musora.com/admin#/content/drumeo/24951,https://www.musora.com/drumeo/live-streams/1211-7-sick-constant-release-beats/24951,2015-12-13,Beats,,,,,,,,,,Luke,
24951,live,7 Sick Constant-Release Beats,https://admin.musora.com/admin#/content/drumeo/24951,https://www.musora.com/drumeo/live-streams/1211-7-sick-constant-release-beats/24951,2015-12-13,Technique,,,,,,,,,,Luke,
24951,live,7 Sick Constant-Release Beats,https://admin.musora.com/admin#/content/drumeo/24951,https://www.musora.com/drumeo/live-streams/1211-7-sick-constant-release-beats/24951,2015-12-13,Technique,,,,,,,,,,Luke,
249761,question-and-answer,Weekly Q&A (03/31/2020),https://admin.musora.com/admin#/content/drumeo/249761,https://www.musora.com/drumeo/question-and-answer/weekly-qa/249761,2020-03-31,Q&A,,,,,,,,Other,,Luke,
24981,live,Exercises For Great Hands & Fills,https://admin.musora.com/admin#/content/drumeo/24981,https://www.musora.com/drumeo/live-streams/1212-exercises-for-great-hands-fills/24981,2015-12-14,Rudiments,,Hand Technique,,,,Fills & Chops,Making Music,,,Luke,
24981,live,Exercises For Great Hands & Fills,https://admin.musora.com/admin#/content/drumeo/24981,https://www.musora.com/drumeo/live-streams/1212-exercises-for-great-hands-fills/24981,2015-12-14,Technique,,,,,,,,,,Luke,
24992,live,Single-Stroke Madness Beats #2,https://admin.musora.com/admin#/content/drumeo/24992,https://www.musora.com/drumeo/live-streams/1215-single-stroke-madness-beats-2/24992,2015-12-18,Beats,,,,,,Grooves,Independence,,,Luke,
24992,live,Single-Stroke Madness Beats #2,https://admin.musora.com/admin#/content/drumeo/24992,https://www.musora.com/drumeo/live-streams/1215-single-stroke-madness-beats-2/24992,2015-12-18,Beats,,,,,,,,,,Luke,
24992,live,Single-Stroke Madness Beats #2,https://admin.musora.com/admin#/content/drumeo/24992,https://www.musora.com/drumeo/live-streams/1215-single-stroke-madness-beats-2/24992,2015-12-18,Rudiments,,,,,,,,,,Luke,
24992,live,Single-Stroke Madness Beats #2,https://admin.musora.com/admin#/content/drumeo/24992,https://www.musora.com/drumeo/live-streams/1215-single-stroke-madness-beats-2/24992,2015-12-18,Rudiments,,,,,,,,,,Luke,
24996,live,Constant-Release Workout,https://admin.musora.com/admin#/content/drumeo/24996,https://www.musora.com/drumeo/live-streams/1217-constant-release-workout/24996,2015-12-20,Technique,,Foot Technique,,,,Fills & Chops,Independence,,,Luke,
250064,live,Kyle And Dave's Drum Fill Boot Camp,https://admin.musora.com/admin#/content/drumeo/250064,https://www.musora.com/drumeo/live-streams/improve-your-fill-vocabulary/250064,2020-04-17,Fills,,,,,,Fills & Chops,,,,Luke,
250064,live,Kyle And Dave's Drum Fill Boot Camp,https://admin.musora.com/admin#/content/drumeo/250064,https://www.musora.com/drumeo/live-streams/improve-your-fill-vocabulary/250064,2020-04-17,Musicality,,,,,,,,,,Luke,
250069,question-and-answer,Weekly Q&A (04/22/2020),https://admin.musora.com/admin#/content/drumeo/250069,https://www.musora.com/drumeo/question-and-answer/weekly-qa/250069,2020-04-22,Q&A,,,,,,,,Other,,Luke,
250074,question-and-answer,Weekly Q&A (04/28/2020),https://admin.musora.com/admin#/content/drumeo/250074,https://www.musora.com/drumeo/question-and-answer/weekly-qa/250074,2020-04-28,Q&A,,,,,,,,Other,,Luke,
250074,question-and-answer,Weekly Q&A (04/28/2020),https://admin.musora.com/admin#/content/drumeo/250074,https://www.musora.com/drumeo/question-and-answer/weekly-qa/250074,2020-04-28,Q&A,,,,,,,,,,Luke,
25015,live,Classic-Rock Roundup,https://admin.musora.com/admin#/content/drumeo/25015,https://www.musora.com/drumeo/live-streams/1219-classic-rock-roundup/25015,2015-12-22,Beats,Pop/Rock,,,,,Grooves,,,,Luke,
25015,live,Classic-Rock Roundup,https://admin.musora.com/admin#/content/drumeo/25015,https://www.musora.com/drumeo/live-streams/1219-classic-rock-roundup/25015,2015-12-22,Beats,,,,,,,,,,Luke,
25015,live,Classic-Rock Roundup,https://admin.musora.com/admin#/content/drumeo/25015,https://www.musora.com/drumeo/live-streams/1219-classic-rock-roundup/25015,2015-12-22,Fills,,,,,,,,,,Luke,
25015,live,Classic-Rock Roundup,https://admin.musora.com/admin#/content/drumeo/25015,https://www.musora.com/drumeo/live-streams/1219-classic-rock-roundup/25015,2015-12-22,Fills,,,,,,,,,,Luke,
25042,live,Double Bass Practice-Along,https://admin.musora.com/admin#/content/drumeo/25042,https://www.musora.com/drumeo/live-streams/1224-double-bass-practice-along/25042,2015-12-29,Musicality,,Foot Technique,,,,Grooves,Double Bass,,,Luke,
25042,live,Double Bass Practice-Along,https://admin.musora.com/admin#/content/drumeo/25042,https://www.musora.com/drumeo/live-streams/1224-double-bass-practice-along/25042,2015-12-29,Musicality,,,,,,,,,,Luke,
25044,live,The Grid Workout - Developing 16th-Note Freedom,https://admin.musora.com/admin#/content/drumeo/25044,https://www.musora.com/drumeo/live-streams/1225-the-grid-workout-developing-16th-note-freedom/25044,2015-12-30,Musicality,,Rudiments,,Ear Training,,Fills & Chops,Independence,,,Luke,
25044,live,The Grid Workout - Developing 16th-Note Freedom,https://admin.musora.com/admin#/content/drumeo/25044,https://www.musora.com/drumeo/live-streams/1225-the-grid-workout-developing-16th-note-freedom/25044,2015-12-30,Musicality,,,,,,,,,,Luke,
25044,live,The Grid Workout - Developing 16th-Note Freedom,https://admin.musora.com/admin#/content/drumeo/25044,https://www.musora.com/drumeo/live-streams/1225-the-grid-workout-developing-16th-note-freedom/25044,2015-12-30,Rudiments,,,,,,,,,,Luke,
25044,live,The Grid Workout - Developing 16th-Note Freedom,https://admin.musora.com/admin#/content/drumeo/25044,https://www.musora.com/drumeo/live-streams/1225-the-grid-workout-developing-16th-note-freedom/25044,2015-12-30,Rudiments,,,,,,,,,,Luke,
25044,live,The Grid Workout - Developing 16th-Note Freedom,https://admin.musora.com/admin#/content/drumeo/25044,https://www.musora.com/drumeo/live-streams/1225-the-grid-workout-developing-16th-note-freedom/25044,2015-12-30,Technique,,,,,,,,,,Luke,
25044,live,The Grid Workout - Developing 16th-Note Freedom,https://admin.musora.com/admin#/content/drumeo/25044,https://www.musora.com/drumeo/live-streams/1225-the-grid-workout-developing-16th-note-freedom/25044,2015-12-30,Technique,,,,,,,,,,Luke,
25046,live,Creative Crash Applications,https://admin.musora.com/admin#/content/drumeo/25046,https://www.musora.com/drumeo/live-streams/1226-creative-crash-applications-1/25046,2016-01-02,Beats,,Setup & Tuning,,,,Grooves,Fills & Chops,Gigging Tips & Gear,,Luke,
25046,live,Creative Crash Applications,https://admin.musora.com/admin#/content/drumeo/25046,https://www.musora.com/drumeo/live-streams/1226-creative-crash-applications-1/25046,2016-01-02,Beats,,,,,,,,,,Luke,
25046,live,Creative Crash Applications,https://admin.musora.com/admin#/content/drumeo/25046,https://www.musora.com/drumeo/live-streams/1226-creative-crash-applications-1/25046,2016-01-02,Fills,,,,,,,,,,Luke,
25046,live,Creative Crash Applications,https://admin.musora.com/admin#/content/drumeo/25046,https://www.musora.com/drumeo/live-streams/1226-creative-crash-applications-1/25046,2016-01-02,Fills,,,,,,,,,,Luke,
25046,live,Creative Crash Applications,https://admin.musora.com/admin#/content/drumeo/25046,https://www.musora.com/drumeo/live-streams/1226-creative-crash-applications-1/25046,2016-01-02,Musicality,,,,,,,,,,Luke,
25046,live,Creative Crash Applications,https://admin.musora.com/admin#/content/drumeo/25046,https://www.musora.com/drumeo/live-streams/1226-creative-crash-applications-1/25046,2016-01-02,Musicality,,,,,,,,,,Luke,
25048,live,Quintuplet Stickings Applied To The Kit,https://admin.musora.com/admin#/content/drumeo/25048,https://www.musora.com/drumeo/live-streams/1227-quintuplet-stickings-applied-to-the-kit/25048,2016-01-03,Beats,,Timing,,Ear Training,Time Signatures,Grooves,Fills & Chops,,,Luke,
25048,live,Quintuplet Stickings Applied To The Kit,https://admin.musora.com/admin#/content/drumeo/25048,https://www.musora.com/drumeo/live-streams/1227-quintuplet-stickings-applied-to-the-kit/25048,2016-01-03,Beats,,,,,,,,,,Luke,
25048,live,Quintuplet Stickings Applied To The Kit,https://admin.musora.com/admin#/content/drumeo/25048,https://www.musora.com/drumeo/live-streams/1227-quintuplet-stickings-applied-to-the-kit/25048,2016-01-03,Fills,,,,,,,,,,Luke,
25048,live,Quintuplet Stickings Applied To The Kit,https://admin.musora.com/admin#/content/drumeo/25048,https://www.musora.com/drumeo/live-streams/1227-quintuplet-stickings-applied-to-the-kit/25048,2016-01-03,Fills,,,,,,,,,,Luke,
25048,live,Quintuplet Stickings Applied To The Kit,https://admin.musora.com/admin#/content/drumeo/25048,https://www.musora.com/drumeo/live-streams/1227-quintuplet-stickings-applied-to-the-kit/25048,2016-01-03,Theory,,,,,,,,,,Luke,
25048,live,Quintuplet Stickings Applied To The Kit,https://admin.musora.com/admin#/content/drumeo/25048,https://www.musora.com/drumeo/live-streams/1227-quintuplet-stickings-applied-to-the-kit/25048,2016-01-03,Theory,,,,,,,,,,Luke,
25096,live,Big Band 101 - Learning To Play Along,https://admin.musora.com/admin#/content/drumeo/25096,https://www.musora.com/drumeo/live-streams/1229-big-band-101-learning-to-play-along/25096,2016-01-08,Musicality,Jazz/Blues,,,Notation,Sight Reading,Making Music,,,,Luke,
25096,live,Big Band 101 - Learning To Play Along,https://admin.musora.com/admin#/content/drumeo/25096,https://www.musora.com/drumeo/live-streams/1229-big-band-101-learning-to-play-along/25096,2016-01-08,Musicality,,,,,,,,,,Luke,
25098,live,Big Band 102 - Learning To Hit Shots,https://admin.musora.com/admin#/content/drumeo/25098,https://www.musora.com/drumeo/live-streams/1230-big-band-102-learning-to-hit-shots/25098,2016-01-06,Musicality,Jazz/Blues,,,Notation,Sight Reading,Making Music,,,,Luke,
25098,live,Big Band 102 - Learning To Hit Shots,https://admin.musora.com/admin#/content/drumeo/25098,https://www.musora.com/drumeo/live-streams/1230-big-band-102-learning-to-hit-shots/25098,2016-01-06,Musicality,,,,,,,,,,Luke,
25100,live,"The Grooves Of David Garibaldi - ""Knock Yourself Out""",https://admin.musora.com/admin#/content/drumeo/25100,https://www.musora.com/drumeo/live-streams/1231-the-grooves-of-david-garibaldi-knock-yourself-out/25100,2016-01-08,Beats,Funk/Disco,,,,,Grooves,Fills & Chops,,,Luke,
251218,live,Charting Songs To Learn Faster,https://admin.musora.com/admin#/content/drumeo/251218,https://www.musora.com/drumeo/live-streams/charting-songs-to-learn-faster/251218,2020-04-10,Ear Training,,,,Ear Training,Notation,,,Gigging Tips & Gear,Practice Tips,Luke,
251218,live,Charting Songs To Learn Faster,https://admin.musora.com/admin#/content/drumeo/251218,https://www.musora.com/drumeo/live-streams/charting-songs-to-learn-faster/251218,2020-04-10,Musicality,,,,,,,,,,Luke,
25134,live,Secrets Of A Drum Tech,https://admin.musora.com/admin#/content/drumeo/25134,https://www.musora.com/drumeo/live-streams/1234-secrets-of-a-drum-tech/25134,2016-01-11,Edutainment,,Setup & Tuning,,,,,,Gigging Tips & Gear,Other,Luke,
25140,live,Double-Bass Triplet Practice-Along,https://admin.musora.com/admin#/content/drumeo/25140,https://www.musora.com/drumeo/live-streams/1235-double-bass-triplet-practice-along/25140,2016-01-12,Musicality,,Foot Technique,,,,Grooves,Double Bass,,,Luke,
25140,live,Double-Bass Triplet Practice-Along,https://admin.musora.com/admin#/content/drumeo/25140,https://www.musora.com/drumeo/live-streams/1235-double-bass-triplet-practice-along/25140,2016-01-12,Musicality,,,,,,,,,,Luke,
25144,live,Adam's Rudiment Smash #1,https://admin.musora.com/admin#/content/drumeo/25144,https://www.musora.com/drumeo/live-streams/1238-adams-rudiment-smash/25144,2016-01-16,Fills,,Rudiments,,,,Fills & Chops,,,,Luke,
25144,live,Adam's Rudiment Smash #1,https://admin.musora.com/admin#/content/drumeo/25144,https://www.musora.com/drumeo/live-streams/1238-adams-rudiment-smash/25144,2016-01-16,Fills,,,,,,,,,,Luke,
25144,live,Adam's Rudiment Smash #1,https://admin.musora.com/admin#/content/drumeo/25144,https://www.musora.com/drumeo/live-streams/1238-adams-rudiment-smash/25144,2016-01-16,Musicality,,,,,,,,,,Luke,
25144,live,Adam's Rudiment Smash #1,https://admin.musora.com/admin#/content/drumeo/25144,https://www.musora.com/drumeo/live-streams/1238-adams-rudiment-smash/25144,2016-01-16,Musicality,,,,,,,,,,Luke,
25144,live,Adam's Rudiment Smash #1,https://admin.musora.com/admin#/content/drumeo/25144,https://www.musora.com/drumeo/live-streams/1238-adams-rudiment-smash/25144,2016-01-16,Rudiments,,,,,,,,,,Luke,
25144,live,Adam's Rudiment Smash #1,https://admin.musora.com/admin#/content/drumeo/25144,https://www.musora.com/drumeo/live-streams/1238-adams-rudiment-smash/25144,2016-01-16,Rudiments,,,,,,,,,,Luke,
25146,live,Septuplet Stickings Applied To The Kit,https://admin.musora.com/admin#/content/drumeo/25146,https://www.musora.com/drumeo/live-streams/1239-septuplet-stickings-applied-to-the-kit/25146,2016-01-17,Beats,,Timing,,Ear Training,Time Signatures,Grooves,,,,Luke,
25146,live,Septuplet Stickings Applied To The Kit,https://admin.musora.com/admin#/content/drumeo/25146,https://www.musora.com/drumeo/live-streams/1239-septuplet-stickings-applied-to-the-kit/25146,2016-01-17,Beats,,,,,,,,,,Luke,
25146,live,Septuplet Stickings Applied To The Kit,https://admin.musora.com/admin#/content/drumeo/25146,https://www.musora.com/drumeo/live-streams/1239-septuplet-stickings-applied-to-the-kit/25146,2016-01-17,Fills,,,,,,,,,,Luke,
25146,live,Septuplet Stickings Applied To The Kit,https://admin.musora.com/admin#/content/drumeo/25146,https://www.musora.com/drumeo/live-streams/1239-septuplet-stickings-applied-to-the-kit/25146,2016-01-17,Fills,,,,,,,,,,Luke,
25146,live,Septuplet Stickings Applied To The Kit,https://admin.musora.com/admin#/content/drumeo/25146,https://www.musora.com/drumeo/live-streams/1239-septuplet-stickings-applied-to-the-kit/25146,2016-01-17,Musicality,,,,,,,,,,Luke,
25146,live,Septuplet Stickings Applied To The Kit,https://admin.musora.com/admin#/content/drumeo/25146,https://www.musora.com/drumeo/live-streams/1239-septuplet-stickings-applied-to-the-kit/25146,2016-01-17,Musicality,,,,,,,,,,Luke,
25172,live,"The Grooves Of Ziggy Modeliste - ""Cissy Strut""",https://admin.musora.com/admin#/content/drumeo/25172,https://www.musora.com/drumeo/live-streams/1237-the-grooves-of-ziggy-modeliste-cissy-strut/25172,2016-01-15,Beats,R&B/Soul,,,,,Grooves,,,,Luke,
25172,live,"The Grooves Of Ziggy Modeliste - ""Cissy Strut""",https://admin.musora.com/admin#/content/drumeo/25172,https://www.musora.com/drumeo/live-streams/1237-the-grooves-of-ziggy-modeliste-cissy-strut/25172,2016-01-15,Fills,,,,,,,,,,Luke,
25172,live,"The Grooves Of Ziggy Modeliste - ""Cissy Strut""",https://admin.musora.com/admin#/content/drumeo/25172,https://www.musora.com/drumeo/live-streams/1237-the-grooves-of-ziggy-modeliste-cissy-strut/25172,2016-01-15,Musicality,,,,,,,,,,Luke,
25186,live,Percussive Drumming & Independence,https://admin.musora.com/admin#/content/drumeo/25186,https://www.musora.com/drumeo/live-streams/1240-percussive-drumming-independence/25186,2016-01-18,Independence,,,,,,Independence,Making Music,,,Luke,
25186,live,Percussive Drumming & Independence,https://admin.musora.com/admin#/content/drumeo/25186,https://www.musora.com/drumeo/live-streams/1240-percussive-drumming-independence/25186,2016-01-18,Independence,,,,,,,,,,Luke,
25186,live,Percussive Drumming & Independence,https://admin.musora.com/admin#/content/drumeo/25186,https://www.musora.com/drumeo/live-streams/1240-percussive-drumming-independence/25186,2016-01-18,Musicality,,,,,,,,,,Luke,
25186,live,Percussive Drumming & Independence,https://admin.musora.com/admin#/content/drumeo/25186,https://www.musora.com/drumeo/live-streams/1240-percussive-drumming-independence/25186,2016-01-18,Musicality,,,,,,,,,,Luke,
25192,live,Question & Answer,https://admin.musora.com/admin#/content/drumeo/25192,https://www.musora.com/drumeo/live-streams/1241-question-answer/25192,2016-01-19,Edutainment,,,,,,,,Other,,Luke,
25192,live,Question & Answer,https://admin.musora.com/admin#/content/drumeo/25192,https://www.musora.com/drumeo/live-streams/1241-question-answer/25192,2016-01-19,Edutainment,,,,,,,,,,Luke,
25194,live,Linear Fill Multiplication #1,https://admin.musora.com/admin#/content/drumeo/25194,https://www.musora.com/drumeo/live-streams/1242-linear-fill-multiplication-1/25194,2016-01-20,Fills,,,,,,Fills & Chops,Independence,,,Luke,
25194,live,Linear Fill Multiplication #1,https://admin.musora.com/admin#/content/drumeo/25194,https://www.musora.com/drumeo/live-streams/1242-linear-fill-multiplication-1/25194,2016-01-20,Fills,,,,,,,,,,Luke,
25194,live,Linear Fill Multiplication #1,https://admin.musora.com/admin#/content/drumeo/25194,https://www.musora.com/drumeo/live-streams/1242-linear-fill-multiplication-1/25194,2016-01-20,Musicality,,,,,,,,,,Luke,
25194,live,Linear Fill Multiplication #1,https://admin.musora.com/admin#/content/drumeo/25194,https://www.musora.com/drumeo/live-streams/1242-linear-fill-multiplication-1/25194,2016-01-20,Musicality,,,,,,,,,,Luke,
25196,live,Linear Fill Multiplication #2,https://admin.musora.com/admin#/content/drumeo/25196,https://www.musora.com/drumeo/live-streams/1243-linear-fill-multiplication-2/25196,2016-01-21,Fills,,,,,,Fills & Chops,Independence,,,Luke,
25196,live,Linear Fill Multiplication #2,https://admin.musora.com/admin#/content/drumeo/25196,https://www.musora.com/drumeo/live-streams/1243-linear-fill-multiplication-2/25196,2016-01-21,Musicality,,,,,,,,,,Luke,
25198,live,The Grooves Of Disco,https://admin.musora.com/admin#/content/drumeo/25198,https://www.musora.com/drumeo/live-streams/1244-the-grooves-of-disco/25198,2016-01-22,Beats,Funk/Disco,,,,,Grooves,,,,Luke,
25198,live,The Grooves Of Disco,https://admin.musora.com/admin#/content/drumeo/25198,https://www.musora.com/drumeo/live-streams/1244-the-grooves-of-disco/25198,2016-01-22,Styles,,,,,,,,,,Luke,
25212,live,Fill Expansion - Triplet Permutation,https://admin.musora.com/admin#/content/drumeo/25212,https://www.musora.com/drumeo/live-streams/1246-fill-expansion-triplet-permutation/25212,2016-01-25,Fills,,Timing,,Ear Training,,Fills & Chops,,,,Luke,
25212,live,Fill Expansion - Triplet Permutation,https://admin.musora.com/admin#/content/drumeo/25212,https://www.musora.com/drumeo/live-streams/1246-fill-expansion-triplet-permutation/25212,2016-01-25,Musicality,,,,,,,,,,Luke,
252400,live,7 Ways To Create Tension In Your Grooves,https://admin.musora.com/admin#/content/drumeo/252400,https://www.musora.com/drumeo/live-streams/tba/252400,2020-04-20,Beats,,Timing,,,,Grooves,Making Music,,,Luke,
252400,live,7 Ways To Create Tension In Your Grooves,https://admin.musora.com/admin#/content/drumeo/252400,https://www.musora.com/drumeo/live-streams/tba/252400,2020-04-20,Fills,,,,,,,,,,Luke,
252400,live,7 Ways To Create Tension In Your Grooves,https://admin.musora.com/admin#/content/drumeo/252400,https://www.musora.com/drumeo/live-streams/tba/252400,2020-04-20,Musicality,,,,,,,,,,Luke,
25246,live,Funk Up Your 3/4 Waltz,https://admin.musora.com/admin#/content/drumeo/25246,https://www.musora.com/drumeo/live-streams/1249-funk-up-your-34-waltz/25246,2016-01-28,Beats,,,,,,Grooves,Making Music,,,Luke,
25246,live,Funk Up Your 3/4 Waltz,https://admin.musora.com/admin#/content/drumeo/25246,https://www.musora.com/drumeo/live-streams/1249-funk-up-your-34-waltz/25246,2016-01-28,Beats,,,,,,,,,,Luke,
25246,live,Funk Up Your 3/4 Waltz,https://admin.musora.com/admin#/content/drumeo/25246,https://www.musora.com/drumeo/live-streams/1249-funk-up-your-34-waltz/25246,2016-01-28,Musicality,,,,,,,,,,Luke,
25246,live,Funk Up Your 3/4 Waltz,https://admin.musora.com/admin#/content/drumeo/25246,https://www.musora.com/drumeo/live-streams/1249-funk-up-your-34-waltz/25246,2016-01-28,Musicality,,,,,,,,,,Luke,
25248,live,Adam's Intermediate Ghosting Concept,https://admin.musora.com/admin#/content/drumeo/25248,https://www.musora.com/drumeo/live-streams/1250-adams-intermediate-ghosting-concept/25248,2016-01-30,Beats,,Dynamics,Hand Technique,,,,,,,Luke,
25248,live,Adam's Intermediate Ghosting Concept,https://admin.musora.com/admin#/content/drumeo/25248,https://www.musora.com/drumeo/live-streams/1250-adams-intermediate-ghosting-concept/25248,2016-01-30,Fills,,,,,,,,,,Luke,
25248,live,Adam's Intermediate Ghosting Concept,https://admin.musora.com/admin#/content/drumeo/25248,https://www.musora.com/drumeo/live-streams/1250-adams-intermediate-ghosting-concept/25248,2016-01-30,Musicality,,,,,,,,,,Luke,
25250,live,Evening The Odds #1,https://admin.musora.com/admin#/content/drumeo/25250,https://www.musora.com/drumeo/live-streams/1251-evening-the-odds-1/25250,2016-01-31,Beats,,Timing,,Time Signatures,Ear Training,Grooves,,,,Luke,
25250,live,Evening The Odds #1,https://admin.musora.com/admin#/content/drumeo/25250,https://www.musora.com/drumeo/live-streams/1251-evening-the-odds-1/25250,2016-01-31,Beats,,,,,,,,,,Luke,
25250,live,Evening The Odds #1,https://admin.musora.com/admin#/content/drumeo/25250,https://www.musora.com/drumeo/live-streams/1251-evening-the-odds-1/25250,2016-01-31,Musicality,,,,,,,,,,Luke,
25250,live,Evening The Odds #1,https://admin.musora.com/admin#/content/drumeo/25250,https://www.musora.com/drumeo/live-streams/1251-evening-the-odds-1/25250,2016-01-31,Musicality,,,,,,,,,,Luke,
25272,live,Pat's Jazz Curriculum #1,https://admin.musora.com/admin#/content/drumeo/25272,https://www.musora.com/drumeo/live-streams/1254-pats-jazz-curriculum-1/25272,2016-02-05,Beats,Jazz/Blues,,,,,Independence,,,,Luke,
25272,live,Pat's Jazz Curriculum #1,https://admin.musora.com/admin#/content/drumeo/25272,https://www.musora.com/drumeo/live-streams/1254-pats-jazz-curriculum-1/25272,2016-02-05,Ear Training,,,,,,,,,,Luke,
25272,live,Pat's Jazz Curriculum #1,https://admin.musora.com/admin#/content/drumeo/25272,https://www.musora.com/drumeo/live-streams/1254-pats-jazz-curriculum-1/25272,2016-02-05,Fills,,,,,,,,,,Luke,
25272,live,Pat's Jazz Curriculum #1,https://admin.musora.com/admin#/content/drumeo/25272,https://www.musora.com/drumeo/live-streams/1254-pats-jazz-curriculum-1/25272,2016-02-05,Independence,,,,,,,,,,Luke,
25272,live,Pat's Jazz Curriculum #1,https://admin.musora.com/admin#/content/drumeo/25272,https://www.musora.com/drumeo/live-streams/1254-pats-jazz-curriculum-1/25272,2016-02-05,Musicality,,,,,,,,,,Luke,
25272,live,Pat's Jazz Curriculum #1,https://admin.musora.com/admin#/content/drumeo/25272,https://www.musora.com/drumeo/live-streams/1254-pats-jazz-curriculum-1/25272,2016-02-05,Styles,,,,,,,,,,Pedro,
25276,live,Evening The Odds #2,https://admin.musora.com/admin#/content/drumeo/25276,https://www.musora.com/drumeo/live-streams/1256-evening-the-odds-2/25276,2016-02-07,Beats,Pop/Rock,,,Time Signatures,,Independence,,,,Pedro,
25276,live,Evening The Odds #2,https://admin.musora.com/admin#/content/drumeo/25276,https://www.musora.com/drumeo/live-streams/1256-evening-the-odds-2/25276,2016-02-07,Beats,,,,,,,,,,Pedro,
25276,live,Evening The Odds #2,https://admin.musora.com/admin#/content/drumeo/25276,https://www.musora.com/drumeo/live-streams/1256-evening-the-odds-2/25276,2016-02-07,Musicality,,,,,,,,,,Pedro,
25276,live,Evening The Odds #2,https://admin.musora.com/admin#/content/drumeo/25276,https://www.musora.com/drumeo/live-streams/1256-evening-the-odds-2/25276,2016-02-07,Musicality,,,,,,,,,,Pedro,
25292,live,Latin Big-Band Play-Along,https://admin.musora.com/admin#/content/drumeo/25292,https://www.musora.com/drumeo/live-streams/1257-latin-big-band-play-along/25292,2016-02-08,Beats,Latin/World,,,Sight Reading,Ear Training,Fills & Chops,,,,Pedro,
25292,live,Latin Big-Band Play-Along,https://admin.musora.com/admin#/content/drumeo/25292,https://www.musora.com/drumeo/live-streams/1257-latin-big-band-play-along/25292,2016-02-08,Ear Training,,,,,,,,,,Pedro,
25292,live,Latin Big-Band Play-Along,https://admin.musora.com/admin#/content/drumeo/25292,https://www.musora.com/drumeo/live-streams/1257-latin-big-band-play-along/25292,2016-02-08,Fills,,,,,,,,,,Pedro,
25292,live,Latin Big-Band Play-Along,https://admin.musora.com/admin#/content/drumeo/25292,https://www.musora.com/drumeo/live-streams/1257-latin-big-band-play-along/25292,2016-02-08,Independence,,,,,,,,,,Pedro,
25292,live,Latin Big-Band Play-Along,https://admin.musora.com/admin#/content/drumeo/25292,https://www.musora.com/drumeo/live-streams/1257-latin-big-band-play-along/25292,2016-02-08,Musicality,,,,,,,,,,Pedro,
25292,live,Latin Big-Band Play-Along,https://admin.musora.com/admin#/content/drumeo/25292,https://www.musora.com/drumeo/live-streams/1257-latin-big-band-play-along/25292,2016-02-08,Styles,,,,,,,,,,Pedro,
25294,live,How To Practice - Creating A Routine,https://admin.musora.com/admin#/content/drumeo/25294,https://www.musora.com/drumeo/live-streams/1258-how-to-practice-creating-a-routine/25294,2016-02-09,All,,,,,,,,,Practice Tips,Pedro,
25300,live,Advanced Double-Bass Practice-Along,https://admin.musora.com/admin#/content/drumeo/25300,https://www.musora.com/drumeo/live-streams/1259-advanced-double-bass-practice-along/25300,2016-02-10,Beats,,,,,,Double Bass,,,,Pedro,
25300,live,Advanced Double-Bass Practice-Along,https://admin.musora.com/admin#/content/drumeo/25300,https://www.musora.com/drumeo/live-streams/1259-advanced-double-bass-practice-along/25300,2016-02-10,Beats,,,,,,,,,,Pedro,
25300,live,Advanced Double-Bass Practice-Along,https://admin.musora.com/admin#/content/drumeo/25300,https://www.musora.com/drumeo/live-streams/1259-advanced-double-bass-practice-along/25300,2016-02-10,Independence,,,,,,,,,,Pedro,
25300,live,Advanced Double-Bass Practice-Along,https://admin.musora.com/admin#/content/drumeo/25300,https://www.musora.com/drumeo/live-streams/1259-advanced-double-bass-practice-along/25300,2016-02-10,Independence,,,,,,,,,,Pedro,
25304,live,Pat's Jazz Curriculum #2,https://admin.musora.com/admin#/content/drumeo/25304,https://www.musora.com/drumeo/live-streams/1260-pats-jazz-curriculum-2/25304,2016-02-12,Beats,Jazz/Blues,,,Ear Training,,Independence,Fills & Chops,,Performance,Pedro,
25304,live,Pat's Jazz Curriculum #2,https://admin.musora.com/admin#/content/drumeo/25304,https://www.musora.com/drumeo/live-streams/1260-pats-jazz-curriculum-2/25304,2016-02-12,Beats,,,,,,,,,,Pedro,
25304,live,Pat's Jazz Curriculum #2,https://admin.musora.com/admin#/content/drumeo/25304,https://www.musora.com/drumeo/live-streams/1260-pats-jazz-curriculum-2/25304,2016-02-12,Ear Training,,,,,,,,,,Pedro,
25304,live,Pat's Jazz Curriculum #2,https://admin.musora.com/admin#/content/drumeo/25304,https://www.musora.com/drumeo/live-streams/1260-pats-jazz-curriculum-2/25304,2016-02-12,Ear Training,,,,,,,,,,Pedro,
25304,live,Pat's Jazz Curriculum #2,https://admin.musora.com/admin#/content/drumeo/25304,https://www.musora.com/drumeo/live-streams/1260-pats-jazz-curriculum-2/25304,2016-02-12,Fills,,,,,,,,,,Pedro,
25304,live,Pat's Jazz Curriculum #2,https://admin.musora.com/admin#/content/drumeo/25304,https://www.musora.com/drumeo/live-streams/1260-pats-jazz-curriculum-2/25304,2016-02-12,Fills,,,,,,,,,,Pedro,
25304,live,Pat's Jazz Curriculum #2,https://admin.musora.com/admin#/content/drumeo/25304,https://www.musora.com/drumeo/live-streams/1260-pats-jazz-curriculum-2/25304,2016-02-12,Independence,,,,,,,,,,Pedro,
25304,live,Pat's Jazz Curriculum #2,https://admin.musora.com/admin#/content/drumeo/25304,https://www.musora.com/drumeo/live-streams/1260-pats-jazz-curriculum-2/25304,2016-02-12,Independence,,,,,,,,,,Pedro,
25304,live,Pat's Jazz Curriculum #2,https://admin.musora.com/admin#/content/drumeo/25304,https://www.musora.com/drumeo/live-streams/1260-pats-jazz-curriculum-2/25304,2016-02-12,Musicality,,,,,,,,,,Pedro,
25304,live,Pat's Jazz Curriculum #2,https://admin.musora.com/admin#/content/drumeo/25304,https://www.musora.com/drumeo/live-streams/1260-pats-jazz-curriculum-2/25304,2016-02-12,Musicality,,,,,,,,,,Pedro,
25304,live,Pat's Jazz Curriculum #2,https://admin.musora.com/admin#/content/drumeo/25304,https://www.musora.com/drumeo/live-streams/1260-pats-jazz-curriculum-2/25304,2016-02-12,Styles,,,,,,,,,,Pedro,
25304,live,Pat's Jazz Curriculum #2,https://admin.musora.com/admin#/content/drumeo/25304,https://www.musora.com/drumeo/live-streams/1260-pats-jazz-curriculum-2/25304,2016-02-12,Styles,,,,,,,,,,Pedro,
25307,live,Adam's Rudiment Smash #2,https://admin.musora.com/admin#/content/drumeo/25307,https://www.musora.com/drumeo/live-streams/1261-adams-rudiment-smash-2/25307,2016-02-13,Fills,,Rudiments,,,,Double Bass,Fills & Chops,,,Pedro,
25307,live,Adam's Rudiment Smash #2,https://admin.musora.com/admin#/content/drumeo/25307,https://www.musora.com/drumeo/live-streams/1261-adams-rudiment-smash-2/25307,2016-02-13,Fills,,,,,,,,,,Pedro,
25307,live,Adam's Rudiment Smash #2,https://admin.musora.com/admin#/content/drumeo/25307,https://www.musora.com/drumeo/live-streams/1261-adams-rudiment-smash-2/25307,2016-02-13,Musicality,,,,,,,,,,Pedro,
25307,live,Adam's Rudiment Smash #2,https://admin.musora.com/admin#/content/drumeo/25307,https://www.musora.com/drumeo/live-streams/1261-adams-rudiment-smash-2/25307,2016-02-13,Musicality,,,,,,,,,,Pedro,
25309,live,Double Bass - Strengthening Your Left Foot,https://admin.musora.com/admin#/content/drumeo/25309,https://www.musora.com/drumeo/live-streams/1262-double-bass-strengthening-your-left-foot/25309,2016-02-14,Beats,,,,,,Double Bass,Grooves,,,Pedro,
253426,question-and-answer,Weekly Q&A (05/04/2020),https://admin.musora.com/admin#/content/drumeo/253426,https://www.musora.com/drumeo/question-and-answer/tba/253426,2020-05-04,Q&A,,,,,,,,,Podcast,Pedro,
253427,question-and-answer,Learning Songs Faster Q&A,https://admin.musora.com/admin#/content/drumeo/253427,https://www.musora.com/drumeo/question-and-answer/weekly-qa/253427,2020-05-05,Q&A,,,,,,,Making Music,,Practice Tips,Pedro,
25343,live,Dynamics In Heavy Metal,https://admin.musora.com/admin#/content/drumeo/25343,https://www.musora.com/drumeo/live-streams/1265-dynamics-in-heavy-metal/25343,2016-02-17,Beats,Hard Rock/Metal,Dynamics,,,,,,,,Pedro,
25343,live,Dynamics In Heavy Metal,https://admin.musora.com/admin#/content/drumeo/25343,https://www.musora.com/drumeo/live-streams/1265-dynamics-in-heavy-metal/25343,2016-02-17,Beats,,,,,,,,,,Pedro,
25343,live,Dynamics In Heavy Metal,https://admin.musora.com/admin#/content/drumeo/25343,https://www.musora.com/drumeo/live-streams/1265-dynamics-in-heavy-metal/25343,2016-02-17,Fills,,,,,,,,,,Pedro,
25343,live,Dynamics In Heavy Metal,https://admin.musora.com/admin#/content/drumeo/25343,https://www.musora.com/drumeo/live-streams/1265-dynamics-in-heavy-metal/25343,2016-02-17,Fills,,,,,,,,,,Pedro,
25343,live,Dynamics In Heavy Metal,https://admin.musora.com/admin#/content/drumeo/25343,https://www.musora.com/drumeo/live-streams/1265-dynamics-in-heavy-metal/25343,2016-02-17,Musicality,,,,,,,,,,Pedro,
25343,live,Dynamics In Heavy Metal,https://admin.musora.com/admin#/content/drumeo/25343,https://www.musora.com/drumeo/live-streams/1265-dynamics-in-heavy-metal/25343,2016-02-17,Musicality,,,,,,,,,,Pedro,
25343,live,Dynamics In Heavy Metal,https://admin.musora.com/admin#/content/drumeo/25343,https://www.musora.com/drumeo/live-streams/1265-dynamics-in-heavy-metal/25343,2016-02-17,Styles,,,,,,,,,,Pedro,
25343,live,Dynamics In Heavy Metal,https://admin.musora.com/admin#/content/drumeo/25343,https://www.musora.com/drumeo/live-streams/1265-dynamics-in-heavy-metal/25343,2016-02-17,Styles,,,,,,,,,,Pedro,
253430,question-and-answer,How To Connect Your E-Kit To A Recording Device,https://admin.musora.com/admin#/content/drumeo/253430,https://www.musora.com/drumeo/question-and-answer/tba/253430,2020-05-10,Gear,,,,,,,,,Gigging Tips & Gear,Pedro,
253430,question-and-answer,How To Connect Your E-Kit To A Recording Device,https://admin.musora.com/admin#/content/drumeo/253430,https://www.musora.com/drumeo/question-and-answer/tba/253430,2020-05-10,Gear,,,,,,,,,,Pedro,
253430,question-and-answer,How To Connect Your E-Kit To A Recording Device,https://admin.musora.com/admin#/content/drumeo/253430,https://www.musora.com/drumeo/question-and-answer/tba/253430,2020-05-10,Q&A,,,,,,,,,,Pedro,
253430,question-and-answer,How To Connect Your E-Kit To A Recording Device,https://admin.musora.com/admin#/content/drumeo/253430,https://www.musora.com/drumeo/question-and-answer/tba/253430,2020-05-10,Q&A,,,,,,,,,,Pedro,
25345,live,Pat's Jazz Curriculum #3,https://admin.musora.com/admin#/content/drumeo/25345,https://www.musora.com/drumeo/live-streams/1266-pats-jazz-curriculum-3/25345,2016-02-19,Beats,Jazz/Blues,,,Ear Training,,Independence,Fills & Chops,,,Pedro,
25345,live,Pat's Jazz Curriculum #3,https://admin.musora.com/admin#/content/drumeo/25345,https://www.musora.com/drumeo/live-streams/1266-pats-jazz-curriculum-3/25345,2016-02-19,Beats,,,,,,,,,,Pedro,
25345,live,Pat's Jazz Curriculum #3,https://admin.musora.com/admin#/content/drumeo/25345,https://www.musora.com/drumeo/live-streams/1266-pats-jazz-curriculum-3/25345,2016-02-19,Ear Training,,,,,,,,,,Pedro,
25345,live,Pat's Jazz Curriculum #3,https://admin.musora.com/admin#/content/drumeo/25345,https://www.musora.com/drumeo/live-streams/1266-pats-jazz-curriculum-3/25345,2016-02-19,Ear Training,,,,,,,,,,Pedro,
25345,live,Pat's Jazz Curriculum #3,https://admin.musora.com/admin#/content/drumeo/25345,https://www.musora.com/drumeo/live-streams/1266-pats-jazz-curriculum-3/25345,2016-02-19,Fills,,,,,,,,,,Pedro,
25345,live,Pat's Jazz Curriculum #3,https://admin.musora.com/admin#/content/drumeo/25345,https://www.musora.com/drumeo/live-streams/1266-pats-jazz-curriculum-3/25345,2016-02-19,Fills,,,,,,,,,,Pedro,
25345,live,Pat's Jazz Curriculum #3,https://admin.musora.com/admin#/content/drumeo/25345,https://www.musora.com/drumeo/live-streams/1266-pats-jazz-curriculum-3/25345,2016-02-19,Independence,,,,,,,,,,Pedro,
25345,live,Pat's Jazz Curriculum #3,https://admin.musora.com/admin#/content/drumeo/25345,https://www.musora.com/drumeo/live-streams/1266-pats-jazz-curriculum-3/25345,2016-02-19,Independence,,,,,,,,,,Pedro,
25345,live,Pat's Jazz Curriculum #3,https://admin.musora.com/admin#/content/drumeo/25345,https://www.musora.com/drumeo/live-streams/1266-pats-jazz-curriculum-3/25345,2016-02-19,Musicality,,,,,,,,,,Pedro,
25345,live,Pat's Jazz Curriculum #3,https://admin.musora.com/admin#/content/drumeo/25345,https://www.musora.com/drumeo/live-streams/1266-pats-jazz-curriculum-3/25345,2016-02-19,Musicality,,,,,,,,,,Pedro,
25345,live,Pat's Jazz Curriculum #3,https://admin.musora.com/admin#/content/drumeo/25345,https://www.musora.com/drumeo/live-streams/1266-pats-jazz-curriculum-3/25345,2016-02-19,Styles,,,,,,,,,,Pedro,
25345,live,Pat's Jazz Curriculum #3,https://admin.musora.com/admin#/content/drumeo/25345,https://www.musora.com/drumeo/live-streams/1266-pats-jazz-curriculum-3/25345,2016-02-19,Styles,,,,,,,,,,Pedro,
25349,live,Aaron's Intermediate Double-Bass Workout,https://admin.musora.com/admin#/content/drumeo/25349,https://www.musora.com/drumeo/live-streams/1268-aarons-intermediate-double-bass-workout/25349,2016-02-21,Technique,,,,,,Double Bass,,,,Pedro,
25366,live,How To Learn Songs By Ear,https://admin.musora.com/admin#/content/drumeo/25366,https://www.musora.com/drumeo/live-streams/1269-how-to-learn-songs-by-ear/25366,2016-02-22,Edutainment,,,,Ear Training,,,,,,Pedro,
25366,live,How To Learn Songs By Ear,https://admin.musora.com/admin#/content/drumeo/25366,https://www.musora.com/drumeo/live-streams/1269-how-to-learn-songs-by-ear/25366,2016-02-22,Edutainment,,,,,,,,,,Pedro,
25370,live,Diddling It Up - Go Double D,https://admin.musora.com/admin#/content/drumeo/25370,https://www.musora.com/drumeo/live-streams/1270-diddling-it-up/25370,2016-02-23,Beats,,Rudiments,,,,Fills & Chops,,,,Pedro,
25370,live,Diddling It Up - Go Double D,https://admin.musora.com/admin#/content/drumeo/25370,https://www.musora.com/drumeo/live-streams/1270-diddling-it-up/25370,2016-02-23,Beats,,,,,,,,,,Pedro,
25370,live,Diddling It Up - Go Double D,https://admin.musora.com/admin#/content/drumeo/25370,https://www.musora.com/drumeo/live-streams/1270-diddling-it-up/25370,2016-02-23,Fills,,,,,,,,,,Pedro,
25370,live,Diddling It Up - Go Double D,https://admin.musora.com/admin#/content/drumeo/25370,https://www.musora.com/drumeo/live-streams/1270-diddling-it-up/25370,2016-02-23,Fills,,,,,,,,,,Pedro,
25374,live,Snare Solo Collaboration,https://admin.musora.com/admin#/content/drumeo/25374,https://www.musora.com/drumeo/live-streams/snare-solo-collaboration/25374,2016-02-24,Rudiments,,Rudiments,Hand Technique,,,,,,,Pedro,
25374,live,Snare Solo Collaboration,https://admin.musora.com/admin#/content/drumeo/25374,https://www.musora.com/drumeo/live-streams/snare-solo-collaboration/25374,2016-02-24,Technique,,,,,,,,,,Pedro,
25376,live,Pat's Jazz Curriculum #4,https://admin.musora.com/admin#/content/drumeo/25376,https://www.musora.com/drumeo/live-streams/1272-pats-jazz-curriculum-4/25376,2016-02-26,Beats,Jazz/Blues,,,Ear Training,,Grooves,Fills & Chops,,,Pedro,
25376,live,Pat's Jazz Curriculum #4,https://admin.musora.com/admin#/content/drumeo/25376,https://www.musora.com/drumeo/live-streams/1272-pats-jazz-curriculum-4/25376,2016-02-26,Beats,,,,,,,,,,Pedro,
25376,live,Pat's Jazz Curriculum #4,https://admin.musora.com/admin#/content/drumeo/25376,https://www.musora.com/drumeo/live-streams/1272-pats-jazz-curriculum-4/25376,2016-02-26,Ear Training,,,,,,,,,,Pedro,
25376,live,Pat's Jazz Curriculum #4,https://admin.musora.com/admin#/content/drumeo/25376,https://www.musora.com/drumeo/live-streams/1272-pats-jazz-curriculum-4/25376,2016-02-26,Ear Training,,,,,,,,,,Pedro,
25376,live,Pat's Jazz Curriculum #4,https://admin.musora.com/admin#/content/drumeo/25376,https://www.musora.com/drumeo/live-streams/1272-pats-jazz-curriculum-4/25376,2016-02-26,Fills,,,,,,,,,,Pedro,
25376,live,Pat's Jazz Curriculum #4,https://admin.musora.com/admin#/content/drumeo/25376,https://www.musora.com/drumeo/live-streams/1272-pats-jazz-curriculum-4/25376,2016-02-26,Fills,,,,,,,,,,Pedro,
25376,live,Pat's Jazz Curriculum #4,https://admin.musora.com/admin#/content/drumeo/25376,https://www.musora.com/drumeo/live-streams/1272-pats-jazz-curriculum-4/25376,2016-02-26,Independence,,,,,,,,,,Pedro,
25376,live,Pat's Jazz Curriculum #4,https://admin.musora.com/admin#/content/drumeo/25376,https://www.musora.com/drumeo/live-streams/1272-pats-jazz-curriculum-4/25376,2016-02-26,Independence,,,,,,,,,,Pedro,
25376,live,Pat's Jazz Curriculum #4,https://admin.musora.com/admin#/content/drumeo/25376,https://www.musora.com/drumeo/live-streams/1272-pats-jazz-curriculum-4/25376,2016-02-26,Musicality,,,,,,,,,,Pedro,
25376,live,Pat's Jazz Curriculum #4,https://admin.musora.com/admin#/content/drumeo/25376,https://www.musora.com/drumeo/live-streams/1272-pats-jazz-curriculum-4/25376,2016-02-26,Musicality,,,,,,,,,,Pedro,
25376,live,Pat's Jazz Curriculum #4,https://admin.musora.com/admin#/content/drumeo/25376,https://www.musora.com/drumeo/live-streams/1272-pats-jazz-curriculum-4/25376,2016-02-26,Styles,,,,,,,,,,Pedro,
25376,live,Pat's Jazz Curriculum #4,https://admin.musora.com/admin#/content/drumeo/25376,https://www.musora.com/drumeo/live-streams/1272-pats-jazz-curriculum-4/25376,2016-02-26,Styles,,,,,,,,,,Pedro,
25378,live,Paradiddle Substitutes,https://admin.musora.com/admin#/content/drumeo/25378,https://www.musora.com/drumeo/live-streams/1273-paradiddle-substitutes/25378,2016-02-27,Beats,,Rudiments,Hand Technique,,,Grooves,Fills & Chops,,,Pedro,
25378,live,Paradiddle Substitutes,https://admin.musora.com/admin#/content/drumeo/25378,https://www.musora.com/drumeo/live-streams/1273-paradiddle-substitutes/25378,2016-02-27,Beats,,,,,,,,,,Pedro,
25378,live,Paradiddle Substitutes,https://admin.musora.com/admin#/content/drumeo/25378,https://www.musora.com/drumeo/live-streams/1273-paradiddle-substitutes/25378,2016-02-27,Fills,,,,,,,,,,Pedro,
25378,live,Paradiddle Substitutes,https://admin.musora.com/admin#/content/drumeo/25378,https://www.musora.com/drumeo/live-streams/1273-paradiddle-substitutes/25378,2016-02-27,Fills,,,,,,,,,,Pedro,
25378,live,Paradiddle Substitutes,https://admin.musora.com/admin#/content/drumeo/25378,https://www.musora.com/drumeo/live-streams/1273-paradiddle-substitutes/25378,2016-02-27,Musicality,,,,,,,,,,Pedro,
25378,live,Paradiddle Substitutes,https://admin.musora.com/admin#/content/drumeo/25378,https://www.musora.com/drumeo/live-streams/1273-paradiddle-substitutes/25378,2016-02-27,Musicality,,,,,,,,,,Pedro,
25380,live,"Getting The Most Out Of ""New Breed""",https://admin.musora.com/admin#/content/drumeo/25380,https://www.musora.com/drumeo/live-streams/1274-getting-the-most-out-of-new-breed/25380,2016-02-28,Independence,,Hand Technique,,,,Independence,,,,Pedro,
25380,live,"Getting The Most Out Of ""New Breed""",https://admin.musora.com/admin#/content/drumeo/25380,https://www.musora.com/drumeo/live-streams/1274-getting-the-most-out-of-new-breed/25380,2016-02-28,Technique,,,,,,,,,,Pedro,
254154,live,Burn Calories Behind The Kit #1,https://admin.musora.com/admin#/content/drumeo/254154,https://www.musora.com/drumeo/live-streams/burn-calories-behind-the-kit/254154,2020-05-11,All,,,,,,,,,Other,Pedro,
254154,live,Burn Calories Behind The Kit #1,https://admin.musora.com/admin#/content/drumeo/254154,https://www.musora.com/drumeo/live-streams/burn-calories-behind-the-kit/254154,2020-05-11,All,,,,,,,,,,Pedro,
254157,question-and-answer,Dealing With Blisters,https://admin.musora.com/admin#/content/drumeo/254157,https://www.musora.com/drumeo/question-and-answer/weekly-qa/254157,2020-05-11,Q&A,,,,,,,,,Other,Pedro,
254157,question-and-answer,Dealing With Blisters,https://admin.musora.com/admin#/content/drumeo/254157,https://www.musora.com/drumeo/question-and-answer/weekly-qa/254157,2020-05-11,Q&A,,,,,,,,,,Pedro,
254159,question-and-answer,Upgrading Pads On An Entry Level E-kit,https://admin.musora.com/admin#/content/drumeo/254159,https://www.musora.com/drumeo/question-and-answer/tba/254159,2020-05-13,Gear,,,,,,,,,Gigging Tips & Gear,Pedro,
254159,question-and-answer,Upgrading Pads On An Entry Level E-kit,https://admin.musora.com/admin#/content/drumeo/254159,https://www.musora.com/drumeo/question-and-answer/tba/254159,2020-05-13,Gear,,,,,,,,,,Pedro,
254159,question-and-answer,Upgrading Pads On An Entry Level E-kit,https://admin.musora.com/admin#/content/drumeo/254159,https://www.musora.com/drumeo/question-and-answer/tba/254159,2020-05-13,Q&A,,,,,,,,,,Pedro,
254159,question-and-answer,Upgrading Pads On An Entry Level E-kit,https://admin.musora.com/admin#/content/drumeo/254159,https://www.musora.com/drumeo/question-and-answer/tba/254159,2020-05-13,Q&A,,,,,,,,,,Pedro,
254171,live,Burn Calories Behind The Kit #2,https://admin.musora.com/admin#/content/drumeo/254171,https://www.musora.com/drumeo/live-streams/live-burn-calories-behind-the-kit-2/254171,2020-05-26,All,,,,,,,,,Other,Pedro,
254171,live,Burn Calories Behind The Kit #2,https://admin.musora.com/admin#/content/drumeo/254171,https://www.musora.com/drumeo/live-streams/live-burn-calories-behind-the-kit-2/254171,2020-05-26,All,,,,,,,,,,Pedro,
254172,question-and-answer,Tuning Tips For Vintage Drums,https://admin.musora.com/admin#/content/drumeo/254172,https://www.musora.com/drumeo/question-and-answer/weekly-qa/254172,2020-05-19,Q&A,,,Setup & Tuning,,,,,,,Pedro,
254172,question-and-answer,Tuning Tips For Vintage Drums,https://admin.musora.com/admin#/content/drumeo/254172,https://www.musora.com/drumeo/question-and-answer/weekly-qa/254172,2020-05-19,Q&A,,,,,,,,,,Pedro,
254175,question-and-answer,Triggering Drum Software With My E-kit,https://admin.musora.com/admin#/content/drumeo/254175,https://www.musora.com/drumeo/question-and-answer/qna-triggering-drum-soft-w-my-e-kit/254175,2020-05-23,Gear,,,,,,,,,Gigging Tips & Gear,Pedro,
254175,question-and-answer,Triggering Drum Software With My E-kit,https://admin.musora.com/admin#/content/drumeo/254175,https://www.musora.com/drumeo/question-and-answer/qna-triggering-drum-soft-w-my-e-kit/254175,2020-05-23,Q&A,,,,,,,,,,Pedro,
254185,question-and-answer,Drum Transcription Software Recommendations,https://admin.musora.com/admin#/content/drumeo/254185,https://www.musora.com/drumeo/question-and-answer/weekly-qa/254185,2020-05-25,Q&A,,,,,Notation,,,,Gigging Tips & Gear,Pedro,
254185,question-and-answer,Drum Transcription Software Recommendations,https://admin.musora.com/admin#/content/drumeo/254185,https://www.musora.com/drumeo/question-and-answer/weekly-qa/254185,2020-05-25,Q&A,,,,,,,,,,Pedro,
254187,question-and-answer,Preventing Bass Drum Trigger Creep,https://admin.musora.com/admin#/content/drumeo/254187,https://www.musora.com/drumeo/question-and-answer/qna-preventing-bass-drum-trigger-creep/254187,2020-05-29,Gear,,,,,,,,,Gigging Tips & Gear,Pedro,
254187,question-and-answer,Preventing Bass Drum Trigger Creep,https://admin.musora.com/admin#/content/drumeo/254187,https://www.musora.com/drumeo/question-and-answer/qna-preventing-bass-drum-trigger-creep/254187,2020-05-29,Gear,,,,,,,,,,Pedro,
254187,question-and-answer,Preventing Bass Drum Trigger Creep,https://admin.musora.com/admin#/content/drumeo/254187,https://www.musora.com/drumeo/question-and-answer/qna-preventing-bass-drum-trigger-creep/254187,2020-05-29,Q&A,,,,,,,,,,Pedro,
254187,question-and-answer,Preventing Bass Drum Trigger Creep,https://admin.musora.com/admin#/content/drumeo/254187,https://www.musora.com/drumeo/question-and-answer/qna-preventing-bass-drum-trigger-creep/254187,2020-05-29,Q&A,,,,,,,,,,Pedro,
25422,live,The Art Of Jazz Rock Drumming,https://admin.musora.com/admin#/content/drumeo/25422,https://www.musora.com/drumeo/live-streams/1275-the-art-of-jazz-rock-drumming/25422,2016-02-29,Beats,Jazz/Blues,,,,,Grooves,Fills & Chops,,,Pedro,
25422,live,The Art Of Jazz Rock Drumming,https://admin.musora.com/admin#/content/drumeo/25422,https://www.musora.com/drumeo/live-streams/1275-the-art-of-jazz-rock-drumming/25422,2016-02-29,Fills,,,,,,,,,,Pedro,
25422,live,The Art Of Jazz Rock Drumming,https://admin.musora.com/admin#/content/drumeo/25422,https://www.musora.com/drumeo/live-streams/1275-the-art-of-jazz-rock-drumming/25422,2016-02-29,Musicality,,,,,,,,,,Pedro,
25426,live,Punk Rock Technique,https://admin.musora.com/admin#/content/drumeo/25426,https://www.musora.com/drumeo/live-streams/1276-punk-rock-technique/25426,2016-03-01,Styles,Pop/Rock,Hand Technique,,,,Grooves,,,,Pedro,
25426,live,Punk Rock Technique,https://admin.musora.com/admin#/content/drumeo/25426,https://www.musora.com/drumeo/live-streams/1276-punk-rock-technique/25426,2016-03-01,Styles,,,,,,,,,,Pedro,
25426,live,Punk Rock Technique,https://admin.musora.com/admin#/content/drumeo/25426,https://www.musora.com/drumeo/live-streams/1276-punk-rock-technique/25426,2016-03-01,Technique,,,,,,,,,,Pedro,
25426,live,Punk Rock Technique,https://admin.musora.com/admin#/content/drumeo/25426,https://www.musora.com/drumeo/live-streams/1276-punk-rock-technique/25426,2016-03-01,Technique,,,,,,,,,,Pedro,
25428,live,Question & Answer,https://admin.musora.com/admin#/content/drumeo/25428,https://www.musora.com/drumeo/live-streams/1277-question-answer/25428,2016-03-02,Edutainment,,,,,,,,,Other,Pedro,
25428,live,Question & Answer,https://admin.musora.com/admin#/content/drumeo/25428,https://www.musora.com/drumeo/live-streams/1277-question-answer/25428,2016-03-02,Edutainment,,,,,,,,,Other,Pedro,
25430,live,Pat's Jazz Curriculum #5,https://admin.musora.com/admin#/content/drumeo/25430,https://www.musora.com/drumeo/live-streams/1278-pats-jazz-curriculum-5/25430,2016-03-04,Beats,Jazz/Blues,,,,Ear Training,Grooves,Fills & Chops,,,Pedro,
25430,live,Pat's Jazz Curriculum #5,https://admin.musora.com/admin#/content/drumeo/25430,https://www.musora.com/drumeo/live-streams/1278-pats-jazz-curriculum-5/25430,2016-03-04,Ear Training,,,,,,,,,,Pedro,
25430,live,Pat's Jazz Curriculum #5,https://admin.musora.com/admin#/content/drumeo/25430,https://www.musora.com/drumeo/live-streams/1278-pats-jazz-curriculum-5/25430,2016-03-04,Fills,,,,,,,,,,Pedro,
25430,live,Pat's Jazz Curriculum #5,https://admin.musora.com/admin#/content/drumeo/25430,https://www.musora.com/drumeo/live-streams/1278-pats-jazz-curriculum-5/25430,2016-03-04,Independence,,,,,,,,,,Pedro,
25430,live,Pat's Jazz Curriculum #5,https://admin.musora.com/admin#/content/drumeo/25430,https://www.musora.com/drumeo/live-streams/1278-pats-jazz-curriculum-5/25430,2016-03-04,Musicality,,,,,,,,,,Pedro,
25430,live,Pat's Jazz Curriculum #5,https://admin.musora.com/admin#/content/drumeo/25430,https://www.musora.com/drumeo/live-streams/1278-pats-jazz-curriculum-5/25430,2016-03-04,Styles,,,,,,,,,,Pedro,
25432,live,Using Effects Cymbals Creatively,https://admin.musora.com/admin#/content/drumeo/25432,https://www.musora.com/drumeo/live-streams/1280-using-effects-cymbals-creatively/25432,2016-03-06,Musicality,,,,,,,,Gigging Tips & Gear,,Pedro,
25432,live,Using Effects Cymbals Creatively,https://admin.musora.com/admin#/content/drumeo/25432,https://www.musora.com/drumeo/live-streams/1280-using-effects-cymbals-creatively/25432,2016-03-06,Musicality,,,,,,,,,,Pedro,
25456,live,How To Get Back Into Drumming,https://admin.musora.com/admin#/content/drumeo/25456,https://www.musora.com/drumeo/live-streams/1281-how-to-get-back-into-drumming/25456,2016-03-07,All,,,,,,,,,Other,Pedro,
25492,live,Making Your Chops Groove,https://admin.musora.com/admin#/content/drumeo/25492,https://www.musora.com/drumeo/live-streams/1283-making-your-chops-groove/25492,2016-03-09,Beats,Pop/Rock,,,,,Fills & Chops,Grooves,,,Pedro,
25492,live,Making Your Chops Groove,https://admin.musora.com/admin#/content/drumeo/25492,https://www.musora.com/drumeo/live-streams/1283-making-your-chops-groove/25492,2016-03-09,Fills,,,,,,,,,,Pedro,
25492,live,Making Your Chops Groove,https://admin.musora.com/admin#/content/drumeo/25492,https://www.musora.com/drumeo/live-streams/1283-making-your-chops-groove/25492,2016-03-09,Musicality,,,,,,,,,,Pedro,
25494,live,Pat's Jazz Curriculum #6,https://admin.musora.com/admin#/content/drumeo/25494,https://www.musora.com/drumeo/live-streams/1284-pats-jazz-curriculum-6/25494,2016-03-11,Beats,Jazz/Blues,,,Ear Training,,Fills & Chops,Grooves,Performance,,Pedro,
25494,live,Pat's Jazz Curriculum #6,https://admin.musora.com/admin#/content/drumeo/25494,https://www.musora.com/drumeo/live-streams/1284-pats-jazz-curriculum-6/25494,2016-03-11,Ear Training,,,,,,,,,,Pedro,
25494,live,Pat's Jazz Curriculum #6,https://admin.musora.com/admin#/content/drumeo/25494,https://www.musora.com/drumeo/live-streams/1284-pats-jazz-curriculum-6/25494,2016-03-11,Fills,,,,,,,,,,Pedro,
25494,live,Pat's Jazz Curriculum #6,https://admin.musora.com/admin#/content/drumeo/25494,https://www.musora.com/drumeo/live-streams/1284-pats-jazz-curriculum-6/25494,2016-03-11,Independence,,,,,,,,,,Pedro,
25494,live,Pat's Jazz Curriculum #6,https://admin.musora.com/admin#/content/drumeo/25494,https://www.musora.com/drumeo/live-streams/1284-pats-jazz-curriculum-6/25494,2016-03-11,Musicality,,,,,,,,,,Pedro,
25494,live,Pat's Jazz Curriculum #6,https://admin.musora.com/admin#/content/drumeo/25494,https://www.musora.com/drumeo/live-streams/1284-pats-jazz-curriculum-6/25494,2016-03-11,Styles,,,,,,,,,,Pedro,
25498,live,10 Beats To Break You Out Of Your Beginners Rut,https://admin.musora.com/admin#/content/drumeo/25498,https://www.musora.com/drumeo/live-streams/1286-10-beats-to-break-you-out-of-your-beginners-rut/25498,2016-03-13,Beats,Pop/Rock,,,,,Grooves,,,,Pedro,
25511,live,Sitting In With A Band - How To Be A Sub,https://admin.musora.com/admin#/content/drumeo/25511,https://www.musora.com/drumeo/live-streams/1287-sitting-in-with-a-band-how-to-be-a-sub/25511,2016-03-14,Edutainment,,,,,,,Making Music,,Performance,Pedro,
25511,live,Sitting In With A Band - How To Be A Sub,https://admin.musora.com/admin#/content/drumeo/25511,https://www.musora.com/drumeo/live-streams/1287-sitting-in-with-a-band-how-to-be-a-sub/25511,2016-03-14,Edutainment,,,,,,,,,,Pedro,
25511,live,Sitting In With A Band - How To Be A Sub,https://admin.musora.com/admin#/content/drumeo/25511,https://www.musora.com/drumeo/live-streams/1287-sitting-in-with-a-band-how-to-be-a-sub/25511,2016-03-14,Musicality,,,,,,,,,,Pedro,
25511,live,Sitting In With A Band - How To Be A Sub,https://admin.musora.com/admin#/content/drumeo/25511,https://www.musora.com/drumeo/live-streams/1287-sitting-in-with-a-band-how-to-be-a-sub/25511,2016-03-14,Musicality,,,,,,,,,,Pedro,
25515,live,Time-Signature Change Practice-Along - 7/8,https://admin.musora.com/admin#/content/drumeo/25515,https://www.musora.com/drumeo/live-streams/1288-time-signature-change-practice-along-7-8/25515,2016-03-15,Musicality,,Timing,,,Time Signatures,,,,Performance,Pedro,
25515,live,Time-Signature Change Practice-Along - 7/8,https://admin.musora.com/admin#/content/drumeo/25515,https://www.musora.com/drumeo/live-streams/1288-time-signature-change-practice-along-7-8/25515,2016-03-15,Musicality,,,,,,,,,,Pedro,
25517,live,Building The Right Drum Part For A Song,https://admin.musora.com/admin#/content/drumeo/25517,https://www.musora.com/drumeo/live-streams/1289-building-the-right-drum-part-for-a-song/25517,2016-03-16,Edutainment,,,,,,Grooves,,,,Pedro,
25517,live,Building The Right Drum Part For A Song,https://admin.musora.com/admin#/content/drumeo/25517,https://www.musora.com/drumeo/live-streams/1289-building-the-right-drum-part-for-a-song/25517,2016-03-16,Musicality,,,,,,,,,,Pedro,
25519,live,Pat's Jazz Curriculum #7,https://admin.musora.com/admin#/content/drumeo/25519,https://www.musora.com/drumeo/live-streams/1290-pats-jazz-curriculum-7/25519,2016-03-18,Beats,Jazz/Blues,,,Ear Training,,Grooves,Fills & Chops,Performance,,Pedro,
25519,live,Pat's Jazz Curriculum #7,https://admin.musora.com/admin#/content/drumeo/25519,https://www.musora.com/drumeo/live-streams/1290-pats-jazz-curriculum-7/25519,2016-03-18,Ear Training,,,,,,,,,,Pedro,
25519,live,Pat's Jazz Curriculum #7,https://admin.musora.com/admin#/content/drumeo/25519,https://www.musora.com/drumeo/live-streams/1290-pats-jazz-curriculum-7/25519,2016-03-18,Fills,,,,,,,,,,Pedro,
25519,live,Pat's Jazz Curriculum #7,https://admin.musora.com/admin#/content/drumeo/25519,https://www.musora.com/drumeo/live-streams/1290-pats-jazz-curriculum-7/25519,2016-03-18,Independence,,,,,,,,,,Pedro,
25519,live,Pat's Jazz Curriculum #7,https://admin.musora.com/admin#/content/drumeo/25519,https://www.musora.com/drumeo/live-streams/1290-pats-jazz-curriculum-7/25519,2016-03-18,Musicality,,,,,,,,,,Pedro,
25519,live,Pat's Jazz Curriculum #7,https://admin.musora.com/admin#/content/drumeo/25519,https://www.musora.com/drumeo/live-streams/1290-pats-jazz-curriculum-7/25519,2016-03-18,Styles,,,,,,,,,,Pedro,
25523,live,Creative Cross-Stick Grooves,https://admin.musora.com/admin#/content/drumeo/25523,https://www.musora.com/drumeo/live-streams/1292-creative-cross-stick-grooves/25523,2016-03-20,Beats,,,Hand Technique,,,Grooves,,,,Pedro,
255408,question-and-answer,Will Wood-Tip Sticks Damage My E-kit?,https://admin.musora.com/admin#/content/drumeo/255408,https://www.musora.com/drumeo/question-and-answer/electronic-drums-qa-1/255408,2020-05-10,Gear,,,,,,,,,Gigging Tips & Gear,Pedro,
255408,question-and-answer,Will Wood-Tip Sticks Damage My E-kit?,https://admin.musora.com/admin#/content/drumeo/255408,https://www.musora.com/drumeo/question-and-answer/electronic-drums-qa-1/255408,2020-05-10,Gear,,,,,,,,,,Pedro,
255408,question-and-answer,Will Wood-Tip Sticks Damage My E-kit?,https://admin.musora.com/admin#/content/drumeo/255408,https://www.musora.com/drumeo/question-and-answer/electronic-drums-qa-1/255408,2020-05-10,Q&A,,,,,,,,,,Pedro,
255408,question-and-answer,Will Wood-Tip Sticks Damage My E-kit?,https://admin.musora.com/admin#/content/drumeo/255408,https://www.musora.com/drumeo/question-and-answer/electronic-drums-qa-1/255408,2020-05-10,Q&A,,,,,,,,,,Pedro,
25559,live,Advanced Technique On Congas,https://admin.musora.com/admin#/content/drumeo/25559,https://www.musora.com/drumeo/live-streams/1295-advanced-technique-on-congas/25559,2016-03-23,All,Latin/World,,Hand Technique,,,,,,,Pedro,
25559,live,Advanced Technique On Congas,https://admin.musora.com/admin#/content/drumeo/25559,https://www.musora.com/drumeo/live-streams/1295-advanced-technique-on-congas/25559,2016-03-23,All,,,,,,,,,,Pedro,
25561,live,Pat's Jazz Curriculum #8,https://admin.musora.com/admin#/content/drumeo/25561,https://www.musora.com/drumeo/live-streams/1296-pats-jazz-curriculum-8/25561,2016-03-25,Beats,Jazz/Blues,,,Ear Training,,Grooves,Fills & Chops,,,Pedro,
25561,live,Pat's Jazz Curriculum #8,https://admin.musora.com/admin#/content/drumeo/25561,https://www.musora.com/drumeo/live-streams/1296-pats-jazz-curriculum-8/25561,2016-03-25,Ear Training,,,,,,,,,,Pedro,
25561,live,Pat's Jazz Curriculum #8,https://admin.musora.com/admin#/content/drumeo/25561,https://www.musora.com/drumeo/live-streams/1296-pats-jazz-curriculum-8/25561,2016-03-25,Fills,,,,,,,,,,Pedro,
25561,live,Pat's Jazz Curriculum #8,https://admin.musora.com/admin#/content/drumeo/25561,https://www.musora.com/drumeo/live-streams/1296-pats-jazz-curriculum-8/25561,2016-03-25,Independence,,,,,,,,,,Pedro,
25561,live,Pat's Jazz Curriculum #8,https://admin.musora.com/admin#/content/drumeo/25561,https://www.musora.com/drumeo/live-streams/1296-pats-jazz-curriculum-8/25561,2016-03-25,Musicality,,,,,,,,,,Pedro,
25561,live,Pat's Jazz Curriculum #8,https://admin.musora.com/admin#/content/drumeo/25561,https://www.musora.com/drumeo/live-streams/1296-pats-jazz-curriculum-8/25561,2016-03-25,Styles,,,,,,,,,,Pedro,
25563,live,Phrasing In Fives,https://admin.musora.com/admin#/content/drumeo/25563,https://www.musora.com/drumeo/live-streams/1297-phrasing-in-fives/25563,2016-03-26,Fills,,,,Time Signatures,,Fills & Chops,,,,Pedro,
25563,live,Phrasing In Fives,https://admin.musora.com/admin#/content/drumeo/25563,https://www.musora.com/drumeo/live-streams/1297-phrasing-in-fives/25563,2016-03-26,Fills,,,,,,,,,,Pedro,
25563,live,Phrasing In Fives,https://admin.musora.com/admin#/content/drumeo/25563,https://www.musora.com/drumeo/live-streams/1297-phrasing-in-fives/25563,2016-03-26,Musicality,,,,,,,,,,Pedro,
25563,live,Phrasing In Fives,https://admin.musora.com/admin#/content/drumeo/25563,https://www.musora.com/drumeo/live-streams/1297-phrasing-in-fives/25563,2016-03-26,Musicality,,,,,,,,,,Pedro,
25563,live,Phrasing In Fives,https://admin.musora.com/admin#/content/drumeo/25563,https://www.musora.com/drumeo/live-streams/1297-phrasing-in-fives/25563,2016-03-26,Styles,,,,,,,,,,Pedro,
25563,live,Phrasing In Fives,https://admin.musora.com/admin#/content/drumeo/25563,https://www.musora.com/drumeo/live-streams/1297-phrasing-in-fives/25563,2016-03-26,Styles,,,,,,,,,,Pedro,
25583,live,Building Speed & Maneuvering Around The Kit With Combos,https://admin.musora.com/admin#/content/drumeo/25583,https://www.musora.com/drumeo/live-streams/1298-building-speed-maneuvering-around-the-kit-with-combos/25583,2016-03-28,Fills,,Hand Technique,,,,,,,,Pedro,
25583,live,Building Speed & Maneuvering Around The Kit With Combos,https://admin.musora.com/admin#/content/drumeo/25583,https://www.musora.com/drumeo/live-streams/1298-building-speed-maneuvering-around-the-kit-with-combos/25583,2016-03-28,Technique,,,,,,,,,,Pedro,
25617,live,Question & Answer,https://admin.musora.com/admin#/content/drumeo/25617,https://www.musora.com/drumeo/live-streams/1299-question-answer/25617,2016-03-29,Edutainment,,,,,,Fills & Chops,,,,Pedro,
25624,live,Next Level Basics,https://admin.musora.com/admin#/content/drumeo/25624,https://www.musora.com/drumeo/live-streams/1300-next-level-basics/25624,2016-03-30,Beats,,,,,,Grooves,Fills & Chops,,,Pedro,
25624,live,Next Level Basics,https://admin.musora.com/admin#/content/drumeo/25624,https://www.musora.com/drumeo/live-streams/1300-next-level-basics/25624,2016-03-30,Beats,,,,,,,,,,Pedro,
25624,live,Next Level Basics,https://admin.musora.com/admin#/content/drumeo/25624,https://www.musora.com/drumeo/live-streams/1300-next-level-basics/25624,2016-03-30,Fills,,,,,,,,,,Pedro,
25624,live,Next Level Basics,https://admin.musora.com/admin#/content/drumeo/25624,https://www.musora.com/drumeo/live-streams/1300-next-level-basics/25624,2016-03-30,Fills,,,,,,,,,,Pedro,
25624,live,Next Level Basics,https://admin.musora.com/admin#/content/drumeo/25624,https://www.musora.com/drumeo/live-streams/1300-next-level-basics/25624,2016-03-30,Technique,,Hand Technique,,,,,,,,Pedro,
25624,live,Next Level Basics,https://admin.musora.com/admin#/content/drumeo/25624,https://www.musora.com/drumeo/live-streams/1300-next-level-basics/25624,2016-03-30,Technique,,,,,,,,,,Pedro,
25628,live,Pop Punk Beats,https://admin.musora.com/admin#/content/drumeo/25628,https://www.musora.com/drumeo/live-streams/1302-pop-punk-beats/25628,2016-04-01,Beats,Pop/Rock,,,,,Grooves,,,,Pedro,
25628,live,Pop Punk Beats,https://admin.musora.com/admin#/content/drumeo/25628,https://www.musora.com/drumeo/live-streams/1302-pop-punk-beats/25628,2016-04-01,Styles,,,,,,,,,,Pedro,
25634,live,Groove Speed / Hi-Hat Workout,https://admin.musora.com/admin#/content/drumeo/25634,https://www.musora.com/drumeo/live-streams/1303-groove-speed-hi-hat-workout/25634,2016-04-02,Beats,,,,,,Grooves,Independence,,,Pedro,
25634,live,Groove Speed / Hi-Hat Workout,https://admin.musora.com/admin#/content/drumeo/25634,https://www.musora.com/drumeo/live-streams/1303-groove-speed-hi-hat-workout/25634,2016-04-02,Beats,,,,,,,,,,Pedro,
25634,live,Groove Speed / Hi-Hat Workout,https://admin.musora.com/admin#/content/drumeo/25634,https://www.musora.com/drumeo/live-streams/1303-groove-speed-hi-hat-workout/25634,2016-04-02,Independence,,,,,,,,,,Pedro,
25634,live,Groove Speed / Hi-Hat Workout,https://admin.musora.com/admin#/content/drumeo/25634,https://www.musora.com/drumeo/live-streams/1303-groove-speed-hi-hat-workout/25634,2016-04-02,Independence,,,,,,,,,,Pedro,
25680,live,Learning Polyrhythms The Easy Way,https://admin.musora.com/admin#/content/drumeo/25680,https://www.musora.com/drumeo/live-streams/1305-learning-polyrhythms-the-easy-way/25680,2016-04-04,Theory,,,,,,,Independence,,,Pedro,
25682,live,Half-Time Grooves,https://admin.musora.com/admin#/content/drumeo/25682,https://www.musora.com/drumeo/live-streams/1306-half-time-grooves/25682,2016-04-05,Beats,,,,,,Grooves,,,,Pedro,
25682,live,Half-Time Grooves,https://admin.musora.com/admin#/content/drumeo/25682,https://www.musora.com/drumeo/live-streams/1306-half-time-grooves/25682,2016-04-05,Beats,,,,,,,,,,Pedro,
25686,live,How To Play For Quiet Venues,https://admin.musora.com/admin#/content/drumeo/25686,https://www.musora.com/drumeo/live-streams/1308-how-to-play-for-quiet-venues/25686,2016-04-08,Ear Training,,,,,,,Making Music,,Performance,Pedro,
25686,live,How To Play For Quiet Venues,https://admin.musora.com/admin#/content/drumeo/25686,https://www.musora.com/drumeo/live-streams/1308-how-to-play-for-quiet-venues/25686,2016-04-08,Ear Training,,,,,,,,,,Pedro,
25686,live,How To Play For Quiet Venues,https://admin.musora.com/admin#/content/drumeo/25686,https://www.musora.com/drumeo/live-streams/1308-how-to-play-for-quiet-venues/25686,2016-04-08,Musicality,,,,,,,,,,Pedro,
25686,live,How To Play For Quiet Venues,https://admin.musora.com/admin#/content/drumeo/25686,https://www.musora.com/drumeo/live-streams/1308-how-to-play-for-quiet-venues/25686,2016-04-08,Musicality,,,,,,,,,,Pedro,
25690,live,Progressive Drumming Concepts,https://admin.musora.com/admin#/content/drumeo/25690,https://www.musora.com/drumeo/live-streams/1310-progressive-drumming-concepts/25690,2016-04-10,Styles,,,,Time Signatures,,Grooves,,,Performance,Pedro,
25690,live,Progressive Drumming Concepts,https://admin.musora.com/admin#/content/drumeo/25690,https://www.musora.com/drumeo/live-streams/1310-progressive-drumming-concepts/25690,2016-04-10,Styles,,,,,,,,,,Pedro,
25707,live,10 Unique Progressive Fills,https://admin.musora.com/admin#/content/drumeo/25707,https://www.musora.com/drumeo/live-streams/1304-10-unique-progressive-fills-1/25707,2016-04-03,Fills,,,,Time Signatures,,Fills & Chops,Grooves,,,Pedro,
25707,live,10 Unique Progressive Fills,https://admin.musora.com/admin#/content/drumeo/25707,https://www.musora.com/drumeo/live-streams/1304-10-unique-progressive-fills-1/25707,2016-04-03,Fills,,,,,,,,,,Pedro,
25715,live,The Rhythm-Creation Formula,https://admin.musora.com/admin#/content/drumeo/25715,https://www.musora.com/drumeo/live-streams/1311-the-rhythm-creation-formula/25715,2016-04-11,Musicality,,,,,,,Grooves,,Performance,Pedro,
25724,live,Style Analysis - Topper Headon (The Clash),https://admin.musora.com/admin#/content/drumeo/25724,https://www.musora.com/drumeo/live-streams/1312-style-analysis-topper-headon-the-clash/25724,2016-04-12,Beats,Pop/Rock,,,,,Grooves,Fills & Chops,,,Pedro,
25724,live,Style Analysis - Topper Headon (The Clash),https://admin.musora.com/admin#/content/drumeo/25724,https://www.musora.com/drumeo/live-streams/1312-style-analysis-topper-headon-the-clash/25724,2016-04-12,Beats,,,,,,,,,,Pedro,
25724,live,Style Analysis - Topper Headon (The Clash),https://admin.musora.com/admin#/content/drumeo/25724,https://www.musora.com/drumeo/live-streams/1312-style-analysis-topper-headon-the-clash/25724,2016-04-12,Fills,,,,,,,,,,Pedro,
25724,live,Style Analysis - Topper Headon (The Clash),https://admin.musora.com/admin#/content/drumeo/25724,https://www.musora.com/drumeo/live-streams/1312-style-analysis-topper-headon-the-clash/25724,2016-04-12,Fills,,,,,,,,,,Pedro,
25728,live,I'm Gonna Herta You With These Fills!,https://admin.musora.com/admin#/content/drumeo/25728,https://www.musora.com/drumeo/live-streams/1314-im-gonna-herta-you-with-these-fills/25728,2016-04-15,Fills,Pop/Rock,Rudiments,,,,Fills & Chops,,,,Pedro,
25728,live,I'm Gonna Herta You With These Fills!,https://admin.musora.com/admin#/content/drumeo/25728,https://www.musora.com/drumeo/live-streams/1314-im-gonna-herta-you-with-these-fills/25728,2016-04-15,Fills,,,,,,,,,,Pedro,
25728,live,I'm Gonna Herta You With These Fills!,https://admin.musora.com/admin#/content/drumeo/25728,https://www.musora.com/drumeo/live-streams/1314-im-gonna-herta-you-with-these-fills/25728,2016-04-15,Rudiments,,,,,,,,,,Pedro,
25728,live,I'm Gonna Herta You With These Fills!,https://admin.musora.com/admin#/content/drumeo/25728,https://www.musora.com/drumeo/live-streams/1314-im-gonna-herta-you-with-these-fills/25728,2016-04-15,Rudiments,,,,,,,,,,Pedro,
25730,live,5 Steps To Develop New Fills,https://admin.musora.com/admin#/content/drumeo/25730,https://www.musora.com,2016-04-16,Fills,,,,,,Fills & Chops,Grooves,,,Pedro,
25730,live,5 Steps To Develop New Fills,https://admin.musora.com/admin#/content/drumeo/25730,https://www.musora.com,2016-04-16,Fills,,,,,,,,,,Pedro,
25730,live,5 Steps To Develop New Fills,https://admin.musora.com/admin#/content/drumeo/25730,https://www.musora.com,2016-04-16,Musicality,,,,,,,,,,Pedro,
25730,live,5 Steps To Develop New Fills,https://admin.musora.com/admin#/content/drumeo/25730,https://www.musora.com,2016-04-16,Musicality,,,,,,,,,,Pedro,
25732,live,"Getting The Most Out Of ""4-Way Coordination""",https://admin.musora.com/admin#/content/drumeo/25732,https://www.musora.com/drumeo/live-streams/1316-getting-the-most-out-of-4-way-coordination/25732,2016-04-17,Independence,,,,,,,Independence,,,Pedro,
25756,live,Tips & Tricks For The Funky Drummer,https://admin.musora.com/admin#/content/drumeo/25756,https://www.musora.com/drumeo/live-streams/1317-tips-tricks-for-the-funky-drummer/25756,2016-04-18,Edutainment,Funk/Disco,,,,,,Grooves,,,Pedro,
25763,live,Question & Answer,https://admin.musora.com/admin#/content/drumeo/25763,https://www.musora.com/drumeo/live-streams/1318-question-answer/25763,2016-04-19,Edutainment,,,,,,,,,Performance,Pedro,
25765,live,Lesson From A Student - Building Dynamics With Push-Pull,https://admin.musora.com/admin#/content/drumeo/25765,https://www.musora.com/drumeo/live-streams/1321-lesson-from-a-student-building-dynamics-with-push-pull/25765,2016-04-22,Rudiments,,Hand Technique,Rudiments,,,,,,,Pedro,
25765,live,Lesson From A Student - Building Dynamics With Push-Pull,https://admin.musora.com/admin#/content/drumeo/25765,https://www.musora.com/drumeo/live-streams/1321-lesson-from-a-student-building-dynamics-with-push-pull/25765,2016-04-22,Technique,,,,,,,,,,Pedro,
25767,live,"Groove Concept - No Kick On ""One""",https://admin.musora.com/admin#/content/drumeo/25767,https://www.musora.com/drumeo/live-streams/1322-groove-concept-no-kick-on-one/25767,2016-04-23,Beats,,,,,,,Grooves,Performance,,Pedro,
25767,live,"Groove Concept - No Kick On ""One""",https://admin.musora.com/admin#/content/drumeo/25767,https://www.musora.com/drumeo/live-streams/1322-groove-concept-no-kick-on-one/25767,2016-04-23,Beats,,,,,,,,,,Pedro,
25767,live,"Groove Concept - No Kick On ""One""",https://admin.musora.com/admin#/content/drumeo/25767,https://www.musora.com/drumeo/live-streams/1322-groove-concept-no-kick-on-one/25767,2016-04-23,Musicality,,,,,,,,,,Pedro,
25767,live,"Groove Concept - No Kick On ""One""",https://admin.musora.com/admin#/content/drumeo/25767,https://www.musora.com/drumeo/live-streams/1322-groove-concept-no-kick-on-one/25767,2016-04-23,Musicality,,,,,,,,,,Pedro,
25769,live,10 Fills To Get You Out Of Your Beginners Rut,https://admin.musora.com/admin#/content/drumeo/25769,https://www.musora.com/drumeo/live-streams/1323-10-fills-to-get-you-out-of-your-beginners-rut/25769,2016-04-24,Fills,,,,,,Fills & Chops,,,,Pedro,
257696,question-and-answer,Do I Need To Learn Everything In The Drumeo Method?,https://admin.musora.com/admin#/content/drumeo/257696,https://www.musora.com/drumeo/question-and-answer/qna-do-i-need-to-learn-everything-in-the-drumeo-method/257696,2020-06-01,Q&A,,,,,,,Grooves,,,Pedro,
257696,question-and-answer,Do I Need To Learn Everything In The Drumeo Method?,https://admin.musora.com/admin#/content/drumeo/257696,https://www.musora.com/drumeo/question-and-answer/qna-do-i-need-to-learn-everything-in-the-drumeo-method/257696,2020-06-01,Q&A,,,,,,,,,,Pedro,
257699,question-and-answer,Michael Schack Demos The Roland TD-17 Kit,https://admin.musora.com/admin#/content/drumeo/257699,https://www.musora.com/drumeo/question-and-answer/electronic-drums-qa/257699,2020-06-03,Q&A,,,,,,,Grooves,,Gigging Tips & Gear,Pedro,
257707,question-and-answer,Understanding Double Time,https://admin.musora.com/admin#/content/drumeo/257707,https://www.musora.com/drumeo/question-and-answer/weekly-qa/257707,2020-06-08,Q&A,,,,,Notation,,Grooves,,,Pedro,
257707,question-and-answer,Understanding Double Time,https://admin.musora.com/admin#/content/drumeo/257707,https://www.musora.com/drumeo/question-and-answer/weekly-qa/257707,2020-06-08,Q&A,,,,,,,,,,Pedro,
257711,question-and-answer,Combining 2 E-kits For More Sound And Surface Options,https://admin.musora.com/admin#/content/drumeo/257711,https://www.musora.com/drumeo/question-and-answer/electronic-drums-qa/257711,2020-06-10,Q&A,,,,,,,,,Gigging Tips & Gear,Pedro,
257711,question-and-answer,Combining 2 E-kits For More Sound And Surface Options,https://admin.musora.com/admin#/content/drumeo/257711,https://www.musora.com/drumeo/question-and-answer/electronic-drums-qa/257711,2020-06-10,Q&A,,,,,,,,,,Pedro,
25779,live,Why All Drummers Should Learn To Swing #1,https://admin.musora.com/admin#/content/drumeo/25779,https://www.musora.com/drumeo/live-streams/1319-why-all-drummers-should-learn-to-swing-1/25779,2016-04-21,Musicality,Jazz/Blues,,,,,,Independence,,,Pedro,
25779,live,Why All Drummers Should Learn To Swing #1,https://admin.musora.com/admin#/content/drumeo/25779,https://www.musora.com/drumeo/live-streams/1319-why-all-drummers-should-learn-to-swing-1/25779,2016-04-21,Styles,,,,,,,,,,Pedro,
25781,live,Why All Drummers Should Learn To Swing #2,https://admin.musora.com/admin#/content/drumeo/25781,https://www.musora.com/drumeo/live-streams/1320-why-all-drummers-should-learn-to-swing-2/25781,2016-04-21,Musicality,,,,,,,,,,Pedro,
25781,live,Why All Drummers Should Learn To Swing #2,https://admin.musora.com/admin#/content/drumeo/25781,https://www.musora.com/drumeo/live-streams/1320-why-all-drummers-should-learn-to-swing-2/25781,2016-04-21,Styles,,,,,,,,,,Pedro,
259057,question-and-answer,Understanding Double Time,https://admin.musora.com/admin#/content/drumeo/259057,https://www.musora.com/drumeo/question-and-answer/weekly-qa/259057,2020-06-15,Q&A,,,,,,,,Performance,,Pedro,
259057,question-and-answer,Understanding Double Time,https://admin.musora.com/admin#/content/drumeo/259057,https://www.musora.com/drumeo/question-and-answer/weekly-qa/259057,2020-06-15,Q&A,,,,,,,,,,Pedro,
259065,question-and-answer,Intensify Your E-Kit Performances With Visuals,https://admin.musora.com/admin#/content/drumeo/259065,https://www.musora.com/drumeo/question-and-answer/electronic-drums-qa/259065,2020-06-17,Q&A,,,,,,,,,Gigging Tips & Gear,Pedro,
259065,question-and-answer,Intensify Your E-Kit Performances With Visuals,https://admin.musora.com/admin#/content/drumeo/259065,https://www.musora.com/drumeo/question-and-answer/electronic-drums-qa/259065,2020-06-17,Q&A,,,,,,,,,,Pedro,
25996,live,7 Ways To Get Out Of A Drumming Rut,https://admin.musora.com/admin#/content/drumeo/25996,https://www.musora.com/drumeo/live-streams/1325-7-ways-to-get-out-of-a-drumming-rut/25996,2016-04-25,Edutainment,,,,,,,,,Practice Tips,Pedro,
25996,live,7 Ways To Get Out Of A Drumming Rut,https://admin.musora.com/admin#/content/drumeo/25996,https://www.musora.com/drumeo/live-streams/1325-7-ways-to-get-out-of-a-drumming-rut/25996,2016-04-25,Edutainment,,,,,,,,,,Pedro,
260138,live,Play Your Favorite Songs In Drumeo,https://admin.musora.com/admin#/content/drumeo/260138,https://www.musora.com/drumeo/live-streams/play-your-favorite-songs-in-drumeo/260138,2020-06-22,Ear Training,,,,Ear Training,Sight Reading,,,,,Pedro,
260138,live,Play Your Favorite Songs In Drumeo,https://admin.musora.com/admin#/content/drumeo/260138,https://www.musora.com/drumeo/live-streams/play-your-favorite-songs-in-drumeo/260138,2020-06-22,Ear Training,,,,,,,,,,Pedro,
260138,live,Play Your Favorite Songs In Drumeo,https://admin.musora.com/admin#/content/drumeo/260138,https://www.musora.com/drumeo/live-streams/play-your-favorite-songs-in-drumeo/260138,2020-06-22,Musicality,,,,,,,,,,Pedro,
260138,live,Play Your Favorite Songs In Drumeo,https://admin.musora.com/admin#/content/drumeo/260138,https://www.musora.com/drumeo/live-streams/play-your-favorite-songs-in-drumeo/260138,2020-06-22,Musicality,,,,,,,,,,Pedro,
260142,question-and-answer,Are E-kits With Normal Hi-hat Stands Worth The Money?,https://admin.musora.com/admin#/content/drumeo/260142,https://www.musora.com/drumeo/question-and-answer/electronic-drums-qa/260142,2020-06-24,Q&A,,,,,,,,,Gigging Tips & Gear,Pedro,
260143,question-and-answer,Learning To Play Without A Click Track,https://admin.musora.com/admin#/content/drumeo/260143,https://www.musora.com/drumeo/question-and-answer/weekly-qa/260143,2020-06-22,Q&A,,,,Ear Training,,,Grooves,,,Pedro,
260143,question-and-answer,Learning To Play Without A Click Track,https://admin.musora.com/admin#/content/drumeo/260143,https://www.musora.com/drumeo/question-and-answer/weekly-qa/260143,2020-06-22,Q&A,,,,,,,,,,Pedro,
260146,question-and-answer,How To Play With A Bass Player,https://admin.musora.com/admin#/content/drumeo/260146,https://www.musora.com/drumeo/question-and-answer/weekly-qa/260146,2020-06-29,Q&A,,,,,,,Making Music,Performance,,Pedro,
260146,question-and-answer,How To Play With A Bass Player,https://admin.musora.com/admin#/content/drumeo/260146,https://www.musora.com/drumeo/question-and-answer/weekly-qa/260146,2020-06-29,Q&A,,,,,,,,,,Pedro,
260150,live,Four Weeks To Better Fills Wrap-up Live-stream,https://admin.musora.com/admin#/content/drumeo/260150,https://www.musora.com/drumeo/live-streams/%22four-weeks-to-better-fills%22-wrap-up-live-stream/260150,2020-06-29,Fills,,,,,,Fills & Chops,,,,Pedro,
260150,live,Four Weeks To Better Fills Wrap-up Live-stream,https://admin.musora.com/admin#/content/drumeo/260150,https://www.musora.com/drumeo/live-streams/%22four-weeks-to-better-fills%22-wrap-up-live-stream/260150,2020-06-29,Fills,,,,,,,,,,Pedro,
26074,live,Getting Funky With The Paradiddle,https://admin.musora.com/admin#/content/drumeo/26074,https://www.musora.com/drumeo/live-streams/1327-getting-funky-with-the-paradiddle/26074,2016-04-27,Beats,,,Rudiments,,,Fills & Chops,Grooves,,,Pedro,
26074,live,Getting Funky With The Paradiddle,https://admin.musora.com/admin#/content/drumeo/26074,https://www.musora.com/drumeo/live-streams/1327-getting-funky-with-the-paradiddle/26074,2016-04-27,Fills,,,,,,,,,,Pedro,
26074,live,Getting Funky With The Paradiddle,https://admin.musora.com/admin#/content/drumeo/26074,https://www.musora.com/drumeo/live-streams/1327-getting-funky-with-the-paradiddle/26074,2016-04-27,Rudiments,,,,,,,,,,Pedro,
26081,live,Question & Answer,https://admin.musora.com/admin#/content/drumeo/26081,https://www.musora.com/drumeo/live-streams/1326-question-answer/26081,2016-04-26,Edutainment,Hard Rock/Metal,,,,,,Grooves,Performance,,Pedro,
26083,live,Practicing With The Rhythmic Chart,https://admin.musora.com/admin#/content/drumeo/26083,https://www.musora.com/drumeo/live-streams/1328-practicing-with-the-rhythmic-chart/26083,2016-04-28,Independence,,,,Sight Reading,,,Independence,,,Pedro,
26083,live,Practicing With The Rhythmic Chart,https://admin.musora.com/admin#/content/drumeo/26083,https://www.musora.com/drumeo/live-streams/1328-practicing-with-the-rhythmic-chart/26083,2016-04-28,Technique,,,,,,,,,,Pedro,
26083,live,Practicing With The Rhythmic Chart,https://admin.musora.com/admin#/content/drumeo/26083,https://www.musora.com/drumeo/live-streams/1328-practicing-with-the-rhythmic-chart/26083,2016-04-28,Theory,,,,,,,,,,Pedro,
26085,live,Complex Yet Musical Fills Within A Groove,https://admin.musora.com/admin#/content/drumeo/26085,https://www.musora.com/drumeo/live-streams/1329-complex-yet-musical-fills-within-a-groove/26085,2016-04-29,Beats,,,,,,Fills & Chops,Grooves,,,Pedro,
26085,live,Complex Yet Musical Fills Within A Groove,https://admin.musora.com/admin#/content/drumeo/26085,https://www.musora.com/drumeo/live-streams/1329-complex-yet-musical-fills-within-a-groove/26085,2016-04-29,Beats,,,,,,,,,,Pedro,
26085,live,Complex Yet Musical Fills Within A Groove,https://admin.musora.com/admin#/content/drumeo/26085,https://www.musora.com/drumeo/live-streams/1329-complex-yet-musical-fills-within-a-groove/26085,2016-04-29,Fills,,,,,,,,,,Pedro,
26085,live,Complex Yet Musical Fills Within A Groove,https://admin.musora.com/admin#/content/drumeo/26085,https://www.musora.com/drumeo/live-streams/1329-complex-yet-musical-fills-within-a-groove/26085,2016-04-29,Fills,,,,,,,,,,Pedro,
26085,live,Complex Yet Musical Fills Within A Groove,https://admin.musora.com/admin#/content/drumeo/26085,https://www.musora.com/drumeo/live-streams/1329-complex-yet-musical-fills-within-a-groove/26085,2016-04-29,Musicality,,,,,,,,,,Pedro,
26085,live,Complex Yet Musical Fills Within A Groove,https://admin.musora.com/admin#/content/drumeo/26085,https://www.musora.com/drumeo/live-streams/1329-complex-yet-musical-fills-within-a-groove/26085,2016-04-29,Musicality,,,,,,,,,,Pedro,
26087,live,Creative Tom Beats,https://admin.musora.com/admin#/content/drumeo/26087,https://www.musora.com/drumeo/live-streams/1330-creative-tom-beats-1/26087,2016-05-01,Beats,,,Rudiments,,,Grooves,,,,Pedro,
26087,live,Creative Tom Beats,https://admin.musora.com/admin#/content/drumeo/26087,https://www.musora.com/drumeo/live-streams/1330-creative-tom-beats-1/26087,2016-05-01,Styles,,,,,,,,,,Pedro,
261654,question-and-answer,Can You Hit Your E-Drums Too Hard?,https://admin.musora.com/admin#/content/drumeo/261654,https://www.musora.com/drumeo/question-and-answer/electronic-drums-qa/261654,2020-07-01,Q&A,,,,,,,,Other,,Pedro,
261654,question-and-answer,Can You Hit Your E-Drums Too Hard?,https://admin.musora.com/admin#/content/drumeo/261654,https://www.musora.com/drumeo/question-and-answer/electronic-drums-qa/261654,2020-07-01,Q&A,,,,,,,,,,Pedro,
261657,question-and-answer,Choosing The Best Camera Angles For Drum Videos,https://admin.musora.com/admin#/content/drumeo/261657,https://www.musora.com/drumeo/question-and-answer/weekly-qa/261657,2020-07-06,Q&A,,,,,,,,Other,,Pedro,
261657,question-and-answer,Choosing The Best Camera Angles For Drum Videos,https://admin.musora.com/admin#/content/drumeo/261657,https://www.musora.com/drumeo/question-and-answer/weekly-qa/261657,2020-07-06,Q&A,,,,,,,,,,Pedro,
261660,question-and-answer,"What Are The Best Snare Stands That Will Fit 10-12"" E-kit Snare Pads?",https://admin.musora.com/admin#/content/drumeo/261660,https://www.musora.com/drumeo/question-and-answer/electronic-drums-qa/261660,2020-07-08,Q&A,,,,,,,,,Gigging Tips & Gear,Pedro,
261669,question-and-answer,How To Reduce The Ringing In Your Floor Tom Sound,https://admin.musora.com/admin#/content/drumeo/261669,https://www.musora.com/drumeo/question-and-answer/weekly-qa/261669,2020-07-13,Q&A,,,,,,,,,Gigging Tips & Gear,Pedro,
261669,question-and-answer,How To Reduce The Ringing In Your Floor Tom Sound,https://admin.musora.com/admin#/content/drumeo/261669,https://www.musora.com/drumeo/question-and-answer/weekly-qa/261669,2020-07-13,Q&A,,,,,,,,,,Pedro,
261671,question-and-answer,How Do I Use Ableton With My E-kit?,https://admin.musora.com/admin#/content/drumeo/261671,https://www.musora.com/drumeo/question-and-answer/electronic-drums-qa/261671,2020-07-15,Q&A,,,,,,,,,Gigging Tips & Gear,Pedro,
261671,question-and-answer,How Do I Use Ableton With My E-kit?,https://admin.musora.com/admin#/content/drumeo/261671,https://www.musora.com/drumeo/question-and-answer/electronic-drums-qa/261671,2020-07-15,Q&A,,,,,,,,,,Pedro,
26200,live,Style Analysis - Ian Paice,https://admin.musora.com/admin#/content/drumeo/26200,https://www.musora.com/drumeo/live-streams/1332-style-analysis-ian-paice/26200,2016-05-03,Beats,Hard Rock/Metal,,,,,Grooves,Fills & Chops,,,Pedro,
26200,live,Style Analysis - Ian Paice,https://admin.musora.com/admin#/content/drumeo/26200,https://www.musora.com/drumeo/live-streams/1332-style-analysis-ian-paice/26200,2016-05-03,Fills,,,,,,,,,,Pedro,
26200,live,Style Analysis - Ian Paice,https://admin.musora.com/admin#/content/drumeo/26200,https://www.musora.com/drumeo/live-streams/1332-style-analysis-ian-paice/26200,2016-05-03,Styles,,,,,,,,,,Pedro,
26227,live,Pat's Shuffle Curriculum #1,https://admin.musora.com/admin#/content/drumeo/26227,https://www.musora.com/drumeo/live-streams/1334-pats-shuffle-curriculum-1/26227,2016-05-06,Beats,,,,,,Grooves,Fills & Chops,,,Pedro,
26227,live,Pat's Shuffle Curriculum #1,https://admin.musora.com/admin#/content/drumeo/26227,https://www.musora.com/drumeo/live-streams/1334-pats-shuffle-curriculum-1/26227,2016-05-06,Fills,,,,,,,,,,Pedro,
26227,live,Pat's Shuffle Curriculum #1,https://admin.musora.com/admin#/content/drumeo/26227,https://www.musora.com/drumeo/live-streams/1334-pats-shuffle-curriculum-1/26227,2016-05-06,Musicality,,,,,,,,,,Pedro,
26227,live,Pat's Shuffle Curriculum #1,https://admin.musora.com/admin#/content/drumeo/26227,https://www.musora.com/drumeo/live-streams/1334-pats-shuffle-curriculum-1/26227,2016-05-06,Styles,,,,,,,,,,Pedro,
26229,live,The 3132 Triplet Fill,https://admin.musora.com/admin#/content/drumeo/26229,https://www.musora.com/drumeo/live-streams/1335-the-3132-triplet-fill/26229,2016-05-07,Fills,Worship/Gospel,,,,,Fills & Chops,Grooves,,,Pedro,
26229,live,The 3132 Triplet Fill,https://admin.musora.com/admin#/content/drumeo/26229,https://www.musora.com/drumeo/live-streams/1335-the-3132-triplet-fill/26229,2016-05-07,Musicality,,,,,,,,,,Pedro,
26231,live,Expanding & Contracting Your Grooves,https://admin.musora.com/admin#/content/drumeo/26231,https://www.musora.com/drumeo/live-streams/1336-expanding-contracting-your-grooves/26231,2016-05-08,Beats,,,,,,Grooves,Fills & Chops,,,Pedro,
26231,live,Expanding & Contracting Your Grooves,https://admin.musora.com/admin#/content/drumeo/26231,https://www.musora.com/drumeo/live-streams/1336-expanding-contracting-your-grooves/26231,2016-05-08,Beats,,,,,,,,,,Pedro,
26231,live,Expanding & Contracting Your Grooves,https://admin.musora.com/admin#/content/drumeo/26231,https://www.musora.com/drumeo/live-streams/1336-expanding-contracting-your-grooves/26231,2016-05-08,Musicality,,,,,,,,,,Pedro,
26231,live,Expanding & Contracting Your Grooves,https://admin.musora.com/admin#/content/drumeo/26231,https://www.musora.com/drumeo/live-streams/1336-expanding-contracting-your-grooves/26231,2016-05-08,Musicality,,,,,,,,,,Pedro,
26236,live,Tuning Tips From A Drum Tech,https://admin.musora.com/admin#/content/drumeo/26236,https://www.musora.com/drumeo/live-streams/1333-tuning-tips-from-a-drum-tech/26236,2016-05-04,Gear,,,,,,,,,Gigging Tips & Gear,Pedro,
26239,live,Getting Funky With The Inverted Paradiddle,https://admin.musora.com/admin#/content/drumeo/26239,https://www.musora.com/drumeo/live-streams/1337-getting-funky-with-the-inverted-paradiddle/26239,2016-05-09,Beats,Funk/Disco,Rudiments,,,,Grooves,,,,Pedro,
26239,live,Getting Funky With The Inverted Paradiddle,https://admin.musora.com/admin#/content/drumeo/26239,https://www.musora.com/drumeo/live-streams/1337-getting-funky-with-the-inverted-paradiddle/26239,2016-05-09,Beats,,,,,,,,,,Pedro,
26239,live,Getting Funky With The Inverted Paradiddle,https://admin.musora.com/admin#/content/drumeo/26239,https://www.musora.com/drumeo/live-streams/1337-getting-funky-with-the-inverted-paradiddle/26239,2016-05-09,Fills,,,,,,,,,,Pedro,
26239,live,Getting Funky With The Inverted Paradiddle,https://admin.musora.com/admin#/content/drumeo/26239,https://www.musora.com/drumeo/live-streams/1337-getting-funky-with-the-inverted-paradiddle/26239,2016-05-09,Fills,,,,,,,,,,Pedro,
26239,live,Getting Funky With The Inverted Paradiddle,https://admin.musora.com/admin#/content/drumeo/26239,https://www.musora.com/drumeo/live-streams/1337-getting-funky-with-the-inverted-paradiddle/26239,2016-05-09,Rudiments,,,,,,,,,,Pedro,
26239,live,Getting Funky With The Inverted Paradiddle,https://admin.musora.com/admin#/content/drumeo/26239,https://www.musora.com/drumeo/live-streams/1337-getting-funky-with-the-inverted-paradiddle/26239,2016-05-09,Rudiments,,,,,,,,,,Pedro,
262497,question-and-answer,What's The Best Way To Eliminate Snare Buzz?,https://admin.musora.com/admin#/content/drumeo/262497,https://www.musora.com/drumeo/question-and-answer/weekly-qa/262497,2020-07-20,Q&A,,,,,,,,,Gigging Tips & Gear,Pedro,
262497,question-and-answer,What's The Best Way To Eliminate Snare Buzz?,https://admin.musora.com/admin#/content/drumeo/262497,https://www.musora.com/drumeo/question-and-answer/weekly-qa/262497,2020-07-20,Q&A,,,,,,,,,,Pedro,
262499,question-and-answer,What Are Pros And Cons Of Mesh Heads?,https://admin.musora.com/admin#/content/drumeo/262499,https://www.musora.com/drumeo/question-and-answer/electronic-drums-qa-july-22nd-2020/262499,2020-07-22,Q&A,,,,,,,,,Gigging Tips & Gear,Pedro,
262499,question-and-answer,What Are Pros And Cons Of Mesh Heads?,https://admin.musora.com/admin#/content/drumeo/262499,https://www.musora.com/drumeo/question-and-answer/electronic-drums-qa-july-22nd-2020/262499,2020-07-22,Q&A,,,,,,,,,,Pedro,
262504,question-and-answer,What Are Good Choices For Intermediate Cymbals?,https://admin.musora.com/admin#/content/drumeo/262504,https://www.musora.com/drumeo/question-and-answer/weekly-qa/262504,2020-07-28,Q&A,,,,,,,,,Gigging Tips & Gear,Pedro,
262504,question-and-answer,What Are Good Choices For Intermediate Cymbals?,https://admin.musora.com/admin#/content/drumeo/262504,https://www.musora.com/drumeo/question-and-answer/weekly-qa/262504,2020-07-28,Q&A,,,,,,,,,,Pedro,
262506,question-and-answer,What Is Beat Making And How Can I Become A Beat Maker With Electronic Drums?,https://admin.musora.com/admin#/content/drumeo/262506,https://www.musora.com/drumeo/question-and-answer/electronic-drums-qa/262506,2020-07-29,Q&A,,,,,,Grooves,,,,Pedro,
262506,question-and-answer,What Is Beat Making And How Can I Become A Beat Maker With Electronic Drums?,https://admin.musora.com/admin#/content/drumeo/262506,https://www.musora.com/drumeo/question-and-answer/electronic-drums-qa/262506,2020-07-29,Q&A,,,,,,,,,,Pedro,
26272,live,8 Drum Fills Using The Hi-Hat,https://admin.musora.com/admin#/content/drumeo/26272,https://www.musora.com/drumeo/live-streams/1338-8-drum-fills-using-the-hi-hat/26272,2016-05-10,Fills,,,,,,Fills & Chops,,,,Pedro,
26280,live,Why All Drummers Should Learn To Swing #3,https://admin.musora.com/admin#/content/drumeo/26280,https://www.musora.com,2016-05-13,Musicality,Jazz/Blues,,,,,,,,Performance,Pedro,
26280,live,Why All Drummers Should Learn To Swing #3,https://admin.musora.com/admin#/content/drumeo/26280,https://www.musora.com,2016-05-13,Musicality,,,,,,,,,,Pedro,
26280,live,Why All Drummers Should Learn To Swing #3,https://admin.musora.com/admin#/content/drumeo/26280,https://www.musora.com,2016-05-13,Styles,,,,,,,,,,Pedro,
26280,live,Why All Drummers Should Learn To Swing #3,https://admin.musora.com/admin#/content/drumeo/26280,https://www.musora.com,2016-05-13,Styles,,,,,,,,,,Pedro,
26282,live,Classic Rock-Shuffles,https://admin.musora.com/admin#/content/drumeo/26282,https://www.musora.com/drumeo/live-streams/1340-classic-rock-shuffles/26282,2016-05-13,Beats,Pop/Rock,,,,,,,,,Pedro,
26282,live,Classic Rock-Shuffles,https://admin.musora.com/admin#/content/drumeo/26282,https://www.musora.com/drumeo/live-streams/1340-classic-rock-shuffles/26282,2016-05-13,Beats,,,,,,,,,,Pedro,
26282,live,Classic Rock-Shuffles,https://admin.musora.com/admin#/content/drumeo/26282,https://www.musora.com/drumeo/live-streams/1340-classic-rock-shuffles/26282,2016-05-13,Styles,,,,,,,,,,Pedro,
26282,live,Classic Rock-Shuffles,https://admin.musora.com/admin#/content/drumeo/26282,https://www.musora.com/drumeo/live-streams/1340-classic-rock-shuffles/26282,2016-05-13,Styles,,,,,,,,,,Pedro,
26284,live,Frequency Rhythmic Assimilation,https://admin.musora.com/admin#/content/drumeo/26284,https://www.musora.com/drumeo/live-streams/1341-frequency-rhythmic-assimilation/26284,2016-05-13,Edutainment,,,,,,,,,Performance,Pedro,
26288,live,Adam's Left Hand Gauntlet,https://admin.musora.com/admin#/content/drumeo/26288,https://www.musora.com/drumeo/live-streams/1342-adams-left-hand-gauntlet/26288,2016-05-14,Rudiments,,Rudiments,Hand Technique,,,Grooves,Fills & Chops,,,Pedro,
26288,live,Adam's Left Hand Gauntlet,https://admin.musora.com/admin#/content/drumeo/26288,https://www.musora.com/drumeo/live-streams/1342-adams-left-hand-gauntlet/26288,2016-05-14,Rudiments,,,,,,,,,,Pedro,
26288,live,Adam's Left Hand Gauntlet,https://admin.musora.com/admin#/content/drumeo/26288,https://www.musora.com/drumeo/live-streams/1342-adams-left-hand-gauntlet/26288,2016-05-14,Technique,,,,,,,,,,Pedro,
26288,live,Adam's Left Hand Gauntlet,https://admin.musora.com/admin#/content/drumeo/26288,https://www.musora.com/drumeo/live-streams/1342-adams-left-hand-gauntlet/26288,2016-05-14,Technique,,,,,,,,,,Pedro,
26290,live,Polyrhythmic Groove Freedom #1,https://admin.musora.com/admin#/content/drumeo/26290,https://www.musora.com/drumeo/live-streams/1343-polyrhythmic-groove-freedom-1/26290,2016-05-15,Beats,,,,,,Independence,,,,Pedro,
26290,live,Polyrhythmic Groove Freedom #1,https://admin.musora.com/admin#/content/drumeo/26290,https://www.musora.com/drumeo/live-streams/1343-polyrhythmic-groove-freedom-1/26290,2016-05-15,Beats,,,,,,,,,,Pedro,
26290,live,Polyrhythmic Groove Freedom #1,https://admin.musora.com/admin#/content/drumeo/26290,https://www.musora.com/drumeo/live-streams/1343-polyrhythmic-groove-freedom-1/26290,2016-05-15,Styles,,,,,,,,,,Pedro,
26290,live,Polyrhythmic Groove Freedom #1,https://admin.musora.com/admin#/content/drumeo/26290,https://www.musora.com/drumeo/live-streams/1343-polyrhythmic-groove-freedom-1/26290,2016-05-15,Styles,,,,,,,,,,Pedro,
26292,live,Dominate Your Live Drumming Experience,https://admin.musora.com/admin#/content/drumeo/26292,https://www.musora.com/drumeo/live-streams/1344-dominate-your-live-drumming-experience/26292,2016-05-16,Beats,,,,,,,Fills & Chops,,Performance,Pedro,
26292,live,Dominate Your Live Drumming Experience,https://admin.musora.com/admin#/content/drumeo/26292,https://www.musora.com/drumeo/live-streams/1344-dominate-your-live-drumming-experience/26292,2016-05-16,Beats,,,,,,,,,,Pedro,
26292,live,Dominate Your Live Drumming Experience,https://admin.musora.com/admin#/content/drumeo/26292,https://www.musora.com/drumeo/live-streams/1344-dominate-your-live-drumming-experience/26292,2016-05-16,Edutainment,,,,,,,,,,Pedro,
26292,live,Dominate Your Live Drumming Experience,https://admin.musora.com/admin#/content/drumeo/26292,https://www.musora.com/drumeo/live-streams/1344-dominate-your-live-drumming-experience/26292,2016-05-16,Edutainment,,,,,,,,,,Pedro,
26292,live,Dominate Your Live Drumming Experience,https://admin.musora.com/admin#/content/drumeo/26292,https://www.musora.com/drumeo/live-streams/1344-dominate-your-live-drumming-experience/26292,2016-05-16,Fills,,,,,,,,,,Pedro,
26292,live,Dominate Your Live Drumming Experience,https://admin.musora.com/admin#/content/drumeo/26292,https://www.musora.com/drumeo/live-streams/1344-dominate-your-live-drumming-experience/26292,2016-05-16,Fills,,,,,,,,,,Pedro,
26292,live,Dominate Your Live Drumming Experience,https://admin.musora.com/admin#/content/drumeo/26292,https://www.musora.com/drumeo/live-streams/1344-dominate-your-live-drumming-experience/26292,2016-05-16,Fills,,,,,,,,,,Pedro,
26292,live,Dominate Your Live Drumming Experience,https://admin.musora.com/admin#/content/drumeo/26292,https://www.musora.com/drumeo/live-streams/1344-dominate-your-live-drumming-experience/26292,2016-05-16,Fills,,,,,,,,,,Pedro,
26294,live,Next Level Basics #2,https://admin.musora.com/admin#/content/drumeo/26294,https://www.musora.com/drumeo/live-streams/1345-next-level-basics-2/26294,2016-05-17,Beats,Hard Rock/Metal,Foot Technique,,,,Grooves,Double Bass,,Performance,Pedro,
26294,live,Next Level Basics #2,https://admin.musora.com/admin#/content/drumeo/26294,https://www.musora.com/drumeo/live-streams/1345-next-level-basics-2/26294,2016-05-17,Beats,,,,,,,,,,Pedro,
26294,live,Next Level Basics #2,https://admin.musora.com/admin#/content/drumeo/26294,https://www.musora.com/drumeo/live-streams/1345-next-level-basics-2/26294,2016-05-17,Fills,,,,,,,,,,Pedro,
26294,live,Next Level Basics #2,https://admin.musora.com/admin#/content/drumeo/26294,https://www.musora.com/drumeo/live-streams/1345-next-level-basics-2/26294,2016-05-17,Fills,,,,,,,,,,Pedro,
26294,live,Next Level Basics #2,https://admin.musora.com/admin#/content/drumeo/26294,https://www.musora.com/drumeo/live-streams/1345-next-level-basics-2/26294,2016-05-17,Technique,,,,,,,,,,Pedro,
26294,live,Next Level Basics #2,https://admin.musora.com/admin#/content/drumeo/26294,https://www.musora.com/drumeo/live-streams/1345-next-level-basics-2/26294,2016-05-17,Technique,,,,,,,,,,Pedro,
26301,live,Orchestration Exploration #1,https://admin.musora.com/admin#/content/drumeo/26301,https://www.musora.com/drumeo/live-streams/1347-orchestration-exploration-1/26301,2016-05-21,Beats,,,,Notation,,Grooves,Fills & Chops,,,Pedro,
26301,live,Orchestration Exploration #1,https://admin.musora.com/admin#/content/drumeo/26301,https://www.musora.com/drumeo/live-streams/1347-orchestration-exploration-1/26301,2016-05-21,Beats,,,,,,,,,,Pedro,
26301,live,Orchestration Exploration #1,https://admin.musora.com/admin#/content/drumeo/26301,https://www.musora.com/drumeo/live-streams/1347-orchestration-exploration-1/26301,2016-05-21,Fills,,,,,,,,,,Pedro,
26301,live,Orchestration Exploration #1,https://admin.musora.com/admin#/content/drumeo/26301,https://www.musora.com/drumeo/live-streams/1347-orchestration-exploration-1/26301,2016-05-21,Fills,,,,,,,,,,Pedro,
26303,live,Polyrhythmic Groove Freedom #2,https://admin.musora.com/admin#/content/drumeo/26303,https://www.musora.com/drumeo/live-streams/1348-polyrhythmic-groove-freedom-2/26303,2016-05-22,Beats,,,,,,,Independence,,,Pedro,
26303,live,Polyrhythmic Groove Freedom #2,https://admin.musora.com/admin#/content/drumeo/26303,https://www.musora.com/drumeo/live-streams/1348-polyrhythmic-groove-freedom-2/26303,2016-05-22,Beats,,,,,,,,,,Pedro,
26303,live,Polyrhythmic Groove Freedom #2,https://admin.musora.com/admin#/content/drumeo/26303,https://www.musora.com/drumeo/live-streams/1348-polyrhythmic-groove-freedom-2/26303,2016-05-22,Styles,,,,,,,,,,Pedro,
26303,live,Polyrhythmic Groove Freedom #2,https://admin.musora.com/admin#/content/drumeo/26303,https://www.musora.com/drumeo/live-streams/1348-polyrhythmic-groove-freedom-2/26303,2016-05-22,Styles,,,,,,,,,,Pedro,
263306,question-and-answer,Is Your Drum-kit Too Big?,https://admin.musora.com/admin#/content/drumeo/263306,https://www.musora.com/drumeo/question-and-answer/weekly-qa/263306,2020-08-04,Q&A,,,,,,,,,Gigging Tips & Gear,Pedro,
263306,question-and-answer,Is Your Drum-kit Too Big?,https://admin.musora.com/admin#/content/drumeo/263306,https://www.musora.com/drumeo/question-and-answer/weekly-qa/263306,2020-08-04,Q&A,,,,,,,,,,Pedro,
263308,question-and-answer,What Are Some Of The New Innovations Coming To E-Kits?,https://admin.musora.com/admin#/content/drumeo/263308,https://www.musora.com/drumeo/question-and-answer/electronic-drums-qa/263308,2020-08-05,Q&A,,,,,,,,,Gigging Tips & Gear,Pedro,
263308,question-and-answer,What Are Some Of The New Innovations Coming To E-Kits?,https://admin.musora.com/admin#/content/drumeo/263308,https://www.musora.com/drumeo/question-and-answer/electronic-drums-qa/263308,2020-08-05,Q&A,,,,,,,,,,Pedro,
263832,question-and-answer,Can You Sand Down Drumsticks If They Are Damaged?,https://admin.musora.com/admin#/content/drumeo/263832,https://www.musora.com/drumeo/question-and-answer/weekly-qa/263832,2020-08-10,Q&A,,,,,,,,,Practice Tips,Pedro,
263832,question-and-answer,Can You Sand Down Drumsticks If They Are Damaged?,https://admin.musora.com/admin#/content/drumeo/263832,https://www.musora.com/drumeo/question-and-answer/weekly-qa/263832,2020-08-10,Q&A,,,,,,,,,,Pedro,
263836,question-and-answer,How To Layer Crash Sounds Using The Roland TD50 And TD27?,https://admin.musora.com/admin#/content/drumeo/263836,https://www.musora.com/drumeo/question-and-answer/electronic-drums-qa/263836,2020-08-12,Q&A,,,,,,,,,Gigging Tips & Gear,Pedro,
263836,question-and-answer,How To Layer Crash Sounds Using The Roland TD50 And TD27?,https://admin.musora.com/admin#/content/drumeo/263836,https://www.musora.com/drumeo/question-and-answer/electronic-drums-qa/263836,2020-08-12,Q&A,,,,,,,,,,Pedro,
263843,question-and-answer,What Microphones Does Drumeo Use On Their Drum-kits?,https://admin.musora.com/admin#/content/drumeo/263843,https://www.musora.com/drumeo/question-and-answer/weekly-qa/263843,2020-08-17,Q&A,,,,,,,,,Gigging Tips & Gear,Pedro,
263843,question-and-answer,What Microphones Does Drumeo Use On Their Drum-kits?,https://admin.musora.com/admin#/content/drumeo/263843,https://www.musora.com/drumeo/question-and-answer/weekly-qa/263843,2020-08-17,Q&A,,,,,,,,,,Pedro,
263846,question-and-answer,Demo Of The Pearl e/Merge Electronic Kit,https://admin.musora.com/admin#/content/drumeo/263846,https://www.musora.com/drumeo/question-and-answer/electronic-drums-qa/263846,2020-08-19,Q&A,,,,,,,,,Gigging Tips & Gear,Pedro,
263846,question-and-answer,Demo Of The Pearl e/Merge Electronic Kit,https://admin.musora.com/admin#/content/drumeo/263846,https://www.musora.com/drumeo/question-and-answer/electronic-drums-qa/263846,2020-08-19,Q&A,,,,,,,,,,Pedro,
26428,live,Simon-Says Drum Practice,https://admin.musora.com/admin#/content/drumeo/26428,https://www.musora.com/drumeo/live-streams/1351-simon-says-drum-practice/26428,2016-05-25,Ear Training,,Rudiments,Hand Technique,Ear Training,,,,,,Pedro,
26428,live,Simon-Says Drum Practice,https://admin.musora.com/admin#/content/drumeo/26428,https://www.musora.com/drumeo/live-streams/1351-simon-says-drum-practice/26428,2016-05-25,Rudiments,,,,,,,,,,Pedro,
26440,live,Pat's Shuffle Curriculum #2,https://admin.musora.com/admin#/content/drumeo/26440,https://www.musora.com/drumeo/live-streams/1352-pats-shuffle-curriculum-2/26440,2016-05-27,Beats,Jazz/Blues,,,,,Fills & Chops,Grooves,,,Pedro,
26440,live,Pat's Shuffle Curriculum #2,https://admin.musora.com/admin#/content/drumeo/26440,https://www.musora.com/drumeo/live-streams/1352-pats-shuffle-curriculum-2/26440,2016-05-27,Fills,,,,,,,,,,Pedro,
26440,live,Pat's Shuffle Curriculum #2,https://admin.musora.com/admin#/content/drumeo/26440,https://www.musora.com/drumeo/live-streams/1352-pats-shuffle-curriculum-2/26440,2016-05-27,Musicality,,,,,,,,,,Pedro,
26440,live,Pat's Shuffle Curriculum #2,https://admin.musora.com/admin#/content/drumeo/26440,https://www.musora.com/drumeo/live-streams/1352-pats-shuffle-curriculum-2/26440,2016-05-27,Styles,,,,,,,,,,Pedro,
26446,live,Groove Vocabulary - Phrase Enders,https://admin.musora.com/admin#/content/drumeo/26446,https://www.musora.com/drumeo/live-streams/1353-groove-vocabulary-phrase-enders/26446,2016-05-30,Musicality,Pop/Rock,,,,,Fills & Chops,Grooves,,,Pedro,
26446,live,Groove Vocabulary - Phrase Enders,https://admin.musora.com/admin#/content/drumeo/26446,https://www.musora.com/drumeo/live-streams/1353-groove-vocabulary-phrase-enders/26446,2016-05-30,Musicality,,,,,,,,,,Pedro,
26446,live,Groove Vocabulary - Phrase Enders,https://admin.musora.com/admin#/content/drumeo/26446,https://www.musora.com/drumeo/live-streams/1353-groove-vocabulary-phrase-enders/26446,2016-05-30,Styles,,,,,,,,,,Pedro,
26446,live,Groove Vocabulary - Phrase Enders,https://admin.musora.com/admin#/content/drumeo/26446,https://www.musora.com/drumeo/live-streams/1353-groove-vocabulary-phrase-enders/26446,2016-05-30,Styles,,,,,,,,,,Pedro,
26470,live,Rudiment Burn - Singles & Doubles,https://admin.musora.com/admin#/content/drumeo/26470,https://www.musora.com/drumeo/live-streams/rudiment-burn-singles-doubles/26470,2016-06-01,Rudiments,,Rudiments,,,,,Grooves,,,Pedro,
26477,live,Pat's Shuffle Curriculum #3,https://admin.musora.com/admin#/content/drumeo/26477,https://www.musora.com/drumeo/live-streams/pats-shuffle-curriculum-3/26477,2016-06-03,Beats,Jazz/Blues,,,,,Grooves,Fills & Chops,,,Pedro,
26477,live,Pat's Shuffle Curriculum #3,https://admin.musora.com/admin#/content/drumeo/26477,https://www.musora.com/drumeo/live-streams/pats-shuffle-curriculum-3/26477,2016-06-03,Fills,,,,,,,Fills & Chops,,,Pedro,
26477,live,Pat's Shuffle Curriculum #3,https://admin.musora.com/admin#/content/drumeo/26477,https://www.musora.com/drumeo/live-streams/pats-shuffle-curriculum-3/26477,2016-06-03,Musicality,,,,,,,,,,Pedro,
26477,live,Pat's Shuffle Curriculum #3,https://admin.musora.com/admin#/content/drumeo/26477,https://www.musora.com/drumeo/live-streams/pats-shuffle-curriculum-3/26477,2016-06-03,Styles,,,,,,,,,,Pedro,
26479,live,Orchestration Exploration #2,https://admin.musora.com/admin#/content/drumeo/26479,https://www.musora.com/drumeo/live-streams/orchestration-exploration-2/26479,2016-06-04,Beats,Jazz/Blues,,,,,,Grooves,,,Pedro,
26479,live,Orchestration Exploration #2,https://admin.musora.com/admin#/content/drumeo/26479,https://www.musora.com/drumeo/live-streams/orchestration-exploration-2/26479,2016-06-04,Beats,,,,,,,,,,Pedro,
26479,live,Orchestration Exploration #2,https://admin.musora.com/admin#/content/drumeo/26479,https://www.musora.com/drumeo/live-streams/orchestration-exploration-2/26479,2016-06-04,Fills,,,,,,,,,,Pedro,
26479,live,Orchestration Exploration #2,https://admin.musora.com/admin#/content/drumeo/26479,https://www.musora.com/drumeo/live-streams/orchestration-exploration-2/26479,2016-06-04,Fills,,,,,,,,,,Pedro,
26481,live,The Notes We Don't Play,https://admin.musora.com/admin#/content/drumeo/26481,https://www.musora.com/drumeo/live-streams/the-notes-we-dont-play/26481,2016-06-05,Beats,,,,,,Fills & Chops,Grooves,,,Pedro,
26481,live,The Notes We Don't Play,https://admin.musora.com/admin#/content/drumeo/26481,https://www.musora.com/drumeo/live-streams/the-notes-we-dont-play/26481,2016-06-05,Beats,,,,,,,,,,Pedro,
26481,live,The Notes We Don't Play,https://admin.musora.com/admin#/content/drumeo/26481,https://www.musora.com/drumeo/live-streams/the-notes-we-dont-play/26481,2016-06-05,Fills,,,,,,,,,,Pedro,
26481,live,The Notes We Don't Play,https://admin.musora.com/admin#/content/drumeo/26481,https://www.musora.com/drumeo/live-streams/the-notes-we-dont-play/26481,2016-06-05,Fills,,,,,,,,,,Pedro,
26483,live,Making Polyrhythms Musical,https://admin.musora.com/admin#/content/drumeo/26483,https://www.musora.com/drumeo/live-streams/making-polyrhythms-musical/26483,2016-06-06,Fills,,,,Notation,,Fills & Chops,,,,Pedro,
26483,live,Making Polyrhythms Musical,https://admin.musora.com/admin#/content/drumeo/26483,https://www.musora.com/drumeo/live-streams/making-polyrhythms-musical/26483,2016-06-06,Fills,,,,,,,,,,Pedro,
26483,live,Making Polyrhythms Musical,https://admin.musora.com/admin#/content/drumeo/26483,https://www.musora.com/drumeo/live-streams/making-polyrhythms-musical/26483,2016-06-06,Theory,,,,,,,,,,Pedro,
26483,live,Making Polyrhythms Musical,https://admin.musora.com/admin#/content/drumeo/26483,https://www.musora.com/drumeo/live-streams/making-polyrhythms-musical/26483,2016-06-06,Theory,,,,,,,,,,Pedro,
26485,live,Question & Answer,https://admin.musora.com/admin#/content/drumeo/26485,https://www.musora.com/drumeo/live-streams/question-answer/26485,2016-06-07,Edutainment,,,,,,,Independence,,,Pedro,
26485,live,Question & Answer,https://admin.musora.com/admin#/content/drumeo/26485,https://www.musora.com/drumeo/live-streams/question-answer/26485,2016-06-07,Edutainment,,,,,,,,,,Pedro,
26487,live,Creating Statements In Jazz,https://admin.musora.com/admin#/content/drumeo/26487,https://www.musora.com/drumeo/live-streams/creating-statements-in-jazz/26487,2016-06-08,Beats,Country/Folk,,,,,Grooves,Fills & Chops,,,Pedro,
26487,live,Creating Statements In Jazz,https://admin.musora.com/admin#/content/drumeo/26487,https://www.musora.com/drumeo/live-streams/creating-statements-in-jazz/26487,2016-06-08,Fills,,,,,,,,,,Pedro,
26487,live,Creating Statements In Jazz,https://admin.musora.com/admin#/content/drumeo/26487,https://www.musora.com/drumeo/live-streams/creating-statements-in-jazz/26487,2016-06-08,Musicality,,,,,,,,,,Pedro,
26487,live,Creating Statements In Jazz,https://admin.musora.com/admin#/content/drumeo/26487,https://www.musora.com/drumeo/live-streams/creating-statements-in-jazz/26487,2016-06-08,Styles,,,,,,,,,,Pedro,
26489,live,How To Fake Double Bass,https://admin.musora.com/admin#/content/drumeo/26489,https://www.musora.com/drumeo/live-streams/how-to-fake-double-bass/26489,2016-06-09,Beats,,Foot Technique,,,,,,,,Pedro,
26489,live,How To Fake Double Bass,https://admin.musora.com/admin#/content/drumeo/26489,https://www.musora.com/drumeo/live-streams/how-to-fake-double-bass/26489,2016-06-09,Fills,,,,,,,,,,Pedro,
26489,live,How To Fake Double Bass,https://admin.musora.com/admin#/content/drumeo/26489,https://www.musora.com/drumeo/live-streams/how-to-fake-double-bass/26489,2016-06-09,Musicality,,,,,,,,,,Pedro,
26489,live,How To Fake Double Bass,https://admin.musora.com/admin#/content/drumeo/26489,https://www.musora.com/drumeo/live-streams/how-to-fake-double-bass/26489,2016-06-09,Styles,,,,,,,,,,Pedro,
26497,live,Jim Chapin Hand Exercises,https://admin.musora.com/admin#/content/drumeo/26497,https://www.musora.com/drumeo/live-streams/jim-chapin-hand-exercises-3/26497,2016-05-31,Rudiments,Jazz/Blues,Hand Technique,Rudiments,,,,,,,Pedro,
26497,live,Jim Chapin Hand Exercises,https://admin.musora.com/admin#/content/drumeo/26497,https://www.musora.com/drumeo/live-streams/jim-chapin-hand-exercises-3/26497,2016-05-31,Rudiments,,,,,,,,,,Pedro,
26497,live,Jim Chapin Hand Exercises,https://admin.musora.com/admin#/content/drumeo/26497,https://www.musora.com/drumeo/live-streams/jim-chapin-hand-exercises-3/26497,2016-05-31,Technique,,,,,,,,,,Pedro,
26497,live,Jim Chapin Hand Exercises,https://admin.musora.com/admin#/content/drumeo/26497,https://www.musora.com/drumeo/live-streams/jim-chapin-hand-exercises-3/26497,2016-05-31,Technique,,,,,,,,,,Pedro,
26505,live,Demystifying Jazz #1 - Playing Melodically,https://admin.musora.com/admin#/content/drumeo/26505,https://www.musora.com/drumeo/live-streams/demystifying-jazz-1-playing-melodically/26505,2016-06-10,Beats,Jazz/Blues,,,,,Independence,Fills & Chops,,,Pedro,
26505,live,Demystifying Jazz #1 - Playing Melodically,https://admin.musora.com/admin#/content/drumeo/26505,https://www.musora.com/drumeo/live-streams/demystifying-jazz-1-playing-melodically/26505,2016-06-10,Fills,,,,,,,,,,Pedro,
26505,live,Demystifying Jazz #1 - Playing Melodically,https://admin.musora.com/admin#/content/drumeo/26505,https://www.musora.com/drumeo/live-streams/demystifying-jazz-1-playing-melodically/26505,2016-06-10,Musicality,,,,,,,,,,Pedro,
26505,live,Demystifying Jazz #1 - Playing Melodically,https://admin.musora.com/admin#/content/drumeo/26505,https://www.musora.com/drumeo/live-streams/demystifying-jazz-1-playing-melodically/26505,2016-06-10,Styles,,,,,,,,,,Pedro,
26507,live,Demystifying Jazz #2 - What Is Comping?,https://admin.musora.com/admin#/content/drumeo/26507,https://www.musora.com/drumeo/live-streams/demystifying-jazz-2-what-is-comping/26507,2016-06-10,Beats,,,,,,,,,,Pedro,
26507,live,Demystifying Jazz #2 - What Is Comping?,https://admin.musora.com/admin#/content/drumeo/26507,https://www.musora.com/drumeo/live-streams/demystifying-jazz-2-what-is-comping/26507,2016-06-10,Fills,,,,,,,,,,Pedro,
26507,live,Demystifying Jazz #2 - What Is Comping?,https://admin.musora.com/admin#/content/drumeo/26507,https://www.musora.com/drumeo/live-streams/demystifying-jazz-2-what-is-comping/26507,2016-06-10,Musicality,,,,,,,,,,Pedro,
26507,live,Demystifying Jazz #2 - What Is Comping?,https://admin.musora.com/admin#/content/drumeo/26507,https://www.musora.com/drumeo/live-streams/demystifying-jazz-2-what-is-comping/26507,2016-06-10,Styles,,,,,,,,,,Pedro,
26511,live,Left Floor-Tom Beats,https://admin.musora.com/admin#/content/drumeo/26511,https://www.musora.com/drumeo/live-streams/left-floor-tom-beats/26511,2016-06-12,Beats,,,,,,Independence,Grooves,,,Pedro,
26511,live,Left Floor-Tom Beats,https://admin.musora.com/admin#/content/drumeo/26511,https://www.musora.com/drumeo/live-streams/left-floor-tom-beats/26511,2016-06-12,Musicality,,,,,,,,,,Pedro,
26513,live,10 Drum Fills Every Drummer Should Know,https://admin.musora.com/admin#/content/drumeo/26513,https://www.musora.com/drumeo/live-streams/10-drum-fills-every-drummer-should-know/26513,2016-06-13,Fills,,,,,,Fills & Chops,,,,Pedro,
26516,live,Mixing The Drum Kit In Real Time,https://admin.musora.com/admin#/content/drumeo/26516,https://www.musora.com/drumeo/live-streams/mixing-the-drum-kit-in-real-time/26516,2016-06-14,Musicality,,,,,,,,,Performance,Pedro,
26516,live,Mixing The Drum Kit In Real Time,https://admin.musora.com/admin#/content/drumeo/26516,https://www.musora.com/drumeo/live-streams/mixing-the-drum-kit-in-real-time/26516,2016-06-14,Musicality,,,,,,,,,,Pedro,
26523,live,Simon-Says Drum Practice #2,https://admin.musora.com/admin#/content/drumeo/26523,https://www.musora.com/drumeo/live-streams/simon-says-drum-practice-2/26523,2016-06-15,Ear Training,,Rudiments,,Ear Training,,,,,,Pedro,
26523,live,Simon-Says Drum Practice #2,https://admin.musora.com/admin#/content/drumeo/26523,https://www.musora.com/drumeo/live-streams/simon-says-drum-practice-2/26523,2016-06-15,Ear Training,,,,,,,,,,Pedro,
26523,live,Simon-Says Drum Practice #2,https://admin.musora.com/admin#/content/drumeo/26523,https://www.musora.com/drumeo/live-streams/simon-says-drum-practice-2/26523,2016-06-15,Rudiments,,,,,,,,,,Pedro,
26523,live,Simon-Says Drum Practice #2,https://admin.musora.com/admin#/content/drumeo/26523,https://www.musora.com/drumeo/live-streams/simon-says-drum-practice-2/26523,2016-06-15,Rudiments,,,,,,,,,,Pedro,
26531,live,Pat's Shuffle Curriculum #4,https://admin.musora.com/admin#/content/drumeo/26531,https://www.musora.com/drumeo/live-streams/pats-shuffle-curriculum-4/26531,2016-06-17,Beats,Jazz/Blues,,,,,Grooves,Fills & Chops,,,Pedro,
26531,live,Pat's Shuffle Curriculum #4,https://admin.musora.com/admin#/content/drumeo/26531,https://www.musora.com/drumeo/live-streams/pats-shuffle-curriculum-4/26531,2016-06-17,Fills,,,,,,,,,,Pedro,
26531,live,Pat's Shuffle Curriculum #4,https://admin.musora.com/admin#/content/drumeo/26531,https://www.musora.com/drumeo/live-streams/pats-shuffle-curriculum-4/26531,2016-06-17,Musicality,,,,,,,,,,Pedro,
26531,live,Pat's Shuffle Curriculum #4,https://admin.musora.com/admin#/content/drumeo/26531,https://www.musora.com/drumeo/live-streams/pats-shuffle-curriculum-4/26531,2016-06-17,Styles,,,,,,,,,,Pedro,
26534,live,Fun With Swiss Army Triplets,https://admin.musora.com/admin#/content/drumeo/26534,https://www.musora.com/drumeo/live-streams/fun-with-swiss-army-triplets/26534,2016-06-18,Fills,,Rudiments,,,,Fills & Chops,,,,Pedro,
26534,live,Fun With Swiss Army Triplets,https://admin.musora.com/admin#/content/drumeo/26534,https://www.musora.com/drumeo/live-streams/fun-with-swiss-army-triplets/26534,2016-06-18,Rudiments,,,,,,,,,,Pedro,
26537,live,Left-Hand Groove Filling,https://admin.musora.com/admin#/content/drumeo/26537,https://www.musora.com/drumeo/live-streams/left-hand-groove-filling/26537,2016-06-19,Beats,,Hand Technique,,,,Grooves,,,,Pedro,
26537,live,Left-Hand Groove Filling,https://admin.musora.com/admin#/content/drumeo/26537,https://www.musora.com/drumeo/live-streams/left-hand-groove-filling/26537,2016-06-19,Musicality,,,,,,,,,,Pedro,
265445,question-and-answer,Rudiment Throwdown - Grip & Posture,https://admin.musora.com/admin#/content/drumeo/265445,https://www.musora.com/drumeo/question-and-answer/rudiment-throwdown-grip-posture/265445,2020-08-13,Hand Technique,,Hand Technique,Rudiments,,,,,,,Pedro,
265445,question-and-answer,Rudiment Throwdown - Grip & Posture,https://admin.musora.com/admin#/content/drumeo/265445,https://www.musora.com/drumeo/question-and-answer/rudiment-throwdown-grip-posture/265445,2020-08-13,Rudiments,,,,,,,,,,Pedro,
265446,question-and-answer,Rudiment Throwdown - All Strokes,https://admin.musora.com/admin#/content/drumeo/265446,https://www.musora.com/drumeo/question-and-answer/rudiment-throwdown-all-strokes/265446,2020-08-20,Hand Technique,,,,,,,,,,Pedro,
265446,question-and-answer,Rudiment Throwdown - All Strokes,https://admin.musora.com/admin#/content/drumeo/265446,https://www.musora.com/drumeo/question-and-answer/rudiment-throwdown-all-strokes/265446,2020-08-20,Rudiments,,,,,,,,,,Pedro,
266248,question-and-answer,What Are Aaron's Crazy Hi-Hat Set-ups?,https://admin.musora.com/admin#/content/drumeo/266248,https://www.musora.com/drumeo/question-and-answer/weekly-qa/266248,2020-08-24,Q&A,,,,,,,,,Gigging Tips & Gear,Pedro,
266248,question-and-answer,What Are Aaron's Crazy Hi-Hat Set-ups?,https://admin.musora.com/admin#/content/drumeo/266248,https://www.musora.com/drumeo/question-and-answer/weekly-qa/266248,2020-08-24,Q&A,,,,,,,,,,Pedro,
266250,question-and-answer,What Are The Best Headphones For E-kits?,https://admin.musora.com/admin#/content/drumeo/266250,https://www.musora.com/drumeo/question-and-answer/electronic-drums-qa/266250,2020-08-26,Q&A,,,,,,,,,Gigging Tips & Gear,Pedro,
266250,question-and-answer,What Are The Best Headphones For E-kits?,https://admin.musora.com/admin#/content/drumeo/266250,https://www.musora.com/drumeo/question-and-answer/electronic-drums-qa/266250,2020-08-26,Q&A,,,,,,,,,,Pedro,
266253,question-and-answer,Rudiment Throwdown - Accents & Ghost Notes,https://admin.musora.com/admin#/content/drumeo/266253,https://www.musora.com/drumeo/question-and-answer/rudiment-throwdown-accents-ghost-notes/266253,2020-08-28,Hand Technique,,Hand Technique,Rudiments,,,,,,,Pedro,
266253,question-and-answer,Rudiment Throwdown - Accents & Ghost Notes,https://admin.musora.com/admin#/content/drumeo/266253,https://www.musora.com/drumeo/question-and-answer/rudiment-throwdown-accents-ghost-notes/266253,2020-08-28,Rudiments,,,,,,,,,,Pedro,
266922,question-and-answer,How To Know When It's Time To Upgrade Your Kit?,https://admin.musora.com/admin#/content/drumeo/266922,https://www.musora.com/drumeo/question-and-answer/weekly-qa/266922,2020-08-31,Q&A,,,,,,,,,Gigging Tips & Gear,Pedro,
266922,question-and-answer,How To Know When It's Time To Upgrade Your Kit?,https://admin.musora.com/admin#/content/drumeo/266922,https://www.musora.com/drumeo/question-and-answer/weekly-qa/266922,2020-08-31,Q&A,,,,,,,,,,Pedro,
266926,question-and-answer,What Should I Do To Keep The Snare And Tom Pads From Drifting Down?,https://admin.musora.com/admin#/content/drumeo/266926,https://www.musora.com/drumeo/question-and-answer/electronic-drums-qa/266926,2020-09-02,Q&A,,,,,,,,,Gigging Tips & Gear,Pedro,
266926,question-and-answer,What Should I Do To Keep The Snare And Tom Pads From Drifting Down?,https://admin.musora.com/admin#/content/drumeo/266926,https://www.musora.com/drumeo/question-and-answer/electronic-drums-qa/266926,2020-09-02,Q&A,,,,,,,,,,Pedro,
266927,question-and-answer,Rudiment Throwdown - Single Paradiddle,https://admin.musora.com/admin#/content/drumeo/266927,https://www.musora.com/drumeo/question-and-answer/rudiment-throwdown-single-stroke-4-and-7/266927,2020-09-10,Diddle Rudiments,,Hand Technique,Rudiments,,,,,,,Pedro,
266927,question-and-answer,Rudiment Throwdown - Single Paradiddle,https://admin.musora.com/admin#/content/drumeo/266927,https://www.musora.com/drumeo/question-and-answer/rudiment-throwdown-single-stroke-4-and-7/266927,2020-09-10,Hand Technique,,,,,,,,,,Pedro,
266927,question-and-answer,Rudiment Throwdown - Single Paradiddle,https://admin.musora.com/admin#/content/drumeo/266927,https://www.musora.com/drumeo/question-and-answer/rudiment-throwdown-single-stroke-4-and-7/266927,2020-09-10,Rudiments,,,,,,,,,,Pedro,
26698,live,Survival Guide For The Modern Drummer,https://admin.musora.com/admin#/content/drumeo/26698,https://www.musora.com/drumeo/live-streams/survival-guide-for-the-modern-drummer/26698,2016-06-20,Edutainment,,,,,,,,,Performance,Pedro,
26701,live,Question & Answer,https://admin.musora.com/admin#/content/drumeo/26701,https://www.musora.com/drumeo/live-streams/question-answer-2/26701,2016-06-21,Edutainment,,Hand Technique,Rudiments,,,,,,,Pedro,
26701,live,Question & Answer,https://admin.musora.com/admin#/content/drumeo/26701,https://www.musora.com/drumeo/live-streams/question-answer-2/26701,2016-06-21,Edutainment,,,,,,,,,,Pedro,
26703,live,Metal Hoppin' - Hip-Hop Meets Metal,https://admin.musora.com/admin#/content/drumeo/26703,https://www.musora.com/drumeo/live-streams/tba/26703,2016-06-22,Beats,Hard Rock/Metal,,,,,Fills & Chops,Grooves,,,Pedro,
26703,live,Metal Hoppin' - Hip-Hop Meets Metal,https://admin.musora.com/admin#/content/drumeo/26703,https://www.musora.com/drumeo/live-streams/tba/26703,2016-06-22,Fills,,,,,,,,,,Pedro,
26703,live,Metal Hoppin' - Hip-Hop Meets Metal,https://admin.musora.com/admin#/content/drumeo/26703,https://www.musora.com/drumeo/live-streams/tba/26703,2016-06-22,Musicality,,,,,,,,,,Pedro,
26703,live,Metal Hoppin' - Hip-Hop Meets Metal,https://admin.musora.com/admin#/content/drumeo/26703,https://www.musora.com/drumeo/live-streams/tba/26703,2016-06-22,Styles,,,,,,,,,,Pedro,
26708,live,Quasi-Latin Grooves For All Occasions,https://admin.musora.com/admin#/content/drumeo/26708,https://www.musora.com/drumeo/live-streams/quasi-latin-grooves-for-all-occasions/26708,2016-06-24,Beats,Latin/World,,,,,Fills & Chops,Grooves,,,Pedro,
26708,live,Quasi-Latin Grooves For All Occasions,https://admin.musora.com/admin#/content/drumeo/26708,https://www.musora.com/drumeo/live-streams/quasi-latin-grooves-for-all-occasions/26708,2016-06-24,Fills,,,,,,,,,,Pedro,
26708,live,Quasi-Latin Grooves For All Occasions,https://admin.musora.com/admin#/content/drumeo/26708,https://www.musora.com/drumeo/live-streams/quasi-latin-grooves-for-all-occasions/26708,2016-06-24,Musicality,,,,,,,,,,Pedro,
26708,live,Quasi-Latin Grooves For All Occasions,https://admin.musora.com/admin#/content/drumeo/26708,https://www.musora.com/drumeo/live-streams/quasi-latin-grooves-for-all-occasions/26708,2016-06-24,Styles,,,,,,,,,,Pedro,
26713,live,Right Hand Lead - The Leftstravaganza,https://admin.musora.com/admin#/content/drumeo/26713,https://www.musora.com/drumeo/live-streams/right-hand-lead-the-leftstravaganza/26713,2016-06-26,Musicality,,Hand Technique,,,,,Independence,,,Pedro,
26713,live,Right Hand Lead - The Leftstravaganza,https://admin.musora.com/admin#/content/drumeo/26713,https://www.musora.com/drumeo/live-streams/right-hand-lead-the-leftstravaganza/26713,2016-06-26,Musicality,,,,,,,,,,Pedro,
267493,question-and-answer,Do Different Wood Types Make A Big Difference In The Sound Of Your Drums?,https://admin.musora.com/admin#/content/drumeo/267493,https://www.musora.com/drumeo/question-and-answer/weekly-qa/267493,2020-09-08,Q&A,,,,,,,,,Gigging Tips & Gear,Pedro,
267493,question-and-answer,Do Different Wood Types Make A Big Difference In The Sound Of Your Drums?,https://admin.musora.com/admin#/content/drumeo/267493,https://www.musora.com/drumeo/question-and-answer/weekly-qa/267493,2020-09-08,Q&A,,,,,,,,,,Pedro,
267495,question-and-answer,Is There A Way To Reduce Impact Sound On Electronic Hi-Hats?,https://admin.musora.com/admin#/content/drumeo/267495,https://www.musora.com/drumeo/question-and-answer/electronic-drums-qa/267495,2020-09-09,Q&A,,,,,,,,,Gigging Tips & Gear,Pedro,
267495,question-and-answer,Is There A Way To Reduce Impact Sound On Electronic Hi-Hats?,https://admin.musora.com/admin#/content/drumeo/267495,https://www.musora.com/drumeo/question-and-answer/electronic-drums-qa/267495,2020-09-09,Q&A,,,,,,,,,,Pedro,
267496,question-and-answer,Rudiment Throwdown - Timing & Double Stroke Exercises,https://admin.musora.com/admin#/content/drumeo/267496,https://www.musora.com/drumeo/question-and-answer/rudiment-throwdown/267496,2020-09-03,Hand Technique,,Rudiments,Hand Technique,,,,,,,Pedro,
267496,question-and-answer,Rudiment Throwdown - Timing & Double Stroke Exercises,https://admin.musora.com/admin#/content/drumeo/267496,https://www.musora.com/drumeo/question-and-answer/rudiment-throwdown/267496,2020-09-03,Rudiments,,,,,,,,,,Pedro,
26806,live,"Demystifying Rudiments, & Applications",https://admin.musora.com/admin#/content/drumeo/26806,https://www.musora.com/drumeo/live-streams/survival-guide-for-the-modern-drummer-2/26806,2016-06-27,Beats,,Rudiments,,,,Fills & Chops,Grooves,,,Pedro,
26806,live,"Demystifying Rudiments, & Applications",https://admin.musora.com/admin#/content/drumeo/26806,https://www.musora.com/drumeo/live-streams/survival-guide-for-the-modern-drummer-2/26806,2016-06-27,Fills,,,,,,,,,,Pedro,
26806,live,"Demystifying Rudiments, & Applications",https://admin.musora.com/admin#/content/drumeo/26806,https://www.musora.com/drumeo/live-streams/survival-guide-for-the-modern-drummer-2/26806,2016-06-27,Musicality,,,,,,,,,,Pedro,
26806,live,"Demystifying Rudiments, & Applications",https://admin.musora.com/admin#/content/drumeo/26806,https://www.musora.com/drumeo/live-streams/survival-guide-for-the-modern-drummer-2/26806,2016-06-27,Rudiments,,,,,,,,,,Pedro,
26808,live,Question & Answer,https://admin.musora.com/admin#/content/drumeo/26808,https://www.musora.com/drumeo/live-streams/question-answer-3/26808,2016-06-28,Edutainment,,,,,Notation,Grooves,,,,Pedro,
26812,live,The Grouping Grid,https://admin.musora.com/admin#/content/drumeo/26812,https://www.musora.com/drumeo/live-streams/the-grouping-grid/26812,2016-06-29,Theory,,Hand Technique,Foot Technique,,,Fills & Chops,,,,Pedro,
26816,live,Triplets vs. Triples #1,https://admin.musora.com/admin#/content/drumeo/26816,https://www.musora.com/drumeo/live-streams/triplets-vs-triples/26816,2016-07-02,Fills,,,,,,Fills & Chops,Grooves,,,Pedro,
26816,live,Triplets vs. Triples #1,https://admin.musora.com/admin#/content/drumeo/26816,https://www.musora.com/drumeo/live-streams/triplets-vs-triples/26816,2016-07-02,Musicality,,,,,,,,,,Pedro,
26866,live,Hi-Hat & Ride Colorations Inside Your Groove,https://admin.musora.com/admin#/content/drumeo/26866,https://www.musora.com/drumeo/live-streams/tba-2/26866,2016-07-01,Musicality,,,,,,,Independence,,,Pedro,
26866,live,Hi-Hat & Ride Colorations Inside Your Groove,https://admin.musora.com/admin#/content/drumeo/26866,https://www.musora.com/drumeo/live-streams/tba-2/26866,2016-07-01,Musicality,,,,,,,,,,Pedro,
26870,live,How To Develop Odd-Time Freedom,https://admin.musora.com/admin#/content/drumeo/26870,https://www.musora.com/drumeo/live-streams/developing-odd-time-freedom/26870,2016-07-05,Beats,,,,Time Signatures,,Grooves,Fills & Chops,,,Pedro,
26870,live,How To Develop Odd-Time Freedom,https://admin.musora.com/admin#/content/drumeo/26870,https://www.musora.com/drumeo/live-streams/developing-odd-time-freedom/26870,2016-07-05,Beats,,,,,,,,,,Pedro,
26870,live,How To Develop Odd-Time Freedom,https://admin.musora.com/admin#/content/drumeo/26870,https://www.musora.com/drumeo/live-streams/developing-odd-time-freedom/26870,2016-07-05,Fills,,,,,,,,,,Pedro,
26870,live,How To Develop Odd-Time Freedom,https://admin.musora.com/admin#/content/drumeo/26870,https://www.musora.com/drumeo/live-streams/developing-odd-time-freedom/26870,2016-07-05,Fills,,,,,,,,,,Pedro,
26870,live,How To Develop Odd-Time Freedom,https://admin.musora.com/admin#/content/drumeo/26870,https://www.musora.com/drumeo/live-streams/developing-odd-time-freedom/26870,2016-07-05,Musicality,,,,,,,,,,Pedro,
26870,live,How To Develop Odd-Time Freedom,https://admin.musora.com/admin#/content/drumeo/26870,https://www.musora.com/drumeo/live-streams/developing-odd-time-freedom/26870,2016-07-05,Musicality,,,,,,,,,,Pedro,
26877,live,Demystifying Jazz #3 - Song Forms & Chart Reading,https://admin.musora.com/admin#/content/drumeo/26877,https://www.musora.com/drumeo/live-streams/tba-3/26877,2016-07-08,Theory,Jazz/Blues,,,,Sight Reading,,,,,Pedro,
26879,live,Demystifying Jazz #4 - Fun With Triplets,https://admin.musora.com/admin#/content/drumeo/26879,https://www.musora.com/drumeo/live-streams/tba-4/26879,2016-07-08,Theory,,,,,,,,,,Pedro,
268819,question-and-answer,How To Know When To Move Forward With The Drumeo Method?,https://admin.musora.com/admin#/content/drumeo/268819,https://www.musora.com/drumeo/question-and-answer/weekly-qa/268819,2020-09-14,Q&A,,,,,,Grooves,,,,Pedro,
268819,question-and-answer,How To Know When To Move Forward With The Drumeo Method?,https://admin.musora.com/admin#/content/drumeo/268819,https://www.musora.com/drumeo/question-and-answer/weekly-qa/268819,2020-09-14,Q&A,,,,,,,,,,Pedro,
268821,question-and-answer,What Is The Best Way To Mount An iPad Or Sheet Music On My Kit?,https://admin.musora.com/admin#/content/drumeo/268821,https://www.musora.com/drumeo/question-and-answer/electronic-drums-qa/268821,2020-09-16,Q&A,,,,,,Grooves,,,,Pedro,
268821,question-and-answer,What Is The Best Way To Mount An iPad Or Sheet Music On My Kit?,https://admin.musora.com/admin#/content/drumeo/268821,https://www.musora.com/drumeo/question-and-answer/electronic-drums-qa/268821,2020-09-16,Q&A,,,,,,,,,,Pedro,
268822,question-and-answer,Rudiment Throwdown - Drumeo Method Level Two: Applications & Review,https://admin.musora.com/admin#/content/drumeo/268822,https://www.musora.com/drumeo/question-and-answer/rudiment-throwdown-drumeo-method-level-two-application-review/268822,2020-09-17,Hand Technique,,Rudiments,Hand Technique,,,,,,,Pedro,
268822,question-and-answer,Rudiment Throwdown - Drumeo Method Level Two: Applications & Review,https://admin.musora.com/admin#/content/drumeo/268822,https://www.musora.com/drumeo/question-and-answer/rudiment-throwdown-drumeo-method-level-two-application-review/268822,2020-09-17,Hand Technique,,,,,,,,,,Pedro,
268822,question-and-answer,Rudiment Throwdown - Drumeo Method Level Two: Applications & Review,https://admin.musora.com/admin#/content/drumeo/268822,https://www.musora.com/drumeo/question-and-answer/rudiment-throwdown-drumeo-method-level-two-application-review/268822,2020-09-17,Rudiments,,,,,,,,,,Pedro,
268822,question-and-answer,Rudiment Throwdown - Drumeo Method Level Two: Applications & Review,https://admin.musora.com/admin#/content/drumeo/268822,https://www.musora.com/drumeo/question-and-answer/rudiment-throwdown-drumeo-method-level-two-application-review/268822,2020-09-17,Rudiments,,,,,,,,,,Pedro,
26930,live,Right Hand Lead #2 - The Leftstravaganza Strikes Back,https://admin.musora.com/admin#/content/drumeo/26930,https://www.musora.com/drumeo/live-streams/right-hand-lead-2-the-leftstravaganza-strikes-back/26930,2016-07-10,Musicality,,Hand Technique,,,,,,,,Pedro,
26930,live,Right Hand Lead #2 - The Leftstravaganza Strikes Back,https://admin.musora.com/admin#/content/drumeo/26930,https://www.musora.com/drumeo/live-streams/right-hand-lead-2-the-leftstravaganza-strikes-back/26930,2016-07-10,Musicality,,,,,,,,,,Pedro,
26932,live,Polyrhythm Groove Creation #1,https://admin.musora.com/admin#/content/drumeo/26932,https://www.musora.com/drumeo/live-streams/tba-5/26932,2016-07-11,Beats,,,,,,Independence,Grooves,,,Pedro,
26932,live,Polyrhythm Groove Creation #1,https://admin.musora.com/admin#/content/drumeo/26932,https://www.musora.com/drumeo/live-streams/tba-5/26932,2016-07-11,Theory,,,,,,,,,,Pedro,
26935,live,Polyrhythm Groove Creation #2,https://admin.musora.com/admin#/content/drumeo/26935,https://www.musora.com/drumeo/live-streams/tba-6/26935,2016-07-12,Beats,,,,,,,,,,Pedro,
26935,live,Polyrhythm Groove Creation #2,https://admin.musora.com/admin#/content/drumeo/26935,https://www.musora.com/drumeo/live-streams/tba-6/26935,2016-07-12,Theory,,,,,,,,,,Pedro,
26941,live,Mozambique Roots & Groove Variations,https://admin.musora.com/admin#/content/drumeo/26941,https://www.musora.com/drumeo/live-streams/tba-7/26941,2016-07-15,Beats,Latin/World,,,,,Grooves,Independence,,,Pedro,
26941,live,Mozambique Roots & Groove Variations,https://admin.musora.com/admin#/content/drumeo/26941,https://www.musora.com/drumeo/live-streams/tba-7/26941,2016-07-15,Beats,,,,,,,,,,Pedro,
26941,live,Mozambique Roots & Groove Variations,https://admin.musora.com/admin#/content/drumeo/26941,https://www.musora.com/drumeo/live-streams/tba-7/26941,2016-07-15,Styles,,,,,,,,,,Pedro,
26941,live,Mozambique Roots & Groove Variations,https://admin.musora.com/admin#/content/drumeo/26941,https://www.musora.com/drumeo/live-streams/tba-7/26941,2016-07-15,Styles,,,,,,,,,,Pedro,
269428,question-and-answer,What's The Best Way To Record A Drum-set With One Microphone?,https://admin.musora.com/admin#/content/drumeo/269428,https://www.musora.com/drumeo/question-and-answer/weekly-qa/269428,2020-09-21,Q&A,,,,,,,,,Gigging Tips & Gear,Pedro,
269428,question-and-answer,What's The Best Way To Record A Drum-set With One Microphone?,https://admin.musora.com/admin#/content/drumeo/269428,https://www.musora.com/drumeo/question-and-answer/weekly-qa/269428,2020-09-21,Q&A,,,,,,,,,,Pedro,
26943,live,Triplets vs. Triples #2,https://admin.musora.com/admin#/content/drumeo/26943,https://www.musora.com/drumeo/live-streams/triplets-vs-triples-2/26943,2016-07-16,Fills,,,,,,Fills & Chops,Grooves,,,Pedro,
26943,live,Triplets vs. Triples #2,https://admin.musora.com/admin#/content/drumeo/26943,https://www.musora.com/drumeo/live-streams/triplets-vs-triples-2/26943,2016-07-16,Fills,,,,,,,,,,Pedro,
26943,live,Triplets vs. Triples #2,https://admin.musora.com/admin#/content/drumeo/26943,https://www.musora.com/drumeo/live-streams/triplets-vs-triples-2/26943,2016-07-16,Musicality,,,,,,,,,,Pedro,
26943,live,Triplets vs. Triples #2,https://admin.musora.com/admin#/content/drumeo/26943,https://www.musora.com/drumeo/live-streams/triplets-vs-triples-2/26943,2016-07-16,Musicality,,,,,,,,,,Pedro,
269434,question-and-answer,Rudiment Throwdown - 5-Stroke Roll,https://admin.musora.com/admin#/content/drumeo/269434,https://www.musora.com/drumeo/question-and-answer/rudiment-throwdown-5-stroke-roll/269434,2020-09-24,Rudiments,,Rudiments,,,,,,,,Pedro,
269439,question-and-answer,How To Integrate The SPD-SX And Streaming Playlists With Your E-kit?,https://admin.musora.com/admin#/content/drumeo/269439,https://www.musora.com/drumeo/question-and-answer/electronic-drums-qa/269439,2020-09-30,Q&A,,,Hand Technique,,,,Grooves,,,Pedro,
269442,question-and-answer,Rudiment Throwdown - Double Paradiddle,https://admin.musora.com/admin#/content/drumeo/269442,https://www.musora.com/drumeo/question-and-answer/rudiment-throwdown/269442,2020-10-01,Rudiments,,Rudiments,,,,,,,,Pedro,
269442,question-and-answer,Rudiment Throwdown - Double Paradiddle,https://admin.musora.com/admin#/content/drumeo/269442,https://www.musora.com/drumeo/question-and-answer/rudiment-throwdown/269442,2020-10-01,Rudiments,,,,,,,,,,Pedro,
26945,live,Grooving With Triplets,https://admin.musora.com/admin#/content/drumeo/26945,https://www.musora.com/drumeo/live-streams/grooving-with-triplets/26945,2016-07-17,Beats,,,,,,,Grooves,,,Pedro,
26945,live,Grooving With Triplets,https://admin.musora.com/admin#/content/drumeo/26945,https://www.musora.com/drumeo/live-streams/grooving-with-triplets/26945,2016-07-17,Fills,,,,,,,,,,Pedro,
27042,live,The Anatomy Of Drumming,https://admin.musora.com/admin#/content/drumeo/27042,https://www.musora.com/drumeo/live-streams/tba-8/27042,2016-07-18,All,,,,,,,,,Performance,Pedro,
27044,live,Go-To Odd Time Grooves,https://admin.musora.com/admin#/content/drumeo/27044,https://www.musora.com/drumeo/live-streams/go-to-odd-time-grooves-2/27044,2016-07-04,Beats,,,,Time Signatures,,,Grooves,,,Pedro,
27046,live,Drumming Health Q&A,https://admin.musora.com/admin#/content/drumeo/27046,https://www.musora.com/drumeo/live-streams/drumming-health-qa/27046,2016-07-19,Edutainment,,,,,,,,,Performance,Pedro,
27053,live,Songo Funk #1,https://admin.musora.com/admin#/content/drumeo/27053,https://www.musora.com/drumeo/live-streams/tba-9/27053,2016-07-22,Beats,Latin/World,,,,,,,,,Pedro,
27059,live,Kick Your Fills Up A Notch,https://admin.musora.com/admin#/content/drumeo/27059,https://www.musora.com/drumeo/live-streams/tba-10/27059,2016-07-24,Fills,,,,,,Fills & Chops,,,,Pedro,
270966,question-and-answer,Why Does My Grip Change From The Practice Pad To The Kit?,https://admin.musora.com/admin#/content/drumeo/270966,https://www.musora.com/drumeo/question-and-answer/weekly-qa/270966,2020-10-05,Q&A,,Hand Technique,,,,,,,,Pedro,
270966,question-and-answer,Why Does My Grip Change From The Practice Pad To The Kit?,https://admin.musora.com/admin#/content/drumeo/270966,https://www.musora.com/drumeo/question-and-answer/weekly-qa/270966,2020-10-05,Q&A,,,,,,,,,,Pedro,
270968,question-and-answer,How To Make Your Electronic Hi-Hat Dynamic?,https://admin.musora.com/admin#/content/drumeo/270968,https://www.musora.com/drumeo/question-and-answer/electronic-drums-qa/270968,2020-10-07,Q&A,,,,,,,,,Gigging Tips & Gear,Pedro,
270968,question-and-answer,How To Make Your Electronic Hi-Hat Dynamic?,https://admin.musora.com/admin#/content/drumeo/270968,https://www.musora.com/drumeo/question-and-answer/electronic-drums-qa/270968,2020-10-07,Q&A,,,,,,,,,,Pedro,
270969,question-and-answer,Rudiment Throwdown - Paradiddle Applications,https://admin.musora.com/admin#/content/drumeo/270969,https://www.musora.com/drumeo/question-and-answer/rudiment-throwdown/270969,2020-10-08,Rudiments,,Hand Technique,Rudiments,,,,,,,Pedro,
27126,live,The Art Of The Rhythm Section,https://admin.musora.com/admin#/content/drumeo/27126,https://www.musora.com/drumeo/live-streams/the-art-of-the-rhythm-section/27126,2016-07-25,Ear Training,,,,Ear Training,,,Making Music,,,Pedro,
27126,live,The Art Of The Rhythm Section,https://admin.musora.com/admin#/content/drumeo/27126,https://www.musora.com/drumeo/live-streams/the-art-of-the-rhythm-section/27126,2016-07-25,Musicality,,,,,,,,,,Pedro,
27128,live,Getting The Most Out Of A Small Kit,https://admin.musora.com/admin#/content/drumeo/27128,https://www.musora.com/drumeo/live-streams/tba-11/27128,2016-07-26,Musicality,,,,,,,,,Gigging Tips & Gear,Pedro,
27132,live,A Creative Approach To Finger Control,https://admin.musora.com/admin#/content/drumeo/27132,https://www.musora.com/drumeo/live-streams/tba-12/27132,2016-07-27,Rudiments,,Hand Technique,,,,,,,,Pedro,
27132,live,A Creative Approach To Finger Control,https://admin.musora.com/admin#/content/drumeo/27132,https://www.musora.com/drumeo/live-streams/tba-12/27132,2016-07-27,Technique,,,,,,,,,,Pedro,
27134,live,Making Your Beats Musical,https://admin.musora.com/admin#/content/drumeo/27134,https://www.musora.com/drumeo/live-streams/tba-13/27134,2016-07-28,Beats,,,,,,Grooves,,,,Pedro,
27134,live,Making Your Beats Musical,https://admin.musora.com/admin#/content/drumeo/27134,https://www.musora.com/drumeo/live-streams/tba-13/27134,2016-07-28,Musicality,,,,,,,,,,Pedro,
27139,live,Intro To Shedding,https://admin.musora.com/admin#/content/drumeo/27139,https://www.musora.com/drumeo/live-streams/tba-14/27139,2016-07-30,Edutainment,,,,,,Fills & Chops,Making Music,,,Pedro,
27139,live,Intro To Shedding,https://admin.musora.com/admin#/content/drumeo/27139,https://www.musora.com/drumeo/live-streams/tba-14/27139,2016-07-30,Edutainment,,,,,,,,,,Pedro,
27139,live,Intro To Shedding,https://admin.musora.com/admin#/content/drumeo/27139,https://www.musora.com/drumeo/live-streams/tba-14/27139,2016-07-30,Musicality,,,,,,,,,,Pedro,
27139,live,Intro To Shedding,https://admin.musora.com/admin#/content/drumeo/27139,https://www.musora.com/drumeo/live-streams/tba-14/27139,2016-07-30,Musicality,,,,,,,,,,Pedro,
27162,live,Hand Technique Q&A,https://admin.musora.com/admin#/content/drumeo/27162,https://www.musora.com/drumeo/live-streams/hand-technique-qa/27162,2016-08-02,Technique,,Hand Technique,,,,Fills & Chops,,,,Pedro,
271642,question-and-answer,How To Prepare For Playing For The First Time With A Band,https://admin.musora.com/admin#/content/drumeo/271642,https://www.musora.com/drumeo/question-and-answer/weekly-qa/271642,2020-10-13,Q&A,,,,,,,,,Performance,Pedro,
271645,question-and-answer,What Precautions To Take If You Use An E-kit Outdoor?,https://admin.musora.com/admin#/content/drumeo/271645,https://www.musora.com/drumeo/question-and-answer/electronic-drums-qa/271645,2020-10-14,Q&A,,,,,,,,,Gigging Tips & Gear,Pedro,
271645,question-and-answer,What Precautions To Take If You Use An E-kit Outdoor?,https://admin.musora.com/admin#/content/drumeo/271645,https://www.musora.com/drumeo/question-and-answer/electronic-drums-qa/271645,2020-10-14,Q&A,,,,,,,,,,Pedro,
271646,question-and-answer,Rudiment Throwdown - Soloing To Happy Birthday,https://admin.musora.com/admin#/content/drumeo/271646,https://www.musora.com/drumeo/question-and-answer/rudiment-throwdown-soloing-to-happy-birthday/271646,2020-10-20,Rudiments,,Rudiments,,,,,,,,Pedro,
271646,question-and-answer,Rudiment Throwdown - Soloing To Happy Birthday,https://admin.musora.com/admin#/content/drumeo/271646,https://www.musora.com/drumeo/question-and-answer/rudiment-throwdown-soloing-to-happy-birthday/271646,2020-10-20,Rudiments,,,,,,,,,,Pedro,
271650,live,Drumeo New Student Webinar,https://admin.musora.com/admin#/content/drumeo/271650,https://www.musora.com/drumeo/live-streams/drumeo-new-user-webinar/271650,2020-10-20,All,,,,,,,,,Podcast,Pedro,
271650,live,Drumeo New Student Webinar,https://admin.musora.com/admin#/content/drumeo/271650,https://www.musora.com/drumeo/live-streams/drumeo-new-user-webinar/271650,2020-10-20,All,,,,,,,,,,Pedro,
271657,question-and-answer,How Does Drumstick Length Affect Feel And Grip?,https://admin.musora.com/admin#/content/drumeo/271657,https://www.musora.com/drumeo/question-and-answer/weekly-qa/271657,2020-10-20,Q&A,,Hand Technique,,,,,,,,Pedro,
271657,question-and-answer,How Does Drumstick Length Affect Feel And Grip?,https://admin.musora.com/admin#/content/drumeo/271657,https://www.musora.com/drumeo/question-and-answer/weekly-qa/271657,2020-10-20,Q&A,,,,,,,,,,Pedro,
271659,question-and-answer,Testing Out A Roland DDR30 From 1985,https://admin.musora.com/admin#/content/drumeo/271659,https://www.musora.com/drumeo/question-and-answer/electronic-drums-qa/271659,2020-10-21,Q&A,,,,,,,,,Gigging Tips & Gear,Pedro,
271659,question-and-answer,Testing Out A Roland DDR30 From 1985,https://admin.musora.com/admin#/content/drumeo/271659,https://www.musora.com/drumeo/question-and-answer/electronic-drums-qa/271659,2020-10-21,Q&A,,,,,,,,,,Pedro,
271660,question-and-answer,Rudiment Throwdown - Flamabama Flim Flams,https://admin.musora.com/admin#/content/drumeo/271660,https://www.musora.com/drumeo/question-and-answer/rudiment-throwdown-flamabama-flim-flams/271660,2020-10-24,Rudiments,,Hand Technique,Rudiments,,,,,,,Pedro,
271660,question-and-answer,Rudiment Throwdown - Flamabama Flim Flams,https://admin.musora.com/admin#/content/drumeo/271660,https://www.musora.com/drumeo/question-and-answer/rudiment-throwdown-flamabama-flim-flams/271660,2020-10-24,Rudiments,,,,,,,,,,Pedro,
27169,live,Bembe And Nanigo Funk Creations,https://admin.musora.com/admin#/content/drumeo/27169,https://www.musora.com/drumeo/live-streams/songo-funk-2-2/27169,2016-08-05,Beats,Funk/Disco,,,,,Grooves,,,,Pedro,
27169,live,Bembe And Nanigo Funk Creations,https://admin.musora.com/admin#/content/drumeo/27169,https://www.musora.com/drumeo/live-streams/songo-funk-2-2/27169,2016-08-05,Beats,,,,,,,,,,Pedro,
27169,live,Bembe And Nanigo Funk Creations,https://admin.musora.com/admin#/content/drumeo/27169,https://www.musora.com/drumeo/live-streams/songo-funk-2-2/27169,2016-08-05,Styles,,,,,,,,,,Pedro,
27169,live,Bembe And Nanigo Funk Creations,https://admin.musora.com/admin#/content/drumeo/27169,https://www.musora.com/drumeo/live-streams/songo-funk-2-2/27169,2016-08-05,Styles,,,,,,,,,,Pedro,
27186,live,Finding The Flow - Movement & Phrasing,https://admin.musora.com/admin#/content/drumeo/27186,https://www.musora.com/drumeo/live-streams/finding-the-flow-movement-phrasing/27186,2016-08-08,Beats,,,,,,Grooves,Fills & Chops,,,Pedro,
27186,live,Finding The Flow - Movement & Phrasing,https://admin.musora.com/admin#/content/drumeo/27186,https://www.musora.com/drumeo/live-streams/finding-the-flow-movement-phrasing/27186,2016-08-08,Fills,,,,,,,,,,Pedro,
27186,live,Finding The Flow - Movement & Phrasing,https://admin.musora.com/admin#/content/drumeo/27186,https://www.musora.com/drumeo/live-streams/finding-the-flow-movement-phrasing/27186,2016-08-08,Musicality,,,,,,,,,,Pedro,
27186,live,Finding The Flow - Movement & Phrasing,https://admin.musora.com/admin#/content/drumeo/27186,https://www.musora.com/drumeo/live-streams/finding-the-flow-movement-phrasing/27186,2016-08-08,Styles,,,,,,,,,,Pedro,
27188,live,Question & Answer,https://admin.musora.com/admin#/content/drumeo/27188,https://www.musora.com/drumeo/live-streams/question-answer-4/27188,2016-08-09,Edutainment,,,,,,,,,Performance,Pedro,
27207,live,Brushes #1 - Laying Out The Fundamentals (Part 1),https://admin.musora.com/admin#/content/drumeo/27207,https://www.musora.com/drumeo/live-streams/tba-18/27207,2016-08-12,Beats,Jazz/Blues,Hand Technique,,,,Fills & Chops,,,,Pedro,
27207,live,Brushes #1 - Laying Out The Fundamentals (Part 1),https://admin.musora.com/admin#/content/drumeo/27207,https://www.musora.com/drumeo/live-streams/tba-18/27207,2016-08-12,Fills,,,,,,,,,,Pedro,
27207,live,Brushes #1 - Laying Out The Fundamentals (Part 1),https://admin.musora.com/admin#/content/drumeo/27207,https://www.musora.com/drumeo/live-streams/tba-18/27207,2016-08-12,Musicality,,,,,,,,,,Pedro,
27207,live,Brushes #1 - Laying Out The Fundamentals (Part 1),https://admin.musora.com/admin#/content/drumeo/27207,https://www.musora.com/drumeo/live-streams/tba-18/27207,2016-08-12,Styles,,,,,,,,,,Pedro,
27209,live,Kick-Heavy Fills,https://admin.musora.com/admin#/content/drumeo/27209,https://www.musora.com/drumeo/live-streams/kick-heavy-fills/27209,2016-08-13,Fills,,,,,,Fills & Chops,,,,Pedro,
27211,live,Funk Chops - Beginner,https://admin.musora.com/admin#/content/drumeo/27211,https://www.musora.com/drumeo/live-streams/funk-chops-beginner/27211,2016-08-14,Beats,,,,,,Fills & Chops,Grooves,,,Pedro,
27211,live,Funk Chops - Beginner,https://admin.musora.com/admin#/content/drumeo/27211,https://www.musora.com/drumeo/live-streams/funk-chops-beginner/27211,2016-08-14,Fills,,,,,,,,,,Pedro,
27254,live,Funk Chops - Intermediate,https://admin.musora.com/admin#/content/drumeo/27254,https://www.musora.com/drumeo/live-streams/funk-chops-intermediate/27254,2016-08-21,Beats,,,,,,,,,,Pedro,
27254,live,Funk Chops - Intermediate,https://admin.musora.com/admin#/content/drumeo/27254,https://www.musora.com/drumeo/live-streams/funk-chops-intermediate/27254,2016-08-21,Fills,,,,,,,,,,Pedro,
272736,question-and-answer,Improving Single And Double Stroke Technique,https://admin.musora.com/admin#/content/drumeo/272736,https://www.musora.com/drumeo/question-and-answer/drumeo-weekly-qa/272736,2020-10-26,Q&A,,Hand Technique,,,,,,,,Pedro,
272736,question-and-answer,Improving Single And Double Stroke Technique,https://admin.musora.com/admin#/content/drumeo/272736,https://www.musora.com/drumeo/question-and-answer/drumeo-weekly-qa/272736,2020-10-26,Q&A,,,,,,,,,,Pedro,
272738,question-and-answer,How Do The Roland V-Drums Model Numbers Work?,https://admin.musora.com/admin#/content/drumeo/272738,https://www.musora.com/drumeo/question-and-answer/electronic-drums-qa/272738,2020-10-28,Q&A,,,,,,,,,Gigging Tips & Gear,Pedro,
272738,question-and-answer,How Do The Roland V-Drums Model Numbers Work?,https://admin.musora.com/admin#/content/drumeo/272738,https://www.musora.com/drumeo/question-and-answer/electronic-drums-qa/272738,2020-10-28,Q&A,,,,,,,,,,Pedro,
272741,question-and-answer,Rudiment Throwdown - Flam Applications On The Kit,https://admin.musora.com/admin#/content/drumeo/272741,https://www.musora.com/drumeo/question-and-answer/rudiment-throwdown-flam-applications-on-the-kit/272741,2020-10-29,Rudiments,,,Rudiments,,,,,,,Pedro,
272741,question-and-answer,Rudiment Throwdown - Flam Applications On The Kit,https://admin.musora.com/admin#/content/drumeo/272741,https://www.musora.com/drumeo/question-and-answer/rudiment-throwdown-flam-applications-on-the-kit/272741,2020-10-29,Rudiments,,,,,,,,,,Pedro,
27291,live,Brushes #1 - Laying Out The Fundamentals (Part 2),https://admin.musora.com/admin#/content/drumeo/27291,https://www.musora.com/drumeo/live-streams/brushes-2-uses-in-jazz-other-styles/27291,2016-08-12,Beats,Jazz/Blues,Hand Technique,,,,,,,,Pedro,
27291,live,Brushes #1 - Laying Out The Fundamentals (Part 2),https://admin.musora.com/admin#/content/drumeo/27291,https://www.musora.com/drumeo/live-streams/brushes-2-uses-in-jazz-other-styles/27291,2016-08-12,Technique,,,,,,,,,,Pedro,
273263,question-and-answer,How To Deal With A Squeaky Bass Drum Pedal?,https://admin.musora.com/admin#/content/drumeo/273263,https://www.musora.com/drumeo/question-and-answer/weekly-qa/273263,2020-11-02,Q&A,,,Foot Technique,,,,,,Gigging Tips & Gear,Pedro,
273263,question-and-answer,How To Deal With A Squeaky Bass Drum Pedal?,https://admin.musora.com/admin#/content/drumeo/273263,https://www.musora.com/drumeo/question-and-answer/weekly-qa/273263,2020-11-02,Q&A,,,,,,,,,,Pedro,
273264,live,Improving Your Pocket Overnight,https://admin.musora.com/admin#/content/drumeo/273264,https://www.musora.com/drumeo/live-streams/improving-your-pocket-overnight/273264,2020-11-10,Beats,,,,,,Grooves,,,,Pedro,
273264,live,Improving Your Pocket Overnight,https://admin.musora.com/admin#/content/drumeo/273264,https://www.musora.com/drumeo/live-streams/improving-your-pocket-overnight/273264,2020-11-10,Musicality,,,,,,,,,,Pedro,
273268,question-and-answer,Debuting The Roland TD07 Electronic Drum-set,https://admin.musora.com/admin#/content/drumeo/273268,https://www.musora.com/drumeo/question-and-answer/electronic-drums-qa/273268,2020-11-04,Q&A,,,,,,,,,Gigging Tips & Gear,Pedro,
273268,question-and-answer,Debuting The Roland TD07 Electronic Drum-set,https://admin.musora.com/admin#/content/drumeo/273268,https://www.musora.com/drumeo/question-and-answer/electronic-drums-qa/273268,2020-11-04,Q&A,,,,,,,,,,Pedro,
273270,live,Applying Electrify Your Drumming To All Genres,https://admin.musora.com/admin#/content/drumeo/273270,https://www.musora.com/drumeo/live-streams/applying-electrify-your-drumming-to-all-genres/273270,2020-11-05,All,,,,,,,,,Performance,Pedro,
273270,live,Applying Electrify Your Drumming To All Genres,https://admin.musora.com/admin#/content/drumeo/273270,https://www.musora.com/drumeo/live-streams/applying-electrify-your-drumming-to-all-genres/273270,2020-11-05,All,,,,,,,,,,Pedro,
273272,question-and-answer,Rudiment Throwdown - What A Drag!,https://admin.musora.com/admin#/content/drumeo/273272,https://www.musora.com/drumeo/question-and-answer/rudiment-throwdown/273272,2020-11-12,Rudiments,,Rudiments,,,,,,,,Pedro,
273272,question-and-answer,Rudiment Throwdown - What A Drag!,https://admin.musora.com/admin#/content/drumeo/273272,https://www.musora.com/drumeo/question-and-answer/rudiment-throwdown/273272,2020-11-12,Rudiments,,,,,,,,,,Pedro,
27353,live,The Truth About Hand Technique,https://admin.musora.com/admin#/content/drumeo/27353,https://www.musora.com/drumeo/live-streams/the-truth-about-hand-technique/27353,2016-08-22,Technique,,,Hand Technique,,,,,,,Pedro,
27355,live,Technique Q&A,https://admin.musora.com/admin#/content/drumeo/27355,https://www.musora.com/drumeo/live-streams/technique-qa/27355,2016-08-23,Technique,,Hand Technique,Foot Technique,,,Grooves,,,,Pedro,
27357,live,"Old, But Not Forgotten, Country Feels",https://admin.musora.com/admin#/content/drumeo/27357,https://www.musora.com/drumeo/live-streams/old-but-not-forgotten-country-feels/27357,2016-08-24,Beats,Country/Folk,,,,,,,,,Pedro,
27357,live,"Old, But Not Forgotten, Country Feels",https://admin.musora.com/admin#/content/drumeo/27357,https://www.musora.com/drumeo/live-streams/old-but-not-forgotten-country-feels/27357,2016-08-24,Styles,,,,,,,,,,Pedro,
27362,live,Essential Ringo Starr Grooves #1,https://admin.musora.com/admin#/content/drumeo/27362,https://www.musora.com/drumeo/live-streams/essential-ringo-starr-grooves-1/27362,2016-08-26,Beats,Pop/Rock,,,,,Grooves,,,,Pedro,
27362,live,Essential Ringo Starr Grooves #1,https://admin.musora.com/admin#/content/drumeo/27362,https://www.musora.com/drumeo/live-streams/essential-ringo-starr-grooves-1/27362,2016-08-26,Beats,,,,,,,,,,Pedro,
27362,live,Essential Ringo Starr Grooves #1,https://admin.musora.com/admin#/content/drumeo/27362,https://www.musora.com/drumeo/live-streams/essential-ringo-starr-grooves-1/27362,2016-08-26,Styles,,,,,,,,,,Pedro,
27362,live,Essential Ringo Starr Grooves #1,https://admin.musora.com/admin#/content/drumeo/27362,https://www.musora.com/drumeo/live-streams/essential-ringo-starr-grooves-1/27362,2016-08-26,Styles,,,,,,,,,,Pedro,
27364,live,Adam's Favorite Tom Grooves,https://admin.musora.com/admin#/content/drumeo/27364,https://www.musora.com/drumeo/live-streams/adams-favorite-tom-grooves/27364,2016-08-27,Beats,,,,,,Grooves,Fills & Chops,,,Pedro,
27364,live,Adam's Favorite Tom Grooves,https://admin.musora.com/admin#/content/drumeo/27364,https://www.musora.com/drumeo/live-streams/adams-favorite-tom-grooves/27364,2016-08-27,Fills,,,,,,,,,,Pedro,
27366,live,Advanced Practice Tips - Metronome Madness,https://admin.musora.com/admin#/content/drumeo/27366,https://www.musora.com/drumeo/live-streams/advanced-practice-tips-metronome-madness/27366,2016-08-28,All,,,,,,,,,Practice Tips,Pedro,
27368,live,Five-Minute Pad Workouts,https://admin.musora.com/admin#/content/drumeo/27368,https://www.musora.com/drumeo/live-streams/tba-21/27368,2016-08-29,Rudiments,,Rudiments,Hand Technique,,,,,,,Pedro,
27368,live,Five-Minute Pad Workouts,https://admin.musora.com/admin#/content/drumeo/27368,https://www.musora.com/drumeo/live-streams/tba-21/27368,2016-08-29,Technique,,,,,,,,,,Pedro,
27371,live,Rack-Tom Ahead! - Adding Toms To Your Grooves,https://admin.musora.com/admin#/content/drumeo/27371,https://www.musora.com/drumeo/live-streams/rack-tom-ahead/27371,2016-08-30,Beats,,,,,,,,,Gigging Tips & Gear,Pedro,
27371,live,Rack-Tom Ahead! - Adding Toms To Your Grooves,https://admin.musora.com/admin#/content/drumeo/27371,https://www.musora.com/drumeo/live-streams/rack-tom-ahead/27371,2016-08-30,Beats,,,,,,,,,,Pedro,
27371,live,Rack-Tom Ahead! - Adding Toms To Your Grooves,https://admin.musora.com/admin#/content/drumeo/27371,https://www.musora.com/drumeo/live-streams/rack-tom-ahead/27371,2016-08-30,Musicality,,,,,,,,,,Pedro,
27371,live,Rack-Tom Ahead! - Adding Toms To Your Grooves,https://admin.musora.com/admin#/content/drumeo/27371,https://www.musora.com/drumeo/live-streams/rack-tom-ahead/27371,2016-08-30,Musicality,,,,,,,,,,Pedro,
274362,question-and-answer,How To Respond To A Compliment You Don't Feel You Deserve?,https://admin.musora.com/admin#/content/drumeo/274362,https://www.musora.com/drumeo/question-and-answer/weekly-qa/274362,2020-11-09,All,,,,,,,,,Other,Pedro,
274362,question-and-answer,How To Respond To A Compliment You Don't Feel You Deserve?,https://admin.musora.com/admin#/content/drumeo/274362,https://www.musora.com/drumeo/question-and-answer/weekly-qa/274362,2020-11-09,All,,,,,,,,,,Pedro,
274363,question-and-answer,What Tablet Holder Do You Recommend For Mounting To An E-kit Rack?,https://admin.musora.com/admin#/content/drumeo/274363,https://www.musora.com/drumeo/question-and-answer/electronic-drums-qa/274363,2020-11-11,All,,,,,,,,,Gigging Tips & Gear,Pedro,
274366,question-and-answer,Rudiment Throwdown - Draggin' Around The Drums,https://admin.musora.com/admin#/content/drumeo/274366,https://www.musora.com/drumeo/question-and-answer/rudiment-throwdown/274366,2020-11-17,Rudiments,,Rudiments,,,,,,,,Pedro,
274366,question-and-answer,Rudiment Throwdown - Draggin' Around The Drums,https://admin.musora.com/admin#/content/drumeo/274366,https://www.musora.com/drumeo/question-and-answer/rudiment-throwdown/274366,2020-11-17,Rudiments,,,,,,,,,,Pedro,
27445,live,Essential Ringo Starr Grooves #2,https://admin.musora.com/admin#/content/drumeo/27445,https://www.musora.com/drumeo/live-streams/essential-ringo-starr-grooves-2/27445,2016-09-02,Beats,Pop/Rock,,,,,Grooves,,,,Pedro,
27445,live,Essential Ringo Starr Grooves #2,https://admin.musora.com/admin#/content/drumeo/27445,https://www.musora.com/drumeo/live-streams/essential-ringo-starr-grooves-2/27445,2016-09-02,Beats,,,,,,,,,,Pedro,
27445,live,Essential Ringo Starr Grooves #2,https://admin.musora.com/admin#/content/drumeo/27445,https://www.musora.com/drumeo/live-streams/essential-ringo-starr-grooves-2/27445,2016-09-02,Styles,,,,,,,,,,Pedro,
27445,live,Essential Ringo Starr Grooves #2,https://admin.musora.com/admin#/content/drumeo/27445,https://www.musora.com/drumeo/live-streams/essential-ringo-starr-grooves-2/27445,2016-09-02,Styles,,,,,,,,,,Pedro,
27450,live,Aaron's Practice Tips For Advanced Drummers,https://admin.musora.com/admin#/content/drumeo/27450,https://www.musora.com/drumeo/live-streams/aarons-practice-tips-for-advanced-drummers/27450,2016-09-04,All,,,,,,,,,Performance,Pedro,
27450,live,Aaron's Practice Tips For Advanced Drummers,https://admin.musora.com/admin#/content/drumeo/27450,https://www.musora.com/drumeo/live-streams/aarons-practice-tips-for-advanced-drummers/27450,2016-09-04,All,,,,,,,,,,Pedro,
27453,live,Collapsed Rudiments & Applications,https://admin.musora.com/admin#/content/drumeo/27453,https://www.musora.com/drumeo/live-streams/tba-24/27453,2016-09-05,Rudiments,,Rudiments,,,,,,,,Pedro,
27456,live,Technique Q&A,https://admin.musora.com/admin#/content/drumeo/27456,https://www.musora.com/drumeo/live-streams/technique-qa-2/27456,2016-09-06,Technique,,Hand Technique,Rudiments,,,,,,,Pedro,
27456,live,Technique Q&A,https://admin.musora.com/admin#/content/drumeo/27456,https://www.musora.com/drumeo/live-streams/technique-qa-2/27456,2016-09-06,Technique,,,,,,,,,,Pedro,
274676,question-and-answer,Storing Your Drums In The Attic - Is It Good Or Bad?,https://admin.musora.com/admin#/content/drumeo/274676,https://www.musora.com/drumeo/question-and-answer/weekly-qa/274676,2020-11-16,All,,,,,,,,,Gigging Tips & Gear,Pedro,
274676,question-and-answer,Storing Your Drums In The Attic - Is It Good Or Bad?,https://admin.musora.com/admin#/content/drumeo/274676,https://www.musora.com/drumeo/question-and-answer/weekly-qa/274676,2020-11-16,All,,,,,,,,,,Pedro,
274681,question-and-answer,Debuting The NEW Yamaha DTX E-Kit,https://admin.musora.com/admin#/content/drumeo/274681,https://www.musora.com/drumeo/question-and-answer/electronic-drums-qa/274681,2020-11-18,All,,,,,,,,,Gigging Tips & Gear,Pedro,
274681,question-and-answer,Debuting The NEW Yamaha DTX E-Kit,https://admin.musora.com/admin#/content/drumeo/274681,https://www.musora.com/drumeo/question-and-answer/electronic-drums-qa/274681,2020-11-18,All,,,,,,,,,,Pedro,
274685,question-and-answer,Rudiment Throwdown - Single Stroke Fours & Sevens,https://admin.musora.com/admin#/content/drumeo/274685,https://www.musora.com/drumeo/question-and-answer/rudiment-throwdown/274685,2020-11-30,Rudiments,,Rudiments,,,,,,,,Pedro,
274687,live,Drumeo New Student Webinar,https://admin.musora.com/admin#/content/drumeo/274687,https://www.musora.com/drumeo/live-streams/drumeo-new-user-webinar/274687,2020-11-20,All,,,,,,,,,Podcast,Pedro,
274687,live,Drumeo New Student Webinar,https://admin.musora.com/admin#/content/drumeo/274687,https://www.musora.com/drumeo/live-streams/drumeo-new-user-webinar/274687,2020-11-20,All,,,,,,,,,Podcast,Pedro,
27530,live,The Basic Mambo Groove,https://admin.musora.com/admin#/content/drumeo/27530,https://www.musora.com/drumeo/live-streams/tba-15/27530,2016-09-09,Beats,Latin/World,,,,,Grooves,,,,Pedro,
27530,live,The Basic Mambo Groove,https://admin.musora.com/admin#/content/drumeo/27530,https://www.musora.com/drumeo/live-streams/tba-15/27530,2016-09-09,Styles,,,,,,,,,,Pedro,
27545,live,Three Crazy Neil Peart Licks,https://admin.musora.com/admin#/content/drumeo/27545,https://www.musora.com/drumeo/live-streams/three-crazy-neil-peart-licks/27545,2016-09-12,Fills,Pop/Rock,,,,,,Fills & Chops,,,Pedro,
27548,live,Building Coordination,https://admin.musora.com/admin#/content/drumeo/27548,https://www.musora.com/drumeo/live-streams/building-coordination/27548,2016-09-13,Edutainment,,,,,,Independence,,,,Pedro,
27554,live,Brushes #2 - Uses In Jazz & Other Styles (Part 2),https://admin.musora.com/admin#/content/drumeo/27554,https://www.musora.com/drumeo/live-streams/brushes-2-uses-in-jazz-other-styles-2/27554,2016-09-16,Beats,Jazz/Blues,Hand Technique,,,,Grooves,,,,Pedro,
27554,live,Brushes #2 - Uses In Jazz & Other Styles (Part 2),https://admin.musora.com/admin#/content/drumeo/27554,https://www.musora.com/drumeo/live-streams/brushes-2-uses-in-jazz-other-styles-2/27554,2016-09-16,Technique,,,,,,,,,,Pedro,
275832,live,How To Be A Modern Drummer,https://admin.musora.com/admin#/content/drumeo/275832,https://www.musora.com/drumeo/live-streams/how-to-be-a-modern-drummer/275832,2020-11-19,Beats,,,,,,Grooves,Making Music,,Performance,Pedro,
275832,live,How To Be A Modern Drummer,https://admin.musora.com/admin#/content/drumeo/275832,https://www.musora.com/drumeo/live-streams/how-to-be-a-modern-drummer/275832,2020-11-19,Edutainment,,,,,,,,,,Pedro,
27599,live,The Mozambique On The Congas,https://admin.musora.com/admin#/content/drumeo/27599,https://www.musora.com/drumeo/live-streams/the-mozambique-on-the-congas/27599,2016-09-21,All,Latin/World,Hand Technique,,,,,,,,Pedro,
27599,live,The Mozambique On The Congas,https://admin.musora.com/admin#/content/drumeo/27599,https://www.musora.com/drumeo/live-streams/the-mozambique-on-the-congas/27599,2016-09-21,All,,,,,,,,,,Pedro,
27604,live,Five Left-Hand Hi-Hat Barking Grooves,https://admin.musora.com/admin#/content/drumeo/27604,https://www.musora.com/drumeo/live-streams/five-left-hand-hi-hat-barking-grooves/27604,2016-09-23,Beats,,,,,,Grooves,,,,Pedro,
27609,live,"John Bonham Groove - ""The Ocean""",https://admin.musora.com/admin#/content/drumeo/27609,https://www.musora.com/drumeo/live-streams/drumeo-chat-3/27609,2016-09-25,Beats,,,,,,Grooves,,,,Pedro,
276233,question-and-answer,Dave Atkinson Returns!,https://admin.musora.com/admin#/content/drumeo/276233,https://www.musora.com/drumeo/question-and-answer/weekly-qa/276233,2020-11-23,All,,,,,,,,,Podcast,Pedro,
276233,question-and-answer,Dave Atkinson Returns!,https://admin.musora.com/admin#/content/drumeo/276233,https://www.musora.com/drumeo/question-and-answer/weekly-qa/276233,2020-11-23,All,,,,,,,,,,Pedro,
276237,question-and-answer,Having Fun With A Hybrid E-kit!,https://admin.musora.com/admin#/content/drumeo/276237,https://www.musora.com/drumeo/question-and-answer/electronic-drums-qa/276237,2020-11-25,All,,,,,,,,,Gigging Tips & Gear,Pedro,
276237,question-and-answer,Having Fun With A Hybrid E-kit!,https://admin.musora.com/admin#/content/drumeo/276237,https://www.musora.com/drumeo/question-and-answer/electronic-drums-qa/276237,2020-11-25,All,,,,,,,,,,Pedro,
276242,question-and-answer,How Much Practice Is TOO MUCH Practice?,https://admin.musora.com/admin#/content/drumeo/276242,https://www.musora.com/drumeo/question-and-answer/weekly-qa/276242,2020-11-30,All,,,,,,,,,Practice Tips,Pedro,
276242,question-and-answer,How Much Practice Is TOO MUCH Practice?,https://admin.musora.com/admin#/content/drumeo/276242,https://www.musora.com/drumeo/question-and-answer/weekly-qa/276242,2020-11-30,All,,,,,,,,,,Pedro,
276244,question-and-answer,Simplest Way To Connect Your Portable Device To Your Kit,https://admin.musora.com/admin#/content/drumeo/276244,https://www.musora.com/drumeo/question-and-answer/electronic-drums-qa/276244,2020-12-02,All,,,,,,,,,Gigging Tips & Gear,Pedro,
276245,question-and-answer,"Rudiment Throwdown - Six Stroke Rolls, The Funkiest Roll Known To Mankind!",https://admin.musora.com/admin#/content/drumeo/276245,https://www.musora.com/drumeo/question-and-answer/rudiment-throwdown/276245,2020-12-08,Rudiments,,Hand Technique,Rudiments,,,,,,,Pedro,
27653,live,Making Linear Patterns Musical For Beginners,https://admin.musora.com/admin#/content/drumeo/27653,https://www.musora.com/drumeo/live-streams/making-linear-patterns-musical-for-beginners/27653,2016-09-26,Beats,,,,Ear Training,,Grooves,,,,Pedro,
27653,live,Making Linear Patterns Musical For Beginners,https://admin.musora.com/admin#/content/drumeo/27653,https://www.musora.com/drumeo/live-streams/making-linear-patterns-musical-for-beginners/27653,2016-09-26,Beats,,,,,,,,,,Pedro,
27653,live,Making Linear Patterns Musical For Beginners,https://admin.musora.com/admin#/content/drumeo/27653,https://www.musora.com/drumeo/live-streams/making-linear-patterns-musical-for-beginners/27653,2016-09-26,Independence,,,,,,,,,,Pedro,
27653,live,Making Linear Patterns Musical For Beginners,https://admin.musora.com/admin#/content/drumeo/27653,https://www.musora.com/drumeo/live-streams/making-linear-patterns-musical-for-beginners/27653,2016-09-26,Independence,,,,,,,,,,Pedro,
27655,live,The Guaguanco Groove,https://admin.musora.com/admin#/content/drumeo/27655,https://www.musora.com/drumeo/live-streams/the-guaguanco-groove/27655,2016-09-27,Beats,Latin/World,,,,,Independence,,,,Pedro,
27655,live,The Guaguanco Groove,https://admin.musora.com/admin#/content/drumeo/27655,https://www.musora.com/drumeo/live-streams/the-guaguanco-groove/27655,2016-09-27,Styles,,,,,,,,,,Pedro,
27659,live,Essential Ringo Starr Grooves #3,https://admin.musora.com/admin#/content/drumeo/27659,https://www.musora.com/drumeo/live-streams/essential-ringo-starr-grooves-3/27659,2016-09-30,Beats,Pop/Rock,,,,,Grooves,,,,Pedro,
27659,live,Essential Ringo Starr Grooves #3,https://admin.musora.com/admin#/content/drumeo/27659,https://www.musora.com/drumeo/live-streams/essential-ringo-starr-grooves-3/27659,2016-09-30,Beats,,,,,,,,,,Pedro,
27659,live,Essential Ringo Starr Grooves #3,https://admin.musora.com/admin#/content/drumeo/27659,https://www.musora.com/drumeo/live-streams/essential-ringo-starr-grooves-3/27659,2016-09-30,Styles,,,,,,,,,,Pedro,
27659,live,Essential Ringo Starr Grooves #3,https://admin.musora.com/admin#/content/drumeo/27659,https://www.musora.com/drumeo/live-streams/essential-ringo-starr-grooves-3/27659,2016-09-30,Styles,,,,,,,,,,Pedro,
27669,live,Brushes #2 - Uses In Jazz & Other Styles (Part 1),https://admin.musora.com/admin#/content/drumeo/27669,https://www.musora.com/drumeo/live-streams/brushes-2-uses-in-jazz-other-styles-part-1/27669,2016-09-16,Beats,Jazz/Blues,Hand Technique,,,,,,,,Pedro,
27669,live,Brushes #2 - Uses In Jazz & Other Styles (Part 1),https://admin.musora.com/admin#/content/drumeo/27669,https://www.musora.com/drumeo/live-streams/brushes-2-uses-in-jazz-other-styles-part-1/27669,2016-09-16,Technique,,,,,,,,,,Pedro,
27715,live,Indian Rhythms Applied To The Drumset,https://admin.musora.com/admin#/content/drumeo/27715,https://www.musora.com/drumeo/live-streams/indian-rhythms-applied-to-the-drumset/27715,2016-10-03,Edutainment,Latin/World,,,,,,,,,Pedro,
27717,live,Rhythm & Percussion Q&A,https://admin.musora.com/admin#/content/drumeo/27717,https://www.musora.com/drumeo/live-streams/rhythm-percussion-qa/27717,2016-10-04,Edutainment,Latin/World,,,,,,,,,Pedro,
27717,live,Rhythm & Percussion Q&A,https://admin.musora.com/admin#/content/drumeo/27717,https://www.musora.com/drumeo/live-streams/rhythm-percussion-qa/27717,2016-10-04,Edutainment,,,,,,,,,,Pedro,
27719,live,How To Build An Open Solo,https://admin.musora.com/admin#/content/drumeo/27719,https://www.musora.com/drumeo/live-streams/how-to-build-an-open-solo/27719,2016-10-05,Musicality,,,,,,,,,Performance,Pedro,
27724,live,Playing Figures #1 - What’s It All About?,https://admin.musora.com/admin#/content/drumeo/27724,https://www.musora.com/drumeo/live-streams/tba-19/27724,2016-10-07,Beats,,,,,,Grooves,Fills & Chops,,,Pedro,
27724,live,Playing Figures #1 - What’s It All About?,https://admin.musora.com/admin#/content/drumeo/27724,https://www.musora.com/drumeo/live-streams/tba-19/27724,2016-10-07,Fills,,,,,,,,,,Pedro,
27724,live,Playing Figures #1 - What’s It All About?,https://admin.musora.com/admin#/content/drumeo/27724,https://www.musora.com/drumeo/live-streams/tba-19/27724,2016-10-07,Musicality,,,,,,,,,,Pedro,
27732,live,Two Advanced Herta Fills,https://admin.musora.com/admin#/content/drumeo/27732,https://www.musora.com/drumeo/live-streams/tba-29/27732,2016-10-09,Fills,,,,,,,Fills & Chops,,,Pedro,
27737,live,Playing Hymns In Church #1,https://admin.musora.com/admin#/content/drumeo/27737,https://www.musora.com/drumeo/live-streams/tba-30/27737,2016-10-12,Edutainment,Worship/Gospel,,,,,,,,,Pedro,
27739,live,Playing Hymns In Church #2,https://admin.musora.com/admin#/content/drumeo/27739,https://www.musora.com/drumeo/live-streams/tba-31/27739,2016-10-13,Beats,,,,,,Making Music,,,,Pedro,
27739,live,Playing Hymns In Church #2,https://admin.musora.com/admin#/content/drumeo/27739,https://www.musora.com/drumeo/live-streams/tba-31/27739,2016-10-13,Fills,,,,,,,,,,Pedro,
27739,live,Playing Hymns In Church #2,https://admin.musora.com/admin#/content/drumeo/27739,https://www.musora.com/drumeo/live-streams/tba-31/27739,2016-10-13,Musicality,,,,,,,,,,Pedro,
27742,live,"Jeff Porcaro Groove - ""Mushanga""",https://admin.musora.com/admin#/content/drumeo/27742,https://www.musora.com/drumeo/live-streams/jeff-porcaro-groove-mushanga/27742,2016-10-14,Beats,,,,,,Grooves,,,,Pedro,
27829,live,Groove-A-Diddles,https://admin.musora.com/admin#/content/drumeo/27829,https://www.musora.com/drumeo/live-streams/groove-a-diddles/27829,2016-10-17,Beats,,Rudiments,,,,Grooves,,,,Pedro,
27829,live,Groove-A-Diddles,https://admin.musora.com/admin#/content/drumeo/27829,https://www.musora.com/drumeo/live-streams/groove-a-diddles/27829,2016-10-17,Fills,,,,,,,,,,Pedro,
27829,live,Groove-A-Diddles,https://admin.musora.com/admin#/content/drumeo/27829,https://www.musora.com/drumeo/live-streams/groove-a-diddles/27829,2016-10-17,Musicality,,,,,,,,,,Pedro,
27832,live,Interview With Jeff Salem,https://admin.musora.com/admin#/content/drumeo/27832,https://www.musora.com/drumeo/live-streams/tba-23/27832,2016-10-18,Edutainment,,,,,,,Making Music,,Performance,Pedro,
27832,live,Interview With Jeff Salem,https://admin.musora.com/admin#/content/drumeo/27832,https://www.musora.com/drumeo/live-streams/tba-23/27832,2016-10-18,Edutainment,,,,,,,,,,Pedro,
27839,live,"Jeff Porcaro Groove - ""Jake To The Bone""",https://admin.musora.com/admin#/content/drumeo/27839,https://www.musora.com/drumeo/live-streams/tba-32/27839,2016-10-21,Beats,,,,,,Grooves,,,,Pedro,
27839,live,"Jeff Porcaro Groove - ""Jake To The Bone""",https://admin.musora.com/admin#/content/drumeo/27839,https://www.musora.com/drumeo/live-streams/tba-32/27839,2016-10-21,Beats,,,,,,,,,,Pedro,
27839,live,"Jeff Porcaro Groove - ""Jake To The Bone""",https://admin.musora.com/admin#/content/drumeo/27839,https://www.musora.com/drumeo/live-streams/tba-32/27839,2016-10-21,Fills,,,,,,,,,,Pedro,
27839,live,"Jeff Porcaro Groove - ""Jake To The Bone""",https://admin.musora.com/admin#/content/drumeo/27839,https://www.musora.com/drumeo/live-streams/tba-32/27839,2016-10-21,Fills,,,,,,,,,,Pedro,
27841,live,"Danny Carey Groove - ""Jambi"" Intro",https://admin.musora.com/admin#/content/drumeo/27841,https://www.musora.com/drumeo/live-streams/danny-carey-groove-jambi-intro/27841,2016-10-23,Beats,,,,,Time Signatures,Grooves,Independence,,,Pedro,
278476,question-and-answer,How Does Playing Behind Or Ahead Of The Beat REALLY Work?,https://admin.musora.com/admin#/content/drumeo/278476,https://www.musora.com/drumeo/question-and-answer/weekly-qa/278476,2020-12-07,All,,,,,,,,,Performance,Pedro,
278481,question-and-answer,When's The Best Time To Look At Buying An E-Kit?,https://admin.musora.com/admin#/content/drumeo/278481,https://www.musora.com/drumeo/question-and-answer/electronic-drums-qa/278481,2020-12-10,All,,,,,,,,,Gigging Tips & Gear,Pedro,
278481,question-and-answer,When's The Best Time To Look At Buying An E-Kit?,https://admin.musora.com/admin#/content/drumeo/278481,https://www.musora.com/drumeo/question-and-answer/electronic-drums-qa/278481,2020-12-10,All,,,,,,,,,,Pedro,
278482,question-and-answer,"Rudiment Throwdown - Seve Stroke Roll, Tradition Meets Drumeo",https://admin.musora.com/admin#/content/drumeo/278482,https://www.musora.com/drumeo/question-and-answer/rudiment-throwdown/278482,2020-12-17,Rudiments,,Hand Technique,Rudiments,,,,,,,Pedro,
278488,question-and-answer,Snare Drum Tuning And Snare Wire Tips,https://admin.musora.com/admin#/content/drumeo/278488,https://www.musora.com/drumeo/question-and-answer/weekly-qa/278488,2020-12-14,All,,,Setup & Tuning,,,,,,,Pedro,
278488,question-and-answer,Snare Drum Tuning And Snare Wire Tips,https://admin.musora.com/admin#/content/drumeo/278488,https://www.musora.com/drumeo/question-and-answer/weekly-qa/278488,2020-12-14,All,,,,,,,,,,Pedro,
278497,live,Drumeo New Student Webinar,https://admin.musora.com/admin#/content/drumeo/278497,https://www.musora.com/drumeo/live-streams/drumeo-new-user-webinar/278497,2020-12-18,All,,,,,,,,,Podcast,Pedro,
278497,live,Drumeo New Student Webinar,https://admin.musora.com/admin#/content/drumeo/278497,https://www.musora.com/drumeo/live-streams/drumeo-new-user-webinar/278497,2020-12-18,All,,,,,,,,,Podcast,Pedro,
27878,live,Playing Figures #2 - What You Need To Know,https://admin.musora.com/admin#/content/drumeo/27878,https://www.musora.com/drumeo/live-streams/1457-playing-figures-2-what-you-need-to-know/27878,2016-10-07,Beats,,,,,,Grooves,Fills & Chops,,,Pedro,
27878,live,Playing Figures #2 - What You Need To Know,https://admin.musora.com/admin#/content/drumeo/27878,https://www.musora.com/drumeo/live-streams/1457-playing-figures-2-what-you-need-to-know/27878,2016-10-07,Beats,,,,,,,,,,Pedro,
27878,live,Playing Figures #2 - What You Need To Know,https://admin.musora.com/admin#/content/drumeo/27878,https://www.musora.com/drumeo/live-streams/1457-playing-figures-2-what-you-need-to-know/27878,2016-10-07,Fills,,,,,,,,,,Pedro,
27878,live,Playing Figures #2 - What You Need To Know,https://admin.musora.com/admin#/content/drumeo/27878,https://www.musora.com/drumeo/live-streams/1457-playing-figures-2-what-you-need-to-know/27878,2016-10-07,Fills,,,,,,,,,,Pedro,
27878,live,Playing Figures #2 - What You Need To Know,https://admin.musora.com/admin#/content/drumeo/27878,https://www.musora.com/drumeo/live-streams/1457-playing-figures-2-what-you-need-to-know/27878,2016-10-07,Musicality,,,,,,,,,,Pedro,
27878,live,Playing Figures #2 - What You Need To Know,https://admin.musora.com/admin#/content/drumeo/27878,https://www.musora.com/drumeo/live-streams/1457-playing-figures-2-what-you-need-to-know/27878,2016-10-07,Musicality,,,,,,,,,,Pedro,
27885,live,Kick & Ghost-Note Conversations,https://admin.musora.com/admin#/content/drumeo/27885,https://www.musora.com/drumeo/live-streams/kick-ghost-note-conversations/27885,2016-10-30,Beats,,Hand Technique,Foot Technique,,,Fills & Chops,,,,Pedro,
27885,live,Kick & Ghost-Note Conversations,https://admin.musora.com/admin#/content/drumeo/27885,https://www.musora.com/drumeo/live-streams/kick-ghost-note-conversations/27885,2016-10-30,Beats,,,,,,,,,,Pedro,
27885,live,Kick & Ghost-Note Conversations,https://admin.musora.com/admin#/content/drumeo/27885,https://www.musora.com/drumeo/live-streams/kick-ghost-note-conversations/27885,2016-10-30,Fills,,,,,,,,,,Pedro,
27885,live,Kick & Ghost-Note Conversations,https://admin.musora.com/admin#/content/drumeo/27885,https://www.musora.com/drumeo/live-streams/kick-ghost-note-conversations/27885,2016-10-30,Fills,,,,,,,,,,Pedro,
27885,live,Kick & Ghost-Note Conversations,https://admin.musora.com/admin#/content/drumeo/27885,https://www.musora.com/drumeo/live-streams/kick-ghost-note-conversations/27885,2016-10-30,Musicality,,,,,,,,,,Pedro,
27885,live,Kick & Ghost-Note Conversations,https://admin.musora.com/admin#/content/drumeo/27885,https://www.musora.com/drumeo/live-streams/kick-ghost-note-conversations/27885,2016-10-30,Musicality,,,,,,,,,,Pedro,
27887,live,Stick Tricks To Impress Your Friends,https://admin.musora.com/admin#/content/drumeo/27887,https://www.musora.com/drumeo/live-streams/stick-tricks-to-impress-your-friends/27887,2016-10-31,Edutainment,,Hand Technique,,,,,,,,Pedro,
27890,live,Interview With Chip Ritter,https://admin.musora.com/admin#/content/drumeo/27890,https://www.musora.com/drumeo/live-streams/showmanship-qa/27890,2016-11-01,Edutainment,,Hand Technique,,,,,,,,Pedro,
27890,live,Interview With Chip Ritter,https://admin.musora.com/admin#/content/drumeo/27890,https://www.musora.com/drumeo/live-streams/showmanship-qa/27890,2016-11-01,Edutainment,,,,,,,,,,Pedro,
27914,live,16th Note Bass Drum Grooves Every Drummer Must Know,https://admin.musora.com/admin#/content/drumeo/27914,https://www.musora.com/drumeo/live-streams/16th-note-bass-drum-grooves-every-drummer-must-know/27914,2016-10-28,Beats,,,Foot Technique,,,,,,,Pedro,
27925,live,16th Note Drum Fills Every Drummer Should Know,https://admin.musora.com/admin#/content/drumeo/27925,https://www.musora.com/drumeo/live-streams/tba-34/27925,2016-11-04,Fills,,,,,,Fills & Chops,,,,Pedro,
27930,live,32nd Note Intermediate Grooves,https://admin.musora.com/admin#/content/drumeo/27930,https://www.musora.com/drumeo/live-streams/tba-35/27930,2016-11-06,Beats,,,,Notation,,Grooves,,,,Pedro,
27935,live,A Beginner's Drumming Test,https://admin.musora.com/admin#/content/drumeo/27935,https://www.musora.com/drumeo/live-streams/a-beginners-practice-plan/27935,2016-11-08,Beats,,Rudiments,,,,Grooves,,,,Pedro,
27935,live,A Beginner's Drumming Test,https://admin.musora.com/admin#/content/drumeo/27935,https://www.musora.com/drumeo/live-streams/a-beginners-practice-plan/27935,2016-11-08,Rudiments,,,,,,,,,,Pedro,
27935,live,A Beginner's Drumming Test,https://admin.musora.com/admin#/content/drumeo/27935,https://www.musora.com/drumeo/live-streams/a-beginners-practice-plan/27935,2016-11-08,Styles,,,,,,,,,,Pedro,
279806,live,Christmas Special 2020,https://admin.musora.com/admin#/content/drumeo/279806,https://www.musora.com/drumeo/live-streams/christmas-special-2020/279806,2020-12-22,All,,,,,,,,,Podcast,Pedro,
279808,question-and-answer,Rudiment Throwdown - The Little Drummer Boy That Loves Eggnog,https://admin.musora.com/admin#/content/drumeo/279808,https://www.musora.com/drumeo/question-and-answer/rudiment-throwdown-the-little-drummer-boy-that-loves-eggnog/279808,2020-12-24,Rudiments,,Rudiments,,,,,,,,Pedro,
279808,question-and-answer,Rudiment Throwdown - The Little Drummer Boy That Loves Eggnog,https://admin.musora.com/admin#/content/drumeo/279808,https://www.musora.com/drumeo/question-and-answer/rudiment-throwdown-the-little-drummer-boy-that-loves-eggnog/279808,2020-12-24,Rudiments,,,,,,,,,,Pedro,
279815,question-and-answer,Rudiment Throwdown - What Are you Doing On New Year's Eve,https://admin.musora.com/admin#/content/drumeo/279815,https://www.musora.com/drumeo/question-and-answer/rudiment-throwdown-what-are-you-doing-in-new-year-s-eve/279815,2020-12-31,Rudiments,,,,,,,,,,Pedro,
279815,question-and-answer,Rudiment Throwdown - What Are you Doing On New Year's Eve,https://admin.musora.com/admin#/content/drumeo/279815,https://www.musora.com/drumeo/question-and-answer/rudiment-throwdown-what-are-you-doing-in-new-year-s-eve/279815,2020-12-31,Rudiments,,,,,,,,,,Pedro,
27997,live,8th Note Triplet Groove Variations,https://admin.musora.com/admin#/content/drumeo/27997,https://www.musora.com/drumeo/live-streams/8th-note-triplet-groove-variations/27997,2016-11-10,Beats,,,,,,Grooves,,,,Pedro,
27997,live,8th Note Triplet Groove Variations,https://admin.musora.com/admin#/content/drumeo/27997,https://www.musora.com/drumeo/live-streams/8th-note-triplet-groove-variations/27997,2016-11-10,Musicality,,,,,,,,,,Pedro,
27999,live,32nd Note Intermediate Fills,https://admin.musora.com/admin#/content/drumeo/27999,https://www.musora.com/drumeo/live-streams/32nd-note-intermediate-fills/27999,2016-11-13,Beats,,,,,,Grooves,,,,Pedro,
28001,live,Angry Chops - Three Aggressive Fills,https://admin.musora.com/admin#/content/drumeo/28001,https://www.musora.com/drumeo/live-streams/angry-chops-three-aggressive-fills/28001,2016-11-20,Fills,,,,,,Fills & Chops,,,,Pedro,
28015,live,An Intermediate's Drumming Test,https://admin.musora.com/admin#/content/drumeo/28015,https://www.musora.com/drumeo/live-streams/an-intermediates-drumming-test/28015,2016-11-15,Beats,,Rudiments,,,,,Grooves,,,Pedro,
28015,live,An Intermediate's Drumming Test,https://admin.musora.com/admin#/content/drumeo/28015,https://www.musora.com/drumeo/live-streams/an-intermediates-drumming-test/28015,2016-11-15,Rudiments,,,,,,,,,,Pedro,
28015,live,An Intermediate's Drumming Test,https://admin.musora.com/admin#/content/drumeo/28015,https://www.musora.com/drumeo/live-streams/an-intermediates-drumming-test/28015,2016-11-15,Styles,,,,,,,,,,Pedro,
28019,live,Essential Ghost Note Grooves Every Drummer Should Know,https://admin.musora.com/admin#/content/drumeo/28019,https://www.musora.com/drumeo/live-streams/essential-ghost-note-grooves-every-drummer-should-know/28019,2016-11-18,Beats,,,,,,,Grooves,,,Pedro,
28038,live,Bass Drum Independence For Beginners,https://admin.musora.com/admin#/content/drumeo/28038,https://www.musora.com/drumeo/live-streams/bass-drum-independence-for-beginners/28038,2016-11-09,Beats,,Foot Technique,,,,Independence,Grooves,,,Pedro,
28038,live,Bass Drum Independence For Beginners,https://admin.musora.com/admin#/content/drumeo/28038,https://www.musora.com/drumeo/live-streams/bass-drum-independence-for-beginners/28038,2016-11-09,Independence,,,,,,,,,,Pedro,
28042,live,Developing Single-Pedal Doubles,https://admin.musora.com/admin#/content/drumeo/28042,https://www.musora.com/drumeo/live-streams/tba-36/28042,2016-11-14,Technique,,Foot Technique,,,,,,,,Pedro,
28045,live,7 Extremely Funky Linear Grooves,https://admin.musora.com/admin#/content/drumeo/28045,https://www.musora.com/drumeo/live-streams/tba-37/28045,2016-11-16,Beats,Funk/Disco,,,,,Grooves,,,,Pedro,
28045,live,7 Extremely Funky Linear Grooves,https://admin.musora.com/admin#/content/drumeo/28045,https://www.musora.com/drumeo/live-streams/tba-37/28045,2016-11-16,Musicality,,,,,,,,,,Pedro,
28047,live,The Truth On Developing Speed,https://admin.musora.com/admin#/content/drumeo/28047,https://www.musora.com/drumeo/live-streams/the-truth-on-developing-speed/28047,2016-11-21,Beats,,Hand Technique,,,,Grooves,,,,Pedro,
28047,live,The Truth On Developing Speed,https://admin.musora.com/admin#/content/drumeo/28047,https://www.musora.com/drumeo/live-streams/the-truth-on-developing-speed/28047,2016-11-21,Technique,,,,,,,,,,Pedro,
28049,live,Interview With Derek Roddy,https://admin.musora.com/admin#/content/drumeo/28049,https://www.musora.com/drumeo/live-streams/interview-with-derek-roddy/28049,2016-11-22,Edutainment,,,,,,Double Bass,,,,Pedro,
28065,live,Playing Figures #3 - Basic Jazz Figures,https://admin.musora.com/admin#/content/drumeo/28065,https://www.musora.com/drumeo/live-streams/playing-figures-3-basic-jazz-figures/28065,2016-12-16,Beats,Jazz/Blues,,,,,Grooves,Fills & Chops,,,Pedro,
28065,live,Playing Figures #3 - Basic Jazz Figures,https://admin.musora.com/admin#/content/drumeo/28065,https://www.musora.com/drumeo/live-streams/playing-figures-3-basic-jazz-figures/28065,2016-12-16,Beats,,,,,,,,,,Pedro,
28065,live,Playing Figures #3 - Basic Jazz Figures,https://admin.musora.com/admin#/content/drumeo/28065,https://www.musora.com/drumeo/live-streams/playing-figures-3-basic-jazz-figures/28065,2016-12-16,Fills,,,,,,,,,,Pedro,
28065,live,Playing Figures #3 - Basic Jazz Figures,https://admin.musora.com/admin#/content/drumeo/28065,https://www.musora.com/drumeo/live-streams/playing-figures-3-basic-jazz-figures/28065,2016-12-16,Fills,,,,,,,,,,Pedro,
28065,live,Playing Figures #3 - Basic Jazz Figures,https://admin.musora.com/admin#/content/drumeo/28065,https://www.musora.com/drumeo/live-streams/playing-figures-3-basic-jazz-figures/28065,2016-12-16,Musicality,,,,,,,,,,Pedro,
28065,live,Playing Figures #3 - Basic Jazz Figures,https://admin.musora.com/admin#/content/drumeo/28065,https://www.musora.com/drumeo/live-streams/playing-figures-3-basic-jazz-figures/28065,2016-12-16,Musicality,,,,,,,,,,Pedro,
28067,live,Playing Figures #4 - Understanding Jazz Figures In A Chart,https://admin.musora.com/admin#/content/drumeo/28067,https://www.musora.com/drumeo/live-streams/playing-figures-4-complex-jazz-figures/28067,2016-12-16,Beats,Jazz/Blues,,,,,Fills & Chops,Independence,,,Pedro,
28067,live,Playing Figures #4 - Understanding Jazz Figures In A Chart,https://admin.musora.com/admin#/content/drumeo/28067,https://www.musora.com/drumeo/live-streams/playing-figures-4-complex-jazz-figures/28067,2016-12-16,Beats,,,,,,,,,,Pedro,
28067,live,Playing Figures #4 - Understanding Jazz Figures In A Chart,https://admin.musora.com/admin#/content/drumeo/28067,https://www.musora.com/drumeo/live-streams/playing-figures-4-complex-jazz-figures/28067,2016-12-16,Fills,,,,,,,,,,Pedro,
28067,live,Playing Figures #4 - Understanding Jazz Figures In A Chart,https://admin.musora.com/admin#/content/drumeo/28067,https://www.musora.com/drumeo/live-streams/playing-figures-4-complex-jazz-figures/28067,2016-12-16,Fills,,,,,,,,,,Pedro,
28067,live,Playing Figures #4 - Understanding Jazz Figures In A Chart,https://admin.musora.com/admin#/content/drumeo/28067,https://www.musora.com/drumeo/live-streams/playing-figures-4-complex-jazz-figures/28067,2016-12-16,Musicality,,,,,,,,,,Pedro,
28067,live,Playing Figures #4 - Understanding Jazz Figures In A Chart,https://admin.musora.com/admin#/content/drumeo/28067,https://www.musora.com/drumeo/live-streams/playing-figures-4-complex-jazz-figures/28067,2016-12-16,Musicality,,,,,,,,,,Pedro,
28116,live,Taking 5s & 7s Even Further,https://admin.musora.com/admin#/content/drumeo/28116,https://www.musora.com/drumeo/live-streams/tba-38/28116,2016-11-29,Beats,,,,Time Signatures,,,,,,Pedro,
28116,live,Taking 5s & 7s Even Further,https://admin.musora.com/admin#/content/drumeo/28116,https://www.musora.com/drumeo/live-streams/tba-38/28116,2016-11-29,Beats,,,,,,,,,,Pedro,
28116,live,Taking 5s & 7s Even Further,https://admin.musora.com/admin#/content/drumeo/28116,https://www.musora.com/drumeo/live-streams/tba-38/28116,2016-11-29,Musicality,,,,,,,,,,Pedro,
28116,live,Taking 5s & 7s Even Further,https://admin.musora.com/admin#/content/drumeo/28116,https://www.musora.com/drumeo/live-streams/tba-38/28116,2016-11-29,Musicality,,,,,,,,,,Pedro,
28142,live,16th Note Linear Fills Every Drummer Wants To Know,https://admin.musora.com/admin#/content/drumeo/28142,https://www.musora.com/drumeo/live-streams/tba-39/28142,2016-11-25,Fills,,,,,,Fills & Chops,,,,Pedro,
28148,live,Left Foot Development - Left Foot Kicking,https://admin.musora.com/admin#/content/drumeo/28148,https://www.musora.com/drumeo/live-streams/tba-40/28148,2016-12-01,Independence,,Foot Technique,,,,,Independence,,,Pedro,
28150,live,Using Toms Musically Inside A Groove #1,https://admin.musora.com/admin#/content/drumeo/28150,https://www.musora.com/drumeo/live-streams/tba-41/28150,2016-12-02,Beats,,,,,,Grooves,,,,Pedro,
28150,live,Using Toms Musically Inside A Groove #1,https://admin.musora.com/admin#/content/drumeo/28150,https://www.musora.com/drumeo/live-streams/tba-41/28150,2016-12-02,Musicality,,,,,,,,,,Pedro,
28152,live,Stick Heights For Dynamic Control,https://admin.musora.com/admin#/content/drumeo/28152,https://www.musora.com/drumeo/live-streams/stick-heights-for-dynamic-control/28152,2016-12-04,Rudiments,,Hand Technique,Rudiments,,,,,,,Pedro,
28152,live,Stick Heights For Dynamic Control,https://admin.musora.com/admin#/content/drumeo/28152,https://www.musora.com/drumeo/live-streams/stick-heights-for-dynamic-control/28152,2016-12-04,Technique,,,,,,,,,,Pedro,
28202,live,Developing A Great Sense Of Time,https://admin.musora.com/admin#/content/drumeo/28202,https://www.musora.com/drumeo/live-streams/tba-42/28202,2016-12-05,Musicality,,Timing,,,Ear Training,Grooves,,,,Pedro,
28204,live,Simon-Says Drum Practice #3,https://admin.musora.com/admin#/content/drumeo/28204,https://www.musora.com/drumeo/live-streams/simon-says-drum-practice-3/28204,2016-12-06,Ear Training,,Hand Technique,Rudiments,,,,,,,Pedro,
28204,live,Simon-Says Drum Practice #3,https://admin.musora.com/admin#/content/drumeo/28204,https://www.musora.com/drumeo/live-streams/simon-says-drum-practice-3/28204,2016-12-06,Ear Training,,,,,,,,,,Pedro,
28204,live,Simon-Says Drum Practice #3,https://admin.musora.com/admin#/content/drumeo/28204,https://www.musora.com/drumeo/live-streams/simon-says-drum-practice-3/28204,2016-12-06,Rudiments,,,,,,,,,,Pedro,
28204,live,Simon-Says Drum Practice #3,https://admin.musora.com/admin#/content/drumeo/28204,https://www.musora.com/drumeo/live-streams/simon-says-drum-practice-3/28204,2016-12-06,Rudiments,,,,,,,,,,Pedro,
28204,live,Simon-Says Drum Practice #3,https://admin.musora.com/admin#/content/drumeo/28204,https://www.musora.com/drumeo/live-streams/simon-says-drum-practice-3/28204,2016-12-06,Technique,,,,,,,,,,Pedro,
28204,live,Simon-Says Drum Practice #3,https://admin.musora.com/admin#/content/drumeo/28204,https://www.musora.com/drumeo/live-streams/simon-says-drum-practice-3/28204,2016-12-06,Technique,,,,,,,,,,Pedro,
28206,live,Breaking Down 3/4 Polymeters,https://admin.musora.com/admin#/content/drumeo/28206,https://www.musora.com/drumeo/live-streams/breaking-down-34-polymeters/28206,2016-12-07,Beats,,,,Time Signatures,,Grooves,Independence,,,Pedro,
28206,live,Breaking Down 3/4 Polymeters,https://admin.musora.com/admin#/content/drumeo/28206,https://www.musora.com/drumeo/live-streams/breaking-down-34-polymeters/28206,2016-12-07,Fills,,,,,,,,,,Pedro,
28206,live,Breaking Down 3/4 Polymeters,https://admin.musora.com/admin#/content/drumeo/28206,https://www.musora.com/drumeo/live-streams/breaking-down-34-polymeters/28206,2016-12-07,Independence,,,,,,,,,,Pedro,
28206,live,Breaking Down 3/4 Polymeters,https://admin.musora.com/admin#/content/drumeo/28206,https://www.musora.com/drumeo/live-streams/breaking-down-34-polymeters/28206,2016-12-07,Musicality,,,,,,,,,,Pedro,
28210,live,Left Foot Splash Grooves,https://admin.musora.com/admin#/content/drumeo/28210,https://www.musora.com/drumeo/live-streams/left-foot-splash-grooves/28210,2016-12-11,Beats,,Foot Technique,,,,Grooves,Independence,,,Pedro,
28210,live,Left Foot Splash Grooves,https://admin.musora.com/admin#/content/drumeo/28210,https://www.musora.com/drumeo/live-streams/left-foot-splash-grooves/28210,2016-12-11,Fills,,,,,,,,,,Pedro,
28210,live,Left Foot Splash Grooves,https://admin.musora.com/admin#/content/drumeo/28210,https://www.musora.com/drumeo/live-streams/left-foot-splash-grooves/28210,2016-12-11,Independence,,,,,,,,,,Pedro,
28210,live,Left Foot Splash Grooves,https://admin.musora.com/admin#/content/drumeo/28210,https://www.musora.com/drumeo/live-streams/left-foot-splash-grooves/28210,2016-12-11,Musicality,,,,,,,,,,Pedro,
282142,live,Drumeo Coaches Official Trailer,https://admin.musora.com/admin#/content/drumeo/282142,https://www.musora.com/drumeo/live-streams/drumeo-coaches-official-trailer/282142,2020-12-31,All,,,,,,,,,Other,Pedro,
282142,live,Drumeo Coaches Official Trailer,https://admin.musora.com/admin#/content/drumeo/282142,https://www.musora.com/drumeo/live-streams/drumeo-coaches-official-trailer/282142,2020-12-31,All,,,,,,,,,,Pedro,
28220,live,Beginner Triplet Fills,https://admin.musora.com/admin#/content/drumeo/28220,https://www.musora.com/drumeo/live-streams/5-ways-to-bring-musicality-to-jazz-figures/28220,2016-12-13,Fills,,,,,,Fills & Chops,,,,Pedro,
28223,live,"Jim Chapin's ""Tap Exercises""",https://admin.musora.com/admin#/content/drumeo/28223,https://www.musora.com/drumeo/live-streams/tba-44/28223,2016-12-14,Rudiments,,Hand Technique,Rudiments,,,,,,,Pedro,
28223,live,"Jim Chapin's ""Tap Exercises""",https://admin.musora.com/admin#/content/drumeo/28223,https://www.musora.com/drumeo/live-streams/tba-44/28223,2016-12-14,Technique,,,,,,,,,,Pedro,
28228,live,Holly Jolly Polyrhythms,https://admin.musora.com/admin#/content/drumeo/28228,https://www.musora.com/drumeo/live-streams/holly-jolly-polyrhythms/28228,2016-12-18,Beats,,Rudiments,Hand Technique,,,,,,,Pedro,
28228,live,Holly Jolly Polyrhythms,https://admin.musora.com/admin#/content/drumeo/28228,https://www.musora.com/drumeo/live-streams/holly-jolly-polyrhythms/28228,2016-12-18,Fills,,,,,,,,,,Pedro,
282842,question-and-answer,What really is the difference between 5/8 and 5/4?,https://admin.musora.com/admin#/content/drumeo/282842,https://www.musora.com/drumeo/question-and-answer/weekly-qa/282842,2021-01-18,all,,,,Time Signatures,Notation,,,,,Pedro,
282842,question-and-answer,What really is the difference between 5/8 and 5/4?,https://admin.musora.com/admin#/content/drumeo/282842,https://www.musora.com/drumeo/question-and-answer/weekly-qa/282842,2021-01-18,all,,,,,,,,,,Pedro,
282847,question-and-answer,Do I Need To Use Proper Counting In Fills?,https://admin.musora.com/admin#/content/drumeo/282847,https://www.musora.com/drumeo/question-and-answer/weekly-qa/282847,2021-01-25,all,,,,Ear Training,,Fills & Chops,,,,Pedro,
282847,question-and-answer,Do I Need To Use Proper Counting In Fills?,https://admin.musora.com/admin#/content/drumeo/282847,https://www.musora.com/drumeo/question-and-answer/weekly-qa/282847,2021-01-25,all,,,,,,,,,,Pedro,
28308,live,Play-Alongs For The Absolute Beginner,https://admin.musora.com/admin#/content/drumeo/28308,https://www.musora.com/drumeo/live-streams/tba-46/28308,2016-12-19,Musicality,,,,,,,,,Performance,Pedro,
28310,live,Them Main Breakbeats,https://admin.musora.com/admin#/content/drumeo/28310,https://www.musora.com/drumeo/live-streams/tba-45/28310,2016-12-20,Beats,,,,,,Grooves,Fills & Chops,,,Pedro,
28310,live,Them Main Breakbeats,https://admin.musora.com/admin#/content/drumeo/28310,https://www.musora.com/drumeo/live-streams/tba-45/28310,2016-12-20,Fills,,,,,,,,,,Pedro,
28310,live,Them Main Breakbeats,https://admin.musora.com/admin#/content/drumeo/28310,https://www.musora.com/drumeo/live-streams/tba-45/28310,2016-12-20,Musicality,,,,,,,,,,Pedro,
28312,live,Half-Bar Fills,https://admin.musora.com/admin#/content/drumeo/28312,https://www.musora.com/drumeo/live-streams/half-bar-fills/28312,2016-12-21,Fills,,,,,,,Fills & Chops,,,Pedro,
28318,live,Rudiment Burn - Singles & Doubles #2,https://admin.musora.com/admin#/content/drumeo/28318,https://www.musora.com/drumeo/live-streams/rudiment-burn-singles-doubles-2/28318,2016-12-27,Rudiments,,,Rudiments,,,,,,,Pedro,
28318,live,Rudiment Burn - Singles & Doubles #2,https://admin.musora.com/admin#/content/drumeo/28318,https://www.musora.com/drumeo/live-streams/rudiment-burn-singles-doubles-2/28318,2016-12-27,Rudiments,,,,,,,,,,Pedro,
283216,live,Drumeo New Student Webinar,https://admin.musora.com/admin#/content/drumeo/283216,https://www.musora.com/drumeo/live-streams/drumeo-new-members-webinar/283216,2021-01-15,all,,,,,,,,,Podcast,Pedro,
283216,live,Drumeo New Student Webinar,https://admin.musora.com/admin#/content/drumeo/283216,https://www.musora.com/drumeo/live-streams/drumeo-new-members-webinar/283216,2021-01-15,all,,,,,,,,,,Pedro,
28323,live,Three Clumsy Kick Grooves,https://admin.musora.com/admin#/content/drumeo/28323,https://www.musora.com/drumeo/live-streams/three-clumsy-kick-grooves/28323,2016-12-29,Beats,,,Foot Technique,,,Grooves,,,,Pedro,
28323,live,Three Clumsy Kick Grooves,https://admin.musora.com/admin#/content/drumeo/28323,https://www.musora.com/drumeo/live-streams/three-clumsy-kick-grooves/28323,2016-12-29,Beats,,,,,,,,,,Pedro,
28326,live,Using Toms Musically Inside A Groove #2,https://admin.musora.com/admin#/content/drumeo/28326,https://www.musora.com/drumeo/live-streams/tba-47/28326,2016-12-30,Beats,,,,,,Grooves,,,,Pedro,
28326,live,Using Toms Musically Inside A Groove #2,https://admin.musora.com/admin#/content/drumeo/28326,https://www.musora.com/drumeo/live-streams/tba-47/28326,2016-12-30,Musicality,,,,,,,,,,Pedro,
28328,live,12 Styles In 12 Months #1 - Rock,https://admin.musora.com/admin#/content/drumeo/28328,https://www.musora.com/drumeo/live-streams/tba-48/28328,2017-01-02,Beats,Pop/Rock,,,,,Grooves,Fills & Chops,,,Pedro,
28328,live,12 Styles In 12 Months #1 - Rock,https://admin.musora.com/admin#/content/drumeo/28328,https://www.musora.com/drumeo/live-streams/tba-48/28328,2017-01-02,Beats,,,,,,,,,,Pedro,
28328,live,12 Styles In 12 Months #1 - Rock,https://admin.musora.com/admin#/content/drumeo/28328,https://www.musora.com/drumeo/live-streams/tba-48/28328,2017-01-02,Fills,,,,,,,,,,Pedro,
28328,live,12 Styles In 12 Months #1 - Rock,https://admin.musora.com/admin#/content/drumeo/28328,https://www.musora.com/drumeo/live-streams/tba-48/28328,2017-01-02,Fills,,,,,,,,,,Pedro,
28328,live,12 Styles In 12 Months #1 - Rock,https://admin.musora.com/admin#/content/drumeo/28328,https://www.musora.com/drumeo/live-streams/tba-48/28328,2017-01-02,Styles,,,,,,,,,,Pedro,
28328,live,12 Styles In 12 Months #1 - Rock,https://admin.musora.com/admin#/content/drumeo/28328,https://www.musora.com/drumeo/live-streams/tba-48/28328,2017-01-02,Styles,,,,,,,,,,Pedro,
28337,live,Hi-Hat Foot Inside A Groove #1,https://admin.musora.com/admin#/content/drumeo/28337,https://www.musora.com/drumeo/live-streams/tba-49/28337,2017-01-06,Beats,,Foot Technique,,,,Grooves,Independence,,,Pedro,
28337,live,Hi-Hat Foot Inside A Groove #1,https://admin.musora.com/admin#/content/drumeo/28337,https://www.musora.com/drumeo/live-streams/tba-49/28337,2017-01-06,Musicality,,,,,,,,,,Pedro,
28340,live,Becoming Comfortable With 16th Note Beats,https://admin.musora.com/admin#/content/drumeo/28340,https://www.musora.com/drumeo/live-streams/tba-50/28340,2017-01-08,Beats,,Hand Technique,,,,Grooves,,,,Pedro,
28342,live,Independence Made Easy,https://admin.musora.com/admin#/content/drumeo/28342,https://www.musora.com/drumeo/live-streams/independence-made-easy-2/28342,2017-01-09,Independence,,,,,,,Independence,,,Pedro,
28342,live,Independence Made Easy,https://admin.musora.com/admin#/content/drumeo/28342,https://www.musora.com/drumeo/live-streams/independence-made-easy-2/28342,2017-01-09,Independence,,,,,,,,,,Pedro,
28345,live,Learning & Charting Songs,https://admin.musora.com/admin#/content/drumeo/28345,https://www.musora.com/drumeo/live-streams/learning-charting-songs/28345,2017-01-11,Ear Training,,,,Ear Training,Sight Reading,,,,,Pedro,
28345,live,Learning & Charting Songs,https://admin.musora.com/admin#/content/drumeo/28345,https://www.musora.com/drumeo/live-streams/learning-charting-songs/28345,2017-01-11,Musicality,,,,,,,,,,Pedro,
28361,live,Hi-Hat Foot Inside A Groove #2,https://admin.musora.com/admin#/content/drumeo/28361,https://www.musora.com/drumeo/live-streams/tba-52/28361,2017-01-13,Beats,,Foot Technique,,,,Grooves,Independence,,,Pedro,
28361,live,Hi-Hat Foot Inside A Groove #2,https://admin.musora.com/admin#/content/drumeo/28361,https://www.musora.com/drumeo/live-streams/tba-52/28361,2017-01-13,Musicality,,,,,,,,,,Pedro,
28367,live,Half-Time Shuffles,https://admin.musora.com/admin#/content/drumeo/28367,https://www.musora.com/drumeo/live-streams/half-time-shuffles/28367,2017-01-10,Beats,,,,,,Grooves,,,,Pedro,
28390,live,New Drumeo Play-Along Demo,https://admin.musora.com/admin#/content/drumeo/28390,https://www.musora.com/drumeo/live-streams/interview-with-adam-marko/28390,2017-01-17,Beats,,,,,,,Making Music,,Performance,Pedro,
28390,live,New Drumeo Play-Along Demo,https://admin.musora.com/admin#/content/drumeo/28390,https://www.musora.com/drumeo/live-streams/interview-with-adam-marko/28390,2017-01-17,Musicality,,,,,,,,,,Pedro,
28393,live,Rudiment Applications For Beginners,https://admin.musora.com/admin#/content/drumeo/28393,https://www.musora.com/drumeo/live-streams/tba-33/28393,2017-01-15,Beats,,Rudiments,Hand Technique,,,,,,,Pedro,
28393,live,Rudiment Applications For Beginners,https://admin.musora.com/admin#/content/drumeo/28393,https://www.musora.com/drumeo/live-streams/tba-33/28393,2017-01-15,Fills,,,,,,,,,,Pedro,
28393,live,Rudiment Applications For Beginners,https://admin.musora.com/admin#/content/drumeo/28393,https://www.musora.com/drumeo/live-streams/tba-33/28393,2017-01-15,Rudiments,,,,,,,,,,Pedro,
28396,live,Musical Phrasing Exercise,https://admin.musora.com/admin#/content/drumeo/28396,https://www.musora.com/drumeo/live-streams/tba-54/28396,2017-01-18,Ear Training,,,,Ear Training,,,Making Music,,,Pedro,
28396,live,Musical Phrasing Exercise,https://admin.musora.com/admin#/content/drumeo/28396,https://www.musora.com/drumeo/live-streams/tba-54/28396,2017-01-18,Musicality,,,,,,,,,,Pedro,
28399,live,"The Grooves Of Ziggy Modeliste - ""Just Kissed My Baby""",https://admin.musora.com/admin#/content/drumeo/28399,https://www.musora.com/drumeo/live-streams/mixed-subdivision-fills/28399,2017-01-19,Beats,Funk/Disco,,,,,Grooves,Fills & Chops,,,Pedro,
28399,live,"The Grooves Of Ziggy Modeliste - ""Just Kissed My Baby""",https://admin.musora.com/admin#/content/drumeo/28399,https://www.musora.com/drumeo/live-streams/mixed-subdivision-fills/28399,2017-01-19,Fills,,,,,,,,,,Pedro,
28399,live,"The Grooves Of Ziggy Modeliste - ""Just Kissed My Baby""",https://admin.musora.com/admin#/content/drumeo/28399,https://www.musora.com/drumeo/live-streams/mixed-subdivision-fills/28399,2017-01-19,Styles,,,,,,,,,,Pedro,
28402,live,"The Grooves Of Ziggy Modeliste - ""Pungee""",https://admin.musora.com/admin#/content/drumeo/28402,https://www.musora.com/drumeo/live-streams/tba-55/28402,2017-01-20,Beats,,,,,,,,,,Pedro,
28402,live,"The Grooves Of Ziggy Modeliste - ""Pungee""",https://admin.musora.com/admin#/content/drumeo/28402,https://www.musora.com/drumeo/live-streams/tba-55/28402,2017-01-20,Beats,,,,,,,,,,Pedro,
28402,live,"The Grooves Of Ziggy Modeliste - ""Pungee""",https://admin.musora.com/admin#/content/drumeo/28402,https://www.musora.com/drumeo/live-streams/tba-55/28402,2017-01-20,Fills,,,,,,,,,,Pedro,
28402,live,"The Grooves Of Ziggy Modeliste - ""Pungee""",https://admin.musora.com/admin#/content/drumeo/28402,https://www.musora.com/drumeo/live-streams/tba-55/28402,2017-01-20,Fills,,,,,,,,,,Pedro,
28402,live,"The Grooves Of Ziggy Modeliste - ""Pungee""",https://admin.musora.com/admin#/content/drumeo/28402,https://www.musora.com/drumeo/live-streams/tba-55/28402,2017-01-20,Styles,,,,,,,,,,Pedro,
28402,live,"The Grooves Of Ziggy Modeliste - ""Pungee""",https://admin.musora.com/admin#/content/drumeo/28402,https://www.musora.com/drumeo/live-streams/tba-55/28402,2017-01-20,Styles,,,,,,,,,,Pedro,
28404,live,Sixes & Twos,https://admin.musora.com/admin#/content/drumeo/28404,https://www.musora.com/drumeo/live-streams/sixes-twos/28404,2017-01-25,Fills,,,,,,Fills & Chops,,,,Pedro,
28404,live,Sixes & Twos,https://admin.musora.com/admin#/content/drumeo/28404,https://www.musora.com/drumeo/live-streams/sixes-twos/28404,2017-01-25,Fills,,,,,,,,,,Pedro,
28615,live,Drummer Tools To Enhance Musicality,https://admin.musora.com/admin#/content/drumeo/28615,https://www.musora.com/drumeo/live-streams/tba-51/28615,2017-01-24,Beats,,,,,,Grooves,Fills & Chops,,Performance,Pedro,
28615,live,Drummer Tools To Enhance Musicality,https://admin.musora.com/admin#/content/drumeo/28615,https://www.musora.com/drumeo/live-streams/tba-51/28615,2017-01-24,Beats,,,,,,,,,,Pedro,
28615,live,Drummer Tools To Enhance Musicality,https://admin.musora.com/admin#/content/drumeo/28615,https://www.musora.com/drumeo/live-streams/tba-51/28615,2017-01-24,Edutainment,,,,,,,,,,Pedro,
28615,live,Drummer Tools To Enhance Musicality,https://admin.musora.com/admin#/content/drumeo/28615,https://www.musora.com/drumeo/live-streams/tba-51/28615,2017-01-24,Edutainment,,,,,,,,,,Pedro,
28615,live,Drummer Tools To Enhance Musicality,https://admin.musora.com/admin#/content/drumeo/28615,https://www.musora.com/drumeo/live-streams/tba-51/28615,2017-01-24,Fills,,,,,,,,,,Pedro,
28615,live,Drummer Tools To Enhance Musicality,https://admin.musora.com/admin#/content/drumeo/28615,https://www.musora.com/drumeo/live-streams/tba-51/28615,2017-01-24,Fills,,,,,,,,,,Pedro,
28615,live,Drummer Tools To Enhance Musicality,https://admin.musora.com/admin#/content/drumeo/28615,https://www.musora.com/drumeo/live-streams/tba-51/28615,2017-01-24,Musicality,,,,,,,,,,Pedro,
28615,live,Drummer Tools To Enhance Musicality,https://admin.musora.com/admin#/content/drumeo/28615,https://www.musora.com/drumeo/live-streams/tba-51/28615,2017-01-24,Musicality,,,,,,,,,,Pedro,
28620,live,Pat's Hi-Hat Jabs,https://admin.musora.com/admin#/content/drumeo/28620,https://www.musora.com/drumeo/live-streams/tba-53/28620,2017-01-27,Beats,Funk/Disco,,,,,Fills & Chops,Grooves,,,Pedro,
28620,live,Pat's Hi-Hat Jabs,https://admin.musora.com/admin#/content/drumeo/28620,https://www.musora.com/drumeo/live-streams/tba-53/28620,2017-01-27,Beats,,,,,,,,,,Pedro,
28620,live,Pat's Hi-Hat Jabs,https://admin.musora.com/admin#/content/drumeo/28620,https://www.musora.com/drumeo/live-streams/tba-53/28620,2017-01-27,Fills,,,,,,,,,,Pedro,
28620,live,Pat's Hi-Hat Jabs,https://admin.musora.com/admin#/content/drumeo/28620,https://www.musora.com/drumeo/live-streams/tba-53/28620,2017-01-27,Fills,,,,,,,,,,Pedro,
28624,live,Ghostbusters - Conquering Space With Ghost Notes,https://admin.musora.com/admin#/content/drumeo/28624,https://www.musora.com/drumeo/live-streams/tba-56/28624,2017-01-29,Beats,,Hand Technique,,,,,Grooves,,,Pedro,
28624,live,Ghostbusters - Conquering Space With Ghost Notes,https://admin.musora.com/admin#/content/drumeo/28624,https://www.musora.com/drumeo/live-streams/tba-56/28624,2017-01-29,Fills,,,,,,,,,,Pedro,
28629,live,Paradiddle-diddle Triplets,https://admin.musora.com/admin#/content/drumeo/28629,https://www.musora.com/drumeo/live-streams/paradiddle-diddle-triples/28629,2017-01-31,Beats,,Rudiments,Hand Technique,,,,Fills & Chops,,,Pedro,
28629,live,Paradiddle-diddle Triplets,https://admin.musora.com/admin#/content/drumeo/28629,https://www.musora.com/drumeo/live-streams/paradiddle-diddle-triples/28629,2017-01-31,Beats,,,,,,,,,,Pedro,
28629,live,Paradiddle-diddle Triplets,https://admin.musora.com/admin#/content/drumeo/28629,https://www.musora.com/drumeo/live-streams/paradiddle-diddle-triples/28629,2017-01-31,Fills,,,,,,,,,,Pedro,
28629,live,Paradiddle-diddle Triplets,https://admin.musora.com/admin#/content/drumeo/28629,https://www.musora.com/drumeo/live-streams/paradiddle-diddle-triples/28629,2017-01-31,Fills,,,,,,,,,,Pedro,
28629,live,Paradiddle-diddle Triplets,https://admin.musora.com/admin#/content/drumeo/28629,https://www.musora.com/drumeo/live-streams/paradiddle-diddle-triples/28629,2017-01-31,Musicality,,,,,,,,,,Pedro,
28629,live,Paradiddle-diddle Triplets,https://admin.musora.com/admin#/content/drumeo/28629,https://www.musora.com/drumeo/live-streams/paradiddle-diddle-triples/28629,2017-01-31,Musicality,,,,,,,,,,Pedro,
28634,live,12 Styles In 12 Months #2 - Blues,https://admin.musora.com/admin#/content/drumeo/28634,https://www.musora.com/drumeo/live-streams/student-focus-27/28634,2017-02-02,Beats,Jazz/Blues,,,,,Fills & Chops,Grooves,,,Pedro,
28634,live,12 Styles In 12 Months #2 - Blues,https://admin.musora.com/admin#/content/drumeo/28634,https://www.musora.com/drumeo/live-streams/student-focus-27/28634,2017-02-02,Fills,,,,,,,,,,Pedro,
28634,live,12 Styles In 12 Months #2 - Blues,https://admin.musora.com/admin#/content/drumeo/28634,https://www.musora.com/drumeo/live-streams/student-focus-27/28634,2017-02-02,Styles,,,,,,,,,,Pedro,
286604,live,10 Drum Legends LIVE: Welcome To Drumeo Coaches,https://admin.musora.com/admin#/content/drumeo/286604,https://www.musora.com/drumeo/live-streams/10-drum-legends-live-welcome-to-drumeo-coaches/286604,2021-01-28,all,,,,,,,,,Podcast,Pedro,
28725,live,Non-Stick Grooves - Creating Textural Drum Parts #1,https://admin.musora.com/admin#/content/drumeo/28725,https://www.musora.com/drumeo/live-streams/tba-57/28725,2017-02-03,Beats,,Hand Technique,,,,Fills & Chops,Grooves,,Performance,Pedro,
28725,live,Non-Stick Grooves - Creating Textural Drum Parts #1,https://admin.musora.com/admin#/content/drumeo/28725,https://www.musora.com/drumeo/live-streams/tba-57/28725,2017-02-03,Musicality,,,,,,,,,,Pedro,
28728,live,"The ""Trash Can"" Song Ender",https://admin.musora.com/admin#/content/drumeo/28728,https://www.musora.com/drumeo/live-streams/tba-58/28728,2017-02-05,Fills,,,,,,Fills & Chops,,,,Pedro,
28728,live,"The ""Trash Can"" Song Ender",https://admin.musora.com/admin#/content/drumeo/28728,https://www.musora.com/drumeo/live-streams/tba-58/28728,2017-02-05,Musicality,,,,,,,,,,Pedro,
28731,live,Modern Afro-Cuban & World Rhythms,https://admin.musora.com/admin#/content/drumeo/28731,https://www.musora.com/drumeo/live-streams/tba-59/28731,2017-02-13,Beats,Latin/World,,,,,,Independence,,,Pedro,
28731,live,Modern Afro-Cuban & World Rhythms,https://admin.musora.com/admin#/content/drumeo/28731,https://www.musora.com/drumeo/live-streams/tba-59/28731,2017-02-13,Fills,,,,,,Fills & Chops,,,,Pedro,
287324,question-and-answer,What to consider when buying a new snare drum,https://admin.musora.com/admin#/content/drumeo/287324,https://www.musora.com/drumeo/question-and-answer/weekly-qa/287324,2021-02-01,all,,,,,,,,,Gigging Tips & Gear,Pedro,
287324,question-and-answer,What to consider when buying a new snare drum,https://admin.musora.com/admin#/content/drumeo/287324,https://www.musora.com/drumeo/question-and-answer/weekly-qa/287324,2021-02-01,all,,,,,,,,,,Pedro,
28734,live,Schack's 7-Stroke Tom-Spectacular,https://admin.musora.com/admin#/content/drumeo/28734,https://www.musora.com/drumeo/live-streams/tba-60/28734,2017-02-07,Fills,,Hand Technique,Rudiments,,,Fills & Chops,,,,Pedro,
28734,live,Schack's 7-Stroke Tom-Spectacular,https://admin.musora.com/admin#/content/drumeo/28734,https://www.musora.com/drumeo/live-streams/tba-60/28734,2017-02-07,Rudiments,,,,,,,,,,Pedro,
287342,question-and-answer,"Getting the best sound out of a 16"" Bass Drum",https://admin.musora.com/admin#/content/drumeo/287342,https://www.musora.com/drumeo/question-and-answer/drumeo-live-qa/287342,2021-02-23,all,,,,,,,,Gigging Tips & Gear,,Pedro,
287342,question-and-answer,"Getting the best sound out of a 16"" Bass Drum",https://admin.musora.com/admin#/content/drumeo/287342,https://www.musora.com/drumeo/question-and-answer/drumeo-live-qa/287342,2021-02-23,all,,,,,,,,,,Pedro,
287343,question-and-answer,Do I Really Need To Count While I Play Songs?,https://admin.musora.com/admin#/content/drumeo/287343,https://www.musora.com/drumeo/question-and-answer/drumeo-live-qa/287343,2021-03-08,all,,,,,Ear Training,,,,,Pedro,
287343,question-and-answer,Do I Really Need To Count While I Play Songs?,https://admin.musora.com/admin#/content/drumeo/287343,https://www.musora.com/drumeo/question-and-answer/drumeo-live-qa/287343,2021-03-08,all,,,,,,,,,,Pedro,
287344,question-and-answer,Selecting The Right Headphones For Drumming,https://admin.musora.com/admin#/content/drumeo/287344,https://www.musora.com/drumeo/question-and-answer/drumeo-live-qa/287344,2021-02-08,all,,,,,,,,,Gigging Tips & Gear,Pedro,
287344,question-and-answer,Selecting The Right Headphones For Drumming,https://admin.musora.com/admin#/content/drumeo/287344,https://www.musora.com/drumeo/question-and-answer/drumeo-live-qa/287344,2021-02-08,all,,,,,,,,,,Pedro,
287345,question-and-answer,Developing A Consistent Rimshot On An E-Kit,https://admin.musora.com/admin#/content/drumeo/287345,https://www.musora.com/drumeo/question-and-answer/drumeo-live-qa/287345,2021-03-01,all,,Hand Technique,,,,,,,,Pedro,
287345,question-and-answer,Developing A Consistent Rimshot On An E-Kit,https://admin.musora.com/admin#/content/drumeo/287345,https://www.musora.com/drumeo/question-and-answer/drumeo-live-qa/287345,2021-03-01,all,,,,,,,,,,Pedro,
28737,live,Band Dynamics,https://admin.musora.com/admin#/content/drumeo/28737,https://www.musora.com/drumeo/live-streams/tba-61/28737,2017-02-08,Musicality,,Dynamics,,,,Making Music,,,,Pedro,
28737,live,Band Dynamics,https://admin.musora.com/admin#/content/drumeo/28737,https://www.musora.com/drumeo/live-streams/tba-61/28737,2017-02-08,Styles,,,,,,,,,,Pedro,
28742,live,Non-Stick Grooves - Creating Textural Drum Parts #2,https://admin.musora.com/admin#/content/drumeo/28742,https://www.musora.com/drumeo/live-streams/tba-62/28742,2017-02-10,Beats,,,,,,,Grooves,,,Pedro,
28742,live,Non-Stick Grooves - Creating Textural Drum Parts #2,https://admin.musora.com/admin#/content/drumeo/28742,https://www.musora.com/drumeo/live-streams/tba-62/28742,2017-02-10,Beats,,,,,,,,,,Pedro,
28742,live,Non-Stick Grooves - Creating Textural Drum Parts #2,https://admin.musora.com/admin#/content/drumeo/28742,https://www.musora.com/drumeo/live-streams/tba-62/28742,2017-02-10,Musicality,,,,,,,,,,Pedro,
28742,live,Non-Stick Grooves - Creating Textural Drum Parts #2,https://admin.musora.com/admin#/content/drumeo/28742,https://www.musora.com/drumeo/live-streams/tba-62/28742,2017-02-10,Musicality,,,,,,,,,,Pedro,
28744,live,Double Bass Grooves Every Drummer Should Know,https://admin.musora.com/admin#/content/drumeo/28744,https://www.musora.com/drumeo/live-streams/tba-63/28744,2017-02-19,Beats,,,,,,,Double Bass,,,Pedro,
28804,live,Subtle Fills For Beginners,https://admin.musora.com/admin#/content/drumeo/28804,https://www.musora.com/drumeo/live-streams/subtle-fills-for-beginners-2/28804,2017-02-14,Fills,,,,,,Fills & Chops,,,,Pedro,
28806,live,Mixed Subdivision Fills,https://admin.musora.com/admin#/content/drumeo/28806,https://www.musora.com/drumeo/live-streams/tba-65/28806,2017-02-15,Fills,,,,,,Fills & Chops,Grooves,,,Pedro,
28806,live,Mixed Subdivision Fills,https://admin.musora.com/admin#/content/drumeo/28806,https://www.musora.com/drumeo/live-streams/tba-65/28806,2017-02-15,Fills,,,,,,,,,,Pedro,
28812,live,Non-Stick Grooves - Creating Textural Drum Parts #3,https://admin.musora.com/admin#/content/drumeo/28812,https://www.musora.com/drumeo/live-streams/tba-66/28812,2017-02-17,Beats,,,,,,,Grooves,,,Pedro,
28812,live,Non-Stick Grooves - Creating Textural Drum Parts #3,https://admin.musora.com/admin#/content/drumeo/28812,https://www.musora.com/drumeo/live-streams/tba-66/28812,2017-02-17,Beats,,,,,,,,,,Pedro,
28812,live,Non-Stick Grooves - Creating Textural Drum Parts #3,https://admin.musora.com/admin#/content/drumeo/28812,https://www.musora.com/drumeo/live-streams/tba-66/28812,2017-02-17,Musicality,,,,,,,,,,Pedro,
28812,live,Non-Stick Grooves - Creating Textural Drum Parts #3,https://admin.musora.com/admin#/content/drumeo/28812,https://www.musora.com/drumeo/live-streams/tba-66/28812,2017-02-17,Musicality,,,,,,,,,,Pedro,
28814,live,Subtle Fills For Intermediates,https://admin.musora.com/admin#/content/drumeo/28814,https://www.musora.com/drumeo/live-streams/subtle-fills-for-intermediates/28814,2017-02-26,Fills,,,,,,Fills & Chops,,,,Pedro,
28814,live,Subtle Fills For Intermediates,https://admin.musora.com/admin#/content/drumeo/28814,https://www.musora.com/drumeo/live-streams/subtle-fills-for-intermediates/28814,2017-02-26,Fills,,,,,,,,,,Pedro,
28816,live,Sounds & Choices - More Methods And Mechanics,https://admin.musora.com/admin#/content/drumeo/28816,https://www.musora.com/drumeo/live-streams/sounds-choices-more-methods-and-mechanics/28816,2017-02-20,Beats,,Foot Technique,Hand Technique,,,,Grooves,,,Pedro,
28816,live,Sounds & Choices - More Methods And Mechanics,https://admin.musora.com/admin#/content/drumeo/28816,https://www.musora.com/drumeo/live-streams/sounds-choices-more-methods-and-mechanics/28816,2017-02-20,Edutainment,,,,,,,,,,Pedro,
28816,live,Sounds & Choices - More Methods And Mechanics,https://admin.musora.com/admin#/content/drumeo/28816,https://www.musora.com/drumeo/live-streams/sounds-choices-more-methods-and-mechanics/28816,2017-02-20,Fills,,,,,,,,,,Pedro,
28816,live,Sounds & Choices - More Methods And Mechanics,https://admin.musora.com/admin#/content/drumeo/28816,https://www.musora.com/drumeo/live-streams/sounds-choices-more-methods-and-mechanics/28816,2017-02-20,Musicality,,,,,,,,,,Pedro,
28820,live,5 Ways To Bring Musicality To Big-Band Figures,https://admin.musora.com/admin#/content/drumeo/28820,https://www.musora.com/drumeo/live-streams/5-ways-to-bring-musicality-to-big-band-figures/28820,2017-02-22,Musicality,Jazz/Blues,,,,,,,,Performance,Pedro,
28820,live,5 Ways To Bring Musicality To Big-Band Figures,https://admin.musora.com/admin#/content/drumeo/28820,https://www.musora.com/drumeo/live-streams/5-ways-to-bring-musicality-to-big-band-figures/28820,2017-02-22,Musicality,,,,,,,,,Performance,Pedro,
28824,live,Non-Stick Grooves - Creating Textural Drum Parts #4,https://admin.musora.com/admin#/content/drumeo/28824,https://www.musora.com/drumeo/live-streams/tba-67/28824,2017-02-24,Beats,,,,,,,Grooves,,,Pedro,
28824,live,Non-Stick Grooves - Creating Textural Drum Parts #4,https://admin.musora.com/admin#/content/drumeo/28824,https://www.musora.com/drumeo/live-streams/tba-67/28824,2017-02-24,Beats,,,,,,,,,,Pedro,
28824,live,Non-Stick Grooves - Creating Textural Drum Parts #4,https://admin.musora.com/admin#/content/drumeo/28824,https://www.musora.com/drumeo/live-streams/tba-67/28824,2017-02-24,Musicality,,,,,,,,,,Pedro,
28824,live,Non-Stick Grooves - Creating Textural Drum Parts #4,https://admin.musora.com/admin#/content/drumeo/28824,https://www.musora.com/drumeo/live-streams/tba-67/28824,2017-02-24,Musicality,,,,,,,,,,Pedro,
28829,live,"Danny Carey Grooves - ""10,000 Days""",https://admin.musora.com/admin#/content/drumeo/28829,https://www.musora.com/drumeo/live-streams/danny-carey-grooves-10000-days/28829,2017-03-12,Beats,,,,,,,Grooves,,,Pedro,
28894,live,Rudiment Burn - 6-Stroke Roll,https://admin.musora.com/admin#/content/drumeo/28894,https://www.musora.com/drumeo/live-streams/rudiment-burn-6-stroke-roll/28894,2017-02-27,Rudiments,,Hand Technique,Rudiments,,Time Signatures,Independence,,,,Pedro,
28894,live,Rudiment Burn - 6-Stroke Roll,https://admin.musora.com/admin#/content/drumeo/28894,https://www.musora.com/drumeo/live-streams/rudiment-burn-6-stroke-roll/28894,2017-02-27,Rudiments,,,,,,,,,,Pedro,
28896,live,"Grooves & Fills From ""Pikalar""",https://admin.musora.com/admin#/content/drumeo/28896,https://www.musora.com/drumeo/live-streams/grooves-fills-from-pikalar/28896,2017-02-28,Beats,,,,,Time Signatures,Fills & Chops,Grooves,,,Pedro,
28896,live,"Grooves & Fills From ""Pikalar""",https://admin.musora.com/admin#/content/drumeo/28896,https://www.musora.com/drumeo/live-streams/grooves-fills-from-pikalar/28896,2017-02-28,Fills,,,,,,,,,,Pedro,
28898,live,Interview With Anika Nilles,https://admin.musora.com/admin#/content/drumeo/28898,https://www.musora.com/drumeo/live-streams/interview-with-anika-nilles/28898,2017-03-01,Edutainment,,,,,,,,,Performance,Pedro,
28900,live,12 Styles In 12 Months #3 - Country,https://admin.musora.com/admin#/content/drumeo/28900,https://www.musora.com/drumeo/live-streams/12-styles-in-12-months-3-country/28900,2017-03-02,Beats,Country/Folk,,,,,Fills & Chops,Grooves,,,Pedro,
28900,live,12 Styles In 12 Months #3 - Country,https://admin.musora.com/admin#/content/drumeo/28900,https://www.musora.com/drumeo/live-streams/12-styles-in-12-months-3-country/28900,2017-03-02,Beats,,,,,,,,,,Pedro,
28900,live,12 Styles In 12 Months #3 - Country,https://admin.musora.com/admin#/content/drumeo/28900,https://www.musora.com/drumeo/live-streams/12-styles-in-12-months-3-country/28900,2017-03-02,Fills,,,,,,,,,,Pedro,
28900,live,12 Styles In 12 Months #3 - Country,https://admin.musora.com/admin#/content/drumeo/28900,https://www.musora.com/drumeo/live-streams/12-styles-in-12-months-3-country/28900,2017-03-02,Fills,,,,,,,,,,Pedro,
28900,live,12 Styles In 12 Months #3 - Country,https://admin.musora.com/admin#/content/drumeo/28900,https://www.musora.com/drumeo/live-streams/12-styles-in-12-months-3-country/28900,2017-03-02,Styles,,,,,,,,,,Pedro,
28900,live,12 Styles In 12 Months #3 - Country,https://admin.musora.com/admin#/content/drumeo/28900,https://www.musora.com/drumeo/live-streams/12-styles-in-12-months-3-country/28900,2017-03-02,Styles,,,,,,,,,,Pedro,
28920,live,Buzzing Expressively Within Grooves,https://admin.musora.com/admin#/content/drumeo/28920,https://www.musora.com/drumeo/live-streams/buzzing-expressively-within-grooves/28920,2017-03-05,Beats,,Hand Technique,,,,,Grooves,,,Pedro,
28920,live,Buzzing Expressively Within Grooves,https://admin.musora.com/admin#/content/drumeo/28920,https://www.musora.com/drumeo/live-streams/buzzing-expressively-within-grooves/28920,2017-03-05,Musicality,,,,,,,,,,Pedro,
28922,live,Drum 'n' Bass & Jungle Grooves,https://admin.musora.com/admin#/content/drumeo/28922,https://www.musora.com/drumeo/live-streams/drum-n-bass-jungle-grooves/28922,2017-03-06,Beats,Funk/Disco,,,,,,Grooves,,,Pedro,
28922,live,Drum 'n' Bass & Jungle Grooves,https://admin.musora.com/admin#/content/drumeo/28922,https://www.musora.com/drumeo/live-streams/drum-n-bass-jungle-grooves/28922,2017-03-06,Styles,,,,,,,,,,Pedro,
28924,live,Drum 'n' Bass Q&A,https://admin.musora.com/admin#/content/drumeo/28924,https://www.musora.com/drumeo/live-streams/drum-n-bass-qa/28924,2017-03-07,Edutainment,Funk/Disco,,,,,,Grooves,,,Pedro,
28924,live,Drum 'n' Bass Q&A,https://admin.musora.com/admin#/content/drumeo/28924,https://www.musora.com/drumeo/live-streams/drum-n-bass-qa/28924,2017-03-07,Edutainment,,,,,,,,,,Pedro,
28959,live,U.S. Roots - Traditional Second-Line Snare Beats,https://admin.musora.com/admin#/content/drumeo/28959,https://www.musora.com/drumeo/live-streams/u-s-roots-traditional-second-line-snare-beats/28959,2017-03-03,Beats,,Hand Technique,,,,Fills & Chops,Grooves,,,Pedro,
28959,live,U.S. Roots - Traditional Second-Line Snare Beats,https://admin.musora.com/admin#/content/drumeo/28959,https://www.musora.com/drumeo/live-streams/u-s-roots-traditional-second-line-snare-beats/28959,2017-03-03,Fills,,,,,,,,,,Pedro,
28959,live,U.S. Roots - Traditional Second-Line Snare Beats,https://admin.musora.com/admin#/content/drumeo/28959,https://www.musora.com/drumeo/live-streams/u-s-roots-traditional-second-line-snare-beats/28959,2017-03-03,Styles,,,,,,,,,,Pedro,
28961,live,From Break To Beat,https://admin.musora.com/admin#/content/drumeo/28961,https://www.musora.com/drumeo/live-streams/tba-64/28961,2017-03-08,Beats,,Hand Technique,Rudiments,,,Fills & Chops,Grooves,,,Pedro,
28961,live,From Break To Beat,https://admin.musora.com/admin#/content/drumeo/28961,https://www.musora.com/drumeo/live-streams/tba-64/28961,2017-03-08,Beats,,,,,,,,,,Pedro,
28961,live,From Break To Beat,https://admin.musora.com/admin#/content/drumeo/28961,https://www.musora.com/drumeo/live-streams/tba-64/28961,2017-03-08,Fills,,,,,,,,,,Pedro,
28961,live,From Break To Beat,https://admin.musora.com/admin#/content/drumeo/28961,https://www.musora.com/drumeo/live-streams/tba-64/28961,2017-03-08,Fills,,,,,,,,,,Pedro,
28966,live,U.S. Roots - Second-Line Variations Using The Ride,https://admin.musora.com/admin#/content/drumeo/28966,https://www.musora.com/drumeo/live-streams/u-s-roots-second-line-variations-using-the-ride/28966,2017-03-10,Beats,,,,,,Fills & Chops,Grooves,,,Pedro,
28966,live,U.S. Roots - Second-Line Variations Using The Ride,https://admin.musora.com/admin#/content/drumeo/28966,https://www.musora.com/drumeo/live-streams/u-s-roots-second-line-variations-using-the-ride/28966,2017-03-10,Fills,,,,,,,,,,Pedro,
28966,live,U.S. Roots - Second-Line Variations Using The Ride,https://admin.musora.com/admin#/content/drumeo/28966,https://www.musora.com/drumeo/live-streams/u-s-roots-second-line-variations-using-the-ride/28966,2017-03-10,Styles,,,,,,,,,,Pedro,
28990,live,Applied Electronics - How To Drum To EDM,https://admin.musora.com/admin#/content/drumeo/28990,https://www.musora.com/drumeo/live-streams/applied-electronics-how-to-drum-to-edm/28990,2017-03-13,Beats,,,,,,,,,Gigging Tips & Gear,Pedro,
28990,live,Applied Electronics - How To Drum To EDM,https://admin.musora.com/admin#/content/drumeo/28990,https://www.musora.com/drumeo/live-streams/applied-electronics-how-to-drum-to-edm/28990,2017-03-13,Beats,,,,,,,,,,Pedro,
28990,live,Applied Electronics - How To Drum To EDM,https://admin.musora.com/admin#/content/drumeo/28990,https://www.musora.com/drumeo/live-streams/applied-electronics-how-to-drum-to-edm/28990,2017-03-13,Fills,,,,,,,,,,Pedro,
28990,live,Applied Electronics - How To Drum To EDM,https://admin.musora.com/admin#/content/drumeo/28990,https://www.musora.com/drumeo/live-streams/applied-electronics-how-to-drum-to-edm/28990,2017-03-13,Fills,,,,,,,,,,Pedro,
28990,live,Applied Electronics - How To Drum To EDM,https://admin.musora.com/admin#/content/drumeo/28990,https://www.musora.com/drumeo/live-streams/applied-electronics-how-to-drum-to-edm/28990,2017-03-13,Styles,,,,,,,,,,Pedro,
28990,live,Applied Electronics - How To Drum To EDM,https://admin.musora.com/admin#/content/drumeo/28990,https://www.musora.com/drumeo/live-streams/applied-electronics-how-to-drum-to-edm/28990,2017-03-13,Styles,,,,,,,,,,Pedro,
28992,live,Subtle Drum Intros For Beginners,https://admin.musora.com/admin#/content/drumeo/28992,https://www.musora.com/drumeo/live-streams/subtle-drum-intros-for-beginners/28992,2017-03-14,Fills,,,,,,Fills & Chops,,,,Pedro,
28992,live,Subtle Drum Intros For Beginners,https://admin.musora.com/admin#/content/drumeo/28992,https://www.musora.com/drumeo/live-streams/subtle-drum-intros-for-beginners/28992,2017-03-14,Musicality,,,,,,,Grooves,,,Pedro,
28998,live,U.S. Roots - Mardi Gras Indian Beats #1,https://admin.musora.com/admin#/content/drumeo/28998,https://www.musora.com/drumeo/live-streams/u-s-roots-mardi-gras-indian-beats-1/28998,2017-03-17,Beats,,,,,,Fills & Chops,Grooves,,,Pedro,
28998,live,U.S. Roots - Mardi Gras Indian Beats #1,https://admin.musora.com/admin#/content/drumeo/28998,https://www.musora.com/drumeo/live-streams/u-s-roots-mardi-gras-indian-beats-1/28998,2017-03-17,Fills,,,,,,,,,,Pedro,
28998,live,U.S. Roots - Mardi Gras Indian Beats #1,https://admin.musora.com/admin#/content/drumeo/28998,https://www.musora.com/drumeo/live-streams/u-s-roots-mardi-gras-indian-beats-1/28998,2017-03-17,Styles,,,,,,,,,,Pedro,
29001,live,Fun Fills With Flams - Beginners,https://admin.musora.com/admin#/content/drumeo/29001,https://www.musora.com/drumeo/live-streams/fun-fills-with-flams-beginners/29001,2017-03-19,Fills,,Rudiments,Hand Technique,,,,,,,Pedro,
29001,live,Fun Fills With Flams - Beginners,https://admin.musora.com/admin#/content/drumeo/29001,https://www.musora.com/drumeo/live-streams/fun-fills-with-flams-beginners/29001,2017-03-19,Fills,,,,,,,,,,Pedro,
29001,live,Fun Fills With Flams - Beginners,https://admin.musora.com/admin#/content/drumeo/29001,https://www.musora.com/drumeo/live-streams/fun-fills-with-flams-beginners/29001,2017-03-19,Rudiments,,,,,,,,,,Pedro,
29001,live,Fun Fills With Flams - Beginners,https://admin.musora.com/admin#/content/drumeo/29001,https://www.musora.com/drumeo/live-streams/fun-fills-with-flams-beginners/29001,2017-03-19,Rudiments,,,,,,,,,,Pedro,
29003,live,African Rhythms Applied To The Drum-set,https://admin.musora.com/admin#/content/drumeo/29003,https://www.musora.com/drumeo/live-streams/african-rhythms-applied-to-the-drum-set/29003,2017-03-20,Beats,Latin/World,,,,,,,,,Pedro,
29003,live,African Rhythms Applied To The Drum-set,https://admin.musora.com/admin#/content/drumeo/29003,https://www.musora.com/drumeo/live-streams/african-rhythms-applied-to-the-drum-set/29003,2017-03-20,Styles,,,,,,,,,,Pedro,
29005,live,Interview With Tosin Aribisala,https://admin.musora.com/admin#/content/drumeo/29005,https://www.musora.com/drumeo/live-streams/interview-with-tosin-aribisala/29005,2017-03-21,Edutainment,,,,,,,,,Podcast,Pedro,
29009,live,U.S. Roots - Mardi Gras Indian Beats #2,https://admin.musora.com/admin#/content/drumeo/29009,https://www.musora.com/drumeo/live-streams/u-s-roots-mardi-gras-indian-beats-2/29009,2017-03-24,Beats,,,,,,Fills & Chops,Grooves,,,Pedro,
29009,live,U.S. Roots - Mardi Gras Indian Beats #2,https://admin.musora.com/admin#/content/drumeo/29009,https://www.musora.com/drumeo/live-streams/u-s-roots-mardi-gras-indian-beats-2/29009,2017-03-24,Beats,,,,,,,,,,Pedro,
29009,live,U.S. Roots - Mardi Gras Indian Beats #2,https://admin.musora.com/admin#/content/drumeo/29009,https://www.musora.com/drumeo/live-streams/u-s-roots-mardi-gras-indian-beats-2/29009,2017-03-24,Fills,,,,,,,,,,Pedro,
29009,live,U.S. Roots - Mardi Gras Indian Beats #2,https://admin.musora.com/admin#/content/drumeo/29009,https://www.musora.com/drumeo/live-streams/u-s-roots-mardi-gras-indian-beats-2/29009,2017-03-24,Fills,,,,,,,,,,Pedro,
29009,live,U.S. Roots - Mardi Gras Indian Beats #2,https://admin.musora.com/admin#/content/drumeo/29009,https://www.musora.com/drumeo/live-streams/u-s-roots-mardi-gras-indian-beats-2/29009,2017-03-24,Styles,,,,,,,,,,Pedro,
29009,live,U.S. Roots - Mardi Gras Indian Beats #2,https://admin.musora.com/admin#/content/drumeo/29009,https://www.musora.com/drumeo/live-streams/u-s-roots-mardi-gras-indian-beats-2/29009,2017-03-24,Styles,,,,,,,,,,Pedro,
29012,live,Fun Fills With Drags - Intermediates,https://admin.musora.com/admin#/content/drumeo/29012,https://www.musora.com/drumeo/live-streams/fun-fills-with-drags-intermediates/29012,2017-03-26,Fills,,Rudiments,,,,Fills & Chops,Grooves,,,Pedro,
29012,live,Fun Fills With Drags - Intermediates,https://admin.musora.com/admin#/content/drumeo/29012,https://www.musora.com/drumeo/live-streams/fun-fills-with-drags-intermediates/29012,2017-03-26,Fills,,,,,,,,,,Pedro,
29012,live,Fun Fills With Drags - Intermediates,https://admin.musora.com/admin#/content/drumeo/29012,https://www.musora.com/drumeo/live-streams/fun-fills-with-drags-intermediates/29012,2017-03-26,Rudiments,,,,,,,,,,Pedro,
29012,live,Fun Fills With Drags - Intermediates,https://admin.musora.com/admin#/content/drumeo/29012,https://www.musora.com/drumeo/live-streams/fun-fills-with-drags-intermediates/29012,2017-03-26,Rudiments,,,,,,,,,,Pedro,
29096,live,5 Tips For Ending Songs,https://admin.musora.com/admin#/content/drumeo/29096,https://www.musora.com/drumeo/live-streams/5-common-song-enders/29096,2017-03-29,Musicality,,,,,,,,,Performance,Pedro,
29100,live,U.S. Roots - Mardi Gras Indian Beats #3,https://admin.musora.com/admin#/content/drumeo/29100,https://www.musora.com/drumeo/live-streams/u-s-roots-mardi-gras-indian-beats-3/29100,2017-03-31,Beats,,,,,,,Grooves,,,Pedro,
29100,live,U.S. Roots - Mardi Gras Indian Beats #3,https://admin.musora.com/admin#/content/drumeo/29100,https://www.musora.com/drumeo/live-streams/u-s-roots-mardi-gras-indian-beats-3/29100,2017-03-31,Beats,,,,,,,,,,Pedro,
29100,live,U.S. Roots - Mardi Gras Indian Beats #3,https://admin.musora.com/admin#/content/drumeo/29100,https://www.musora.com/drumeo/live-streams/u-s-roots-mardi-gras-indian-beats-3/29100,2017-03-31,Fills,,,,,,,,,,Pedro,
29100,live,U.S. Roots - Mardi Gras Indian Beats #3,https://admin.musora.com/admin#/content/drumeo/29100,https://www.musora.com/drumeo/live-streams/u-s-roots-mardi-gras-indian-beats-3/29100,2017-03-31,Fills,,,,,,,,,,Pedro,
29100,live,U.S. Roots - Mardi Gras Indian Beats #3,https://admin.musora.com/admin#/content/drumeo/29100,https://www.musora.com/drumeo/live-streams/u-s-roots-mardi-gras-indian-beats-3/29100,2017-03-31,Styles,,,,,,,,,,Pedro,
29100,live,U.S. Roots - Mardi Gras Indian Beats #3,https://admin.musora.com/admin#/content/drumeo/29100,https://www.musora.com/drumeo/live-streams/u-s-roots-mardi-gras-indian-beats-3/29100,2017-03-31,Styles,,,,,,,,,,Pedro,
29102,live,Linearizing Your Go-To Beats,https://admin.musora.com/admin#/content/drumeo/29102,https://www.musora.com/drumeo/live-streams/linearizing-your-go-to-beats/29102,2017-04-02,Musicality,,,,,,,Independence,,,Pedro,
291055,live,Drumeo New Student Webinar,https://admin.musora.com/admin#/content/drumeo/291055,https://www.musora.com/drumeo/live-streams/drumeo-new-student-webinar/291055,2021-02-19,all,,,,,,,,,Podcast,Pedro,
291055,live,Drumeo New Student Webinar,https://admin.musora.com/admin#/content/drumeo/291055,https://www.musora.com/drumeo/live-streams/drumeo-new-student-webinar/291055,2021-02-19,all,,,,,,,,,,Pedro,
29195,live,12 Styles In 12 Months #4 - Reggae,https://admin.musora.com/admin#/content/drumeo/29195,https://www.musora.com/drumeo/live-streams/12-styles-in-12-months-reggae/29195,2017-04-05,Beats,,,,,,Fills & Chops,Grooves,,,Pedro,
29195,live,12 Styles In 12 Months #4 - Reggae,https://admin.musora.com/admin#/content/drumeo/29195,https://www.musora.com/drumeo/live-streams/12-styles-in-12-months-reggae/29195,2017-04-05,Fills,,,,,,,,,,Pedro,
29195,live,12 Styles In 12 Months #4 - Reggae,https://admin.musora.com/admin#/content/drumeo/29195,https://www.musora.com/drumeo/live-streams/12-styles-in-12-months-reggae/29195,2017-04-05,Styles,,,,,,,,,,Pedro,
29197,live,"Danny Carey Grooves - ""Lateralus""",https://admin.musora.com/admin#/content/drumeo/29197,https://www.musora.com/drumeo/live-streams/danny-carey-grooves-lateralus/29197,2017-04-09,Beats,,,,,Time Signatures,Independence,,,,Pedro,
29227,live,20-Minute Pad Workout,https://admin.musora.com/admin#/content/drumeo/29227,https://www.musora.com/drumeo/live-streams/tba-69/29227,2017-04-03,Rudiments,,Rudiments,,,,,,,,Pedro,
29232,live,Tasteful Kick & Snare Grooves,https://admin.musora.com/admin#/content/drumeo/29232,https://www.musora.com/drumeo/live-streams/tasteful-kick-snare-grooves/29232,2017-04-07,Beats,Pop/Rock,,,,,,Grooves,,,Pedro,
29242,live,Dynamics In Metal,https://admin.musora.com/admin#/content/drumeo/29242,https://www.musora.com/drumeo/live-streams/dynamics-in-metal/29242,2017-04-11,Musicality,Hard Rock/Metal,,Dynamics,,,,,,,Pedro,
29248,live,Exploring Rhythmic Figures #1,https://admin.musora.com/admin#/content/drumeo/29248,https://www.musora.com/drumeo/live-streams/exploring-rhythmic-figures-1/29248,2017-04-16,Fills,,,,,,Fills & Chops,,,,Pedro,
29248,live,Exploring Rhythmic Figures #1,https://admin.musora.com/admin#/content/drumeo/29248,https://www.musora.com/drumeo/live-streams/exploring-rhythmic-figures-1/29248,2017-04-16,Musicality,,,,,,,,,,Pedro,
29257,live,"U.S. Roots - Earl Palmer, Father Of Rock Drumming",https://admin.musora.com/admin#/content/drumeo/29257,https://www.musora.com/drumeo/live-streams/u-s-roots-earl-palmer-father-of-rock-drumming/29257,2017-04-21,Beats,Pop/Rock,,,,,Fills & Chops,Grooves,,,Pedro,
29257,live,"U.S. Roots - Earl Palmer, Father Of Rock Drumming",https://admin.musora.com/admin#/content/drumeo/29257,https://www.musora.com/drumeo/live-streams/u-s-roots-earl-palmer-father-of-rock-drumming/29257,2017-04-21,Fills,,,,,,,,,,Pedro,
29257,live,"U.S. Roots - Earl Palmer, Father Of Rock Drumming",https://admin.musora.com/admin#/content/drumeo/29257,https://www.musora.com/drumeo/live-streams/u-s-roots-earl-palmer-father-of-rock-drumming/29257,2017-04-21,Styles,,,,,,,,,,Pedro,
29259,live,Exploring Rhythmic Figures #2,https://admin.musora.com/admin#/content/drumeo/29259,https://www.musora.com/drumeo/live-streams/exploring-rhythmic-figures-2/29259,2017-04-23,Fills,,,,,,Fills & Chops,Grooves,,,Pedro,
29259,live,Exploring Rhythmic Figures #2,https://admin.musora.com/admin#/content/drumeo/29259,https://www.musora.com/drumeo/live-streams/exploring-rhythmic-figures-2/29259,2017-04-23,Musicality,,,,,,,,,,Pedro,
29321,live,Interview With Robb Ryan,https://admin.musora.com/admin#/content/drumeo/29321,https://www.musora.com/drumeo/live-streams/interview-with-robb-ryan/29321,2017-04-25,Edutainment,,,,,,,,,Performance,Pedro,
29321,live,Interview With Robb Ryan,https://admin.musora.com/admin#/content/drumeo/29321,https://www.musora.com/drumeo/live-streams/interview-with-robb-ryan/29321,2017-04-25,Edutainment,,,,,,,,,,Pedro,
29359,live,New Orleans Cajun & Zydeco Essentials,https://admin.musora.com/admin#/content/drumeo/29359,https://www.musora.com/drumeo/live-streams/u-s-roots-classic-earl-palmer/29359,2017-04-28,Beats,,,,,,,Grooves,,,Pedro,
29359,live,New Orleans Cajun & Zydeco Essentials,https://admin.musora.com/admin#/content/drumeo/29359,https://www.musora.com/drumeo/live-streams/u-s-roots-classic-earl-palmer/29359,2017-04-28,Beats,,,,,,,,,,Pedro,
29359,live,New Orleans Cajun & Zydeco Essentials,https://admin.musora.com/admin#/content/drumeo/29359,https://www.musora.com/drumeo/live-streams/u-s-roots-classic-earl-palmer/29359,2017-04-28,Styles,,,,,,,,,,Pedro,
29359,live,New Orleans Cajun & Zydeco Essentials,https://admin.musora.com/admin#/content/drumeo/29359,https://www.musora.com/drumeo/live-streams/u-s-roots-classic-earl-palmer/29359,2017-04-28,Styles,,,,,,,,,,Pedro,
29363,live,Exploring Rhythmic Figures #3,https://admin.musora.com/admin#/content/drumeo/29363,https://www.musora.com/drumeo/live-streams/exploring-rhythmic-figures-3/29363,2017-04-30,Fills,,,,Notation,Time Signatures,Fills & Chops,Grooves,,,Pedro,
29363,live,Exploring Rhythmic Figures #3,https://admin.musora.com/admin#/content/drumeo/29363,https://www.musora.com/drumeo/live-streams/exploring-rhythmic-figures-3/29363,2017-04-30,Fills,,,,,,,,,,Pedro,
29363,live,Exploring Rhythmic Figures #3,https://admin.musora.com/admin#/content/drumeo/29363,https://www.musora.com/drumeo/live-streams/exploring-rhythmic-figures-3/29363,2017-04-30,Musicality,,,,,,,,,,Pedro,
29363,live,Exploring Rhythmic Figures #3,https://admin.musora.com/admin#/content/drumeo/29363,https://www.musora.com/drumeo/live-streams/exploring-rhythmic-figures-3/29363,2017-04-30,Musicality,,,,,,,,,,Pedro,
29366,live,12 Styles In 12 Months #5 - Metal,https://admin.musora.com/admin#/content/drumeo/29366,https://www.musora.com/drumeo/live-streams/12-styles-in-12-months-5-metal/29366,2017-05-01,Beats,Hard Rock/Metal,,,,,Grooves,Fills & Chops,,,Pedro,
29366,live,12 Styles In 12 Months #5 - Metal,https://admin.musora.com/admin#/content/drumeo/29366,https://www.musora.com/drumeo/live-streams/12-styles-in-12-months-5-metal/29366,2017-05-01,Beats,,,,,,,,,,Pedro,
29366,live,12 Styles In 12 Months #5 - Metal,https://admin.musora.com/admin#/content/drumeo/29366,https://www.musora.com/drumeo/live-streams/12-styles-in-12-months-5-metal/29366,2017-05-01,Fills,,,,,,,,,,Pedro,
29366,live,12 Styles In 12 Months #5 - Metal,https://admin.musora.com/admin#/content/drumeo/29366,https://www.musora.com/drumeo/live-streams/12-styles-in-12-months-5-metal/29366,2017-05-01,Fills,,,,,,,,,,Pedro,
29366,live,12 Styles In 12 Months #5 - Metal,https://admin.musora.com/admin#/content/drumeo/29366,https://www.musora.com/drumeo/live-streams/12-styles-in-12-months-5-metal/29366,2017-05-01,Styles,,,,,,,,,,Pedro,
29366,live,12 Styles In 12 Months #5 - Metal,https://admin.musora.com/admin#/content/drumeo/29366,https://www.musora.com/drumeo/live-streams/12-styles-in-12-months-5-metal/29366,2017-05-01,Styles,,,,,,,,,,Pedro,
29370,live,"Fill Concept - The ""7-7-2"" Phrasing",https://admin.musora.com/admin#/content/drumeo/29370,https://www.musora.com/drumeo/live-streams/fill-concept-the-7-7-2-phrasing/29370,2017-05-05,Fills,,,,Notation,,,Grooves,,,Pedro,
29370,live,"Fill Concept - The ""7-7-2"" Phrasing",https://admin.musora.com/admin#/content/drumeo/29370,https://www.musora.com/drumeo/live-streams/fill-concept-the-7-7-2-phrasing/29370,2017-05-05,Fills,,,,,,,,,,Pedro,
293848,live,Building Your Weaker Hand,https://admin.musora.com/admin#/content/drumeo/293848,https://www.musora.com/drumeo/live-streams/jack-thomas-jared-falk-old-school-live/293848,2021-03-22,Technique,,Hand Technique,,,,,,,,Pedro,
29404,live,Hand-To-Foot Combination Fills For Metal,https://admin.musora.com/admin#/content/drumeo/29404,https://www.musora.com/drumeo/live-streams/tba-72/29404,2017-05-03,Fills,Hard Rock/Metal,Hand Technique,Foot Technique,,,,,,,Pedro,
29404,live,Hand-To-Foot Combination Fills For Metal,https://admin.musora.com/admin#/content/drumeo/29404,https://www.musora.com/drumeo/live-streams/tba-72/29404,2017-05-03,Fills,,,,,,,,,,Pedro,
29407,live,Exploring Rhythmic Figures #4,https://admin.musora.com/admin#/content/drumeo/29407,https://www.musora.com/drumeo/live-streams/tba-73/29407,2017-05-07,Fills,,,,Notation,Time Signatures,Independence,,,,Pedro,
29407,live,Exploring Rhythmic Figures #4,https://admin.musora.com/admin#/content/drumeo/29407,https://www.musora.com/drumeo/live-streams/tba-73/29407,2017-05-07,Fills,,,,,,,,,,Pedro,
29407,live,Exploring Rhythmic Figures #4,https://admin.musora.com/admin#/content/drumeo/29407,https://www.musora.com/drumeo/live-streams/tba-73/29407,2017-05-07,Musicality,,,,,,,,,,Pedro,
29407,live,Exploring Rhythmic Figures #4,https://admin.musora.com/admin#/content/drumeo/29407,https://www.musora.com/drumeo/live-streams/tba-73/29407,2017-05-07,Musicality,,,,,,,,,,Pedro,
29410,live,Finding Your Voice With Brushes,https://admin.musora.com/admin#/content/drumeo/29410,https://www.musora.com/drumeo/live-streams/tba-74/29410,2017-05-08,Beats,,Hand Technique,,,,,,,,Pedro,
29410,live,Finding Your Voice With Brushes,https://admin.musora.com/admin#/content/drumeo/29410,https://www.musora.com/drumeo/live-streams/tba-74/29410,2017-05-08,Technique,,,,,,,,,,Pedro,
29412,live,Interview With Jason Sutter,https://admin.musora.com/admin#/content/drumeo/29412,https://www.musora.com/drumeo/live-streams/interview-with-jason-sutter/29412,2017-05-09,Edutainment,,,,,,,,,Performance,Pedro,
29416,live,New Orleans Funk #1,https://admin.musora.com/admin#/content/drumeo/29416,https://www.musora.com/drumeo/live-streams/new-orleans-funk-1/29416,2017-05-12,Beats,Funk/Disco,,,,,Grooves,,,,Pedro,
29416,live,New Orleans Funk #1,https://admin.musora.com/admin#/content/drumeo/29416,https://www.musora.com/drumeo/live-streams/new-orleans-funk-1/29416,2017-05-12,Beats,,,,,,,,,,Pedro,
29416,live,New Orleans Funk #1,https://admin.musora.com/admin#/content/drumeo/29416,https://www.musora.com/drumeo/live-streams/new-orleans-funk-1/29416,2017-05-12,Styles,,,,,,,,,,Pedro,
29416,live,New Orleans Funk #1,https://admin.musora.com/admin#/content/drumeo/29416,https://www.musora.com/drumeo/live-streams/new-orleans-funk-1/29416,2017-05-12,Styles,,,,,,,,,,Pedro,
294666,live,Drumeo New Student Webinar,https://admin.musora.com/admin#/content/drumeo/294666,https://www.musora.com/drumeo/live-streams/drumeo-new-student-webinar/294666,2021-03-15,all,,,,,,,,Other,,Pedro,
294666,live,Drumeo New Student Webinar,https://admin.musora.com/admin#/content/drumeo/294666,https://www.musora.com/drumeo/live-streams/drumeo-new-student-webinar/294666,2021-03-15,all,,,,,,,,,,Pedro,
29510,live,Hybrid Rhythms On The Conga,https://admin.musora.com/admin#/content/drumeo/29510,https://www.musora.com/drumeo/live-streams/tba-75/29510,2017-05-16,All,Latin/World,Hand Technique,,,,,,,,Pedro,
29510,live,Hybrid Rhythms On The Conga,https://admin.musora.com/admin#/content/drumeo/29510,https://www.musora.com/drumeo/live-streams/tba-75/29510,2017-05-16,All,,,,,,,,,,Pedro,
29512,live,"Play Music, Not Rudiments",https://admin.musora.com/admin#/content/drumeo/29512,https://www.musora.com/drumeo/live-streams/tba-76/29512,2017-05-17,Musicality,,,,Ear Training,,,,,,Pedro,
29512,live,"Play Music, Not Rudiments",https://admin.musora.com/admin#/content/drumeo/29512,https://www.musora.com/drumeo/live-streams/tba-76/29512,2017-05-17,Rudiments,,,,,,,,,,Pedro,
29514,live,Interview With John Wooton,https://admin.musora.com/admin#/content/drumeo/29514,https://www.musora.com/drumeo/live-streams/interview-with-john-wooton/29514,2017-05-18,Edutainment,,Hand Technique,Rudiments,,,,,,,Pedro,
29516,live,New Orleans Funk #2,https://admin.musora.com/admin#/content/drumeo/29516,https://www.musora.com/drumeo/live-streams/new-orleans-funk-2/29516,2017-05-19,Beats,Funk/Disco,,,,,Grooves,,,,Pedro,
29516,live,New Orleans Funk #2,https://admin.musora.com/admin#/content/drumeo/29516,https://www.musora.com/drumeo/live-streams/new-orleans-funk-2/29516,2017-05-19,Beats,,,,,,,,,,Pedro,
29516,live,New Orleans Funk #2,https://admin.musora.com/admin#/content/drumeo/29516,https://www.musora.com/drumeo/live-streams/new-orleans-funk-2/29516,2017-05-19,Styles,,,,,,,,,,Pedro,
29516,live,New Orleans Funk #2,https://admin.musora.com/admin#/content/drumeo/29516,https://www.musora.com/drumeo/live-streams/new-orleans-funk-2/29516,2017-05-19,Styles,,,,,,,,,,Pedro,
29520,live,Luke Holland's Favorite Beats & Fills,https://admin.musora.com/admin#/content/drumeo/29520,https://www.musora.com/drumeo/live-streams/tba-77/29520,2017-05-22,Beats,Hard Rock/Metal,,,,,Grooves,Fills & Chops,,,Stefan,
29520,live,Luke Holland's Favorite Beats & Fills,https://admin.musora.com/admin#/content/drumeo/29520,https://www.musora.com/drumeo/live-streams/tba-77/29520,2017-05-22,Fills,,,,,,,,,,Stefan,
29524,live,New Orleans Funk #3,https://admin.musora.com/admin#/content/drumeo/29524,https://www.musora.com/drumeo/live-streams/new-orleans-funk-3/29524,2017-06-23,Beats,Funk/Disco,,,,,Grooves,,,,Stefan,
29524,live,New Orleans Funk #3,https://admin.musora.com/admin#/content/drumeo/29524,https://www.musora.com/drumeo/live-streams/new-orleans-funk-3/29524,2017-06-23,Beats,,,,,,,,,,Stefan,
29524,live,New Orleans Funk #3,https://admin.musora.com/admin#/content/drumeo/29524,https://www.musora.com/drumeo/live-streams/new-orleans-funk-3/29524,2017-06-23,Styles,,,,,,,,,,Stefan,
29524,live,New Orleans Funk #3,https://admin.musora.com/admin#/content/drumeo/29524,https://www.musora.com/drumeo/live-streams/new-orleans-funk-3/29524,2017-06-23,Styles,,,,,,,,,,Stefan,
29528,live,A World Of Rhythmic Possibilities,https://admin.musora.com/admin#/content/drumeo/29528,https://www.musora.com/drumeo/live-streams/a-world-of-rhythmic-possibilities/29528,2017-05-30,Beats,,,,,,Independence,Fills & Chops,,,Stefan,
29528,live,A World Of Rhythmic Possibilities,https://admin.musora.com/admin#/content/drumeo/29528,https://www.musora.com/drumeo/live-streams/a-world-of-rhythmic-possibilities/29528,2017-05-30,Independence,,,,,,,,,,Stefan,
295403,question-and-answer,What To Look For In A Good Drum Throne,https://admin.musora.com/admin#/content/drumeo/295403,https://www.musora.com/drumeo/question-and-answer/weekly-q-a/295403,2021-03-15,all,,,,,,,,Gigging Tips & Gear,,Stefan,
295404,question-and-answer,How do I keep my Feet grounded on the pedals?,https://admin.musora.com/admin#/content/drumeo/295404,https://www.musora.com/drumeo/question-and-answer/weekly-q-n-a/295404,2021-05-03,all,,Foot Technique,,,,,,,,Stefan,
295404,question-and-answer,How do I keep my Feet grounded on the pedals?,https://admin.musora.com/admin#/content/drumeo/295404,https://www.musora.com/drumeo/question-and-answer/weekly-q-n-a/295404,2021-05-03,all,,,,,,,,,,Stefan,
295405,question-and-answer,Weekly Q & A,https://admin.musora.com/admin#/content/drumeo/295405,https://www.musora.com/drumeo/question-and-answer/weekly-q-a/295405,2021-04-05,all,,,,,,,,Other,,Stefan,
295405,question-and-answer,Weekly Q & A,https://admin.musora.com/admin#/content/drumeo/295405,https://www.musora.com/drumeo/question-and-answer/weekly-q-a/295405,2021-04-05,all,,,,,,,,,,Stefan,
295769,live,Drumeo's 9th Anniversary Special,https://admin.musora.com/admin#/content/drumeo/295769,https://www.musora.com/drumeo/live-streams/drumeo-s-9th-anniversary-special/295769,2021-03-29,all,,,,,,,,Other,,Stefan,
295769,live,Drumeo's 9th Anniversary Special,https://admin.musora.com/admin#/content/drumeo/295769,https://www.musora.com/drumeo/live-streams/drumeo-s-9th-anniversary-special/295769,2021-03-29,all,,,,,,,,,,Stefan,
29691,live,Simon-Says Drum Practice #4,https://admin.musora.com/admin#/content/drumeo/29691,https://www.musora.com/drumeo/live-streams/simon-says-drum-practice-4/29691,2017-06-01,Ear Training,,,,Ear Training,,,,,,Stefan,
29691,live,Simon-Says Drum Practice #4,https://admin.musora.com/admin#/content/drumeo/29691,https://www.musora.com/drumeo/live-streams/simon-says-drum-practice-4/29691,2017-06-01,Ear Training,,,,,,,,,,Stefan,
29698,live,Opening Up Your Doubles - Beginners,https://admin.musora.com/admin#/content/drumeo/29698,https://www.musora.com/drumeo/live-streams/opening-up-your-doubles-beginners-2/29698,2017-06-04,Rudiments,,Rudiments,,,,,,,,Stefan,
29700,live,12 Styles In 12 Months #6 - New Orleans,https://admin.musora.com/admin#/content/drumeo/29700,https://www.musora.com/drumeo/live-streams/12-styles-in-12-months-6-new-orleans/29700,2017-06-05,Styles,Funk/Disco,,,,,Grooves,,,,Stefan,
29700,live,12 Styles In 12 Months #6 - New Orleans,https://admin.musora.com/admin#/content/drumeo/29700,https://www.musora.com/drumeo/live-streams/12-styles-in-12-months-6-new-orleans/29700,2017-06-05,Styles,,,,,,,,,,Stefan,
29747,live,Legendary Tips For Modern Drummers,https://admin.musora.com/admin#/content/drumeo/29747,https://www.musora.com/drumeo/live-streams/tba-78/29747,2017-06-08,All,Funk/Disco,,,,,Grooves,Independence,,,Stefan,
29753,live,The Drunken Shuffle,https://admin.musora.com/admin#/content/drumeo/29753,https://www.musora.com/drumeo/live-streams/the-drunken-shuffle/29753,2017-06-11,Beats,,,,,,Grooves,,,,Stefan,
29760,live,Simon-Says Drum Practice #5,https://admin.musora.com/admin#/content/drumeo/29760,https://www.musora.com/drumeo/live-streams/simon-says-drum-practice-5/29760,2017-06-14,Ear Training,,,,Ear Training,,,,,,Stefan,
29760,live,Simon-Says Drum Practice #5,https://admin.musora.com/admin#/content/drumeo/29760,https://www.musora.com/drumeo/live-streams/simon-says-drum-practice-5/29760,2017-06-14,Ear Training,,,,,,,,,,Stefan,
29764,live,Getting Started With Hand-To-Foot Combinations,https://admin.musora.com/admin#/content/drumeo/29764,https://www.musora.com/drumeo/live-streams/getting-started-with-hand-to-foot-combinations/29764,2017-06-18,Fills,Pop/Rock,,,,,Fills & Chops,,,,Stefan,
29764,live,Getting Started With Hand-To-Foot Combinations,https://admin.musora.com/admin#/content/drumeo/29764,https://www.musora.com/drumeo/live-streams/getting-started-with-hand-to-foot-combinations/29764,2017-06-18,Fills,,,,,,,,,,Stefan,
29764,live,Getting Started With Hand-To-Foot Combinations,https://admin.musora.com/admin#/content/drumeo/29764,https://www.musora.com/drumeo/live-streams/getting-started-with-hand-to-foot-combinations/29764,2017-06-18,Technique,,,,,,,,,,Stefan,
29764,live,Getting Started With Hand-To-Foot Combinations,https://admin.musora.com/admin#/content/drumeo/29764,https://www.musora.com/drumeo/live-streams/getting-started-with-hand-to-foot-combinations/29764,2017-06-18,Technique,,,,,,,,,,Stefan,
29768,live,Everything You Need To Become A Rock Drummer,https://admin.musora.com/admin#/content/drumeo/29768,https://www.musora.com/drumeo/live-streams/tba-79/29768,2017-06-19,All,Pop/Rock,,,,,,,,,Stefan,
29777,live,Soloing In New Orleans Style,https://admin.musora.com/admin#/content/drumeo/29777,https://www.musora.com/drumeo/live-streams/soloing-in-new-orleans-style/29777,2017-06-30,Musicality,Funk/Disco,,,,,Fills & Chops,,,,Stefan,
29777,live,Soloing In New Orleans Style,https://admin.musora.com/admin#/content/drumeo/29777,https://www.musora.com/drumeo/live-streams/soloing-in-new-orleans-style/29777,2017-06-30,Musicality,,,,,,,,,,Stefan,
29779,live,Intermediate Hand-To-Foot Combinations,https://admin.musora.com/admin#/content/drumeo/29779,https://www.musora.com/drumeo/live-streams/intermediate-hand-to-foot-combinations/29779,2017-06-25,Fills,Pop/Rock,,,,,Fills & Chops,,,,Stefan,
298601,live,Mastering Odd Time,https://admin.musora.com/admin#/content/drumeo/298601,https://www.musora.com/drumeo/live-streams/mastering-odd-time/298601,2021-05-07,all,Hard Rock/Metal,,,Time Signatures,,,,,,Stefan,
298786,question-and-answer,What Are The Best Earplugs For Drummers?,https://admin.musora.com/admin#/content/drumeo/298786,https://www.musora.com/drumeo/question-and-answer/weekly-qa/298786,2021-04-12,all,,,,,,,,Gigging Tips & Gear,,Stefan,
298786,question-and-answer,What Are The Best Earplugs For Drummers?,https://admin.musora.com/admin#/content/drumeo/298786,https://www.musora.com/drumeo/question-and-answer/weekly-qa/298786,2021-04-12,all,,,,,,,,,,Stefan,
29889,live,Intermediate Kick Drum Expansion,https://admin.musora.com/admin#/content/drumeo/29889,https://www.musora.com/drumeo/live-streams/intermediate-kick-drum-expansion/29889,2017-06-16,Technique,Pop/Rock,,Foot Technique,,,Grooves,Independence,,,Stefan,
299220,live,Developing Your Weaker Hand,https://admin.musora.com/admin#/content/drumeo/299220,https://www.musora.com/drumeo/live-streams/developing-your-weaker-hand/299220,2021-04-15,Independence,,Hand Technique,,,,,,,,Stefan,
299220,live,Developing Your Weaker Hand,https://admin.musora.com/admin#/content/drumeo/299220,https://www.musora.com/drumeo/live-streams/developing-your-weaker-hand/299220,2021-04-15,Technique,,,,,,,,,,Stefan,
299242,question-and-answer,Weekly Q & A - Debuting the Roland VAD706 Kit,https://admin.musora.com/admin#/content/drumeo/299242,https://www.musora.com/drumeo/question-and-answer/weekly-q-a/299242,2021-04-19,all,,,,,,,,Other,,Stefan,
299242,question-and-answer,Weekly Q & A - Debuting the Roland VAD706 Kit,https://admin.musora.com/admin#/content/drumeo/299242,https://www.musora.com/drumeo/question-and-answer/weekly-q-a/299242,2021-04-19,all,,,,,,,,,,Stefan,
299417,live,Drumeo New Student Webinar,https://admin.musora.com/admin#/content/drumeo/299417,https://www.musora.com/drumeo/live-streams/drumeo-new-student-webinar/299417,2021-04-19,all,,,,,,,,Other,,Stefan,
299417,live,Drumeo New Student Webinar,https://admin.musora.com/admin#/content/drumeo/299417,https://www.musora.com/drumeo/live-streams/drumeo-new-student-webinar/299417,2021-04-19,all,,,,,,,,,,Stefan,
300680,live,Drumeo New Student Webinar,https://admin.musora.com/admin#/content/drumeo/300680,https://www.musora.com/drumeo/live-streams/drumeo-new-student-webinar/300680,2021-05-14,all,,,,,,,,,,Stefan,
300680,live,Drumeo New Student Webinar,https://admin.musora.com/admin#/content/drumeo/300680,https://www.musora.com/drumeo/live-streams/drumeo-new-student-webinar/300680,2021-05-14,all,,,,,,,,,,Stefan,
30157,live,How To Be A Good Sounding Drummer,https://admin.musora.com/admin#/content/drumeo/30157,https://www.musora.com/drumeo/live-streams/tba-85/30157,2017-07-03,Ear Training,Pop/Rock,Dynamics,,,,,,,,Stefan,
30157,live,How To Be A Good Sounding Drummer,https://admin.musora.com/admin#/content/drumeo/30157,https://www.musora.com/drumeo/live-streams/tba-85/30157,2017-07-03,Musicality,,,,,,,,,,Stefan,
30159,live,Interview With Matt Johnson,https://admin.musora.com/admin#/content/drumeo/30159,https://www.musora.com/drumeo/live-streams/interview-with-matt-johnson/30159,2017-07-04,Edutainment,Pop/Rock,,,,,,,,Other,Stefan,
30159,live,Interview With Matt Johnson,https://admin.musora.com/admin#/content/drumeo/30159,https://www.musora.com/drumeo/live-streams/interview-with-matt-johnson/30159,2017-07-04,Edutainment,,,,,,,,,,Stefan,
30161,live,12 Styles In 12 Months #7 - Brushes,https://admin.musora.com/admin#/content/drumeo/30161,https://www.musora.com/drumeo/live-streams/tba-86/30161,2017-07-05,Beats,Jazz/Blues,Hand Technique,Rudiments,,,,,,,Stefan,
30161,live,12 Styles In 12 Months #7 - Brushes,https://admin.musora.com/admin#/content/drumeo/30161,https://www.musora.com/drumeo/live-streams/tba-86/30161,2017-07-05,Styles,,,,,,,,,,Stefan,
30195,live,Three-Note Grouping Workout,https://admin.musora.com/admin#/content/drumeo/30195,https://www.musora.com/drumeo/live-streams/tba-82/30195,2017-07-10,Rudiments,,Hand Technique,Rudiments,,,Independence,,,,Stefan,
30195,live,Three-Note Grouping Workout,https://admin.musora.com/admin#/content/drumeo/30195,https://www.musora.com/drumeo/live-streams/tba-82/30195,2017-07-10,Rudiments,,,,,,,,,,Stefan,
30201,live,Intermediate Simon-Says Drum Practice,https://admin.musora.com/admin#/content/drumeo/30201,https://www.musora.com/drumeo/live-streams/tba-83/30201,2017-07-12,Ear Training,,,,Ear Training,,,,,,Stefan,
30205,live,Pat's Diddle Combos,https://admin.musora.com/admin#/content/drumeo/30205,https://www.musora.com/drumeo/live-streams/tba-88/30205,2017-07-14,Rudiments,,,Rudiments,,,,,,,Stefan,
302165,question-and-answer,What do I do if I get lost counting and playing?,https://admin.musora.com/admin#/content/drumeo/302165,https://www.musora.com/drumeo/question-and-answer/weekly-q-a/302165,2021-05-10,all,,,,,,,,Gigging Tips & Gear,,Stefan,
302166,question-and-answer,How to Fix a Squeaky Hi hat Stand,https://admin.musora.com/admin#/content/drumeo/302166,https://www.musora.com/drumeo/question-and-answer/weekly-q-a/302166,2021-05-17,all,,,,,,,,Gigging Tips & Gear,,Stefan,
302166,question-and-answer,How to Fix a Squeaky Hi hat Stand,https://admin.musora.com/admin#/content/drumeo/302166,https://www.musora.com/drumeo/question-and-answer/weekly-q-a/302166,2021-05-17,all,,,,,,,,,,Stefan,
302167,question-and-answer,How To Open And Close Your Hats Like A Pro,https://admin.musora.com/admin#/content/drumeo/302167,https://www.musora.com/drumeo/question-and-answer/weekly-q-a/302167,2021-05-24,all,,Foot Technique,,,,,,,,Stefan,
302169,question-and-answer,How Do I Practice Efficiently When I Keep Adding Things To Improve On?,https://admin.musora.com/admin#/content/drumeo/302169,https://www.musora.com/drumeo/question-and-answer/weekly-q-a/302169,2021-06-07,all,,,,,,,,Practice Tips,,Stefan,
302169,question-and-answer,How Do I Practice Efficiently When I Keep Adding Things To Improve On?,https://admin.musora.com/admin#/content/drumeo/302169,https://www.musora.com/drumeo/question-and-answer/weekly-q-a/302169,2021-06-07,all,,,,,,,,,,Stefan,
302170,question-and-answer,How do I play with confidence to a song with no click?,https://admin.musora.com/admin#/content/drumeo/302170,https://www.musora.com/drumeo/question-and-answer/weekly-q-a/302170,2021-06-14,all,,Timing,,,,,,,,Stefan,
302170,question-and-answer,How do I play with confidence to a song with no click?,https://admin.musora.com/admin#/content/drumeo/302170,https://www.musora.com/drumeo/question-and-answer/weekly-q-a/302170,2021-06-14,all,,,,,,,,,,Stefan,
302171,question-and-answer,Push/Pull vs. Moeller- where should I use these?,https://admin.musora.com/admin#/content/drumeo/302171,https://www.musora.com/drumeo/question-and-answer/weekly-q-a/302171,2021-06-21,all,,Hand Technique,,,,,,,,Stefan,
302171,question-and-answer,Push/Pull vs. Moeller- where should I use these?,https://admin.musora.com/admin#/content/drumeo/302171,https://www.musora.com/drumeo/question-and-answer/weekly-q-a/302171,2021-06-21,all,,,,,,,,,,Stefan,
30335,live,Five-Note Grouping Workout,https://admin.musora.com/admin#/content/drumeo/30335,https://www.musora.com/drumeo/live-streams/five-note-grouping-workout/30335,2017-07-16,Rudiments,,Hand Technique,Rudiments,,,,,,,Stefan,
30335,live,Five-Note Grouping Workout,https://admin.musora.com/admin#/content/drumeo/30335,https://www.musora.com/drumeo/live-streams/five-note-grouping-workout/30335,2017-07-16,Rudiments,,,,,,,,,,Stefan,
30337,live,Tony Williams' Ride Technique,https://admin.musora.com/admin#/content/drumeo/30337,https://www.musora.com/drumeo/live-streams/tony-williams-ride-technique/30337,2017-07-17,Beats,Jazz/Blues,Hand Technique,,,,Grooves,,,,Stefan,
30337,live,Tony Williams' Ride Technique,https://admin.musora.com/admin#/content/drumeo/30337,https://www.musora.com/drumeo/live-streams/tony-williams-ride-technique/30337,2017-07-17,Technique,,,,,,,,,,Stefan,
30344,live,My Favorite John Blackwell Funk Fills,https://admin.musora.com/admin#/content/drumeo/30344,https://www.musora.com/drumeo/live-streams/tba-89/30344,2017-07-19,Fills,Funk/Disco,,,,,Fills & Chops,,,,Stefan,
30344,live,My Favorite John Blackwell Funk Fills,https://admin.musora.com/admin#/content/drumeo/30344,https://www.musora.com/drumeo/live-streams/tba-89/30344,2017-07-19,Fills,,,,,,,,,,Stefan,
30348,live,Understanding Dotted Notation,https://admin.musora.com/admin#/content/drumeo/30348,https://www.musora.com/drumeo/live-streams/understanding-dotted-notation/30348,2017-07-21,Theory,,,,Notation,,,,,,Stefan,
30350,live,Seven-Note Grouping Workout,https://admin.musora.com/admin#/content/drumeo/30350,https://www.musora.com/drumeo/live-streams/tba-90/30350,2017-07-23,Rudiments,,Hand Technique,Rudiments,,,,,,,Stefan,
30350,live,Seven-Note Grouping Workout,https://admin.musora.com/admin#/content/drumeo/30350,https://www.musora.com/drumeo/live-streams/tba-90/30350,2017-07-23,Rudiments,,,,,,,,,,Stefan,
30357,live,5 Must-Know Heavy Metal Beats,https://admin.musora.com/admin#/content/drumeo/30357,https://www.musora.com/drumeo/live-streams/tba-91/30357,2017-07-31,Beats,Hard Rock/Metal,,,,,Grooves,,,,Stefan,
30361,live,5 Fun Flam Fills,https://admin.musora.com/admin#/content/drumeo/30361,https://www.musora.com/drumeo/live-streams/tba-92/30361,2017-07-30,Fills,Pop/Rock,Rudiments,,,,Fills & Chops,,,,Stefan,
30364,live,Inverted Double Combos,https://admin.musora.com/admin#/content/drumeo/30364,https://www.musora.com/drumeo/live-streams/inverted-double-combos/30364,2017-07-26,Rudiments,,Rudiments,,,,Fills & Chops,,,,Stefan,
30364,live,Inverted Double Combos,https://admin.musora.com/admin#/content/drumeo/30364,https://www.musora.com/drumeo/live-streams/inverted-double-combos/30364,2017-07-26,Technique,,,,,,,,,,Stefan,
304554,live,Drum Month Celebration Livestream,https://admin.musora.com/admin#/content/drumeo/304554,https://www.musora.com/drumeo/live-streams/drum-month-celebration-livestream/304554,2021-05-31,All,,,,,,,,Other,,Stefan,
304554,live,Drum Month Celebration Livestream,https://admin.musora.com/admin#/content/drumeo/304554,https://www.musora.com/drumeo/live-streams/drum-month-celebration-livestream/304554,2021-05-31,All,,,,,,,,,,Stefan,
304593,live,Drumeo New Student Webinar,https://admin.musora.com/admin#/content/drumeo/304593,https://www.musora.com/drumeo/live-streams/drumeo-new-student-webinar/304593,2021-06-18,all,,,,,,,,Other,,Stefan,
304593,live,Drumeo New Student Webinar,https://admin.musora.com/admin#/content/drumeo/304593,https://www.musora.com/drumeo/live-streams/drumeo-new-student-webinar/304593,2021-06-18,all,,,,,,,,,,Stefan,
30534,live,12 Styles In 12 Months #8 - Jazz,https://admin.musora.com/admin#/content/drumeo/30534,https://www.musora.com/drumeo/live-streams/12-styles-in-12-months-8-jazz/30534,2017-08-01,Beats,Jazz/Blues,,,,,Grooves,Independence,,,Stefan,
30534,live,12 Styles In 12 Months #8 - Jazz,https://admin.musora.com/admin#/content/drumeo/30534,https://www.musora.com/drumeo/live-streams/12-styles-in-12-months-8-jazz/30534,2017-08-01,Styles,,,,,,,,,,Stefan,
30540,live,Stacked Blushdas,https://admin.musora.com/admin#/content/drumeo/30540,https://www.musora.com/drumeo/live-streams/stacked-blushdas/30540,2017-08-04,Fills,,Rudiments,,,,Fills & Chops,,,,Stefan,
30540,live,Stacked Blushdas,https://admin.musora.com/admin#/content/drumeo/30540,https://www.musora.com/drumeo/live-streams/stacked-blushdas/30540,2017-08-04,Rudiments,,,,,,,,,,Stefan,
30581,live,Three-Note Grouping Beat Applications,https://admin.musora.com/admin#/content/drumeo/30581,https://www.musora.com/drumeo/live-streams/tba-97/30581,2017-08-13,Beats,Pop/Rock,,,,,Grooves,Independence,,,Stefan,
30581,live,Three-Note Grouping Beat Applications,https://admin.musora.com/admin#/content/drumeo/30581,https://www.musora.com/drumeo/live-streams/tba-97/30581,2017-08-13,Beats,,,,,,,,,,Stefan,
30661,live,Pat's Roll Combos #1,https://admin.musora.com/admin#/content/drumeo/30661,https://www.musora.com/drumeo/live-streams/pats-roll-combos-1/30661,2017-08-18,Rudiments,,Rudiments,,,,,,,,Stefan,
30661,live,Pat's Roll Combos #1,https://admin.musora.com/admin#/content/drumeo/30661,https://www.musora.com/drumeo/live-streams/pats-roll-combos-1/30661,2017-08-18,Technique,,,,,,,,,,Stefan,
30663,live,Three-Note Grouping Fill Applications,https://admin.musora.com/admin#/content/drumeo/30663,https://www.musora.com/drumeo/live-streams/three-note-grouping-fill-applications/30663,2017-08-20,Fills,,,,,,Fills & Chops,,,,Stefan,
30663,live,Three-Note Grouping Fill Applications,https://admin.musora.com/admin#/content/drumeo/30663,https://www.musora.com/drumeo/live-streams/three-note-grouping-fill-applications/30663,2017-08-20,Fills,,,,,,,,,,Stefan,
30670,live,Rhythmic Design - How To Create Amazing Drum Parts,https://admin.musora.com/admin#/content/drumeo/30670,https://www.musora.com/drumeo/live-streams/tba-99/30670,2017-08-21,All,,,,,,Making Music,,,,Stefan,
30670,live,Rhythmic Design - How To Create Amazing Drum Parts,https://admin.musora.com/admin#/content/drumeo/30670,https://www.musora.com/drumeo/live-streams/tba-99/30670,2017-08-21,Musicality,,,,,,,,,,Stefan,
30675,live,Developing Spectacular Single Pedal Action #1,https://admin.musora.com/admin#/content/drumeo/30675,https://www.musora.com/drumeo/live-streams/tba-101/30675,2017-08-23,Technique,,Foot Technique,,,,,,,,Stefan,
30681,live,Pat's Roll Combos #2,https://admin.musora.com/admin#/content/drumeo/30681,https://www.musora.com/drumeo/live-streams/pats-roll-combos-2/30681,2017-08-25,Rudiments,,Rudiments,,,,,,,,Stefan,
30681,live,Pat's Roll Combos #2,https://admin.musora.com/admin#/content/drumeo/30681,https://www.musora.com/drumeo/live-streams/pats-roll-combos-2/30681,2017-08-25,Rudiments,,,,,,,,,,Stefan,
30681,live,Pat's Roll Combos #2,https://admin.musora.com/admin#/content/drumeo/30681,https://www.musora.com/drumeo/live-streams/pats-roll-combos-2/30681,2017-08-25,Technique,,,,,,,,,,Stefan,
30681,live,Pat's Roll Combos #2,https://admin.musora.com/admin#/content/drumeo/30681,https://www.musora.com/drumeo/live-streams/pats-roll-combos-2/30681,2017-08-25,Technique,,,,,,,,,,Stefan,
307407,live,Drumeo Weekly - Welcome to Drumeo Weekly!,https://admin.musora.com/admin#/content/drumeo/307407,https://www.musora.com/drumeo/live-streams/drumeo-weekly-welcome-to-drumeo-weekly/307407,2021-07-05,all,,,,,,,,Other,,Stefan,
307407,live,Drumeo Weekly - Welcome to Drumeo Weekly!,https://admin.musora.com/admin#/content/drumeo/307407,https://www.musora.com/drumeo/live-streams/drumeo-weekly-welcome-to-drumeo-weekly/307407,2021-07-05,all,,,,,,,,,,Stefan,
307765,live,"Smile, You're Drumming!",https://admin.musora.com/admin#/content/drumeo/307765,https://www.musora.com/drumeo/live-streams/emanuelle-caplette-drumeo-live-lesson/307765,2021-07-19,all,Hard Rock/Metal,,,,,Grooves,Fills & Chops,,,Stefan,
30780,live,Improving Your Left Hand,https://admin.musora.com/admin#/content/drumeo/30780,https://www.musora.com/drumeo/live-streams/tba-96/30780,2017-08-30,Technique,,Hand Technique,,,,,,,,Stefan,
30795,live,12 Styles In 12 Months #9 - Bossa Nova,https://admin.musora.com/admin#/content/drumeo/30795,https://www.musora.com/drumeo/live-streams/12-styles-in-12-months-9-bossa-nova/30795,2017-09-07,Beats,Latin/World,,,,,Grooves,,,,Stefan,
30795,live,12 Styles In 12 Months #9 - Bossa Nova,https://admin.musora.com/admin#/content/drumeo/30795,https://www.musora.com/drumeo/live-streams/12-styles-in-12-months-9-bossa-nova/30795,2017-09-07,Styles,,,,,,,,,,Stefan,
30798,live,Tools For Creative Writing With A Band,https://admin.musora.com/admin#/content/drumeo/30798,https://www.musora.com/drumeo/live-streams/tools-for-creative-writing-with-a-band/30798,2017-09-05,Ear Training,,,,,,Making Music,,,,Stefan,
30798,live,Tools For Creative Writing With A Band,https://admin.musora.com/admin#/content/drumeo/30798,https://www.musora.com/drumeo/live-streams/tools-for-creative-writing-with-a-band/30798,2017-09-05,Musicality,,,,,,,,,,Stefan,
30804,live,Combining Diddles & Rolls,https://admin.musora.com/admin#/content/drumeo/30804,https://www.musora.com/drumeo/live-streams/pats-roll-diddle-combos/30804,2017-09-08,Beats,,Rudiments,Hand Technique,,,,,,,Stefan,
30804,live,Combining Diddles & Rolls,https://admin.musora.com/admin#/content/drumeo/30804,https://www.musora.com/drumeo/live-streams/pats-roll-diddle-combos/30804,2017-09-08,Beats,,,,,,,,,,Stefan,
30804,live,Combining Diddles & Rolls,https://admin.musora.com/admin#/content/drumeo/30804,https://www.musora.com/drumeo/live-streams/pats-roll-diddle-combos/30804,2017-09-08,Rudiments,,,,,,,,,,Stefan,
30804,live,Combining Diddles & Rolls,https://admin.musora.com/admin#/content/drumeo/30804,https://www.musora.com/drumeo/live-streams/pats-roll-diddle-combos/30804,2017-09-08,Rudiments,,,,,,,,,,Stefan,
30855,live,Developing Spectacular Single Pedal Action #2,https://admin.musora.com/admin#/content/drumeo/30855,https://www.musora.com/drumeo/live-streams/developing-spectacular-single-pedal-action-2/30855,2017-09-13,Technique,,Foot Technique,,,,,,,,Stefan,
30861,live,Solos Using Rolls & Diddles,https://admin.musora.com/admin#/content/drumeo/30861,https://www.musora.com/drumeo/live-streams/pats-roll-diddle-solo-combo/30861,2017-09-15,Musicality,,Rudiments,,,,Fills & Chops,,,,Stefan,
30861,live,Solos Using Rolls & Diddles,https://admin.musora.com/admin#/content/drumeo/30861,https://www.musora.com/drumeo/live-streams/pats-roll-diddle-solo-combo/30861,2017-09-15,Musicality,,,,,,,,,,Stefan,
30861,live,Solos Using Rolls & Diddles,https://admin.musora.com/admin#/content/drumeo/30861,https://www.musora.com/drumeo/live-streams/pats-roll-diddle-solo-combo/30861,2017-09-15,Rudiments,,,,,,,,,,Stefan,
30861,live,Solos Using Rolls & Diddles,https://admin.musora.com/admin#/content/drumeo/30861,https://www.musora.com/drumeo/live-streams/pats-roll-diddle-solo-combo/30861,2017-09-15,Rudiments,,,,,,,,,,Stefan,
30921,live,5 Must-Know Heavy Metal Fills,https://admin.musora.com/admin#/content/drumeo/30921,https://www.musora.com/drumeo/live-streams/5-must-know-heavy-metal-fills/30921,2017-09-19,Fills,Hard Rock/Metal,,,,,Fills & Chops,,,,Stefan,
309214,question-and-answer,"Drumeo Weekly - Matt McGuire, Brandon Toews, and Big Fat Snare Drum",https://admin.musora.com/admin#/content/drumeo/309214,https://www.musora.com/drumeo/question-and-answer/drumeo-weekly/309214,2021-07-12,all,,,,,,,,Other,,Stefan,
309214,question-and-answer,"Drumeo Weekly - Matt McGuire, Brandon Toews, and Big Fat Snare Drum",https://admin.musora.com/admin#/content/drumeo/309214,https://www.musora.com/drumeo/question-and-answer/drumeo-weekly/309214,2021-07-12,all,,,,,,,,,,Stefan,
309215,question-and-answer,Drumeo Weekly - Q&A With Emmanuelle Caplette,https://admin.musora.com/admin#/content/drumeo/309215,https://www.musora.com/drumeo/question-and-answer/drumeo-weekly/309215,2021-07-19,all,,,,,,,,Other,,Stefan,
309215,question-and-answer,Drumeo Weekly - Q&A With Emmanuelle Caplette,https://admin.musora.com/admin#/content/drumeo/309215,https://www.musora.com/drumeo/question-and-answer/drumeo-weekly/309215,2021-07-19,all,,,,,,,,,,Stefan,
30923,live,"The Modern ""Power Soca""",https://admin.musora.com/admin#/content/drumeo/30923,https://www.musora.com/drumeo/live-streams/tba-94/30923,2017-09-20,Beats,Latin/World,,,,,Grooves,,,,Stefan,
30923,live,"The Modern ""Power Soca""",https://admin.musora.com/admin#/content/drumeo/30923,https://www.musora.com/drumeo/live-streams/tba-94/30923,2017-09-20,Beats,,,,,,,,,,Stefan,
30923,live,"The Modern ""Power Soca""",https://admin.musora.com/admin#/content/drumeo/30923,https://www.musora.com/drumeo/live-streams/tba-94/30923,2017-09-20,Styles,,,,,,,,,,Stefan,
30923,live,"The Modern ""Power Soca""",https://admin.musora.com/admin#/content/drumeo/30923,https://www.musora.com/drumeo/live-streams/tba-94/30923,2017-09-20,Styles,,,,,,,,,,Stefan,
30933,live,Five-Note Grouping Beat Applications,https://admin.musora.com/admin#/content/drumeo/30933,https://www.musora.com/drumeo/live-streams/five-note-grouping-beat-applications/30933,2017-09-24,Beats,,,,,,Grooves,Independence,,,Stefan,
30933,live,Five-Note Grouping Beat Applications,https://admin.musora.com/admin#/content/drumeo/30933,https://www.musora.com/drumeo/live-streams/five-note-grouping-beat-applications/30933,2017-09-24,Beats,,,,,,,,,,Stefan,
309865,live,Drumeo New Student Webinar,https://admin.musora.com/admin#/content/drumeo/309865,https://www.musora.com/drumeo/live-streams/drumeo-new-student-webinar/309865,2021-07-23,all,,,,,,,,Other,,Stefan,
309865,live,Drumeo New Student Webinar,https://admin.musora.com/admin#/content/drumeo/309865,https://www.musora.com/drumeo/live-streams/drumeo-new-student-webinar/309865,2021-07-23,all,,,,,,,,,,Stefan,
31028,live,Manipulating Your Snare Drum Sound,https://admin.musora.com/admin#/content/drumeo/31028,https://www.musora.com/drumeo/live-streams/manipulating-your-snare-drum-sound/31028,2017-09-25,Gear,,,,,,,,Gigging Tips & Gear,,Stefan,
31028,live,Manipulating Your Snare Drum Sound,https://admin.musora.com/admin#/content/drumeo/31028,https://www.musora.com/drumeo/live-streams/manipulating-your-snare-drum-sound/31028,2017-09-25,Musicality,,,,,,,,,,Stefan,
310291,live,Meet The Musora Family Live Event!,https://admin.musora.com/admin#/content/drumeo/310291,https://www.musora.com/drumeo/live-streams/meet-the-musora-family-live-event/310291,2021-07-26,Edutainment,,,,,,,,Other,,Stefan,
31034,live,Developing Your Buzz Roll,https://admin.musora.com/admin#/content/drumeo/31034,https://www.musora.com/drumeo/live-streams/developing-your-buzz-roll/31034,2017-09-27,Rudiments,,Hand Technique,Rudiments,,,,,,,Stefan,
31038,live,"Soloing Using Diddles, Rolls & Drags",https://admin.musora.com/admin#/content/drumeo/31038,https://www.musora.com/drumeo/live-streams/soloing-using-diddles-rolls-drags/31038,2017-09-29,Musicality,,Rudiments,,,,Fills & Chops,,,,Stefan,
31038,live,"Soloing Using Diddles, Rolls & Drags",https://admin.musora.com/admin#/content/drumeo/31038,https://www.musora.com/drumeo/live-streams/soloing-using-diddles-rolls-drags/31038,2017-09-29,Musicality,,,,,,,,,,Stefan,
31038,live,"Soloing Using Diddles, Rolls & Drags",https://admin.musora.com/admin#/content/drumeo/31038,https://www.musora.com/drumeo/live-streams/soloing-using-diddles-rolls-drags/31038,2017-09-29,Rudiments,,,,,,,,,,Stefan,
31038,live,"Soloing Using Diddles, Rolls & Drags",https://admin.musora.com/admin#/content/drumeo/31038,https://www.musora.com/drumeo/live-streams/soloing-using-diddles-rolls-drags/31038,2017-09-29,Rudiments,,,,,,,,,,Stefan,
31042,live,Five-Note Grouping Fill Applications,https://admin.musora.com/admin#/content/drumeo/31042,https://www.musora.com/drumeo/live-streams/five-note-grouping-fill-applications/31042,2017-10-01,Fills,,,,,,Fills & Chops,,,,Stefan,
31042,live,Five-Note Grouping Fill Applications,https://admin.musora.com/admin#/content/drumeo/31042,https://www.musora.com/drumeo/live-streams/five-note-grouping-fill-applications/31042,2017-10-01,Fills,,,,,,,,,,Stefan,
31044,live,Building A Musical Vocabulary,https://admin.musora.com/admin#/content/drumeo/31044,https://www.musora.com/drumeo/live-streams/tba-103/31044,2017-10-02,Fills,,,,Notation,,Fills & Chops,,,,Stefan,
31044,live,Building A Musical Vocabulary,https://admin.musora.com/admin#/content/drumeo/31044,https://www.musora.com/drumeo/live-streams/tba-103/31044,2017-10-02,Musicality,,,,,,,,,,Stefan,
31046,live,Interview With Frank Briggs,https://admin.musora.com/admin#/content/drumeo/31046,https://www.musora.com/drumeo/live-streams/tba-105/31046,2017-10-03,Edutainment,,,,,,,,Practice Tips,,Stefan,
31048,live,12 Styles In 12 Months #10 - Drum And Bass,https://admin.musora.com/admin#/content/drumeo/31048,https://www.musora.com/drumeo/live-streams/12-styles-in-12-months-10-drum-bass/31048,2017-10-05,Beats,Hip-Hop/Rap/EDM,,,,,Grooves,Fills & Chops,,,Stefan,
31048,live,12 Styles In 12 Months #10 - Drum And Bass,https://admin.musora.com/admin#/content/drumeo/31048,https://www.musora.com/drumeo/live-streams/12-styles-in-12-months-10-drum-bass/31048,2017-10-05,Beats,,,,,,,,,,Stefan,
31048,live,12 Styles In 12 Months #10 - Drum And Bass,https://admin.musora.com/admin#/content/drumeo/31048,https://www.musora.com/drumeo/live-streams/12-styles-in-12-months-10-drum-bass/31048,2017-10-05,Fills,,,,,,,,,,Stefan,
31048,live,12 Styles In 12 Months #10 - Drum And Bass,https://admin.musora.com/admin#/content/drumeo/31048,https://www.musora.com/drumeo/live-streams/12-styles-in-12-months-10-drum-bass/31048,2017-10-05,Fills,,,,,,,,,,Stefan,
31102,live,How To Count Odd Time,https://admin.musora.com/admin#/content/drumeo/31102,https://www.musora.com/drumeo/live-streams/tba-106/31102,2017-10-08,Theory,,,,Time Signatures,,,,,,Stefan,
31106,live,Developing Spectacular Single Pedal Action #3,https://admin.musora.com/admin#/content/drumeo/31106,https://www.musora.com/drumeo/live-streams/tba-107/31106,2017-10-11,Technique,,Foot Technique,,,,,,,,Stefan,
31111,live,Flam-tastic Hand Technique #1,https://admin.musora.com/admin#/content/drumeo/31111,https://www.musora.com/drumeo/live-streams/tba-108/31111,2017-10-13,Rudiments,,Rudiments,Hand Technique,,,,,,,Stefan,
31111,live,Flam-tastic Hand Technique #1,https://admin.musora.com/admin#/content/drumeo/31111,https://www.musora.com/drumeo/live-streams/tba-108/31111,2017-10-13,Rudiments,,,,,,,,,,Stefan,
31139,live,Drum Fills That Make You Sound Musical,https://admin.musora.com/admin#/content/drumeo/31139,https://www.musora.com/drumeo/live-streams/tba-110/31139,2017-10-16,Fills,,,,,,Fills & Chops,,,,Stefan,
31139,live,Drum Fills That Make You Sound Musical,https://admin.musora.com/admin#/content/drumeo/31139,https://www.musora.com/drumeo/live-streams/tba-110/31139,2017-10-16,Musicality,,,,,,,,,,Stefan,
31141,live,Cover Band Life - Interview With Brandon Khoo,https://admin.musora.com/admin#/content/drumeo/31141,https://www.musora.com/drumeo/live-streams/cover-band-life-interview-with-brandon-khoo/31141,2017-10-17,Edutainment,Pop/Rock,,,,,,,,,Stefan,
31141,live,Cover Band Life - Interview With Brandon Khoo,https://admin.musora.com/admin#/content/drumeo/31141,https://www.musora.com/drumeo/live-streams/cover-band-life-interview-with-brandon-khoo/31141,2017-10-17,Edutainment,,,,,,,,,,Stefan,
31222,live,Flam-tastic Hand Technique #2,https://admin.musora.com/admin#/content/drumeo/31222,https://www.musora.com/drumeo/live-streams/flam-tastic-combos-1/31222,2017-10-20,Rudiments,,Rudiments,Hand Technique,,,,,,,Stefan,
31222,live,Flam-tastic Hand Technique #2,https://admin.musora.com/admin#/content/drumeo/31222,https://www.musora.com/drumeo/live-streams/flam-tastic-combos-1/31222,2017-10-20,Rudiments,,,,,,,,,,Stefan,
31226,live,Seven-Note Grouping Beat Applications,https://admin.musora.com/admin#/content/drumeo/31226,https://www.musora.com/drumeo/live-streams/tba-111/31226,2017-10-22,Beats,Pop/Rock,,,,,Grooves,,,,Stefan,
31226,live,Seven-Note Grouping Beat Applications,https://admin.musora.com/admin#/content/drumeo/31226,https://www.musora.com/drumeo/live-streams/tba-111/31226,2017-10-22,Beats,,,,,,,,,,Stefan,
31230,live,Three Exercises For Better Doubles,https://admin.musora.com/admin#/content/drumeo/31230,https://www.musora.com/drumeo/live-streams/three-exercises-for-better-doubles-2/31230,2017-10-23,Rudiments,,Rudiments,Hand Technique,,,,,,,Stefan,
31230,live,Three Exercises For Better Doubles,https://admin.musora.com/admin#/content/drumeo/31230,https://www.musora.com/drumeo/live-streams/three-exercises-for-better-doubles-2/31230,2017-10-23,Technique,,,,,,,,,,Stefan,
31238,live,Flam-tastic Hand Technique #3,https://admin.musora.com/admin#/content/drumeo/31238,https://www.musora.com/drumeo/live-streams/flam-tastic-solo-combos/31238,2017-10-27,Rudiments,,Rudiments,Hand Technique,,,,,,,Stefan,
313430,question-and-answer,"Drumeo Weekly - Celebrating Students, and the new Yamaha SC Hip Kit!",https://admin.musora.com/admin#/content/drumeo/313430,https://www.musora.com/drumeo/question-and-answer/drumeo-weekly/313430,2021-08-09,all,,,,,,,,Other,,Stefan,
313430,question-and-answer,"Drumeo Weekly - Celebrating Students, and the new Yamaha SC Hip Kit!",https://admin.musora.com/admin#/content/drumeo/313430,https://www.musora.com/drumeo/question-and-answer/drumeo-weekly/313430,2021-08-09,all,,,,,,,,,,Stefan,
313431,question-and-answer,"Drumeo Weekly - Soundtracks Added To Songs, And Meet Jack Thomas!",https://admin.musora.com/admin#/content/drumeo/313431,https://www.musora.com/drumeo/question-and-answer/drumeo-weekly/313431,2021-08-16,all,,,,,,,,Other,,Stefan,
313431,question-and-answer,"Drumeo Weekly - Soundtracks Added To Songs, And Meet Jack Thomas!",https://admin.musora.com/admin#/content/drumeo/313431,https://www.musora.com/drumeo/question-and-answer/drumeo-weekly/313431,2021-08-16,all,,,,,,,,,,Stefan,
313433,question-and-answer,"Meet Sharon Ransom, Drumeo Community Specialist, New Forum Updates",https://admin.musora.com/admin#/content/drumeo/313433,https://www.musora.com/drumeo/question-and-answer/drumeo-weekly/313433,2021-08-23,all,,,,,,,,Other,,Stefan,
313433,question-and-answer,"Meet Sharon Ransom, Drumeo Community Specialist, New Forum Updates",https://admin.musora.com/admin#/content/drumeo/313433,https://www.musora.com/drumeo/question-and-answer/drumeo-weekly/313433,2021-08-23,all,,,,,,,,,,Stefan,
313434,question-and-answer,"Drumeo Weekly - 70+ Play-Alongs Released, How To Tune A Snare Drum Quickly",https://admin.musora.com/admin#/content/drumeo/313434,https://www.musora.com/drumeo/question-and-answer/drumeo-weekly/313434,2021-08-30,all,,,,,,,,Gigging Tips & Gear,,Stefan,
313434,question-and-answer,"Drumeo Weekly - 70+ Play-Alongs Released, How To Tune A Snare Drum Quickly",https://admin.musora.com/admin#/content/drumeo/313434,https://www.musora.com/drumeo/question-and-answer/drumeo-weekly/313434,2021-08-30,all,,,,,,,,,,Stefan,
313436,question-and-answer,"Drumeo Weekly - The Song Request Lottery, Do Diecast Hoops Make a Difference?",https://admin.musora.com/admin#/content/drumeo/313436,https://www.musora.com/drumeo/question-and-answer/drumeo-weekly/313436,2021-09-13,all,,,,,,,,Other,,Stefan,
313436,question-and-answer,"Drumeo Weekly - The Song Request Lottery, Do Diecast Hoops Make a Difference?",https://admin.musora.com/admin#/content/drumeo/313436,https://www.musora.com/drumeo/question-and-answer/drumeo-weekly/313436,2021-09-13,all,,,,,,,,,,Stefan,
313437,question-and-answer,"Drumeo Weekly - Celebrating Nirvana, How To Count Out Drum Licks",https://admin.musora.com/admin#/content/drumeo/313437,https://www.musora.com/drumeo/question-and-answer/drumeo-weekly/313437,2021-09-20,all,Pop/Rock,,,,,Fills & Chops,,,,Stefan,
313437,question-and-answer,"Drumeo Weekly - Celebrating Nirvana, How To Count Out Drum Licks",https://admin.musora.com/admin#/content/drumeo/313437,https://www.musora.com/drumeo/question-and-answer/drumeo-weekly/313437,2021-09-20,all,,,,,,,,,,Stefan,
313438,question-and-answer,"Drumeo Weekly - Wipeout On Ice, What's The Deal With Bass Drum Beaters?",https://admin.musora.com/admin#/content/drumeo/313438,https://www.musora.com/drumeo/question-and-answer/drumeo-weekly/313438,2021-09-27,all,,,,,,,,Gigging Tips & Gear,,Stefan,
313438,question-and-answer,"Drumeo Weekly - Wipeout On Ice, What's The Deal With Bass Drum Beaters?",https://admin.musora.com/admin#/content/drumeo/313438,https://www.musora.com/drumeo/question-and-answer/drumeo-weekly/313438,2021-09-27,all,,,,,,,,,,Stefan,
31368,live,How To Play With A Percussionist,https://admin.musora.com/admin#/content/drumeo/31368,https://www.musora.com/drumeo/live-streams/how-to-play-with-a-percussionist/31368,2017-11-01,Ear Training,,,,,,Making Music,,,,Stefan,
31368,live,How To Play With A Percussionist,https://admin.musora.com/admin#/content/drumeo/31368,https://www.musora.com/drumeo/live-streams/how-to-play-with-a-percussionist/31368,2017-11-01,Musicality,,,,,,,,,,Stefan,
31373,live,Flam-tastic Solos,https://admin.musora.com/admin#/content/drumeo/31373,https://www.musora.com/drumeo/live-streams/tba-100/31373,2017-11-03,Musicality,,Rudiments,,,,Fills & Chops,,,,Stefan,
31373,live,Flam-tastic Solos,https://admin.musora.com/admin#/content/drumeo/31373,https://www.musora.com/drumeo/live-streams/tba-100/31373,2017-11-03,Musicality,,,,,,,,,,Stefan,
31373,live,Flam-tastic Solos,https://admin.musora.com/admin#/content/drumeo/31373,https://www.musora.com/drumeo/live-streams/tba-100/31373,2017-11-03,Rudiments,,,,,,,,,,Stefan,
31373,live,Flam-tastic Solos,https://admin.musora.com/admin#/content/drumeo/31373,https://www.musora.com/drumeo/live-streams/tba-100/31373,2017-11-03,Rudiments,,,,,,,,,,Stefan,
31376,live,Seven-Note Grouping Fill Applications,https://admin.musora.com/admin#/content/drumeo/31376,https://www.musora.com/drumeo/live-streams/tba-113/31376,2017-11-05,Fills,,Rudiments,,,,Fills & Chops,,,,Stefan,
31376,live,Seven-Note Grouping Fill Applications,https://admin.musora.com/admin#/content/drumeo/31376,https://www.musora.com/drumeo/live-streams/tba-113/31376,2017-11-05,Fills,,,,,,,,,,Stefan,
31376,live,Seven-Note Grouping Fill Applications,https://admin.musora.com/admin#/content/drumeo/31376,https://www.musora.com/drumeo/live-streams/tba-113/31376,2017-11-05,Musicality,,,,,,,,,,Stefan,
31376,live,Seven-Note Grouping Fill Applications,https://admin.musora.com/admin#/content/drumeo/31376,https://www.musora.com/drumeo/live-streams/tba-113/31376,2017-11-05,Musicality,,,,,,,,,,Stefan,
31379,live,12 Styles In 12 Months #11 - Bo Diddley,https://admin.musora.com/admin#/content/drumeo/31379,https://www.musora.com/drumeo/live-streams/12-styles-in-12-months-11-bo-diddley/31379,2017-11-06,Beats,Pop/Rock,,,,,Grooves,,,,Stefan,
31379,live,12 Styles In 12 Months #11 - Bo Diddley,https://admin.musora.com/admin#/content/drumeo/31379,https://www.musora.com/drumeo/live-streams/12-styles-in-12-months-11-bo-diddley/31379,2017-11-06,Styles,,,,,,,,,,Stefan,
31424,live,Powerful Hi-Hat Tricks & Fills #1,https://admin.musora.com/admin#/content/drumeo/31424,https://www.musora.com/drumeo/live-streams/tba-115/31424,2017-11-09,Fills,,,,,,Fills & Chops,,,,Stefan,
31424,live,Powerful Hi-Hat Tricks & Fills #1,https://admin.musora.com/admin#/content/drumeo/31424,https://www.musora.com/drumeo/live-streams/tba-115/31424,2017-11-09,Musicality,,,,,,,,,,Stefan,
31497,live,Nailing Transitions,https://admin.musora.com/admin#/content/drumeo/31497,https://www.musora.com/drumeo/live-streams/tba-116/31497,2017-11-15,Fills,,,,,,Fills & Chops,Making Music,,,Stefan,
31503,live,Creative Fills Using No Toms,https://admin.musora.com/admin#/content/drumeo/31503,https://www.musora.com/drumeo/live-streams/creative-fills-using-no-toms/31503,2017-11-17,Fills,,,,,,Fills & Chops,,,,Stefan,
31517,live,Creative Exploration With The Left Foot,https://admin.musora.com/admin#/content/drumeo/31517,https://www.musora.com/drumeo/live-streams/creative-exploration-with-the-left-foot/31517,2017-11-20,Beats,,,,,,Grooves,Independence,,,Stefan,
31517,live,Creative Exploration With The Left Foot,https://admin.musora.com/admin#/content/drumeo/31517,https://www.musora.com/drumeo/live-streams/creative-exploration-with-the-left-foot/31517,2017-11-20,Technique,,,,,,,,,,Stefan,
31527,live,"Combining Flams, Drags, Diddles & Rolls",https://admin.musora.com/admin#/content/drumeo/31527,https://www.musora.com/drumeo/live-streams/combining-flams-diddles-rolls/31527,2017-11-24,Rudiments,,Rudiments,Hand Technique,,,,,,,Stefan,
31527,live,"Combining Flams, Drags, Diddles & Rolls",https://admin.musora.com/admin#/content/drumeo/31527,https://www.musora.com/drumeo/live-streams/combining-flams-diddles-rolls/31527,2017-11-24,Rudiments,,,,,,,,,,Stefan,
315604,live,Drumeo New Student Webinar,https://admin.musora.com/admin#/content/drumeo/315604,https://www.musora.com/drumeo/live-streams/drumeo-new-student-webinar/315604,2021-09-03,all,,,,,,,,Other,,Stefan,
315604,live,Drumeo New Student Webinar,https://admin.musora.com/admin#/content/drumeo/315604,https://www.musora.com/drumeo/live-streams/drumeo-new-student-webinar/315604,2021-09-03,all,,,,,,,,,,Stefan,
315608,live,Drumeo's Song Request Lottery!,https://admin.musora.com/admin#/content/drumeo/315608,https://www.musora.com/drumeo/live-streams/drumeo-s-song-request-lottery/315608,2021-09-10,all,,,,,,,,Other,,Stefan,
315608,live,Drumeo's Song Request Lottery!,https://admin.musora.com/admin#/content/drumeo/315608,https://www.musora.com/drumeo/live-streams/drumeo-s-song-request-lottery/315608,2021-09-10,all,,,,,,,,,,Stefan,
31594,live,12 Styles In 12 Months #12 - Odd Time,https://admin.musora.com/admin#/content/drumeo/31594,https://www.musora.com/drumeo/live-streams/12-styles-in-12-months-12-odd-time/31594,2017-12-19,Beats,,,,Time Signatures,,Grooves,,,,Stefan,
31594,live,12 Styles In 12 Months #12 - Odd Time,https://admin.musora.com/admin#/content/drumeo/31594,https://www.musora.com/drumeo/live-streams/12-styles-in-12-months-12-odd-time/31594,2017-12-19,Beats,,,,,,,,,,Stefan,
31594,live,12 Styles In 12 Months #12 - Odd Time,https://admin.musora.com/admin#/content/drumeo/31594,https://www.musora.com/drumeo/live-streams/12-styles-in-12-months-12-odd-time/31594,2017-12-19,Fills,,,,,,,,,,Stefan,
31594,live,12 Styles In 12 Months #12 - Odd Time,https://admin.musora.com/admin#/content/drumeo/31594,https://www.musora.com/drumeo/live-streams/12-styles-in-12-months-12-odd-time/31594,2017-12-19,Fills,,,,,,,,,,Stefan,
31686,live,Powerful Hi-Hat Tricks & Fills #2,https://admin.musora.com/admin#/content/drumeo/31686,https://www.musora.com/drumeo/live-streams/tba-121/31686,2017-12-07,Fills,,,,,,Fills & Chops,,,,Stefan,
31686,live,Powerful Hi-Hat Tricks & Fills #2,https://admin.musora.com/admin#/content/drumeo/31686,https://www.musora.com/drumeo/live-streams/tba-121/31686,2017-12-07,Fills,,,,,,,,,,Stefan,
31686,live,Powerful Hi-Hat Tricks & Fills #2,https://admin.musora.com/admin#/content/drumeo/31686,https://www.musora.com/drumeo/live-streams/tba-121/31686,2017-12-07,Musicality,,,,,,,,,,Stefan,
31686,live,Powerful Hi-Hat Tricks & Fills #2,https://admin.musora.com/admin#/content/drumeo/31686,https://www.musora.com/drumeo/live-streams/tba-121/31686,2017-12-07,Musicality,,,,,,,,,,Stefan,
31689,live,Tom & Bass Grooves,https://admin.musora.com/admin#/content/drumeo/31689,https://www.musora.com/drumeo/live-streams/tom-bass-grooves/31689,2017-12-08,Beats,Pop/Rock,,,,,Grooves,,,,Stefan,
31723,live,Primal Instruments - The Art Of Singing & Drumming,https://admin.musora.com/admin#/content/drumeo/31723,https://www.musora.com/drumeo/live-streams/primal-instruments-the-art-of-singing-drumming/31723,2017-12-11,Edutainment,Pop/Rock,,,,,Grooves,Independence,,,Stefan,
31723,live,Primal Instruments - The Art Of Singing & Drumming,https://admin.musora.com/admin#/content/drumeo/31723,https://www.musora.com/drumeo/live-streams/primal-instruments-the-art-of-singing-drumming/31723,2017-12-11,Musicality,,,,,,,,,,Stefan,
317497,live,Drumeo's Annual Christmas Party!,https://admin.musora.com/admin#/content/drumeo/317497,https://www.musora.com/drumeo/live-streams/drumeo-s-annual-christmas-party/317497,2021-12-16,all,,,,,,,,Other,,Stefan,
317497,live,Drumeo's Annual Christmas Party!,https://admin.musora.com/admin#/content/drumeo/317497,https://www.musora.com/drumeo/live-streams/drumeo-s-annual-christmas-party/317497,2021-12-16,all,,,,,,,,,,Stefan,
31789,live,How To Practice Fills,https://admin.musora.com/admin#/content/drumeo/31789,https://www.musora.com/drumeo/live-streams/tba-118/31789,2017-12-14,Fills,,,,,,Fills & Chops,,Practice Tips,,Stefan,
31795,live,Textured Multi-Surface Grooves,https://admin.musora.com/admin#/content/drumeo/31795,https://www.musora.com/drumeo/live-streams/textured-multi-surface-grooves/31795,2017-12-15,Beats,,,,,,Grooves,,,,Stefan,
31795,live,Textured Multi-Surface Grooves,https://admin.musora.com/admin#/content/drumeo/31795,https://www.musora.com/drumeo/live-streams/textured-multi-surface-grooves/31795,2017-12-15,Beats,,,,,,,,,,Stefan,
31811,live,"Drunkin', Semi-Sloppy Grooves",https://admin.musora.com/admin#/content/drumeo/31811,https://www.musora.com/drumeo/live-streams/drunkin-semi-sloppy-grooves/31811,2017-12-22,Beats,,,,,,Grooves,,,,Stefan,
31856,live,The Ghost Of Christmas Fast,https://admin.musora.com/admin#/content/drumeo/31856,https://www.musora.com/drumeo/live-streams/the-ghost-of-christmas-fast/31856,2017-12-24,Edutainment,,,,,,Fills & Chops,,,,Stefan,
31856,live,The Ghost Of Christmas Fast,https://admin.musora.com/admin#/content/drumeo/31856,https://www.musora.com/drumeo/live-streams/the-ghost-of-christmas-fast/31856,2017-12-24,Technique,,,,,,,,,,Stefan,
31868,live,Haunted By Failure,https://admin.musora.com/admin#/content/drumeo/31868,https://www.musora.com/drumeo/live-streams/haunted-by-failure/31868,2017-12-31,Edutainment,,,,,,,,Other,,Stefan,
31868,live,Haunted By Failure,https://admin.musora.com/admin#/content/drumeo/31868,https://www.musora.com/drumeo/live-streams/haunted-by-failure/31868,2017-12-31,Edutainment,,,,,,,,,,Stefan,
319307,live,How To Trick Yourself Into Practicing,https://admin.musora.com/admin#/content/drumeo/319307,https://www.musora.com/drumeo/live-streams/how-to-trick-yourself-into-practicing/319307,2021-09-17,all,,,,,,,,Practice Tips,,Stefan,
319909,live,Drumeo New Student Webinar,https://admin.musora.com/admin#/content/drumeo/319909,https://www.musora.com/drumeo/live-streams/drumeo-new-student-webinar/319909,2021-10-08,all,,,,,,,,Other,,Stefan,
319909,live,Drumeo New Student Webinar,https://admin.musora.com/admin#/content/drumeo/319909,https://www.musora.com/drumeo/live-streams/drumeo-new-student-webinar/319909,2021-10-08,all,,,,,,,,,,Stefan,
320122,live,Celebrating 2 Million Youtube Subscribers,https://admin.musora.com/admin#/content/drumeo/320122,https://www.musora.com/drumeo/live-streams/celebrating-2-million-youtube-subscribers/320122,2021-09-23,All,,,,,,,,Other,,Stefan,
320122,live,Celebrating 2 Million Youtube Subscribers,https://admin.musora.com/admin#/content/drumeo/320122,https://www.musora.com/drumeo/live-streams/celebrating-2-million-youtube-subscribers/320122,2021-09-23,All,,,,,,,,,,Stefan,
320885,live,Strengthening Your Double Bass,https://admin.musora.com/admin#/content/drumeo/320885,https://www.musora.com/drumeo/live-streams/strengthening-your-double-bass/320885,2021-09-28,Technique,,Foot Technique,,,,,,,,Stefan,
321781,question-and-answer,Drumeo Weekly - Instagram Drummers And The BaxBoard,https://admin.musora.com/admin#/content/drumeo/321781,https://www.musora.com/drumeo/question-and-answer/drumeo-weekly/321781,2021-10-04,all,,,,,,,,,,Stefan,
321781,question-and-answer,Drumeo Weekly - Instagram Drummers And The BaxBoard,https://admin.musora.com/admin#/content/drumeo/321781,https://www.musora.com/drumeo/question-and-answer/drumeo-weekly/321781,2021-10-04,all,,,,,,,,,,Stefan,
322048,question-and-answer,Drumeo Weekly - (no)DRUM Solo Contest Finals - K-Rad's 5 Note Lick Of Amazement!,https://admin.musora.com/admin#/content/drumeo/322048,https://www.musora.com/drumeo/question-and-answer/drumeo-weekly/322048,2021-11-01,All,,,,,,Fills & Chops,,,,Stefan,
322048,question-and-answer,Drumeo Weekly - (no)DRUM Solo Contest Finals - K-Rad's 5 Note Lick Of Amazement!,https://admin.musora.com/admin#/content/drumeo/322048,https://www.musora.com/drumeo/question-and-answer/drumeo-weekly/322048,2021-11-01,All,,,,,,,,,,Stefan,
322049,question-and-answer,Drumeo Weekly - Test Driving The Tama True Touch Practice Kit,https://admin.musora.com/admin#/content/drumeo/322049,https://www.musora.com/drumeo/question-and-answer/drumeo-weekly/322049,2022-03-14,All,,,,,,,,Gigging Tips & Gear,,Stefan,
322049,question-and-answer,Drumeo Weekly - Test Driving The Tama True Touch Practice Kit,https://admin.musora.com/admin#/content/drumeo/322049,https://www.musora.com/drumeo/question-and-answer/drumeo-weekly/322049,2022-03-14,All,,,,,,,,,,Stefan,
322057,question-and-answer,"Drumeo Weekly - Are Buzz, Press & Closed Rolls The Same? Practice Makes Perfect!",https://admin.musora.com/admin#/content/drumeo/322057,https://www.musora.com/drumeo/question-and-answer/drumeo-weekly/322057,2021-10-18,All,,Rudiments,,,,,,,,Stefan,
322064,question-and-answer,Drumeo Weekly - New Drum Fills & Make Your E-Kit Feel Like An Acoustic Kit,https://admin.musora.com/admin#/content/drumeo/322064,https://www.musora.com/drumeo/question-and-answer/drumeo-weekly/322064,2021-11-08,All,,,,,,Fills & Chops,,,,Stefan,
322064,question-and-answer,Drumeo Weekly - New Drum Fills & Make Your E-Kit Feel Like An Acoustic Kit,https://admin.musora.com/admin#/content/drumeo/322064,https://www.musora.com/drumeo/question-and-answer/drumeo-weekly/322064,2021-11-08,All,,,,,,,,,,Stefan,
322072,question-and-answer,Drumeo Weekly - The Best Beginner's Warmup & Sneak Peek At Big Holiday Prizes!,https://admin.musora.com/admin#/content/drumeo/322072,https://www.musora.com/drumeo/question-and-answer/drumeo-weekly/322072,2021-11-15,All,,Rudiments,,,,,,,,Stefan,
322072,question-and-answer,Drumeo Weekly - The Best Beginner's Warmup & Sneak Peek At Big Holiday Prizes!,https://admin.musora.com/admin#/content/drumeo/322072,https://www.musora.com/drumeo/question-and-answer/drumeo-weekly/322072,2021-11-15,All,,,,,,,,,,Stefan,
322075,question-and-answer,"Drumeo Weekly - Christmas Livestream Announcement, Breaking Down 16th Notes",https://admin.musora.com/admin#/content/drumeo/322075,https://www.musora.com/drumeo/question-and-answer/drumeo-weekly/322075,2021-12-06,All,,,,Ear Training,Notation,,,,,Stefan,
322075,question-and-answer,"Drumeo Weekly - Christmas Livestream Announcement, Breaking Down 16th Notes",https://admin.musora.com/admin#/content/drumeo/322075,https://www.musora.com/drumeo/question-and-answer/drumeo-weekly/322075,2021-12-06,All,,,,,,,,,,Stefan,
322077,question-and-answer,Drumeo Weekly - The Christmas Livestream & Q&A Catch-Up,https://admin.musora.com/admin#/content/drumeo/322077,https://www.musora.com/drumeo/question-and-answer/drumeo-weekly/322077,2021-12-22,All,,,,,,,,Other,,Stefan,
322077,question-and-answer,Drumeo Weekly - The Christmas Livestream & Q&A Catch-Up,https://admin.musora.com/admin#/content/drumeo/322077,https://www.musora.com/drumeo/question-and-answer/drumeo-weekly/322077,2021-12-22,All,,,,,,,,,,Stefan,
323811,live,Drumeo's (No) Drum Solo Contest Halloween Party,https://admin.musora.com/admin#/content/drumeo/323811,https://www.musora.com/drumeo/live-streams/drumeo-s-no-drum-solo-contest-halloween-party/323811,2021-11-01,All,,,,,,,,Performance,,Stefan,
323811,live,Drumeo's (No) Drum Solo Contest Halloween Party,https://admin.musora.com/admin#/content/drumeo/323811,https://www.musora.com/drumeo/live-streams/drumeo-s-no-drum-solo-contest-halloween-party/323811,2021-11-01,All,,,,,,,,,,Stefan,
324947,live,New Student Webinar,https://admin.musora.com/admin#/content/drumeo/324947,https://www.musora.com/drumeo/live-streams/new-student-webinar/324947,2021-11-12,All,,,,,,,,Other,,Stefan,
324947,live,New Student Webinar,https://admin.musora.com/admin#/content/drumeo/324947,https://www.musora.com/drumeo/live-streams/new-student-webinar/324947,2021-11-12,All,,,,,,,,,,Stefan,
328817,live,Ableton's Drummer Sessions Special Livestream,https://admin.musora.com/admin#/content/drumeo/328817,https://www.musora.com/drumeo/live-streams/ableton-s-drummer-sessions-special-livestream/328817,2021-12-08,All,,,,,,Making Music,,,,Stefan,
330558,live,New Student Webinar,https://admin.musora.com/admin#/content/drumeo/330558,https://www.musora.com/drumeo/live-streams/new-student-webinar/330558,2021-12-10,All,,,,,,,,Other,,Stefan,
331351,live,What I Learned Drumming With Prince,https://admin.musora.com/admin#/content/drumeo/331351,https://www.musora.com/drumeo/live-streams/what-i-learned-drumming-with-prince/331351,2021-12-14,All,Pop/Rock,,,,,,,,,Stefan,
331360,live,Drumeo Winter Recital #1,https://admin.musora.com/admin#/content/drumeo/331360,https://www.musora.com/drumeo/live-streams/drumeo-winter-recital-1/331360,2021-12-17,All,,,,,,,,Performance,,Stefan,
331360,live,Drumeo Winter Recital #1,https://admin.musora.com/admin#/content/drumeo/331360,https://www.musora.com/drumeo/live-streams/drumeo-winter-recital-1/331360,2021-12-17,All,,,,,,,,,,Stefan,
331361,live,Drumeo Winter Recital #2,https://admin.musora.com/admin#/content/drumeo/331361,https://www.musora.com/drumeo/live-streams/drumeo-winter-recital-2/331361,2021-12-17,All,,,,,,,,,,Stefan,
331361,live,Drumeo Winter Recital #2,https://admin.musora.com/admin#/content/drumeo/331361,https://www.musora.com/drumeo/live-streams/drumeo-winter-recital-2/331361,2021-12-17,All,,,,,,,,,,Stefan,
331362,live,Drumeo Winter Recital #3,https://admin.musora.com/admin#/content/drumeo/331362,https://www.musora.com/drumeo/live-streams/drumeo-winter-recital-3/331362,2021-12-21,All,,,,,,,,,,Stefan,
331362,live,Drumeo Winter Recital #3,https://admin.musora.com/admin#/content/drumeo/331362,https://www.musora.com/drumeo/live-streams/drumeo-winter-recital-3/331362,2021-12-21,All,,,,,,,,,,Stefan,
331363,live,Drumeo Winter Recital #4,https://admin.musora.com/admin#/content/drumeo/331363,https://www.musora.com/drumeo/live-streams/drumeo-winter-recital-4/331363,2021-12-21,All,,,,,,,,,,Stefan,
331363,live,Drumeo Winter Recital #4,https://admin.musora.com/admin#/content/drumeo/331363,https://www.musora.com/drumeo/live-streams/drumeo-winter-recital-4/331363,2021-12-21,All,,,,,,,,,,Stefan,
331364,live,Drumeo Winter Recital #5,https://admin.musora.com/admin#/content/drumeo/331364,https://www.musora.com/drumeo/live-streams/drumeo-winter-recital-5/331364,2021-12-22,All,,,,,,,,Performance,,Stefan,
333536,live,New Student Webinar,https://admin.musora.com/admin#/content/drumeo/333536,https://www.musora.com/drumeo/live-streams/new-student-webinar/333536,2022-01-20,All,,,,,,,,Other,,Stefan,
333536,live,New Student Webinar,https://admin.musora.com/admin#/content/drumeo/333536,https://www.musora.com/drumeo/live-streams/new-student-webinar/333536,2022-01-20,All,,,,,,,,,,Stefan,
333537,live,The 1st Annual Drumeo Awards,https://admin.musora.com/admin#/content/drumeo/333537,https://www.musora.com/drumeo/live-streams/drumeoawards-presentation-livestream/333537,2022-02-07,All,,,,,,,,Other,,Stefan,
335094,question-and-answer,Drumeo Weekly - Drumeo Coaches 2022 & Jared Answers Your Questions!,https://admin.musora.com/admin#/content/drumeo/335094,https://www.musora.com/drumeo/question-and-answer/drumeo-weekly/335094,2022-01-03,All,,,,,,,,Other,,Stefan,
335095,question-and-answer,"Drumeo Weekly- Efnote Drums, What's a Feature Coach?",https://admin.musora.com/admin#/content/drumeo/335095,https://www.musora.com/drumeo/question-and-answer/drumeo-weekly/335095,2022-01-10,All,,,,,,,,Other,,Stefan,
335095,question-and-answer,"Drumeo Weekly- Efnote Drums, What's a Feature Coach?",https://admin.musora.com/admin#/content/drumeo/335095,https://www.musora.com/drumeo/question-and-answer/drumeo-weekly/335095,2022-01-10,All,,,,,,,,,,Stefan,
335096,question-and-answer,Drumeo Weekly - How To Use Coaches 2022 & A Closer Look At The Drumeo EarDRUMs,https://admin.musora.com/admin#/content/drumeo/335096,https://www.musora.com/drumeo/question-and-answer/drumeo-weekly/335096,2022-01-17,All,,,,,,,,Gigging Tips & Gear,,Stefan,
335096,question-and-answer,Drumeo Weekly - How To Use Coaches 2022 & A Closer Look At The Drumeo EarDRUMs,https://admin.musora.com/admin#/content/drumeo/335096,https://www.musora.com/drumeo/question-and-answer/drumeo-weekly/335096,2022-01-17,All,,,,,,,,,,Stefan,
335097,question-and-answer,"Drumeo Weekly - Dennis Chambers, Inverse Paradiddles, Grooving With Linkin Park",https://admin.musora.com/admin#/content/drumeo/335097,https://www.musora.com/drumeo/question-and-answer/drumeo-weekly/335097,2022-01-26,All,Funk/Disco,Rudiments,Hand Technique,,,,,,,Stefan,
335097,question-and-answer,"Drumeo Weekly - Dennis Chambers, Inverse Paradiddles, Grooving With Linkin Park",https://admin.musora.com/admin#/content/drumeo/335097,https://www.musora.com/drumeo/question-and-answer/drumeo-weekly/335097,2022-01-26,All,,,,,,,,,,Stefan,
335098,question-and-answer,"Drumeo Weekly - The DrumeoAwards Sneak Peek, Standing To Practice?",https://admin.musora.com/admin#/content/drumeo/335098,https://www.musora.com/drumeo/question-and-answer/drumeo-weekly/335098,2022-01-31,All,,,,,,,,Practice Tips,,Stefan,
335098,question-and-answer,"Drumeo Weekly - The DrumeoAwards Sneak Peek, Standing To Practice?",https://admin.musora.com/admin#/content/drumeo/335098,https://www.musora.com/drumeo/question-and-answer/drumeo-weekly/335098,2022-01-31,All,,,,,,,,,,Stefan,
335099,live,Buddy Rich: The Greatest Drummer Of All Time?,https://admin.musora.com/admin#/content/drumeo/335099,https://www.musora.com/drumeo/live-streams/was-buddy-rich-the-goat-of-drumming/335099,2022-01-14,All,Jazz/Blues,,,,,,,,,Stefan,
337711,live,The Balance Between Chops & Groove,https://admin.musora.com/admin#/content/drumeo/337711,https://www.musora.com/drumeo/live-streams/finding-the-balance-of-chops-groove/337711,2022-03-14,Beats,Hip-Hop/Rap/EDM,,,,,Grooves,Fills & Chops,,,Stefan,
337711,live,The Balance Between Chops & Groove,https://admin.musora.com/admin#/content/drumeo/337711,https://www.musora.com/drumeo/live-streams/finding-the-balance-of-chops-groove/337711,2022-03-14,Musicality,,,,,,,,,,Stefan,
337711,live,The Balance Between Chops & Groove,https://admin.musora.com/admin#/content/drumeo/337711,https://www.musora.com/drumeo/live-streams/finding-the-balance-of-chops-groove/337711,2022-03-14,Technique,,,,,,,,,,Stefan,
339228,live,Funk Drumming Masterclass with Dennis Chambers,https://admin.musora.com/admin#/content/drumeo/339228,https://www.musora.com/drumeo/live-streams/dennis-chambers-is-back/339228,2022-01-26,All,Funk/Disco,,,,,,,,,Stefan,
340857,live,2022 Drumeo Featured Coaches Special Livestream,https://admin.musora.com/admin#/content/drumeo/340857,https://www.musora.com/drumeo/live-streams/2022-drumeo-featured-coaches-special-livestream/340857,2022-01-31,All,,,,,,,,Other,,Stefan,
340857,live,2022 Drumeo Featured Coaches Special Livestream,https://admin.musora.com/admin#/content/drumeo/340857,https://www.musora.com/drumeo/live-streams/2022-drumeo-featured-coaches-special-livestream/340857,2022-01-31,All,,,,,,,,,,Stefan,
341539,question-and-answer,"Drumeo Weekly - Buddy Rich's Impossible Licks, Adoro Quiet Sticks",https://admin.musora.com/admin#/content/drumeo/341539,https://www.musora.com/drumeo/question-and-answer/drumeo-weekly/341539,2022-02-07,All,Jazz/Blues,,,,,,,Gigging Tips & Gear,,Stefan,
341539,question-and-answer,"Drumeo Weekly - Buddy Rich's Impossible Licks, Adoro Quiet Sticks",https://admin.musora.com/admin#/content/drumeo/341539,https://www.musora.com/drumeo/question-and-answer/drumeo-weekly/341539,2022-02-07,All,,,,,,,,,,Stefan,
341968,question-and-answer,"Drumeo Weekly - Brooklyn Nine-Nine Collab, Counting Multiple Odd-Time Signatures",https://admin.musora.com/admin#/content/drumeo/341968,https://www.musora.com/drumeo/question-and-answer/drumeo-weekly/341968,2022-02-16,All,,,,Time Signatures,,,,,,Stefan,
341968,question-and-answer,"Drumeo Weekly - Brooklyn Nine-Nine Collab, Counting Multiple Odd-Time Signatures",https://admin.musora.com/admin#/content/drumeo/341968,https://www.musora.com/drumeo/question-and-answer/drumeo-weekly/341968,2022-02-16,All,,,,,,,,,,Stefan,
341975,question-and-answer,Drumeo Weekly - What Does A Snare Made Out Of Countertop Sound Like?,https://admin.musora.com/admin#/content/drumeo/341975,https://www.musora.com/drumeo/question-and-answer/drumeo-weekly/341975,2022-02-28,All,,,,,,,,Gigging Tips & Gear,,Stefan,
341975,question-and-answer,Drumeo Weekly - What Does A Snare Made Out Of Countertop Sound Like?,https://admin.musora.com/admin#/content/drumeo/341975,https://www.musora.com/drumeo/question-and-answer/drumeo-weekly/341975,2022-02-28,All,,,,,,,,,,Stefan,
346236,live,New Student Webinar,https://admin.musora.com/admin#/content/drumeo/346236,https://www.musora.com/drumeo/live-streams/new-student-webinar/346236,2022-02-25,All,,,,,,,,,Other,Stefan,
346236,live,New Student Webinar,https://admin.musora.com/admin#/content/drumeo/346236,https://www.musora.com/drumeo/live-streams/new-student-webinar/346236,2022-02-25,All,,,,,,,,,,Stefan,
348427,question-and-answer,Drumeo Weekly - The Best Heavy Metal Drum Solo?,https://admin.musora.com/admin#/content/drumeo/348427,https://www.musora.com/drumeo/question-and-answer/drumeo-weekly/348427,2022-03-08,All,Hard Rock/Metal,,,,,Fills & Chops,,,,Stefan,
348427,question-and-answer,Drumeo Weekly - The Best Heavy Metal Drum Solo?,https://admin.musora.com/admin#/content/drumeo/348427,https://www.musora.com/drumeo/question-and-answer/drumeo-weekly/348427,2022-03-08,All,,,,,,,,,,Stefan,
349916,question-and-answer,Drumeo Weekly - Tips On Transcribing Songs & How To Practice A 5:7 Polyrhythm,https://admin.musora.com/admin#/content/drumeo/349916,https://www.musora.com/drumeo/question-and-answer/drumeo-weekly/349916,2022-03-29,All,,,,Ear Training,,,,,,Stefan,
349916,question-and-answer,Drumeo Weekly - Tips On Transcribing Songs & How To Practice A 5:7 Polyrhythm,https://admin.musora.com/admin#/content/drumeo/349916,https://www.musora.com/drumeo/question-and-answer/drumeo-weekly/349916,2022-03-29,All,,,,,,,,,,Stefan,
349920,question-and-answer,Drumeo Weekly - Getting Comfortable Switching From Electronic To Acoustic Drums,https://admin.musora.com/admin#/content/drumeo/349920,https://www.musora.com/drumeo/question-and-answer/drumeo-weekly/349920,2022-03-21,All,,,,,,,,Gigging Tips & Gear,,Stefan,
349920,question-and-answer,Drumeo Weekly - Getting Comfortable Switching From Electronic To Acoustic Drums,https://admin.musora.com/admin#/content/drumeo/349920,https://www.musora.com/drumeo/question-and-answer/drumeo-weekly/349920,2022-03-21,All,,,,,,,,,,Stefan,
350226,live,New Student Webinar,https://admin.musora.com/admin#/content/drumeo/350226,https://www.musora.com/drumeo/live-streams/new-student-webinar/350226,2022-03-25,All,,,,,,,,Other,,Stefan,
350226,live,New Student Webinar,https://admin.musora.com/admin#/content/drumeo/350226,https://www.musora.com/drumeo/live-streams/new-student-webinar/350226,2022-03-25,All,,,,,,,,,,Stefan,
350701,live,Drumeo's 10th Anniversary Celebration Livestream,https://admin.musora.com/admin#/content/drumeo/350701,https://www.musora.com/drumeo/live-streams/drumeo-s-10th-anniversary-celebration-livestream/350701,2022-04-01,All,,,,,,,,Other,,Stefan,
350701,live,Drumeo's 10th Anniversary Celebration Livestream,https://admin.musora.com/admin#/content/drumeo/350701,https://www.musora.com/drumeo/live-streams/drumeo-s-10th-anniversary-celebration-livestream/350701,2022-04-01,All,,,,,,,,,,Stefan,
350717,question-and-answer,Drumeo Weekly - Remembering Taylor Hawkins,https://admin.musora.com/admin#/content/drumeo/350717,https://www.musora.com/drumeo/question-and-answer/drumeo-weekly/350717,2022-04-04,All,Pop/Rock,,,,,,,,,Stefan,
350717,question-and-answer,Drumeo Weekly - Remembering Taylor Hawkins,https://admin.musora.com/admin#/content/drumeo/350717,https://www.musora.com/drumeo/question-and-answer/drumeo-weekly/350717,2022-04-04,All,,,,,,,,,,Stefan,
352030,question-and-answer,Drumeo Weekly - Developing Your Ideal Practice Routine,https://admin.musora.com/admin#/content/drumeo/352030,https://www.musora.com/drumeo/question-and-answer/drumeo-weekly/352030,2022-04-12,All,,,,,,,,Practice Tips,,Stefan,
352030,question-and-answer,Drumeo Weekly - Developing Your Ideal Practice Routine,https://admin.musora.com/admin#/content/drumeo/352030,https://www.musora.com/drumeo/question-and-answer/drumeo-weekly/352030,2022-04-12,All,,,,,,,,,,Stefan,
352299,live,Song Request Lottery - April 2022,https://admin.musora.com/admin#/content/drumeo/352299,https://www.musora.com/drumeo/live-streams/drumeo-s-song-request-lottery/352299,2022-04-14,All,,,,,,,,Other,,Stefan,
352299,live,Song Request Lottery - April 2022,https://admin.musora.com/admin#/content/drumeo/352299,https://www.musora.com/drumeo/live-streams/drumeo-s-song-request-lottery/352299,2022-04-14,All,,,,,,,,,,Stefan,
352738,live,The Simon Phillips Approach To Amazing Drum Sounds,https://admin.musora.com/admin#/content/drumeo/352738,https://www.musora.com/drumeo/live-streams/elevate-your-drum-sound/352738,2022-04-21,Musicality,,,,,,Making Music,,,,Stefan,
352888,question-and-answer,Drumeo Weekly - Perfecting Bass Drum Doubles,https://admin.musora.com/admin#/content/drumeo/352888,https://www.musora.com/drumeo/question-and-answer/drumeo-weekly/352888,2022-04-20,All,,Foot Technique,Rudiments,,,,,,,Stefan,
353926,question-and-answer,"Drumeo Weekly - Sneak Peeks & ""Try Something New Challenge"" Prizes",https://admin.musora.com/admin#/content/drumeo/353926,https://www.musora.com/drumeo/question-and-answer/drumeo-weekly/353926,2022-04-28,All,,,,,,,,Other,,Stefan,
353940,question-and-answer,Limb Check - Your Feet Are Not An Afterthought - Q&A,https://admin.musora.com/admin#/content/drumeo/353940,https://www.musora.com/drumeo/question-and-answer/limb-check-your-feet-are-not-an-afterthought-qa/353940,2022-04-28,Independence,,Foot Technique,,,,,,,,Stefan,
353940,question-and-answer,Limb Check - Your Feet Are Not An Afterthought - Q&A,https://admin.musora.com/admin#/content/drumeo/353940,https://www.musora.com/drumeo/question-and-answer/limb-check-your-feet-are-not-an-afterthought-qa/353940,2022-04-28,Independence,,,,,,,,,,Stefan,
354336,live,New Student Welcome Party,https://admin.musora.com/admin#/content/drumeo/354336,https://www.musora.com/drumeo/live-streams/new-student-welcome-party/354336,2022-05-02,All,,,,,,,,Other,,Stefan,
355095,question-and-answer,Drumeo Weekly - How To Grow As A Drummer When Jamming With Others,https://admin.musora.com/admin#/content/drumeo/355095,https://www.musora.com/drumeo/question-and-answer/drumeo-weekly/355095,2022-05-04,All,,,,,,Making Music,,,,Stefan,
355107,question-and-answer,Drumeo Weekly - What's The Real Deal On Mesh Drumheads?,https://admin.musora.com/admin#/content/drumeo/355107,https://www.musora.com/drumeo/question-and-answer/drumeo-weekly/355107,2022-05-11,All,,,,,,,,Gigging Tips & Gear,,Stefan,
355107,question-and-answer,Drumeo Weekly - What's The Real Deal On Mesh Drumheads?,https://admin.musora.com/admin#/content/drumeo/355107,https://www.musora.com/drumeo/question-and-answer/drumeo-weekly/355107,2022-05-11,All,,,,,,,,,,Stefan,
355756,question-and-answer,Drumeo Weekly - Becoming A Better Drummer,https://admin.musora.com/admin#/content/drumeo/355756,https://www.musora.com/drumeo/question-and-answer/drumeo-weekly/355756,2022-05-18,All,,,,,,,,Other,,Stefan,
355756,question-and-answer,Drumeo Weekly - Becoming A Better Drummer,https://admin.musora.com/admin#/content/drumeo/355756,https://www.musora.com/drumeo/question-and-answer/drumeo-weekly/355756,2022-05-18,All,,,,,,,,,,Stefan,
355766,question-and-answer,Drumeo Weekly - What Is The Future For Electronic Drums?,https://admin.musora.com/admin#/content/drumeo/355766,https://www.musora.com/drumeo/question-and-answer/drumeo-weekly/355766,2022-05-25,All,,,,,,,,Gigging Tips & Gear,,Stefan,
355766,question-and-answer,Drumeo Weekly - What Is The Future For Electronic Drums?,https://admin.musora.com/admin#/content/drumeo/355766,https://www.musora.com/drumeo/question-and-answer/drumeo-weekly/355766,2022-05-25,All,,,,,,,,,,Stefan,
355767,question-and-answer,Drumeo Weekly - How To Approach Playing Fast Rock Songs With The Hi-hat,https://admin.musora.com/admin#/content/drumeo/355767,https://www.musora.com/drumeo/question-and-answer/drumeo-weekly/355767,2022-05-31,All,Pop/Rock,,,,,Independence,,,,Stefan,
355767,question-and-answer,Drumeo Weekly - How To Approach Playing Fast Rock Songs With The Hi-hat,https://admin.musora.com/admin#/content/drumeo/355767,https://www.musora.com/drumeo/question-and-answer/drumeo-weekly/355767,2022-05-31,All,,,,,,,,,,Stefan,
355768,live,New Student Welcome Party,https://admin.musora.com/admin#/content/drumeo/355768,https://www.musora.com/drumeo/live-streams/new-student-welcome-party/355768,2022-05-27,All,,,,,,,,Other,,Stefan,
355879,live,Drum Month Week #1 - The Art Of Double Bass Drumming,https://admin.musora.com/admin#/content/drumeo/355879,https://www.musora.com/drumeo/live-streams/the-art-of-double-bass-drumming/355879,2022-05-10,Technique,,Foot Technique,,,,,,,,Stefan,
355909,live,A Journey Into Jazz & Rock Drumming,https://admin.musora.com/admin#/content/drumeo/355909,https://www.musora.com/drumeo/live-streams/drum-month-week-2-new-frontiers-live-with-steve-smith/355909,2022-05-16,Edutainment,Jazz/Blues,,,,,Grooves,,,,Stefan,
355909,live,A Journey Into Jazz & Rock Drumming,https://admin.musora.com/admin#/content/drumeo/355909,https://www.musora.com/drumeo/live-streams/drum-month-week-2-new-frontiers-live-with-steve-smith/355909,2022-05-16,Styles,,,,,,,,,,Stefan,
356688,live,The 9 Most Influential Drummers,https://admin.musora.com/admin#/content/drumeo/356688,https://www.musora.com/drumeo/live-streams/the-9-most-influential-drummers/356688,2022-11-28,Beats,,,,,,Grooves,Fills & Chops,,,Stefan,
356688,live,The 9 Most Influential Drummers,https://admin.musora.com/admin#/content/drumeo/356688,https://www.musora.com/drumeo/live-streams/the-9-most-influential-drummers/356688,2022-11-28,Fills,,,,,,,,,,Stefan,
357925,live,Drum Month Week #4 - International Drum Month Epic Wrap-up Party,https://admin.musora.com/admin#/content/drumeo/357925,https://www.musora.com/drumeo/live-streams/drum-month-week-4-international-drum-month-epic-wrap-up-party/357925,2022-06-06,All,,,,,,,,Other,,Stefan,
359298,question-and-answer,Drumeo Weekly - NAMM 2022 News,https://admin.musora.com/admin#/content/drumeo/359298,https://www.musora.com/drumeo/question-and-answer/drumeo-weekly/359298,2022-06-06,All,,,,,,,,Other,,Stefan,
359298,question-and-answer,Drumeo Weekly - NAMM 2022 News,https://admin.musora.com/admin#/content/drumeo/359298,https://www.musora.com/drumeo/question-and-answer/drumeo-weekly/359298,2022-06-06,All,,,,,,,,,,Stefan,
359600,question-and-answer,"Drumeo Weekly - Popcorn, Piccolo & Phat Snares: What's The difference?",https://admin.musora.com/admin#/content/drumeo/359600,https://www.musora.com/drumeo/question-and-answer/drumeo-weekly/359600,2022-06-13,All,,,,,,,,Gigging Tips & Gear,,Stefan,
359600,question-and-answer,"Drumeo Weekly - Popcorn, Piccolo & Phat Snares: What's The difference?",https://admin.musora.com/admin#/content/drumeo/359600,https://www.musora.com/drumeo/question-and-answer/drumeo-weekly/359600,2022-06-13,All,,,,,,,,,,Stefan,
359604,question-and-answer,Drumeo Weekly - The Show Must Go On!,https://admin.musora.com/admin#/content/drumeo/359604,https://www.musora.com/drumeo/question-and-answer/drumeo-weekly/359604,2022-06-21,All,,,,,,,,Other,,Stefan,
359604,question-and-answer,Drumeo Weekly - The Show Must Go On!,https://admin.musora.com/admin#/content/drumeo/359604,https://www.musora.com/drumeo/question-and-answer/drumeo-weekly/359604,2022-06-21,All,,,,,,,,,,Stefan,
359687,live,New Student Welcome Party,https://admin.musora.com/admin#/content/drumeo/359687,https://www.musora.com/drumeo/live-streams/new-student-welcome-party/359687,2022-06-29,All,,,,,,,,Other,,Stefan,
360637,question-and-answer,Drumeo Weekly - Coaches Update!,https://admin.musora.com/admin#/content/drumeo/360637,https://www.musora.com/drumeo/question-and-answer/drumeo-weekly/360637,2022-06-30,All,,,,,,,,Other,,Stefan,
360662,live,2022 Summer Recital #1,https://admin.musora.com/admin#/content/drumeo/360662,https://www.musora.com/drumeo/live-streams/drumeo-summer-recital-1/360662,2022-06-23,All,,,,,,,,Performance,,Stefan,
360662,live,2022 Summer Recital #1,https://admin.musora.com/admin#/content/drumeo/360662,https://www.musora.com/drumeo/live-streams/drumeo-summer-recital-1/360662,2022-06-23,All,,,,,,,,,,Stefan,
360664,live,2022 Summer Recital #2,https://admin.musora.com/admin#/content/drumeo/360664,https://www.musora.com/drumeo/live-streams/2022-summer-recital-2/360664,2022-06-26,All,,,,,,,,,,Stefan,
360664,live,2022 Summer Recital #2,https://admin.musora.com/admin#/content/drumeo/360664,https://www.musora.com/drumeo/live-streams/2022-summer-recital-2/360664,2022-06-26,All,,,,,,,,,,Stefan,
360666,live,2022 Summer Recital #3,https://admin.musora.com/admin#/content/drumeo/360666,https://www.musora.com/drumeo/live-streams/2022-summer-recital-3/360666,2022-06-30,All,,,,,,,,,,Stefan,
360666,live,2022 Summer Recital #3,https://admin.musora.com/admin#/content/drumeo/360666,https://www.musora.com/drumeo/live-streams/2022-summer-recital-3/360666,2022-06-30,All,,,,,,,,,,Stefan,
360668,live,2022 Summer Recital #4,https://admin.musora.com/admin#/content/drumeo/360668,https://www.musora.com/drumeo/live-streams/2022-summer-recital-4/360668,2022-06-30,All,,,,,,,,,,Stefan,
360668,live,2022 Summer Recital #4,https://admin.musora.com/admin#/content/drumeo/360668,https://www.musora.com/drumeo/live-streams/2022-summer-recital-4/360668,2022-06-30,All,,,,,,,,,,Stefan,
361834,question-and-answer,"Drumeo Weekly - Steve Smith, Learning To Listen & Support A Good Cause",https://admin.musora.com/admin#/content/drumeo/361834,https://www.musora.com/drumeo/question-and-answer/drumeo-weekly/361834,2022-07-08,All,Pop/Rock,,,Ear Training,,,,,,Stefan,
361834,question-and-answer,"Drumeo Weekly - Steve Smith, Learning To Listen & Support A Good Cause",https://admin.musora.com/admin#/content/drumeo/361834,https://www.musora.com/drumeo/question-and-answer/drumeo-weekly/361834,2022-07-08,All,,,,,,,,,,Stefan,
362490,live,Song Request Lottery - July 2022,https://admin.musora.com/admin#/content/drumeo/362490,https://www.musora.com/drumeo/live-streams/song-request-lottery-july-2022/362490,2022-07-11,All,,,,,,,,Other,,Stefan,
362491,question-and-answer,Drumeo Weekly - Why Is Playing To Music Distracting Sometimes?,https://admin.musora.com/admin#/content/drumeo/362491,https://www.musora.com/drumeo/question-and-answer/drumeo-weekly/362491,2022-07-11,All,,,,,,,,Practice Tips,,Stefan,
362491,question-and-answer,Drumeo Weekly - Why Is Playing To Music Distracting Sometimes?,https://admin.musora.com/admin#/content/drumeo/362491,https://www.musora.com/drumeo/question-and-answer/drumeo-weekly/362491,2022-07-11,All,,,,,,,,,,Stefan,
362506,question-and-answer,Drumeo Weekly - Student Focus Update & Sabian Anthology Cymbals,https://admin.musora.com/admin#/content/drumeo/362506,https://www.musora.com/drumeo/question-and-answer/drumeo-weekly/362506,2022-07-19,All,,,,,,,,Gigging Tips & Gear,,Stefan,
362506,question-and-answer,Drumeo Weekly - Student Focus Update & Sabian Anthology Cymbals,https://admin.musora.com/admin#/content/drumeo/362506,https://www.musora.com/drumeo/question-and-answer/drumeo-weekly/362506,2022-07-19,All,,,,,,,,,,Stefan,
362507,question-and-answer,Drumeo Weekly - Low Volume Heads And Cymbals vs. E-drums - Which Is Best?,https://admin.musora.com/admin#/content/drumeo/362507,https://www.musora.com/drumeo/question-and-answer/drumeo-weekly/362507,2022-07-25,All,,,,,,,,Gigging Tips & Gear,,Stefan,
364624,question-and-answer,Drumeo Weekly - Student Meet-ups & Song Requests,https://admin.musora.com/admin#/content/drumeo/364624,https://www.musora.com/drumeo/question-and-answer/drumeo-weekly/364624,2022-08-03,All,,,,,,,,Other,,Stefan,
364624,question-and-answer,Drumeo Weekly - Student Meet-ups & Song Requests,https://admin.musora.com/admin#/content/drumeo/364624,https://www.musora.com/drumeo/question-and-answer/drumeo-weekly/364624,2022-08-03,All,,,,,,,,,,Stefan,
364627,question-and-answer,Drumeo Weekly - How To Calm Your Nerves And Be Ready To Perform,https://admin.musora.com/admin#/content/drumeo/364627,https://www.musora.com/drumeo/question-and-answer/drumeo-weekly/364627,2022-08-08,All,,,,,,Making Music,,Performance,,Stefan,
364627,question-and-answer,Drumeo Weekly - How To Calm Your Nerves And Be Ready To Perform,https://admin.musora.com/admin#/content/drumeo/364627,https://www.musora.com/drumeo/question-and-answer/drumeo-weekly/364627,2022-08-08,All,,,,,,,,,,Stefan,
364629,question-and-answer,"Drumeo Weekly - What Is ""30-Day Drummer""?",https://admin.musora.com/admin#/content/drumeo/364629,https://www.musora.com/drumeo/question-and-answer/drumeo-weekly/364629,2022-08-15,All,,,,,,,,Other,,Stefan,
364632,question-and-answer,Drumeo Weekly - Drum Tuning: Who Is Right?,https://admin.musora.com/admin#/content/drumeo/364632,https://www.musora.com/drumeo/question-and-answer/drumeo-weekly/364632,2022-08-22,All,,,,,,,,Other,,Stefan,
364634,question-and-answer,Drumeo Weekly - Should A Band Practice With A Click?,https://admin.musora.com/admin#/content/drumeo/364634,https://www.musora.com/drumeo/question-and-answer/drumeo-weekly/364634,2022-08-30,All,,Timing,,,,Making Music,,Practice Tips,,Stefan,
364636,live,New Student Welcome Party,https://admin.musora.com/admin#/content/drumeo/364636,https://www.musora.com/drumeo/live-streams/new-student-welcome-party/364636,2022-08-03,All,,,,,,,,Other,,Stefan,
364972,question-and-answer,What's On Your Mind? - Keeping Drumming Fun And Exciting,https://admin.musora.com/admin#/content/drumeo/364972,https://www.musora.com/drumeo/question-and-answer/what-s-on-your-mind-episode-1/364972,2022-07-27,All,,,,,,,,Other,,Stefan,
367538,live,Spotlight: Keith Moon,https://admin.musora.com/admin#/content/drumeo/367538,https://www.musora.com/drumeo/live-streams/spotlight-terry-bozzio-77-84/367538,2022-10-12,Edutainment,Pop/Rock,,,,,,,,,Stefan,
368435,live,Beginner Drummer's Masterclass,https://admin.musora.com/admin#/content/drumeo/368435,https://www.musora.com/drumeo/live-streams/30-day-drummer-kick-off-live-stream/368435,2022-09-02,All,,,,,,,,Other,,Stefan,
368440,question-and-answer,What's On Your Mind? - Fostering Passion For Playing Drums,https://admin.musora.com/admin#/content/drumeo/368440,https://www.musora.com/drumeo/question-and-answer/what-s-on-your-mind-episode-2/368440,2022-08-24,All,,,,,,,,Other,,Stefan,
368475,live,New Student Welcome Party,https://admin.musora.com/admin#/content/drumeo/368475,https://www.musora.com/drumeo/live-streams/new-student-welcome-party/368475,2022-09-11,All,,,,,,,,Other,,Stefan,
368610,question-and-answer,"Drumeo Weekly - The Last Drumeo Weekly, Taylor Hawkins Tribute",https://admin.musora.com/admin#/content/drumeo/368610,https://www.musora.com/drumeo/question-and-answer/drumeo-weekly/368610,2022-09-08,All,Pop/Rock,,,,,,,,,Stefan,
371287,live,The Drum Department - Welcome To The Drum Department!,https://admin.musora.com/admin#/content/drumeo/371287,https://www.musora.com/drumeo/live-streams/the-drum-department/371287,2022-09-13,Edutainment,,,,,,,,Podcast,,Stefan,
372372,live,The Drum Department - Drumming Celebrities & Why Drumming Makes You Smarter?,https://admin.musora.com/admin#/content/drumeo/372372,https://www.musora.com/drumeo/live-streams/the-drum-department-episode-2/372372,2022-09-19,Edutainment,,,,,,,,Podcast,,Stefan,
372374,live,The Drum Department - Drum Festivals: Who Cares?!,https://admin.musora.com/admin#/content/drumeo/372374,https://www.musora.com/drumeo/live-streams/the-drum-department-episode-3/372374,2022-09-29,Edutainment,,,,,,,,Podcast,,Stefan,
372375,live,The Drum Department - Chops vs. Groove: The Ultimate Showdown!,https://admin.musora.com/admin#/content/drumeo/372375,https://www.musora.com/drumeo/live-streams/the-drum-department-episode-4/372375,2022-10-04,Edutainment,,,,,,,,Podcast,,Stefan,
372933,question-and-answer,What's On Your Mind? - Getting Technical,https://admin.musora.com/admin#/content/drumeo/372933,https://www.musora.com/drumeo/question-and-answer/what-s-on-your-mind-episode-3/372933,2022-09-28,All,,,,,,,,Other,,Stefan,
373287,live,New Student Welcome Party,https://admin.musora.com/admin#/content/drumeo/373287,https://www.musora.com/drumeo/live-streams/new-student-welcome-party/373287,2022-10-12,All,,,,,,,,Other,,Stefan,
373288,live,Song Request Lottery - October 2022,https://admin.musora.com/admin#/content/drumeo/373288,https://www.musora.com/drumeo/live-streams/new-songs-lottery/373288,2022-10-08,All,,,,,,,,Other,,Stefan,
373289,live,The Drum Department - Live Drumming Is Bigger Than Ever,https://admin.musora.com/admin#/content/drumeo/373289,https://www.musora.com/drumeo/live-streams/the-drum-department-episode-5/373289,2022-10-13,Edutainment,,,,,,,,Podcast,,Stefan,
373293,live,The Drum Department - Drumming Pet Peeves,https://admin.musora.com/admin#/content/drumeo/373293,https://www.musora.com/drumeo/live-streams/the-drum-department-episode-6/373293,2022-10-21,Edutainment,,,,,,,,Podcast,,Stefan,
373294,live,The Drum Department - Phil Collins Drum Talk (With Nic Collins),https://admin.musora.com/admin#/content/drumeo/373294,https://www.musora.com/drumeo/live-streams/the-drum-department-episode-7/373294,2022-10-25,Edutainment,,,,,,,,Podcast,,Stefan,
373295,live,The Drum Department - The Scariest Drum Parts,https://admin.musora.com/admin#/content/drumeo/373295,https://www.musora.com/drumeo/live-streams/the-drum-department-episode-8/373295,2022-10-31,Edutainment,,,,,,,,Podcast,,Stefan,
373296,question-and-answer,What's On Your Mind? - The Life Of A Touring Drummer,https://admin.musora.com/admin#/content/drumeo/373296,https://www.musora.com/drumeo/question-and-answer/what-s-on-your-mind-episode-4/373296,2022-10-20,All,,,,,,,,Other,,Stefan,
374476,live,30-Day Drummer New Student Masterclass,https://admin.musora.com/admin#/content/drumeo/374476,https://www.musora.com/drumeo/live-streams/30-day-drummer-new-student-masterclass/374476,2022-10-23,All,,,,,,,,Other,,Stefan,
374741,live,The Grooves Of Genesis,https://admin.musora.com/admin#/content/drumeo/374741,https://www.musora.com/drumeo/live-streams/nic-collins-live-the-grooves-of-genesis/374741,2023-01-06,Beats,Pop/Rock,,,,,Grooves,,,,Stefan,
374741,live,The Grooves Of Genesis,https://admin.musora.com/admin#/content/drumeo/374741,https://www.musora.com/drumeo/live-streams/nic-collins-live-the-grooves-of-genesis/374741,2023-01-06,Fills,,,,,,,,,,Stefan,
374875,live,The Drum Department - Drum Tuning Myths (With Ronn Dunnett),https://admin.musora.com/admin#/content/drumeo/374875,https://www.musora.com/drumeo/live-streams/the-drum-department-episode-9/374875,2022-11-07,All,,,,,,,,Podcast,,Stefan,
374876,live,The Drum Department - Drumming With Ozzy & Randy Rhoads (With Tommy Aldridge),https://admin.musora.com/admin#/content/drumeo/374876,https://www.musora.com/drumeo/live-streams/the-drum-department-episode-10/374876,2022-11-14,All,,,,,,,,Podcast,,Stefan,
374878,question-and-answer,What's On Your Mind? - Enhancing Your Musicality,https://admin.musora.com/admin#/content/drumeo/374878,https://www.musora.com/drumeo/question-and-answer/what-s-on-your-mind-episode-5/374878,2022-11-18,All,,,,,,,,Other,,Stefan,
374904,live,Welcome To Musora - Your Unified Music Education Experience,https://admin.musora.com/admin#/content/drumeo/374904,https://www.musora.com/drumeo/live-streams/welcome-to-musora-your-unified-music-education-experience/374904,2022-11-03,All,,,,,,,,Other,,Stefan,
375149,live,New Student Welcome Party,https://admin.musora.com/admin#/content/drumeo/375149,https://www.musora.com/drumeo/live-streams/new-student-welcome-party/375149,2022-11-14,All,,,,,,,,Other,,Stefan,
375305,live,The Drum Department - The Real Truth About Electronic Drums,https://admin.musora.com/admin#/content/drumeo/375305,https://www.musora.com/drumeo/live-streams/the-drum-department-episode-11/375305,2022-11-21,All,,,,,,,,Gigging Tips & Gear,,Stefan,
375325,live,The Drum Department - House Kit Horror Stories,https://admin.musora.com/admin#/content/drumeo/375325,https://www.musora.com/drumeo/live-streams/the-drum-department-episode-12/375325,2022-11-28,All,,,,,,,,Gigging Tips & Gear,,Stefan,
375421,live,Heavy Metal Grooves & Fills,https://admin.musora.com/admin#/content/drumeo/375421,https://www.musora.com/drumeo/live-streams/heavy-metal-grooves-fills-tommy-aldridge-drum-lesson/375421,2022-11-21,Beats,Hard Rock/Metal,,,,,Grooves,Fills & Chops,,,Stefan,
375421,live,Heavy Metal Grooves & Fills,https://admin.musora.com/admin#/content/drumeo/375421,https://www.musora.com/drumeo/live-streams/heavy-metal-grooves-fills-tommy-aldridge-drum-lesson/375421,2022-11-21,Fills,,,,,,,,,,Stefan,
375421,live,Heavy Metal Grooves & Fills,https://admin.musora.com/admin#/content/drumeo/375421,https://www.musora.com/drumeo/live-streams/heavy-metal-grooves-fills-tommy-aldridge-drum-lesson/375421,2022-11-21,Styles,,,,,,,,,,Stefan,
375641,live,The Drum Department - How Often Should You Practice?,https://admin.musora.com/admin#/content/drumeo/375641,https://www.musora.com/drumeo/live-streams/the-drum-department-episode-13/375641,2022-12-05,All,,,,,,,,Podcast,,Stefan,
375643,live,Playing Blast Beats In Every Genre (With Ash Pearson),https://admin.musora.com/admin#/content/drumeo/375643,https://www.musora.com/drumeo/live-streams/the-drum-department-episode-14/375643,2022-12-12,All,,,,,,Grooves,,,,Stefan,
375644,live,The Drum Department - Top 10 Drumming Questions,https://admin.musora.com/admin#/content/drumeo/375644,https://www.musora.com/drumeo/live-streams/the-drum-department-episode-15/375644,2022-12-19,All,,,,,,,,Podcast,,Stefan,
375645,live,The Drum Department - How To Build Great-Sounding Drums (With Jeff Woods),https://admin.musora.com/admin#/content/drumeo/375645,https://www.musora.com/drumeo/live-streams/the-drum-department-episode-16/375645,2023-01-03,All,,,,,,,,Podcast,,Stefan,
375657,question-and-answer,What's On Your Mind? - The Hand Technique Special,https://admin.musora.com/admin#/content/drumeo/375657,https://www.musora.com/drumeo/question-and-answer/what-s-on-your-mind-episode-6/375657,2022-12-21,All,,Hand Technique,,,,,,Other,,Stefan,
376657,live,New Student Welcome Party,https://admin.musora.com/admin#/content/drumeo/376657,https://www.musora.com/drumeo/live-streams/new-student-welcome-party/376657,2022-12-11,All,,,,,,,,Other,,Stefan,
376741,live,Musora's Student Christmas Party!,https://admin.musora.com/admin#/content/drumeo/376741,https://www.musora.com/drumeo/live-streams/musora-s-student-christmas-party/376741,2022-12-16,All,,,,,,,,Other,,Stefan,
376760,live,Musora 2022 Winter Recital #1,https://admin.musora.com/admin#/content/drumeo/376760,https://www.musora.com/drumeo/live-streams/musora-2022-winter-recital-1/376760,2022-12-22,All,,,,,,,,Performance,,Stefan,
377199,live,Musora 2022 Winter Recital #3,https://admin.musora.com/admin#/content/drumeo/377199,https://www.musora.com/drumeo/live-streams/musora-2022-winter-recital-3/377199,2022-12-22,All,,,,,,,,Performance,,Stefan,
377210,live,Musora 2022 Winter Recital #1 Part 2,https://admin.musora.com/admin#/content/drumeo/377210,https://www.musora.com/drumeo/live-streams/musora-2022-winter-recital-1-part-2/377210,2022-12-17,All,,,,,,,,Performance,,Stefan,
377578,live,The Drum Department - Influencers Vs. Industry Drummers,https://admin.musora.com/admin#/content/drumeo/377578,https://www.musora.com/drumeo/live-streams/the-drum-department-episode-17/377578,2023-01-09,All,,,,,,,,Podcast,,Stefan,
377579,live,The Drum Department - What You Really Need To Know About Learning Drums,https://admin.musora.com/admin#/content/drumeo/377579,https://www.musora.com/drumeo/live-streams/the-drum-department-episode-18/377579,2023-01-16,All,,,,,,,,Podcast,,Stefan,
377580,live,The Ultimate Drum Dynamics Test (With Julia Geaman),https://admin.musora.com/admin#/content/drumeo/377580,https://www.musora.com/drumeo/live-streams/the-drum-department-episode-19/377580,2023-01-23,All,,Dynamics,,,,,,,,Stefan,
377581,live,The Drum Department - Drumeo's Most Recorded Snares,https://admin.musora.com/admin#/content/drumeo/377581,https://www.musora.com/drumeo/live-streams/the-drum-department-episode-20/377581,2023-02-06,All,,,,,,,,Podcast,,Stefan,
377582,live,New Student Welcome Party,https://admin.musora.com/admin#/content/drumeo/377582,https://www.musora.com/drumeo/live-streams/new-student-welcome-party/377582,2023-01-24,All,,,,,,,,Other,,Stefan,
377583,live,Song Request Lottery - January 2023,https://admin.musora.com/admin#/content/drumeo/377583,https://www.musora.com/drumeo/live-streams/song-request-lottery/377583,2023-01-20,All,,,,,,,,Other,,Stefan,
381678,question-and-answer,What's On Your Mind? - A Professional Approach To Playing Live,https://admin.musora.com/admin#/content/drumeo/381678,https://www.musora.com/drumeo/question-and-answer/what-s-on-your-mind-episode-7/381678,2023-01-17,All,,,,,,,,Other,,Stefan,
382307,live,The 2023 Drumeo Awards Show,https://admin.musora.com/admin#/content/drumeo/382307,https://www.musora.com/drumeo/live-streams/the-2023-drumeo-awards-show/382307,2023-01-27,All,,,,,,,,Other,,Stefan,
383626,live,"New Year, New SONGS - (Snare Giveaway!)",https://admin.musora.com/admin#/content/drumeo/383626,https://www.musora.com/drumeo/live-streams/new-year-new-songs-snare-giveaway/383626,2023-01-30,All,,,,,,,,Other,,Stefan,
386435,live,The Drum Department - Can You Learn The Drums In 10 Minutes?,https://admin.musora.com/admin#/content/drumeo/386435,https://www.musora.com/drumeo/live-streams/the-drum-department-episode-21/386435,2023-02-15,All,,,,,,,,Podcast,,Stefan,
386654,question-and-answer,What's On Your Mind? - Music Has A Heartbeat,https://admin.musora.com/admin#/content/drumeo/386654,https://www.musora.com/drumeo/question-and-answer/what-s-on-your-mind/386654,2023-02-15,All,,,,,,,,Other,,Stefan,
386895,live,30 Day Drummer: Season 2 - Beginner's Masterclass,https://admin.musora.com/admin#/content/drumeo/386895,https://www.musora.com/drumeo/live-streams/30-day-drummer-season-2-beginners-masterclass/386895,2023-02-21,All,,,,,,,,Other,,Stefan,
386896,live,Expanding Your Drum Chops With The Hi-Hat Foot,https://admin.musora.com/admin#/content/drumeo/386896,https://www.musora.com/drumeo/live-streams/expanding-your-drum-chops-with-the-hi-hat-foot-zackgrooves-live/386896,2023-03-07,Beats,,Foot Technique,,,,Fills & Chops,,,,Stefan,
386897,live,The Drum Department - Drumming With The Best Selling Artists Of All Time,https://admin.musora.com/admin#/content/drumeo/386897,https://www.musora.com/drumeo/live-streams/the-drum-department-episode-22/386897,2023-03-06,All,,,,,,,,Podcast,,Stefan,
386898,live,Can Classical Percussionists Play the Drums? (With Katie Rife),https://admin.musora.com/admin#/content/drumeo/386898,https://www.musora.com/drumeo/live-streams/the-drum-department-episode-24/386898,2023-03-13,All,,,,,,,,Other,,Stefan,
387208,live,Week 4 Q&A | Play Your Favorite Songs,https://admin.musora.com/admin#/content/drumeo/387208,https://www.musora.com/drumeo/live-streams/week-4-qa-play-your-favorite-songs/387208,2023-03-25,All,,,,,,,,Other,,Stefan,
387254,question-and-answer,What's On Your Mind? - Being Part Of A Union,https://admin.musora.com/admin#/content/drumeo/387254,https://www.musora.com/drumeo/question-and-answer/what-s-on-your-mind/387254,2023-03-07,All,,,,,,,,Other,,Stefan,
387446,live,Expanding Your Drumming Horizons,https://admin.musora.com/admin#/content/drumeo/387446,https://www.musora.com/drumeo/live-streams/pop-beats-fills-jonathan-moffett-live/387446,2023-04-04,Beats,Pop/Rock,,,,,Grooves,Fills & Chops,,,Stefan,
387446,live,Expanding Your Drumming Horizons,https://admin.musora.com/admin#/content/drumeo/387446,https://www.musora.com/drumeo/live-streams/pop-beats-fills-jonathan-moffett-live/387446,2023-04-04,Fills,,,,,,,,,,Stefan,
387447,question-and-answer,Exclusive Q&A With Jonathan Moffett,https://admin.musora.com/admin#/content/drumeo/387447,https://www.musora.com/drumeo/question-and-answer/exclusive-qa-with-jonathan-moffett/387447,2023-03-15,All,,,,,,,,Other,,Stefan,
387448,live,New Student Welcome Party,https://admin.musora.com/admin#/content/drumeo/387448,https://www.musora.com/drumeo/live-streams/new-student-welcome-party/387448,2023-03-15,All,,,,,,,,Other,,Stefan,
387821,live,The Drum Department - Thomas Lang Proves How Powerful A Paradiddle Can Be,https://admin.musora.com/admin#/content/drumeo/387821,https://www.musora.com/drumeo/live-streams/the-drum-department-episode-24/387821,2023-03-20,Rudiments,,,,,,,,Podcast,,Stefan,
387822,live,The Drum Department - Everything Drummers Hate About Metronomes,https://admin.musora.com/admin#/content/drumeo/387822,https://www.musora.com/drumeo/live-streams/the-drum-department-episode-25/387822,2023-03-27,All,,,,,,,,Podcast,,Stefan,
387826,live,Applying Independence On The Drum-set,https://admin.musora.com/admin#/content/drumeo/387826,https://www.musora.com/drumeo/live-streams/applying-independence-on-the-drum-set/387826,2023-03-24,Independence,,,,,,Independence,,,,Stefan,
388165,live,Red Hot Chili Peppers Grooves & Fills,https://admin.musora.com/admin#/content/drumeo/388165,https://www.musora.com/drumeo/live-streams/red-hot-chili-peppers-grooves-fills/388165,2023-04-03,Beats,Pop/Rock,,,,,Grooves,Fills & Chops,,,Stefan,
388165,live,Red Hot Chili Peppers Grooves & Fills,https://admin.musora.com/admin#/content/drumeo/388165,https://www.musora.com/drumeo/live-streams/red-hot-chili-peppers-grooves-fills/388165,2023-04-03,Fills,,,,,,,,,,Stefan,
388197,live,The Drum Department - Will It Stack - We Create The Weirdest Cymbal Stacks,https://admin.musora.com/admin#/content/drumeo/388197,https://www.musora.com/drumeo/live-streams/the-drum-department-episode-26/388197,2023-04-03,Gear,,,,,,,,Podcast,,Stefan,
388355,live,Versatility In The Age Of Social Media,https://admin.musora.com/admin#/content/drumeo/388355,https://www.musora.com/drumeo/live-streams/greyson-nekrutman-live/388355,2023-05-16,Musicality,,,,,,,,Other,,Stefan,
388356,live,The Drum Department - Challenging Greyson To Add Drums To Famous Movie Scenes,https://admin.musora.com/admin#/content/drumeo/388356,https://www.musora.com/drumeo/live-streams/the-drum-department-episode-28/388356,2023-04-17,Edutainment,,,,,,,,Podcast,,Stefan,
388460,live,Developing Musicality With Loops,https://admin.musora.com/admin#/content/drumeo/388460,https://www.musora.com/drumeo/live-streams/kaz-rodriguez-live/388460,2023-05-09,Musicality,,,,,,Grooves,Making Music,,,Stefan,
388462,live,The Drum Department - Chops: How Far Is Too Far,https://admin.musora.com/admin#/content/drumeo/388462,https://www.musora.com/drumeo/live-streams/the-drum-department-episode-27/388462,2023-04-11,All,,,,,,,,Podcast,,Stefan,
389198,question-and-answer,What's On Your Mind? - Catching Up With Todd,https://admin.musora.com/admin#/content/drumeo/389198,https://www.musora.com/drumeo/question-and-answer/what-s-on-your-mind-episode-10/389198,2023-05-03,Edutainment,,,,,,,,Other,,Stefan,
389308,live,30-Day Drummer - Season 2: New Student Masterclass,https://admin.musora.com/admin#/content/drumeo/389308,https://www.musora.com/drumeo/live-streams/30-day-drummer-new-student-masterclass/389308,2023-04-22,All,,,,,,,,Other,,Stefan,
389666,live,Unleashing Creativity With Megadeth,https://admin.musora.com/admin#/content/drumeo/389666,https://www.musora.com/drumeo/live-streams/unleashing-creativity-with-megadeth/389666,2023-05-24,Creativity,Hard Rock/Metal,Foot Technique,,,,Grooves,,,,Stefan,
389777,live,The Drum Department - Stop Paying Too Much For Drum Gear,https://admin.musora.com/admin#/content/drumeo/389777,https://www.musora.com/drumeo/live-streams/the-drum-department-stop-paying-too-much-for-drum-gear/389777,2023-05-01,Edutainment,,,,,,,,Podcast,,Stefan,
389917,live,The Drum Department - Adding Double Bass To Everything (With Eloy Casagrande),https://admin.musora.com/admin#/content/drumeo/389917,https://www.musora.com/drumeo/live-streams/the-drum-department-adding-double-bass-to-everything-with-eloy-casagrande/389917,2023-05-08,Edutainment,,,,,,,,Podcast,,Stefan,
389919,live,Applying Brazilian Rhythms To Metal,https://admin.musora.com/admin#/content/drumeo/389919,https://www.musora.com/drumeo/live-streams/incorporating-brazilian-music-into-metal/389919,2023-06-13,Styles,Hard Rock/Metal,,,,,Grooves,,,,Stefan,
389950,live,How To Get & Keep The Gig,https://admin.musora.com/admin#/content/drumeo/389950,https://www.musora.com/drumeo/live-streams/neal-daniels-live/389950,2023-06-17,Musicality,,,,,,,,Gigging Tips & Gear,,Stefan,
389951,live,"The Drum Department - Three Drummers, One Song: Who Played It Best?",https://admin.musora.com/admin#/content/drumeo/389951,https://www.musora.com/drumeo/live-streams/the-drum-department-three-drummers-one-song-who-played-it-best/389951,2023-05-16,Edutainment,,,,,,,,Podcast,,Stefan,
390352,live,The Drum Department - Playing Drums Without Drums (With Frank Bellucci),https://admin.musora.com/admin#/content/drumeo/390352,https://www.musora.com/drumeo/live-streams/the-drum-department-episode-32/390352,2023-05-22,Edutainment,,,,,,,,Podcast,,Stefan,
390447,live,Can You Make A Living Playing Drums?,https://admin.musora.com/admin#/content/drumeo/390447,https://www.musora.com/drumeo/live-streams/can-you-make-a-living-playing-drums/390447,2023-07-13,Gigging Tips,,,,,,,,Gigging Tips & Gear,,Stefan,
390749,live,The Drum Department - Defining Drum Chops (Finally),https://admin.musora.com/admin#/content/drumeo/390749,https://www.musora.com/drumeo/live-streams/the-drum-department-episode-33/390749,2023-05-29,Edutainment,,,,,,,,Podcast,,Stefan,
390750,live,New Student Welcome Party,https://admin.musora.com/admin#/content/drumeo/390750,https://www.musora.com/drumeo/live-streams/new-student-welcome-party/390750,2023-05-31,All,,,,,,,,Other,,Stefan,
391051,live,The Drum Department - The Best Drum Hooks Of All Time,https://admin.musora.com/admin#/content/drumeo/391051,https://www.musora.com/drumeo/live-streams/the-drum-department-episode-34/391051,2023-06-08,Edutainment,,,,,,,,Podcast,,Stefan,
391052,live,The Drum Department - Playing The Purdie Shuffle Everywhere,https://admin.musora.com/admin#/content/drumeo/391052,https://www.musora.com/drumeo/live-streams/the-drum-department-episode-35/391052,2023-06-14,Edutainment,,,,,,,,Podcast,,Stefan,
391054,live,The Drum Department - Can A.I. Teach The Drums?,https://admin.musora.com/admin#/content/drumeo/391054,https://www.musora.com/drumeo/live-streams/the-drum-department-episode-36/391054,2023-06-22,Edutainment,,,,,,,,Podcast,,Stefan,
391055,question-and-answer,30-Day Chops - Week 1 Q&A,https://admin.musora.com/admin#/content/drumeo/391055,https://www.musora.com/drumeo/question-and-answer/week-1-qa-applying-paradiddles-to-the-kit/391055,2023-06-10,All,,,,,,,,Other,,Stefan,
391056,question-and-answer,30-Day Chops - Week 2 Q&A,https://admin.musora.com/admin#/content/drumeo/391056,https://www.musora.com/drumeo/question-and-answer/30-day-chops-week-1-qa/391056,2023-06-17,All,,,,,,,,Other,,Stefan,
391057,question-and-answer,30-Day Chops - Week 3 Q&A,https://admin.musora.com/admin#/content/drumeo/391057,https://www.musora.com/drumeo/question-and-answer/30-day-chops-week-3-qa/391057,2023-06-24,All,,,,,,,,Other,,Stefan,
391058,question-and-answer,30-Day Chops - Week 4 Q&A,https://admin.musora.com/admin#/content/drumeo/391058,https://www.musora.com/drumeo/question-and-answer/30-day-chops-week-4-qa/391058,2023-07-01,All,,,,,,,,Other,,Stefan,
392146,question-and-answer,The Drum Department Q&A - Can A.I. Teach The Drums?,https://admin.musora.com/admin#/content/drumeo/392146,https://www.musora.com/drumeo/question-and-answer/the-drum-department-qa-can-ai-teach-the-drums/392146,2023-06-21,Edutainment,,,,,,,,Podcast,,Stefan,
392212,live,The Drum Department - Forgotten Drummers You Need To Know,https://admin.musora.com/admin#/content/drumeo/392212,https://www.musora.com/drumeo/live-streams/the-drum-department-forgotten-drummers-you-need-to-know/392212,2023-06-28,Edutainment,,,,,,,,Podcast,,Stefan,
392363,question-and-answer,What's On Your Mind? - A Green Summer,https://admin.musora.com/admin#/content/drumeo/392363,https://www.musora.com/drumeo/question-and-answer/what-s-on-your-mind-episode-11/392363,2023-06-29,Edutainment,,,,,,,,Other,,Stefan,
392364,live,The Drum Department - Single vs. Double Headed Toms: What Is The Ultimate Sound?,https://admin.musora.com/admin#/content/drumeo/392364,https://www.musora.com/drumeo/live-streams/the-drum-department-episode-38/392364,2023-07-12,Edutainment,,,,,,,,Podcast,,Stefan,
392365,live,"The Drum Department - Three Drummers, One Song: Dave's Revenge",https://admin.musora.com/admin#/content/drumeo/392365,https://www.musora.com/drumeo/live-streams/the-drum-department-episode-39/392365,2023-07-19,Edutainment,,,,,,,,Podcast,,Stefan,
392719,live,Musora 2023 Summer Recital - Sessions #1 & #2,https://admin.musora.com/admin#/content/drumeo/392719,https://www.musora.com/drumeo/live-streams/musora-2023-summer-recital-1/392719,2023-07-26,All,,,,,,,,Performance,,Stefan,
392720,live,Musora 2023 Summer Recital - Sessions #3 & #4,https://admin.musora.com/admin#/content/drumeo/392720,https://www.musora.com/drumeo/live-streams/musora-2023-summer-recital-2/392720,2023-07-26,All,,,,,,,,Performance,,Stefan,
392721,live,Musora 2023 Summer Recital - Sessions #5 & #6,https://admin.musora.com/admin#/content/drumeo/392721,https://www.musora.com/drumeo/live-streams/musora-2023-summer-recital-3/392721,2023-07-27,All,,,,,,,,Performance,,Stefan,
392722,live,Musora 2023 Summer Recital - Sessions #7 & #8,https://admin.musora.com/admin#/content/drumeo/392722,https://www.musora.com/drumeo/live-streams/musora-2023-summer-recital-4/392722,2023-07-28,All,,,,,,,,Performance,,Stefan,
392723,live,Musora 2023 Summer Recital - Session #9,https://admin.musora.com/admin#/content/drumeo/392723,https://www.musora.com/drumeo/live-streams/musora-2023-summer-recital-5/392723,2023-08-04,All,,,,,,,,Performance,,Stefan,
393001,question-and-answer,What's On Your Mind? -  Favorite Monkey Knucklers,https://admin.musora.com/admin#/content/drumeo/393001,https://www.musora.com/drumeo/question-and-answer/what-s-on-your-mind-episode-12/393001,2023-07-20,All,,,,,,,,Other,,Stefan,
393002,live,"The Drum Department - One Drummer, One Song, Five Styles",https://admin.musora.com/admin#/content/drumeo/393002,https://www.musora.com/drumeo/live-streams/the-drum-department-episode-40/393002,2023-08-10,Edutainment,,,,,,,,Podcast,,Stefan,
394635,question-and-answer,What's On Your Mind - Episode #13,https://admin.musora.com/admin#/content/drumeo/394635,https://www.musora.com/drumeo/question-and-answer/what-s-on-your-mind-episode-13/394635,2023-08-18,All,,,,,,,,Other,,Stefan,
394639,live,The Drum Department - The Future Of Electronic Drums (w/ Philo),https://admin.musora.com/admin#/content/drumeo/394639,https://www.musora.com/drumeo/live-streams/the-drum-department-episode-42/394639,2023-08-21,Gear,,,,,,,,Podcast,,Stefan,
394640,live,The Drum Department - Turning Classic Songs Into Odd Time (With Aaron Edgar),https://admin.musora.com/admin#/content/drumeo/394640,https://www.musora.com/drumeo/live-streams/the-drum-department-episode-43/394640,2023-08-28,Musicality,,,,,,,,Podcast,,Stefan,
394641,live,The Drum Department - Episode #44,https://admin.musora.com/admin#/content/drumeo/394641,https://www.musora.com/drumeo/live-streams/the-drum-department-episode-44/394641,2023-09-05,All,,,,,,,,Podcast,,Stefan,
394642,live,The Drum Department - Episode #45,https://admin.musora.com/admin#/content/drumeo/394642,https://www.musora.com/drumeo/live-streams/the-drum-department-episode-45/394642,2023-09-11,All,,,,,,,,Podcast,,Stefan,
394653,live,The Drum Department - Episode #46,https://admin.musora.com/admin#/content/drumeo/394653,https://www.musora.com/drumeo/live-streams/the-drum-department-episode-46/394653,2023-09-18,Edutainment,,,,,,,,Podcast,,Stefan,
394802,live,The Drum Department - Episode #48,https://admin.musora.com/admin#/content/drumeo/394802,https://www.musora.com/drumeo/live-streams/the-drum-department-episode-48/394802,2023-10-02,Edutainment,,,,,,,,Podcast,,Stefan,
395091,live,The Drum Department - Episode #47,https://admin.musora.com/admin#/content/drumeo/395091,https://www.musora.com/drumeo/live-streams/the-drum-department-episode-47/395091,2023-09-25,Edutainment,,,,,,,,Podcast,,Stefan,
395094,question-and-answer,30-Day Drummer Week 1 Q&A - Your First Drum Beat,https://admin.musora.com/admin#/content/drumeo/395094,https://www.musora.com/drumeo/question-and-answer/week-1-qa-your-first-drum-beat/395094,2023-09-09,All,,,,,,,,Other,,Stefan,
395096,question-and-answer,30-Day Drummer Week 2 Q&A - Doubling It Up,https://admin.musora.com/admin#/content/drumeo/395096,https://www.musora.com/drumeo/question-and-answer/30-day-drummer-week-2-qa-doubling-it-up/395096,2023-09-16,All,,,,,,,,Other,,Stefan,
395097,question-and-answer,30-Day Drummer Week 3 Q&A - Adding Fills & Crashes,https://admin.musora.com/admin#/content/drumeo/395097,https://www.musora.com/drumeo/question-and-answer/30-day-drummer-week-3-qa-adding-fills-crashes/395097,2023-09-23,All,,,,,,,,Other,,Stefan,
395098,question-and-answer,30-Day Drummer Week 4 Q&A - Your First Song,https://admin.musora.com/admin#/content/drumeo/395098,https://www.musora.com/drumeo/question-and-answer/30-day-drummer-week-4-qa-your-first-song/395098,2023-09-30,All,,,,,,,,Other,,Stefan,
395100,question-and-answer,What's On Your Mind - Episode #14,https://admin.musora.com/admin#/content/drumeo/395100,https://www.musora.com/drumeo/question-and-answer/what-s-on-your-mind-episode-14/395100,2023-09-06,All,,,,,,,,Other,,Stefan,
4293,live,Finger Control Technique,https://admin.musora.com/admin#/content/drumeo/4293,https://www.musora.com/drumeo/live-streams/05-finger-control-technique/4293,2012-01-30,Technique,,Hand Technique,,,,,,,,Stefan,
4315,live,Ghost Notes & Gigging Tips,https://admin.musora.com/admin#/content/drumeo/4315,https://www.musora.com/drumeo/live-streams/14-ghost-notes-gigging-tips/4315,2012-01-30,Technique,,Dynamics,,,,,,Gigging Tips & Gear,,Stefan,
4315,live,Ghost Notes & Gigging Tips,https://admin.musora.com/admin#/content/drumeo/4315,https://www.musora.com/drumeo/live-streams/14-ghost-notes-gigging-tips/4315,2012-01-30,Technique,,,,,,,,,,Stefan,
4337,live,Finger Control Technique,https://admin.musora.com/admin#/content/drumeo/4337,https://www.musora.com/drumeo/live-streams/25-finger-control-technique-2/4337,2012-01-30,Technique,,Hand Technique,,,,,,,,Stefan,
5457,live,Slide Technique Introduction,https://admin.musora.com/admin#/content/drumeo/5457,https://www.musora.com/drumeo/live-streams/40-the-slide-technique/5457,2012-02-15,Technique,,Foot Technique,,,,,,,,Stefan,
6327,live,Developing Single Pedal Independence,https://admin.musora.com/admin#/content/drumeo/6327,https://www.musora.com/drumeo/live-streams/61-developing-single-pedal-independence/6327,2012-03-27,Independence,,Foot Technique,,,,,,,,Stefan,
6805,live,Accenting Your Hi-Hats,https://admin.musora.com/admin#/content/drumeo/6805,https://www.musora.com/drumeo/live-streams/65-accenting-your-hi-hats/6805,2012-04-02,Beats,,Dynamics,Hand Technique,,,,,,,Stefan,
6805,live,Accenting Your Hi-Hats,https://admin.musora.com/admin#/content/drumeo/6805,https://www.musora.com/drumeo/live-streams/65-accenting-your-hi-hats/6805,2012-04-02,Beats,,,,,,,,,,Stefan,
8025,live,Practicing With Play Alongs,https://admin.musora.com/admin#/content/drumeo/8025,https://www.musora.com/drumeo/live-streams/92-practicing-with-play-alongs/8025,2012-05-14,Ear Training,,,,,,Making Music,,Practice Tips,,Stefan,
8025,live,Practicing With Play Alongs,https://admin.musora.com/admin#/content/drumeo/8025,https://www.musora.com/drumeo/live-streams/92-practicing-with-play-alongs/8025,2012-05-14,Musicality,,,,,,,,,,Stefan,
8134,live,How To Tune Your Drums,https://admin.musora.com/admin#/content/drumeo/8134,https://www.musora.com/drumeo/live-streams/97-how-to-tune-your-drums/8134,2012-05-21,Gear,,,,,,,,Gigging Tips & Gear,,Stefan,
8171,live,7 Beats Every Drummer Must Know,https://admin.musora.com/admin#/content/drumeo/8171,https://www.musora.com/drumeo/live-streams/100-7-beats-every-drummer-must-know/8171,2012-05-24,Beats,,,,,,Grooves,,,,Stefan,
8472,live,Introduction To Blast Beats,https://admin.musora.com/admin#/content/drumeo/8472,https://www.musora.com/drumeo/live-streams/112-introduction-to-blast-beats/8472,2012-06-12,Beats,Hard Rock/Metal,,,,,Grooves,,,,Stefan,
8472,live,Introduction To Blast Beats,https://admin.musora.com/admin#/content/drumeo/8472,https://www.musora.com/drumeo/live-streams/112-introduction-to-blast-beats/8472,2012-06-12,Styles,,,,,,,,,,Stefan,
8823,live,Single Stroke & Diddle Rudiments,https://admin.musora.com/admin#/content/drumeo/8823,https://www.musora.com/drumeo/live-streams/119-single-stroke-diddle-rudiments/8823,2012-06-21,Rudiments,,Hand Technique,Rudiments,,,,,,,Stefan,
9084,live,Playing With A Bass Player,https://admin.musora.com/admin#/content/drumeo/9084,https://www.musora.com/drumeo/live-streams/122-playing-with-a-bass-player/9084,2012-06-25,Musicality,,,,,,Making Music,,,,Stefan,
9084,live,Playing With A Bass Player,https://admin.musora.com/admin#/content/drumeo/9084,https://www.musora.com/drumeo/live-streams/122-playing-with-a-bass-player/9084,2012-06-25,Musicality,,,,,,,,,,Stefan,
9644,live,Playing Drums In Church,https://admin.musora.com/admin#/content/drumeo/9644,https://www.musora.com/drumeo/live-streams/139-playing-drums-in-church/9644,2012-07-17,Musicality,,,,,,,,Gigging Tips & Gear,,Stefan,
9665,live,Beat Displacement / Permutation,https://admin.musora.com/admin#/content/drumeo/9665,https://www.musora.com/drumeo/live-streams/141-beat-displacement-permutation/9665,2012-07-20,Beats,,,,,,Grooves,Independence,,,Stefan,
9665,live,Beat Displacement / Permutation,https://admin.musora.com/admin#/content/drumeo/9665,https://www.musora.com/drumeo/live-streams/141-beat-displacement-permutation/9665,2012-07-20,Musicality,,,,,,,,,,Stefan,
9709,live,20 Minute Drumming Workout,https://admin.musora.com/admin#/content/drumeo/9709,https://www.musora.com/drumeo/live-streams/144-20-minute-drumming-workout/9709,2012-07-24,Rudiments,,Hand Technique,Rudiments,,,,,,,Stefan,
9709,live,20 Minute Drumming Workout,https://admin.musora.com/admin#/content/drumeo/9709,https://www.musora.com/drumeo/live-streams/144-20-minute-drumming-workout/9709,2012-07-24,Technique,,,,,,,,,,Stefan,
9730,live,Quintuplets & Septuplets,https://admin.musora.com/admin#/content/drumeo/9730,https://www.musora.com/drumeo/live-streams/146-quintuplets-septuplets/9730,2012-07-25,Rudiments,,Rudiments,Hand Technique,,,,,,,Stefan,
9730,live,Quintuplets & Septuplets,https://admin.musora.com/admin#/content/drumeo/9730,https://www.musora.com/drumeo/live-streams/146-quintuplets-septuplets/9730,2012-07-25,Rudiments,,,,,,,,,,Stefan,
9730,live,Quintuplets & Septuplets,https://admin.musora.com/admin#/content/drumeo/9730,https://www.musora.com/drumeo/live-streams/146-quintuplets-septuplets/9730,2012-07-25,Technique,,,,,,,,,,Stefan,
9730,live,Quintuplets & Septuplets,https://admin.musora.com/admin#/content/drumeo/9730,https://www.musora.com/drumeo/live-streams/146-quintuplets-septuplets/9730,2012-07-25,Technique,,,,,,,,,,Stefan,
9907,live,The Herta Pattern,https://admin.musora.com/admin#/content/drumeo/9907,https://www.musora.com/drumeo/live-streams/155-the-herta-pattern/9907,2012-08-08,Rudiments,,Hand Technique,Rudiments,,,,,,,Stefan,
9907,live,The Herta Pattern,https://admin.musora.com/admin#/content/drumeo/9907,https://www.musora.com/drumeo/live-streams/155-the-herta-pattern/9907,2012-08-08,Technique,,,,,,,,,,Stefan,
9911,live,Applying The Herta,https://admin.musora.com/admin#/content/drumeo/9911,https://www.musora.com/drumeo/live-streams/157-applying-the-herta/9911,2012-08-10,Beats,,Hand Technique,Rudiments,,,Fills & Chops,,,,Stefan,
9911,live,Applying The Herta,https://admin.musora.com/admin#/content/drumeo/9911,https://www.musora.com/drumeo/live-streams/157-applying-the-herta/9911,2012-08-10,Fills,,,,,,,,,,Stefan,
9911,live,Applying The Herta,https://admin.musora.com/admin#/content/drumeo/9911,https://www.musora.com/drumeo/live-streams/157-applying-the-herta/9911,2012-08-10,Rudiments,,,,,,,,,,Stefan,
22561,live, Musical Phrasing On The Drum-set,https://admin.musora.com/admin#/content/drumeo/22561,https://www.musora.com/drumeo/live-streams/902-musical-phrasing-on-the-drum-set/22561,2100-01-01,Musicality,,,,,,,,,,Sepehr,E404
22561,live, Musical Phrasing On The Drum-set,https://admin.musora.com/admin#/content/drumeo/22561,https://www.musora.com/drumeo/live-streams/902-musical-phrasing-on-the-drum-set/22561,2100-01-01,Fills,,,,,,,,,,Sepehr,
22561,live, Musical Phrasing On The Drum-set,https://admin.musora.com/admin#/content/drumeo/22561,https://www.musora.com/drumeo/live-streams/902-musical-phrasing-on-the-drum-set/22561,2100-01-01,Beats,,,,,,,,,,Sepehr,
396061,live,Strengthening Your Weaker Side,https://admin.musora.com/admin#/content/drumeo/396061,https://www.musora.com/drumeo/live-streams/strengthening-your-weaker-side/396061,2023-10-23,Technique,,Hand Technique,,,,Independence,,,Gigging Tips & Gear,Sepehr,
396153,live,How To Play Jazz On The Drums,https://admin.musora.com/admin#/content/drumeo/396153,https://www.musora.com/drumeo/live-streams/ulysses-owens-live/396153,2023-10-27,Musicality,Jazz/Blues,,,,,,,,Gigging Tips & Gear,Sepehr,
396153,live,How To Play Jazz On The Drums,https://admin.musora.com/admin#/content/drumeo/396153,https://www.musora.com/drumeo/live-streams/ulysses-owens-live/396153,2023-10-27,Styles,,,,,,,,,,Sepehr,
397346,live,What Does It Take To Play Drums With Sting?,https://admin.musora.com/admin#/content/drumeo/397346,https://www.musora.com/drumeo/live-streams/what-does-it-take-to-play-drums-with-sting/397346,2023-11-20,Gigging Tips,,,,,,,,,Gigging Tips & Gear,Sepehr,
397372,live,The Drum Department - Remembering Dom Famularo,https://admin.musora.com/admin#/content/drumeo/397372,https://www.musora.com/drumeo/live-streams/the-drum-department-episode-48-remembering-dom-famularo/397372,2023-10-12,Edutainment,,,,,,,,,Podcast,Sepehr,
397374,live,The Drum Department - Can You Identify Your Favorite Drummers By Hearing Them #1,https://admin.musora.com/admin#/content/drumeo/397374,https://www.musora.com/drumeo/live-streams/the-drum-department-episode-49-can-you-identify-your-favorite-drummers-by-hearing-them/397374,2023-10-18,Edutainment,,,,,,,,,Podcast,Sepehr,
397375,live,The Drum Department - The Return Of Rototoms,https://admin.musora.com/admin#/content/drumeo/397375,https://www.musora.com/drumeo/live-streams/the-drum-department-episode-50/397375,2023-10-25,Edutainment,,,,,,,,Gigging Tips & Gear,Podcast,Sepehr,
397376,live,The Drum Department - Prog Rock: Drumming's Guilty Pleasure,https://admin.musora.com/admin#/content/drumeo/397376,https://www.musora.com/drumeo/live-streams/the-drum-department-episode-51/397376,2023-11-01,Edutainment,Hard Rock/Metal,,,,,,,,Podcast,Sepehr,
398045,question-and-answer,The Drum Department Q&A - Can You Identify Your Favorite Drummers By Ear #1,https://admin.musora.com/admin#/content/drumeo/398045,https://www.musora.com/drumeo/question-and-answer/the-drum-department-qa-can-you-identify-your-favorite-drummers-by-hearing-them/398045,2023-10-18,Edutainment,,,,,,,,,Podcast,Sepehr,
398092,question-and-answer,What's On Your Mind? - The Drummer's Journey,https://admin.musora.com/admin#/content/drumeo/398092,https://www.musora.com/drumeo/question-and-answer/what-s-on-your-mind-episode-15/398092,2023-10-26,All,,,,,,,,Practice Tips,Other,Sepehr,
398101,live,Creative Drumming Workshop,https://admin.musora.com/admin#/content/drumeo/398101,https://www.musora.com/drumeo/live-streams/chris-allison-live/398101,2023-10-27,all,,,,,,Making Music,,,Gigging Tips & Gear,Sepehr,
398101,live,Creative Drumming Workshop,https://admin.musora.com/admin#/content/drumeo/398101,https://www.musora.com/drumeo/live-streams/chris-allison-live/398101,2023-10-27,Musicality,,,,,,,,,,Sepehr,
398285,question-and-answer,The Drum Department Q&A - The Return Of Rototoms,https://admin.musora.com/admin#/content/drumeo/398285,https://www.musora.com/drumeo/question-and-answer/the-drum-department-qa-the-return-of-rototoms/398285,2023-10-25,Edutainment,,,,,,,,,Other,Sepehr,
398290,live,Billy Joel Grooves & Fills,https://admin.musora.com/admin#/content/drumeo/398290,https://www.musora.com/drumeo/live-streams/billy-joel-grooves-and-fills/398290,2023-11-23,Fills,,,,,,Grooves,Fills & Chops,,,Sepehr,
398290,live,Billy Joel Grooves & Fills,https://admin.musora.com/admin#/content/drumeo/398290,https://www.musora.com/drumeo/live-streams/billy-joel-grooves-and-fills/398290,2023-11-23,Beats,,,,,,,,,,Sepehr,
398290,live,Billy Joel Grooves & Fills,https://admin.musora.com/admin#/content/drumeo/398290,https://www.musora.com/drumeo/live-streams/billy-joel-grooves-and-fills/398290,2023-11-23,All,,,,,,,,,,Sepehr,
398417,live,The Drum Department - Who Played Liberty DeVitto's Part Best?,https://admin.musora.com/admin#/content/drumeo/398417,https://www.musora.com/drumeo/live-streams/the-drum-department-episode-52/398417,2023-11-08,Edutainment,,,,,,,,Gigging Tips & Gear,Podcast,Sepehr,
398757,question-and-answer,The Drum Department Q&A - Prog Rock: Drumming's Guilty Pleasure,https://admin.musora.com/admin#/content/drumeo/398757,https://www.musora.com/drumeo/question-and-answer/the-drum-department-qa-prog-rock-drumming-s-guilty-pleasure/398757,2023-11-01,Edutainment,,,,,,,,,Other,Sepehr,
398757,question-and-answer,The Drum Department Q&A - Prog Rock: Drumming's Guilty Pleasure,https://admin.musora.com/admin#/content/drumeo/398757,https://www.musora.com/drumeo/question-and-answer/the-drum-department-qa-prog-rock-drumming-s-guilty-pleasure/398757,2023-11-01,51,,,,,,,,,,Sepehr,
399168,question-and-answer,What's On Your Mind? - Drumming Up Holiday Plans,https://admin.musora.com/admin#/content/drumeo/399168,https://www.musora.com/drumeo/question-and-answer/todd-sucherman-what-s-on-your-mind-episode-16/399168,2023-11-22,All,,,,,,,,Practice Tips,Other,Sepehr,
399169,live,The Drum Department - Remembering Aaron Spears,https://admin.musora.com/admin#/content/drumeo/399169,https://www.musora.com/drumeo/live-streams/the-drum-department-episode-53/399169,2023-11-17,Edutainment,,,,,,,,,Podcast,Sepehr,
399207,question-and-answer,The Drum Department Q&A - Who Played Liberty Devitto's Part Best?,https://admin.musora.com/admin#/content/drumeo/399207,https://www.musora.com/drumeo/question-and-answer/the-drum-department-qa-who-played-liberty-devitto-s-part-best/399207,2023-11-08,Edutainment,,,,,,,,,Other,Sepehr,
399243,live,The Drum Department - Art Cruz: The Making Of A Metal Drummer,https://admin.musora.com/admin#/content/drumeo/399243,https://www.musora.com/drumeo/live-streams/the-drum-department-episode-54/399243,2023-11-24,edutainment,Hard Rock/Metal,,,,,,,,Podcast,Sepehr,
399244,live,The Drum Department - Eden Bahar: Drumming For Cirque Du Soleil,https://admin.musora.com/admin#/content/drumeo/399244,https://www.musora.com/drumeo/live-streams/the-drum-department-episode-55/399244,2023-12-01,Edutainment,,,,,,,,Gigging Tips & Gear,Podcast,Sepehr,
399334,live,What Does It Take To Play Drums With Lamb Of God?,https://admin.musora.com/admin#/content/drumeo/399334,https://www.musora.com/drumeo/live-streams/what-does-it-take-to-play-drums-with-lamb-of-god/399334,2023-11-23,Gigging Tips,Hard Rock/Metal,,,,,,,,Gigging Tips & Gear,Sepehr,
399468,question-and-answer,The Drum Department Q&A - Remembering Aaron Spears,https://admin.musora.com/admin#/content/drumeo/399468,https://www.musora.com/drumeo/question-and-answer/the-drum-department-qa-remembering-aaron-spears/399468,2023-11-17,Edutainment,,,,,,,,,Other,Sepehr,
400205,question-and-answer,The Drum Department Q&A - Art Cruz: The Making Of A Metal Drummer,https://admin.musora.com/admin#/content/drumeo/400205,https://www.musora.com/drumeo/question-and-answer/the-drum-department-qa-art-cruz-the-making-of-a-metal-drummer/400205,2023-11-24,Edutainment,,,,,,,,,Other,Sepehr,
400257,live,The Drum Department - Can You Identify Your Favorite Drummers By Hearing Them #2,https://admin.musora.com/admin#/content/drumeo/400257,https://www.musora.com/drumeo/live-streams/the-drum-department-can-you-identify-your-favorite-drummer-by-hearing-them-episode-56/400257,2023-12-08,Edutainment,,,,,,,,,Podcast,Sepehr,
400258,live,The Drum Department - The Biggest Drum Stories Of 2023,https://admin.musora.com/admin#/content/drumeo/400258,https://www.musora.com/drumeo/live-streams/the-drum-department-the-biggest-drum-stories-of-2023-episode-57/400258,2023-12-20,Edutainment,,,,,,,,,Podcast,Sepehr,
400259,question-and-answer,What's On Your Mind? - Stories Behind Todd's Collection,https://admin.musora.com/admin#/content/drumeo/400259,https://www.musora.com/drumeo/question-and-answer/what-s-on-your-mind-episode-17/400259,2023-12-13,All,,,,,,,,Gigging Tips & Gear,Other,Sepehr,
400468,question-and-answer,The Drum Department Q&A - Eden Bahar: Drumming For Cirque Du Soleil,https://admin.musora.com/admin#/content/drumeo/400468,https://www.musora.com/drumeo/question-and-answer/the-drum-department-qa-eden-bahar-drumming-for-cirque-du-soleil/400468,2023-12-01,Edutainment,,,,,,,,,Other,Sepehr,
401040,live,Pop Punk Beats & Fills,https://admin.musora.com/admin#/content/drumeo/401040,https://www.musora.com/drumeo/live-streams/pop-punk-beats-fills/401040,2023-12-07,Fills,Pop/Rock,,,,,,,,Gigging Tips & Gear,Sepehr,
401040,live,Pop Punk Beats & Fills,https://admin.musora.com/admin#/content/drumeo/401040,https://www.musora.com/drumeo/live-streams/pop-punk-beats-fills/401040,2023-12-07,Beats,,,,,,,,,,Sepehr,
401054,live,Second Annual Musora Student Party!,https://admin.musora.com/admin#/content/drumeo/401054,https://www.musora.com/drumeo/live-streams/second-annual-musora-student-party/401054,2023-12-18,All,,,,,,,,,Other,Sepehr,
401073,question-and-answer,The Drum Department Q&A - Can You Identify Your Favorite Drummer By Hearing Them #2,https://admin.musora.com/admin#/content/drumeo/401073,https://www.musora.com/drumeo/question-and-answer/the-drum-department-qa-can-you-identify-your-favorite-drummer-by-hearing-them-2/401073,2023-12-08,Edutainment,,,,,,,,,Other,Sepehr,
401239,live,Musora 2023 Winter Recital - Sessions #1 & #2,https://admin.musora.com/admin#/content/drumeo/401239,https://www.musora.com/drumeo/live-streams/musora-2023-winter-recital-sessions-1-2/401239,2023-12-29,All,,,,,,,,,Other,Sepehr,
401240,live,Musora 2023 Winter Recital - Sessions #3 & #4,https://admin.musora.com/admin#/content/drumeo/401240,https://www.musora.com/drumeo/live-streams/musora-2023-winter-recital-sessions-3-4/401240,2024-01-15,All,,,,,,,,,Other,Sepehr,
401241,live,Musora 2023 Winter Recital - Sessions #5 & #6,https://admin.musora.com/admin#/content/drumeo/401241,https://www.musora.com/drumeo/live-streams/musora-2023-winter-recital-sessions-5-6/401241,2023-12-29,All,,,,,,,,,Other,Sepehr,
401242,live,Musora 2023 Winter Recital - Sessions #7 & #8,https://admin.musora.com/admin#/content/drumeo/401242,https://www.musora.com/drumeo/live-streams/musora-2023-winter-recital-sessions-7-8/401242,2024-01-05,All,,,,,,,,,Other,Sepehr,
401244,live,Musora 2023 Winter Recital - Session #9,https://admin.musora.com/admin#/content/drumeo/401244,https://www.musora.com/drumeo/live-streams/musora-2023-winter-recital-session-9/401244,2024-01-12,All,,,,,,,,,Other,Sepehr,
401271,question-and-answer,The Drum Department Q&A - The Biggest Drum Stories Of 2023,https://admin.musora.com/admin#/content/drumeo/401271,https://www.musora.com/drumeo/question-and-answer/the-drum-department-qa-the-biggest-drum-stories-of-2023/401271,2023-12-20,Edutainnment,,,,,,,,,Other,Sepehr,
401273,live,An Offering From Drumeo - Sleep Token II,https://admin.musora.com/admin#/content/drumeo/401273,https://www.musora.com/drumeo/live-streams/an-offering-from-drumeo-sleep-token-II/401273,2023-12-19,All,Hard Rock/Metal,,,,,,,,Gigging Tips & Gear,Sepehr,
401273,live,An Offering From Drumeo - Sleep Token II,https://admin.musora.com/admin#/content/drumeo/401273,https://www.musora.com/drumeo/live-streams/an-offering-from-drumeo-sleep-token-II/401273,2023-12-19,Gigging Tips,,,,,,,,,,Sepehr,
401581,live,Dream Theater Grooves & Fills,https://admin.musora.com/admin#/content/drumeo/401581,https://www.musora.com/drumeo/live-streams/dream-theater-grooves-fills/401581,2023-12-27,Fills,Hard Rock/Metal,,,,,Grooves,Fills & Chops,,Gigging Tips & Gear,Sepehr,
401581,live,Dream Theater Grooves & Fills,https://admin.musora.com/admin#/content/drumeo/401581,https://www.musora.com/drumeo/live-streams/dream-theater-grooves-fills/401581,2023-12-27,Beats,,,,,,,,,,Sepehr,
402534,live,Charlie Benante Live,https://admin.musora.com/admin#/content/drumeo/402534,https://www.musora.com/drumeo/live-streams/charlie-benante-live/402534,2024-01-05,All,,,,,,,,,Gigging Tips & Gear,Sepehr,
402686,live,The Drum Department - Episode #58,https://admin.musora.com/admin#/content/drumeo/402686,https://www.musora.com/drumeo/live-streams/the-drum-department-episode-58/402686,2024-01-08,Edutainment,,,,,,,,,Podcast,Sepehr,
402687,live,The Drum Department - The Biggest Drumming Predictions Of 2024,https://admin.musora.com/admin#/content/drumeo/402687,https://www.musora.com/drumeo/live-streams/the-drum-department-episode-58-the-biggest-drumming-predictions-of-2024/402687,2024-01-24,Edutainment,,,,,,,,,Podcast,Sepehr,
402689,live,The Drum Department - Learn This Lick,https://admin.musora.com/admin#/content/drumeo/402689,https://www.musora.com/drumeo/live-streams/the-drum-department-episode-59/402689,2024-01-22,Edutainment,,,,Ear Training,,,,,Podcast,Sepehr,
402690,live,The Drum Department - Episode #60,https://admin.musora.com/admin#/content/drumeo/402690,https://www.musora.com/drumeo/live-streams/the-drum-department-episode-60/402690,2024-01-29,Edutainment,,,,,,,,,Podcast,Sepehr,
402750,live,The 2023 Drumeo Awards Show,https://admin.musora.com/admin#/content/drumeo/402750,https://www.musora.com/drumeo/live-streams/the-2024-drumeo-awards-show/402750,2024-01-26,All,,,,,,,,Gigging Tips & Gear,Other,Sepehr,
402946,live,Can You Play Jazz On Electronic Drums?,https://admin.musora.com/admin#/content/drumeo/402946,https://www.musora.com/drumeo/live-streams/playing-jazz-on-electronic-drums/402946,2024-01-12,Styles,Jazz/Blues,,,,,,,,Gigging Tips & Gear,Sepehr,
402946,live,Can You Play Jazz On Electronic Drums?,https://admin.musora.com/admin#/content/drumeo/402946,https://www.musora.com/drumeo/live-streams/playing-jazz-on-electronic-drums/402946,2024-01-12,Gear,,,,,,,,,,Sepehr,
402949,live,New Student Welcome Party,https://admin.musora.com/admin#/content/drumeo/402949,https://www.musora.com/drumeo/live-streams/new-student-welcome-party/402949,2024-01-17,All,,,,,,,,,Other,Sepehr,
403581,question-and-answer,The Drum Department Q&A - The Biggest Drumming Predictions Of 2024,https://admin.musora.com/admin#/content/drumeo/403581,https://www.musora.com/drumeo/question-and-answer/the-drum-department-qa-the-biggest-drumming-predictions-of-2024/403581,2024-01-24,Edutainment,,,,,,,,,Other,Sepehr,
403675,live,Brann Dailor Live,https://admin.musora.com/admin#/content/drumeo/403675,https://www.musora.com/drumeo/live-streams/brann-dailor-live/403675,2024-02-21,Beats,,,,,,,,,Gigging Tips & Gear,Sepehr,
403675,live,Brann Dailor Live,https://admin.musora.com/admin#/content/drumeo/403675,https://www.musora.com/drumeo/live-streams/brann-dailor-live/403675,2024-02-21,Fills,,,,,,,,,,Sepehr,
403689,live,Gregg Bissonette Live,https://admin.musora.com/admin#/content/drumeo/403689,https://www.musora.com/drumeo/live-streams/gregg-bissonette-live/403689,2024-02-14,Fills,,,,,,,,,Gigging Tips & Gear,Sepehr,
403689,live,Gregg Bissonette Live,https://admin.musora.com/admin#/content/drumeo/403689,https://www.musora.com/drumeo/live-streams/gregg-bissonette-live/403689,2024-02-14,Beats,,,,,,,,,,Sepehr,
403690,live,Aric Improta Live,https://admin.musora.com/admin#/content/drumeo/403690,https://www.musora.com/drumeo/live-streams/aric-improta-live/403690,2024-02-28,Beats,,,,,,,,,Gigging Tips & Gear,Sepehr,
403690,live,Aric Improta Live,https://admin.musora.com/admin#/content/drumeo/403690,https://www.musora.com/drumeo/live-streams/aric-improta-live/403690,2024-02-28,Fills,,,,,,,,,,Sepehr,
403717,live,The Drum Department - Episode #61,https://admin.musora.com/admin#/content/drumeo/403717,https://www.musora.com/drumeo/live-streams/the-drum-department-episode-61/403717,2024-02-05,Edutainment,,,,,,,,,Podcast,Sepehr,
403718,live,The Drum Department - Episode #62,https://admin.musora.com/admin#/content/drumeo/403718,https://www.musora.com/drumeo/live-streams/the-drum-department-episode-62/403718,2024-02-12,Edutainment,,,,,,,,,Podcast,Sepehr,
403719,live,The Drum Department - Episode #63,https://admin.musora.com/admin#/content/drumeo/403719,https://www.musora.com/drumeo/live-streams/the-drum-department-episode-63/403719,2024-02-19,Edutainment,,,,,,,,,Podcast,Sepehr,
403720,live,The Drum Department - Episode #64,https://admin.musora.com/admin#/content/drumeo/403720,https://www.musora.com/drumeo/live-streams/the-drum-department-episode-64/403720,2024-02-26,Edutainment,,,,,,,,,Podcast,Sepehr,
