id,type,title,CMS URL,URL,Published Date,Original Topic,Genre,Essentials-1,Essentials-2,Theory-1,Theory-2,Creativity-1,Creativity-2,Lifestyle-1,Lifestyle-2
395814,student-review,Voice Type Tends To - AlexTrout,https://admin.musora.com/admin#/content/singeo/395814,https://www.musora.com/singeo/student-reviews/voice-type-tends-to-alextrout/395814,2023-09-01,Blender,,Blender,Chest Puller,,,,,,
395814,student-review,Voice Type Tends To - AlexTrout,https://admin.musora.com/admin#/content/singeo/395814,https://www.musora.com/singeo/student-reviews/voice-type-tends-to-alextrout/395814,2023-09-01,Chest Puller,,Routines,,,,,,,
395812,student-review,Head Voice - Martin,https://admin.musora.com/admin#/content/singeo/395812,https://www.musora.com/singeo/student-reviews/head-voice-martin/395812,2023-09-01,Rhythm/Phrasing,,,,Rhythm,,,,,
395810,student-review,Build Strength And Keep Balanced - Petrah,https://admin.musora.com/admin#/content/singeo/395810,https://www.musora.com/singeo/student-reviews/build-strength-and-keep-balanced-petrah/395810,2023-09-01,Blender,,Blender,,,,,,,
395706,student-review,How To Build Range - KarthykStephan,https://admin.musora.com/admin#/content/singeo/395706,https://www.musora.com/singeo/student-reviews/how-to-build-range-karthykstephan/395706,2023-09-01,Pitch,,Vocal Range,Pitch,Harmony,,,,,
395698,student-review,Ease The Tension - KirstenBiddle,https://admin.musora.com/admin#/content/singeo/395698,https://www.musora.com/singeo/student-reviews/ease-the-tension-kirstenbiddle/395698,2023-09-01,Chest Puller,,Tension,Chest Puller,,,,,,
395698,student-review,Ease The Tension - KirstenBiddle,https://admin.musora.com/admin#/content/singeo/395698,https://www.musora.com/singeo/student-reviews/ease-the-tension-kirstenbiddle/395698,2023-09-01,Tension,,Tension,Routines,,,,,,
395677,student-review,Increasing The Energy - Wayne,https://admin.musora.com/admin#/content/singeo/395677,https://www.musora.com/singeo/student-reviews/increasing-the-energy-wayne/395677,2023-09-01,Breath Support,,Breath Support,,,,,,Practice Tips,
395381,student-review,Building Vocal Cord Closure - FernandoSamo,https://admin.musora.com/admin#/content/singeo/395381,https://www.musora.com/singeo/student-reviews/building-vocal-cord-closure-fernandosamo/395381,2023-08-25,Blender,,Blender,,,,,,,
395379,student-review,Feeding Phrases - Euchoreo,https://admin.musora.com/admin#/content/singeo/395379,https://www.musora.com/singeo/student-reviews/feeding-phrases-euchoreo/395379,2023-08-25,Breath Support,,Tension,Breath Support,,,,,,
395379,student-review,Feeding Phrases - Euchoreo,https://admin.musora.com/admin#/content/singeo/395379,https://www.musora.com/singeo/student-reviews/feeding-phrases-euchoreo/395379,2023-08-25,Tension,,Tension,Breath Support,Rhythm,,,,,
395377,student-review,Vowels vs Style - Samthul,https://admin.musora.com/admin#/content/singeo/395377,https://www.musora.com/singeo/student-reviews/vowels-vs-style-samthul/395377,2023-08-25,Chest Puller,,Vowel Shapes,Style,,,,,,
395377,student-review,Vowels vs Style - Samthul,https://admin.musora.com/admin#/content/singeo/395377,https://www.musora.com/singeo/student-reviews/vowels-vs-style-samthul/395377,2023-08-25,Vowel Shapes,,,,,,,,,
395375,student-review,5 Tone Ah Review - Brian H,https://admin.musora.com/admin#/content/singeo/395375,https://www.musora.com/singeo/student-reviews/5-tone-ah-review-brian-h/395375,2023-08-25,Chest Puller,,Chest Puller,,,,,,,
395373,student-review,Maximizing Vowel Shapes - Julius K,https://admin.musora.com/admin#/content/singeo/395373,https://www.musora.com/singeo/student-reviews/maximizing-vowel-shapes-julius-k/395373,2023-08-25,Vowel Shapes,,Vowel Shapes,,,,,,,
395371,student-review,Release The Tension - Michele.Festivo,https://admin.musora.com/admin#/content/singeo/395371,https://www.musora.com/singeo/student-reviews/release-the-tension-michelefestivo/395371,2023-08-25,Chest Puller,,Tension,Chest Puller,,,,,,
395371,student-review,Release The Tension - Michele.Festivo,https://admin.musora.com/admin#/content/singeo/395371,https://www.musora.com/singeo/student-reviews/release-the-tension-michelefestivo/395371,2023-08-25,Tension,,,,,,,,,
395367,student-review,Rhythm Check-Up - Ivan,https://admin.musora.com/admin#/content/singeo/395367,https://www.musora.com/singeo/student-reviews/rhythm-check-up-ivan/395367,2023-08-25,Rhythm/Phrasing,,,,Rhythm,,,,,
395365,student-review,Focus on Breath Support & Connection - Jennydkallis,https://admin.musora.com/admin#/content/singeo/395365,https://www.musora.com/singeo/student-reviews/focus-on-breath-supper-connection-jennydkallis/395365,2023-08-25,Breath Support,,Breath Support,,,,,,,
395361,student-review,Singing In A Difficult Key - lcn,https://admin.musora.com/admin#/content/singeo/395361,https://www.musora.com/singeo/student-reviews/singing-in-a-difficult-key-lcn/395361,2023-08-25,Vocal Range,,Vocal Range,,,,,,,
395058,student-review,Exercise Into Song - LilysHeaven,https://admin.musora.com/admin#/content/singeo/395058,https://www.musora.com/singeo/student-reviews/exercise-into-song-lilysheaven/395058,2023-08-25,Blender,,Blender,No Chest Voice,,,,,,
395058,student-review,Exercise Into Song - LilysHeaven,https://admin.musora.com/admin#/content/singeo/395058,https://www.musora.com/singeo/student-reviews/exercise-into-song-lilysheaven/395058,2023-08-25,No Chest Voice,,Blender,No Chest Voice,,,,,,
395056,student-review,Reshaping Vowels in Song - Euchoreo,https://admin.musora.com/admin#/content/singeo/395056,https://www.musora.com/singeo/student-reviews/reshaping-vowels-in-song-euchoreo/395056,2023-08-18,Vowel Shapes,,,,,,,,,
395054,student-review,Bubble Review - JoshuaOcean,https://admin.musora.com/admin#/content/singeo/395054,https://www.musora.com/singeo/student-reviews/bubble-review-joshuaocean7/395054,2023-08-18,Confidence,,,,,,,,Performance,Other
395054,student-review,Bubble Review - JoshuaOcean,https://admin.musora.com/admin#/content/singeo/395054,https://www.musora.com/singeo/student-reviews/bubble-review-joshuaocean7/395054,2023-08-18,Performance/Stage Presence,,,,,,,,,
394962,student-review,Balancing The Larynx - FernandoSamo,https://admin.musora.com/admin#/content/singeo/394962,https://www.musora.com/singeo/student-reviews/balancing-the-larynx-fernandosamo/394962,2023-08-18,Chest Puller,,Tension,Tension,,,,,,
394962,student-review,Balancing The Larynx - FernandoSamo,https://admin.musora.com/admin#/content/singeo/394962,https://www.musora.com/singeo/student-reviews/balancing-the-larynx-fernandosamo/394962,2023-08-18,Tension,,,,,,,,,
394960,student-review,Memorizing Melody in Song - Dena DeFini,https://admin.musora.com/admin#/content/singeo/394960,https://www.musora.com/singeo/student-reviews/memorizing-melody-in-song-dena-defini/394960,2023-08-18,Pitch,,Pitch,,,,,,Practice Tips,
394958,student-review,Vocal Analysis-Chest Puller Remedies - ReneeDiDoDago,https://admin.musora.com/admin#/content/singeo/394958,https://www.musora.com/singeo/student-reviews/vocal-analysis-chest-puller-remedies-reneedidodago/394958,2023-08-18,Breath Support,,Breath Support,Chest Puller,,,,,,
394958,student-review,Vocal Analysis-Chest Puller Remedies - ReneeDiDoDago,https://admin.musora.com/admin#/content/singeo/394958,https://www.musora.com/singeo/student-reviews/vocal-analysis-chest-puller-remedies-reneedidodago/394958,2023-08-18,Chest Puller,,,,,,,,,
394888,student-review,Reshaping Vowels for Belting - Amandad,https://admin.musora.com/admin#/content/singeo/394888,https://www.musora.com/singeo/student-reviews/reshaping-vowels-for-belting-amandad/394888,2023-08-18,Blender,,Style,Vowel Shapes,,,,,,
394888,student-review,Reshaping Vowels for Belting - Amandad,https://admin.musora.com/admin#/content/singeo/394888,https://www.musora.com/singeo/student-reviews/reshaping-vowels-for-belting-amandad/394888,2023-08-18,Vowel Shapes,,,,,,,,,
394886,student-review,Reassess Your Voice Regularly - Seb Castro,https://admin.musora.com/admin#/content/singeo/394886,https://www.musora.com/singeo/student-reviews/reassess-your-voice-regularly-seb-castro/394886,2023-08-18,No Chest Voice,,No Chest Voice,Pitch,,,,,,
394886,student-review,Reassess Your Voice Regularly - Seb Castro,https://admin.musora.com/admin#/content/singeo/394886,https://www.musora.com/singeo/student-reviews/reassess-your-voice-regularly-seb-castro/394886,2023-08-18,Pitch,,Pitch,No Chest Voice,,,,,,
394884,student-review,Create a Habit of Correcting Pitch - Joseph,https://admin.musora.com/admin#/content/singeo/394884,https://www.musora.com/singeo/student-reviews/create-a-habit-of-correcting-pitch-joseph/394884,2023-08-18,Pitch,,Pitch,,,,,,,
394818,student-review,Finding Balance For A Strong Tone - Lauren,https://admin.musora.com/admin#/content/singeo/394818,https://www.musora.com/singeo/student-reviews/finding-balance-for-a-strong-tone-lauren/394818,2023-08-11,Breath Support,,Breath Support,Tension,,,,,,
394818,student-review,Finding Balance For A Strong Tone - Lauren,https://admin.musora.com/admin#/content/singeo/394818,https://www.musora.com/singeo/student-reviews/finding-balance-for-a-strong-tone-lauren/394818,2023-08-11,Tension,,,,,,,,,
394816,student-review,Release Into Song - Brian H,https://admin.musora.com/admin#/content/singeo/394816,https://www.musora.com/singeo/student-reviews/release-into-song-brian-h/394816,2023-08-11,Chest Puller,,Chest Puller,Tension,,,,,,
394816,student-review,Release Into Song - Brian H,https://admin.musora.com/admin#/content/singeo/394816,https://www.musora.com/singeo/student-reviews/release-into-song-brian-h/394816,2023-08-11,Tension,,Breath Support,,,,,,Performance,
394814,student-review,Technique Into Song - Momo A,https://admin.musora.com/admin#/content/singeo/394814,https://www.musora.com/singeo/student-reviews/technique-into-song-momo-a/394814,2023-08-11,Breath Support,,,,,,,,,
394814,student-review,Technique Into Song - Momo A,https://admin.musora.com/admin#/content/singeo/394814,https://www.musora.com/singeo/student-reviews/technique-into-song-momo-a/394814,2023-08-11,Performance/Stage Presence,,,,,,,,,
394805,student-review,Voice Type: Flipper....Or Is It? - Caue Queiroz,https://admin.musora.com/admin#/content/singeo/394805,https://www.musora.com/singeo/student-reviews/voice-type-flipperor-is-it-caue-queiroz/394805,2023-08-11,Flipper,,Flipper,Tension,,,,,,
394805,student-review,Voice Type: Flipper....Or Is It? - Caue Queiroz,https://admin.musora.com/admin#/content/singeo/394805,https://www.musora.com/singeo/student-reviews/voice-type-flipperor-is-it-caue-queiroz/394805,2023-08-11,Tension,,,,,,,,,
394500,student-review,Checking Exercise - Euchoreo,https://admin.musora.com/admin#/content/singeo/394500,https://www.musora.com/singeo/student-reviews/checking-exercise-euchoreo/394500,2023-08-04,Vowel Shapes,,Vowel Shapes,,,,,,,
394498,student-review,Voice Analysis - Astrid P.,https://admin.musora.com/admin#/content/singeo/394498,https://www.musora.com/singeo/student-reviews/voice-analysis-astrid-p/394498,2023-08-04,No Chest Voice,,No Chest Voice,,,,,,,
394496,student-review,Connecting Registers - Terri Purich,https://admin.musora.com/admin#/content/singeo/394496,https://www.musora.com/singeo/student-reviews/connecting-registers-terri-purich/394496,2023-08-04,No Chest Voice,,Tension,No Chest Voice,,,,,,
394496,student-review,Connecting Registers - Terri Purich,https://admin.musora.com/admin#/content/singeo/394496,https://www.musora.com/singeo/student-reviews/connecting-registers-terri-purich/394496,2023-08-04,Tension,,,,,,,,,
394494,student-review,Laid Back Phrasing - Ivan,https://admin.musora.com/admin#/content/singeo/394494,https://www.musora.com/singeo/student-reviews/laid-back-phrasing-ivan/394494,2023-08-04,Rhythm/Phrasing,,,,Rhythm,,,,,
394492,student-review,Choir Singing Vs Solo Singing - Petrah,https://admin.musora.com/admin#/content/singeo/394492,https://www.musora.com/singeo/student-reviews/choir-singing-vs-solo-singing-petrah/394492,2023-08-04,No Chest Voice,,Vocal Range,No Chest Voice,,,,,,
394492,student-review,Choir Singing Vs Solo Singing - Petrah,https://admin.musora.com/admin#/content/singeo/394492,https://www.musora.com/singeo/student-reviews/choir-singing-vs-solo-singing-petrah/394492,2023-08-04,Vocal Range,,,,,,,,,
394363,student-review,Refining Riffs & Runs - Aashima.Singh,https://admin.musora.com/admin#/content/singeo/394363,https://www.musora.com/singeo/student-reviews/refining-riffs-runs-aashimasingh/394363,2023-08-04,No Chest Voice,,No Chest Voice,Pitch,,,,,,
394363,student-review,Refining Riffs & Runs - Aashima.Singh,https://admin.musora.com/admin#/content/singeo/394363,https://www.musora.com/singeo/student-reviews/refining-riffs-runs-aashimasingh/394363,2023-08-04,Pitch,,,,,,,,,
394249,student-review,Emoting in Song - Dena DeFini,https://admin.musora.com/admin#/content/singeo/394249,https://www.musora.com/singeo/student-reviews/emoting-in-song-dena-defini/394249,2023-07-28,Breath Support,,Breath Support,Pitch,,,,,Performance,
394249,student-review,Emoting in Song - Dena DeFini,https://admin.musora.com/admin#/content/singeo/394249,https://www.musora.com/singeo/student-reviews/emoting-in-song-dena-defini/394249,2023-07-28,Pitch,,,,,,,,,
394247,student-review,Balancing in Song - Euchoreo,https://admin.musora.com/admin#/content/singeo/394247,https://www.musora.com/singeo/student-reviews/balancing-in-song-euchoreo/394247,2023-07-28,Breath Support,,Breath Support,Chest Puller,,,,,,
394247,student-review,Balancing in Song - Euchoreo,https://admin.musora.com/admin#/content/singeo/394247,https://www.musora.com/singeo/student-reviews/balancing-in-song-euchoreo/394247,2023-07-28,Chest Puller,,Blender,,,,,,,
394241,student-review,Blender Routine Check-up - EmmaSB,https://admin.musora.com/admin#/content/singeo/394241,https://www.musora.com/singeo/student-reviews/blender-routine-check-up-emmasb/394241,2023-07-28,Blender,,,,,,,,,
394235,student-review,Make the Voice Thicker? - FernandoSamo,https://admin.musora.com/admin#/content/singeo/394235,https://www.musora.com/singeo/student-reviews/make-the-voice-thicker-fernandosamo/394235,2023-07-28,Tension,,Tension,,,,,,,
394185,student-review,Freedom On High Notes - James Suntres,https://admin.musora.com/admin#/content/singeo/394185,https://www.musora.com/singeo/student-reviews/freedom-on-high-notes-james-suntres/394185,2023-07-28,Tension,,Vowel Shapes,Tension,,,,,,
394185,student-review,Freedom On High Notes - James Suntres,https://admin.musora.com/admin#/content/singeo/394185,https://www.musora.com/singeo/student-reviews/freedom-on-high-notes-james-suntres/394185,2023-07-28,Vowel Shapes,,Chest Puller,,,,,,,
394182,student-review,Vocal Assessment - ReneeDiDoDago,https://admin.musora.com/admin#/content/singeo/394182,https://www.musora.com/singeo/student-reviews/vocal-assessment-reneedidodago/394182,2023-07-28,Chest Puller,,No Chest Voice,Style,,,,,Performance,
394178,student-review,Connect To A Spoken Voice Quality - ILVA,https://admin.musora.com/admin#/content/singeo/394178,https://www.musora.com/singeo/student-reviews/connect-to-a-spoken-voice-quality-ilva/394178,2023-07-28,No Chest Voice,,,,,,,,,
394178,student-review,Connect To A Spoken Voice Quality - ILVA,https://admin.musora.com/admin#/content/singeo/394178,https://www.musora.com/singeo/student-reviews/connect-to-a-spoken-voice-quality-ilva/394178,2023-07-28,Performance/Stage Presence,,,,,,,,,
393884,student-review,Recording A Live Performance - John Frost,https://admin.musora.com/admin#/content/singeo/393884,https://www.musora.com/singeo/student-reviews/recording-a-live-performance-john-frost/393884,2023-07-21,Performance/Stage Presence,,,,,,,,Performance,Gigging Tips & Gear
393882,student-review,Refining Your Performance - Mitch M,https://admin.musora.com/admin#/content/singeo/393882,https://www.musora.com/singeo/student-reviews/refining-your-performance-mitch-m/393882,2023-07-21,Performance/Stage Presence,,,,,,,,Performance,
393880,student-review,Unlock Your Vibrato - Anna O,https://admin.musora.com/admin#/content/singeo/393880,https://www.musora.com/singeo/student-reviews/unlock-your-vibrato-anna-o/393880,2023-07-21,Vowel Shapes,,Vowel Shapes,Style,,,,,,
393873,student-review,Breath Support To Create Flow - Chaseeg,https://admin.musora.com/admin#/content/singeo/393873,https://www.musora.com/singeo/student-reviews/breath-support-to-create-flow-chaseeg/393873,2023-07-21,Breath Support,,Breath Support,,Rhythm,,,,,
393873,student-review,Breath Support To Create Flow - Chaseeg,https://admin.musora.com/admin#/content/singeo/393873,https://www.musora.com/singeo/student-reviews/breath-support-to-create-flow-chaseeg/393873,2023-07-21,Rhythm/Phrasing,,,,,,,,,
393872,student-review,How Tension Affects Vibrato - Dalcazar,https://admin.musora.com/admin#/content/singeo/393872,https://www.musora.com/singeo/student-reviews/how-tension-affects-vibrato-dalcazar/393872,2023-07-21,Chest Puller,,Chest Puller,Tension,,,,,,
393872,student-review,How Tension Affects Vibrato - Dalcazar,https://admin.musora.com/admin#/content/singeo/393872,https://www.musora.com/singeo/student-reviews/how-tension-affects-vibrato-dalcazar/393872,2023-07-21,Tension,,,,,,,,,
393871,student-review,Singing Live with a Band vs Karaoke - Rahmelnelson,https://admin.musora.com/admin#/content/singeo/393871,https://www.musora.com/singeo/student-reviews/singing-live-with-a-band-vs-karaoke-rahmelnelson/393871,2023-07-21,Performance/Stage Presence,,,,,,,,Performance,Gigging Tips & Gear
393870,student-review,Vocal Range - Murph,https://admin.musora.com/admin#/content/singeo/393870,https://www.musora.com/singeo/student-reviews/vocal-range-murph/393870,2023-07-21,Vocal Range,,Vocal Range,,,,,,,
393860,student-review,Emotional Interpretation - Cricket Conant,https://admin.musora.com/admin#/content/singeo/393860,https://www.musora.com/singeo/student-reviews/emotional-interpretation-cricket-conant/393860,2023-07-21,Chest Puller,,Chest Puller,Style,,,,,Performance,
393860,student-review,Emotional Interpretation - Cricket Conant,https://admin.musora.com/admin#/content/singeo/393860,https://www.musora.com/singeo/student-reviews/emotional-interpretation-cricket-conant/393860,2023-07-21,Performance/Stage Presence,,,,,,,,,
393287,student-review,Focusing On Vocal Fold Closure - Avistic,https://admin.musora.com/admin#/content/singeo/393287,https://www.musora.com/singeo/student-reviews/focusing-on-vocal-fold-closure-avistic/393287,2023-07-14,Breath Support,,Breath Support,No Chest Voice,,,,,,
393287,student-review,Focusing On Vocal Fold Closure - Avistic,https://admin.musora.com/admin#/content/singeo/393287,https://www.musora.com/singeo/student-reviews/focusing-on-vocal-fold-closure-avistic/393287,2023-07-14,No Chest Voice,,,,,,,,,
393285,student-review,Start By Securing The Pitch - Shir.dtx,https://admin.musora.com/admin#/content/singeo/393285,https://www.musora.com/singeo/student-reviews/start-by-securing-the-pitch-shirdtx/393285,2023-07-14,Pitch,,Pitch,,,,,,,
393279,student-review,Flipper Routine Check-In - Martin,https://admin.musora.com/admin#/content/singeo/393279,https://www.musora.com/singeo/student-reviews/flipper-routine-check-in-martin/393279,2023-07-14,Flipper,,Flipper,,,,,,,
393271,student-review,Checking In On Nasality - Ivan,https://admin.musora.com/admin#/content/singeo/393271,https://www.musora.com/singeo/student-reviews/checking-in-on-nasality-ivan/393271,2023-07-14,Pitch,,Pitch,Style,,,,,,
393266,student-review,Following Up On Vowel Shapes - Melissa.Z,https://admin.musora.com/admin#/content/singeo/393266,https://www.musora.com/singeo/student-reviews/following-up-on-vowel-shapes-melissaz/393266,2023-07-14,Tension,,Vowel Shapes,Tension,,,,,,
393266,student-review,Following Up On Vowel Shapes - Melissa.Z,https://admin.musora.com/admin#/content/singeo/393266,https://www.musora.com/singeo/student-reviews/following-up-on-vowel-shapes-melissaz/393266,2023-07-14,Vowel Shapes,,,,,,,,,
393165,student-review,Pitch Training Assessment - Tony,https://admin.musora.com/admin#/content/singeo/393165,https://www.musora.com/singeo/student-reviews/pitch-training-assessment-tony/393165,2023-07-14,Flipper,,Pitch,Flipper,,,,,,
393165,student-review,Pitch Training Assessment - Tony,https://admin.musora.com/admin#/content/singeo/393165,https://www.musora.com/singeo/student-reviews/pitch-training-assessment-tony/393165,2023-07-14,Pitch,,,,,,,,,
393163,student-review,Vocal Warm-Up Assessment - Tony,https://admin.musora.com/admin#/content/singeo/393163,https://www.musora.com/singeo/student-reviews/vocal-warm-up-assessment-tony/393163,2023-07-14,Flipper,,Pitch,Flipper,,,,,,
393163,student-review,Vocal Warm-Up Assessment - Tony,https://admin.musora.com/admin#/content/singeo/393163,https://www.musora.com/singeo/student-reviews/vocal-warm-up-assessment-tony/393163,2023-07-14,Pitch,,,,,,,,,
393094,student-review,"Re-assessing With 5 Tone ""AH"" - K. Fox",https://admin.musora.com/admin#/content/singeo/393094,https://www.musora.com/singeo/student-reviews/re-assessing-with-5-tone-ah-k-fox-kelly/393094,2023-07-14,Flipper,,Flipper,,,,,,,
393092,student-review,Riff and Run Break Down - Nigel P,https://admin.musora.com/admin#/content/singeo/393092,https://www.musora.com/singeo/student-reviews/riff-and-run-break-down-nigel-p/393092,2023-07-14,Rhythm/Phrasing,,,,Rhythm,,Riffs & Runs,,,
393090,student-review,Negotiating the Transition - Jackh,https://admin.musora.com/admin#/content/singeo/393090,https://www.musora.com/singeo/student-reviews/negotiating-the-transition-jackh/393090,2023-07-14,Chest Puller,,Chest Puller,Tension,,,,,,
393090,student-review,Negotiating the Transition - Jackh,https://admin.musora.com/admin#/content/singeo/393090,https://www.musora.com/singeo/student-reviews/negotiating-the-transition-jackh/393090,2023-07-14,Tension,,,,,,,,,
393088,student-review,Balancing Big Notes - Lee,https://admin.musora.com/admin#/content/singeo/393088,https://www.musora.com/singeo/student-reviews/balancing-big-notes-lee/393088,2023-07-14,Tension,,Tension,Vowel Shapes,,,,,,
393088,student-review,Balancing Big Notes - Lee,https://admin.musora.com/admin#/content/singeo/393088,https://www.musora.com/singeo/student-reviews/balancing-big-notes-lee/393088,2023-07-14,Vowel Shapes,,,,,,,,,
393082,student-review,Balancing Breath and Vocal Cords - RainboltMusic,https://admin.musora.com/admin#/content/singeo/393082,https://www.musora.com/singeo/student-reviews/balancing-breath-and-vocal-cords-rainboltmusic/393082,2023-07-14,Breath Support,,Tension,Breath Support,,,,,,
393082,student-review,Balancing Breath and Vocal Cords - RainboltMusic,https://admin.musora.com/admin#/content/singeo/393082,https://www.musora.com/singeo/student-reviews/balancing-breath-and-vocal-cords-rainboltmusic/393082,2023-07-14,Tension,,Vowel Shapes,Chest Puller,,,,,,
392831,student-review,Correcting Vowel Shapes For Balance - Julius K,https://admin.musora.com/admin#/content/singeo/392831,https://www.musora.com/singeo/student-reviews/correcting-vowel-shapes-for-balance-julius-k/392831,2023-07-07,Chest Puller,,,,,,,,,
392831,student-review,Correcting Vowel Shapes For Balance - Julius K,https://admin.musora.com/admin#/content/singeo/392831,https://www.musora.com/singeo/student-reviews/correcting-vowel-shapes-for-balance-julius-k/392831,2023-07-07,Vowel Shapes,,,,,,,,,
392829,student-review,Good Example Of Using Lip Bubble Over Song Melody - Julius K,https://admin.musora.com/admin#/content/singeo/392829,https://www.musora.com/singeo/student-reviews/good-example-of-using-lip-bubble-over-song-melody-julius-k/392829,2023-07-07,Blender,,Blender,,,,,,Other,
392829,student-review,Good Example Of Using Lip Bubble Over Song Melody - Julius K,https://admin.musora.com/admin#/content/singeo/392829,https://www.musora.com/singeo/student-reviews/good-example-of-using-lip-bubble-over-song-melody-julius-k/392829,2023-07-07,Confidence,,,,,,,,,
392825,student-review,Shaping Vowels For Vocal Ease - Teri P,https://admin.musora.com/admin#/content/singeo/392825,https://www.musora.com/singeo/student-reviews/shaping-vowels-for-vocal-ease-teri-p/392825,2023-07-07,Breath Support,,Breath Support,Vowel Shapes,,,,,,
392825,student-review,Shaping Vowels For Vocal Ease - Teri P,https://admin.musora.com/admin#/content/singeo/392825,https://www.musora.com/singeo/student-reviews/shaping-vowels-for-vocal-ease-teri-p/392825,2023-07-07,Vowel Shapes,,,,,,,,,
392822,student-review,Defining Your Voice Type - Rijul,https://admin.musora.com/admin#/content/singeo/392822,https://www.musora.com/singeo/student-reviews/defining-your-voice-type-rijul/392822,2023-07-07,Chest Puller,,Chest Puller,Style,,,,,,
392819,student-review,Adding Emotional Value To Song - Shay Cheng,https://admin.musora.com/admin#/content/singeo/392819,https://www.musora.com/singeo/student-reviews/adding-emotional-value-to-song-shay-cheng/392819,2023-07-07,Breath Support,,Breath Support,Vowel Shapes,,,,,,
392819,student-review,Adding Emotional Value To Song - Shay Cheng,https://admin.musora.com/admin#/content/singeo/392819,https://www.musora.com/singeo/student-reviews/adding-emotional-value-to-song-shay-cheng/392819,2023-07-07,Vowel Shapes,,,,,,,,,
392814,student-review,Learn To Control And Stablize the Larynx - Ania Natasza,https://admin.musora.com/admin#/content/singeo/392814,https://www.musora.com/singeo/student-reviews/learn-to-control-and-stablize-the-larynx-ania-natasza/392814,2023-07-07,Flipper,,Flipper,,,,,,,
392812,student-review,Learn to Control and Stabilize the Larynx - TanjaG,https://admin.musora.com/admin#/content/singeo/392812,https://www.musora.com/singeo/student-reviews/learn-to-control-and-stablize-the-larynx-tanjag/392812,2023-07-07,Flipper,,,,,,,,,
392810,student-review,Finding Connected Tone - Rijul,https://admin.musora.com/admin#/content/singeo/392810,https://www.musora.com/singeo/student-reviews/finding-connected-tone-rijul/392810,2023-07-07,Pitch,,Pitch,,,,,,,
392807,student-review,Vowels And The Path Of Least Resistance - Euchoreo,https://admin.musora.com/admin#/content/singeo/392807,https://www.musora.com/singeo/student-reviews/vowels-and-the-path-of-least-resistance-euchoreo/392807,2023-07-07,Chest Puller,,Vowel Shapes,Chest Puller,,,,,,
392807,student-review,Vowels And The Path Of Least Resistance - Euchoreo,https://admin.musora.com/admin#/content/singeo/392807,https://www.musora.com/singeo/student-reviews/vowels-and-the-path-of-least-resistance-euchoreo/392807,2023-07-07,Vowel Shapes,,,,,,,,,
392399,student-review,Providing Breath for the Vocal Cords - RijulSachdevaa,https://admin.musora.com/admin#/content/singeo/392399,https://www.musora.com/singeo/student-reviews/providing-breath-for-the-vocal-cords-rijulsachdevaa/392399,2023-06-30,Breath Support,,Breath Support,,,,,,,
392396,student-review,Setting Up the Lip Bubble Exercise - Joshuaocean7,https://admin.musora.com/admin#/content/singeo/392396,https://www.musora.com/singeo/student-reviews/setting-up-the-lip-bubble-exercise-joshuaocean7/392396,2023-06-30,Tension,,Tension,,,,,,,
392394,student-review,Reviewing Vowels - Euchoreo,https://admin.musora.com/admin#/content/singeo/392394,https://www.musora.com/singeo/student-reviews/reviewing-vowels-euchoreo/392394,2023-06-30,Rhythm/Phrasing,,Vowel Shapes,,Rhythm,,,,,
392163,student-review,Balancing Breath and Vocal Cord Closure - TanjaG,https://admin.musora.com/admin#/content/singeo/392163,https://www.musora.com/singeo/student-reviews/balancing-breath-and-vocal-cord-closure-tanjag/392163,2023-06-23,Breath Support,,Breath Support,No Chest Voice,,,,,,
392163,student-review,Balancing Breath and Vocal Cord Closure - TanjaG,https://admin.musora.com/admin#/content/singeo/392163,https://www.musora.com/singeo/student-reviews/balancing-breath-and-vocal-cord-closure-tanjag/392163,2023-06-23,No Chest Voice,,,,,,,,,
392161,student-review,Stylizing Song Tips - Divye,https://admin.musora.com/admin#/content/singeo/392161,https://www.musora.com/singeo/student-reviews/stylizing-song-tips-divye/392161,2023-06-23,Rhythm/Phrasing,,Vocal Range,Style,Rhythm,,,,,
392161,student-review,Stylizing Song Tips - Divye,https://admin.musora.com/admin#/content/singeo/392161,https://www.musora.com/singeo/student-reviews/stylizing-song-tips-divye/392161,2023-06-23,Vocal Range,,,,,,,,,
392159,student-review,Refining And Strengthening - DPatterson,https://admin.musora.com/admin#/content/singeo/392159,https://www.musora.com/singeo/student-reviews/refining-and-strengthening-dpatterson/392159,2023-06-23,Pitch,,Pitch,Vowel Shapes,,,,,,
392159,student-review,Refining And Strengthening - DPatterson,https://admin.musora.com/admin#/content/singeo/392159,https://www.musora.com/singeo/student-reviews/refining-and-strengthening-dpatterson/392159,2023-06-23,Vowel Shapes,,,,,,,,,
392157,student-review,Correcting Exercise to Find Connection - Damian.m,https://admin.musora.com/admin#/content/singeo/392157,https://www.musora.com/singeo/student-reviews/correcting-exercise-to-find-connection-damianm/392157,2023-06-23,Flipper,,Pitch,Flipper,,,,,,
392157,student-review,Correcting Exercise to Find Connection - Damian.m,https://admin.musora.com/admin#/content/singeo/392157,https://www.musora.com/singeo/student-reviews/correcting-exercise-to-find-connection-damianm/392157,2023-06-23,Pitch,,,,,,,,,
392154,student-review,Making Space For Vowels - IvetteC,https://admin.musora.com/admin#/content/singeo/392154,https://www.musora.com/singeo/student-reviews/making-space-for-vowels-ivettec/392154,2023-06-23,Blender,,Blender,Vowel Shapes,,,,,,
392154,student-review,Making Space For Vowels - IvetteC,https://admin.musora.com/admin#/content/singeo/392154,https://www.musora.com/singeo/student-reviews/making-space-for-vowels-ivettec/392154,2023-06-23,Vowel Shapes,,,,,,,,,
392152,student-review,Use Consonant To Stabilize Vowel And Pitch - Nerldy,https://admin.musora.com/admin#/content/singeo/392152,https://www.musora.com/singeo/student-reviews/use-consonant-to-stabilize-vowel-and-pitch-nerldy/392152,2023-06-23,Vowel Shapes,,Vowel Shapes,Pitch,,,,,,
392094,student-review,"Approaching Diphthongs with ""Rs"" - AlexTrout",https://admin.musora.com/admin#/content/singeo/392094,https://www.musora.com/singeo/student-reviews/approaching-diphthongs-with-rs-alextrout/392094,2023-06-23,Vowel Shapes,,Vowel Shapes,,,,,,,
392092,student-review,Finding The Connection - ShowerHowler,https://admin.musora.com/admin#/content/singeo/392092,https://www.musora.com/singeo/student-reviews/finding-the-connection-showerhowler/392092,2023-06-23,Breath Support,,No Chest Voice,Breath Support,,,,,,
392092,student-review,Finding The Connection - ShowerHowler,https://admin.musora.com/admin#/content/singeo/392092,https://www.musora.com/singeo/student-reviews/finding-the-connection-showerhowler/392092,2023-06-23,No Chest Voice,,,,,,,,,
391944,student-review,Finding Connection To Chest Voice - Lauren,https://admin.musora.com/admin#/content/singeo/391944,https://www.musora.com/singeo/student-reviews/finding-connection-to-chest-voice-lauren/391944,2023-06-16,No Chest Voice,,Tension,No Chest Voice,,,,,,
391944,student-review,Finding Connection To Chest Voice - Lauren,https://admin.musora.com/admin#/content/singeo/391944,https://www.musora.com/singeo/student-reviews/finding-connection-to-chest-voice-lauren/391944,2023-06-16,Tension,,,,,,,,,
391879,student-review,Rebalancing The Voice - Calloused,https://admin.musora.com/admin#/content/singeo/391879,https://www.musora.com/singeo/student-reviews/rebalancing-the-voice-calloused/391879,2023-06-16,Breath Support,,Breath Support,Tension,,,,,,
391879,student-review,Rebalancing The Voice - Calloused,https://admin.musora.com/admin#/content/singeo/391879,https://www.musora.com/singeo/student-reviews/rebalancing-the-voice-calloused/391879,2023-06-16,Tension,,,,,,,,,
391875,student-review,Consistent Breath Support - Sharon Ashman,https://admin.musora.com/admin#/content/singeo/391875,https://www.musora.com/singeo/student-reviews/consistent-breath-support-sharon-ashman/391875,2023-06-16,Breath Support,,Breath Support,Tension,,,,,,
391875,student-review,Consistent Breath Support - Sharon Ashman,https://admin.musora.com/admin#/content/singeo/391875,https://www.musora.com/singeo/student-reviews/consistent-breath-support-sharon-ashman/391875,2023-06-16,Tension,,,,,,,,,
391870,student-review,Ease Up On Jaw And Neck Tension - Bestuboy,https://admin.musora.com/admin#/content/singeo/391870,https://www.musora.com/singeo/student-reviews/ease-up-on-jaw-and-neck-tension-bestuboy/391870,2023-06-16,Chest Puller,,Tension,Chest Puller,,,,,,
391870,student-review,Ease Up On Jaw And Neck Tension - Bestuboy,https://admin.musora.com/admin#/content/singeo/391870,https://www.musora.com/singeo/student-reviews/ease-up-on-jaw-and-neck-tension-bestuboy/391870,2023-06-16,Tension,,,,,,,,,
391868,student-review,Internalize The Beat - Nickie,https://admin.musora.com/admin#/content/singeo/391868,https://www.musora.com/singeo/student-reviews/internalize-the-beat-nickie/391868,2023-06-16,Pitch,,Pitch,,Rhythm,,,,,
391868,student-review,Internalize The Beat - Nickie,https://admin.musora.com/admin#/content/singeo/391868,https://www.musora.com/singeo/student-reviews/internalize-the-beat-nickie/391868,2023-06-16,Rhythm/Phrasing,,,,,,,,,
391866,student-review,Relieving Neck Tension in Song - Simon L,https://admin.musora.com/admin#/content/singeo/391866,https://www.musora.com/singeo/student-reviews/relieving-neck-tension-in-song-simon-l/391866,2023-06-16,Breath Support,,Breath Support,Tension,,,,,,
391866,student-review,Relieving Neck Tension in Song - Simon L,https://admin.musora.com/admin#/content/singeo/391866,https://www.musora.com/singeo/student-reviews/relieving-neck-tension-in-song-simon-l/391866,2023-06-16,Tension,,,,,,,,,
391857,student-review,Get Out Of The Pitch Comfort Zone - Joseph.Davissen,https://admin.musora.com/admin#/content/singeo/391857,https://www.musora.com/singeo/student-reviews/get-out-of-the-pitch-comfort-zone-josephdavissen/391857,2023-06-16,Flipper,,Flipper,Pitch,,,,,,
391857,student-review,Get Out Of The Pitch Comfort Zone - Joseph.Davissen,https://admin.musora.com/admin#/content/singeo/391857,https://www.musora.com/singeo/student-reviews/get-out-of-the-pitch-comfort-zone-josephdavissen/391857,2023-06-16,Pitch,,,,,,,,,
391854,student-review,When To Change The Key? - Euchoreo,https://admin.musora.com/admin#/content/singeo/391854,https://www.musora.com/singeo/student-reviews/when-to-change-the-key-euchoreo/391854,2023-06-16,Tension,,,,,,,,,
391851,student-review,Stabilize By Providing Consistent Breath - Abbyskluzacek,https://admin.musora.com/admin#/content/singeo/391851,https://www.musora.com/singeo/student-reviews/stabilize-by-providing-consistent-breath-abbyskluzacek/391851,2023-06-16,Breath Support,,Breath Support,,,,,,,
391600,student-review,Refining Exercise To Build Connection in Chest Voice - TamaraRPC,https://admin.musora.com/admin#/content/singeo/391600,https://www.musora.com/singeo/student-reviews/refining-exercise-to-build-connection-in-chest-voice-tamararpc/391600,2023-06-09,Blender,,Blender,No Chest Voice,,,,,,
391600,student-review,Refining Exercise To Build Connection in Chest Voice - TamaraRPC,https://admin.musora.com/admin#/content/singeo/391600,https://www.musora.com/singeo/student-reviews/refining-exercise-to-build-connection-in-chest-voice-tamararpc/391600,2023-06-09,No Chest Voice,,,,,,,,,
391598,student-review,Understanding Larynx Positions To Develop Mix - Jonny Hurricane,https://admin.musora.com/admin#/content/singeo/391598,https://www.musora.com/singeo/student-reviews/understanding-larynx-positions-to-develop-mix-jonny-hurricane/391598,2023-06-09,Blender,,Blender,Vowel Shapes,,,,,,
391598,student-review,Understanding Larynx Positions To Develop Mix - Jonny Hurricane,https://admin.musora.com/admin#/content/singeo/391598,https://www.musora.com/singeo/student-reviews/understanding-larynx-positions-to-develop-mix-jonny-hurricane/391598,2023-06-09,Vowel Shapes,,,,,,,,,
391596,student-review,Using Exercise To Create Good Habits For Songs - Anna O,https://admin.musora.com/admin#/content/singeo/391596,https://www.musora.com/singeo/student-reviews/using-exercise-to-create-good-habits-for-songs-anna-o/391596,2023-06-09,Confidence,,Vocal Range,,,,,,Performance,
391596,student-review,Using Exercise To Create Good Habits For Songs - Anna O,https://admin.musora.com/admin#/content/singeo/391596,https://www.musora.com/singeo/student-reviews/using-exercise-to-create-good-habits-for-songs-anna-o/391596,2023-06-09,Vocal Range,,,,,,,,,
391594,student-review,Learning To Mix Registers - Ania Natasza,https://admin.musora.com/admin#/content/singeo/391594,https://www.musora.com/singeo/student-reviews/learning-to-mix-registers-ania-natasza/391594,2023-06-09,Flipper,,No Chest Voice,Flipper,,,,,,
391594,student-review,Learning To Mix Registers - Ania Natasza,https://admin.musora.com/admin#/content/singeo/391594,https://www.musora.com/singeo/student-reviews/learning-to-mix-registers-ania-natasza/391594,2023-06-09,No Chest Voice,,,,,,,,,
391590,student-review,Confidence On Each Pitch - Betsy,https://admin.musora.com/admin#/content/singeo/391590,https://www.musora.com/singeo/student-reviews/confidence-on-each-pitch-betsy/391590,2023-06-09,Pitch,,Pitch,,,,,,Performance,
391512,student-review,Listen Well And Practice The Pitch - EnyaW,https://admin.musora.com/admin#/content/singeo/391512,https://www.musora.com/singeo/student-reviews/listen-well-and-practice-the-pitch-enyaw/391512,2023-06-09,No Chest Voice,,Pitch,No Chest Voice,,,,,,
391512,student-review,Listen Well And Practice The Pitch - EnyaW,https://admin.musora.com/admin#/content/singeo/391512,https://www.musora.com/singeo/student-reviews/listen-well-and-practice-the-pitch-enyaw/391512,2023-06-09,Pitch,,,,,,,,,
391143,student-review,Determine Your Tends-To - ShellyM6,https://admin.musora.com/admin#/content/singeo/391143,https://www.musora.com/singeo/student-reviews/determine-your-tends-to-shellym6/391143,2023-06-02,Blender,,Blender,No Chest Voice,,,,,,
391143,student-review,Determine Your Tends-To - ShellyM6,https://admin.musora.com/admin#/content/singeo/391143,https://www.musora.com/singeo/student-reviews/determine-your-tends-to-shellym6/391143,2023-06-02,No Chest Voice,,,,,,,,,
391141,student-review,Ear Training To Refine Pitch - Ellinor E,https://admin.musora.com/admin#/content/singeo/391141,https://www.musora.com/singeo/student-reviews/ear-training-to-refine-pitch-ellinor-e/391141,2023-06-02,Pitch,,Pitch,Vowel Shapes,,,,,,
391141,student-review,Ear Training To Refine Pitch - Ellinor E,https://admin.musora.com/admin#/content/singeo/391141,https://www.musora.com/singeo/student-reviews/ear-training-to-refine-pitch-ellinor-e/391141,2023-06-02,Vowel Shapes,,,,,,,,,
391139,student-review,Finding Balance To Find Vibrato - Iv,https://admin.musora.com/admin#/content/singeo/391139,https://www.musora.com/singeo/student-reviews/finding-balance-to-find-vibrato-iv/391139,2023-06-02,No Chest Voice,,No Chest Voice,Pitch,,,,,,
391139,student-review,Finding Balance To Find Vibrato - Iv,https://admin.musora.com/admin#/content/singeo/391139,https://www.musora.com/singeo/student-reviews/finding-balance-to-find-vibrato-iv/391139,2023-06-02,Pitch,,,,,,,,,
391137,student-review,Checking In: The Exercises Are Working - AlexTrout,https://admin.musora.com/admin#/content/singeo/391137,https://www.musora.com/singeo/student-reviews/checking-in-the-exercises-are-working-alextrout/391137,2023-06-02,Flipper,,Flipper,Tension,,,,,,
391137,student-review,Checking In: The Exercises Are Working - AlexTrout,https://admin.musora.com/admin#/content/singeo/391137,https://www.musora.com/singeo/student-reviews/checking-in-the-exercises-are-working-alextrout/391137,2023-06-02,Tension,,,,,,,,,
391135,student-review,Checking In On Bilingual Exercises - Ania Natasza,https://admin.musora.com/admin#/content/singeo/391135,https://www.musora.com/singeo/student-reviews/checking-in-on-bilingual-exercises-ania-natasza/391135,2023-06-02,Flipper,,Flipper,Vowel Shapes,,,,,,
391135,student-review,Checking In On Bilingual Exercises - Ania Natasza,https://admin.musora.com/admin#/content/singeo/391135,https://www.musora.com/singeo/student-reviews/checking-in-on-bilingual-exercises-ania-natasza/391135,2023-06-02,Vowel Shapes,,,,,,,,,
391133,student-review,Going For Belt - Uz.Ursula-Zimmermann,https://admin.musora.com/admin#/content/singeo/391133,https://www.musora.com/singeo/student-reviews/going-for-belt-uzursula-zimmermann/391133,2023-06-02,Vocal Range,,Vocal Range,Vowel Shapes,,,,,,
391133,student-review,Going For Belt - Uz.Ursula-Zimmermann,https://admin.musora.com/admin#/content/singeo/391133,https://www.musora.com/singeo/student-reviews/going-for-belt-uzursula-zimmermann/391133,2023-06-02,Vowel Shapes,,,,,,,,,
391130,student-review,Follow Up Review & The Transition - Julius K,https://admin.musora.com/admin#/content/singeo/391130,https://www.musora.com/singeo/student-reviews/follow-up-review-the-transition-julius-k/391130,2023-06-02,Breath Support,,Tension,Breath Support,,,,,,
391130,student-review,Follow Up Review & The Transition - Julius K,https://admin.musora.com/admin#/content/singeo/391130,https://www.musora.com/singeo/student-reviews/follow-up-review-the-transition-julius-k/391130,2023-06-02,Tension,,,,,,,,,
390949,student-review,Song Specific Exercise - DavidK,https://admin.musora.com/admin#/content/singeo/390949,https://www.musora.com/singeo/student-reviews/song-specific-exercise-davidk/390949,2023-05-26,Chest Puller,,Tension,Chest Puller,,,,,,
390949,student-review,Song Specific Exercise - DavidK,https://admin.musora.com/admin#/content/singeo/390949,https://www.musora.com/singeo/student-reviews/song-specific-exercise-davidk/390949,2023-05-26,Tension,,,,,,,,,
390947,student-review,Building Cord Closure On Bottom - ShowerHowler,https://admin.musora.com/admin#/content/singeo/390947,https://www.musora.com/singeo/student-reviews/building-cord-closure-on-bottom-showerhowler/390947,2023-05-26,No Chest Voice,,Pitch,No Chest Voice,,,,,,
390947,student-review,Building Cord Closure On Bottom - ShowerHowler,https://admin.musora.com/admin#/content/singeo/390947,https://www.musora.com/singeo/student-reviews/building-cord-closure-on-bottom-showerhowler/390947,2023-05-26,Pitch,,,,,,,,,
390945,student-review,Perhaps A Key Change? - Snapdragon,https://admin.musora.com/admin#/content/singeo/390945,https://www.musora.com/singeo/student-reviews/perhaps-a-key-change-snapdragon/390945,2023-05-26,Performance/Stage Presence,,Vocal Range,,,,,,Performance,
390943,student-review,Make The Key Work For Your Voice - Narmada,https://admin.musora.com/admin#/content/singeo/390943,https://www.musora.com/singeo/student-reviews/make-the-key-work-for-your-voice-narmada/390943,2023-05-26,Pitch,,Vocal Range,Pitch,,,,,,
390943,student-review,Make The Key Work For Your Voice - Narmada,https://admin.musora.com/admin#/content/singeo/390943,https://www.musora.com/singeo/student-reviews/make-the-key-work-for-your-voice-narmada/390943,2023-05-26,Vocal Range,,,,,,,,,
390941,student-review,Secure Pitch In Exercise Before Singing Songs - Damian,https://admin.musora.com/admin#/content/singeo/390941,https://www.musora.com/singeo/student-reviews/secure-pitch-in-exercise-before-singing-songs-damian/390941,2023-05-26,Pitch,,Pitch,Vocal Range,,,,,,
390941,student-review,Secure Pitch In Exercise Before Singing Songs - Damian,https://admin.musora.com/admin#/content/singeo/390941,https://www.musora.com/singeo/student-reviews/secure-pitch-in-exercise-before-singing-songs-damian/390941,2023-05-26,Vocal Range,,,,,,,,,
390939,student-review,Feed The Phrases - Nerldy,https://admin.musora.com/admin#/content/singeo/390939,https://www.musora.com/singeo/student-reviews/feed-the-phrases-nerldy/390939,2023-05-26,Breath Support,,Breath Support,,,,,,,
390936,student-review,Don't Get Stuck In Your Nose! - Abbyskluzacek,https://admin.musora.com/admin#/content/singeo/390936,https://www.musora.com/singeo/student-reviews/don-t-get-stuck-in-your-nose-abbyskluzacek/390936,2023-05-26,Vowel Shapes,,Vowel Shapes,,,,,,,
390933,student-review,Balance A Headvoice-Dominant Voice - Tamara RPC,https://admin.musora.com/admin#/content/singeo/390933,https://www.musora.com/singeo/student-reviews/balance-a-headvoice-dominant-voice-tamara-rpc/390933,2023-05-26,No Chest Voice,,No Chest Voice,,,,,,,
390931,student-review,Give Your Song Energy And Character - Iv,https://admin.musora.com/admin#/content/singeo/390931,https://www.musora.com/singeo/student-reviews/give-your-song-energy-and-character-iv/390931,2023-05-26,Performance/Stage Presence,,Style,,,,,,Performance,
390929,student-review,Secure The Pitch And Anchor Notes - Traciie,https://admin.musora.com/admin#/content/singeo/390929,https://www.musora.com/singeo/student-reviews/secure-the-pitch-and-anchor-notes-traciie/390929,2023-05-26,No Chest Voice,,Pitch,No Chest Voice,,,,,,
390929,student-review,Secure The Pitch And Anchor Notes - Traciie,https://admin.musora.com/admin#/content/singeo/390929,https://www.musora.com/singeo/student-reviews/secure-the-pitch-and-anchor-notes-traciie/390929,2023-05-26,Pitch,,,,,,,,,
390927,student-review,Determine Your Vocal Range - IvetteC,https://admin.musora.com/admin#/content/singeo/390927,https://www.musora.com/singeo/student-reviews/determine-your-vocal-range-ivettec/390927,2023-05-26,Tension,,Vocal Range,Tension,,,,,,
390927,student-review,Determine Your Vocal Range - IvetteC,https://admin.musora.com/admin#/content/singeo/390927,https://www.musora.com/singeo/student-reviews/determine-your-vocal-range-ivettec/390927,2023-05-26,Vocal Range,,,,,,,,,
390925,student-review,The Right Key For Your Voice - Tony111,https://admin.musora.com/admin#/content/singeo/390925,https://www.musora.com/singeo/student-reviews/the-right-key-for-your-voice-tony111/390925,2023-05-26,Pitch,,Vocal Range,Pitch,,,,,,
390925,student-review,The Right Key For Your Voice - Tony111,https://admin.musora.com/admin#/content/singeo/390925,https://www.musora.com/singeo/student-reviews/the-right-key-for-your-voice-tony111/390925,2023-05-26,Vocal Range,,,,,,,,,
390660,student-review,Finding Balance On Higher Notes - DavidK,https://admin.musora.com/admin#/content/singeo/390660,https://www.musora.com/singeo/student-reviews/finding-balance-on-higher-notes-davidk/390660,2023-05-19,Tension,,Tension,,,,,,,
390658,student-review,Make The Key Work For Your Range - Macbass,https://admin.musora.com/admin#/content/singeo/390658,https://www.musora.com/singeo/student-reviews/make-the-key-work-for-your-range-macbass/390658,2023-05-19,Blender,,Vocal Range,Blender,,,,,,
390658,student-review,Make The Key Work For Your Range - Macbass,https://admin.musora.com/admin#/content/singeo/390658,https://www.musora.com/singeo/student-reviews/make-the-key-work-for-your-range-macbass/390658,2023-05-19,Vocal Range,,,,,,,,,
390651,student-review,Checking In On Exercises - Ania Natasza,https://admin.musora.com/admin#/content/singeo/390651,https://www.musora.com/singeo/student-reviews/checking-in-on-exercises-ania-natasza/390651,2023-05-19,No Chest Voice,,No Chest Voice,,,,,,,
390649,student-review,Don't Be Afraid To Make Noise - Ellinor E,https://admin.musora.com/admin#/content/singeo/390649,https://www.musora.com/singeo/student-reviews/don-t-be-afraid-to-make-noise-ellinor-e/390649,2023-05-19,No Chest Voice,,No Chest Voice,Pitch,,,,,,
390649,student-review,Don't Be Afraid To Make Noise - Ellinor E,https://admin.musora.com/admin#/content/singeo/390649,https://www.musora.com/singeo/student-reviews/don-t-be-afraid-to-make-noise-ellinor-e/390649,2023-05-19,Pitch,,,,,,,,,
390647,student-review,Steady Your Tempo - James Suntres,https://admin.musora.com/admin#/content/singeo/390647,https://www.musora.com/singeo/student-reviews/steady-your-tempo-james-suntres/390647,2023-05-19,Rhythm/Phrasing,,,,Rhythm,,,,,
390645,student-review,Starting Your Singeo Journey - IvetteC,https://admin.musora.com/admin#/content/singeo/390645,https://www.musora.com/singeo/student-reviews/starting-your-singeo-journey-ivettec/390645,2023-05-19,Tension,,Tension,,,,,,,
390643,student-review,Finding Your Identity As A Singer - Jonny Hurricane,https://admin.musora.com/admin#/content/singeo/390643,https://www.musora.com/singeo/student-reviews/finding-your-identity-as-a-singer-jonny-hurricane/390643,2023-05-19,Vocal Range,,Vocal Range,,,,,,,
390641,student-review,Keep Repeating What's Working - Otto,https://admin.musora.com/admin#/content/singeo/390641,https://www.musora.com/singeo/student-reviews/keep-repeating-what-s-working-otto/390641,2023-05-19,Tension,,Tension,Vocal Range,,,,,,
390641,student-review,Keep Repeating What's Working - Otto,https://admin.musora.com/admin#/content/singeo/390641,https://www.musora.com/singeo/student-reviews/keep-repeating-what-s-working-otto/390641,2023-05-19,Vocal Range,,,,,,,,,
390639,student-review,"Can Your ""Tends-To"" Change? - Julius K",https://admin.musora.com/admin#/content/singeo/390639,https://www.musora.com/singeo/student-reviews/can-your-tends-to-change-julius-k/390639,2023-05-19,Chest Puller,,Chest Puller,Flipper,,,,,,
390639,student-review,"Can Your ""Tends-To"" Change? - Julius K",https://admin.musora.com/admin#/content/singeo/390639,https://www.musora.com/singeo/student-reviews/can-your-tends-to-change-julius-k/390639,2023-05-19,Flipper,,,,,,,,,
390637,student-review,Developing Good Habits - Aside6,https://admin.musora.com/admin#/content/singeo/390637,https://www.musora.com/singeo/student-reviews/developing-good-habits-aside6/390637,2023-05-19,Flipper,,Flipper,,,,,,,
390359,student-review,Capturing The Emotion In Song - ShellyM6,https://admin.musora.com/admin#/content/singeo/390359,https://www.musora.com/singeo/student-reviews/capturing-the-emotion-in-song-shellym6/390359,2023-05-12,Breath Support,,Breath Support,,,,,,Performance,
390359,student-review,Capturing The Emotion In Song - ShellyM6,https://admin.musora.com/admin#/content/singeo/390359,https://www.musora.com/singeo/student-reviews/capturing-the-emotion-in-song-shellym6/390359,2023-05-12,Performance/Stage Presence,,,,,,,,,
390357,student-review,Find & Keep The Connection - ScottArthurOwens,https://admin.musora.com/admin#/content/singeo/390357,https://www.musora.com/singeo/student-reviews/find-keep-the-connection-scottarthurowens/390357,2023-05-12,Breath Support,,Breath Support,,,,,,,
390355,student-review,Exercise To Build Connection - Damian,https://admin.musora.com/admin#/content/singeo/390355,https://www.musora.com/singeo/student-reviews/exercise-to-build-connection-damian/390355,2023-05-12,Pitch,,Pitch,,,,,,,
390353,student-review,Seeking Balance To Remove Tension - JuliannLavallee,https://admin.musora.com/admin#/content/singeo/390353,https://www.musora.com/singeo/student-reviews/seeking-balance-to-remove-tension-juliannlavallee/390353,2023-05-12,Chest Puller,,Tension,Chest Puller,,,,,,
390353,student-review,Seeking Balance To Remove Tension - JuliannLavallee,https://admin.musora.com/admin#/content/singeo/390353,https://www.musora.com/singeo/student-reviews/seeking-balance-to-remove-tension-juliannlavallee/390353,2023-05-12,Tension,,,,,,,,,
389994,student-review,Modify Vowels To Add Power - Tamara RPC,https://admin.musora.com/admin#/content/singeo/389994,https://www.musora.com/singeo/student-reviews/modify-vowels-to-add-power-tamara-rpc/389994,2023-05-05,No Chest Voice,,No Chest Voice,Vowel Shapes,,,,,,
389994,student-review,Modify Vowels To Add Power - Tamara RPC,https://admin.musora.com/admin#/content/singeo/389994,https://www.musora.com/singeo/student-reviews/modify-vowels-to-add-power-tamara-rpc/389994,2023-05-05,Vowel Shapes,,,,,,,,,
389992,student-review,Find Anchor Points To Secure Pitch - Tony111,https://admin.musora.com/admin#/content/singeo/389992,https://www.musora.com/singeo/student-reviews/find-anchor-points-to-secure-pitch-tony111/389992,2023-05-05,Pitch,,Pitch,,,,,,,
389990,student-review,Maintain The Connection - Ania Natasza,https://admin.musora.com/admin#/content/singeo/389990,https://www.musora.com/singeo/student-reviews/maintain-the-connection-ania-natasza/389990,2023-05-05,Breath Support,,Pitch,Breath Support,,,,,,
389990,student-review,Maintain The Connection - Ania Natasza,https://admin.musora.com/admin#/content/singeo/389990,https://www.musora.com/singeo/student-reviews/maintain-the-connection-ania-natasza/389990,2023-05-05,Pitch,,,,,,,,,
389987,student-review,Original Song Review - Flowthing,https://admin.musora.com/admin#/content/singeo/389987,https://www.musora.com/singeo/student-reviews/original-song-review-flowthing/389987,2023-05-05,Pitch,,Tension,Pitch,,,,,,
389987,student-review,Original Song Review - Flowthing,https://admin.musora.com/admin#/content/singeo/389987,https://www.musora.com/singeo/student-reviews/original-song-review-flowthing/389987,2023-05-05,Tension,,,,,,,,,
389985,student-review,Ways To Remove Tension From Song - DoritosCanSing,https://admin.musora.com/admin#/content/singeo/389985,https://www.musora.com/singeo/student-reviews/ways-to-remove-tension-from-song-doritoscansing/389985,2023-05-05,Chest Puller,,Chest Puller,Tension,,,,,,
389985,student-review,Ways To Remove Tension From Song - DoritosCanSing,https://admin.musora.com/admin#/content/singeo/389985,https://www.musora.com/singeo/student-reviews/ways-to-remove-tension-from-song-doritoscansing/389985,2023-05-05,Tension,,,,,,,,,
389983,student-review,Exercise Substitution To Find Balance In Song - Julius K,https://admin.musora.com/admin#/content/singeo/389983,https://www.musora.com/singeo/student-reviews/exercise-substitution-to-find-balance-in-song-julius-k/389983,2023-05-05,Chest Puller,,Chest Puller,Tension,,,,,,
389983,student-review,Exercise Substitution To Find Balance In Song - Julius K,https://admin.musora.com/admin#/content/singeo/389983,https://www.musora.com/singeo/student-reviews/exercise-substitution-to-find-balance-in-song-julius-k/389983,2023-05-05,Tension,,,,,,,,,
389981,student-review,Exercise Review - Ogma,https://admin.musora.com/admin#/content/singeo/389981,https://www.musora.com/singeo/student-reviews/exercise-review-ogma/389981,2023-05-05,Tension,,Tension,Vocal Range,,,,,,
389981,student-review,Exercise Review - Ogma,https://admin.musora.com/admin#/content/singeo/389981,https://www.musora.com/singeo/student-reviews/exercise-review-ogma/389981,2023-05-05,Vocal Range,,,,,,,,,
389978,student-review,Finding Connection - Brandon Thelamy,https://admin.musora.com/admin#/content/singeo/389978,https://www.musora.com/singeo/student-reviews/finding-connection-brandon-thelamy/389978,2023-05-05,Breath Support,,No Chest Voice,Breath Support,,,,,,
389978,student-review,Finding Connection - Brandon Thelamy,https://admin.musora.com/admin#/content/singeo/389978,https://www.musora.com/singeo/student-reviews/finding-connection-brandon-thelamy/389978,2023-05-05,No Chest Voice,,,,,,,,,
389976,student-review,Refining Connection For Vocal Placement - AlexTrout,https://admin.musora.com/admin#/content/singeo/389976,https://www.musora.com/singeo/student-reviews/refining-connection-for-vocal-placement-alextrout/389976,2023-05-05,Breath Support,,Tension,Breath Support,,,,,,
389976,student-review,Refining Connection For Vocal Placement - AlexTrout,https://admin.musora.com/admin#/content/singeo/389976,https://www.musora.com/singeo/student-reviews/refining-connection-for-vocal-placement-alextrout/389976,2023-05-05,Tension,,,,,,,,,
389972,student-review,Singeo Student Review - Release Tension - Otto,https://admin.musora.com/admin#/content/singeo/389972,https://www.musora.com/singeo/student-reviews/singeo-student-review-release-tension-otto/389972,2023-05-05,Breath Support,,Tension,Breath Support,,,,,,
389972,student-review,Singeo Student Review - Release Tension - Otto,https://admin.musora.com/admin#/content/singeo/389972,https://www.musora.com/singeo/student-reviews/singeo-student-review-release-tension-otto/389972,2023-05-05,Tension,,,,,,,,,
389749,student-review,A Brighter Tone For Better Pitch - Brysonsethyoung,https://admin.musora.com/admin#/content/singeo/389749,https://www.musora.com/singeo/student-reviews/a-brighter-tone-for-better-pitch-brysonsethyoung/389749,2023-04-28,Pitch,,Pitch,,,,,,,
389747,student-review,When Am I In Headvoice? - AlexTrout,https://admin.musora.com/admin#/content/singeo/389747,https://www.musora.com/singeo/student-reviews/when-am-i-in-headvoice-alextrout/389747,2023-04-28,Blender,,Blender,,Rhythm,,,,,
389747,student-review,When Am I In Headvoice? - AlexTrout,https://admin.musora.com/admin#/content/singeo/389747,https://www.musora.com/singeo/student-reviews/when-am-i-in-headvoice-alextrout/389747,2023-04-28,Rhythm/Phrasing,,,,,,,,,
389745,student-review,Original Song Arrangement Critique - Damien,https://admin.musora.com/admin#/content/singeo/389745,https://www.musora.com/singeo/student-reviews/original-song-arrangement-critique-damien/389745,2023-04-28,Performance/Stage Presence,,,,Rhythm,,,Improvisation & Songwriting,Performance,
389745,student-review,Original Song Arrangement Critique - Damien,https://admin.musora.com/admin#/content/singeo/389745,https://www.musora.com/singeo/student-reviews/original-song-arrangement-critique-damien/389745,2023-04-28,Rhythm/Phrasing,,,,,,,,,
389743,student-review,Stylistic Choice Of A Light Connection - Divye,https://admin.musora.com/admin#/content/singeo/389743,https://www.musora.com/singeo/student-reviews/stylistic-choice-of-a-light-connection-divye/389743,2023-04-28,Pitch,,Pitch,Tension,,,,,,
389743,student-review,Stylistic Choice Of A Light Connection - Divye,https://admin.musora.com/admin#/content/singeo/389743,https://www.musora.com/singeo/student-reviews/stylistic-choice-of-a-light-connection-divye/389743,2023-04-28,Tension,,,,,,,,,
389741,student-review,Use A Backtrack When Singing Songs - Myaym,https://admin.musora.com/admin#/content/singeo/389741,https://www.musora.com/singeo/student-reviews/use-a-backtrack-when-singing-songs-myaym/389741,2023-04-28,Pitch,,Pitch,,Rhythm,,,,,
389741,student-review,Use A Backtrack When Singing Songs - Myaym,https://admin.musora.com/admin#/content/singeo/389741,https://www.musora.com/singeo/student-reviews/use-a-backtrack-when-singing-songs-myaym/389741,2023-04-28,Rhythm/Phrasing,,,,,,,,,
389374,student-review,Doing Exercises Right - Mike Cameron,https://admin.musora.com/admin#/content/singeo/389374,https://www.musora.com/singeo/student-reviews/doing-exercises-right-mike-cameron/389374,2023-04-21,Flipper,,Flipper,,,,,,,
389372,student-review,Adding Emotion And Developing Style - Otto,https://admin.musora.com/admin#/content/singeo/389372,https://www.musora.com/singeo/student-reviews/adding-emotion-and-developing-style-otto/389372,2023-04-21,Breath Support,,Breath Support,,,,,,Performance,
389372,student-review,Adding Emotion And Developing Style - Otto,https://admin.musora.com/admin#/content/singeo/389372,https://www.musora.com/singeo/student-reviews/adding-emotion-and-developing-style-otto/389372,2023-04-21,Performance/Stage Presence,,,,,,,,,
389370,student-review,Balancing The Approach Into Song - AlexTrout,https://admin.musora.com/admin#/content/singeo/389370,https://www.musora.com/singeo/student-reviews/balancing-the-approach-into-song-alextrout/389370,2023-04-21,Breath Support,,Breath Support,Tension,,,,,,
389370,student-review,Balancing The Approach Into Song - AlexTrout,https://admin.musora.com/admin#/content/singeo/389370,https://www.musora.com/singeo/student-reviews/balancing-the-approach-into-song-alextrout/389370,2023-04-21,Tension,,,,,,,,,
389368,student-review,Honing The Scales To Work For You - Ogma,https://admin.musora.com/admin#/content/singeo/389368,https://www.musora.com/singeo/student-reviews/honing-the-scales-to-work-for-you-ogma/389368,2023-04-21,Flipper,,Flipper,,,,,,Practice Tips,
389365,student-review,Checking In After First Lesson - Jacqueline,https://admin.musora.com/admin#/content/singeo/389365,https://www.musora.com/singeo/student-reviews/checking-in-after-first-lesson-jacqueline/389365,2023-04-21,Pitch,,Pitch,,,,,,,
389363,student-review,Setting Up A Good Practice Routine - Betsy,https://admin.musora.com/admin#/content/singeo/389363,https://www.musora.com/singeo/student-reviews/setting-up-a-good-practice-routine-betsy/389363,2023-04-21,Pitch,,Pitch,,,,,,Practice Tips,
389361,student-review,Touch Lightly On Consonants - Andreas B,https://admin.musora.com/admin#/content/singeo/389361,https://www.musora.com/singeo/student-reviews/touch-lightly-on-consonants-andreas-b/389361,2023-04-21,Vowel Shapes,,Vowel Shapes,,,,,,,
389359,student-review,"Supplying Even, Consistent Breath - Stefanie",https://admin.musora.com/admin#/content/singeo/389359,https://www.musora.com/singeo/student-reviews/supplying-even-consistent-breath-stefanie/389359,2023-04-21,Breath Support,,Breath Support,Chest Puller,,,,,,
389359,student-review,"Supplying Even, Consistent Breath - Stefanie",https://admin.musora.com/admin#/content/singeo/389359,https://www.musora.com/singeo/student-reviews/supplying-even-consistent-breath-stefanie/389359,2023-04-21,Chest Puller,,,,,,,,,
388999,student-review,Balance The Voice - Patricia Ireland,https://admin.musora.com/admin#/content/singeo/388999,https://www.musora.com/singeo/student-reviews/balance-the-voice-patricia-ireland/388999,2023-04-14,Flipper,,Flipper,,,,,,,
388997,student-review,Make The Words Flow - Iv,https://admin.musora.com/admin#/content/singeo/388997,https://www.musora.com/singeo/student-reviews/make-the-words-flow-iv/388997,2023-04-14,Rhythm/Phrasing,,,,Rhythm,,,,,
388995,student-review,Developing Your Headvoice - Nancy V,https://admin.musora.com/admin#/content/singeo/388995,https://www.musora.com/singeo/student-reviews/developing-your-headvoice-nancy-v/388995,2023-04-14,Vocal Range,,Vocal Range,Vowel Shapes,,,,,,
388995,student-review,Developing Your Headvoice - Nancy V,https://admin.musora.com/admin#/content/singeo/388995,https://www.musora.com/singeo/student-reviews/developing-your-headvoice-nancy-v/388995,2023-04-14,Vowel Shapes,,,,,,,,,
388993,student-review,The Final Step - Stage Presence! - Ingrid Poulsen,https://admin.musora.com/admin#/content/singeo/388993,https://www.musora.com/singeo/student-reviews/the-final-step-stage-presence-ingrid-poulsen/388993,2023-04-14,Performance/Stage Presence,,,,,,,,Performance,
388991,student-review,Making A Song Your Own - Ingrid Poulsen,https://admin.musora.com/admin#/content/singeo/388991,https://www.musora.com/singeo/student-reviews/making-a-song-your-own-ingrid-poulsen/388991,2023-04-14,Rhythm/Phrasing,,Vowel Shapes,,Rhythm,,,,,
388991,student-review,Making A Song Your Own - Ingrid Poulsen,https://admin.musora.com/admin#/content/singeo/388991,https://www.musora.com/singeo/student-reviews/making-a-song-your-own-ingrid-poulsen/388991,2023-04-14,Vowel Shapes,,,,,,,,,
388987,student-review,Sing Without Lyrics To Find Placement - Luninarie,https://admin.musora.com/admin#/content/singeo/388987,https://www.musora.com/singeo/student-reviews/sing-without-lyrics-to-find-placement-luninarie/388987,2023-04-14,Chest Puller,,Tension,Chest Puller,,,,,,
388987,student-review,Sing Without Lyrics To Find Placement - Luninarie,https://admin.musora.com/admin#/content/singeo/388987,https://www.musora.com/singeo/student-reviews/sing-without-lyrics-to-find-placement-luninarie/388987,2023-04-14,Tension,,,,,,,,,
388985,student-review,Variety Of Exercises - SaraInPhilly,https://admin.musora.com/admin#/content/singeo/388985,https://www.musora.com/singeo/student-reviews/variety-of-exercises-sarainphilly/388985,2023-04-14,No Chest Voice,,No Chest Voice,Tension,,,,,,
388985,student-review,Variety Of Exercises - SaraInPhilly,https://admin.musora.com/admin#/content/singeo/388985,https://www.musora.com/singeo/student-reviews/variety-of-exercises-sarainphilly/388985,2023-04-14,Tension,,,,,,,,,
388983,student-review,Do Exercises To Build The Voice - DLinkin,https://admin.musora.com/admin#/content/singeo/388983,https://www.musora.com/singeo/student-reviews/do-exercises-to-build-the-voice-dlinkin/388983,2023-04-14,Breath Support,,Vocal Range,Breath Support,,,,,,
388983,student-review,Do Exercises To Build The Voice - DLinkin,https://admin.musora.com/admin#/content/singeo/388983,https://www.musora.com/singeo/student-reviews/do-exercises-to-build-the-voice-dlinkin/388983,2023-04-14,Vocal Range,,,,,,,,,
388981,student-review,Getting Balance In The Song - Mstahlman,https://admin.musora.com/admin#/content/singeo/388981,https://www.musora.com/singeo/student-reviews/getting-balance-in-the-song-mstahlman/388981,2023-04-14,Breath Support,,Tension,Breath Support,,,,,,
388981,student-review,Getting Balance In The Song - Mstahlman,https://admin.musora.com/admin#/content/singeo/388981,https://www.musora.com/singeo/student-reviews/getting-balance-in-the-song-mstahlman/388981,2023-04-14,Tension,,,,,,,,,
388979,student-review,Feeding The Phrases For Style - Timothy Shay,https://admin.musora.com/admin#/content/singeo/388979,https://www.musora.com/singeo/student-reviews/feeding-the-phrases-for-style-timothy-shay/388979,2023-04-14,Breath Support,,Style,Breath Support,Rhythm,,,,,
388979,student-review,Feeding The Phrases For Style - Timothy Shay,https://admin.musora.com/admin#/content/singeo/388979,https://www.musora.com/singeo/student-reviews/feeding-the-phrases-for-style-timothy-shay/388979,2023-04-14,Rhythm/Phrasing,,,,,,,,,
388815,student-review,Finding Ease On The High Notes - Ogma,https://admin.musora.com/admin#/content/singeo/388815,https://www.musora.com/singeo/student-reviews/finding-ease-on-the-high-notes-ogma/388815,2023-04-07,Tension,,Tension,,,,,,,
388813,student-review,Finding Balance For Chest Pullers - DLinkin,https://admin.musora.com/admin#/content/singeo/388813,https://www.musora.com/singeo/student-reviews/finding-balance-for-chest-pullers-dlinkin/388813,2023-04-07,Breath Support,,Chest Puller,Breath Support,,,,,,
388813,student-review,Finding Balance For Chest Pullers - DLinkin,https://admin.musora.com/admin#/content/singeo/388813,https://www.musora.com/singeo/student-reviews/finding-balance-for-chest-pullers-dlinkin/388813,2023-04-07,Chest Puller,,,,,,,,,
388811,student-review,Creating Effective Exercise Habits - Kazuki,https://admin.musora.com/admin#/content/singeo/388811,https://www.musora.com/singeo/student-reviews/creating-effective-exercise-habits-kazuki/388811,2023-04-07,Flipper,,Flipper,,,,,,,
388809,student-review,Stylizing Your Sound - Natemillervt,https://admin.musora.com/admin#/content/singeo/388809,https://www.musora.com/singeo/student-reviews/stylizing-your-sound-natemillervt/388809,2023-04-07,Tension,,Tension,Style,,,,,,
388807,student-review,Building & Balancing Into Song - Smilan,https://admin.musora.com/admin#/content/singeo/388807,https://www.musora.com/singeo/student-reviews/building-balancing-into-song-smilan/388807,2023-04-07,Blender,,Tension,Blender,,,,,,
388807,student-review,Building & Balancing Into Song - Smilan,https://admin.musora.com/admin#/content/singeo/388807,https://www.musora.com/singeo/student-reviews/building-balancing-into-song-smilan/388807,2023-04-07,Tension,,,,,,,,,
388805,student-review,Apply Style To Sing With Emotion - Julie,https://admin.musora.com/admin#/content/singeo/388805,https://www.musora.com/singeo/student-reviews/apply-style-to-sing-with-emotion-julie/388805,2023-04-07,Blender,,Blender,Style,,,,,Performance,
388803,student-review,Approach To Low Notes - Sam Hb,https://admin.musora.com/admin#/content/singeo/388803,https://www.musora.com/singeo/student-reviews/approach-to-low-notes-sam-hb/388803,2023-04-07,Breath Support,,,,,,,,,
388803,student-review,Approach To Low Notes - Sam Hb,https://admin.musora.com/admin#/content/singeo/388803,https://www.musora.com/singeo/student-reviews/approach-to-low-notes-sam-hb/388803,2023-04-07,No Chest Voice,,No Chest Voice,Breath Support,,,,,,
388801,student-review,Secure The Pitch - Betsy,https://admin.musora.com/admin#/content/singeo/388801,https://www.musora.com/singeo/student-reviews/secure-the-pitch-betsy/388801,2023-04-07,Pitch,,Pitch,,,,,,,
388799,student-review,Free Your Voice - Mindy.C,https://admin.musora.com/admin#/content/singeo/388799,https://www.musora.com/singeo/student-reviews/free-your-voice-mindyc/388799,2023-04-07,Tension,,Tension,,,,,,,
388797,student-review,Easing The Tension - Stefanie,https://admin.musora.com/admin#/content/singeo/388797,https://www.musora.com/singeo/student-reviews/easing-the-tension-stefanie/388797,2023-04-07,Rhythm/Phrasing,,Tension,,Rhythm,,,,,
388797,student-review,Easing The Tension - Stefanie,https://admin.musora.com/admin#/content/singeo/388797,https://www.musora.com/singeo/student-reviews/easing-the-tension-stefanie/388797,2023-04-07,Tension,,,,,,,,,
388795,student-review,Connect Registers And Add Weight Without Tension - Dagmar B,https://admin.musora.com/admin#/content/singeo/388795,https://www.musora.com/singeo/student-reviews/connect-registers-and-add-weight-without-tension-dagmar-b/388795,2023-04-07,Tension,,Tension,,,,,,,
388793,student-review,Find And Refine The Connection - AlexTrout,https://admin.musora.com/admin#/content/singeo/388793,https://www.musora.com/singeo/student-reviews/find-and-refine-the-connection-alextrout/388793,2023-04-07,Tension,,Tension,,,,,,,
388791,student-review,Balance The Source - Scottarthurowens,https://admin.musora.com/admin#/content/singeo/388791,https://www.musora.com/singeo/student-reviews/balance-the-source-scottarthurowens/388791,2023-04-07,Breath Support,,Breath Support,,,,,,,
388484,student-review,Singing In Head Voice With Ease - Alejoarosemena,https://admin.musora.com/admin#/content/singeo/388484,https://www.musora.com/singeo/student-reviews/singing-in-head-voice-with-ease-alejoarosemena/388484,2023-03-31,Pitch,,Vocal Range,Pitch,,,,,,
388484,student-review,Singing In Head Voice With Ease - Alejoarosemena,https://admin.musora.com/admin#/content/singeo/388484,https://www.musora.com/singeo/student-reviews/singing-in-head-voice-with-ease-alejoarosemena/388484,2023-03-31,Vocal Range,,,,,,,,,
388482,student-review,Personalizing Your Song - Ogma,https://admin.musora.com/admin#/content/singeo/388482,https://www.musora.com/singeo/student-reviews/personalizing-your-song-ogma/388482,2023-03-31,Pitch,,Pitch,Vocal Range,,,,,,
388482,student-review,Personalizing Your Song - Ogma,https://admin.musora.com/admin#/content/singeo/388482,https://www.musora.com/singeo/student-reviews/personalizing-your-song-ogma/388482,2023-03-31,Vocal Range,,,,,,,,,
388480,student-review,Range And Emotion - John Frost From Olympia Washington,https://admin.musora.com/admin#/content/singeo/388480,https://www.musora.com/singeo/student-reviews/range-and-emotion-john-frost-from-olympia-washington/388480,2023-03-31,Rhythm/Phrasing,,Vocal Range,,Rhythm,,,,,
388480,student-review,Range And Emotion - John Frost From Olympia Washington,https://admin.musora.com/admin#/content/singeo/388480,https://www.musora.com/singeo/student-reviews/range-and-emotion-john-frost-from-olympia-washington/388480,2023-03-31,Vocal Range,,,,,,,,,
388478,student-review,Determine Your Tends-To -  Luna_Audrey,https://admin.musora.com/admin#/content/singeo/388478,https://www.musora.com/singeo/student-reviews/determine-your-tends-to-lunaaudrey/388478,2023-03-31,Flipper,,Flipper,,,,,,,
388476,student-review,Playing And Singing At The Same Time - AlexTrout,https://admin.musora.com/admin#/content/singeo/388476,https://www.musora.com/singeo/student-reviews/playing-and-singing-at-the-same-time-alextrout/388476,2023-03-31,Performance/Stage Presence,,Vowel Shapes,,,,,,Performance,
388476,student-review,Playing And Singing At The Same Time - AlexTrout,https://admin.musora.com/admin#/content/singeo/388476,https://www.musora.com/singeo/student-reviews/playing-and-singing-at-the-same-time-alextrout/388476,2023-03-31,Vowel Shapes,,,,,,,,,
388474,student-review,Taking A Chance On A Monster Song - Joseph Davissen,https://admin.musora.com/admin#/content/singeo/388474,https://www.musora.com/singeo/student-reviews/taking-a-chance-on-a-monster-song-joseph-davissen/388474,2023-03-31,Flipper,,Pitch,Flipper,,,,,,
388474,student-review,Taking A Chance On A Monster Song - Joseph Davissen,https://admin.musora.com/admin#/content/singeo/388474,https://www.musora.com/singeo/student-reviews/taking-a-chance-on-a-monster-song-joseph-davissen/388474,2023-03-31,Pitch,,,,,,,,,
388472,student-review,Defining Vocal Workouts - Mike Cameron,https://admin.musora.com/admin#/content/singeo/388472,https://www.musora.com/singeo/student-reviews/defining-vocal-workouts-mike-cameron/388472,2023-03-31,Flipper,,Flipper,Vowel Shapes,,,,,,
388472,student-review,Defining Vocal Workouts - Mike Cameron,https://admin.musora.com/admin#/content/singeo/388472,https://www.musora.com/singeo/student-reviews/defining-vocal-workouts-mike-cameron/388472,2023-03-31,Vowel Shapes,,,,,,,,,
388470,student-review,Song Key Selection - DaveL,https://admin.musora.com/admin#/content/singeo/388470,https://www.musora.com/singeo/student-reviews/song-key-selection-davel/388470,2023-03-31,Pitch,,Tension,Pitch,,,,,,
388470,student-review,Song Key Selection - DaveL,https://admin.musora.com/admin#/content/singeo/388470,https://www.musora.com/singeo/student-reviews/song-key-selection-davel/388470,2023-03-31,Tension,,,,,,,,,
388468,student-review,Change The Vowel - Find The Balance - Lee From London,https://admin.musora.com/admin#/content/singeo/388468,https://www.musora.com/singeo/student-reviews/change-the-vowel-find-the-balance-lee-from-london/388468,2023-03-31,Tension,,Vowel Shapes,Tension,,,,,,
388468,student-review,Change The Vowel - Find The Balance - Lee From London,https://admin.musora.com/admin#/content/singeo/388468,https://www.musora.com/singeo/student-reviews/change-the-vowel-find-the-balance-lee-from-london/388468,2023-03-31,Vowel Shapes,,,,,,,,,
388466,student-review,Check The Tongue Position - Nigel P,https://admin.musora.com/admin#/content/singeo/388466,https://www.musora.com/singeo/student-reviews/check-the-tongue-position-nigel-p/388466,2023-03-31,Performance/Stage Presence,,,,,,,,Performance,
388464,student-review,Shaping Your Approach - Otto,https://admin.musora.com/admin#/content/singeo/388464,https://www.musora.com/singeo/student-reviews/shaping-your-approach-otto/388464,2023-03-31,Performance/Stage Presence,,,,Rhythm,,,,Performance,
388464,student-review,Shaping Your Approach - Otto,https://admin.musora.com/admin#/content/singeo/388464,https://www.musora.com/singeo/student-reviews/shaping-your-approach-otto/388464,2023-03-31,Rhythm/Phrasing,,,,,,,,,
388461,student-review,Reset Your Vocal Placement - Rainboltmusic,https://admin.musora.com/admin#/content/singeo/388461,https://www.musora.com/singeo/student-reviews/reset-your-vocal-placement-rainboltmusic/388461,2023-03-31,Chest Puller,,Tension,Chest Puller,,,,,,
388461,student-review,Reset Your Vocal Placement - Rainboltmusic,https://admin.musora.com/admin#/content/singeo/388461,https://www.musora.com/singeo/student-reviews/reset-your-vocal-placement-rainboltmusic/388461,2023-03-31,Tension,,,,,,,,,
388194,student-review,Feed Each Phrase With Breath - AlexTrout,https://admin.musora.com/admin#/content/singeo/388194,https://www.musora.com/singeo/student-reviews/feed-each-phrase-with-breath-alextrout/388194,2023-03-24,Confidence,,,,,,,,Performance,
388192,student-review,Find Your Approach In The Emotion - Anna O,https://admin.musora.com/admin#/content/singeo/388192,https://www.musora.com/singeo/student-reviews/find-your-approach-in-the-emotion-anna-o/388192,2023-03-24,Performance/Stage Presence,,,,,,,,Performance,
388190,student-review,Secure The Pitch - Ilva,https://admin.musora.com/admin#/content/singeo/388190,https://www.musora.com/singeo/student-reviews/secure-the-pitch-ilva/388190,2023-03-24,Pitch,,Pitch,,,,,,,
388188,student-review,Finding Connected Release - Natemillervt,https://admin.musora.com/admin#/content/singeo/388188,https://www.musora.com/singeo/student-reviews/finding-connected-release-natemillervt/388188,2023-03-24,Vowel Shapes,,Vowel Shapes,,,,,,,
388186,student-review,Build And Balance Your Voice - Paritoshtripathi,https://admin.musora.com/admin#/content/singeo/388186,https://www.musora.com/singeo/student-reviews/build-and-balance-your-voice-paritoshtripathi/388186,2023-03-24,Vowel Shapes,,Vowel Shapes,,,,,,,
388184,student-review,Shape Sound For Path Of Least Resistance - PaulWithGlasses,https://admin.musora.com/admin#/content/singeo/388184,https://www.musora.com/singeo/student-reviews/shape-sound-for-path-of-least-resistance-paulwithglasses/388184,2023-03-24,Vocal Range,,Vocal Range,,,,,,,
388182,student-review,Open Up To Make Space For The Sound - Stotty,https://admin.musora.com/admin#/content/singeo/388182,https://www.musora.com/singeo/student-reviews/open-up-to-make-space-for-the-sound-stotty/388182,2023-03-24,Vowel Shapes,,Vowel Shapes,,,,,,,
388180,student-review,Watch For Nasal Resonance - Esme A,https://admin.musora.com/admin#/content/singeo/388180,https://www.musora.com/singeo/student-reviews/watch-for-nasal-resonance-esme-a/388180,2023-03-24,No Chest Voice,,No Chest Voice,,,,,,,
388178,student-review,Good Cord Closure For Fuller Sound - Kreative Kat,https://admin.musora.com/admin#/content/singeo/388178,https://www.musora.com/singeo/student-reviews/good-cord-closure-for-fuller-sound-kreative-kat/388178,2023-03-24,Breath Support,,Breath Support,,,,,,,
388176,student-review,More Presence And Tone - Smilan,https://admin.musora.com/admin#/content/singeo/388176,https://www.musora.com/singeo/student-reviews/more-presence-and-tone-smilan/388176,2023-03-24,Breath Support,,Breath Support,,,,,,,
388174,student-review,Voice Placement - Ilva,https://admin.musora.com/admin#/content/singeo/388174,https://www.musora.com/singeo/student-reviews/voice-placement-ilva/388174,2023-03-24,Vocal Range,,Vocal Range,,,,,,,
388172,student-review,Anchor The Sound - Tree Marie,https://admin.musora.com/admin#/content/singeo/388172,https://www.musora.com/singeo/student-reviews/anchor-the-sound-tree-marie/388172,2023-03-24,No Chest Voice,,No Chest Voice,,,,,,,
388170,student-review,Support With Enough Breath  - Andreas G,https://admin.musora.com/admin#/content/singeo/388170,https://www.musora.com/singeo/student-reviews/support-with-enough-breath-andreas-g/388170,2023-03-24,Breath Support,,Breath Support,,,,,,,
388168,student-review,Use Your Body To Sing - LauraVC,https://admin.musora.com/admin#/content/singeo/388168,https://www.musora.com/singeo/student-reviews/use-your-body-to-sing-lauravc/388168,2023-03-24,No Chest Voice,,No Chest Voice,,Rhythm,,,,,
388168,student-review,Use Your Body To Sing - LauraVC,https://admin.musora.com/admin#/content/singeo/388168,https://www.musora.com/singeo/student-reviews/use-your-body-to-sing-lauravc/388168,2023-03-24,Rhythm/Phrasing,,,,,,,,,
388166,student-review,"Discover Your ""Tends-To"" - Kazuki",https://admin.musora.com/admin#/content/singeo/388166,https://www.musora.com/singeo/student-reviews/discover-your-tends-to-kazuki/388166,2023-03-24,Blender,,Blender,,,,,,,
387962,student-review,Smooth Phrases - Bridget,https://admin.musora.com/admin#/content/singeo/387962,https://www.musora.com/singeo/student-reviews/smooth-phrases-bridget/387962,2023-03-17,Chest Puller,,Chest Puller,Vowel Shapes,,,,,,
387962,student-review,Smooth Phrases - Bridget,https://admin.musora.com/admin#/content/singeo/387962,https://www.musora.com/singeo/student-reviews/smooth-phrases-bridget/387962,2023-03-17,Vowel Shapes,,,,,,,,,
387960,student-review,Get Out Of Your Pitch Comfort Zone - Bobandbetsy,https://admin.musora.com/admin#/content/singeo/387960,https://www.musora.com/singeo/student-reviews/get-out-of-your-pitch-comfort-zone-bobandbetsy/387960,2023-03-17,Pitch,,Pitch,,,,,,,
387958,student-review,When Should I Breathe? - Tree Marie,https://admin.musora.com/admin#/content/singeo/387958,https://www.musora.com/singeo/student-reviews/when-should-i-breathe-tree-marie/387958,2023-03-17,Breath Support,,Breath Support,,,,,,,
387948,student-review,Reshaping Vowels For Path Of Least Resistance - Brysonsethyoung,https://admin.musora.com/admin#/content/singeo/387948,https://www.musora.com/singeo/student-reviews/reshaping-vowels-for-path-of-least-resistance-brysonsethyoung/387948,2023-03-17,Breath Support,,Vowel Shapes,Breath Support,,,,,,
387948,student-review,Reshaping Vowels For Path Of Least Resistance - Brysonsethyoung,https://admin.musora.com/admin#/content/singeo/387948,https://www.musora.com/singeo/student-reviews/reshaping-vowels-for-path-of-least-resistance-brysonsethyoung/387948,2023-03-17,Vowel Shapes,,,,,,,,,
387946,student-review,Getting Into Song - Dena DeFini,https://admin.musora.com/admin#/content/singeo/387946,https://www.musora.com/singeo/student-reviews/getting-into-song-dena-defini/387946,2023-03-17,Rhythm/Phrasing,,Vowel Shapes,,Rhythm,,,,,
387946,student-review,Getting Into Song - Dena DeFini,https://admin.musora.com/admin#/content/singeo/387946,https://www.musora.com/singeo/student-reviews/getting-into-song-dena-defini/387946,2023-03-17,Vowel Shapes,,,,,,,,,
387944,student-review,Releasing The Grip - James Suntres,https://admin.musora.com/admin#/content/singeo/387944,https://www.musora.com/singeo/student-reviews/releasing-the-grip-james-suntres/387944,2023-03-17,Chest Puller,,Tension,Chest Puller,,,,,,
387944,student-review,Releasing The Grip - James Suntres,https://admin.musora.com/admin#/content/singeo/387944,https://www.musora.com/singeo/student-reviews/releasing-the-grip-james-suntres/387944,2023-03-17,Tension,,,,,,,,,
387942,student-review,"Revealing Your ""Tends-To"" - Mike Cameron",https://admin.musora.com/admin#/content/singeo/387942,https://www.musora.com/singeo/student-reviews/revealing-your-tends-to-mike-cameron/387942,2023-03-17,Flipper,,,,,,,,,
387940,student-review,Use The Lyrics To Feed Emotion - Otto,https://admin.musora.com/admin#/content/singeo/387940,https://www.musora.com/singeo/student-reviews/use-the-lyrics-to-feed-emotion-otto/387940,2023-03-17,Rhythm/Phrasing,,Tension,,Rhythm,,,,,
387940,student-review,Use The Lyrics To Feed Emotion - Otto,https://admin.musora.com/admin#/content/singeo/387940,https://www.musora.com/singeo/student-reviews/use-the-lyrics-to-feed-emotion-otto/387940,2023-03-17,Tension,,,,,,,,,
387930,student-review,"Confirming Your Vocal ""Tends-To"" - Lexikatjay",https://admin.musora.com/admin#/content/singeo/387930,https://www.musora.com/singeo/student-reviews/confirming-your-vocal-tends-to-lexikatjay/387930,2023-03-17,Blender,,Blender,No Chest Voice,,,,,,
387930,student-review,"Confirming Your Vocal ""Tends-To"" - Lexikatjay",https://admin.musora.com/admin#/content/singeo/387930,https://www.musora.com/singeo/student-reviews/confirming-your-vocal-tends-to-lexikatjay/387930,2023-03-17,No Chest Voice,,,,,,,,,
387928,student-review,Leaning Into The Style - Luninarie,https://admin.musora.com/admin#/content/singeo/387928,https://www.musora.com/singeo/student-reviews/leaning-into-the-style-luninarie/387928,2023-03-17,No Chest Voice,,No Chest Voice,Style,,,,,,
387926,student-review,Refining Your Song Performance - Ilva,https://admin.musora.com/admin#/content/singeo/387926,https://www.musora.com/singeo/student-reviews/refining-your-song-performance-ilva/387926,2023-03-17,Rhythm/Phrasing,,,,Rhythm,,,,Performance,
387924,student-review,Making Your Runs Sound Effortless - Ingrid Poulsen,https://admin.musora.com/admin#/content/singeo/387924,https://www.musora.com/singeo/student-reviews/making-your-runs-sound-effortless-ingrid-poulsen/387924,2023-03-17,Chest Puller,,Chest Puller,,,,Riffs & Runs,,,
387922,student-review,Finding The Right Placement - Dagmar B,https://admin.musora.com/admin#/content/singeo/387922,https://www.musora.com/singeo/student-reviews/finding-the-right-placement-dagmar-b/387922,2023-03-17,No Chest Voice,,No Chest Voice,Tension,,,,,,
387922,student-review,Finding The Right Placement - Dagmar B,https://admin.musora.com/admin#/content/singeo/387922,https://www.musora.com/singeo/student-reviews/finding-the-right-placement-dagmar-b/387922,2023-03-17,Tension,,,,,,,,,
387700,student-review,Building Muscle Memory With Vowels - Lee From London,https://admin.musora.com/admin#/content/singeo/387700,https://www.musora.com/singeo/student-reviews/building-muscle-memory-with-vowels-lee-from-london/387700,2023-03-10,Confidence,,Vowel Shapes,,,,,,Performance,
387700,student-review,Building Muscle Memory With Vowels - Lee From London,https://admin.musora.com/admin#/content/singeo/387700,https://www.musora.com/singeo/student-reviews/building-muscle-memory-with-vowels-lee-from-london/387700,2023-03-10,Vowel Shapes,,,,,,,,,
387698,student-review,Releasing Tension - Tim Bondyra,https://admin.musora.com/admin#/content/singeo/387698,https://www.musora.com/singeo/student-reviews/releasing-tension-tim-bondyra/387698,2023-03-10,Chest Puller,,Chest Puller,Tension,,,,,,
387698,student-review,Releasing Tension - Tim Bondyra,https://admin.musora.com/admin#/content/singeo/387698,https://www.musora.com/singeo/student-reviews/releasing-tension-tim-bondyra/387698,2023-03-10,Tension,,,,,,,,,
387675,student-review,Pronouncing Vowels Correctly - Kazuki,https://admin.musora.com/admin#/content/singeo/387675,https://www.musora.com/singeo/student-reviews/pronouncing-vowels-correctly-kazuki/387675,2023-03-10,Vocal Range,,Vocal Range,Vowel Shapes,,,,,,
387675,student-review,Pronouncing Vowels Correctly - Kazuki,https://admin.musora.com/admin#/content/singeo/387675,https://www.musora.com/singeo/student-reviews/pronouncing-vowels-correctly-kazuki/387675,2023-03-10,Vowel Shapes,,,,,,,,,
387672,student-review,"Vocal ""Tends-To"" - Pulling Chest - Julius K",https://admin.musora.com/admin#/content/singeo/387672,https://www.musora.com/singeo/student-reviews/vocal-tends-to-pulling-chest-julius-k/387672,2023-03-10,Chest Puller,,Vowel Shapes,Chest Puller,,,,,,
387672,student-review,"Vocal ""Tends-To"" - Pulling Chest - Julius K",https://admin.musora.com/admin#/content/singeo/387672,https://www.musora.com/singeo/student-reviews/vocal-tends-to-pulling-chest-julius-k/387672,2023-03-10,Vowel Shapes,,,,,,,,,
387670,student-review,Building Strength In Song - JoMie,https://admin.musora.com/admin#/content/singeo/387670,https://www.musora.com/singeo/student-reviews/building-strength-in-song-jomie/387670,2023-03-10,No Chest Voice,,No Chest Voice,,,,,,,
387668,student-review,Building Connection: Cord Closure - Dpatterson,https://admin.musora.com/admin#/content/singeo/387668,https://www.musora.com/singeo/student-reviews/building-connection-cord-closure-dpatterson/387668,2023-03-10,Blender,,Blender,,,,,,,
387666,student-review,Feeding The Phrases In Song - Adammichalakis17,https://admin.musora.com/admin#/content/singeo/387666,https://www.musora.com/singeo/student-reviews/feeding-the-phrases-in-song-adammichalakis17/387666,2023-03-10,Breath Support,,Breath Support,,,,,,,
387664,student-review,Building Vocal Strength - Jbienaise,https://admin.musora.com/admin#/content/singeo/387664,https://www.musora.com/singeo/student-reviews/building-vocal-strength-jbienaise/387664,2023-03-10,Confidence,,No Chest Voice,,,,,,Performance,
387664,student-review,Building Vocal Strength - Jbienaise,https://admin.musora.com/admin#/content/singeo/387664,https://www.musora.com/singeo/student-reviews/building-vocal-strength-jbienaise/387664,2023-03-10,No Chest Voice,,,,,,,,,
387662,student-review,Refining Your Vocal Runs - Otto,https://admin.musora.com/admin#/content/singeo/387662,https://www.musora.com/singeo/student-reviews/refining-your-vocal-runs-otto/387662,2023-03-10,Rhythm/Phrasing,,Vowel Shapes,,Rhythm,,Riffs & Runs,,,
387662,student-review,Refining Your Vocal Runs - Otto,https://admin.musora.com/admin#/content/singeo/387662,https://www.musora.com/singeo/student-reviews/refining-your-vocal-runs-otto/387662,2023-03-10,Vowel Shapes,,,,,,,,,
387660,student-review,Focus On Finding Good Cord Closure - Smilan,https://admin.musora.com/admin#/content/singeo/387660,https://www.musora.com/singeo/student-reviews/focus-on-finding-good-cord-closure-smilan/387660,2023-03-10,Confidence,,,,,,,,Performance,
387658,student-review,Following Up On Practice - Patricia Ireland,https://admin.musora.com/admin#/content/singeo/387658,https://www.musora.com/singeo/student-reviews/following-up-on-practice-patricia-ireland/387658,2023-03-10,No Chest Voice,,No Chest Voice,Vocal Range,,,,,,
387658,student-review,Following Up On Practice - Patricia Ireland,https://admin.musora.com/admin#/content/singeo/387658,https://www.musora.com/singeo/student-reviews/following-up-on-practice-patricia-ireland/387658,2023-03-10,Vocal Range,,,,,,,,,
387656,student-review,Finding Your Own True Sound - Teri P From TN,https://admin.musora.com/admin#/content/singeo/387656,https://www.musora.com/singeo/student-reviews/finding-your-own-true-sound-teri-p-from-tn/387656,2023-03-10,Tension,,Tension,,,,,,,
387339,student-review,Vibrato: Finding And Keeping It - Bestuboy,https://admin.musora.com/admin#/content/singeo/387339,https://www.musora.com/singeo/student-reviews/vibrato-finding-and-keeping-it-bestuboy/387339,2023-03-03,Vowel Shapes,,Vowel Shapes,,,,,,,
387337,student-review,Routine To Match Your Tends-To - Brysonsethyoung,https://admin.musora.com/admin#/content/singeo/387337,https://www.musora.com/singeo/student-reviews/routine-to-match-your-tends-to-brysonsethyoung/387337,2023-03-03,Flipper,,Flipper,,,,,,Practice Tips,
387335,student-review,Open Up The Vowels - Jpbass,https://admin.musora.com/admin#/content/singeo/387335,https://www.musora.com/singeo/student-reviews/open-up-the-vowels-jpbass/387335,2023-03-03,Chest Puller,,,,,,,,,
387335,student-review,Open Up The Vowels - Jpbass,https://admin.musora.com/admin#/content/singeo/387335,https://www.musora.com/singeo/student-reviews/open-up-the-vowels-jpbass/387335,2023-03-03,Vowel Shapes,,,,,,,,,
387333,student-review,Linking Vowels - Path Of Least Resistance - Wendy Endevoets,https://admin.musora.com/admin#/content/singeo/387333,https://www.musora.com/singeo/student-reviews/linking-vowels-path-of-least-resistance-wendy-endevoets/387333,2023-03-03,Rhythm/Phrasing,,Vowel Shapes,,Rhythm,,,,,
387333,student-review,Linking Vowels - Path Of Least Resistance - Wendy Endevoets,https://admin.musora.com/admin#/content/singeo/387333,https://www.musora.com/singeo/student-reviews/linking-vowels-path-of-least-resistance-wendy-endevoets/387333,2023-03-03,Vowel Shapes,,,,,,,,,
387176,student-review,Perfect The Pitch Before Singing Acapella - Adammichalakis,https://admin.musora.com/admin#/content/singeo/387176,https://www.musora.com/singeo/student-reviews/perfect-the-pitch-before-singing-acapella-adammichalakis/387176,2023-02-24,Pitch,,Pitch,,,,,,,
387174,student-review,Honing Exercises & Shaping The Sound In Song - Craigz,https://admin.musora.com/admin#/content/singeo/387174,https://www.musora.com/singeo/student-reviews/honing-exercises-shaping-the-sound-in-song-craigz/387174,2023-02-24,Vocal Range,,Vocal Range,,,,,,,
387172,student-review,Singing Aggressively In Mixed Tone - Pdjanin,https://admin.musora.com/admin#/content/singeo/387172,https://www.musora.com/singeo/student-reviews/singing-aggressively-in-mixed-tone-pdjanin/387172,2023-02-24,Chest Puller,,Chest Puller,Tension,,,,,,
387172,student-review,Singing Aggressively In Mixed Tone - Pdjanin,https://admin.musora.com/admin#/content/singeo/387172,https://www.musora.com/singeo/student-reviews/singing-aggressively-in-mixed-tone-pdjanin/387172,2023-02-24,Tension,,,,,,,,,
387037,student-review,Hone Your Classical Tone - Michael From London,https://admin.musora.com/admin#/content/singeo/387037,https://www.musora.com/singeo/student-reviews/hone-your-classical-tone-michael-from-london/387037,2023-02-24,Vowel Shapes,,Vowel Shapes,Style,,,,,,
387035,student-review,Find Your True Voice - Laura Whitney,https://admin.musora.com/admin#/content/singeo/387035,https://www.musora.com/singeo/student-reviews/find-your-true-voice-laura-whitney/387035,2023-02-24,Confidence,,,,,,,,Performance,
387032,student-review,How To Get Your Voice Back - Oliverincavtat,https://admin.musora.com/admin#/content/singeo/387032,https://www.musora.com/singeo/student-reviews/how-to-get-your-voice-back-oliverincavtat/387032,2023-02-24,Breath Support,,Breath Support,,,,,,,
387030,student-review,Sing Into The Vowels - LauraVC,https://admin.musora.com/admin#/content/singeo/387030,https://www.musora.com/singeo/student-reviews/sing-into-the-vowels-lauravc/387030,2023-02-24,Breath Support,,Breath Support,,,,,,,
387028,student-review,"Breath, Vowels & Vocal Cords - Julius K",https://admin.musora.com/admin#/content/singeo/387028,https://www.musora.com/singeo/student-reviews/breath-vowels-vocal-cords-julius-k/387028,2023-02-24,Breath Support,,Vowel Shapes,Breath Support,,,,,,
387028,student-review,"Breath, Vowels & Vocal Cords - Julius K",https://admin.musora.com/admin#/content/singeo/387028,https://www.musora.com/singeo/student-reviews/breath-vowels-vocal-cords-julius-k/387028,2023-02-24,Vowel Shapes,,,,,,,,,
387026,student-review,Breath To Support The Sound - Lisa M,https://admin.musora.com/admin#/content/singeo/387026,https://www.musora.com/singeo/student-reviews/breath-to-support-the-sound-lisa-m/387026,2023-02-24,Breath Support,,Breath Support,,,,,,,
387024,student-review,Shape the Sound - Feed the Shape - LuckyDawg,https://admin.musora.com/admin#/content/singeo/387024,https://www.musora.com/singeo/student-reviews/shape-the-sound-feed-the-shape-luckydawg/387024,2023-02-24,Breath Support,,Vowel Shapes,Breath Support,,,,,,
387024,student-review,Shape the Sound - Feed the Shape - LuckyDawg,https://admin.musora.com/admin#/content/singeo/387024,https://www.musora.com/singeo/student-reviews/shape-the-sound-feed-the-shape-luckydawg/387024,2023-02-24,Vowel Shapes,,,,,,,,,
387020,student-review,Identify Your Voice Type - Sharon M,https://admin.musora.com/admin#/content/singeo/387020,https://www.musora.com/singeo/student-reviews/identify-your-voice-type-sharon-m/387020,2023-02-24,Flipper,,Flipper,,,,,,,
386893,student-review,Think Classical To Create Space - K. Fox (Kelly),https://admin.musora.com/admin#/content/singeo/386893,https://www.musora.com/singeo/student-reviews/think-classical-to-create-space-k-fox-kelly/386893,2023-02-17,Rhythm/Phrasing,,,,Rhythm,,,,,
386890,student-review,Commit To Your High Notes - Melissa.Z,https://admin.musora.com/admin#/content/singeo/386890,https://www.musora.com/singeo/student-reviews/commit-to-your-high-notes-melissaz/386890,2023-02-17,Vocal Range,,Vocal Range,Vowel Shapes,,,,,,
386890,student-review,Commit To Your High Notes - Melissa.Z,https://admin.musora.com/admin#/content/singeo/386890,https://www.musora.com/singeo/student-reviews/commit-to-your-high-notes-melissaz/386890,2023-02-17,Vowel Shapes,,,,,,,,,
386889,student-review,Aiming For Vocal Cord Closure - SarainPhilly,https://admin.musora.com/admin#/content/singeo/386889,https://www.musora.com/singeo/student-reviews/aiming-for-vocal-cord-closure-sarainphilly/386889,2023-02-17,Flipper,,Flipper,No Chest Voice,,,,,,
386889,student-review,Aiming For Vocal Cord Closure - SarainPhilly,https://admin.musora.com/admin#/content/singeo/386889,https://www.musora.com/singeo/student-reviews/aiming-for-vocal-cord-closure-sarainphilly/386889,2023-02-17,No Chest Voice,,,,,,,,,
386887,student-review,Make It Sound Effortless - KristinN,https://admin.musora.com/admin#/content/singeo/386887,https://www.musora.com/singeo/student-reviews/make-it-sound-effortless-kristinn/386887,2023-02-17,No Chest Voice,,No Chest Voice,,,,,,,
386885,student-review,Freedom On The High Notes - OuTee,https://admin.musora.com/admin#/content/singeo/386885,https://www.musora.com/singeo/student-reviews/freedom-on-the-high-notes-outee/386885,2023-02-17,Vocal Range,,Vocal Range,,,,,,,
386883,student-review,Strengthening The Voice - FernandoSamo,https://admin.musora.com/admin#/content/singeo/386883,https://www.musora.com/singeo/student-reviews/strengthening-the-voice-fernandosamo/386883,2023-02-17,Blender,,Blender,,,,,,,
386881,student-review,Practice Patience When Learning Scales - Jackh,https://admin.musora.com/admin#/content/singeo/386881,https://www.musora.com/singeo/student-reviews/practice-patience-when-learning-scales-jackh/386881,2023-02-17,Pitch,,Pitch,,,,,,,
386879,student-review,Keep Building Cord Closure - Iv,https://admin.musora.com/admin#/content/singeo/386879,https://www.musora.com/singeo/student-reviews/keep-building-cord-closure-iv/386879,2023-02-17,Flipper,,Flipper,No Chest Voice,,,,,,
386879,student-review,Keep Building Cord Closure - Iv,https://admin.musora.com/admin#/content/singeo/386879,https://www.musora.com/singeo/student-reviews/keep-building-cord-closure-iv/386879,2023-02-17,No Chest Voice,,,,,,,,,
386877,student-review,Working Out The Phrasing - Tonitoagu,https://admin.musora.com/admin#/content/singeo/386877,https://www.musora.com/singeo/student-reviews/working-out-the-phrasing-tonitoagu/386877,2023-02-17,Rhythm/Phrasing,,Tension,,Rhythm,,,,,
386877,student-review,Working Out The Phrasing - Tonitoagu,https://admin.musora.com/admin#/content/singeo/386877,https://www.musora.com/singeo/student-reviews/working-out-the-phrasing-tonitoagu/386877,2023-02-17,Tension,,,,,,,,,
386875,student-review,Find Your Starting Note - Joseph Davissen,https://admin.musora.com/admin#/content/singeo/386875,https://www.musora.com/singeo/student-reviews/find-your-starting-note-joseph-davissen/386875,2023-02-17,Pitch,,Pitch,,,,,,,
386873,student-review,Practicing The High Notes - Takoyaki,https://admin.musora.com/admin#/content/singeo/386873,https://www.musora.com/singeo/student-reviews/practicing-the-high-notes-takoyaki/386873,2023-02-17,Vocal Range,,Vocal Range,,,,,,,
386871,student-review,Finding The Balance - Jonny Lawrence,https://admin.musora.com/admin#/content/singeo/386871,https://www.musora.com/singeo/student-reviews/finding-the-balance-jonny-lawrence/386871,2023-02-17,Breath Support,,Breath Support,,,,,,,
386869,student-review,Balance the Transition - Ourmaninboston,https://admin.musora.com/admin#/content/singeo/386869,https://www.musora.com/singeo/student-reviews/balance-the-transition-ourmaninboston/386869,2023-02-17,Chest Puller,,Tension,Chest Puller,,,,,,
386869,student-review,Balance the Transition - Ourmaninboston,https://admin.musora.com/admin#/content/singeo/386869,https://www.musora.com/singeo/student-reviews/balance-the-transition-ourmaninboston/386869,2023-02-17,Tension,,,,,,,,,
386867,student-review,Connected Tone Head Voice - Natemillervt,https://admin.musora.com/admin#/content/singeo/386867,https://www.musora.com/singeo/student-reviews/connected-tone-head-voice-natemillervt/386867,2023-02-17,Flipper,,Flipper,Tension,,,,,,
386867,student-review,Connected Tone Head Voice - Natemillervt,https://admin.musora.com/admin#/content/singeo/386867,https://www.musora.com/singeo/student-reviews/connected-tone-head-voice-natemillervt/386867,2023-02-17,Tension,,,,,,,,,
386865,student-review,Tongue Tension - Brysonsethyoung,https://admin.musora.com/admin#/content/singeo/386865,https://www.musora.com/singeo/student-reviews/tongue-tension-brysonsethyoung/386865,2023-02-17,Tension,,Tension,,,,,,,
386863,student-review,Finding Head Voice Connected - Nancy V,https://admin.musora.com/admin#/content/singeo/386863,https://www.musora.com/singeo/student-reviews/finding-head-voice-connected-nancy-v/386863,2023-02-17,Breath Support,,Flipper,Breath Support,,,,,,
386863,student-review,Finding Head Voice Connected - Nancy V,https://admin.musora.com/admin#/content/singeo/386863,https://www.musora.com/singeo/student-reviews/finding-head-voice-connected-nancy-v/386863,2023-02-17,Flipper,,,,,,,,,
386559,student-review,How To Improve Your Pitch - Milacvorovic,https://admin.musora.com/admin#/content/singeo/386559,https://www.musora.com/singeo/student-reviews/how-to-improve-your-pitch-milacvorovic/386559,2023-02-10,Pitch,,Pitch,,,,,,,
386556,student-review,Identifying Your Vocal Tendency - Narmada,https://admin.musora.com/admin#/content/singeo/386556,https://www.musora.com/singeo/student-reviews/identifying-your-vocal-tendency-narmada/386556,2023-02-10,Blender,,Blender,,,,,,,
386552,student-review,How Low Is Too Low? - Lelan Gimnick,https://admin.musora.com/admin#/content/singeo/386552,https://www.musora.com/singeo/student-reviews/how-low-is-too-low-lelan-gimnick/386552,2023-02-10,Pitch,,Vocal Range,Pitch,,,,,,
386552,student-review,How Low Is Too Low? - Lelan Gimnick,https://admin.musora.com/admin#/content/singeo/386552,https://www.musora.com/singeo/student-reviews/how-low-is-too-low-lelan-gimnick/386552,2023-02-10,Vocal Range,,,,,,,,,
386549,student-review,Practice Belting Safely - Bestuboy,https://admin.musora.com/admin#/content/singeo/386549,https://www.musora.com/singeo/student-reviews/practice-belting-safely-bestuboy/386549,2023-02-10,Performance/Stage Presence,,Tension,,,,,,Performance,
386549,student-review,Practice Belting Safely - Bestuboy,https://admin.musora.com/admin#/content/singeo/386549,https://www.musora.com/singeo/student-reviews/practice-belting-safely-bestuboy/386549,2023-02-10,Tension,,,,,,,,,
386547,student-review,Identify Your Unique Vocal Type - Mobrien,https://admin.musora.com/admin#/content/singeo/386547,https://www.musora.com/singeo/student-reviews/identify-your-unique-vocal-type-mobrien/386547,2023-02-10,Blender,,Blender,Flipper,,,,,,
386547,student-review,Identify Your Unique Vocal Type - Mobrien,https://admin.musora.com/admin#/content/singeo/386547,https://www.musora.com/singeo/student-reviews/identify-your-unique-vocal-type-mobrien/386547,2023-02-10,Flipper,,,,,,,,,
386544,student-review,Loosen Up To Open Up - Lauren - Music For The Soul,https://admin.musora.com/admin#/content/singeo/386544,https://www.musora.com/singeo/student-reviews/loosen-up-to-open-up-lauren-music-for-the-soul/386544,2023-02-10,Vowel Shapes,,Vowel Shapes,,,,,,,
386541,student-review,Get Out Of Your Comfort Zone - Copelyn Jane,https://admin.musora.com/admin#/content/singeo/386541,https://www.musora.com/singeo/student-reviews/get-out-of-your-comfort-zone-copelyn-jane/386541,2023-02-10,No Chest Voice,,No Chest Voice,,,,,,,
386539,student-review,Add Some Chest Voice Resonance - Patricia Ireland,https://admin.musora.com/admin#/content/singeo/386539,https://www.musora.com/singeo/student-reviews/add-some-chest-voice-resonance-patricia-ireland/386539,2023-02-10,No Chest Voice,,,,,,,,,
386537,student-review,Find Strength In Your Lower Range - Tree Marie,https://admin.musora.com/admin#/content/singeo/386537,https://www.musora.com/singeo/student-reviews/find-strength-in-your-lower-range-tree-marie/386537,2023-02-10,No Chest Voice,,No Chest Voice,,,,,,,
386535,student-review,Singing While Playing Drums - EmmaSB,https://admin.musora.com/admin#/content/singeo/386535,https://www.musora.com/singeo/student-reviews/singing-while-playing-drums-emmasb/386535,2023-02-10,Performance/Stage Presence,,,,,,,,Performance,
386533,student-review,Appropriate Level Of Vocal Weight - Lee From London,https://admin.musora.com/admin#/content/singeo/386533,https://www.musora.com/singeo/student-reviews/appropriate-level-of-vocal-weight-lee-from-london/386533,2023-02-10,Tension,,Tension,,,,,,,
386531,student-review,How To Practice Vowels - LauraVC,https://admin.musora.com/admin#/content/singeo/386531,https://www.musora.com/singeo/student-reviews/how-to-practice-vowels-lauravc/386531,2023-02-10,Vowel Shapes,,Tension,,,,,,,
386529,student-review,Open Up Your Diphthongs - Oliverincavtat,https://admin.musora.com/admin#/content/singeo/386529,https://www.musora.com/singeo/student-reviews/open-up-your-diphthongs-oliverincavtat/386529,2023-02-10,Vowel Shapes,,Vowel Shapes,,,,,,,
386527,student-review,How To Manage A Wordy Song - Iris E,https://admin.musora.com/admin#/content/singeo/386527,https://www.musora.com/singeo/student-reviews/how-to-manage-a-wordy-song-iris-e/386527,2023-02-10,No Chest Voice,,Vocal Range,No Chest Voice,,,,,,
386527,student-review,How To Manage A Wordy Song - Iris E,https://admin.musora.com/admin#/content/singeo/386527,https://www.musora.com/singeo/student-reviews/how-to-manage-a-wordy-song-iris-e/386527,2023-02-10,Vocal Range,,,,,,,,,
386525,student-review,Using Breath Consistently - Divye,https://admin.musora.com/admin#/content/singeo/386525,https://www.musora.com/singeo/student-reviews/using-breath-consistently-divye/386525,2023-02-10,Breath Support,,Vowel Shapes,Breath Support,,,,,,
386525,student-review,Using Breath Consistently - Divye,https://admin.musora.com/admin#/content/singeo/386525,https://www.musora.com/singeo/student-reviews/using-breath-consistently-divye/386525,2023-02-10,Vowel Shapes,,,,,,,,,
386523,student-review,Make the Vowels Work For You - Jeffschmitz,https://admin.musora.com/admin#/content/singeo/386523,https://www.musora.com/singeo/student-reviews/make-the-vowels-work-for-you-jeffschmitz/386523,2023-02-10,Breath Support,,Vowel Shapes,Breath Support,,,,,,
386523,student-review,Make the Vowels Work For You - Jeffschmitz,https://admin.musora.com/admin#/content/singeo/386523,https://www.musora.com/singeo/student-reviews/make-the-vowels-work-for-you-jeffschmitz/386523,2023-02-10,Vowel Shapes,,,,,,,,,
386521,student-review,Find & Secure the Notes: Riffs & Runs - Kevin.Royet.Kr,https://admin.musora.com/admin#/content/singeo/386521,https://www.musora.com/singeo/student-reviews/find-secure-the-notes-riffs-runs-kevinroyetkr/386521,2023-02-10,Rhythm/Phrasing,,Tension,,Rhythm,,Riffs & Runs,,,
386521,student-review,Find & Secure the Notes: Riffs & Runs - Kevin.Royet.Kr,https://admin.musora.com/admin#/content/singeo/386521,https://www.musora.com/singeo/student-reviews/find-secure-the-notes-riffs-runs-kevinroyetkr/386521,2023-02-10,Tension,,,,,,,,,
386519,student-review,Feed the Phrase On One Breath - Natemillervt,https://admin.musora.com/admin#/content/singeo/386519,https://www.musora.com/singeo/student-reviews/feed-the-phrase-on-one-breath-natemillervt/386519,2023-02-10,Breath Support,,Breath Support,,,,,,,
386517,student-review,Ease & Presence - Nigel P,https://admin.musora.com/admin#/content/singeo/386517,https://www.musora.com/singeo/student-reviews/ease-presence-nigel-p/386517,2023-02-10,Chest Puller,,Tension,Chest Puller,,,,,,
386517,student-review,Ease & Presence - Nigel P,https://admin.musora.com/admin#/content/singeo/386517,https://www.musora.com/singeo/student-reviews/ease-presence-nigel-p/386517,2023-02-10,Tension,,,,,,,,,
386251,student-review,Identifying Your Vocal Tendency - Julius K,https://admin.musora.com/admin#/content/singeo/386251,https://www.musora.com/singeo/student-reviews/identifying-your-vocal-tendency-julius-k/386251,2023-02-03,Chest Puller,,Vocal Range,Chest Puller,,,,,,
386251,student-review,Identifying Your Vocal Tendency - Julius K,https://admin.musora.com/admin#/content/singeo/386251,https://www.musora.com/singeo/student-reviews/identifying-your-vocal-tendency-julius-k/386251,2023-02-03,Vocal Range,,,,,,,,,
386247,student-review,Building Good Breath Support - Tolu,https://admin.musora.com/admin#/content/singeo/386247,https://www.musora.com/singeo/student-reviews/building-good-breath-support-tolu/386247,2023-02-03,Breath Support,,Breath Support,,,,,,,
386245,student-review,Breaking Out Of Mixed Voice - Ben85,https://admin.musora.com/admin#/content/singeo/386245,https://www.musora.com/singeo/student-reviews/breaking-out-of-mixed-voice-ben85/386245,2023-02-03,No Chest Voice,,No Chest Voice,Vocal Range,,,,,,
386245,student-review,Breaking Out Of Mixed Voice - Ben85,https://admin.musora.com/admin#/content/singeo/386245,https://www.musora.com/singeo/student-reviews/breaking-out-of-mixed-voice-ben85/386245,2023-02-03,Vocal Range,,,,,,,,,
386243,student-review,Start To Build Vocal Strength - Joke.Marcoen,https://admin.musora.com/admin#/content/singeo/386243,https://www.musora.com/singeo/student-reviews/start-to-build-vocal-strength-jokemarcoen/386243,2023-02-03,No Chest Voice,,No Chest Voice,,,,,,,
386241,student-review,Lighten Up On The High Notes - OuTee,https://admin.musora.com/admin#/content/singeo/386241,https://www.musora.com/singeo/student-reviews/lighten-up-on-the-high-notes-outee/386241,2023-02-03,Flipper,,Flipper,Vowel Shapes,,,,,,
386241,student-review,Lighten Up On The High Notes - OuTee,https://admin.musora.com/admin#/content/singeo/386241,https://www.musora.com/singeo/student-reviews/lighten-up-on-the-high-notes-outee/386241,2023-02-03,Vowel Shapes,,,,,,,,,
386237,student-review,What To Work On First - Narmada,https://admin.musora.com/admin#/content/singeo/386237,https://www.musora.com/singeo/student-reviews/what-to-work-on-first-narmada/386237,2023-02-03,Confidence,,Vocal Range,,,,,,Performance,
386237,student-review,What To Work On First - Narmada,https://admin.musora.com/admin#/content/singeo/386237,https://www.musora.com/singeo/student-reviews/what-to-work-on-first-narmada/386237,2023-02-03,Vocal Range,,,,,,,,,
386235,student-review,Finding the Connection - lou,https://admin.musora.com/admin#/content/singeo/386235,https://www.musora.com/singeo/student-reviews/finding-the-connection-lou/386235,2023-02-03,No Chest Voice,,No Chest Voice,,,,,,,
386232,student-review,Shape The Vowels - Ogma,https://admin.musora.com/admin#/content/singeo/386232,https://www.musora.com/singeo/student-reviews/shape-the-vowels-ogma/386232,2023-02-03,Vowel Shapes,,Vowel Shapes,,,,,,,
386231,student-review,Finding Connection In Lower Register - Paige Clemons,https://admin.musora.com/admin#/content/singeo/386231,https://www.musora.com/singeo/student-reviews/finding-connection-in-lower-register-paige-clemons/386231,2023-02-03,No Chest Voice,,No Chest Voice,,,,,,,
386229,student-review,Using The Correct Key - Peter Crowe,https://admin.musora.com/admin#/content/singeo/386229,https://www.musora.com/singeo/student-reviews/using-the-correct-key-peter-crowe/386229,2023-02-03,Blender,,Blender,,,,,,Performance,
386229,student-review,Using The Correct Key - Peter Crowe,https://admin.musora.com/admin#/content/singeo/386229,https://www.musora.com/singeo/student-reviews/using-the-correct-key-peter-crowe/386229,2023-02-03,Confidence,,Breath Support,Vowel Shapes,,,,,,
386227,student-review,Feeding The Sound With Breath - Lelan Gimnick,https://admin.musora.com/admin#/content/singeo/386227,https://www.musora.com/singeo/student-reviews/feeding-the-sound-with-breath-lelan-gimnick/386227,2023-02-03,Breath Support,,Breath Support,Vowel Shapes,,,,,,
386227,student-review,Feeding The Sound With Breath - Lelan Gimnick,https://admin.musora.com/admin#/content/singeo/386227,https://www.musora.com/singeo/student-reviews/feeding-the-sound-with-breath-lelan-gimnick/386227,2023-02-03,Vowel Shapes,,,,,,,,,
386225,student-review,Balance The Approach - Peter Crowe,https://admin.musora.com/admin#/content/singeo/386225,https://www.musora.com/singeo/student-reviews/balance-the-approach-peter-crowe/386225,2023-02-03,Blender,,Blender,,,,,,Performance,
386225,student-review,Balance The Approach - Peter Crowe,https://admin.musora.com/admin#/content/singeo/386225,https://www.musora.com/singeo/student-reviews/balance-the-approach-peter-crowe/386225,2023-02-03,Confidence,,,,,,,,,
383580,student-review,Riffing On Low Notes - Shruti,https://admin.musora.com/admin#/content/singeo/383580,https://www.musora.com/singeo/student-reviews/riffing-on-low-notes-shruti/383580,2023-01-27,Rhythm/Phrasing,,,,Rhythm,,Riffs & Runs,,,
383578,student-review,Build Resistance For Range & Power - Peter Crowe,https://admin.musora.com/admin#/content/singeo/383578,https://www.musora.com/singeo/student-reviews/build-resistance-for-range-power-peter-crowe/383578,2023-01-27,Blender,,Blender,Breath Support,,,,,,
383578,student-review,Build Resistance For Range & Power - Peter Crowe,https://admin.musora.com/admin#/content/singeo/383578,https://www.musora.com/singeo/student-reviews/build-resistance-for-range-power-peter-crowe/383578,2023-01-27,Breath Support,,,,,,,,,
383573,student-review,Finding Correct Larynx Placement - Ogma,https://admin.musora.com/admin#/content/singeo/383573,https://www.musora.com/singeo/student-reviews/finding-correct-larynx-placement-ogma/383573,2023-01-27,Chest Puller,,Pitch,Chest Puller,,,,,,
383573,student-review,Finding Correct Larynx Placement - Ogma,https://admin.musora.com/admin#/content/singeo/383573,https://www.musora.com/singeo/student-reviews/finding-correct-larynx-placement-ogma/383573,2023-01-27,Pitch,,,,,,,,,
383571,student-review,Bring Your Song To A Pro-Level - Mitch,https://admin.musora.com/admin#/content/singeo/383571,https://www.musora.com/singeo/student-reviews/bring-your-song-to-a-pro-level-mitch/383571,2023-01-27,Performance/Stage Presence,,,,,,,,Performance,
383569,student-review,Muscle Memory - Self Accompaniment - James Suntres,https://admin.musora.com/admin#/content/singeo/383569,https://www.musora.com/singeo/student-reviews/muscle-memory-self-accompaniment-james-suntres/383569,2023-01-27,Rhythm/Phrasing,,Vocal Range,,Rhythm,,,,,
383569,student-review,Muscle Memory - Self Accompaniment - James Suntres,https://admin.musora.com/admin#/content/singeo/383569,https://www.musora.com/singeo/student-reviews/muscle-memory-self-accompaniment-james-suntres/383569,2023-01-27,Vocal Range,,,,,,,,,
383567,student-review,Doing Exercises Correctly - Jackh,https://admin.musora.com/admin#/content/singeo/383567,https://www.musora.com/singeo/student-reviews/doing-exercises-correctly-jackh/383567,2023-01-27,Flipper,,Flipper,,,,,,,
383565,student-review,Finding Connected Release For Whistle Tone - Derek Brown,https://admin.musora.com/admin#/content/singeo/383565,https://www.musora.com/singeo/student-reviews/finding-connected-release-for-whistle-tone-derek-brown/383565,2023-01-27,Vocal Range,,Vocal Range,,,,,,,
383563,student-review,Where To Start Your Journey - Ou Tee,https://admin.musora.com/admin#/content/singeo/383563,https://www.musora.com/singeo/student-reviews/where-to-start-your-journey-ou-tee/383563,2023-01-27,Blender,,Flipper,Blender,,,,,,
383563,student-review,Where To Start Your Journey - Ou Tee,https://admin.musora.com/admin#/content/singeo/383563,https://www.musora.com/singeo/student-reviews/where-to-start-your-journey-ou-tee/383563,2023-01-27,Flipper,,,,,,,,,
383561,student-review,Following Up On Vowel Shapes - Brysonsethyoung,https://admin.musora.com/admin#/content/singeo/383561,https://www.musora.com/singeo/student-reviews/following-up-on-vowel-shapes-brysonsethyoung/383561,2023-01-27,Chest Puller,,Vowel Shapes,Chest Puller,,,,,,
383561,student-review,Following Up On Vowel Shapes - Brysonsethyoung,https://admin.musora.com/admin#/content/singeo/383561,https://www.musora.com/singeo/student-reviews/following-up-on-vowel-shapes-brysonsethyoung/383561,2023-01-27,Vowel Shapes,,,,,,,,,
383559,student-review,Finding Your Tends-To - Anjali Sachaniya,https://admin.musora.com/admin#/content/singeo/383559,https://www.musora.com/singeo/student-reviews/finding-your-tends-to-anjali-sachaniya/383559,2023-01-27,Blender,,Blender,,,,,,,
383557,student-review,Avoiding Strain On High Notes - Bill S,https://admin.musora.com/admin#/content/singeo/383557,https://www.musora.com/singeo/student-reviews/avoiding-strain-on-high-notes-bill-s/383557,2023-01-27,Rhythm/Phrasing,,Tension,,Rhythm,,,,,
383557,student-review,Avoiding Strain On High Notes - Bill S,https://admin.musora.com/admin#/content/singeo/383557,https://www.musora.com/singeo/student-reviews/avoiding-strain-on-high-notes-bill-s/383557,2023-01-27,Tension,,,,,,,,,
383555,student-review,Determining Your Voice Type - Little Voice,https://admin.musora.com/admin#/content/singeo/383555,https://www.musora.com/singeo/student-reviews/determining-your-voice-type-little-voice/383555,2023-01-27,Flipper,,Flipper,,,,,,,
383553,student-review,Using Breath More Efficiently - Sharbrownell,https://admin.musora.com/admin#/content/singeo/383553,https://www.musora.com/singeo/student-reviews/using-breath-more-efficiently-sharbrownell/383553,2023-01-27,Breath Support,,Breath Support,,,,,,,
382302,student-review,Adding Weight To Your Voice - Dunni,https://admin.musora.com/admin#/content/singeo/382302,https://www.musora.com/singeo/student-reviews/adding-weight-to-your-voice-dunni/382302,2023-01-20,No Chest Voice,,No Chest Voice,,,,,,,
382300,student-review,Keep The Connection - Felipekamakura,https://admin.musora.com/admin#/content/singeo/382300,https://www.musora.com/singeo/student-reviews/keep-the-connection-felipekamakura/382300,2023-01-20,Flipper,,Flipper,,,,,,,
382298,student-review,"Know Your ""Tends To"" - Becky A",https://admin.musora.com/admin#/content/singeo/382298,https://www.musora.com/singeo/student-reviews/know-your-tends-to-becky-a/382298,2023-01-20,Flipper,,Flipper,Vowel Shapes,,,,,,
382298,student-review,"Know Your ""Tends To"" - Becky A",https://admin.musora.com/admin#/content/singeo/382298,https://www.musora.com/singeo/student-reviews/know-your-tends-to-becky-a/382298,2023-01-20,Vowel Shapes,,,,,,,,,
382273,student-review,Making Space - DeanM,https://admin.musora.com/admin#/content/singeo/382273,https://www.musora.com/singeo/student-reviews/making-space-deanm/382273,2023-01-20,Breath Support,,Vowel Shapes,Breath Support,,,,,,
382273,student-review,Making Space - DeanM,https://admin.musora.com/admin#/content/singeo/382273,https://www.musora.com/singeo/student-reviews/making-space-deanm/382273,2023-01-20,Vowel Shapes,,,,,,,,,
382270,student-review,Breaking Out Of Nasal Resonance - Invinciblefeelings,https://admin.musora.com/admin#/content/singeo/382270,https://www.musora.com/singeo/student-reviews/breaking-out-of-nasal-resonance-invinciblefeelings/382270,2023-01-20,No Chest Voice,,No Chest Voice,,,,,,,
382267,student-review,How To Clean Up Your Riffs & Runs - Moredebbs,https://admin.musora.com/admin#/content/singeo/382267,https://www.musora.com/singeo/student-reviews/how-to-clean-up-your-riffs-runs-moredebbs/382267,2023-01-20,Chest Puller,,Chest Puller,Vocal Range,,,,,,
382267,student-review,How To Clean Up Your Riffs & Runs - Moredebbs,https://admin.musora.com/admin#/content/singeo/382267,https://www.musora.com/singeo/student-reviews/how-to-clean-up-your-riffs-runs-moredebbs/382267,2023-01-20,Vocal Range,,,,,,,,,
382265,student-review,Singing Smooth And Relaxed - Nancy V,https://admin.musora.com/admin#/content/singeo/382265,https://www.musora.com/singeo/student-reviews/singing-smooth-and-relaxed-nancy-v/382265,2023-01-20,Vocal Range,,Vocal Range,,,,,,,
382263,student-review,Ease Up On The Tension - Kate On The Keys,https://admin.musora.com/admin#/content/singeo/382263,https://www.musora.com/singeo/student-reviews/ease-up-on-the-tension-kate-on-the-keys/382263,2023-01-20,Flipper,,Flipper,Tension,,,,,,
382263,student-review,Ease Up On The Tension - Kate On The Keys,https://admin.musora.com/admin#/content/singeo/382263,https://www.musora.com/singeo/student-reviews/ease-up-on-the-tension-kate-on-the-keys/382263,2023-01-20,Tension,,,,,,,,,
382261,student-review,Adding Strength To Your Voice - ShowerHowler,https://admin.musora.com/admin#/content/singeo/382261,https://www.musora.com/singeo/student-reviews/adding-strength-to-your-voice-showerhowler/382261,2023-01-20,No Chest Voice,,No Chest Voice,,,,,,Performance,
382261,student-review,Adding Strength To Your Voice - ShowerHowler,https://admin.musora.com/admin#/content/singeo/382261,https://www.musora.com/singeo/student-reviews/adding-strength-to-your-voice-showerhowler/382261,2023-01-20,Performance/Stage Presence,,,,,,,,,
381830,student-review,Juggling The Approach For Big Songs - Sam Hb,https://admin.musora.com/admin#/content/singeo/381830,https://www.musora.com/singeo/student-reviews/juggling-the-approach-for-big-songs-sam-hb/381830,2023-01-13,Flipper,,Flipper,Vowel Shapes,,,,,,
381830,student-review,Juggling The Approach For Big Songs - Sam Hb,https://admin.musora.com/admin#/content/singeo/381830,https://www.musora.com/singeo/student-reviews/juggling-the-approach-for-big-songs-sam-hb/381830,2023-01-13,Vowel Shapes,,,,,,,,,
381827,student-review,Vowels & Path of Least Resistance - Sam Hayes,https://admin.musora.com/admin#/content/singeo/381827,https://www.musora.com/singeo/student-reviews/vowels-path-of-least-resistance-sam-hayes/381827,2023-01-13,Performance/Stage Presence,,Vowel Shapes,,,,,,Performance,
381827,student-review,Vowels & Path of Least Resistance - Sam Hayes,https://admin.musora.com/admin#/content/singeo/381827,https://www.musora.com/singeo/student-reviews/vowels-path-of-least-resistance-sam-hayes/381827,2023-01-13,Vowel Shapes,,,,,,,,,
381825,student-review,Where Should You Begin The Exercise - Playing-4-Jesus (Meagan),https://admin.musora.com/admin#/content/singeo/381825,https://www.musora.com/singeo/student-reviews/where-should-you-begin-the-exercise-playing-4-jesus-meagan/381825,2023-01-13,Flipper,,Flipper,,,,,,,
381822,student-review,Connecting Chest To Head Voice - Iv,https://admin.musora.com/admin#/content/singeo/381822,https://www.musora.com/singeo/student-reviews/connecting-chest-to-head-voice-iv/381822,2023-01-13,Flipper,,Flipper,,,,,,,
381818,student-review,Tends Tos Can Change - Becky A,https://admin.musora.com/admin#/content/singeo/381818,https://www.musora.com/singeo/student-reviews/tends-tos-can-change-becky-a/381818,2023-01-13,Chest Puller,,Chest Puller,Flipper,,,,,,
381818,student-review,Tends Tos Can Change - Becky A,https://admin.musora.com/admin#/content/singeo/381818,https://www.musora.com/singeo/student-reviews/tends-tos-can-change-becky-a/381818,2023-01-13,Flipper,,,,,,,,,
381769,student-review,Challenge Yourself - Donar Wing,https://admin.musora.com/admin#/content/singeo/381769,https://www.musora.com/singeo/student-reviews/challenge-yourself-donar-wing/381769,2023-01-13,Performance/Stage Presence,,,,,,,,Performance,
381767,student-review,Watch Out For Vowel Shapes - Alison Luterman,https://admin.musora.com/admin#/content/singeo/381767,https://www.musora.com/singeo/student-reviews/watch-out-for-vowel-shapes-alison-luterman/381767,2023-01-13,Vowel Shapes,,Vowel Shapes,,,,,,,
381765,student-review,What Song is Best For My Voice? - Joseph Davissen,https://admin.musora.com/admin#/content/singeo/381765,https://www.musora.com/singeo/student-reviews/what-song-is-best-for-my-voice-joseph-davissen/381765,2023-01-13,Pitch,,Pitch,,,,,,,
381763,student-review,Fine Tuning Your Pitch - Ogma,https://admin.musora.com/admin#/content/singeo/381763,https://www.musora.com/singeo/student-reviews/fine-tuning-your-pitch-ogma/381763,2023-01-13,Pitch,,Pitch,Tension,,,,,,
381763,student-review,Fine Tuning Your Pitch - Ogma,https://admin.musora.com/admin#/content/singeo/381763,https://www.musora.com/singeo/student-reviews/fine-tuning-your-pitch-ogma/381763,2023-01-13,Tension,,,,,,,,Performance,
381761,student-review,How To Knock It Out Of The Park - PaulWithGlasses,https://admin.musora.com/admin#/content/singeo/381761,https://www.musora.com/singeo/student-reviews/how-to-knock-it-out-of-the-park-paulwithglasses/381761,2023-01-13,Performance/Stage Presence,,,,,,,,Performance,
381759,student-review,Give Your Voice Some Edge - Megan W,https://admin.musora.com/admin#/content/singeo/381759,https://www.musora.com/singeo/student-reviews/give-your-voice-some-edge-megan-w/381759,2023-01-13,Performance/Stage Presence,,Vowel Shapes,Style,,,,,Performance,
381759,student-review,Give Your Voice Some Edge - Megan W,https://admin.musora.com/admin#/content/singeo/381759,https://www.musora.com/singeo/student-reviews/give-your-voice-some-edge-megan-w/381759,2023-01-13,Vowel Shapes,,,,,,,,,
381757,student-review,Open Up To Reach The Note - Brysonsethyoung,https://admin.musora.com/admin#/content/singeo/381757,https://www.musora.com/singeo/student-reviews/open-up-to-reach-the-note-brysonsethyoung/381757,2023-01-13,Pitch,,Pitch,Vowel Shapes,,,,,,
381757,student-review,Open Up To Reach The Note - Brysonsethyoung,https://admin.musora.com/admin#/content/singeo/381757,https://www.musora.com/singeo/student-reviews/open-up-to-reach-the-note-brysonsethyoung/381757,2023-01-13,Vowel Shapes,,,,,,,,,
381755,student-review,Open Up Your Vowels - Anna O,https://admin.musora.com/admin#/content/singeo/381755,https://www.musora.com/singeo/student-reviews/open-up-your-vowels-anna-o/381755,2023-01-13,Vowel Shapes,,Vowel Shapes,,,,,,,
381719,student-review,Developing Power In Your Voice - Tracey_Byrnes,https://admin.musora.com/admin#/content/singeo/381719,https://www.musora.com/singeo/student-reviews/developing-power-in-your-voice-traceybyrnes/381719,2023-01-13,No Chest Voice,,Vowel Shapes,No Chest Voice,,,,,,
381719,student-review,Developing Power In Your Voice - Tracey_Byrnes,https://admin.musora.com/admin#/content/singeo/381719,https://www.musora.com/singeo/student-reviews/developing-power-in-your-voice-traceybyrnes/381719,2023-01-13,Vowel Shapes,,,,,,,,,
381717,student-review,Exploring Your Head Voice - Hazel Rosario,https://admin.musora.com/admin#/content/singeo/381717,https://www.musora.com/singeo/student-reviews/exploring-your-head-voice-hazel-rosario/381717,2023-01-13,Chest Puller,,Chest Puller,,,,,,,
381487,student-review,Releasing Tension Through Movement - Simon L,https://admin.musora.com/admin#/content/singeo/381487,https://www.musora.com/singeo/student-reviews/releasing-tension-through-movement-simon-l/381487,2023-01-06,Tension,,Tension,,,,,,,
381484,student-review,Strength On High Notes - DebbieO,https://admin.musora.com/admin#/content/singeo/381484,https://www.musora.com/singeo/student-reviews/strength-on-high-notes-debbieo/381484,2023-01-06,Vocal Range,,Vocal Range,,,,,,,
381482,student-review,Setting Vocal Goals - Caboy,https://admin.musora.com/admin#/content/singeo/381482,https://www.musora.com/singeo/student-reviews/setting-vocal-goals-caboy/381482,2023-01-06,Vowel Shapes,,Vowel Shapes,,,,,,,
381479,student-review,Fine-Tuning Your Vowels - Dpatterson,https://admin.musora.com/admin#/content/singeo/381479,https://www.musora.com/singeo/student-reviews/fine-tuning-your-vowels/381479,2023-01-06,Tension,,Tension,Vowel Shapes,,,,,,
381479,student-review,Fine-Tuning Your Vowels - Dpatterson,https://admin.musora.com/admin#/content/singeo/381479,https://www.musora.com/singeo/student-reviews/fine-tuning-your-vowels/381479,2023-01-06,Vowel Shapes,,,,,,,,,
381418,student-review,Balance Tension To Suit The Style - PaulWithGlasses,https://admin.musora.com/admin#/content/singeo/381418,https://www.musora.com/singeo/student-reviews/balance-tension-to-suit-the-style-paulwithglasses/381418,2023-01-06,Performance/Stage Presence,,Tension,,,,,,Performance,
381418,student-review,Balance Tension To Suit The Style - PaulWithGlasses,https://admin.musora.com/admin#/content/singeo/381418,https://www.musora.com/singeo/student-reviews/balance-tension-to-suit-the-style-paulwithglasses/381418,2023-01-06,Performance/Stage Presence,,,,,,,,,
381418,student-review,Balance Tension To Suit The Style - PaulWithGlasses,https://admin.musora.com/admin#/content/singeo/381418,https://www.musora.com/singeo/student-reviews/balance-tension-to-suit-the-style-paulwithglasses/381418,2023-01-06,Tension,,,,,,,,,
381418,student-review,Balance Tension To Suit The Style - PaulWithGlasses,https://admin.musora.com/admin#/content/singeo/381418,https://www.musora.com/singeo/student-reviews/balance-tension-to-suit-the-style-paulwithglasses/381418,2023-01-06,Tension,,,,,,,,,
381416,student-review,Changing Vocal Approach For Style - Sspeir,https://admin.musora.com/admin#/content/singeo/381416,https://www.musora.com/singeo/student-reviews/changing-vocal-approach-for-style-sspeir/381416,2023-01-06,No Chest Voice,,No Chest Voice,,,,,,,
381414,student-review,The Path Of Least Resistance - Kevin C,https://admin.musora.com/admin#/content/singeo/381414,https://www.musora.com/singeo/student-reviews/the-path-of-least-resistance-kevin-c/381414,2023-01-06,Vowel Shapes,,Vowel Shapes,,,,,,,
381412,student-review,Balancing The Transition In Song - Joseph Davissen,https://admin.musora.com/admin#/content/singeo/381412,https://www.musora.com/singeo/student-reviews/balancing-the-transition-in-song-joseph-davissen/381412,2023-01-06,Breath Support,,Chest Puller,Breath Support,,,,,,
381412,student-review,Balancing The Transition In Song - Joseph Davissen,https://admin.musora.com/admin#/content/singeo/381412,https://www.musora.com/singeo/student-reviews/balancing-the-transition-in-song-joseph-davissen/381412,2023-01-06,Chest Puller,,,,,,,,,
381409,student-review,Open The Vowels - Andreas G,https://admin.musora.com/admin#/content/singeo/381409,https://www.musora.com/singeo/student-reviews/open-the-vowels-andreas-g/381409,2023-01-06,Tension,,Tension,Vowel Shapes,,,,,,
381409,student-review,Open The Vowels - Andreas G,https://admin.musora.com/admin#/content/singeo/381409,https://www.musora.com/singeo/student-reviews/open-the-vowels-andreas-g/381409,2023-01-06,Vowel Shapes,,,,,,,,,
381407,student-review,Releasing Tension In The Transition - Preston Blarek,https://admin.musora.com/admin#/content/singeo/381407,https://www.musora.com/singeo/student-reviews/releasing-tension-in-the-transition-preston-blarek/381407,2023-01-06,Chest Puller,,Chest Puller,Tension,,,,,,
381407,student-review,Releasing Tension In The Transition - Preston Blarek,https://admin.musora.com/admin#/content/singeo/381407,https://www.musora.com/singeo/student-reviews/releasing-tension-in-the-transition-preston-blarek/381407,2023-01-06,Tension,,,,,,,,,
377392,student-review,Practicing Your Song - Melissa.Z,https://admin.musora.com/admin#/content/singeo/377392,https://www.musora.com/singeo/student-reviews/practicing-your-song-melissaz/377392,2022-12-23,Breath Support,,Vowel Shapes,Breath Support,,,,,Practice Tips,
377392,student-review,Practicing Your Song - Melissa.Z,https://admin.musora.com/admin#/content/singeo/377392,https://www.musora.com/singeo/student-reviews/practicing-your-song-melissaz/377392,2022-12-23,Vowel Shapes,,,,,,,,,
377390,student-review,Adding Strength To A Soft Voice - EnyaW,https://admin.musora.com/admin#/content/singeo/377390,https://www.musora.com/singeo/student-reviews/adding-strength-to-a-soft-voice-enyaw/377390,2022-12-23,Confidence,,,,,,,,Performance,
377388,student-review,Refining Vowel Shapes - Megan W,https://admin.musora.com/admin#/content/singeo/377388,https://www.musora.com/singeo/student-reviews/refining-vowel-shapes-megan-w/377388,2022-12-23,Vowel Shapes,,Vowel Shapes,,,,,,,
377386,student-review,Shaping The Transition - Lee From London,https://admin.musora.com/admin#/content/singeo/377386,https://www.musora.com/singeo/student-reviews/shaping-the-transition-lee-from-london/377386,2022-12-23,Tension,,Tension,Vowel Shapes,,,,,,
377386,student-review,Shaping The Transition - Lee From London,https://admin.musora.com/admin#/content/singeo/377386,https://www.musora.com/singeo/student-reviews/shaping-the-transition-lee-from-london/377386,2022-12-23,Vowel Shapes,,,,,,,,,
377384,student-review,Select The Best Key For Your Song - Kedomat,https://admin.musora.com/admin#/content/singeo/377384,https://www.musora.com/singeo/student-reviews/select-the-best-key-for-your-song-kedomat/377384,2022-12-23,Breath Support,,Vocal Range,Breath Support,,,,,,
377384,student-review,Select The Best Key For Your Song - Kedomat,https://admin.musora.com/admin#/content/singeo/377384,https://www.musora.com/singeo/student-reviews/select-the-best-key-for-your-song-kedomat/377384,2022-12-23,Vocal Range,,,,,,,,,
377382,student-review,Select The Right Key To Relieve Tension - James Suntres,https://admin.musora.com/admin#/content/singeo/377382,https://www.musora.com/singeo/student-reviews/select-the-right-key-to-relieve-tension-james-suntres/377382,2022-12-23,Chest Puller,,Tension,Chest Puller,,,,,,
377382,student-review,Select The Right Key To Relieve Tension - James Suntres,https://admin.musora.com/admin#/content/singeo/377382,https://www.musora.com/singeo/student-reviews/select-the-right-key-to-relieve-tension-james-suntres/377382,2022-12-23,Tension,,,,,,,,,
377379,student-review,Getting into Song - Felipekamakura,https://admin.musora.com/admin#/content/singeo/377379,https://www.musora.com/singeo/student-reviews/getting-into-song-felipekamakura/377379,2022-12-23,Breath Support,,Tension,Breath Support,,,,,,
377379,student-review,Getting into Song - Felipekamakura,https://admin.musora.com/admin#/content/singeo/377379,https://www.musora.com/singeo/student-reviews/getting-into-song-felipekamakura/377379,2022-12-23,Tension,,,,,,,,,
377376,student-review,Exploring Your Head Voice - Radertonya,https://admin.musora.com/admin#/content/singeo/377376,https://www.musora.com/singeo/student-reviews/exploring-your-head-voice-radertonya/377376,2022-12-23,Chest Puller,,Chest Puller,Vocal Range,,,,,,
377376,student-review,Exploring Your Head Voice - Radertonya,https://admin.musora.com/admin#/content/singeo/377376,https://www.musora.com/singeo/student-reviews/exploring-your-head-voice-radertonya/377376,2022-12-23,Vocal Range,,,,,,,,,
377373,student-review,Releasing The Tension - Simon L,https://admin.musora.com/admin#/content/singeo/377373,https://www.musora.com/singeo/student-reviews/releasing-the-tension-simon-l/377373,2022-12-23,Tension,,Tension,,,,,,,
377075,student-review,Refining Pitch And Rhythm - Brenda Holloway,https://admin.musora.com/admin#/content/singeo/377075,https://www.musora.com/singeo/student-reviews/refining-pitch-and-rhythm-brenda-holloway/377075,2022-12-16,Breath Support,,Breath Support,,Rhythm,,,,,
377075,student-review,Refining Pitch And Rhythm - Brenda Holloway,https://admin.musora.com/admin#/content/singeo/377075,https://www.musora.com/singeo/student-reviews/refining-pitch-and-rhythm-brenda-holloway/377075,2022-12-16,Rhythm/Phrasing,,,,,,,,,
377073,student-review,Bringing Your Tone Forward - SueH,https://admin.musora.com/admin#/content/singeo/377073,https://www.musora.com/singeo/student-reviews/bringing-your-tone-forward-sueh/377073,2022-12-16,No Chest Voice,,No Chest Voice,Vowel Shapes,,,,,,
377073,student-review,Bringing Your Tone Forward - SueH,https://admin.musora.com/admin#/content/singeo/377073,https://www.musora.com/singeo/student-reviews/bringing-your-tone-forward-sueh/377073,2022-12-16,Vowel Shapes,,,,,,,,,
377070,student-review,Am I On Pitch? - Playing4Jesus (Meagan),https://admin.musora.com/admin#/content/singeo/377070,https://www.musora.com/singeo/student-reviews/am-i-on-pitch-playing4jesus-meagan/377070,2022-12-16,Pitch,,Pitch,,,,,,,
377068,student-review,Shaping Your Vowels - Bill S,https://admin.musora.com/admin#/content/singeo/377068,https://www.musora.com/singeo/student-reviews/shaping-your-vowels-bill-s/377068,2022-12-16,Flipper,,Flipper,Vowel Shapes,,,,,,
377068,student-review,Shaping Your Vowels - Bill S,https://admin.musora.com/admin#/content/singeo/377068,https://www.musora.com/singeo/student-reviews/shaping-your-vowels-bill-s/377068,2022-12-16,Vowel Shapes,,,,,,,,,
377063,student-review,Setting Yourself Up For Success -  Tesh,https://admin.musora.com/admin#/content/singeo/377063,https://www.musora.com/singeo/student-reviews/setting-yourself-up-for-success-tesh/377063,2022-12-16,Pitch,,Pitch,,,,,,,
377061,student-review,Singing With A Recording Mic - Sam Hb,https://admin.musora.com/admin#/content/singeo/377061,https://www.musora.com/singeo/student-reviews/singing-with-a-recording-mic-sam-hb/377061,2022-12-16,Breath Support,,No Chest Voice,Breath Support,,,,,,
377061,student-review,Singing With A Recording Mic - Sam Hb,https://admin.musora.com/admin#/content/singeo/377061,https://www.musora.com/singeo/student-reviews/singing-with-a-recording-mic-sam-hb/377061,2022-12-16,No Chest Voice,,,,,,,,,
377018,student-review,Find The Path Of Least Resistance - Tim Bondyra,https://admin.musora.com/admin#/content/singeo/377018,https://www.musora.com/singeo/student-reviews/find-the-path-of-least-resistance-tim-bondyra/377018,2022-12-16,Chest Puller,,Tension,Chest Puller,,,,,,
377018,student-review,Find The Path Of Least Resistance - Tim Bondyra,https://admin.musora.com/admin#/content/singeo/377018,https://www.musora.com/singeo/student-reviews/find-the-path-of-least-resistance-tim-bondyra/377018,2022-12-16,Tension,,,,,,,,,
377016,student-review,Balancing The Vocal Cord Connection - Shruti,https://admin.musora.com/admin#/content/singeo/377016,https://www.musora.com/singeo/student-reviews/balancing-the-vocal-cord-connection-shruti/377016,2022-12-16,Tension,,Tension,,,,,,,
377014,student-review,The Best Key For Your Voice - Roxy,https://admin.musora.com/admin#/content/singeo/377014,https://www.musora.com/singeo/student-reviews/the-best-key-for-your-voice-roxy/377014,2022-12-16,Pitch,,Pitch,,,,,,,
376861,student-review,Cord Closure To Gain Breath Flow - Ingrid Poulsen,https://admin.musora.com/admin#/content/singeo/376861,https://www.musora.com/singeo/student-reviews/cord-closure-to-gain-breath-flow-ingrid-poulsen/376861,2022-12-16,Breath Support,,No Chest Voice,Breath Support,,,,,,
376861,student-review,Cord Closure To Gain Breath Flow - Ingrid Poulsen,https://admin.musora.com/admin#/content/singeo/376861,https://www.musora.com/singeo/student-reviews/cord-closure-to-gain-breath-flow-ingrid-poulsen/376861,2022-12-16,No Chest Voice,,,,,,,,,
376859,student-review,Connected Release: Falsetto Or Edgy? - Mitch,https://admin.musora.com/admin#/content/singeo/376859,https://www.musora.com/singeo/student-reviews/connected-release-falsetto-or-edgy-mitch/376859,2022-12-16,Performance/Stage Presence,,,Style,,,,,Performance,
376857,student-review,Choosing Style: Falsetto Or Edgy? - Megan W,https://admin.musora.com/admin#/content/singeo/376857,https://www.musora.com/singeo/student-reviews/choosing-style-falsetto-or-edgy-megan-w/376857,2022-12-16,Performance/Stage Presence,,,Style,,,,,Performance,
376855,student-review,Finding The Sweet Spot In Song - Dvs,https://admin.musora.com/admin#/content/singeo/376855,https://www.musora.com/singeo/student-reviews/finding-the-sweet-spot-in-song-dvs/376855,2022-12-16,Blender,,,Blender,,,,,Performance,
376855,student-review,Finding The Sweet Spot In Song - Dvs,https://admin.musora.com/admin#/content/singeo/376855,https://www.musora.com/singeo/student-reviews/finding-the-sweet-spot-in-song-dvs/376855,2022-12-16,Confidence,,,,,,,,,
376853,student-review,Connecting The Tone - Debbie Hoodiman,https://admin.musora.com/admin#/content/singeo/376853,https://www.musora.com/singeo/student-reviews/connecting-the-tone-debbie-hoodiman/376853,2022-12-16,Blender,,,Blender,,,,,,
376638,student-review,Consider The Vowels - Brysonsethyoung,https://admin.musora.com/admin#/content/singeo/376638,https://www.musora.com/singeo/student-reviews/consider-the-vowels-brysonsethyoung/376638,2022-12-09,Rhythm/Phrasing,,Vowel Shapes,,Rhythm,,,,,
376638,student-review,Consider The Vowels - Brysonsethyoung,https://admin.musora.com/admin#/content/singeo/376638,https://www.musora.com/singeo/student-reviews/consider-the-vowels-brysonsethyoung/376638,2022-12-09,Vowel Shapes,,,,,,,,,
376636,student-review,Phrasing For Ease & Presence - Simon L,https://admin.musora.com/admin#/content/singeo/376636,https://www.musora.com/singeo/student-reviews/phrasing-for-ease-presence-simon-l/376636,2022-12-09,Rhythm/Phrasing,,Tension,,Rhythm,,,,,
376636,student-review,Phrasing For Ease & Presence - Simon L,https://admin.musora.com/admin#/content/singeo/376636,https://www.musora.com/singeo/student-reviews/phrasing-for-ease-presence-simon-l/376636,2022-12-09,Tension,,,,,,,,,
376634,student-review,The Correct Approach To Exercise - Felipekamakura,https://admin.musora.com/admin#/content/singeo/376634,https://www.musora.com/singeo/student-reviews/the-correct-approach-to-exercise-felipekamakura/376634,2022-12-09,Chest Puller,,Chest Puller,Tension,,,,,,
376634,student-review,The Correct Approach To Exercise - Felipekamakura,https://admin.musora.com/admin#/content/singeo/376634,https://www.musora.com/singeo/student-reviews/the-correct-approach-to-exercise-felipekamakura/376634,2022-12-09,Tension,,,,,,,,,
376632,student-review,Shaping Vowels Continued... - Lee From London,https://admin.musora.com/admin#/content/singeo/376632,https://www.musora.com/singeo/student-reviews/shaping-vowels-continued-lee-from-london/376632,2022-12-09,Vowel Shapes,,Vowel Shapes,,,,,,,
376523,student-review,Balancing Style And Technique - Teri P From TN,https://admin.musora.com/admin#/content/singeo/376523,https://www.musora.com/singeo/student-reviews/balancing-style-and-technique-teri-p-from-tn/376523,2022-12-09,Performance/Stage Presence,,,Style,,,,,Performance,
376521,student-review,Breath Support For A Stronger Sound - Doug A,https://admin.musora.com/admin#/content/singeo/376521,https://www.musora.com/singeo/student-reviews/breath-support-for-a-stronger-sound-doug-a/376521,2022-12-09,Breath Support,,Breath Support,Pitch,,,,,,
376521,student-review,Breath Support For A Stronger Sound - Doug A,https://admin.musora.com/admin#/content/singeo/376521,https://www.musora.com/singeo/student-reviews/breath-support-for-a-stronger-sound-doug-a/376521,2022-12-09,Pitch,,,,,,,,,
376519,student-review,Developing Strength In Your Voice - Roxy,https://admin.musora.com/admin#/content/singeo/376519,https://www.musora.com/singeo/student-reviews/developing-strength-in-your-voice-roxy/376519,2022-12-09,Breath Support,,Breath Support,Vocal Range,,,,,,
376519,student-review,Developing Strength In Your Voice - Roxy,https://admin.musora.com/admin#/content/singeo/376519,https://www.musora.com/singeo/student-reviews/developing-strength-in-your-voice-roxy/376519,2022-12-09,Vocal Range,,,,,,,,,
376517,student-review,Opening Up Your Vowel Shapes - Bill S,https://admin.musora.com/admin#/content/singeo/376517,https://www.musora.com/singeo/student-reviews/opening-up-your-vowel-shapes-bill-s/376517,2022-12-09,Vowel Shapes,,Vowel Shapes,,,,,,,
376331,student-review,The Importance Of Your First Note - Joseph Davissen,https://admin.musora.com/admin#/content/singeo/376331,https://www.musora.com/singeo/student-reviews/the-importance-of-your-first-note-joseph-davissen/376331,2022-12-02,Pitch,,Pitch,,,,,,,
376329,student-review,Adding Strength From Chest Voice - KristinN,https://admin.musora.com/admin#/content/singeo/376329,https://www.musora.com/singeo/student-reviews/adding-strength-from-chest-voice-kristinn/376329,2022-12-02,No Chest Voice,,No Chest Voice,,,,,,,
376328,student-review,Singing While Playing Piano - Author589goonit,https://admin.musora.com/admin#/content/singeo/376328,https://www.musora.com/singeo/student-reviews/singing-while-playing-piano-author589goonit/376328,2022-12-02,Pitch,,Pitch,Vowel Shapes,,,,,,
376328,student-review,Singing While Playing Piano - Author589goonit,https://admin.musora.com/admin#/content/singeo/376328,https://www.musora.com/singeo/student-reviews/singing-while-playing-piano-author589goonit/376328,2022-12-02,Vowel Shapes,,,,,,,,,
376326,student-review,Shaping Vowels To Personalize Songs - Paulwithglasses,https://admin.musora.com/admin#/content/singeo/376326,https://www.musora.com/singeo/student-reviews/shaping-vowels-to-personalize-songs-paulwithglasses/376326,2022-12-02,Vowel Shapes,,Vowel Shapes,Style,,,,,,
376323,student-review,Using Vocal Fry To Connect - Ilva,https://admin.musora.com/admin#/content/singeo/376323,https://www.musora.com/singeo/student-reviews/using-vocal-fry-to-connect-ilva/376323,2022-12-02,No Chest Voice,,No Chest Voice,,,,,,,
376321,student-review,Removing Tension While Exercising - FernandoSamo,https://admin.musora.com/admin#/content/singeo/376321,https://www.musora.com/singeo/student-reviews/removing-tension-while-exercising-fernandosamo/376321,2022-12-02,Tension,,Tension,,,,,,,
376318,student-review,Finding Strength And Connection - EmmaSB,https://admin.musora.com/admin#/content/singeo/376318,https://www.musora.com/singeo/student-reviews/finding-strength-and-connection-emmasb/376318,2022-12-02,No Chest Voice,,No Chest Voice,,,,,,,
376316,student-review,Connection In The Transition - Gil Hereny,https://admin.musora.com/admin#/content/singeo/376316,https://www.musora.com/singeo/student-reviews/connection-in-the-transition-gil-hereny/376316,2022-12-02,No Chest Voice,,No Chest Voice,Vowel Shapes,,,,,,
376316,student-review,Connection In The Transition - Gil Hereny,https://admin.musora.com/admin#/content/singeo/376316,https://www.musora.com/singeo/student-reviews/connection-in-the-transition-gil-hereny/376316,2022-12-02,Vowel Shapes,,,,,,,,,
375939,student-review,Finding A Forward Placement - Meganw,https://admin.musora.com/admin#/content/singeo/375939,https://www.musora.com/singeo/student-reviews/finding-a-forward-placement-meganw/375939,2022-11-25,Vowel Shapes,,Vowel Shapes,,,,,,,
375938,student-review,Adding Energy To Assist Pitch - Mike T-rocksky,https://admin.musora.com/admin#/content/singeo/375938,https://www.musora.com/singeo/student-reviews/adding-energy-to-assist-pitch-mike-t-rocksky/375938,2022-11-25,Pitch,,Pitch,,,,,,,
375937,student-review,Breath Support For A Long Phrase - Nancy V,https://admin.musora.com/admin#/content/singeo/375937,https://www.musora.com/singeo/student-reviews/breath-support-for-a-long-phrase-nancy-v/375937,2022-11-25,Breath Support,,Breath Support,,,,,,,
375936,student-review,Keeping Your Diphthongs Open  - Ray,https://admin.musora.com/admin#/content/singeo/375936,https://www.musora.com/singeo/student-reviews/keeping-your-diphthongs-open-ray/375936,2022-11-25,Vowel Shapes,,Vowel Shapes,,,,,,,
375935,student-review,Making The Song Your Own - Damien,https://admin.musora.com/admin#/content/singeo/375935,https://www.musora.com/singeo/student-reviews/making-the-song-your-own-damien/375935,2022-11-25,Performance/Stage Presence,,,Style,,,,,Performance,
375934,student-review,Doing Exercises Correctly - Tolo,https://admin.musora.com/admin#/content/singeo/375934,https://www.musora.com/singeo/student-reviews/doing-exercises-correctly-tolo/375934,2022-11-25,Vowel Shapes,,Vowel Shapes,,,,,,Practice Tips,
375933,student-review,Walk Through The Pitch - Ogma,https://admin.musora.com/admin#/content/singeo/375933,https://www.musora.com/singeo/student-reviews/walk-through-the-pitch-ogma/375933,2022-11-25,Pitch,,Pitch,,Rhythm,,,,,
375933,student-review,Walk Through The Pitch - Ogma,https://admin.musora.com/admin#/content/singeo/375933,https://www.musora.com/singeo/student-reviews/walk-through-the-pitch-ogma/375933,2022-11-25,Rhythm/Phrasing,,,,,,,,,
375931,student-review,Adding Strength To Your Voice - KristinN,https://admin.musora.com/admin#/content/singeo/375931,https://www.musora.com/singeo/student-reviews/adding-strength-to-your-voice-kristinn/375931,2022-11-25,No Chest Voice,,No Chest Voice,,,,,,,
375930,student-review,Find The Connection - W1ll1am,https://admin.musora.com/admin#/content/singeo/375930,https://www.musora.com/singeo/student-reviews/find-the-connection-w1ll1am/375930,2022-11-25,No Chest Voice,,No Chest Voice,Pitch,,,,,,
375930,student-review,Find The Connection - W1ll1am,https://admin.musora.com/admin#/content/singeo/375930,https://www.musora.com/singeo/student-reviews/find-the-connection-w1ll1am/375930,2022-11-25,Pitch,,,,Rhythm,,,,,
375929,student-review,Using Fry To Find Grit - Roxy,https://admin.musora.com/admin#/content/singeo/375929,https://www.musora.com/singeo/student-reviews/using-fry-to-find-grit-roxy/375929,2022-11-25,Rhythm/Phrasing,,Vowel Shapes,,Rhythm,,,,,
375546,student-review,Creating A Path Of Least Resistance - LuckyDawg,https://admin.musora.com/admin#/content/singeo/375546,https://www.musora.com/singeo/student-reviews/creating-a-path-of-least-resistance-luckydawg/375546,2022-11-18,Rhythm/Phrasing,,,,,,,,,
375546,student-review,Creating A Path Of Least Resistance - LuckyDawg,https://admin.musora.com/admin#/content/singeo/375546,https://www.musora.com/singeo/student-reviews/creating-a-path-of-least-resistance-luckydawg/375546,2022-11-18,Vowel Shapes,,,,,,,,,
375545,student-review,Sing the Vowels - John Frost Olympia,https://admin.musora.com/admin#/content/singeo/375545,https://www.musora.com/singeo/student-reviews/sing-the-vowels-john-frost-olympia/375545,2022-11-18,Breath Support,,Breath Support,Vowel Shapes,,,,,,
375545,student-review,Sing the Vowels - John Frost Olympia,https://admin.musora.com/admin#/content/singeo/375545,https://www.musora.com/singeo/student-reviews/sing-the-vowels-john-frost-olympia/375545,2022-11-18,Vowel Shapes,,,,,,,,,
375544,student-review,Following Up On Breath - Roxy,https://admin.musora.com/admin#/content/singeo/375544,https://www.musora.com/singeo/student-reviews/following-up-on-breath-roxy/375544,2022-11-18,Breath Support,,Breath Support,,,,,,,
375543,student-review,Conveying Emotion In Song - MonaLisa,https://admin.musora.com/admin#/content/singeo/375543,https://www.musora.com/singeo/student-reviews/conveying-emotion-in-song-monalisa/375543,2022-11-18,Vowel Shapes,,Vowel Shapes,,,,,,,
375542,student-review,Experimenting With Different Types Of Harmonies - Ogma,https://admin.musora.com/admin#/content/singeo/375542,https://www.musora.com/singeo/student-reviews/experimenting-with-different-types-of-harmonies-ogma/375542,2022-11-18,Pitch,,Pitch,,,,,,,
375541,student-review,Focus On Vowels - Thisoares,https://admin.musora.com/admin#/content/singeo/375541,https://www.musora.com/singeo/student-reviews/focus-on-vowels-thisoares/375541,2022-11-18,Pitch,,Pitch,,Rhythm,,,,,
375541,student-review,Focus On Vowels - Thisoares,https://admin.musora.com/admin#/content/singeo/375541,https://www.musora.com/singeo/student-reviews/focus-on-vowels-thisoares/375541,2022-11-18,Rhythm/Phrasing,,,,,,,,,
375540,student-review,Relaxing The Jaw - Lauren - Music For The Soul,https://admin.musora.com/admin#/content/singeo/375540,https://www.musora.com/singeo/student-reviews/relaxing-the-jaw-lauren-music-for-the-soul/375540,2022-11-18,Tension,,Tension,Vowel Shapes,,,,,,
375540,student-review,Relaxing The Jaw - Lauren - Music For The Soul,https://admin.musora.com/admin#/content/singeo/375540,https://www.musora.com/singeo/student-reviews/relaxing-the-jaw-lauren-music-for-the-soul/375540,2022-11-18,Vowel Shapes,,,,,,,,,
375539,student-review,Fine Tuning Your Vowel Shapes - Carlz,https://admin.musora.com/admin#/content/singeo/375539,https://www.musora.com/singeo/student-reviews/fine-tuning-your-vowel-shapes-carlz/375539,2022-11-18,Pitch,,Pitch,Vowel Shapes,,,,,,
375539,student-review,Fine Tuning Your Vowel Shapes - Carlz,https://admin.musora.com/admin#/content/singeo/375539,https://www.musora.com/singeo/student-reviews/fine-tuning-your-vowel-shapes-carlz/375539,2022-11-18,Vowel Shapes,,,,,,,,,
375538,student-review,Open Up The Vowels - Brysonsethyoung,https://admin.musora.com/admin#/content/singeo/375538,https://www.musora.com/singeo/student-reviews/open-up-the-vowels-brysonsethyoung/375538,2022-11-18,Breath Support,,Breath Support,Vowel Shapes,,,,,,
375538,student-review,Open Up The Vowels - Brysonsethyoung,https://admin.musora.com/admin#/content/singeo/375538,https://www.musora.com/singeo/student-reviews/open-up-the-vowels-brysonsethyoung/375538,2022-11-18,Vowel Shapes,,,,,,,,,
375536,student-review,Developing Power Supported By Breath - James Suntres,https://admin.musora.com/admin#/content/singeo/375536,https://www.musora.com/singeo/student-reviews/developing-power-supported-by-breath-james-suntres/375536,2022-11-18,Breath Support,,Breath Support,,,,,,,
375535,student-review,Connected Release: Balancing The Tension  - Simon L,https://admin.musora.com/admin#/content/singeo/375535,https://www.musora.com/singeo/student-reviews/connected-release-balancing-the-tension-simon-l/375535,2022-11-18,Breath Support,,Breath Support,Tension,,,,,,
375535,student-review,Connected Release: Balancing The Tension  - Simon L,https://admin.musora.com/admin#/content/singeo/375535,https://www.musora.com/singeo/student-reviews/connected-release-balancing-the-tension-simon-l/375535,2022-11-18,Tension,,,,,,,,,
375534,student-review,Engaging Chest Voice To Support Pitch - Sissie,https://admin.musora.com/admin#/content/singeo/375534,https://www.musora.com/singeo/student-reviews/engaging-chest-voice-to-support-pitch-sissie/375534,2022-11-18,No Chest Voice,,No Chest Voice,Pitch,,,,,,
375534,student-review,Engaging Chest Voice To Support Pitch - Sissie,https://admin.musora.com/admin#/content/singeo/375534,https://www.musora.com/singeo/student-reviews/engaging-chest-voice-to-support-pitch-sissie/375534,2022-11-18,Pitch,,,,,,,,,
375533,student-review,Determining Your Vocal Tendencies - Tolo,https://admin.musora.com/admin#/content/singeo/375533,https://www.musora.com/singeo/student-reviews/determining-your-vocal-tendencies-tolo/375533,2022-11-18,Flipper,,Flipper,Vowel Shapes,,,,,,
375533,student-review,Determining Your Vocal Tendencies - Tolo,https://admin.musora.com/admin#/content/singeo/375533,https://www.musora.com/singeo/student-reviews/determining-your-vocal-tendencies-tolo/375533,2022-11-18,Vowel Shapes,,,,,,,,,
375488,student-review,Shaping Vowels To Release Grip - Ed Koop,https://admin.musora.com/admin#/content/singeo/375488,https://www.musora.com/singeo/student-reviews/shaping-vowels-to-release-grip-ed-koop/375488,2022-11-18,Tension,,Tension,Vowel Shapes,,,,,,
375488,student-review,Shaping Vowels To Release Grip - Ed Koop,https://admin.musora.com/admin#/content/singeo/375488,https://www.musora.com/singeo/student-reviews/shaping-vowels-to-release-grip-ed-koop/375488,2022-11-18,Vowel Shapes,,,,,,,,,
375487,student-review,Release And Re-Balance - Shruti Tiwari,https://admin.musora.com/admin#/content/singeo/375487,https://www.musora.com/singeo/student-reviews/release-and-re-balance-shruti-tiwari/375487,2022-11-18,Chest Puller,,Chest Puller,Vowel Shapes,,,,,,
375487,student-review,Release And Re-Balance - Shruti Tiwari,https://admin.musora.com/admin#/content/singeo/375487,https://www.musora.com/singeo/student-reviews/release-and-re-balance-shruti-tiwari/375487,2022-11-18,Vowel Shapes,,,,,,,,,
375350,student-review,Using Vowels To Create Path Of Least Resistance - Ourmaninboston,https://admin.musora.com/admin#/content/singeo/375350,https://www.musora.com/singeo/student-reviews/using-vowels-to-create-path-of-least-resistance-ourmaninboston/375350,2022-11-11,Breath Support,,Breath Support,,Rhythm,,,,,
375350,student-review,Using Vowels To Create Path Of Least Resistance - Ourmaninboston,https://admin.musora.com/admin#/content/singeo/375350,https://www.musora.com/singeo/student-reviews/using-vowels-to-create-path-of-least-resistance-ourmaninboston/375350,2022-11-11,Rhythm/Phrasing,,,,,,,,,
375337,student-review,Checking In On A Live Performance - Pete Guitar,https://admin.musora.com/admin#/content/singeo/375337,https://www.musora.com/singeo/student-reviews/checking-in-on-a-live-performance-pete-guitar/375337,2022-11-11,Performance/Stage Presence,,,,,,,,Performance,
375336,student-review,Moving The Resonance Out Of Your Nose - Jackh,https://admin.musora.com/admin#/content/singeo/375336,https://www.musora.com/singeo/student-reviews/moving-the-resonance-out-of-your-nose-jackh/375336,2022-11-11,Breath Support,,Breath Support,Tension,,,,,,
375336,student-review,Moving The Resonance Out Of Your Nose - Jackh,https://admin.musora.com/admin#/content/singeo/375336,https://www.musora.com/singeo/student-reviews/moving-the-resonance-out-of-your-nose-jackh/375336,2022-11-11,Tension,,,,,,,,,
375335,student-review,Fixing The Trouble Spots - Nigel P,https://admin.musora.com/admin#/content/singeo/375335,https://www.musora.com/singeo/student-reviews/fixing-the-trouble-spots-nigel-p/375335,2022-11-11,Vowel Shapes,,Vowel Shapes,,,,,,,
375334,student-review,Getting Ready For The Stage - Ray,https://admin.musora.com/admin#/content/singeo/375334,https://www.musora.com/singeo/student-reviews/getting-ready-for-the-stage-ray/375334,2022-11-11,Performance/Stage Presence,,,,,,,,Performance,Gigging Tips & Gear
375333,student-review,Following Up - Ray,https://admin.musora.com/admin#/content/singeo/375333,https://www.musora.com/singeo/student-reviews/following-up-ray/375333,2022-11-11,Performance/Stage Presence,,,,,,,,Performance,
375332,student-review,Determining Your Type - Navioh,https://admin.musora.com/admin#/content/singeo/375332,https://www.musora.com/singeo/student-reviews/determining-your-type-navioh/375332,2022-11-11,Flipper,,Flipper,,,,,,,
375331,student-review,Singing While Playing Piano - Author589goonit,https://admin.musora.com/admin#/content/singeo/375331,https://www.musora.com/singeo/student-reviews/singing-while-playing-piano-author589goonit/375331,2022-11-11,Pitch,,,,,,,,,
375330,student-review,Getting Karaoke Ready - Ogma,https://admin.musora.com/admin#/content/singeo/375330,https://www.musora.com/singeo/student-reviews/getting-karaoke-ready-ogma/375330,2022-11-11,Breath Support,,Breath Support,Pitch,,,,,Performance,
375330,student-review,Getting Karaoke Ready - Ogma,https://admin.musora.com/admin#/content/singeo/375330,https://www.musora.com/singeo/student-reviews/getting-karaoke-ready-ogma/375330,2022-11-11,Pitch,,,,,,,,,
375329,student-review,Refining Your Performance - Ray,https://admin.musora.com/admin#/content/singeo/375329,https://www.musora.com/singeo/student-reviews/refining-your-performance-ray/375329,2022-11-18,Performance/Stage Presence,,,,,,,,Performance,
375245,student-review,Blending Connected & Released Tones Throughout the Register - Paulwithglasses,https://admin.musora.com/admin#/content/singeo/375245,https://www.musora.com/singeo/student-reviews/blending-connected-released-tones-throughout-the-register-paulwithglasses/375245,2022-11-11,Performance/Stage Presence,,Vocal Range,,,,,,Performance,
375245,student-review,Blending Connected & Released Tones Throughout the Register - Paulwithglasses,https://admin.musora.com/admin#/content/singeo/375245,https://www.musora.com/singeo/student-reviews/blending-connected-released-tones-throughout-the-register-paulwithglasses/375245,2022-11-11,Vocal Range,,,,,,,,,
375244,student-review,The Right Key For A Perfect Performance - Roxy,https://admin.musora.com/admin#/content/singeo/375244,https://www.musora.com/singeo/student-reviews/the-right-key-for-a-perfect-performance-roxy/375244,2022-11-11,Breath Support,,Breath Support,Tension,,,,,Performance,
375244,student-review,The Right Key For A Perfect Performance - Roxy,https://admin.musora.com/admin#/content/singeo/375244,https://www.musora.com/singeo/student-reviews/the-right-key-for-a-perfect-performance-roxy/375244,2022-11-11,Tension,,,,,,,,,
375019,student-review,Adding Energy To Your Performance - Brenda Holloway,https://admin.musora.com/admin#/content/singeo/375019,https://www.musora.com/singeo/student-reviews/adding-energy-to-your-performance-brenda-holloway/375019,2022-11-04,No Chest Voice,,No Chest Voice,,,,,,Performance,
375019,student-review,Adding Energy To Your Performance - Brenda Holloway,https://admin.musora.com/admin#/content/singeo/375019,https://www.musora.com/singeo/student-reviews/adding-energy-to-your-performance-brenda-holloway/375019,2022-11-04,Performance/Stage Presence,,,,,,,,,
375018,student-review,Using Breath To Feed The Vowels - Ray,https://admin.musora.com/admin#/content/singeo/375018,https://www.musora.com/singeo/student-reviews/using-breath-to-feed-the-vowels-ray/375018,2022-11-04,Breath Support,,Breath Support,Vowel Shapes,,,,,,
375018,student-review,Using Breath To Feed The Vowels - Ray,https://admin.musora.com/admin#/content/singeo/375018,https://www.musora.com/singeo/student-reviews/using-breath-to-feed-the-vowels-ray/375018,2022-11-04,Vowel Shapes,,,,,,,,,
375017,student-review,Making Space For Breath Flow - LauraVC,https://admin.musora.com/admin#/content/singeo/375017,https://www.musora.com/singeo/student-reviews/making-space-for-breath-flow-lauravc/375017,2022-11-04,Breath Support,,Breath Support,Vowel Shapes,,,,,,
375017,student-review,Making Space For Breath Flow - LauraVC,https://admin.musora.com/admin#/content/singeo/375017,https://www.musora.com/singeo/student-reviews/making-space-for-breath-flow-lauravc/375017,2022-11-04,Vowel Shapes,,,,,,,,,
375016,student-review,Regulating Vibrato - Dawn.Strzalka,https://admin.musora.com/admin#/content/singeo/375016,https://www.musora.com/singeo/student-reviews/regulating-vibrato-dawnstrzalka/375016,2022-11-04,Confidence,,No Chest Voice,,,,,,Performance,
375016,student-review,Regulating Vibrato - Dawn.Strzalka,https://admin.musora.com/admin#/content/singeo/375016,https://www.musora.com/singeo/student-reviews/regulating-vibrato-dawnstrzalka/375016,2022-11-04,No Chest Voice,,,,,,,,,
375015,student-review,Building Dynamics In Song - Simon L,https://admin.musora.com/admin#/content/singeo/375015,https://www.musora.com/singeo/student-reviews/building-dynamics-in-song-simon-l/375015,2022-11-04,Chest Puller,,Chest Puller,Tension,,,,,,
375015,student-review,Building Dynamics In Song - Simon L,https://admin.musora.com/admin#/content/singeo/375015,https://www.musora.com/singeo/student-reviews/building-dynamics-in-song-simon-l/375015,2022-11-04,Tension,,,,,,,,,
375014,student-review,Enhancing Your Performance - Damien,https://admin.musora.com/admin#/content/singeo/375014,https://www.musora.com/singeo/student-reviews/enhancing-your-performance-damien/375014,2022-11-04,Performance/Stage Presence,,,,,,,,Performance,
375010,student-review,Experimenting With Harmonies - Kellie & Kai,https://admin.musora.com/admin#/content/singeo/375010,https://www.musora.com/singeo/student-reviews/experimenting-with-harmonies-kellie-kai/375010,2022-11-04,Confidence,,,,,,,,Performance,
375008,student-review,Perfecting Your Pitch - Ourmaninboston,https://admin.musora.com/admin#/content/singeo/375008,https://www.musora.com/singeo/student-reviews/perfecting-your-pitch-ourmaninboston/375008,2022-11-04,Pitch,,Pitch,Vocal Range,,,,,,
375008,student-review,Perfecting Your Pitch - Ourmaninboston,https://admin.musora.com/admin#/content/singeo/375008,https://www.musora.com/singeo/student-reviews/perfecting-your-pitch-ourmaninboston/375008,2022-11-04,Vocal Range,,,,,,,,,
375007,student-review,30 Day Challenge Check-In - Tolo,https://admin.musora.com/admin#/content/singeo/375007,https://www.musora.com/singeo/student-reviews/30-day-challenge-check-in-tolo/375007,2022-11-04,Pitch,,Pitch,,Rhythm,,,,,
375007,student-review,30 Day Challenge Check-In - Tolo,https://admin.musora.com/admin#/content/singeo/375007,https://www.musora.com/singeo/student-reviews/30-day-challenge-check-in-tolo/375007,2022-11-04,Rhythm/Phrasing,,,,,,,,,
374832,student-review,Checking In On Style Exercises - Ingrid Poulsen,https://admin.musora.com/admin#/content/singeo/374832,https://www.musora.com/singeo/student-reviews/checking-in-on-style-exercises-ingrid-poulsen/374832,2022-10-28,No Chest Voice,,No Chest Voice,Style,,,,,,
374830,student-review,Building Style That Suits Your Voice - Sasimons,https://admin.musora.com/admin#/content/singeo/374830,https://www.musora.com/singeo/student-reviews/building-style-that-suits-your-voice-sasimons/374830,2022-10-28,No Chest Voice,,No Chest Voice,Style,,,,,,
374825,student-review,Strengthen The High Notes - Gonzalo Ares,https://admin.musora.com/admin#/content/singeo/374825,https://www.musora.com/singeo/student-reviews/strengthen-the-high-notes-gonzalo-ares/374825,2022-10-28,Vocal Range,,Vocal Range,,,,,,,
374824,student-review,Perfecting The Song - Roxy,https://admin.musora.com/admin#/content/singeo/374824,https://www.musora.com/singeo/student-reviews/perfecting-the-song-roxy/374824,2022-10-28,Breath Support,,Breath Support,,,,,,,
374823,student-review,Narrowing In On Vowel Shapes - Nigel P,https://admin.musora.com/admin#/content/singeo/374823,https://www.musora.com/singeo/student-reviews/narrowing-in-on-vowel-shapes-nigel-p/374823,2022-10-28,Vowel Shapes,,Vowel Shapes,,,,,,,
374822,student-review,Shaping The Sound - Damien,https://admin.musora.com/admin#/content/singeo/374822,https://www.musora.com/singeo/student-reviews/shaping-the-sound-damien/374822,2022-10-28,Rhythm/Phrasing,,Vowel Shapes,,Rhythm,,,,,
374822,student-review,Shaping The Sound - Damien,https://admin.musora.com/admin#/content/singeo/374822,https://www.musora.com/singeo/student-reviews/shaping-the-sound-damien/374822,2022-10-28,Vowel Shapes,,,,,,,,,
374821,student-review,Refining Pitch  - Tim Bondyra,https://admin.musora.com/admin#/content/singeo/374821,https://www.musora.com/singeo/student-reviews/finding-the-notes-tim-bondyra/374821,2022-10-28,Pitch,,Pitch,Tension,,,,,,
374821,student-review,Refining Pitch  - Tim Bondyra,https://admin.musora.com/admin#/content/singeo/374821,https://www.musora.com/singeo/student-reviews/finding-the-notes-tim-bondyra/374821,2022-10-28,Tension,,,,,,,,,
374819,student-review,Creating A Smooth Flow - Nancy V,https://admin.musora.com/admin#/content/singeo/374819,https://www.musora.com/singeo/student-reviews/creating-a-smooth-flow-nancy-v/374819,2022-10-28,Breath Support,,Breath Support,,Rhythm,,,,,
374819,student-review,Creating A Smooth Flow - Nancy V,https://admin.musora.com/admin#/content/singeo/374819,https://www.musora.com/singeo/student-reviews/creating-a-smooth-flow-nancy-v/374819,2022-10-28,Rhythm/Phrasing,,,,,,,,,
374818,student-review,Preparing Your Song For Performance - Ray,https://admin.musora.com/admin#/content/singeo/374818,https://www.musora.com/singeo/student-reviews/preparing-your-song-for-performance-ray/374818,2022-10-28,Performance/Stage Presence,,,,,,,,Performance,
374816,student-review,Focusing On Pitch - Shyan Rae,https://admin.musora.com/admin#/content/singeo/374816,https://www.musora.com/singeo/student-reviews/focusing-on-pitch-shyan-rae/374816,2022-10-28,Pitch,,Pitch,,,,,,,
374815,student-review,Adding Strength In Higher Range - Sandi D,https://admin.musora.com/admin#/content/singeo/374815,https://www.musora.com/singeo/student-reviews/adding-strength-in-higher-range-sandi-d/374815,2022-10-28,Vocal Range,,Vocal Range,,,,,,,
374658,student-review,Focusing On Vowels - Ray,https://admin.musora.com/admin#/content/singeo/374658,https://www.musora.com/singeo/student-reviews/focusing-on-vowels-ray/374658,2022-10-21,Breath Support,,Breath Support,Vowel Shapes,,,,,,
374658,student-review,Focusing On Vowels - Ray,https://admin.musora.com/admin#/content/singeo/374658,https://www.musora.com/singeo/student-reviews/focusing-on-vowels-ray/374658,2022-10-21,Vowel Shapes,,,,,,,,,
374656,student-review,Finding Your Power - Bhaede,https://admin.musora.com/admin#/content/singeo/374656,https://www.musora.com/singeo/student-reviews/finding-your-power-bhaede/374656,2022-10-21,Performance/Stage Presence,,Vowel Shapes,,,,,,Performance,
374656,student-review,Finding Your Power - Bhaede,https://admin.musora.com/admin#/content/singeo/374656,https://www.musora.com/singeo/student-reviews/finding-your-power-bhaede/374656,2022-10-21,Vowel Shapes,,,,,,,,,
374655,student-review,Implementing Movement - Roxy,https://admin.musora.com/admin#/content/singeo/374655,https://www.musora.com/singeo/student-reviews/implementing-movement-roxy/374655,2022-10-21,Vowel Shapes,,Vowel Shapes,,,,,,,
374654,student-review,Getting Out Of The Nose - Kevin Teyor,https://admin.musora.com/admin#/content/singeo/374654,https://www.musora.com/singeo/student-reviews/getting-out-of-the-nose-kevin-teyor/374654,2022-10-21,Vowel Shapes,,Vowel Shapes,,,,,,,
374652,student-review,Refining Pitch On Higher Notes - Simon L,https://admin.musora.com/admin#/content/singeo/374652,https://www.musora.com/singeo/student-reviews/refining-pitch-on-higher-notes-simon-l/374652,2022-10-21,Flipper,,Flipper,Tension,,,,,,
374652,student-review,Refining Pitch On Higher Notes - Simon L,https://admin.musora.com/admin#/content/singeo/374652,https://www.musora.com/singeo/student-reviews/refining-pitch-on-higher-notes-simon-l/374652,2022-10-21,Tension,,,,,,,,,
374651,student-review,Controlling Volume From Low To High - Terri Purich,https://admin.musora.com/admin#/content/singeo/374651,https://www.musora.com/singeo/student-reviews/controlling-volume-from-low-to-high-terri-purich/374651,2022-10-21,Flipper,,Flipper,,,,,,,
374650,student-review,Open Up & Let It Out - Ray,https://admin.musora.com/admin#/content/singeo/374650,https://www.musora.com/singeo/student-reviews/open-up-let-it-out-ray/374650,2022-10-21,Breath Support,,Breath Support,Vowel Shapes,,,,,,
374650,student-review,Open Up & Let It Out - Ray,https://admin.musora.com/admin#/content/singeo/374650,https://www.musora.com/singeo/student-reviews/open-up-let-it-out-ray/374650,2022-10-21,Vowel Shapes,,,,,,,,,
374649,student-review,Adding Dynamics - Claire Blythe,https://admin.musora.com/admin#/content/singeo/374649,https://www.musora.com/singeo/student-reviews/adding-dynamics-claire-blythe/374649,2022-10-21,Breath Support,,Breath Support,Vowel Shapes,,,,,,
374649,student-review,Adding Dynamics - Claire Blythe,https://admin.musora.com/admin#/content/singeo/374649,https://www.musora.com/singeo/student-reviews/adding-dynamics-claire-blythe/374649,2022-10-21,Vowel Shapes,,,,,,,,,
374648,student-review,Release The Grip - Find The Pitch - Bryson Seth Young,https://admin.musora.com/admin#/content/singeo/374648,https://www.musora.com/singeo/student-reviews/release-the-grip-find-the-pitch-bryson-seth-young/374648,2022-10-21,Chest Puller,,Chest Puller,Pitch,,,,,,
374648,student-review,Release The Grip - Find The Pitch - Bryson Seth Young,https://admin.musora.com/admin#/content/singeo/374648,https://www.musora.com/singeo/student-reviews/release-the-grip-find-the-pitch-bryson-seth-young/374648,2022-10-21,Pitch,,,,,,,,,
374647,student-review,Find & Keep The Pitch - Shyan Rae,https://admin.musora.com/admin#/content/singeo/374647,https://www.musora.com/singeo/student-reviews/find-keep-the-pitch-shyan-rae/374647,2022-10-21,Pitch,,Pitch,,,,,,,
374646,student-review,Add Emotion To Find Connection - Moepower,https://admin.musora.com/admin#/content/singeo/374646,https://www.musora.com/singeo/student-reviews/add-emotion-to-find-connection-moepower/374646,2022-10-21,Breath Support,,Breath Support,Pitch,,,,,,
374646,student-review,Add Emotion To Find Connection - Moepower,https://admin.musora.com/admin#/content/singeo/374646,https://www.musora.com/singeo/student-reviews/add-emotion-to-find-connection-moepower/374646,2022-10-21,Pitch,,,,,,,,,
374399,student-review,Refining Melody - Author589goonit,https://admin.musora.com/admin#/content/singeo/374399,https://www.musora.com/singeo/student-reviews/refining-melody-author589goonit/374399,2022-10-14,Pitch,,Pitch,,,,,,,
374398,student-review,Using Breath And Shapes For Smooth Results - Roxy,https://admin.musora.com/admin#/content/singeo/374398,https://www.musora.com/singeo/student-reviews/using-breath-and-shapes-for-smooth-results-roxy/374398,2022-10-14,Breath Support,,Breath Support,Chest Puller,,,,,,
374398,student-review,Using Breath And Shapes For Smooth Results - Roxy,https://admin.musora.com/admin#/content/singeo/374398,https://www.musora.com/singeo/student-reviews/using-breath-and-shapes-for-smooth-results-roxy/374398,2022-10-14,Chest Puller,,,,,,,,,
374397,student-review,Narrowing In On Pitch - Saronravuth,https://admin.musora.com/admin#/content/singeo/374397,https://www.musora.com/singeo/student-reviews/narrowing-in-on-pitch-saronravuth/374397,2022-10-14,Chest Puller,,Chest Puller,Pitch,,,,,,
374397,student-review,Narrowing In On Pitch - Saronravuth,https://admin.musora.com/admin#/content/singeo/374397,https://www.musora.com/singeo/student-reviews/narrowing-in-on-pitch-saronravuth/374397,2022-10-14,Pitch,,,,,,,,,
374396,student-review,Making High Notes Sound Good - Sandi D,https://admin.musora.com/admin#/content/singeo/374396,https://www.musora.com/singeo/student-reviews/making-high-notes-sound-good-sandi-d/374396,2022-10-14,Vocal Range,,Vocal Range,Vowel Shapes,,,,,,
374396,student-review,Making High Notes Sound Good - Sandi D,https://admin.musora.com/admin#/content/singeo/374396,https://www.musora.com/singeo/student-reviews/making-high-notes-sound-good-sandi-d/374396,2022-10-14,Vowel Shapes,,,,,,,,,
374340,student-review,Singing Into The Vowels - Allen Doggy Daddy,https://admin.musora.com/admin#/content/singeo/374340,https://www.musora.com/singeo/student-reviews/singing-into-the-vowels-allen-doggy-daddy/374340,2022-10-14,Chest Puller,,Chest Puller,Vowel Shapes,,,,,,
374340,student-review,Singing Into The Vowels - Allen Doggy Daddy,https://admin.musora.com/admin#/content/singeo/374340,https://www.musora.com/singeo/student-reviews/singing-into-the-vowels-allen-doggy-daddy/374340,2022-10-14,Vowel Shapes,,,,,,,,,
374339,student-review,Reshaping Vowels for Ease & Presence - Simon.Spider,https://admin.musora.com/admin#/content/singeo/374339,https://www.musora.com/singeo/student-reviews/reshaping-vowels-for-ease-presence-simonspider/374339,2022-10-14,Tension,,Tension,,,,,,,
374337,student-review,Adding Grit Stylistically - P.Damien,https://admin.musora.com/admin#/content/singeo/374337,https://www.musora.com/singeo/student-reviews/adding-grit-stylistically-pdamien/374337,2022-10-14,Performance/Stage Presence,,,,,,,,Performance,
374335,student-review,Building A Strong Voice - Shakti Tracy,https://admin.musora.com/admin#/content/singeo/374335,https://www.musora.com/singeo/student-reviews/building-a-strong-voice-shakti-tracy/374335,2022-10-14,Blender,,Blender,,,,,,,
373867,student-review,Avoiding Nasal Resonance - Simon.Spider,https://admin.musora.com/admin#/content/singeo/373867,https://www.musora.com/singeo/student-reviews/avoiding-nasal-resonance-simonspider/373867,2022-10-07,Vocal Range,,Vocal Range,,,,,,,
373866,student-review,Releasing Into High Notes - K. Fox (Kelly),https://admin.musora.com/admin#/content/singeo/373866,https://www.musora.com/singeo/student-reviews/releasing-into-high-notes-k-fox-kelly/373866,2022-10-07,Chest Puller,,Chest Puller,,,,,,,
373865,student-review,Checking On Vowel Shapes - Lee From London,https://admin.musora.com/admin#/content/singeo/373865,https://www.musora.com/singeo/student-reviews/checking-on-vowel-shapes-lee-from-london/373865,2022-10-07,Vowel Shapes,,Vowel Shapes,,,,,,,
373728,student-review,Which Octave Sounds Best? - Sandi D,https://admin.musora.com/admin#/content/singeo/373728,https://www.musora.com/singeo/student-reviews/which-octave-sounds-best-sandi-d/373728,2022-10-07,Vocal Range,,Vocal Range,,,,,,,
373727,student-review,Making A Song Come Alive With Style  - TeriP From TN,https://admin.musora.com/admin#/content/singeo/373727,https://www.musora.com/singeo/student-reviews/making-a-song-come-alive-with-style-terip-from-tn/373727,2022-10-07,Performance/Stage Presence,,Style,,,,,,Performance,
373725,student-review,Refining Shapes - Nancy V,https://admin.musora.com/admin#/content/singeo/373725,https://www.musora.com/singeo/student-reviews/refining-shapes-nancy-v/373725,2022-10-07,Rhythm/Phrasing,,Vowel Shapes,,Rhythm,,,,,
373725,student-review,Refining Shapes - Nancy V,https://admin.musora.com/admin#/content/singeo/373725,https://www.musora.com/singeo/student-reviews/refining-shapes-nancy-v/373725,2022-10-07,Vowel Shapes,,,,,,,,,
373724,student-review,Practicing Original Song With Movement - Author589goonit,https://admin.musora.com/admin#/content/singeo/373724,https://www.musora.com/singeo/student-reviews/practicing-original-song-with-movement-author589goonit/373724,2022-10-07,Pitch,,Pitch,,,,,,,
373723,student-review,Following Up On Cord Closure - Sam Hb,https://admin.musora.com/admin#/content/singeo/373723,https://www.musora.com/singeo/student-reviews/following-up-on-cord-closure-sam-hb/373723,2022-10-07,Breath Support,,Breath Support,Vowel Shapes,,,,,,
373723,student-review,Following Up On Cord Closure - Sam Hb,https://admin.musora.com/admin#/content/singeo/373723,https://www.musora.com/singeo/student-reviews/following-up-on-cord-closure-sam-hb/373723,2022-10-07,Vowel Shapes,,,,,,,,,
373425,student-review,Steady Breath - Dagmar B,https://admin.musora.com/admin#/content/singeo/373425,https://www.musora.com/singeo/student-reviews/steady-breath-dagmar-b/373425,2022-09-30,Breath Support,,Breath Support,,,,,,Performance,
373425,student-review,Steady Breath - Dagmar B,https://admin.musora.com/admin#/content/singeo/373425,https://www.musora.com/singeo/student-reviews/steady-breath-dagmar-b/373425,2022-09-30,Performance/Stage Presence,,,,,,,,,
373422,student-review,Getting Outside Your Comfort Zone - Shyan Rae,https://admin.musora.com/admin#/content/singeo/373422,https://www.musora.com/singeo/student-reviews/getting-outside-your-comfort-zone-shyan-rae/373422,2022-09-30,No Chest Voice,,No Chest Voice,Vowel Shapes,,,,,,
373422,student-review,Getting Outside Your Comfort Zone - Shyan Rae,https://admin.musora.com/admin#/content/singeo/373422,https://www.musora.com/singeo/student-reviews/getting-outside-your-comfort-zone-shyan-rae/373422,2022-09-30,Vowel Shapes,,,,,,,,,
373421,student-review,Honing In On Harmonies - Bravebuskers,https://admin.musora.com/admin#/content/singeo/373421,https://www.musora.com/singeo/student-reviews/honing-in-on-harmonies-bravebuskers/373421,2022-09-30,Chest Puller,,Chest Puller,,,,,,,
373420,student-review,Reshaping For Style - P.Damien,https://admin.musora.com/admin#/content/singeo/373420,https://www.musora.com/singeo/student-reviews/reshaping-for-style-p-damien/373420,2022-09-30,Performance/Stage Presence,,Vowel Shapes,,,,,,Performance,
373420,student-review,Reshaping For Style - P.Damien,https://admin.musora.com/admin#/content/singeo/373420,https://www.musora.com/singeo/student-reviews/reshaping-for-style-p-damien/373420,2022-09-30,Vowel Shapes,,,,,,,,,
373419,student-review,Exploring Lower Notes - Derek Brown,https://admin.musora.com/admin#/content/singeo/373419,https://www.musora.com/singeo/student-reviews/exploring-lower-notes-derek-brown/373419,2022-09-30,Vocal Range,,Vocal Range,,,,,,,
373418,student-review,Negotiating Fast-Paced Songs - Iris E,https://admin.musora.com/admin#/content/singeo/373418,https://www.musora.com/singeo/student-reviews/negotiating-fast-paced-songs-iris-e/373418,2022-09-30,Performance/Stage Presence,,,,,,,,Performance,
373417,student-review,Relieve Tension To Find Pitch - Brysonsethyoung,https://admin.musora.com/admin#/content/singeo/373417,https://www.musora.com/singeo/student-reviews/relieve-tension-to-find-pitch-brysonsethyoung/373417,2022-09-30,Pitch,,Pitch,Tension,,,,,,
373417,student-review,Relieve Tension To Find Pitch - Brysonsethyoung,https://admin.musora.com/admin#/content/singeo/373417,https://www.musora.com/singeo/student-reviews/relieve-tension-to-find-pitch-brysonsethyoung/373417,2022-09-30,Tension,,,,,,,,,
373416,student-review,Balancing Vowels And Consonants - Marwan Al-Mesbahi(MWN),https://admin.musora.com/admin#/content/singeo/373416,https://www.musora.com/singeo/student-reviews/balancing-vowels-and-consonants-marwan-al-mesbahimwn/373416,2022-09-30,Performance/Stage Presence,,,,,,,,Performance,
373081,student-review,Creating The Path Of Least Resistance For Your Vowels - Nancy V,https://admin.musora.com/admin#/content/singeo/373081,https://www.musora.com/singeo/student-reviews/creating-the-path-of-least-resistance-for-your-vowels-nancyv/373081,2022-09-23,Vowel Shapes,,Vowel Shapes,,,,,,,
373062,student-review,Re-Shaping Vowels: Path of Least Resistance - Nigel P,https://admin.musora.com/admin#/content/singeo/373062,https://www.musora.com/singeo/student-reviews/re-shaping-vowels-path-of-least-resistance-nigel-p/373062,2022-09-23,Confidence,,Vowel Shapes,,,,,,Performance,
373062,student-review,Re-Shaping Vowels: Path of Least Resistance - Nigel P,https://admin.musora.com/admin#/content/singeo/373062,https://www.musora.com/singeo/student-reviews/re-shaping-vowels-path-of-least-resistance-nigel-p/373062,2022-09-23,Vowel Shapes,,,,,,,,,
373060,student-review,Following Up On Vibrato - MeganW,https://admin.musora.com/admin#/content/singeo/373060,https://www.musora.com/singeo/student-reviews/following-up-on-vibrato-meganw/373060,2022-09-23,Performance/Stage Presence,,,,,,,,Performance,
373059,student-review,Working Out The Details - Liz H,https://admin.musora.com/admin#/content/singeo/373059,https://www.musora.com/singeo/student-reviews/working-out-the-details-liz-h/373059,2022-09-23,Confidence,,,,,,,,Performance,
373059,student-review,Working Out The Details - Liz H,https://admin.musora.com/admin#/content/singeo/373059,https://www.musora.com/singeo/student-reviews/working-out-the-details-liz-h/373059,2022-09-23,Performance/Stage Presence,,,,,,,,,
373058,student-review,Practicing Harmonies - Bravebuskers,https://admin.musora.com/admin#/content/singeo/373058,https://www.musora.com/singeo/student-reviews/practicing-harmonies-bravebuskers/373058,2022-09-23,Performance/Stage Presence,,,,,,,,Performance,
373055,student-review,Balancing Your Voice - Ray,https://admin.musora.com/admin#/content/singeo/373055,https://www.musora.com/singeo/student-reviews/balancing-your-voice-ray/373055,2022-09-23,Breath Support,,Breath Support,Chest Puller,,,,,,
373055,student-review,Balancing Your Voice - Ray,https://admin.musora.com/admin#/content/singeo/373055,https://www.musora.com/singeo/student-reviews/balancing-your-voice-ray/373055,2022-09-23,Chest Puller,,,,,,,,,
373048,student-review,Supporting With Breath - Ingrid Poulsen,https://admin.musora.com/admin#/content/singeo/373048,https://www.musora.com/singeo/student-reviews/supporting-with-breath-ingrid-poulsen/373048,2022-09-23,Breath Support,,Breath Support,No Chest Voice,,,,,,
373048,student-review,Supporting With Breath - Ingrid Poulsen,https://admin.musora.com/admin#/content/singeo/373048,https://www.musora.com/singeo/student-reviews/supporting-with-breath-ingrid-poulsen/373048,2022-09-23,No Chest Voice,,,,,,,,,
373045,student-review,Building Breath Support - Isaac Bonful,https://admin.musora.com/admin#/content/singeo/373045,https://www.musora.com/singeo/student-reviews/building-breath-support-isaac-bonful/373045,2022-09-23,Breath Support,,Breath Support,,,,,,,
373044,student-review,Feeling A 6/8 Time Signature - K. Fox (Kelly),https://admin.musora.com/admin#/content/singeo/373044,https://www.musora.com/singeo/student-reviews/feeling-a-68-time-signature-k-fox-kelly/373044,2022-09-23,Chest Puller,,Chest Puller,,Rhythm,,,,,
373044,student-review,Feeling A 6/8 Time Signature - K. Fox (Kelly),https://admin.musora.com/admin#/content/singeo/373044,https://www.musora.com/singeo/student-reviews/feeling-a-68-time-signature-k-fox-kelly/373044,2022-09-23,Rhythm/Phrasing,,,,,,,,,
373043,student-review,Applying Movement To Exercises - Ogma,https://admin.musora.com/admin#/content/singeo/373043,https://www.musora.com/singeo/student-reviews/applying-movement-to-exercises-ogma/373043,2022-09-23,Pitch,,Pitch,Vocal Range,,,,,,
373043,student-review,Applying Movement To Exercises - Ogma,https://admin.musora.com/admin#/content/singeo/373043,https://www.musora.com/singeo/student-reviews/applying-movement-to-exercises-ogma/373043,2022-09-23,Vocal Range,,,,,,,,,
373042,student-review,Balancing Breath & Vocal Cord Closure - Lee From London,https://admin.musora.com/admin#/content/singeo/373042,https://www.musora.com/singeo/student-reviews/balancing-breath-vocal-cord-closure-lee-from-london/373042,2022-09-23,Breath Support,,Breath Support,Tension,,,,,,
373042,student-review,Balancing Breath & Vocal Cord Closure - Lee From London,https://admin.musora.com/admin#/content/singeo/373042,https://www.musora.com/singeo/student-reviews/balancing-breath-vocal-cord-closure-lee-from-london/373042,2022-09-23,Tension,,,,,,,,,
373040,student-review,Polishing Riffs & Runs - Marwan Al-Mesbahi(MWN),https://admin.musora.com/admin#/content/singeo/373040,https://www.musora.com/singeo/student-reviews/polishing-riffs-runs-marwanalmesbahimwn/373040,2022-09-23,Pitch,,Pitch,,,,Riffs & Runs,,,
372433,student-review,Adding Chest To The Mix - Dagmar B,https://admin.musora.com/admin#/content/singeo/372433,https://www.musora.com/singeo/student-reviews/adding-chest-to-the-mix-dagmar-b/372433,2022-09-16,No Chest Voice,,No Chest Voice,,,,,,,
372433,student-review,Adding Chest To The Mix - Dagmar B,https://admin.musora.com/admin#/content/singeo/372433,https://www.musora.com/singeo/student-reviews/adding-chest-to-the-mix-dagmar-b/372433,2022-09-16,No Chest Voice,,,,,,,,,
372432,student-review,Gaining Courage To Make Noise - EnyaW,https://admin.musora.com/admin#/content/singeo/372432,https://www.musora.com/singeo/student-reviews/gaining-courage-to-make-noise-enyaw/372432,2022-09-16,Confidence,,,,,,,,Performance,
372432,student-review,Gaining Courage To Make Noise - EnyaW,https://admin.musora.com/admin#/content/singeo/372432,https://www.musora.com/singeo/student-reviews/gaining-courage-to-make-noise-enyaw/372432,2022-09-16,Confidence,,,,,,,,,
372431,student-review,Avoiding Vocal Tension - Jacintalerwill,https://admin.musora.com/admin#/content/singeo/372431,https://www.musora.com/singeo/student-reviews/avoiding-vocal-tension-jacintalerwill/372431,2022-09-16,Tension,,Tension,,,,,,,
372431,student-review,Avoiding Vocal Tension - Jacintalerwill,https://admin.musora.com/admin#/content/singeo/372431,https://www.musora.com/singeo/student-reviews/avoiding-vocal-tension-jacintalerwill/372431,2022-09-16,Tension,,,,,,,,,
372430,student-review,Gaining Vocal Strength - Tony111,https://admin.musora.com/admin#/content/singeo/372430,https://www.musora.com/singeo/student-reviews/gaining-vocal-strength-tony111/372430,2022-09-16,Pitch,,Pitch,,,,,,,
372430,student-review,Gaining Vocal Strength - Tony111,https://admin.musora.com/admin#/content/singeo/372430,https://www.musora.com/singeo/student-reviews/gaining-vocal-strength-tony111/372430,2022-09-16,Pitch,,,,,,,,,
372429,student-review,Am I Exercising Correctly? - Dino Giacobbe,https://admin.musora.com/admin#/content/singeo/372429,https://www.musora.com/singeo/student-reviews/am-i-exercising-correctly-dino-giacobbe/372429,2022-09-16,Confidence,,Tension,,,,,,Performance,
372429,student-review,Am I Exercising Correctly? - Dino Giacobbe,https://admin.musora.com/admin#/content/singeo/372429,https://www.musora.com/singeo/student-reviews/am-i-exercising-correctly-dino-giacobbe/372429,2022-09-16,Confidence,,,,,,,,,
372429,student-review,Am I Exercising Correctly? - Dino Giacobbe,https://admin.musora.com/admin#/content/singeo/372429,https://www.musora.com/singeo/student-reviews/am-i-exercising-correctly-dino-giacobbe/372429,2022-09-16,Tension,,,,,,,,,
372429,student-review,Am I Exercising Correctly? - Dino Giacobbe,https://admin.musora.com/admin#/content/singeo/372429,https://www.musora.com/singeo/student-reviews/am-i-exercising-correctly-dino-giacobbe/372429,2022-09-16,Tension,,,,,,,,,
372428,student-review,Prepare To Be Prepared - K. Fox (Kelly),https://admin.musora.com/admin#/content/singeo/372428,https://www.musora.com/singeo/student-reviews/prepare-to-be-prepared-k-fox-kelly/372428,2022-09-16,Breath Support,,Breath Support,,,,,,Performance,
372428,student-review,Prepare To Be Prepared - K. Fox (Kelly),https://admin.musora.com/admin#/content/singeo/372428,https://www.musora.com/singeo/student-reviews/prepare-to-be-prepared-k-fox-kelly/372428,2022-09-16,Breath Support,,,,,,,,,
372428,student-review,Prepare To Be Prepared - K. Fox (Kelly),https://admin.musora.com/admin#/content/singeo/372428,https://www.musora.com/singeo/student-reviews/prepare-to-be-prepared-k-fox-kelly/372428,2022-09-16,Confidence,,,,,,,,,
372428,student-review,Prepare To Be Prepared - K. Fox (Kelly),https://admin.musora.com/admin#/content/singeo/372428,https://www.musora.com/singeo/student-reviews/prepare-to-be-prepared-k-fox-kelly/372428,2022-09-16,Confidence,,,,,,,,,
372427,student-review,Working On The High Notes - Sammy Mack,https://admin.musora.com/admin#/content/singeo/372427,https://www.musora.com/singeo/student-reviews/working-on-the-high-notes-sammy-mack/372427,2022-09-16,Chest Puller,,Chest Puller,Flipper,,,,,,
372427,student-review,Working On The High Notes - Sammy Mack,https://admin.musora.com/admin#/content/singeo/372427,https://www.musora.com/singeo/student-reviews/working-on-the-high-notes-sammy-mack/372427,2022-09-16,Chest Puller,,,,,,,,,
372427,student-review,Working On The High Notes - Sammy Mack,https://admin.musora.com/admin#/content/singeo/372427,https://www.musora.com/singeo/student-reviews/working-on-the-high-notes-sammy-mack/372427,2022-09-16,Flipper,,,,,,,,,
372427,student-review,Working On The High Notes - Sammy Mack,https://admin.musora.com/admin#/content/singeo/372427,https://www.musora.com/singeo/student-reviews/working-on-the-high-notes-sammy-mack/372427,2022-09-16,Flipper,,,,,,,,,
371569,student-review,Good Breathing To Avoid Strain - Tim Bondyra,https://admin.musora.com/admin#/content/singeo/371569,https://www.musora.com/singeo/student-reviews/good-breathing-to-avoid-strain-tim-bondyra/371569,2022-09-09,Chest Puller,,Chest Puller,,,,,,,
371563,student-review,Becoming A Dynamic Performer - Adammichadrums,https://admin.musora.com/admin#/content/singeo/371563,https://www.musora.com/singeo/student-reviews/becoming-a-dynamic-performer-adammichadrums/371563,2022-09-09,Chest Puller,,Chest Puller,Vowel Shapes,,,,,Performance,
371563,student-review,Becoming A Dynamic Performer - Adammichadrums,https://admin.musora.com/admin#/content/singeo/371563,https://www.musora.com/singeo/student-reviews/becoming-a-dynamic-performer-adammichadrums/371563,2022-09-09,Chest Puller,,,,,,,,,
371563,student-review,Becoming A Dynamic Performer - Adammichadrums,https://admin.musora.com/admin#/content/singeo/371563,https://www.musora.com/singeo/student-reviews/becoming-a-dynamic-performer-adammichadrums/371563,2022-09-09,Vowel Shapes,,,,,,,,,
371563,student-review,Becoming A Dynamic Performer - Adammichadrums,https://admin.musora.com/admin#/content/singeo/371563,https://www.musora.com/singeo/student-reviews/becoming-a-dynamic-performer-adammichadrums/371563,2022-09-09,Vowel Shapes,,,,,,,,,
371562,student-review,Applying Vibrato To Sound Development - Mitch M,https://admin.musora.com/admin#/content/singeo/371562,https://www.musora.com/singeo/student-reviews/applying-vibrato-to-sound-development-mitch-m/371562,2022-09-09,Performance/Stage Presence,,,,,,,,Performance,
371562,student-review,Applying Vibrato To Sound Development - Mitch M,https://admin.musora.com/admin#/content/singeo/371562,https://www.musora.com/singeo/student-reviews/applying-vibrato-to-sound-development-mitch-m/371562,2022-09-09,Performance/Stage Presence,,,,,,,,,
371557,student-review,Singing With Style - Marwan Al-Mesbahi(MWN),https://admin.musora.com/admin#/content/singeo/371557,https://www.musora.com/singeo/student-reviews/singing-with-style-marwan-al-mesbahimwn/371557,2022-09-09,Pitch,,Pitch,Style,,,,,,
371557,student-review,Singing With Style - Marwan Al-Mesbahi(MWN),https://admin.musora.com/admin#/content/singeo/371557,https://www.musora.com/singeo/student-reviews/singing-with-style-marwan-al-mesbahimwn/371557,2022-09-09,Pitch,,,,,,,,,
371556,student-review,Selecting Vocal Placement For Style - Paul G,https://admin.musora.com/admin#/content/singeo/371556,https://www.musora.com/singeo/student-reviews/selecting-vocal-placement-for-style-paul-g/371556,2022-09-09,Performance/Stage Presence,,Vowel Shapes,Style,,,,,Performance,
371556,student-review,Selecting Vocal Placement For Style - Paul G,https://admin.musora.com/admin#/content/singeo/371556,https://www.musora.com/singeo/student-reviews/selecting-vocal-placement-for-style-paul-g/371556,2022-09-09,Performance/Stage Presence,,,,,,,,,
371556,student-review,Selecting Vocal Placement For Style - Paul G,https://admin.musora.com/admin#/content/singeo/371556,https://www.musora.com/singeo/student-reviews/selecting-vocal-placement-for-style-paul-g/371556,2022-09-09,Vowel Shapes,,,,,,,,,
371556,student-review,Selecting Vocal Placement For Style - Paul G,https://admin.musora.com/admin#/content/singeo/371556,https://www.musora.com/singeo/student-reviews/selecting-vocal-placement-for-style-paul-g/371556,2022-09-09,Vowel Shapes,,,,,,,,,
371555,student-review,Selecting The Best Key For Your Voice - Gil Hereny,https://admin.musora.com/admin#/content/singeo/371555,https://www.musora.com/singeo/student-reviews/selecting-the-best-key-for-your-voice-gil-hereny/371555,2022-09-09,Performance/Stage Presence,,Vocal Range,,,,,,Performance,
371555,student-review,Selecting The Best Key For Your Voice - Gil Hereny,https://admin.musora.com/admin#/content/singeo/371555,https://www.musora.com/singeo/student-reviews/selecting-the-best-key-for-your-voice-gil-hereny/371555,2022-09-09,Vocal Range,,,,,,,,,
371552,student-review,Efficient Use Of Breath - Shyan.Rae,https://admin.musora.com/admin#/content/singeo/371552,https://www.musora.com/singeo/student-reviews/efficient-use-of-breath-shyanrae/371552,2022-09-09,Breath Support,,Breath Support,,,,,,,
371552,student-review,Efficient Use Of Breath - Shyan.Rae,https://admin.musora.com/admin#/content/singeo/371552,https://www.musora.com/singeo/student-reviews/efficient-use-of-breath-shyanrae/371552,2022-09-09,Breath Support,,,,,,,,,
371550,student-review,Checking In On Correct Exercise - Ogma,https://admin.musora.com/admin#/content/singeo/371550,https://www.musora.com/singeo/student-reviews/checking-in-on-correct-exercise-ogma/371550,2022-09-09,Confidence,,Pitch,,,,,,Performance,
371550,student-review,Checking In On Correct Exercise - Ogma,https://admin.musora.com/admin#/content/singeo/371550,https://www.musora.com/singeo/student-reviews/checking-in-on-correct-exercise-ogma/371550,2022-09-09,Confidence,,,,,,,,,
371550,student-review,Checking In On Correct Exercise - Ogma,https://admin.musora.com/admin#/content/singeo/371550,https://www.musora.com/singeo/student-reviews/checking-in-on-correct-exercise-ogma/371550,2022-09-09,Pitch,,,,,,,,,
371550,student-review,Checking In On Correct Exercise - Ogma,https://admin.musora.com/admin#/content/singeo/371550,https://www.musora.com/singeo/student-reviews/checking-in-on-correct-exercise-ogma/371550,2022-09-09,Pitch,,,,,,,,,
371382,student-review,The Road To Originality - Samson2090,https://admin.musora.com/admin#/content/singeo/371382,https://www.musora.com/singeo/student-reviews/the-road-to-originality-samson2090/371382,2022-09-09,Performance/Stage Presence,,Style,,,,,,Performance,
371382,student-review,The Road To Originality - Samson2090,https://admin.musora.com/admin#/content/singeo/371382,https://www.musora.com/singeo/student-reviews/the-road-to-originality-samson2090/371382,2022-09-09,Performance/Stage Presence,,,,,,,,,
371381,student-review,Increase Grit And Vocal Range - P.Damien,https://admin.musora.com/admin#/content/singeo/371381,https://www.musora.com/singeo/student-reviews/increase-grit-and-vocal-range-pdamien/371381,2022-09-09,Blender,,Blender,Vocal Range,,,,,,
371381,student-review,Increase Grit And Vocal Range - P.Damien,https://admin.musora.com/admin#/content/singeo/371381,https://www.musora.com/singeo/student-reviews/increase-grit-and-vocal-range-pdamien/371381,2022-09-09,Vocal Range,,,,,,,,,
370428,student-review,Refining Your Performance With Style - Megan W,https://admin.musora.com/admin#/content/singeo/370428,https://www.musora.com/singeo/student-reviews/refining-your-performance-with-style-megan-w/370428,2022-09-02,Performance/Stage Presence,,Style,,Rhythm,,,,Performance,
370428,student-review,Refining Your Performance With Style - Megan W,https://admin.musora.com/admin#/content/singeo/370428,https://www.musora.com/singeo/student-reviews/refining-your-performance-with-style-megan-w/370428,2022-09-02,Performance/Stage Presence,,,,,,,,,
370428,student-review,Refining Your Performance With Style - Megan W,https://admin.musora.com/admin#/content/singeo/370428,https://www.musora.com/singeo/student-reviews/refining-your-performance-with-style-megan-w/370428,2022-09-02,Rhythm/Phrasing,,,,,,,,,
370428,student-review,Refining Your Performance With Style - Megan W,https://admin.musora.com/admin#/content/singeo/370428,https://www.musora.com/singeo/student-reviews/refining-your-performance-with-style-megan-w/370428,2022-09-02,Rhythm/Phrasing,,,,,,,,,
370424,student-review,Balancing Chest Voice - Dagmar B,https://admin.musora.com/admin#/content/singeo/370424,https://www.musora.com/singeo/student-reviews/balancing-chest-voice-dagmar-b/370424,2022-09-02,No Chest Voice,,No Chest Voice,Vowel Shapes,,,,,,
370424,student-review,Balancing Chest Voice - Dagmar B,https://admin.musora.com/admin#/content/singeo/370424,https://www.musora.com/singeo/student-reviews/balancing-chest-voice-dagmar-b/370424,2022-09-02,No Chest Voice,,,,,,,,,
370424,student-review,Balancing Chest Voice - Dagmar B,https://admin.musora.com/admin#/content/singeo/370424,https://www.musora.com/singeo/student-reviews/balancing-chest-voice-dagmar-b/370424,2022-09-02,Vowel Shapes,,,,,,,,,
370424,student-review,Balancing Chest Voice - Dagmar B,https://admin.musora.com/admin#/content/singeo/370424,https://www.musora.com/singeo/student-reviews/balancing-chest-voice-dagmar-b/370424,2022-09-02,Vowel Shapes,,,,,,,,,
370416,student-review,Getting Good Cord Closure - Sam Hb,https://admin.musora.com/admin#/content/singeo/370416,https://www.musora.com/singeo/student-reviews/getting-good-cord-closure-sam-hb/370416,2022-09-02,Breath Support,,Breath Support,,,,,,,
370409,student-review,Breathing Through Nervous Energy - JuliannLavallee,https://admin.musora.com/admin#/content/singeo/370409,https://www.musora.com/singeo/student-reviews/breathing-through-nervous-energy-juliannlavallee/370409,2022-09-02,Breath Support,,Breath Support,Vocal Range,,,,,Performance,
370409,student-review,Breathing Through Nervous Energy - JuliannLavallee,https://admin.musora.com/admin#/content/singeo/370409,https://www.musora.com/singeo/student-reviews/breathing-through-nervous-energy-juliannlavallee/370409,2022-09-02,Breath Support,,,,,,,,,
370409,student-review,Breathing Through Nervous Energy - JuliannLavallee,https://admin.musora.com/admin#/content/singeo/370409,https://www.musora.com/singeo/student-reviews/breathing-through-nervous-energy-juliannlavallee/370409,2022-09-02,Vocal Range,,,,,,,,,
370409,student-review,Breathing Through Nervous Energy - JuliannLavallee,https://admin.musora.com/admin#/content/singeo/370409,https://www.musora.com/singeo/student-reviews/breathing-through-nervous-energy-juliannlavallee/370409,2022-09-02,Vocal Range,,,,,,,,,
370398,student-review,Singing With Ease - Iris E,https://admin.musora.com/admin#/content/singeo/370398,https://www.musora.com/singeo/student-reviews/singing-with-ease-iris-e/370398,2022-09-02,No Chest Voice,,No Chest Voice,,,,,,,
370398,student-review,Singing With Ease - Iris E,https://admin.musora.com/admin#/content/singeo/370398,https://www.musora.com/singeo/student-reviews/singing-with-ease-iris-e/370398,2022-09-02,No Chest Voice,,,,,,,,,
369476,student-review,Exploring High Notes - Lasolucionw,https://admin.musora.com/admin#/content/singeo/369476,https://www.musora.com/singeo/student-reviews/exploring-high-notes-lasolucionw/369476,2022-08-26,Chest Puller,,Chest Puller,Vocal Range,,,,,,
369476,student-review,Exploring High Notes - Lasolucionw,https://admin.musora.com/admin#/content/singeo/369476,https://www.musora.com/singeo/student-reviews/exploring-high-notes-lasolucionw/369476,2022-08-26,Vocal Range,,,,,,,,,
369469,student-review,Sing It YOUR Way - Stefoforrest,https://admin.musora.com/admin#/content/singeo/369469,https://www.musora.com/singeo/student-reviews/sing-it-your-way-stefoforrest/369469,2022-08-26,Confidence,,Style,,,,,,Performance,
369469,student-review,Sing It YOUR Way - Stefoforrest,https://admin.musora.com/admin#/content/singeo/369469,https://www.musora.com/singeo/student-reviews/sing-it-your-way-stefoforrest/369469,2022-08-26,Confidence,,,,,,,,,
369469,student-review,Sing It YOUR Way - Stefoforrest,https://admin.musora.com/admin#/content/singeo/369469,https://www.musora.com/singeo/student-reviews/sing-it-your-way-stefoforrest/369469,2022-08-26,Performance/Stage Presence,,,,,,,,,
369469,student-review,Sing It YOUR Way - Stefoforrest,https://admin.musora.com/admin#/content/singeo/369469,https://www.musora.com/singeo/student-reviews/sing-it-your-way-stefoforrest/369469,2022-08-26,Performance/Stage Presence,,,,,,,,,
369465,student-review,Release The Grip - Nadiadefoe,https://admin.musora.com/admin#/content/singeo/369465,https://www.musora.com/singeo/student-reviews/release-the-grip-nadiadefoe/369465,2022-08-26,Chest Puller,,Chest Puller,Vowel Shapes,,,,,,
369465,student-review,Release The Grip - Nadiadefoe,https://admin.musora.com/admin#/content/singeo/369465,https://www.musora.com/singeo/student-reviews/release-the-grip-nadiadefoe/369465,2022-08-26,Chest Puller,,,,,,,,,
369465,student-review,Release The Grip - Nadiadefoe,https://admin.musora.com/admin#/content/singeo/369465,https://www.musora.com/singeo/student-reviews/release-the-grip-nadiadefoe/369465,2022-08-26,Vowel Shapes,,,,,,,,,
369465,student-review,Release The Grip - Nadiadefoe,https://admin.musora.com/admin#/content/singeo/369465,https://www.musora.com/singeo/student-reviews/release-the-grip-nadiadefoe/369465,2022-08-26,Vowel Shapes,,,,,,,,,
369463,student-review,Finding The Right Key - Jocelynn Rodrigues,https://admin.musora.com/admin#/content/singeo/369463,https://www.musora.com/singeo/student-reviews/finding-the-right-key-jocelynn-rodrigues/369463,2022-08-26,Vocal Range,,Vocal Range,,,,,,,
369463,student-review,Finding The Right Key - Jocelynn Rodrigues,https://admin.musora.com/admin#/content/singeo/369463,https://www.musora.com/singeo/student-reviews/finding-the-right-key-jocelynn-rodrigues/369463,2022-08-26,Vocal Range,,,,,,,,,
369458,student-review,Skip The Flip - Dagmar B,https://admin.musora.com/admin#/content/singeo/369458,https://www.musora.com/singeo/student-reviews/skip-the-flip-dagmar-b/369458,2022-08-26,Flipper,,Flipper,No Chest Voice,,,,,,
369458,student-review,Skip The Flip - Dagmar B,https://admin.musora.com/admin#/content/singeo/369458,https://www.musora.com/singeo/student-reviews/skip-the-flip-dagmar-b/369458,2022-08-26,No Chest Voice,,,,,,,,,
369457,student-review,Refining Pitch - Joseph Davissen,https://admin.musora.com/admin#/content/singeo/369457,https://www.musora.com/singeo/student-reviews/refining-pitch-joseph-davissen/369457,2022-08-26,Pitch,,Pitch,,,,,,,
369457,student-review,Refining Pitch - Joseph Davissen,https://admin.musora.com/admin#/content/singeo/369457,https://www.musora.com/singeo/student-reviews/refining-pitch-joseph-davissen/369457,2022-08-26,Pitch,,,,,,,,,
369455,student-review,Finishing Strong - MaryH,https://admin.musora.com/admin#/content/singeo/369455,https://www.musora.com/singeo/student-reviews/finishing-strong-maryh/369455,2022-08-26,Breath Support,,Breath Support,Vowel Shapes,,,,,,
369455,student-review,Finishing Strong - MaryH,https://admin.musora.com/admin#/content/singeo/369455,https://www.musora.com/singeo/student-reviews/finishing-strong-maryh/369455,2022-08-26,Vowel Shapes,,,,,,,,,
368580,student-review,Harmonizing With Pitch Accuracy - Ogma,https://admin.musora.com/admin#/content/singeo/368580,https://www.musora.com/singeo/student-reviews/harmonizing-with-pitch-accuracy-ogma/368580,2022-08-26,Pitch,,Pitch,,Harmony,,,,,
368580,student-review,Harmonizing With Pitch Accuracy - Ogma,https://admin.musora.com/admin#/content/singeo/368580,https://www.musora.com/singeo/student-reviews/harmonizing-with-pitch-accuracy-ogma/368580,2022-08-26,Pitch,,,,,,,,,
368566,student-review,Performing Live - John Frost Olympia Washington,https://admin.musora.com/admin#/content/singeo/368566,https://www.musora.com/singeo/student-reviews/student-review/368566,2022-08-19,Breath Support,,Breath Support,,,,,,Performance,
368566,student-review,Performing Live - John Frost Olympia Washington,https://admin.musora.com/admin#/content/singeo/368566,https://www.musora.com/singeo/student-reviews/student-review/368566,2022-08-19,Breath Support,,,,,,,,,
368565,student-review,Recording Mic Technique - Nigel P,https://admin.musora.com/admin#/content/singeo/368565,https://www.musora.com/singeo/student-reviews/student-review/368565,2022-08-19,Confidence,,,,,,,,Performance,
368565,student-review,Recording Mic Technique - Nigel P,https://admin.musora.com/admin#/content/singeo/368565,https://www.musora.com/singeo/student-reviews/student-review/368565,2022-08-19,Performance,,,,,,,,,
368565,student-review,Recording Mic Technique - Nigel P,https://admin.musora.com/admin#/content/singeo/368565,https://www.musora.com/singeo/student-reviews/student-review/368565,2022-08-19,Stage Presence,,,,,,,,,
368564,student-review,Balancing Connected Release - Mitch M,https://admin.musora.com/admin#/content/singeo/368564,https://www.musora.com/singeo/student-reviews/student-review/368564,2022-08-19,Vocal Range,,Vocal Range,,,,,,,
368564,student-review,Balancing Connected Release - Mitch M,https://admin.musora.com/admin#/content/singeo/368564,https://www.musora.com/singeo/student-reviews/student-review/368564,2022-08-19,Vocal Range,,,,,,,,,
368563,student-review,Building Balance - Paul With Glasses,https://admin.musora.com/admin#/content/singeo/368563,https://www.musora.com/singeo/student-reviews/student-review/368563,2022-08-19,Blender,,Blender,,,,,,,
368563,student-review,Building Balance - Paul With Glasses,https://admin.musora.com/admin#/content/singeo/368563,https://www.musora.com/singeo/student-reviews/student-review/368563,2022-08-19,Blender,,,,,,,,,
368561,student-review,Releasing Tension - Lucky Dawg,https://admin.musora.com/admin#/content/singeo/368561,https://www.musora.com/singeo/student-reviews/student-review/368561,2022-08-19,Breath Support,,Breath Support,Chest Puller,,,,,,
368561,student-review,Releasing Tension - Lucky Dawg,https://admin.musora.com/admin#/content/singeo/368561,https://www.musora.com/singeo/student-reviews/student-review/368561,2022-08-19,Breath Support,,,,,,,,,
368561,student-review,Releasing Tension - Lucky Dawg,https://admin.musora.com/admin#/content/singeo/368561,https://www.musora.com/singeo/student-reviews/student-review/368561,2022-08-19,Chest Puller,,,,,,,,,
368561,student-review,Releasing Tension - Lucky Dawg,https://admin.musora.com/admin#/content/singeo/368561,https://www.musora.com/singeo/student-reviews/student-review/368561,2022-08-19,Chest Puller,,,,,,,,,
368559,student-review,Finding Balance Between Breath And Vocal Cords - Dino Giacobbe,https://admin.musora.com/admin#/content/singeo/368559,https://www.musora.com/singeo/student-reviews/student-review/368559,2022-08-19,Breath Support,,Breath Support,Pitch,,,,,,
368559,student-review,Finding Balance Between Breath And Vocal Cords - Dino Giacobbe,https://admin.musora.com/admin#/content/singeo/368559,https://www.musora.com/singeo/student-reviews/student-review/368559,2022-08-19,Breath Support,,,,,,,,,
368559,student-review,Finding Balance Between Breath And Vocal Cords - Dino Giacobbe,https://admin.musora.com/admin#/content/singeo/368559,https://www.musora.com/singeo/student-reviews/student-review/368559,2022-08-19,Pitch,,,,,,,,,
368559,student-review,Finding Balance Between Breath And Vocal Cords - Dino Giacobbe,https://admin.musora.com/admin#/content/singeo/368559,https://www.musora.com/singeo/student-reviews/student-review/368559,2022-08-19,Pitch,,,,,,,,,
368558,student-review,Coaching Yourself Through Challenges - K. Fox (Kelly),https://admin.musora.com/admin#/content/singeo/368558,https://www.musora.com/singeo/student-reviews/student-review/368558,2022-08-19,Chest Puller,,Chest Puller,,,,,,,
368558,student-review,Coaching Yourself Through Challenges - K. Fox (Kelly),https://admin.musora.com/admin#/content/singeo/368558,https://www.musora.com/singeo/student-reviews/student-review/368558,2022-08-19,Chest Puller,,,,,,,,,
368557,student-review,Holding Notes With Natural Vibrato - P.Damien,https://admin.musora.com/admin#/content/singeo/368557,https://www.musora.com/singeo/student-reviews/student-review/368557,2022-08-19,Breath Support,,Breath Support,,,,,,,
368557,student-review,Holding Notes With Natural Vibrato - P.Damien,https://admin.musora.com/admin#/content/singeo/368557,https://www.musora.com/singeo/student-reviews/student-review/368557,2022-08-19,Breath Support,,,,,,,,,
368556,student-review,Managing Low Notes - Kathy Mandell,https://admin.musora.com/admin#/content/singeo/368556,https://www.musora.com/singeo/student-reviews/student-review/368556,2022-08-19,Vocal Range,,Vocal Range,,,,,,,
368556,student-review,Managing Low Notes - Kathy Mandell,https://admin.musora.com/admin#/content/singeo/368556,https://www.musora.com/singeo/student-reviews/student-review/368556,2022-08-19,Vocal Range,,,,,,,,,
368555,student-review,Bridging The Transition - Gumso,https://admin.musora.com/admin#/content/singeo/368555,https://www.musora.com/singeo/student-reviews/student-review/368555,2022-08-19,Chest Puller,,Chest Puller,Flipper,,,,,,
368555,student-review,Bridging The Transition - Gumso,https://admin.musora.com/admin#/content/singeo/368555,https://www.musora.com/singeo/student-reviews/student-review/368555,2022-08-19,Chest Puller,,,,,,,,,
368555,student-review,Bridging The Transition - Gumso,https://admin.musora.com/admin#/content/singeo/368555,https://www.musora.com/singeo/student-reviews/student-review/368555,2022-08-19,Flipper,,,,,,,,,
368555,student-review,Bridging The Transition - Gumso,https://admin.musora.com/admin#/content/singeo/368555,https://www.musora.com/singeo/student-reviews/student-review/368555,2022-08-19,Flipper,,,,,,,,,
368554,student-review,Adding Strength In Chest Voice - Ingrid Poulsen,https://admin.musora.com/admin#/content/singeo/368554,https://www.musora.com/singeo/student-reviews/student-review/368554,2022-08-19,No Chest Voice,,No Chest Voice,Vocal Range,,,,,,
368554,student-review,Adding Strength In Chest Voice - Ingrid Poulsen,https://admin.musora.com/admin#/content/singeo/368554,https://www.musora.com/singeo/student-reviews/student-review/368554,2022-08-19,No Chest Voice,,,,,,,,,
368554,student-review,Adding Strength In Chest Voice - Ingrid Poulsen,https://admin.musora.com/admin#/content/singeo/368554,https://www.musora.com/singeo/student-reviews/student-review/368554,2022-08-19,Vocal Range,,,,,,,,,
368554,student-review,Adding Strength In Chest Voice - Ingrid Poulsen,https://admin.musora.com/admin#/content/singeo/368554,https://www.musora.com/singeo/student-reviews/student-review/368554,2022-08-19,Vocal Range,,,,,,,,,
367780,student-review,Brightening The Sound - Ogma,https://admin.musora.com/admin#/content/singeo/367780,https://www.musora.com/singeo/student-reviews/brightening-the-sound-ogma/367780,2022-08-19,Performance/Stage Presence,,Pitch,,,,,,Performance,
367780,student-review,Brightening The Sound - Ogma,https://admin.musora.com/admin#/content/singeo/367780,https://www.musora.com/singeo/student-reviews/brightening-the-sound-ogma/367780,2022-08-19,Performance/Stage Presence,,,,,,,,,
367780,student-review,Brightening The Sound - Ogma,https://admin.musora.com/admin#/content/singeo/367780,https://www.musora.com/singeo/student-reviews/brightening-the-sound-ogma/367780,2022-08-19,Pitch,,,,,,,,,
367780,student-review,Brightening The Sound - Ogma,https://admin.musora.com/admin#/content/singeo/367780,https://www.musora.com/singeo/student-reviews/brightening-the-sound-ogma/367780,2022-08-19,Pitch,,,,,,,,,
367777,student-review,Narrowing In On A Phrase - Emily D,https://admin.musora.com/admin#/content/singeo/367777,https://www.musora.com/singeo/student-reviews/narrowing-in-on-a-phrase-emily-d/367777,2022-08-12,Breath Support,,Breath Support,,,,,,,
367777,student-review,Narrowing In On A Phrase - Emily D,https://admin.musora.com/admin#/content/singeo/367777,https://www.musora.com/singeo/student-reviews/narrowing-in-on-a-phrase-emily-d/367777,2022-08-12,Breath Support,,,,,,,,,
367769,student-review,Reaching The High Notes - Sshawaii,https://admin.musora.com/admin#/content/singeo/367769,https://www.musora.com/singeo/student-reviews/reaching-the-high-notes-sshawaii/367769,2022-08-12,Blender,,Blender,,,,,,Performance,
367769,student-review,Reaching The High Notes - Sshawaii,https://admin.musora.com/admin#/content/singeo/367769,https://www.musora.com/singeo/student-reviews/reaching-the-high-notes-sshawaii/367769,2022-08-12,Blender,,,,,,,,,
367769,student-review,Reaching The High Notes - Sshawaii,https://admin.musora.com/admin#/content/singeo/367769,https://www.musora.com/singeo/student-reviews/reaching-the-high-notes-sshawaii/367769,2022-08-12,Performance/Stage Presence,,,,,,,,,
367769,student-review,Reaching The High Notes - Sshawaii,https://admin.musora.com/admin#/content/singeo/367769,https://www.musora.com/singeo/student-reviews/reaching-the-high-notes-sshawaii/367769,2022-08-12,Performance/Stage Presence,,,,,,,,,
367766,student-review,Supporting Pitch With Breath - Joseph Davissen,https://admin.musora.com/admin#/content/singeo/367766,https://www.musora.com/singeo/student-reviews/supporting-pitch-with-breath-joseph-davissen/367766,2022-08-12,Breath Support,,Breath Support,Pitch,,,,,,
367766,student-review,Supporting Pitch With Breath - Joseph Davissen,https://admin.musora.com/admin#/content/singeo/367766,https://www.musora.com/singeo/student-reviews/supporting-pitch-with-breath-joseph-davissen/367766,2022-08-12,Breath Support,,,,,,,,,
367766,student-review,Supporting Pitch With Breath - Joseph Davissen,https://admin.musora.com/admin#/content/singeo/367766,https://www.musora.com/singeo/student-reviews/supporting-pitch-with-breath-joseph-davissen/367766,2022-08-12,Pitch,,,,,,,,,
367766,student-review,Supporting Pitch With Breath - Joseph Davissen,https://admin.musora.com/admin#/content/singeo/367766,https://www.musora.com/singeo/student-reviews/supporting-pitch-with-breath-joseph-davissen/367766,2022-08-12,Pitch,,,,,,,,,
367761,student-review,Supplying Adequate Breath To Help Find Pitch - Seb Castro,https://admin.musora.com/admin#/content/singeo/367761,https://www.musora.com/singeo/student-reviews/supplying-adequate-breath-to-help-find-pitch-seb-castro/367761,2022-08-12,Breath Support,,Breath Support,Pitch,,,,,,
367761,student-review,Supplying Adequate Breath To Help Find Pitch - Seb Castro,https://admin.musora.com/admin#/content/singeo/367761,https://www.musora.com/singeo/student-reviews/supplying-adequate-breath-to-help-find-pitch-seb-castro/367761,2022-08-12,Breath Support,,,,,,,,,
367761,student-review,Supplying Adequate Breath To Help Find Pitch - Seb Castro,https://admin.musora.com/admin#/content/singeo/367761,https://www.musora.com/singeo/student-reviews/supplying-adequate-breath-to-help-find-pitch-seb-castro/367761,2022-08-12,Pitch,,,,,,,,,
367761,student-review,Supplying Adequate Breath To Help Find Pitch - Seb Castro,https://admin.musora.com/admin#/content/singeo/367761,https://www.musora.com/singeo/student-reviews/supplying-adequate-breath-to-help-find-pitch-seb-castro/367761,2022-08-12,Pitch,,,,,,,,,
367756,student-review,Focusing On Breath - Bonnie aka Twocupscoffee,https://admin.musora.com/admin#/content/singeo/367756,https://www.musora.com/singeo/student-reviews/focusing-on-breath-bonnie-aka-twocupscoffee/367756,2022-08-12,Breath Support,,Breath Support,,,,,,Performance,
367756,student-review,Focusing On Breath - Bonnie aka Twocupscoffee,https://admin.musora.com/admin#/content/singeo/367756,https://www.musora.com/singeo/student-reviews/focusing-on-breath-bonnie-aka-twocupscoffee/367756,2022-08-12,Breath Support,,,,,,,,,
367756,student-review,Focusing On Breath - Bonnie aka Twocupscoffee,https://admin.musora.com/admin#/content/singeo/367756,https://www.musora.com/singeo/student-reviews/focusing-on-breath-bonnie-aka-twocupscoffee/367756,2022-08-12,Performance/Stage Presence,,,,,,,,,
367756,student-review,Focusing On Breath - Bonnie aka Twocupscoffee,https://admin.musora.com/admin#/content/singeo/367756,https://www.musora.com/singeo/student-reviews/focusing-on-breath-bonnie-aka-twocupscoffee/367756,2022-08-12,Performance/Stage Presence,,,,,,,,,
367753,student-review,Connecting With Movement - Sam Hb,https://admin.musora.com/admin#/content/singeo/367753,https://www.musora.com/singeo/student-reviews/connecting-with-movement-sam-hb/367753,2022-08-12,Performance/Stage Presence,,,,,,,,Performance,
367753,student-review,Connecting With Movement - Sam Hb,https://admin.musora.com/admin#/content/singeo/367753,https://www.musora.com/singeo/student-reviews/connecting-with-movement-sam-hb/367753,2022-08-12,Performance/Stage Presence,,,,,,,,,
367750,student-review,Bridging The Transition - Mary Edwards,https://admin.musora.com/admin#/content/singeo/367750,https://www.musora.com/singeo/student-reviews/bridging-the-transition-mary-edwards/367750,2022-08-12,No Chest Voice,,No Chest Voice,,,,,,,
367750,student-review,Bridging The Transition - Mary Edwards,https://admin.musora.com/admin#/content/singeo/367750,https://www.musora.com/singeo/student-reviews/bridging-the-transition-mary-edwards/367750,2022-08-12,No Chest Voice,,,,,,,,,
367747,student-review,Expressing The Song - Brysonsethyoung,https://admin.musora.com/admin#/content/singeo/367747,https://www.musora.com/singeo/student-reviews/expressing-the-song-brysonsethyoung/367747,2022-08-12,Performance/Stage Presence,,Pitch,,,,,,Performance,
367747,student-review,Expressing The Song - Brysonsethyoung,https://admin.musora.com/admin#/content/singeo/367747,https://www.musora.com/singeo/student-reviews/expressing-the-song-brysonsethyoung/367747,2022-08-12,Performance/Stage Presence,,,,,,,,,
367747,student-review,Expressing The Song - Brysonsethyoung,https://admin.musora.com/admin#/content/singeo/367747,https://www.musora.com/singeo/student-reviews/expressing-the-song-brysonsethyoung/367747,2022-08-12,Pitch,,,,,,,,,
367747,student-review,Expressing The Song - Brysonsethyoung,https://admin.musora.com/admin#/content/singeo/367747,https://www.musora.com/singeo/student-reviews/expressing-the-song-brysonsethyoung/367747,2022-08-12,Pitch,,,,,,,,,
367464,student-review,Finding And Refining The Connection - Wendy Endevoets,https://admin.musora.com/admin#/content/singeo/367464,https://www.musora.com/singeo/student-reviews/finding-and-refining-the-connection-wendy-endevoets/367464,2022-08-12,Breath Support,,Breath Support,,,,,,Performance,
367464,student-review,Finding And Refining The Connection - Wendy Endevoets,https://admin.musora.com/admin#/content/singeo/367464,https://www.musora.com/singeo/student-reviews/finding-and-refining-the-connection-wendy-endevoets/367464,2022-08-12,Breath Support,,,,,,,,,
367464,student-review,Finding And Refining The Connection - Wendy Endevoets,https://admin.musora.com/admin#/content/singeo/367464,https://www.musora.com/singeo/student-reviews/finding-and-refining-the-connection-wendy-endevoets/367464,2022-08-12,Confidence,,,,,,,,,
367464,student-review,Finding And Refining The Connection - Wendy Endevoets,https://admin.musora.com/admin#/content/singeo/367464,https://www.musora.com/singeo/student-reviews/finding-and-refining-the-connection-wendy-endevoets/367464,2022-08-12,Confidence,,,,,,,,,
367458,student-review,Balance Breath And Vocal Cord Closure - Mitch & Judi,https://admin.musora.com/admin#/content/singeo/367458,https://www.musora.com/singeo/student-reviews/balance-breath-and-vocal-cord-closure-mitch-and-judi/367458,2022-08-12,Breath Support,,Breath Support,,,,,,,
367458,student-review,Balance Breath And Vocal Cord Closure - Mitch & Judi,https://admin.musora.com/admin#/content/singeo/367458,https://www.musora.com/singeo/student-reviews/balance-breath-and-vocal-cord-closure-mitch-and-judi/367458,2022-08-12,Breath Support,,,,,,,,,
367447,student-review,Shaping Vowels For Confidence - Jody Mo,https://admin.musora.com/admin#/content/singeo/367447,https://www.musora.com/singeo/student-reviews/shaping-vowels-for-confidence-jody-mo/367447,2022-08-12,Confidence,,,,Rhythm,,,,Performance,
367447,student-review,Shaping Vowels For Confidence - Jody Mo,https://admin.musora.com/admin#/content/singeo/367447,https://www.musora.com/singeo/student-reviews/shaping-vowels-for-confidence-jody-mo/367447,2022-08-12,Rhythm/Phrasing,,,,,,,,,
367445,student-review,Adapting To Unique Melodies And Style - Ogma,https://admin.musora.com/admin#/content/singeo/367445,https://www.musora.com/singeo/student-reviews/adapting-to-unique-melodies-and-style-ogma/367445,2022-08-12,Breath Support,,Breath Support,Pitch,,,,,,
367445,student-review,Adapting To Unique Melodies And Style - Ogma,https://admin.musora.com/admin#/content/singeo/367445,https://www.musora.com/singeo/student-reviews/adapting-to-unique-melodies-and-style-ogma/367445,2022-08-12,Breath Support,,,,,,,,,
367445,student-review,Adapting To Unique Melodies And Style - Ogma,https://admin.musora.com/admin#/content/singeo/367445,https://www.musora.com/singeo/student-reviews/adapting-to-unique-melodies-and-style-ogma/367445,2022-08-12,Pitch,,,,,,,,,
367445,student-review,Adapting To Unique Melodies And Style - Ogma,https://admin.musora.com/admin#/content/singeo/367445,https://www.musora.com/singeo/student-reviews/adapting-to-unique-melodies-and-style-ogma/367445,2022-08-12,Pitch,,,,,,,,,
366723,student-review,Reaching For Higher Notes - Terri P,https://admin.musora.com/admin#/content/singeo/366723,https://www.musora.com/singeo/student-reviews/reaching-for-higher-notes-terri-p/366723,2022-07-29,Breath Support,,Breath Support,No Chest Voice,,,,,,
366723,student-review,Reaching For Higher Notes - Terri P,https://admin.musora.com/admin#/content/singeo/366723,https://www.musora.com/singeo/student-reviews/reaching-for-higher-notes-terri-p/366723,2022-07-29,No Chest Voice,,,,,,,,,
366018,student-review,Finding A Forward Placement - Tim Bondyra,https://admin.musora.com/admin#/content/singeo/366018,https://www.musora.com/singeo/student-reviews/tim/366018,2022-07-29,Chest Puller,,Chest Puller,Tension,,,,,,
366018,student-review,Finding A Forward Placement - Tim Bondyra,https://admin.musora.com/admin#/content/singeo/366018,https://www.musora.com/singeo/student-reviews/tim/366018,2022-07-29,Chest Puller,,,,,,,,,
366018,student-review,Finding A Forward Placement - Tim Bondyra,https://admin.musora.com/admin#/content/singeo/366018,https://www.musora.com/singeo/student-reviews/tim/366018,2022-07-29,Tension,,,,,,,,,
366018,student-review,Finding A Forward Placement - Tim Bondyra,https://admin.musora.com/admin#/content/singeo/366018,https://www.musora.com/singeo/student-reviews/tim/366018,2022-07-29,Tension,,,,,,,,,
366016,student-review,Singing With Power - Iris E,https://admin.musora.com/admin#/content/singeo/366016,https://www.musora.com/singeo/student-reviews/Singing-With-Power-Iris-E/366016,2022-07-29,Breath Support,,Breath Support,No Chest Voice,,,,,,
366016,student-review,Singing With Power - Iris E,https://admin.musora.com/admin#/content/singeo/366016,https://www.musora.com/singeo/student-reviews/Singing-With-Power-Iris-E/366016,2022-07-29,Breath Support,,,,,,,,,
366016,student-review,Singing With Power - Iris E,https://admin.musora.com/admin#/content/singeo/366016,https://www.musora.com/singeo/student-reviews/Singing-With-Power-Iris-E/366016,2022-07-29,No Chest Voice,,,,,,,,,
366016,student-review,Singing With Power - Iris E,https://admin.musora.com/admin#/content/singeo/366016,https://www.musora.com/singeo/student-reviews/Singing-With-Power-Iris-E/366016,2022-07-29,No Chest Voice,,,,,,,,,
366012,student-review,Clear Diction On A Fast Song - Paulwithglasses,https://admin.musora.com/admin#/content/singeo/366012,https://www.musora.com/singeo/student-reviews/Clear-Diction-On-A-Fast-Song-Paulwithglasses/366012,2022-07-29,Chest Puller,,Chest Puller,,,,,,Performance,
366012,student-review,Clear Diction On A Fast Song - Paulwithglasses,https://admin.musora.com/admin#/content/singeo/366012,https://www.musora.com/singeo/student-reviews/Clear-Diction-On-A-Fast-Song-Paulwithglasses/366012,2022-07-29,Chest Puller,,,,,,,,,
366012,student-review,Clear Diction On A Fast Song - Paulwithglasses,https://admin.musora.com/admin#/content/singeo/366012,https://www.musora.com/singeo/student-reviews/Clear-Diction-On-A-Fast-Song-Paulwithglasses/366012,2022-07-29,Performance/Stage Presence,,,,,,,,,
366012,student-review,Clear Diction On A Fast Song - Paulwithglasses,https://admin.musora.com/admin#/content/singeo/366012,https://www.musora.com/singeo/student-reviews/Clear-Diction-On-A-Fast-Song-Paulwithglasses/366012,2022-07-29,Performance/Stage Presence,,,,,,,,,
366005,student-review,Bringing The Tone Forward - Sue H,https://admin.musora.com/admin#/content/singeo/366005,https://www.musora.com/singeo/student-reviews/Bringing-The-Tone-Forward-Sue-H/366005,2022-07-29,Tension,,Tension,,,,,,,
366005,student-review,Bringing The Tone Forward - Sue H,https://admin.musora.com/admin#/content/singeo/366005,https://www.musora.com/singeo/student-reviews/Bringing-The-Tone-Forward-Sue-H/366005,2022-07-29,Tension,,,,,,,,,
366003,student-review,Finding Balance Throughout The Registers - Lupe,https://admin.musora.com/admin#/content/singeo/366003,https://www.musora.com/singeo/student-reviews/Finding-Balance-Throughout-The-Registers-Lupe/366003,2022-07-29,Tension,,Tension,,,,,,,
366003,student-review,Finding Balance Throughout The Registers - Lupe,https://admin.musora.com/admin#/content/singeo/366003,https://www.musora.com/singeo/student-reviews/Finding-Balance-Throughout-The-Registers-Lupe/366003,2022-07-29,Tension,,,,,,,,,
366002,student-review,Efficient Breath Support - Sarah T,https://admin.musora.com/admin#/content/singeo/366002,https://www.musora.com/singeo/student-reviews/Efficient-Breath-Support-Sarah-T/366002,2022-07-29,Breath Support,,Breath Support,Vowel Shapes,,,,,,
366002,student-review,Efficient Breath Support - Sarah T,https://admin.musora.com/admin#/content/singeo/366002,https://www.musora.com/singeo/student-reviews/Efficient-Breath-Support-Sarah-T/366002,2022-07-29,Breath Support,,,,,,,,,
366002,student-review,Efficient Breath Support - Sarah T,https://admin.musora.com/admin#/content/singeo/366002,https://www.musora.com/singeo/student-reviews/Efficient-Breath-Support-Sarah-T/366002,2022-07-29,Vowel Shapes,,,,,,,,,
366002,student-review,Efficient Breath Support - Sarah T,https://admin.musora.com/admin#/content/singeo/366002,https://www.musora.com/singeo/student-reviews/Efficient-Breath-Support-Sarah-T/366002,2022-07-29,Vowel Shapes,,,,,,,,,
366001,student-review,Refining Small Runs - Paul Green,https://admin.musora.com/admin#/content/singeo/366001,https://www.musora.com/singeo/student-reviews/Refining-Small-Runs-Paul-Green/366001,2022-07-29,Chest Puller,,Chest Puller,,,,Riffs & Runs,,,
366001,student-review,Refining Small Runs - Paul Green,https://admin.musora.com/admin#/content/singeo/366001,https://www.musora.com/singeo/student-reviews/Refining-Small-Runs-Paul-Green/366001,2022-07-29,Chest Puller,,,,,,,,,
366000,student-review,Working On Vocal Runs - Mitch M,https://admin.musora.com/admin#/content/singeo/366000,https://www.musora.com/singeo/student-reviews/Working-On-Vocal-Runs-Mitch-M/366000,2022-07-29,Blender,,Blender,,,,Riffs & Runs,,,
366000,student-review,Working On Vocal Runs - Mitch M,https://admin.musora.com/admin#/content/singeo/366000,https://www.musora.com/singeo/student-reviews/Working-On-Vocal-Runs-Mitch-M/366000,2022-07-29,Blender,,,,,,,,,
365999,student-review,Singing Through Diphthongs - MaryH,https://admin.musora.com/admin#/content/singeo/365999,https://www.musora.com/singeo/student-reviews/singing-through-diphthongs-maryh/365999,2022-07-29,Breath Support,,Breath Support,,,,,,,
365999,student-review,Singing Through Diphthongs - MaryH,https://admin.musora.com/admin#/content/singeo/365999,https://www.musora.com/singeo/student-reviews/singing-through-diphthongs-maryh/365999,2022-07-29,Breath Support,,,,,,,,,
365997,student-review,Connecting The Bottom Register - Grethel,https://admin.musora.com/admin#/content/singeo/365997,https://www.musora.com/singeo/student-reviews/Connecting-The-Bottom-Register-Grethel/365997,2022-07-29,No Chest Voice,,No Chest Voice,Vowel Shapes,,,,,,
365997,student-review,Connecting The Bottom Register - Grethel,https://admin.musora.com/admin#/content/singeo/365997,https://www.musora.com/singeo/student-reviews/Connecting-The-Bottom-Register-Grethel/365997,2022-07-29,Vowel Shapes,,,,,,,,,
365996,student-review,Finding Access To Head Voice - K. Fox (Kelly),https://admin.musora.com/admin#/content/singeo/365996,https://www.musora.com/singeo/student-reviews/Finding-Access-To-Head-Voice-K-Fox/365996,2022-07-29,Chest Puller,,Chest Puller,,,,,,,
365996,student-review,Finding Access To Head Voice - K. Fox (Kelly),https://admin.musora.com/admin#/content/singeo/365996,https://www.musora.com/singeo/student-reviews/Finding-Access-To-Head-Voice-K-Fox/365996,2022-07-29,Chest Puller,,,,,,,,,
365995,student-review,Finding A Connection To Chest Voice - Kattie,https://admin.musora.com/admin#/content/singeo/365995,https://www.musora.com/singeo/student-reviews/Finding-A-Connection-To-Chest-Voice-Kattie/365995,2022-07-29,No Chest Voice,,No Chest Voice,Vowel Shapes,,,,,,
365995,student-review,Finding A Connection To Chest Voice - Kattie,https://admin.musora.com/admin#/content/singeo/365995,https://www.musora.com/singeo/student-reviews/Finding-A-Connection-To-Chest-Voice-Kattie/365995,2022-07-29,No Chest Voice,,,,,,,,,
365995,student-review,Finding A Connection To Chest Voice - Kattie,https://admin.musora.com/admin#/content/singeo/365995,https://www.musora.com/singeo/student-reviews/Finding-A-Connection-To-Chest-Voice-Kattie/365995,2022-07-29,Vowel Shapes,,,,,,,,,
365995,student-review,Finding A Connection To Chest Voice - Kattie,https://admin.musora.com/admin#/content/singeo/365995,https://www.musora.com/singeo/student-reviews/Finding-A-Connection-To-Chest-Voice-Kattie/365995,2022-07-29,Vowel Shapes,,,,,,,,,
365990,student-review,Learning To Loosen Up - Sam Hb,https://admin.musora.com/admin#/content/singeo/365990,https://www.musora.com/singeo/student-reviews/learning-to-loosen-up-sam-hb/365990,2022-07-29,Performance/Stage Presence,,,,,,,,Performance,
365990,student-review,Learning To Loosen Up - Sam Hb,https://admin.musora.com/admin#/content/singeo/365990,https://www.musora.com/singeo/student-reviews/learning-to-loosen-up-sam-hb/365990,2022-07-29,Performance/Stage Presence,,,,,,,,,
365987,student-review,Refining Pitch - Emily D,https://admin.musora.com/admin#/content/singeo/365987,https://www.musora.com/singeo/student-reviews/emily/365987,2022-07-29,Blender,,Blender,Pitch,,,,,,
365987,student-review,Refining Pitch - Emily D,https://admin.musora.com/admin#/content/singeo/365987,https://www.musora.com/singeo/student-reviews/emily/365987,2022-07-29,Blender,,,,,,,,,
365987,student-review,Refining Pitch - Emily D,https://admin.musora.com/admin#/content/singeo/365987,https://www.musora.com/singeo/student-reviews/emily/365987,2022-07-29,Pitch,,,,,,,,,
365987,student-review,Refining Pitch - Emily D,https://admin.musora.com/admin#/content/singeo/365987,https://www.musora.com/singeo/student-reviews/emily/365987,2022-07-29,Pitch,,,,,,,,,
365984,student-review,Blending With A Duet Partner - Lee & Ogma,https://admin.musora.com/admin#/content/singeo/365984,https://www.musora.com/singeo/student-reviews/blending-with-a-duet-partner-lee-ogma/365984,2022-07-29,Pitch,,Pitch,,Rhythm,Harmony,,,Performance,
365984,student-review,Blending With A Duet Partner - Lee & Ogma,https://admin.musora.com/admin#/content/singeo/365984,https://www.musora.com/singeo/student-reviews/blending-with-a-duet-partner-lee-ogma/365984,2022-07-29,Pitch,,,,,,,,,
365984,student-review,Blending With A Duet Partner - Lee & Ogma,https://admin.musora.com/admin#/content/singeo/365984,https://www.musora.com/singeo/student-reviews/blending-with-a-duet-partner-lee-ogma/365984,2022-07-29,Rhythm/Phrasing,,,,,,,,,
365984,student-review,Blending With A Duet Partner - Lee & Ogma,https://admin.musora.com/admin#/content/singeo/365984,https://www.musora.com/singeo/student-reviews/blending-with-a-duet-partner-lee-ogma/365984,2022-07-29,Rhythm/Phrasing,,,,,,,,,
365118,student-review,Diverting Tone From Nose to Mouth - Ogma,https://admin.musora.com/admin#/content/singeo/365118,https://www.musora.com/singeo/student-reviews/diverting-tone-from-nose-to-mouth-ogma/365118,2022-07-22,Pitch,,Pitch,,,,,,,
365118,student-review,Diverting Tone From Nose to Mouth - Ogma,https://admin.musora.com/admin#/content/singeo/365118,https://www.musora.com/singeo/student-reviews/diverting-tone-from-nose-to-mouth-ogma/365118,2022-07-22,Pitch,,,,,,,,,
365115,student-review,Playing With Dynamics - P.Damien,https://admin.musora.com/admin#/content/singeo/365115,https://www.musora.com/singeo/student-reviews/playing-with-dynamics-pdamien/365115,2022-07-22,Breath Support,,Breath Support,Style,,,,,Performance,
365115,student-review,Playing With Dynamics - P.Damien,https://admin.musora.com/admin#/content/singeo/365115,https://www.musora.com/singeo/student-reviews/playing-with-dynamics-pdamien/365115,2022-07-22,Breath Support,,,,,,,,,
365115,student-review,Playing With Dynamics - P.Damien,https://admin.musora.com/admin#/content/singeo/365115,https://www.musora.com/singeo/student-reviews/playing-with-dynamics-pdamien/365115,2022-07-22,Performance/Stage Presence,,,,,,,,,
365115,student-review,Playing With Dynamics - P.Damien,https://admin.musora.com/admin#/content/singeo/365115,https://www.musora.com/singeo/student-reviews/playing-with-dynamics-pdamien/365115,2022-07-22,Performance/Stage Presence,,,,,,,,,
365113,student-review,Finding Breath Support - Claire,https://admin.musora.com/admin#/content/singeo/365113,https://www.musora.com/singeo/student-reviews/finding-breath-support-claire/365113,2022-07-22,Breath Support,,Breath Support,,,,,,,
365111,student-review,Singing High Notes With Power - Ogma,https://admin.musora.com/admin#/content/singeo/365111,https://www.musora.com/singeo/student-reviews/singing-high-notes-with-power-ogma/365111,2022-07-29,Pitch,,Pitch,Vocal Range,,,,,,
365111,student-review,Singing High Notes With Power - Ogma,https://admin.musora.com/admin#/content/singeo/365111,https://www.musora.com/singeo/student-reviews/singing-high-notes-with-power-ogma/365111,2022-07-29,Pitch,,,,,,,,,
365108,student-review,Building A Strong Voice - DPatterson,https://admin.musora.com/admin#/content/singeo/365108,https://www.musora.com/singeo/student-reviews/building-a-strong-voice-dpatterson/365108,2022-07-22,No Chest Voice,,No Chest Voice,,,,,,,
365108,student-review,Building A Strong Voice - DPatterson,https://admin.musora.com/admin#/content/singeo/365108,https://www.musora.com/singeo/student-reviews/building-a-strong-voice-dpatterson/365108,2022-07-22,No Chest Voice,,,,,,,,,
365104,student-review,Finding Your Desired Tone - SenseiStorm,https://admin.musora.com/admin#/content/singeo/365104,https://www.musora.com/singeo/student-reviews/finding-your-desired-tone-senseistorm/365104,2022-07-22,Confidence,,Style,Pitch,,,,,Performance,
365104,student-review,Finding Your Desired Tone - SenseiStorm,https://admin.musora.com/admin#/content/singeo/365104,https://www.musora.com/singeo/student-reviews/finding-your-desired-tone-senseistorm/365104,2022-07-22,Confidence,,,,,,,,,
365104,student-review,Finding Your Desired Tone - SenseiStorm,https://admin.musora.com/admin#/content/singeo/365104,https://www.musora.com/singeo/student-reviews/finding-your-desired-tone-senseistorm/365104,2022-07-22,Pitch,,,,,,,,,
365104,student-review,Finding Your Desired Tone - SenseiStorm,https://admin.musora.com/admin#/content/singeo/365104,https://www.musora.com/singeo/student-reviews/finding-your-desired-tone-senseistorm/365104,2022-07-22,Pitch,,,,,,,,,
365102,student-review,Releasing Tension - Nathan Fjeld,https://admin.musora.com/admin#/content/singeo/365102,https://www.musora.com/singeo/student-reviews/releasing-tension-nathan-fjeld/365102,2022-07-22,Chest Puller,,Chest Puller,Tension,,,,,,
365102,student-review,Releasing Tension - Nathan Fjeld,https://admin.musora.com/admin#/content/singeo/365102,https://www.musora.com/singeo/student-reviews/releasing-tension-nathan-fjeld/365102,2022-07-22,Chest Puller,,,,,,,,,
365102,student-review,Releasing Tension - Nathan Fjeld,https://admin.musora.com/admin#/content/singeo/365102,https://www.musora.com/singeo/student-reviews/releasing-tension-nathan-fjeld/365102,2022-07-22,Tension,,,,,,,,,
365102,student-review,Releasing Tension - Nathan Fjeld,https://admin.musora.com/admin#/content/singeo/365102,https://www.musora.com/singeo/student-reviews/releasing-tension-nathan-fjeld/365102,2022-07-22,Tension,,,,,,,,,
363833,student-review,Singing With Energy - 404NameNotFound,https://admin.musora.com/admin#/content/singeo/363833,https://www.musora.com/singeo/student-reviews/student-reviews/363833,2022-07-18,No Chest Voice,,No Chest Voice,,,,,,Performance,
363833,student-review,Singing With Energy - 404NameNotFound,https://admin.musora.com/admin#/content/singeo/363833,https://www.musora.com/singeo/student-reviews/student-reviews/363833,2022-07-18,No Chest Voice,,,,,,,,,
363833,student-review,Singing With Energy - 404NameNotFound,https://admin.musora.com/admin#/content/singeo/363833,https://www.musora.com/singeo/student-reviews/student-reviews/363833,2022-07-18,Performance/Stage Presence,,,,,,,,,
363833,student-review,Singing With Energy - 404NameNotFound,https://admin.musora.com/admin#/content/singeo/363833,https://www.musora.com/singeo/student-reviews/student-reviews/363833,2022-07-18,Performance/Stage Presence,,,,,,,,,
363832,student-review,Neutralizing Larynx Position - Nigel P,https://admin.musora.com/admin#/content/singeo/363832,https://www.musora.com/singeo/student-reviews/student-reviews/363832,2022-07-18,Performance/Stage Presence,,,,,,,,Performance,
363832,student-review,Neutralizing Larynx Position - Nigel P,https://admin.musora.com/admin#/content/singeo/363832,https://www.musora.com/singeo/student-reviews/student-reviews/363832,2022-07-18,Performance/Stage Presence,,,,,,,,,
363831,student-review,Finding Head Voice - Claire,https://admin.musora.com/admin#/content/singeo/363831,https://www.musora.com/singeo/student-reviews/student-reviews/363831,2022-07-18,Chest Puller,,Chest Puller,,,,,,,
363831,student-review,Finding Head Voice - Claire,https://admin.musora.com/admin#/content/singeo/363831,https://www.musora.com/singeo/student-reviews/student-reviews/363831,2022-07-18,Chest Puller,,,,,,,,,
363830,student-review,Determining Your Voice Type - Emily D,https://admin.musora.com/admin#/content/singeo/363830,https://www.musora.com/singeo/student-reviews/student-reviews/363830,2022-07-18,Blender,,Blender,,,,,,,
363830,student-review,Determining Your Voice Type - Emily D,https://admin.musora.com/admin#/content/singeo/363830,https://www.musora.com/singeo/student-reviews/student-reviews/363830,2022-07-18,Blender,,,,,,,,,
363829,student-review,Supporting Through A Range of Dynamics - P.Damien,https://admin.musora.com/admin#/content/singeo/363829,https://www.musora.com/singeo/student-reviews/student-reviews/363829,2022-07-18,Breath Support,,Breath Support,,,,,,,
363829,student-review,Supporting Through A Range of Dynamics - P.Damien,https://admin.musora.com/admin#/content/singeo/363829,https://www.musora.com/singeo/student-reviews/student-reviews/363829,2022-07-18,Breath Support,,,,,,,,,
361858,student-review,Finding Natural Vibrato - Ogma,https://admin.musora.com/admin#/content/singeo/361858,https://www.musora.com/singeo/student-reviews/student-reviews/361858,2022-07-18,Breath Support,,Breath Support,,,,,,,
361858,student-review,Finding Natural Vibrato - Ogma,https://admin.musora.com/admin#/content/singeo/361858,https://www.musora.com/singeo/student-reviews/student-reviews/361858,2022-07-18,Breath Support,,,,,,,,,
349353,student-review,Engaging Your Core - Nancy V,https://admin.musora.com/admin#/content/singeo/349353,https://www.musora.com/singeo/student-reviews/student-reviews/349353,2022-07-18,Breath Support,,Breath Support,,,,,,,
349353,student-review,Engaging Your Core - Nancy V,https://admin.musora.com/admin#/content/singeo/349353,https://www.musora.com/singeo/student-reviews/student-reviews/349353,2022-07-18,Breath Support,,,,,,,,,
349352,student-review,Singing Through An Open Shape - Debbiehoodiman,https://admin.musora.com/admin#/content/singeo/349352,https://www.musora.com/singeo/student-reviews/student-reviews/349352,2022-07-18,Confidence,,Vowel Shapes,,,,,,Performance,
349352,student-review,Singing Through An Open Shape - Debbiehoodiman,https://admin.musora.com/admin#/content/singeo/349352,https://www.musora.com/singeo/student-reviews/student-reviews/349352,2022-07-18,Confidence,,,,,,,,,
397926,student-review,Releasing The Grip - Devasheesh.s,https://admin.musora.com/admin#/content/singeo/397926,https://www.musora.com/singeo/student-reviews/releasing-the-grip-devasheeshs/397926,2023-10-13,Tension,,Tension,Chest Puller,,,,,,
397926,student-review,Releasing The Grip - Devasheesh.s,https://admin.musora.com/admin#/content/singeo/397926,https://www.musora.com/singeo/student-reviews/releasing-the-grip-devasheeshs/397926,2023-10-13,Chest Puller,,,,,,,,,
397951,student-review,Chest Voice - The Foundation - Crystal.Escolero,https://admin.musora.com/admin#/content/singeo/397951,https://www.musora.com/singeo/student-reviews/chest-voice-the-foundation-crystalescolero/397951,2023-10-13,No Chest Voice,,Vowel Shapes,No Chest Voice,,,,,,
397951,student-review,Chest Voice - The Foundation - Crystal.Escolero,https://admin.musora.com/admin#/content/singeo/397951,https://www.musora.com/singeo/student-reviews/chest-voice-the-foundation-crystalescolero/397951,2023-10-13,Vowel Shapes,,,,,,,,,
397953,student-review,Finding Balance In Song - Lyrical Edventure,https://admin.musora.com/admin#/content/singeo/397953,https://www.musora.com/singeo/student-reviews/finding-balance-in-song-lyrical-edventure/397953,2023-10-13,Tension,,Tension,No Chest Voice,,,,,,
397953,student-review,Finding Balance In Song - Lyrical Edventure,https://admin.musora.com/admin#/content/singeo/397953,https://www.musora.com/singeo/student-reviews/finding-balance-in-song-lyrical-edventure/397953,2023-10-13,No Chest Voice,,,,,,,,,
397955,student-review,Chasing Vowels nto Submission - Euchoreo,https://admin.musora.com/admin#/content/singeo/397955,https://www.musora.com/singeo/student-reviews/chasing-vowels-into-submission-euchoreo/397955,2023-10-13,Vowel Shapes,,Vowel Shapes,,,,,,,
398127,student-review,Building The Foundation - Losi,https://admin.musora.com/admin#/content/singeo/398127,https://www.musora.com/singeo/student-reviews/building-the-foundation-losi/398127,2023-10-20,Confidence,,Breath Support,,,,,,Performance,
398127,student-review,Building The Foundation - Losi,https://admin.musora.com/admin#/content/singeo/398127,https://www.musora.com/singeo/student-reviews/building-the-foundation-losi/398127,2023-10-20,Breath Support,,,,,,,,,
398129,student-review,Refining Pitch - Tony,https://admin.musora.com/admin#/content/singeo/398129,https://www.musora.com/singeo/student-reviews/refining-pitch-tony/398129,2023-10-20,Performance/Stage Presence,,Pitch,,,,,,Performance,
398129,student-review,Refining Pitch - Tony,https://admin.musora.com/admin#/content/singeo/398129,https://www.musora.com/singeo/student-reviews/refining-pitch-tony/398129,2023-10-20,Pitch,,,,,,,,,
398131,student-review,Start Building Strength - Youthology,https://admin.musora.com/admin#/content/singeo/398131,https://www.musora.com/singeo/student-reviews/start-building-strength-youthology/398131,2023-10-20,Confidence,,,,,,,,Performance,
398133,student-review,Ready For Performance - Ogma,https://admin.musora.com/admin#/content/singeo/398133,https://www.musora.com/singeo/student-reviews/ready-for-performance-ogma/398133,2023-10-20,Performance/Stage Presence,,,,,,,,Performance,
398201,student-review,Releasing Tension To Build Strength - Nicole,https://admin.musora.com/admin#/content/singeo/398201,https://www.musora.com/singeo/student-reviews/releasing-tension-to-build-strength-nicole/398201,2023-10-20,Chest Puller,,Chest Puller,Tension,,,,,,
398201,student-review,Releasing Tension To Build Strength - Nicole,https://admin.musora.com/admin#/content/singeo/398201,https://www.musora.com/singeo/student-reviews/releasing-tension-to-build-strength-nicole/398201,2023-10-20,Tension,,,,,,,,,
398203,student-review,Developing A Chest Voice Foundation - Rithana Srikanth,https://admin.musora.com/admin#/content/singeo/398203,https://www.musora.com/singeo/student-reviews/developing-a-chest-voice-foundation-rithana-srikanth/398203,2023-10-20,No Chest Voice,,No Chest Voice,,,,,,,
398205,student-review,Zeroing In On Exercise - Euchoreo,https://admin.musora.com/admin#/content/singeo/398205,https://www.musora.com/singeo/student-reviews/zeroing-in-on-exercise-euchoreo/398205,2023-10-20,Vowel Shapes,,Vowel Shapes,,,,,,,
398207,student-review,Preparing For A Performance - Michelle Goldsboro,https://admin.musora.com/admin#/content/singeo/398207,https://www.musora.com/singeo/student-reviews/preparing-for-a-performance-michelle-goldsboro/398207,2023-10-20,Performance/Stage Presence,,Vocal Range,,,,,,Performance,
398207,student-review,Preparing For A Performance - Michelle Goldsboro,https://admin.musora.com/admin#/content/singeo/398207,https://www.musora.com/singeo/student-reviews/preparing-for-a-performance-michelle-goldsboro/398207,2023-10-20,Vocal Range,,,,,,,,,
398356,student-review,What Exercises For My Vocal Range? - MichelleGoldsboro,https://admin.musora.com/admin#/content/singeo/398356,https://www.musora.com/singeo/student-reviews/what-exercises-for-my-vocal-range-michellegoldsboro/398356,2023-10-27,Vocal Range,,Vocal Range,,,,,,,
398363,student-review,Building A Strong Voice - Lou,https://admin.musora.com/admin#/content/singeo/398363,https://www.musora.com/singeo/student-reviews/building-a-strong-voice-lou/398363,2023-10-27,No Chest Voice,,No Chest Voice,,,,,,,
398392,student-review,Power In Mixed Voice - Bridget,https://admin.musora.com/admin#/content/singeo/398392,https://www.musora.com/singeo/student-reviews/power-in-mixed-voice-bridget/398392,2023-10-27,Chest Puller,,Chest Puller,,,,,,,
398424,student-review,Stability and Support - SphinxJinx,https://admin.musora.com/admin#/content/singeo/398424,https://www.musora.com/singeo/student-reviews/stability-and-support-sphinxjinx/398424,2023-10-27,Breath Support,,Breath Support,,,,,,,
398623,student-review,Sharing Resonance for Vowel Shaping - Lee,https://admin.musora.com/admin#/content/singeo/398623,https://www.musora.com/singeo/student-reviews/sharing-resonance-for-vowel-shaping-lee-from-london/398623,2023-10-27,Vowel Shapes,,Vowel Shapes,,,,,,,
398626,student-review,Identifying Vocal Issues - CuteCat,https://admin.musora.com/admin#/content/singeo/398626,https://www.musora.com/singeo/student-reviews/identifying-vocal-issues-cutecat/398626,2023-10-27,Chest Puller,,Tension,Chest Puller,,,,,,
398626,student-review,Identifying Vocal Issues - CuteCat,https://admin.musora.com/admin#/content/singeo/398626,https://www.musora.com/singeo/student-reviews/identifying-vocal-issues-cutecat/398626,2023-10-27,Vocal Pain/Discomfort,,,,,,,,,
398628,student-review,Controling Pitch - Joncail,https://admin.musora.com/admin#/content/singeo/398628,https://www.musora.com/singeo/student-reviews/controling-pitch-joncail/398628,2023-10-27,Pitch,,Pitch,Breath Support,,,,,,
398628,student-review,Controling Pitch - Joncail,https://admin.musora.com/admin#/content/singeo/398628,https://www.musora.com/singeo/student-reviews/controling-pitch-joncail/398628,2023-10-27,Breath Support,,,,,,,,,
398630,student-review,Relieving Vocal Tension - Jeffschmitz,https://admin.musora.com/admin#/content/singeo/398630,https://www.musora.com/singeo/student-reviews/relieving-vocal-tension-jeffschmitz/398630,2023-10-27,Chest Puller,,Chest Puller,Tension,,,,,,
398630,student-review,Relieving Vocal Tension - Jeffschmitz,https://admin.musora.com/admin#/content/singeo/398630,https://www.musora.com/singeo/student-reviews/relieving-vocal-tension-jeffschmitz/398630,2023-10-27,Tension,,,,,,,,,
398632,student-review,How to Find and Keep the Correct Pitch - Max,https://admin.musora.com/admin#/content/singeo/398632,https://www.musora.com/singeo/student-reviews/how-to-find-and-keep-the-correct-pitch-max/398632,2023-10-27,Pitch,,Pitch,,,,,,,
398773,student-review,Building Vocal Cord Closure - Mark Davis,https://admin.musora.com/admin#/content/singeo/398773,https://www.musora.com/singeo/student-reviews/building-vocal-cord-closure-mark-davis/398773,2023-11-03,Head Voice,,No Chest Voice,,,,,,,
398775,student-review,Voice Type/Tends To - iLuuk,https://admin.musora.com/admin#/content/singeo/398775,https://www.musora.com/singeo/student-reviews/voice-typetends-to-iluuk/398775,2023-11-03,Vowel Shapes,,Vowel Shapes,Flipper,,,,,,
398775,student-review,Voice Type/Tends To - iLuuk,https://admin.musora.com/admin#/content/singeo/398775,https://www.musora.com/singeo/student-reviews/voice-typetends-to-iluuk/398775,2023-11-03,Flipper,,,,,,,,,
398776,student-review,Voice Building - Granny Kiwi,https://admin.musora.com/admin#/content/singeo/398776,https://www.musora.com/singeo/student-reviews/voice-building-granny-kiwi/398776,2023-11-03,No Chest Voice,,No Chest Voice,Vowel Shapes,,,,,,
398776,student-review,Voice Building - Granny Kiwi,https://admin.musora.com/admin#/content/singeo/398776,https://www.musora.com/singeo/student-reviews/voice-building-granny-kiwi/398776,2023-11-03,Vowel Shapes,,,,,,,,,
398777,student-review,Find The Connection To Chest Voice - Judy Catherine,https://admin.musora.com/admin#/content/singeo/398777,https://www.musora.com/singeo/student-reviews/find-the-connection-to-chest-voice-judy-catherine/398777,2023-11-03,No Chest Voice,,No Chest Voice,,,,,,,
398778,student-review,Tweaking Vowels In Exercise - Euchoreo,https://admin.musora.com/admin#/content/singeo/398778,https://www.musora.com/singeo/student-reviews/tweaking-vowels-in-exercise-euchoreo/398778,2023-11-03,Vowel Shapes,,Vowel Shapes,,,,,,,
398982,student-review,Increase The Energy To Help With Pitch - Tamarah Gough,https://admin.musora.com/admin#/content/singeo/398982,https://www.musora.com/singeo/student-reviews/increase-the-energy-to-help-with-pitch-tamarah-gough/398982,2023-11-03,Breath Support,,Breath Support,Pitch,,,,,,
398982,student-review,Increase The Energy To Help With Pitch - Tamarah Gough,https://admin.musora.com/admin#/content/singeo/398982,https://www.musora.com/singeo/student-reviews/increase-the-energy-to-help-with-pitch-tamarah-gough/398982,2023-11-03,Pitch,,,,,,,,,
398998,student-review,Finding And Keeping The Harmony - Anchor,https://admin.musora.com/admin#/content/singeo/398998,https://www.musora.com/singeo/student-reviews/finding-and-keeping-the-harmony-anchor/398998,2023-11-03,Pitch,,Pitch,,,,,,,
399003,student-review,Varying The Amount Of Breath - Teri P,https://admin.musora.com/admin#/content/singeo/399003,https://www.musora.com/singeo/student-reviews/varying-the-amount-of-breath-teri-p/399003,2023-11-03,Pitch,,Pitch,Breath Support,,,,,,
399003,student-review,Varying The Amount Of Breath - Teri P,https://admin.musora.com/admin#/content/singeo/399003,https://www.musora.com/singeo/student-reviews/varying-the-amount-of-breath-teri-p/399003,2023-11-03,Breath Support,,,,,,,,,
399007,student-review,Building A Consistent Tone - Claudia B,https://admin.musora.com/admin#/content/singeo/399007,https://www.musora.com/singeo/student-reviews/building-a-consistent-tone-claudia-b/399007,2023-11-03,Blender,,Blender,Breath Support,,,,,,
399007,student-review,Building A Consistent Tone - Claudia B,https://admin.musora.com/admin#/content/singeo/399007,https://www.musora.com/singeo/student-reviews/building-a-consistent-tone-claudia-b/399007,2023-11-03,Breath Support,,,,,,,,,
399246,student-review,Getting Performance Ready - Ogma,https://admin.musora.com/admin#/content/singeo/399246,https://www.musora.com/singeo/student-reviews/getting-performance-ready-ogma/399246,2023-11-10,Pitch,,Pitch,,,,,,,
399248,student-review,Strong High Notes Without Tension - Iva Bagaric,https://admin.musora.com/admin#/content/singeo/399248,https://www.musora.com/singeo/student-reviews/strong-high-notes-without-tension-iva-bagaric/399248,2023-11-10,Tension,,Tension,,,,,,,
399250,student-review,Singeo Student Reviews - Focus On The Basics: Pitch - AbsorbAndPlay,https://admin.musora.com/admin#/content/singeo/399250,https://www.musora.com/singeo/student-reviews/focus-on-the-basics-pitch-absorbandplay/399250,2023-11-10,Pitch,,Pitch,,,,,,,
399253,student-review,Commanding The Stage - Bestie Ray,https://admin.musora.com/admin#/content/singeo/399253,https://www.musora.com/singeo/student-reviews/commanding-the-stage-bestie-ray/399253,2023-11-10,Performance/Stage Presence,,,,,,,,Performance,
399255,student-review,Singeo Student Reviews -Building A Strong Voice - AmandaForShort,https://admin.musora.com/admin#/content/singeo/399255,https://www.musora.com/singeo/student-reviews/building-a-strong-voice-amandaforshort/399255,2023-11-10,Confidence,,,,,,,,Performance,
399301,student-review,Building Strength In Song - Michelle Goldsboro,https://admin.musora.com/admin#/content/singeo/399301,https://www.musora.com/singeo/student-reviews/building-strength-in-song-michelle-goldsboro/399301,2023-11-10,No Chest Voice,,No Chest Voice,Pitch,,,,,,
399301,student-review,Building Strength In Song - Michelle Goldsboro,https://admin.musora.com/admin#/content/singeo/399301,https://www.musora.com/singeo/student-reviews/building-strength-in-song-michelle-goldsboro/399301,2023-11-10,Pitch,,,,,,,,,
399303,student-review,Balancing The Vocal Weight - Ogma,https://admin.musora.com/admin#/content/singeo/399303,https://www.musora.com/singeo/student-reviews/balancing-the-vocal-weight-ogma/399303,2023-11-10,Tension,,Tension,,,,,,,
399305,student-review,Preparing For A Performance - Lee,https://admin.musora.com/admin#/content/singeo/399305,https://www.musora.com/singeo/student-reviews/preparing-for-a-performance-lee/399305,2023-11-10,Performance/Stage Presence,,,,,,,,Performance,
399307,student-review,Reducing Strain In Performance - JeffSchmitz,https://admin.musora.com/admin#/content/singeo/399307,https://www.musora.com/singeo/student-reviews/reducing-strain-in-performance-jeffschmitz/399307,2023-11-10,Chest Puller,,Chest Puller,Tension,,,,,,
399307,student-review,Reducing Strain In Performance - JeffSchmitz,https://admin.musora.com/admin#/content/singeo/399307,https://www.musora.com/singeo/student-reviews/reducing-strain-in-performance-jeffschmitz/399307,2023-11-10,Tension,,,,,,,,,
399532,student-review,Falsetto In Song - Crystal.Escolero,https://admin.musora.com/admin#/content/singeo/399532,https://www.musora.com/singeo/student-reviews/falsetto-in-song-crystalescolero/399532,2023-11-17,Falsetto,,Style,No Chest Voice,,,,,,
399534,student-review,Breath In Song - Julius K,https://admin.musora.com/admin#/content/singeo/399534,https://www.musora.com/singeo/student-reviews/breath-in-song-julius-k/399534,2023-11-17,Pitch,,Pitch,Breath Support,,,,,,
399534,student-review,Breath In Song - Julius K,https://admin.musora.com/admin#/content/singeo/399534,https://www.musora.com/singeo/student-reviews/breath-in-song-julius-k/399534,2023-11-17,Breath Support,,,,,,,,,
399536,student-review,Voice Type Analysis - iLuuk,https://admin.musora.com/admin#/content/singeo/399536,https://www.musora.com/singeo/student-reviews/voice-type-analysis-iluuk/399536,2023-11-17,Chest Puller,,Chest Puller,,,,,,,
399539,student-review,Diphthongs -The Shape Of Sounds To Come - Euchoreo,https://admin.musora.com/admin#/content/singeo/399539,https://www.musora.com/singeo/student-reviews/diphthongs-the-shape-of-sounds-to-come-euchoreo/399539,2023-11-17,Vowel Shapes,,Vowel Shapes,,Rhythm,,,,,
399539,student-review,Diphthongs -The Shape Of Sounds To Come - Euchoreo,https://admin.musora.com/admin#/content/singeo/399539,https://www.musora.com/singeo/student-reviews/diphthongs-the-shape-of-sounds-to-come-euchoreo/399539,2023-11-17,Rhythm/Phrasing,,,,,,,,,
399541,student-review,Releasing Chest Voice In Song - SM Quinn,https://admin.musora.com/admin#/content/singeo/399541,https://www.musora.com/singeo/student-reviews/releasing-chest-voice-in-song-sm-quinn/399541,2023-11-17,Chest Puller,,Chest Puller,,,,,,,
399918,student-review,Muscle Function Dysphonia - Dave.Pyne,https://admin.musora.com/admin#/content/singeo/399918,https://www.musora.com/singeo/student-reviews/muscle-function-dysphonia-davepyne/399918,2023-11-24,Vocal Pain/Discomfort,,Tension,,,,,,,
399985,student-review,High Notes With Ease - Otto,https://admin.musora.com/admin#/content/singeo/399985,https://www.musora.com/singeo/student-reviews/high-notes-with-ease-otto/399985,2023-11-24,Tension,,Tension,,,,,,,
399988,student-review,Secure The Pitch - Shir.Dtx,https://admin.musora.com/admin#/content/singeo/399988,https://www.musora.com/singeo/student-reviews/secure-the-pitch-shirdtx/399988,2023-11-24,No Chest Voice,,No Chest Voice,Pitch,,,,,,
399988,student-review,Secure The Pitch - Shir.Dtx,https://admin.musora.com/admin#/content/singeo/399988,https://www.musora.com/singeo/student-reviews/secure-the-pitch-shirdtx/399988,2023-11-24,Pitch,,,,,,,,,
399991,student-review,Focus On Pitch First - Kenpo,https://admin.musora.com/admin#/content/singeo/399991,https://www.musora.com/singeo/student-reviews/focus-on-pitch-first-kenpo/399991,2023-11-24,Pitch,,Pitch,,,,,,,
400736,student-review,Shaping High Notes In Song - Or Globerman,https://admin.musora.com/admin#/content/singeo/400736,https://www.musora.com/singeo/student-reviews/shaping-high-notes-in-song-or-globerman/400736,2023-12-01,Vowel Shapes,,Vowel Shapes,,,,,,,
400738,student-review,Approaching Higher Notes In Song - Dagmar B,https://admin.musora.com/admin#/content/singeo/400738,https://www.musora.com/singeo/student-reviews/approaching-higher-notes-in-song-dagmar-b/400738,2023-12-01,Vocal Range,,Vocal Range,,,,,,,
400740,student-review,Balancing The Larynx - Euchoreo,https://admin.musora.com/admin#/content/singeo/400740,https://www.musora.com/singeo/student-reviews/balancing-the-larynx-euchoreo/400740,2023-12-01,Vowel Shapes,,Vowel Shapes,,Rhythm,,,,,
400740,student-review,Balancing The Larynx - Euchoreo,https://admin.musora.com/admin#/content/singeo/400740,https://www.musora.com/singeo/student-reviews/balancing-the-larynx-euchoreo/400740,2023-12-01,Rhythm/Phrasing,,,,,,,,,
400742,student-review,Using SOVT To Balance The Flow - Bkat,https://admin.musora.com/admin#/content/singeo/400742,https://www.musora.com/singeo/student-reviews/using-sovt-to-balance-the-flow-bkat/400742,2023-12-01,Vowel Shapes,,Vowel Shapes,,,,,,,
401086,student-review,More Space For More Sound - Jrneff,https://admin.musora.com/admin#/content/singeo/401086,https://www.musora.com/singeo/student-reviews/more-space-for-more-sound-jrneff/401086,2023-12-08,Vowel Shapes,,Vowel Shapes,,,,,,,
401088,student-review,Honing In On Pitch - Juanbautista,https://admin.musora.com/admin#/content/singeo/401088,https://www.musora.com/singeo/student-reviews/honing-in-on-pitch-juanbautista/401088,2023-12-08,Pitch,,Pitch,,,,,,,
401090,student-review,Adding Expression And Intention - AbsorbAndPlay,https://admin.musora.com/admin#/content/singeo/401090,https://www.musora.com/singeo/student-reviews/adding-expression-and-intention-absorbandplay/401090,2023-12-08,Pitch,,Pitch,,,,,,,
401200,student-review,Exercise Review - iLuuk,https://admin.musora.com/admin#/content/singeo/401200,https://www.musora.com/singeo/student-reviews/exercise-review-iluuk/401200,2023-12-08,Vowel Shapes,,Vowel Shapes,Chest Puller,,,,,,
401200,student-review,Exercise Review - iLuuk,https://admin.musora.com/admin#/content/singeo/401200,https://www.musora.com/singeo/student-reviews/exercise-review-iluuk/401200,2023-12-08,Chest Puller,,,,,,,,,
401202,student-review,Discovering Your Voice Type - Cameron Midkiff,https://admin.musora.com/admin#/content/singeo/401202,https://www.musora.com/singeo/student-reviews/discovering-your-voice-type-cameron-midkiff/401202,2023-12-08,Pitch,,Pitch,Flipper,,,,,,
401202,student-review,Discovering Your Voice Type - Cameron Midkiff,https://admin.musora.com/admin#/content/singeo/401202,https://www.musora.com/singeo/student-reviews/discovering-your-voice-type-cameron-midkiff/401202,2023-12-08,Flipper,,,,,,,,,
401204,student-review,Larynx Position For High Notes - John Frost,https://admin.musora.com/admin#/content/singeo/401204,https://www.musora.com/singeo/student-reviews/larynx-position-for-high-notes-john-frost/401204,2023-12-08,Vocal Range,,Vocal Range,,,,,,,
401206,student-review,Shaping Vowels In Song - Moishymalov,https://admin.musora.com/admin#/content/singeo/401206,https://www.musora.com/singeo/student-reviews/shaping-vowels-in-song-moishymalov/401206,2023-12-08,Vowel Shapes,,Vowel Shapes,Chest Puller,,,,,,
401206,student-review,Shaping Vowels In Song - Moishymalov,https://admin.musora.com/admin#/content/singeo/401206,https://www.musora.com/singeo/student-reviews/shaping-vowels-in-song-moishymalov/401206,2023-12-08,Chest Puller,,,,,,,,,
401339,student-review,Relieving Tension In Song - MrGypsyAllen,https://admin.musora.com/admin#/content/singeo/401339,https://www.musora.com/singeo/student-reviews/relieving-tension-in-song-mrgypsyallen/401339,2023-12-15,Chest Puller,,Chest Puller,Tension,,,,,,
401339,student-review,Relieving Tension In Song - MrGypsyAllen,https://admin.musora.com/admin#/content/singeo/401339,https://www.musora.com/singeo/student-reviews/relieving-tension-in-song-mrgypsyallen/401339,2023-12-15,Tension,,,,,,,,,
401340,student-review,Add The Finishing Touches - Euchoreo,https://admin.musora.com/admin#/content/singeo/401340,https://www.musora.com/singeo/student-reviews/add-the-finishing-touches-euchoreo/401340,2023-12-15,Performance/Stage Presence,,,,,,,,Performance,
401342,student-review,A Lighter Approach - Crystal.Escolero,https://admin.musora.com/admin#/content/singeo/401342,https://www.musora.com/singeo/student-reviews/a-lighter-approach-crystalescolero/401342,2023-12-15,Breath Support,,Breath Support,Pitch,,,,,,
401342,student-review,A Lighter Approach - Crystal.Escolero,https://admin.musora.com/admin#/content/singeo/401342,https://www.musora.com/singeo/student-reviews/a-lighter-approach-crystalescolero/401342,2023-12-15,Pitch,,,,,,,,,
401345,student-review,Releasing Tension - iLuuk,https://admin.musora.com/admin#/content/singeo/401345,https://www.musora.com/singeo/student-reviews/releasing-tension-iluuk/401345,2023-12-15,Chest Puller,,Chest Puller,Pitch,,,,,,
401345,student-review,Releasing Tension - iLuuk,https://admin.musora.com/admin#/content/singeo/401345,https://www.musora.com/singeo/student-reviews/releasing-tension-iluuk/401345,2023-12-15,Pitch,,,,,,,,,
401347,student-review,Learning To Balance Vocal Cord Closure - Alejo Arosemena,https://admin.musora.com/admin#/content/singeo/401347,https://www.musora.com/singeo/student-reviews/learning-to-balance-vocal-cord-closure-alejo-arosemena/401347,2023-12-15,Breath Support,,Breath Support,Chest Puller,,,,,,
401347,student-review,Learning To Balance Vocal Cord Closure - Alejo Arosemena,https://admin.musora.com/admin#/content/singeo/401347,https://www.musora.com/singeo/student-reviews/learning-to-balance-vocal-cord-closure-alejo-arosemena/401347,2023-12-15,Chest Puller,,,,,,,,,
401704,student-review,Phrasing Classic Songs - Lee,https://admin.musora.com/admin#/content/singeo/401704,https://www.musora.com/singeo/student-reviews/phrasing-classic-songs-lee/401704,2023-12-22,Rhythm/Phrasing,,,,Rhythm,,,,,
401706,student-review,Applying Exercise To Song: Keep The Pitch - iLuuk,https://admin.musora.com/admin#/content/singeo/401706,https://www.musora.com/singeo/student-reviews/applying-exercise-to-song-keep-the-pitch-iluuk/401706,2023-12-22,Pitch,,Pitch,,,,,,,
401707,student-review,The Best Approach In Song - Breanna_Makes_Music,https://admin.musora.com/admin#/content/singeo/401707,https://www.musora.com/singeo/student-reviews/the-best-approach-in-song-breannamakesmusic/401707,2023-12-22,Performance/Stage Presence,,,,,,,,Performance,
401710,student-review,Learning Melody-Riffs And Runs - Amethizjad,https://admin.musora.com/admin#/content/singeo/401710,https://www.musora.com/singeo/student-reviews/learning-melody-riffs-and-runs-amethizjad/401710,2023-12-22,Rhythm/Phrasing,,,,Rhythm,,,,Performance,
401710,student-review,Learning Melody-Riffs And Runs - Amethizjad,https://admin.musora.com/admin#/content/singeo/401710,https://www.musora.com/singeo/student-reviews/learning-melody-riffs-and-runs-amethizjad/401710,2023-12-22,Performance/Stage Presence,,,,,,,,,
401712,student-review,Balancing Volumes-Voice To Instrument - DagmarB,https://admin.musora.com/admin#/content/singeo/401712,https://www.musora.com/singeo/student-reviews/balancing-volumes-voice-to-instrument-dagmarb/401712,2023-12-22,Performance/Stage Presence,,,,,,,,Performance,
401712,student-review,Balancing Volumes-Voice To Instrument - DagmarB,https://admin.musora.com/admin#/content/singeo/401712,https://www.musora.com/singeo/student-reviews/balancing-volumes-voice-to-instrument-dagmarb/401712,2023-12-22,Volume,,Breath Support,Style,,,,,,
401714,student-review,Balancing Vowel Shapes - Julius K,https://admin.musora.com/admin#/content/singeo/401714,https://www.musora.com/singeo/student-reviews/balancing-vowel-shapes-julius-k/401714,2023-12-22,Vowel Shapes,,Vowel Shapes,,,,,,,
401716,student-review,Reshaping Vowels In Song - Euchoreo,https://admin.musora.com/admin#/content/singeo/401716,https://www.musora.com/singeo/student-reviews/reshaping-vowels-in-song-euchoreo/401716,2023-12-22,Vowel Shapes,,Vowel Shapes,,,,,,,
401718,student-review,Taking Your Voice Next Level - Tankersleyjenn,https://admin.musora.com/admin#/content/singeo/401718,https://www.musora.com/singeo/student-reviews/taking-your-voice-next-level-tankersleyjenn/401718,2023-12-22,Confidence,,No Chest Voice,,,,,,Performance,
401718,student-review,Taking Your Voice Next Level - Tankersleyjenn,https://admin.musora.com/admin#/content/singeo/401718,https://www.musora.com/singeo/student-reviews/taking-your-voice-next-level-tankersleyjenn/401718,2023-12-22,No Chest Voice,,,,,,,,,
402701,student-review,Putting The Voice To Work In A Band - SuperblondeDotOrg,https://admin.musora.com/admin#/content/singeo/402701,https://www.musora.com/singeo/student-reviews/putting-the-voice-to-work-in-a-band-superblondedotorg/402701,2023-12-29,Tension,,Tension,Style,,,,,,
402701,student-review,Putting The Voice To Work In A Band - SuperblondeDotOrg,https://admin.musora.com/admin#/content/singeo/402701,https://www.musora.com/singeo/student-reviews/putting-the-voice-to-work-in-a-band-superblondedotorg/402701,2023-12-29,Vibrato,,,,,,,,,
402703,student-review,Building Good Habits In Exercise - iLuuk,https://admin.musora.com/admin#/content/singeo/402703,https://www.musora.com/singeo/student-reviews/building-good-habits-in-exercise-iluuk/402703,2023-12-29,Confidence,,,,,,,,Performance,
402703,student-review,Building Good Habits In Exercise - iLuuk,https://admin.musora.com/admin#/content/singeo/402703,https://www.musora.com/singeo/student-reviews/building-good-habits-in-exercise-iluuk/402703,2023-12-29,Exercises,,,,,,,,Practice Tips,
402705,student-review,Vocal Performance In A Recording - Nikhil Mahi,https://admin.musora.com/admin#/content/singeo/402705,https://www.musora.com/singeo/student-reviews/vocal-performance-in-a-recording-nikhil-mahi/402705,2023-12-29,Performance/Stage Presence,,,,,,,,Performance,
402708,student-review,Building Balance For Aggressive Singing - K.P. Bolden,https://admin.musora.com/admin#/content/singeo/402708,https://www.musora.com/singeo/student-reviews/building-balance-for-aggressive-singing-kp-bolden/402708,2023-12-29,Chest Puller,,Chest Puller,,,,,,Performance,
402708,student-review,Building Balance For Aggressive Singing - K.P. Bolden,https://admin.musora.com/admin#/content/singeo/402708,https://www.musora.com/singeo/student-reviews/building-balance-for-aggressive-singing-kp-bolden/402708,2023-12-29,Performance/Stage Presence,,,,,,,,,
402710,student-review,Correcting Pitch In Song - Dena DeFini,https://admin.musora.com/admin#/content/singeo/402710,https://www.musora.com/singeo/student-reviews/correcting-pitch-in-song-dena-defini/402710,2023-12-29,Pitch,,Pitch,,,,,,Performance,
402710,student-review,Correcting Pitch In Song - Dena DeFini,https://admin.musora.com/admin#/content/singeo/402710,https://www.musora.com/singeo/student-reviews/correcting-pitch-in-song-dena-defini/402710,2023-12-29,Performance/Stage Presence,,,,,,,,,
402712,student-review,Selecting A Key For Your Song - Breanna_Makes_Music,https://admin.musora.com/admin#/content/singeo/402712,https://www.musora.com/singeo/student-reviews/selecting-a-key-for-your-song-breannamakesmusic/402712,2023-12-29,Song-Key,,Vocal Range,,Ear Training,,,,,
402714,student-review,Building Connection In Exercise Before Songs - Amybuckley,https://admin.musora.com/admin#/content/singeo/402714,https://www.musora.com/singeo/student-reviews/building-connection-in-exercise-before-songs-amybuckley/402714,2023-12-29,Pitch,,Pitch,,,,,,Performance,
402714,student-review,Building Connection In Exercise Before Songs - Amybuckley,https://admin.musora.com/admin#/content/singeo/402714,https://www.musora.com/singeo/student-reviews/building-connection-in-exercise-before-songs-amybuckley/402714,2023-12-29,Performance/Stage Presence,,,,,,,,,
402716,student-review,Find-Keep-Memorize Pitch - Eclectic Dame,https://admin.musora.com/admin#/content/singeo/402716,https://www.musora.com/singeo/student-reviews/find-keep-memorize-pitch-eclectic-dame/402716,2023-12-29,Pitch,,Pitch,,,,,,,
402915,student-review,Starting To Build Strength - Julie.C.Gallivan,https://admin.musora.com/admin#/content/singeo/402915,https://www.musora.com/singeo/student-reviews/starting-to-build-strength-juliecgallivan/402915,2024-01-05,Breath Support,,Breath Support,,,,,,,
402918,student-review,Building On Your Foundation  - Sofi Margo,https://admin.musora.com/admin#/content/singeo/402918,https://www.musora.com/singeo/student-reviews/building-on-your-foundation-sofi-margo/402918,2024-01-05,Vocal Range,,Vocal Range,Tension,,,,,,
402918,student-review,Building On Your Foundation  - Sofi Margo,https://admin.musora.com/admin#/content/singeo/402918,https://www.musora.com/singeo/student-reviews/building-on-your-foundation-sofi-margo/402918,2024-01-05,Tension,,,,,,,,,
403025,student-review,Utilizing Exercises Into Song - BKat,https://admin.musora.com/admin#/content/singeo/403025,https://www.musora.com/singeo/student-reviews/utilizing-exercises-into-song-bkat/403025,2024-01-10,Blender,,Blender,,,,,,Performance,
403025,student-review,Utilizing Exercises Into Song - BKat,https://admin.musora.com/admin#/content/singeo/403025,https://www.musora.com/singeo/student-reviews/utilizing-exercises-into-song-bkat/403025,2024-01-10,Performance,,,,,,,,,
403033,student-review,A Flipper Or A Chest Puller? - Frank White,https://admin.musora.com/admin#/content/singeo/403033,https://www.musora.com/singeo/student-reviews/a-flipper-or-a-chest-puller-frank-white/403033,2024-01-12,Flipper,,Flipper,Chest Puller,,,,,,
403033,student-review,A Flipper Or A Chest Puller? - Frank White,https://admin.musora.com/admin#/content/singeo/403033,https://www.musora.com/singeo/student-reviews/a-flipper-or-a-chest-puller-frank-white/403033,2024-01-12,Chest Puller,,,,,,,,,
403035,student-review,Releasing Tension In The Voice - Alejo Arosemena,https://admin.musora.com/admin#/content/singeo/403035,https://www.musora.com/singeo/student-reviews/releasing-tension-in-the-voice-alejo-arosemena/403035,2024-01-10,Chest Puller,,Chest Puller,Tension,,,,,,
403035,student-review,Releasing Tension In The Voice - Alejo Arosemena,https://admin.musora.com/admin#/content/singeo/403035,https://www.musora.com/singeo/student-reviews/releasing-tension-in-the-voice-alejo-arosemena/403035,2024-01-10,Tension,,,,,,,,,
403037,student-review,Using Exercise Routines To Prepare For Performing - Bso,https://admin.musora.com/admin#/content/singeo/403037,https://www.musora.com/singeo/student-reviews/using-exercise-routines-to-prepare-for-performing-bso/403037,2024-01-10,Chest Puller,,Chest Puller,Flipper,,,,,,
403037,student-review,Using Exercise Routines To Prepare For Performing - Bso,https://admin.musora.com/admin#/content/singeo/403037,https://www.musora.com/singeo/student-reviews/using-exercise-routines-to-prepare-for-performing-bso/403037,2024-01-10,Flipper,,,,,,,,,
403128,student-review,Finding Support For Your Head Voice - Carolyn.Cresswell,https://admin.musora.com/admin#/content/singeo/403128,https://www.musora.com/singeo/student-reviews/finding-support-for-your-head-voice-carolyncresswell/403128,2024-01-12,Head Voice,,No Chest Voice,Vocal Range,,,,,,
403128,student-review,Finding Support For Your Head Voice - Carolyn.Cresswell,https://admin.musora.com/admin#/content/singeo/403128,https://www.musora.com/singeo/student-reviews/finding-support-for-your-head-voice-carolyncresswell/403128,2024-01-12,No Chest Voice,,,,,,,,,
403130,student-review,Getting To Know Your Voice - Julebaum,https://admin.musora.com/admin#/content/singeo/403130,https://www.musora.com/singeo/student-reviews/getting-to-know-your-voice-julebaum/403130,2024-01-12,No Chest Voice,,No Chest Voice,,,,,,,
403255,student-review,Gaining Confidence Through Refining Pitch - Luxx Lavish,https://admin.musora.com/admin#/content/singeo/403255,https://www.musora.com/singeo/student-reviews/gaining-confidence-through-refining-pitch-luxx-lavish/403255,2024-01-19,Confidence,,Pitch,,,,,,Performance,
403255,student-review,Gaining Confidence Through Refining Pitch - Luxx Lavish,https://admin.musora.com/admin#/content/singeo/403255,https://www.musora.com/singeo/student-reviews/gaining-confidence-through-refining-pitch-luxx-lavish/403255,2024-01-19,Pitch,,,,,,,,,
403280,student-review,Check My Pitch - Laura Williams,https://admin.musora.com/admin#/content/singeo/403280,https://www.musora.com/singeo/student-reviews/check-my-pitch-laura-williams/403280,2024-01-19,Pitch,,Pitch,No Chest Voice,,,,,,
403280,student-review,Check My Pitch - Laura Williams,https://admin.musora.com/admin#/content/singeo/403280,https://www.musora.com/singeo/student-reviews/check-my-pitch-laura-williams/403280,2024-01-19,No Chest Voice,,,,,,,,,
403306,student-review,Establish Your Daily Routine - Joseph.Davissen,https://admin.musora.com/admin#/content/singeo/403306,https://www.musora.com/singeo/student-reviews/establish-your-daily-routine-josephdavissen/403306,2024-01-19,Pitch,,Pitch,,,,,,,
403442,student-review,Using Alternate Routines To Balance The Voice - John.Cary,https://admin.musora.com/admin#/content/singeo/403442,https://www.musora.com/singeo/student-reviews/using-alternate-routines-to-balance-the-voice-johncary/403442,2024-01-19,No Chest Voice,,No Chest Voice,Chest Puller,,,,,,
403442,student-review,Using Alternate Routines To Balance The Voice - John.Cary,https://admin.musora.com/admin#/content/singeo/403442,https://www.musora.com/singeo/student-reviews/using-alternate-routines-to-balance-the-voice-johncary/403442,2024-01-19,Chest Puller,,,,,,,,,
403444,student-review,Building A Connected Voice - ElijahSuitts,https://admin.musora.com/admin#/content/singeo/403444,https://www.musora.com/singeo/student-reviews/building-a-connected-voice-elijahsuitts/403444,2024-01-19,No Chest Voice,,No Chest Voice,,,,,,,
403584,student-review,The Road To Refining Pitch - Juanbautista,https://admin.musora.com/admin#/content/singeo/403584,https://www.musora.com/singeo/student-reviews/the-road-to-refining-pitch-juanbautista/403584,2024-01-26,Pitch,,Pitch,Breath Support,,,,,,
403584,student-review,The Road To Refining Pitch - Juanbautista,https://admin.musora.com/admin#/content/singeo/403584,https://www.musora.com/singeo/student-reviews/the-road-to-refining-pitch-juanbautista/403584,2024-01-26,Breath Support,,,,,,,,,
403586,student-review,Finding Your Unique Tone - Julius K,https://admin.musora.com/admin#/content/singeo/403586,https://www.musora.com/singeo/student-reviews/finding-your-unique-tone-julius-k/403586,2024-01-26,Breath Support,,Breath Support,No Chest Voice,,,,,,
403586,student-review,Finding Your Unique Tone - Julius K,https://admin.musora.com/admin#/content/singeo/403586,https://www.musora.com/singeo/student-reviews/finding-your-unique-tone-julius-k/403586,2024-01-26,No Chest Voice,,,,,,,,,
403588,student-review,Confidence Singing Higher Notes - Nigel P,https://admin.musora.com/admin#/content/singeo/403588,https://www.musora.com/singeo/student-reviews/confidence-singing-higher-notes-nigel-p/403588,2024-01-26,Confidence,,Vocal Range,,,,,,Performance,
403588,student-review,Confidence Singing Higher Notes - Nigel P,https://admin.musora.com/admin#/content/singeo/403588,https://www.musora.com/singeo/student-reviews/confidence-singing-higher-notes-nigel-p/403588,2024-01-26,Vocal Range,,,,,,,,,
403641,student-review,Give Those High Notes Some Oomph! - Bridget,https://admin.musora.com/admin#/content/singeo/403641,https://www.musora.com/singeo/student-reviews/give-those-high-notes-some-oomph-bridget/403641,2024-01-26,Vocal Range,,Vocal Range,Vowel Shapes,,,,,,
403641,student-review,Give Those High Notes Some Oomph! - Bridget,https://admin.musora.com/admin#/content/singeo/403641,https://www.musora.com/singeo/student-reviews/give-those-high-notes-some-oomph-bridget/403641,2024-01-26,Vowel Shapes,,,,,,,,,
403647,student-review,How To Stylize Your Song - Christoph,https://admin.musora.com/admin#/content/singeo/403647,https://www.musora.com/singeo/student-reviews/how-to-stylize-your-song-christoph/403647,2024-01-26,Vocal Range,,Vocal Range,Breath Support,,,,,,
403647,student-review,How To Stylize Your Song - Christoph,https://admin.musora.com/admin#/content/singeo/403647,https://www.musora.com/singeo/student-reviews/how-to-stylize-your-song-christoph/403647,2024-01-26,Breath Support,,,,,,,,,
403649,student-review,How To Work On Riffs & Runs - AL,https://admin.musora.com/admin#/content/singeo/403649,https://www.musora.com/singeo/student-reviews/how-to-work-on-riffs-runs-al/403649,2024-01-26,Confidence,,Breath Support,,,,,,Performance,
403649,student-review,How To Work On Riffs & Runs - AL,https://admin.musora.com/admin#/content/singeo/403649,https://www.musora.com/singeo/student-reviews/how-to-work-on-riffs-runs-al/403649,2024-01-26,Breath Support,,,,,,,,,
403651,student-review,Make Some Noise! - AbsorbAndPlay,https://admin.musora.com/admin#/content/singeo/403651,https://www.musora.com/singeo/student-reviews/make-some-noise-absorbandplay/403651,2024-01-26,Confidence,,Pitch,,,,,,Performance,
403651,student-review,Make Some Noise! - AbsorbAndPlay,https://admin.musora.com/admin#/content/singeo/403651,https://www.musora.com/singeo/student-reviews/make-some-noise-absorbandplay/403651,2024-01-26,Pitch,,,,,,,,,
403653,student-review,Finding The Connection To Your Voice - Kavoniab,https://admin.musora.com/admin#/content/singeo/403653,https://www.musora.com/singeo/student-reviews/finding-the-connection-to-your-voice-kavoniab/403653,2024-01-26,No Chest Voice,,No Chest Voice,,,,,,,
403656,student-review,Mixing Voice Routines To Find Balance - Raymond Kim,https://admin.musora.com/admin#/content/singeo/403656,https://www.musora.com/singeo/student-reviews/mixing-voice-routines-to-find-balance-raymond-kim/403656,2024-01-26,No Chest Voice,,No Chest Voice,Chest Puller,,,,,,
403656,student-review,Mixing Voice Routines To Find Balance - Raymond Kim,https://admin.musora.com/admin#/content/singeo/403656,https://www.musora.com/singeo/student-reviews/mixing-voice-routines-to-find-balance-raymond-kim/403656,2024-01-26,Chest Puller,,,,,,,,,
403658,student-review,Creating A Habit Of Singing In Tune - EnyaW,https://admin.musora.com/admin#/content/singeo/403658,https://www.musora.com/singeo/student-reviews/creating-a-habit-of-singing-in-tune-enyaw/403658,2024-01-26,Pitch,,Pitch,,,,,,,
403660,student-review,Finding Connected Release Into Head Voice - Otto,https://admin.musora.com/admin#/content/singeo/403660,https://www.musora.com/singeo/student-reviews/finding-connected-release-into-head-voice-otto/403660,2024-01-26,Tension,,Tension,Vocal Range,,,,,,
403660,student-review,Finding Connected Release Into Head Voice - Otto,https://admin.musora.com/admin#/content/singeo/403660,https://www.musora.com/singeo/student-reviews/finding-connected-release-into-head-voice-otto/403660,2024-01-26,Head Voice,,,,,,,,,
