id,type,title,Genre,Essentials-1,Essentials-2,Theory-1,Theory-2,Creativity-1,Creativity-2,Lifestyle-1,Lifestyle-2
10293,gear-guides,Bass Drum Pedal Comparison,,Setup & Tuning,,,,,,,Gigging Tips & Gear
12519,gear-guides,Yamaha DTX950K Electronic Drum-set Demo,,,,,,,,,Gigging Tips & Gear
12536,gear-guides,Cleaning Your Cymbals / Q&A,,,,,,,,,Gigging Tips & Gear
13422,gear-guides,Fine Tuning Your Snare,,,,,,,,,
18920,boot-camps,Single Bass Drum Bootcamp,,,,,,,,,
18937,boot-camps,Double Bass Drum Boot Camp,,,,,,,,,Performance
189972,on-the-road,Hannah Welton PASIC 2017 Performance,,Rudiments,,,,Grooves,,,
189976,on-the-road,Nikki Glaspie PASIC 2017 Performance,Pop/Rock,,,,,,,Performance,
190166,gear-guides,Snare Drum-parisons - 12 Inch Snares,Jazz/Blues,,,,,Independence,,,
190167,quick-tips,The Science Of Muffling,,,,,,,,,
190209,course,The Power Of Your Left Hand (Beginner),,,,,,,,,
190417,course,Swing Syncopation & Coordination,,Setup & Tuning,,,,,,,
190529,challenges,The Double Bass Pyramid,,,,,,,,,
190644,course,The Power Of Your Left Hand (Intermediate),,,,Time Signatures,,Grooves,,,
190808,boot-camps,Intermediate Left Foot Hi-Hat Boot Camp,,,,,,,,,
190809,quick-tips,Conserving Energy During Shows,,Foot Technique,,,,Independence,,,
190810,behind-the-scenes,Birthday Cones,Hard Rock/Metal,,,,,,,Performance,
190811,gear-guides,The Yamaha EAD10,,,,,,,,,
190984,challenges,One Exercise To Help You Sound More Articulate,Pop/Rock,,,,,,,Performance,
190986,challenges,A Cool Twist On A Common Hand-To-Foot Combo,,Setup & Tuning,,,,,,,
190988,boot-camps,Beginner Single-Stroke Boot Camp,Worship/Gospel,,,,,,Making Music,Performance,
190992,study-the-greats,Todd Sucherman,Hard Rock/Metal,,,,,,,Performance,
190994,gear-guides,Snare Drum-parisons - 13 Inch Snares #1,,,,,,Fills & Chops,,,
191232,study-the-greats,David Garibaldi,Worship/Gospel,,,,,,,Performance,
191233,gear-guides,Snare Drum-parisons - 13 Inch Snares #2,Funk/Disco,,,,,Grooves,,,
191238,course,The Traditional Grip,,,,,,,,Gigging Tips & Gear,
195807,quick-tips,The Garden Weasel Stick Trick,,,,,,,,,
195808,challenges,Warming Up For High Intensity Shows,,,,,,,,Other,
195809,challenges,Gavin's Paradiddle Challenge,,,,,,,,,
195916,solos,Flashy Woo-dimental Solo,,,,,,,,,
195917,quick-tips,Gavin Harrison's Favorite Sticking,,Rudiments,,,,,,,
195920,study-the-greats,Benny Greb,Pop/Rock,,,,,Grooves,,,
195921,gear-guides,20 Inch Snare Drum Demo,,,,,,,,,
195925,quick-tips,6/8 Double Bass Herta Groove,,,,,,,,Gigging Tips & Gear,
195927,study-the-greats,Bernard Purdie,,,,,,,,,
195952,quick-tips,An Epic Song Ender,,,,,,,,,
195953,behind-the-scenes,The Pants Ransom,,Setup & Tuning,Hand Technique,,,,,Practice Tips,
196079,quick-tips,Metal Drumsticks Demo,,Rudiments,Foot Technique,,,,,,
196083,boot-camps,Beginner Paradiddle Boot Camp,Worship/Gospel,,,,,,,Performance,
196084,quick-tips,Making Blast Beats Groove,Pop/Rock,,,,,,Making Music,Performance,
196085,quick-tips,A Fun And Easy Triplet Fill,,,,,,,,,
196089,study-the-greats,Stanley Randolph,,,,Ear Training,,,,Practice Tips,
196090,course,Expanding Your Musical Vocabulary,,,,,,,,,
196091,challenges,Best Practice Pad Lesson Warm-up,,,,,,,,,
196095,study-the-greats,Danny Seraphine,,,,,,Fills & Chops,,,
196614,quick-tips,"Sting's ""7 Days"" Groove",,Hand Technique,Rudiments,,,,,,
196618,quick-tips,How To Tell A Good Drummer From A Bad Drummer,Funk/Disco,,,,,,Grooves,,
196619,on-the-road,Evans Drumheads,Funk/Disco,,,,,,Grooves,,
196623,course,The Fundamentals Of Groove,,Setup & Tuning,,,,,,Gigging Tips & Gear,
196629,behind-the-scenes,Mark Guiliana & The Hunt For The Dirty Dish Bandits,,,,Ear Training,Time Signatures,Independence,,,
196632,course,Evening Out Odd Time,,,,,,,Grooves,,
197604,boot-camps,Intermediate Paradiddle Boot Camp,,,,Time Signatures,Ear Training,Making Music,Grooves,,
197886,gear-guides,Remo Res-O-Tone Drumhead Demo,,Rudiments,Hand Technique,,,,,,
197887,gear-guides,Stevie Wonder's Drum Kit Set-up,,,,,,,,,
197888,gear-guides,Yamaha Tour Custom Drums,,,,,,Independence,,,
197889,gear-guides,The Switch Kick By Ahead Drumsticks,Pop/Rock,,,,,,Grooves,,
197890,gear-guides,Evans Level 360 Drumheads,,Rudiments,Hand Technique,,,,,,
197892,quick-tips,The Most Important Drum Technique In The World,,,,,,Independence,,,
197893,quick-tips,How To Play Drums - Your Very First Drum Lesson,,Timing,,Time Signatures,Ear Training,,,Practice Tips,
197894,quick-tips,3 Easy Double Bass Grooves That Sound Hard,,,Foot Technique,,,Independence,,,
197895,quick-tips,The Oakland Stroke,,,,,,,,,
197898,quick-tips,"The ""Amen Break""",Latin/World,,,,,,,Performance,
197899,quick-tips,"How To Play ""When The Levee Breaks""",,,,,,,,,
197902,quick-tips,The Real Rudiments Of Drumming,,,,,,,,,
197903,quick-tips,#1 Tip For Young Drummers,,,,,,,,,
197935,quick-tips,Hi-Hat Licks That Fatten Up Your Groove,,,,,,,,,
197936,quick-tips,How To Lead A Band As A Drummer,,,,,,,,Gigging Tips & Gear,
197937,quick-tips,How To Make It In The Music Business,Jazz/Blues,,,,,,,Performance,
197938,quick-tips,5 Benefits Of Open-Handed Drumming,,,,,,Fills & Chops,,,
197940,quick-tips,5 Tips For Playing Drums In Church,,,,,,,,,
197941,quick-tips,Quintuplet Groove,,,,,,,,,
197943,quick-tips,"How To Play ""Superstition""",,,,,,,,,
198094,solos,Gergo Borlai Drum Solo,,,,,,,,,Other
198095,solos,Antonio Sanchez Solo,,,,,,,,,
198096,solos,Matt Garstka Drum Solo,Worship/Gospel,,,,,,,Performance,
198097,solos,Dave DiCenso Drum Solo,,Setup & Tuning,,,,,,,
198098,solos,Tony Royster Jr. Drum Solo,,,,,,,,,
198099,solos,Thomas Lang Drum Solo,Funk/Disco,,,,,,Grooves,,
198100,solos,John Blackwell Drum Solo,,,Hand Technique,,,,,,
198101,solos,Todd Sucherman Drum Solo,,,,Ear Training,,Grooves,,,
198102,solos,Eric Moore Solo #1,R&B/Soul,,,Ear Training,,Grooves,,,
198103,solos,Benny Greb Drum Solo,,,,,,,,,
198104,on-the-road,Alex Acuña Percussion Solo,,Setup & Tuning,,,,,,,
198106,solos,Electronic Drum Solo,,,,,,,,,
198107,solos,John Wooton Snare Solo,,,,,,,,,
198464,quick-tips,"Grooving With Threes, Fours, And Fives",,,,,,,,,
198470,course,Moving Around The Drums For Beginners,,,,,,,,Gigging Tips & Gear,
198504,quick-tips,3 Sick Travis Barker Drum Grooves,,,,,,,,,
198506,quick-tips,"How To Play Led Zeppelin's ""Immigrant Song""",Jazz/Blues,,,,,,,Performance,
198508,quick-tips,5 Truths About Hand Technique,,,,,,,,,
198509,quick-tips,Practicing Drums Anywhere,,,,,,,,,
198510,quick-tips,Drum Practice Vs. Performing,,,,,,,,,
198512,quick-tips,5 Beginner Drumming Techniques You Need To Know,,Hand Technique,,,,,,Gigging Tips & Gear,
198513,challenges,Left Foot Challenge For Beginners,,Hand Technique,Rudiments,,,,,,
198516,challenges,Left Foot Challenge For Intermediates,,Timing,Dynamics,,Ear Training,Grooves,,,
198518,challenges,Left Hand Challenge For Beginners,,,Dynamics,Ear Training,,,,,
198520,challenges,Simple Dynamic Challenge For All,,,,Time Signatures,,,Grooves,,
198665,on-the-road,Pro-Mark Drumsticks,,,,,,,,,
198666,quick-tips,"Rush ""Natural Science"" 7/8 Groove",,,,,,,,Gigging Tips & Gear,
198667,quick-tips,The Double Slap,,,,Ear Training,,,,Gigging Tips & Gear,
198668,course,The Characteristics Of Feel,,,,,,Grooves,,,
198675,course,Creating Rhythmic Tension,,,,,,,,,
198859,solos,Senri Kawaguchi Solo #1,,,,,,,,,
198860,solos,Senri Kawaguchi Solo #2,,,,,,,,,
19974,gear-guides,Programming Your Electric Kit #1,,,,,,,,,
19976,gear-guides,Choosing The Right Drumstick,,,,,,,,,Performance
20037,gear-guides,The Dunnett Code: ARTIFACTS,,,,,,,,,Gigging Tips & Gear
201780,quick-tips,"How To Play Van Halen's ""Hot For Teacher"" Intro",,Hand Technique,Foot Technique,,,Fills & Chops,,,
201783,quick-tips,So You Want To Be Fast?,,,,,,,,,
201784,quick-tips,How To Make Your Grooves Sound Better,Latin/World,,,,,,,Performance,
201899,solos,Claus Hessler Solo,,,,,,,,,
201902,solos,Billy Cobham Solo,,,Dynamics,Ear Training,,,,Practice Tips,
202213,boot-camps,Beginner 7/8 Boot Camp,,,,,,,,,
20227,gear-guides,Accessorizing Your Kit - Percussion Add-ons,,,,,,,,,
202288,on-the-road,Kaz Rodriguez PASIC 2017 Performance/Clinic,Worship/Gospel,,,,,,,Performance,
202290,on-the-road,Eric Moore PASIC 2017 Performance/Clinic,,,,,,,,,
202293,solos,Eric Moore Solo #2,,,,Time Signatures,,Grooves,,,
202294,solos,Jost Nickel Solo #1,,,,,,,,,
202295,solos,Daniel Glass Solo,,,,Ear Training,,Independence,,,
202296,solos,Dafnis Prieto Solo,,,,,,,,,
202297,challenges,Re-Thinking Drum Rudiments,Worship/Gospel,,,,,,,Performance,
202298,quick-tips,Learning To Love Your Left Foot,Pop/Rock,,,,,,,Performance,Practice Tips
202299,quick-tips,3 Tips For Playing In A Cover Band,,,,,,,,,
202312,behind-the-scenes,Josh Saves Blues Guitar,Jazz/Blues,,,,,,,Performance,
202313,course,Building Rhythmic Confidence,,,,,,,,,
202623,boot-camps,Intermediate 7/8 Boot Camp,,,,,,,,,
20264,gear-guides,Buying Your First Drum-set,,,,,,,,,Performance
202746,on-the-road,What Is NAMM 2018,Jazz/Blues,,,,,,,Performance,
202747,quick-tips,Discovering Orchestration Paths,,,,,,,,,
202748,gear-guides,Mark's Kit Walkthrough,,,,,,,,,
202749,solos,Tony Royster Jr. & Michael Schack - Jam Session #1,,,,,,,,,
202750,solos,Tony Royster Jr. & Michael Schack - Jam Session #2,R&B/Soul,,,,,,,,
202751,solos,Tony Royster Jr. & Michael Schack - Jam Session #3,,,,,,,,,
202752,solos,Tony Royster Jr. & Michael Schack - Jam Session #4,Hip-Hop/Rap/EDM,,,,,,,Performance,
202753,solos,Tony Royster Jr. & Michael Schack - Jam Session #5,,,,,,,,,
202754,solos,Tony Royster Jr. & Michael Schack - Jam Session #6,,,,,,,,,
202762,quick-tips,Using Ankle Weights,Funk/Disco,,,,,,Making Music,Performance,
202764,quick-tips,When To Use Wrists vs. Fingers,Pop/Rock,,,,,,,Performance,
202768,quick-tips,Traditional Grip Stick Trick,,,,,,,,,
202769,solos,Scottish Pipe Snare Solo #1,,,,,,,,,
202770,solos,Scottish Pipe Snare Solo #2,,,,,,,,,
202772,quick-tips,How To Play The Bikutsi,,,,,,,,Performance,
203024,boot-camps,Advanced 7/8 Boot Camp,Jazz/Blues,,,Ear Training,,Fills & Chops,,Practice Tips,
203167,behind-the-scenes,Behind The Scenes With Senri Kawaguchi,,,,,,,,,
203285,gear-guides,Sabian Ride Cymbal Comparison,Funk/Disco,,,,,,,Performance,
203295,course,Senri Kawaguchi's Favorite Drum Licks,,,,,,,,,Other
20337,gear-guides,Sexy New Drum Gear For 2014,,,,,,,,,Gigging Tips & Gear
20345,on-the-road,NAMM 2014 Recap,,,,,,,,,Gigging Tips & Gear
203554,solos,Rodney Holmes Solo #1,,,,,,,,,
203555,solos,Rodney Holmes Solo #2,,,,,,,,,
203852,quick-tips,How To Play Powerfully Without Much Power - Hands,,,,Time Signatures,,Independence,,,
203853,quick-tips,How To Play Powerfully Without Much Power - Feet,,,,,,,,,
203870,behind-the-scenes,Parking Lot Pals & The Prank Call,,Foot Technique,,Time Signatures,,Grooves,Independence,,
203875,course,The Body Fulcrum,,,,,,,,,
203876,gear-guides,Meinl Spectrum Cymbals,,Setup & Tuning,Hand Technique,,,,,Practice Tips,
203877,gear-guides,Rodney Holmes' Kit Walkthrough,,,,,,,,Gigging Tips & Gear,
204111,boot-camps,Beginner 5/8 Boot Camp,,Hand Technique,,,,Grooves,,,
204112,boot-camps,Intermediate 5/8 Boot Camp,Jazz/Blues,,,,,,,Performance,
204550,boot-camps,Advanced 5/8 Boot Camp,Jazz/Blues,,,,,,,Performance,
204551,performances,"Senri Kawaguchi Triangle - ""Longing Skyline""",,,,,,,,,
204553,performances,"Senri Kawaguchi - ""Infinite Possibility""",,,,,,,,,
204554,performances,"KIYO*SEN - ""Adventure""",,Rudiments,,,,Grooves,,,
204555,performances,"KIYO*SEN - ""Ladies Talk""",Pop/Rock,,,,,,,Performance,
204556,performances,"Senri Kawaguchi Triangle - ""Flux Capacitor""",,,,,,,,,
204557,performances,"Ayako Ishikawa - ""Hanamarupippi Wa Yoikodake""",,,,,,,,,
204558,performances,"Senri Kawaguchi Triangle - ""Wupatki""",Funk/Disco,,,,,,,Performance,
204559,performances,"Senri Kawaguchi - ""Onyx""",R&B/Soul,,,,,,,,
20516,course,Single Stroke Roll,,,,,,,,,Performance
205449,performances,"Benny Greb - ""Next Question""",Pop/Rock,,,,,,Making Music,Performance,
205450,performances,"Benny Greb - ""Grebfruit""",,,,,,,,,
205451,performances,"Mark Kelso and The Jazz Exiles - ""The Jazz Exiles""",Funk/Disco,,,,,,,Performance,
205452,performances,"Anika Nilles - ""Wild Boy""",Jazz/Blues,,,,,,,Performance,
205484,performances,"Thomas Pridgen - ""Hypnotized"" (Drum Play-Along)",Funk/Disco,,,,,,,Performance,
205485,performances,"Michael Schack - ""All Night""",Hard Rock/Metal,,,,,,Making Music,Performance,
205486,performances,"Gabor Dornyei Quartet - ""Stream""",Pop/Rock,,,,,,,Performance,
205487,performances,"Lester McLean Trio - ""One Day At A Time""",Hard Rock/Metal,,,,,,,Performance,
205488,performances,Star Wars Drum Cover - Performed By Stormtroopers,Latin/World,,,,,,,Performance,
205489,performances,"Animals As Leaders - ""The Woven Web""",,,,,,,,,
205490,performances,"Gabor Dornyei Quartet - ""The Captain Of 'T'""",Hard Rock/Metal,,,,,,,Performance,
205491,performances,Live Band Performance With Cobus Potgieter,Hard Rock/Metal,,,,,,,Performance,
205492,performances,"Animals As Leaders - ""Lippincott""",Hard Rock/Metal,,,,,,,Performance,
205493,performances,Gergo Borlai - 19/16 Jam,Jazz/Blues,,,,,,Making Music,Performance,
205494,performances,Gergo Borlai - Metric Modulation Madness,Jazz/Blues,,,,,,,Performance,
20556,course,Single Stroke Four,,Rudiments,Hand Technique,,,,,,
20571,course,Single Stroke Seven,,,,,,,,,
20584,course,Double Stroke Roll,,Rudiments,,Notation,,,,,
20596,course,Triple Stroke Roll,,Rudiments,,,,,,,
20609,course,Five Stroke Roll,,Rudiments,,,,,,,
20627,course,Single Paradiddle,,Rudiments,,,,,,,
206506,quick-tips,Writing Music As A Drummer #1 - Creating Practice Tracks,,Foot Technique,,,,,Independence,,
206507,quick-tips,Writing Music As A Drummer #2 - Creating A Full Song,,,,,,,,,
206515,course,Rhythms From Around The World,,,,,,,,,
20664,course,Quarter Notes,,,,Notation,,,,,
20676,course,Eighth Notes,,,,Notation,,,,,
206862,boot-camps,VIP Left Hand Boot Camp #1,,,,,,,,,
20688,course,Eighth Note Triplets,,Rudiments,,,,,,,
206929,boot-camps,VIP Bass Drum Boot Camp #1,,Setup & Tuning,,,,,,Gigging Tips & Gear,
207123,on-the-road,Jojo Mayer NAMM 2013 Performance,Jazz/Blues,,,,,,,Performance,
207125,on-the-road,Roland TD-25KV Demo - NAMM 2016,,Foot Technique,,,,Independence,,,
207126,on-the-road,Russ Miller NAMM 2016 Performance,Jazz/Blues,,,,,,,Performance,
207128,gear-guides,Gene Hoglan's Kit Walkthrough,,,,,,,,,
207130,quick-tips,A Useful Tip For Dealing With Blisters,Pop/Rock,,,,,,,Performance,
207134,course,Iconic Gene Hoglan Grooves & Fills,,,,,,,,Gigging Tips & Gear,
207136,challenges,Creativity Challenge - Applying A Random Object,,,,,,,,,Other
207137,behind-the-scenes,The Imagination Brewery,,,Foot Technique,,,,Independence,,
207142,course,Exploring Indian Grooves - The Bhangra,,,,,,,,,
207624,boot-camps,VIP Left Hand Boot Camp #2,,,,,,,,,
20768,course,Sixteenth Notes,,,,Notation,,,,,
207746,boot-camps,VIP Bass Drum Boot Camp #2,,,,,,,,,
20817,course,Sixteenth Note Triplets,Hard Rock/Metal,,,Notation,,,,,Performance
208186,quick-tips,How To Chart A Song Quickly,,,,,,,,,
208191,challenges,Creativity Challenge - Using All Your Sound Sources,,Setup & Tuning,,,,,,Gigging Tips & Gear,
208194,course,Exploring Indian Grooves - The Garba,,,,,,,,,
208219,challenges,Creativity Challenge - Restrictions For New Ideas,,,,,,,,,
208257,boot-camps,VIP Left Hand Boot Camp #3,Hard Rock/Metal,,,,,Grooves,Fills & Chops,,
20830,course,32nd Notes,,,,Notation,,,,,
208306,boot-camps,VIP Bass Drum Boot Camp #3,,,,,,,,,
208708,boot-camps,VIP Left Hand Boot Camp #4,Latin/World,,,,,Grooves,,,
208842,gear-guides,"Jonathan ""Sugarfoot"" Moffett's Kit Breakdown",,,,,,,,,
208843,solos,"Jonathan ""Sugarfoot"" Moffett Solo #1",,,,,,,,,
208844,performances,"Michael Jackson - ""Jam""",,Setup & Tuning,,,,,,Gigging Tips & Gear,
208845,performances,"Michael Jackson - ""Beat It""",Pop/Rock,,,,,,,Performance,
208846,behind-the-scenes,Behind The Scenes With Jonathan Moffett,Pop/Rock,,,,,,Grooves,Performance,
208848,course,The Grooves Of Michael Jackson,Pop/Rock,,,,,,Grooves,Performance,
209175,boot-camps,VIP Bass Drum Boot Camp #4,,Hand Technique,Rudiments,,,,,,
209335,boot-camps,Advanced Paradiddle Boot Camp,,Foot Technique,,,,Independence,,,
209336,gear-guides,Vintage Drums vs. Modern Drums (Comparison),,,,,,,,,
20941,course,Quarter Note Triplets,,,,Notation,,,,,
209591,study-the-greats,Dave DiCenso,Pop/Rock,,,,,,Grooves,,
20977,course,Getting Started On Drums,,,,,,,,,
209770,quick-tips,1 Tip To Improve Your Creativity,,,,,,,,,
209772,behind-the-scenes,"Drummers, Drinks & Drums",R&B/Soul,,,,,Making Music,,Performance,
209773,quick-tips,The 4 Most Important Drum Grooves,,,,,,,,,
209777,solos,Mark Guiliana Solo #1,R&B/Soul,,,Ear Training,,Grooves,,,
209779,study-the-greats,Billy Cobham,Jazz/Blues,,Dynamics,Ear Training,,,,,
209782,gear-guides,The Trick To Using Kick Triggers,,,,,,,,,
209786,solos,Dali Mraz Solo #1 - Drumotion,,,,,,,,,
209787,solos,Dali Mraz Solo #2 - Life Is Short,,,,,,,,,
209788,course,A Modern Drummer's Practice Guide,Jazz/Blues,,,,,,,Performance,
210253,study-the-greats,Gavin Harrison,,Hand Technique,Rudiments,,,,,,
21065,course,Gospel Drumming,,Rudiments,,,,Grooves,,,
210694,boot-camps,Beginner Flam Boot Camp,Jazz/Blues,,Dynamics,Ear Training,,Fills & Chops,,,
210697,gear-guides,Creating Your Own Cymbal Stacks,Hard Rock/Metal,Foot Technique,Hand Technique,,Ear Training,Fills & Chops,,,
21090,challenges,Edgar's Rudiment Challenge,,,,,,,,,Performance
211074,boot-camps,Beginner Rock Beat Camp,,Hand Technique,Rudiments,,,,,,
211079,course,Exploring The Grooves Of Harvey Mason,Pop/Rock,,,,,Grooves,,,
211086,boot-camps,Intermediate Flam Boot Camp,,,,,,,,Gigging Tips & Gear,
211151,challenges,Develop Amazing Double Stroke Rolls,,,,,,,,,
211153,quick-tips,3 Must-Know 7/8 Beats,Hard Rock/Metal,,,Ear Training,Time Signatures,,,,
211156,gear-guides,The Hoop Scoop - Diecast vs. Triple Flange vs. S-Hoops,,,Foot Technique,Ear Training,,Fills & Chops,,,
211157,study-the-greats,John Blackwell,,,,,,,,,
21123,gear-guides,Double-Pedal Review,,,,,,,,,
21127,course,Rock Drum Beats,,,,,,,,,
211456,quick-tips,One Shuffle Drum Beat That Will Change Your Life,Funk/Disco,,,Ear Training,,Grooves,,,
211576,behind-the-scenes,The Best Drumming Product,Funk/Disco,,,,,Grooves,,,
211577,challenges,One Simple Exercise To Better Your Single Pedal Speed,,,,,,Grooves,,,
211578,challenges,How To Build A Fast Single Stroke Roll,,,,,Notation,,,Gigging Tips & Gear,
211598,boot-camps,Beginner Funk Beat Camp,,,,Time Signatures,,Grooves,,,
211660,performances,"Michael Jackson - ""Smooth Criminal""",Jazz/Blues,,,,,,,Performance,
211661,performances,"Michael Jackson - ""Wanna Be Startin' Somethin'""",,,,,,,,,
211662,gear-guides,D.I.Y. Practice Pad For Under $10,Pop/Rock,,,,,,,Performance,
211663,gear-guides,Roland SPD-ONE WAV Pad Demo,,Setup & Tuning,,,,,,Gigging Tips & Gear,Other
211665,gear-guides,Kaz's Drum Set-up,,,,,,,,,
211666,course,Musical Exercises For Drummers,,,,,,,,Gigging Tips & Gear,
21198,course,Building Groove,,,,,,,,,
212098,boot-camps,Beginner Double Bass Note-Value Boot Camp,,Foot Technique,Hand Technique,,,Fills & Chops,Independence,,
212099,boot-camps,Intermediate Double Bass Note-Value Boot Camp,,Dynamics,,Ear Training,,,,Other,
212101,course,Building Open-Ended Facility On The Drums,,,,,,,,,
212102,study-the-greats,Jost Nickel,,,Dynamics,Notation,,Grooves,,,
212103,study-the-greats,Mark Guiliana,,,,,,,,,
212112,gear-guides,Mapex Black Panther Design Lab Walkthrough,,Hand Technique,Rudiments,,,,,,Practice Tips
212113,behind-the-scenes,Behind The Scenes With Kaz Rodriguez,,Foot Technique,,,,Independence,,,
212114,solos,Russ Miller Solo,,,,,,,,Gigging Tips & Gear,Other
212116,quick-tips,One Tip That Will Change The Way You Play Fills,Jazz/Blues,Dynamics,,,,,,Performance,
212117,quick-tips,"The Beatles ""Come Together"" Groove",,,,,,,,,
212118,quick-tips,Triple Your Foot Speed In One Day,,,,,,,,,
212119,quick-tips,Triple Your Hand Speed In One Day,,Foot Technique,,Notation,,Double Bass,Independence,,
212125,performances,The Ghost-Pepper Jam Challenge,,,,,,,,,
212126,solos,Mark Guiliana Solo #2,,,,,,,,,
212127,solos,Mark Guiliana Solo #3,,,,,,,,,
212128,solos,Mark Guiliana Solo #4,,,,,,,,,
212129,boot-camps,VIP Left Hand Boot Camp #5,,,,,,,,,
212130,boot-camps,VIP Bass Drum Boot Camp #5,,Hand Technique,Rudiments,,,,,Practice Tips,
21230,course,Rock Drum Fills,,,,,,,,,
212869,boot-camps,VIP Left Hand Boot Camp #6,Hard Rock/Metal,,,,,,,Performance,
212870,boot-camps,VIP Bass Drum Boot Camp #6,Latin/World,,,,,,,Performance,
212873,performances,"Tommy Igoe & Darmon Meader - ""New Ground""",,,,,,,,,
212874,performances,"Groove Essentials - ""Groove 93""",,,,,,,,,
212875,performances,"Groove Essentials - ""Groove 87""",,Foot Technique,,,,,,Practice Tips,Other
212876,performances,"The Tommy Igoe Groove Conspiracy - ""Jazz Crimes""",Latin/World,Dynamics,,Sight Reading,Ear Training,Making Music,Grooves,Performance,
212877,exploring-beats,Exploring Beats - Dr. Dre,Hard Rock/Metal,,,,,,,Performance,
212878,exploring-beats,Exploring Beats - Timbaland,Hip-Hop/Rap/EDM,,,,,,,,
212879,course,The Secrets Of Groove Essentials,Jazz/Blues,Dynamics,,,,,,Performance,
21290,course,Developing Dynamics,,,,,,,,,Performance
21310,gear-guides,Triggering Your Bass Drum,,Dynamics,Hand Technique,,,,,,
21325,course,Six Stroke Roll,,,,,,,,,Gigging Tips & Gear
21355,course,Seven Stroke Roll,,Rudiments,,,,,,,
213858,boot-camps,Intermediate Rock Beat Camp,Hard Rock/Metal,,,,,,,Performance,
21389,course,Nine Stroke Roll,,Rudiments,,,,,,,
213934,performances,"Nate Savage - ""Nightmares""",,,,,,,,,
213935,performances,"Nate Savage - ""Epic""",,,,,,,,Other,
213977,performances,"Nate Savage - ""Flooding""",,,,,,,,,
213980,performances,"Nate Savage - ""Powerless""",R&B/Soul,,,,,,Making Music,Performance,Other
214096,performances,"Spock's Beard - ""Snow"" Medley",Hip-Hop/Rap/EDM,,,,,Grooves,,,
214097,performances,"Big Big Train - ""Haymaking""",,,,Ear Training,Sight Reading,Grooves,Making Music,Practice Tips,
214098,performances,Spock’s Beard  - “Box Of Spiders”,Hard Rock/Metal,,,,,,,Performance,
214100,course,The Four Pillars Of Progressive Rock Drumming,,,,,,,,,
214128,exploring-beats,Exploring Beats - DJ Premier,Hip-Hop/Rap/EDM,,,Notation,,,,,
21421,course,Ten Stroke Roll,,Rudiments,,,,,,,
214538,exploring-beats,Exploring Beats - The Neptunes,Jazz/Blues,Dynamics,,Ear Training,,Making Music,,Performance,
214749,performances,"Bernhard Lackner - ""Hollywood""",Pop/Rock,,Dynamics,Time Signatures,,Making Music,,Performance,
214750,quick-tips,How To Juggle Your Drumsticks,,,,,,,,,
214751,quick-tips,3 Helpful Tips For Speed Drummers,Hip-Hop/Rap/EDM,,Dynamics,,,Grooves,,,
214756,exploring-beats,Exploring Beats - Madlib,Hard Rock/Metal,Foot Technique,Hand Technique,,,Fills & Chops,,Practice Tips,
214757,course,Developing Your Sound For Jazz,Hip-Hop/Rap/EDM,,,,,Grooves,,,
214815,performances,"Big Big Train - ""East Coast Racer""",,,,,,,,,
215071,gear-guides,iRig BlueTurn Page Turner,,,,,,,,,
215072,behind-the-scenes,Drumeo Is Getting Fat,Pop/Rock,,,,,Grooves,Making Music,Performance,
215075,exploring-beats,Exploring Beats - Black Milk,,Setup & Tuning,,,,,,Gigging Tips & Gear,Other
215076,quick-tips,"James Brown Funk Groove - ""I Got The Feelin'""",,,,,,,,,
215077,quick-tips,The Jazz Mambo Groove,Hip-Hop/Rap/EDM,,,,,Grooves,,,
215082,performances,"The Meters - ""Cissy Strut""",,,,,,,,,Other
215084,exploring-beats,Exploring Beats - Pete Rock,,,,,,,,,
215085,solos,Joseph Mintz Solo #1,,Setup & Tuning,,,,,,Gigging Tips & Gear,
215087,solos,Joseph Mintz Solo #2,,,,,,,,,
215088,course,Fun Jazz Exercises,Hip-Hop/Rap/EDM,,,,,,Grooves,,
21509,course,Eleven Stroke Roll,,,,Notation,,,,,
215091,exploring-beats,Exploring Beats - Kanye West,,,,,,,,,
215092,challenges,Right-Hand Variation Challenge - 4/4,Hip-Hop/Rap/EDM,,,,,,Grooves,,
215093,challenges,Right-Hand Variation Challenge - 12/8,Pop/Rock,,,Sight Reading,,Independence,Grooves,,
215095,performances,"Derek Sherinian - ""Czar Of Steel""",,,,,,,,,
215096,gear-guides,Camille Bigeault Kit Breakdown,Pop/Rock,,,Sight Reading,,Independence,Grooves,,
215098,exploring-beats,Exploring Beats - No I.D.,,,,Time Signatures,,,Independence,,
215099,solos,Camille Bigeault Solo #1,Funk/Disco,Dynamics,,,,Fills & Chops,,,
215100,solos,Camille Bigeault Solo #2,,,,,,,,,
215156,quick-tips,Haunted Hertas,Jazz/Blues,,Dynamics,Ear Training,,Independence,,Practice Tips,
21521,course,Quintuplets,,,,,,,,,Performance
215242,gear-guides,How To Build A Suitcase Drum-set,,,,,,,,,
215408,quick-tips,5 Tips For Better Brush Technique,,,,,,,,,
215491,performances,"The JDS Quartet - ""4/4 Jazz Ballad""",Jazz/Blues,,Dynamics,,,Fills & Chops,,,
215551,behind-the-scenes,The State of Drumeo,,,,,,,,,
215657,sonor-drums,Documentary Trailer,,Setup & Tuning,,,,,,Gigging Tips & Gear,
215658,course,Polyrhythms In Odd Time,,,,,,,,Other,
215666,sonor-drums,Sonor Drums - A Drumeo Documentary,,,,,,,,,
215667,sonor-drums,How To Find Your Motivation,Pop/Rock,,Dynamics,,,,,Performance,
215668,sonor-drums,Happy Hour On A Mountain,,,Dynamics,,,,,,Practice Tips
215669,sonor-drums,Factory Secrets To Creating Drum Shells,Pop/Rock,,,,,,,Performance,
215670,sonor-drums,Challenge Accepted,,,,,,,,,
215671,sonor-drums,The Finer Details Of Sonor Drums,Jazz/Blues,,,,,,,Performance,
215672,sonor-drums,Rumba Con Oud On A Mountain,,,,,,,,,
215676,exploring-beats,Exploring Beats - J Dilla,,,,,,,,,
215682,course,A Fun Approach To Practicing Doubles,Pop/Rock,,,,,,,Performance,
215683,sonor-drums,Exploring A Whole New Side Of Sonor Drums,,,,,,,,Other,
215684,sonor-drums,Trying Out Every Sonor Kit In The Factory,,,,,,,,,
215685,sonor-drums,Jared Jams With Himself At Sonor,,,,,,,,Gigging Tips & Gear,
215686,sonor-drums,An Easy Drum Fill That Sounds Hard,,,,,,,,Gigging Tips & Gear,
215687,sonor-drums,Jared Gets Creative At Sonor,,,,,,,,,
215688,sonor-drums,A Kid In A Candy Store,,,,,,,,Other,
215689,sonor-drums,Mountain-Top Solo,,Hand Technique,Rudiments,,,,,,
21582,course,Septuplets,,Rudiments,,,,,,,
216206,behind-the-scenes,"Dave's Got No ""Clue"" Why His Office Got Destroyed",Hip-Hop/Rap/EDM,,,,,Grooves,,,
216525,behind-the-scenes,The State of Drumeo,,,,,,,,Performance,
21656,course,Beginner Linear Drumming,,,,,,,,,
216650,performances,"Kimbra - ""Two Way Street""",,,,,,,,Other,
21686,challenges,30-Day Single Stroke Roll Challenge,,,,,,,,,
216906,performances,"Ryan Follese - ""Float Your Boat""",,,,,,,,Performance,
216907,course,The Yamaha DTX-402 Overview,Pop/Rock,,,,,,,Performance,
216908,rhythms-from-another-planet,Invasion,,,,,,,,,
216910,quick-tips,How To Pull Off Trash-Can Endings,,Setup & Tuning,,,,,,Gigging Tips & Gear,
216911,gear-guides,Stan Bicknell's Kit Breakdown,,,,,,Making Music,,,
216915,performances,48May - “Nervous Wreck”,,Setup & Tuning,,,,,,Gigging Tips & Gear,
216916,course,The Bicknell Principle - Moeller For Your Foot,,,,,,,,,
216917,rhythms-from-another-planet,You Can Call Me QT,,,,,,,,,
216974,rhythms-from-another-planet,Foilin' The Quintufflon Plot,,Hand Technique,Rudiments,,,,,,
216975,rhythms-from-another-planet,Virus,Jazz/Blues,,,,,,,Performance,
216976,rhythms-from-another-planet,The Quintüffle,,,,,,,,Other,
216977,rhythms-from-another-planet,Pentera Rules,,,,,,,,Gigging Tips & Gear,
216978,rhythms-from-another-planet,Quintossa Nova,,,,,,,,Other,
216979,rhythms-from-another-planet,Xylophone,,Dynamics,Setup & Tuning,,,Fills & Chops,,Gigging Tips & Gear,
216980,rhythms-from-another-planet,Quintup Jerks,,,,,,,,Performance,
216981,rhythms-from-another-planet,5Rules 4Drulz,,,,,,,,Performance,
216983,rhythms-from-another-planet,Quantum Quintanglement Performance,,,,,,,,,
216984,rhythms-from-another-planet,5ive Minutes Alone Performance,,,,,,Independence,Making Music,Gigging Tips & Gear,
217013,performances,"Kaz Rodriguez - ""All Of You""",,,,,,Grooves,,,
21710,course,Intermediate Linear Drumming,,,,,,,,,
217280,course,How To Use The Stick Control Book,,,,,,,,,
217283,performances,The New Caledonia - “Celestial Satellites”,,,,,,,,Other,
217476,challenges,Santa's Santastic Singles,Hard Rock/Metal,,,,,,,Performance,
21788,course,Creative Practicing,,,,,,,,,
218021,quick-tips,The Slide Triplet,,Hand Technique,Foot Technique,Sight Reading,,,,,
218051,challenges,Brain-Twisting 4/4 Time,,Foot Technique,,,,,,,
218057,course,Powerful Orchestration Methods For Fills,,,,,,,,Gigging Tips & Gear,
218058,gear-guides,Jost Nickel's Kit Breakdown,,,,,,Fills & Chops,,Practice Tips,
21806,challenges,Sight Reading Challenge #1,,,,,,,,,
21810,gear-guides,Hybrid Drumming - The TM-2,,,,Sight Reading,,,,,
218222,performances,"Stan Bicknell - ""New Groove""",,Foot Technique,,,,,,,
218268,behind-the-scenes,2018 Year-End Recap,,,,,,,,,
218269,paiste-cymbals,Paiste Cymbals - A Drumeo Documentary Trailer,Pop/Rock,,,Sight Reading,,Independence,Grooves,,
218271,paiste-cymbals,Paiste Cymbals - A Drumeo Documentary,,,,,,,,Gigging Tips & Gear,
218272,paiste-cymbals,Disturbing Warehouse Performance,,,,,,,,Other,
218273,paiste-cymbals,Jared Goes To Work At Paiste,,,,,,,,,
218274,paiste-cymbals,Ocean Cow Field Performance,,,,,,,,Other,Gigging Tips & Gear
218276,paiste-cymbals,Creating The Perfect Cymbal,,,,,,,,Performance,
218277,paiste-cymbals,What You On Paiste Studio Performance,,,,,,,,,
218278,paiste-cymbals,The Cymbals Jared Chose,,,,,,,,Performance,
218359,paiste-cymbals,Medium Swing Warehouse Performance,Hard Rock/Metal,Foot Technique,,,,Double Bass,Grooves,,
218360,paiste-cymbals,"The $20,000 Paiste Drum-set",Jazz/Blues,,,,,,,Performance,
218362,paiste-cymbals,Happy Hour Cow Field Performance,,,,,,,,Performance,
218363,paiste-cymbals,From Idea To Creation - The Paiste Cymbal Development Process,Pop/Rock,,,,,,,Performance,
218364,paiste-cymbals,A Jazzy 6/8 Paiste Studio Performance,Pop/Rock,,,,,,,Performance,
218365,paiste-cymbals,A Drum-kit Made Out Of Cymbals!,,,,,,,,,
218366,paiste-cymbals,A Drum Solo In A Cow Field,Jazz/Blues,,,,,,,Performance,
218367,paiste-cymbals,How To Make A Great-Sounding Kit Terrible,,,,,,,,Performance,
218368,paiste-cymbals,Cyborg Electronica Warehouse Performance,,Setup & Tuning,,,,,,,
218369,paiste-cymbals,Trying Every Cymbal At The Paiste Showroom,Hip-Hop/Rap/EDM,,,,,,,Performance,
218370,paiste-cymbals,The Ancient Forest Paiste Studio Performance,Pop/Rock,,,,,,,Performance,
218371,paiste-cymbals,A Drum Solo In A Warehouse,Pop/Rock,,,,,,,Performance,
218372,paiste-cymbals,A Message To Drummers,,,,,,,,,
218373,paiste-cymbals,Paiste Documentary Blooper Reel,,,,,,,,,
21848,challenges,30-Day Double Stroke Roll Challenge,,,,,,,,,
218559,challenges,The Rockstar Warm-up,,,,,,,,,
218561,solos,Jost Nickel Solo #2,,,,,,,,,
218564,performances,"Ryan Follese - ""Growing Up""",,,,,,,,,
218626,on-the-road,Sticks Behind Styx,Hard Rock/Metal,,,,,,,Performance,
218670,performances,Simon Grey - “Takuma”,Latin/World,,,,,,,,
21882,course,Ghost Notes,,Hand Technique,Rudiments,,,,,,
218914,performances,"Ryan Follese - ""Wilder""",Pop/Rock,,,,,,,Performance,
218916,course,Tools For The Average Working Drummer,,,,,,,,Other,
218920,quick-tips,The Two-Bar Repeat Concept - Creating New Ideas,,,,,,,,,
218925,performances,Electric,,,,,,,,Performance,
218926,course,Gospel Chops - Tasty Combinations,,,,,,,,,
218928,solos,Brian Frasier-Moore Solo #1,,,,,,,,Gigging Tips & Gear,
21940,gear-guides,Snare Drum Head Choice #1,,,,,,,,,
21963,course,New Orleans Drumming,,,,,,,,,Gigging Tips & Gear
219728,gear-guides,5 D.I.Y. Drum Accessories Every Drummer Should Have,,Hand Technique,Foot Technique,,,Fills & Chops,,,
219731,performances,Slow Gospel Jam,,Foot Technique,,,,,,,
219734,course,Using Ostinatos To Build Solo Coordination,Jazz/Blues,,,,,,,Performance,
219855,boot-camps,Beginner Bass-Drum Doubles Boot Camp,,,,,,,,,
21988,challenges,Sight Reading Challenge #2,,,,,,,,,
21992,course,How To Learn Songs,,,,,,,,,Performance
219924,on-the-road,NAMM 2019 Recap,,,,Time Signatures,,Grooves,,,
22007,course,Building Basic Independence,,,,,,,,,
220239,on-the-road,The Man Behind The Biggest Drum Festival In North America,,,,,,,,Gigging Tips & Gear,
220243,quick-tips,Technique Tip: Practice Finger Control To Wrist Control,,Hand Technique,,,,,,,
220245,behind-the-scenes,The All-New Drumeo Desk,,,,,,,,,
220249,performances,Pushing Prime,,,,,,,,Performance,
220250,quick-tips,5 Drum Exercises You Can Do At Your Desk Job,,,,,,,,,
220251,quick-tips,Groove Textures With Brushes,,,,,,,,Other,
220254,quick-tips,5 Bonham Licks Every Drummer Must Know,,,,,,,,,
220256,performances,"Kaz Rodriguez - ""Air""",,,,,,,,,
220257,course,The Grooves Of John Bonham,,,,,,,,,
22026,gear-guides,Snare Drum Head Choice #2,Jazz/Blues,,,,,Grooves,Fills & Chops,,
220447,rhythms-from-another-planet,Quintossa Nova Performance,,,,,,,,Performance,
220448,rhythms-from-another-planet,Shedding Quints Performance,Hard Rock/Metal,,,,,,,Performance,
220484,boot-camps,Intermediate Bass-Drum Doubles Boot Camp,,,,Time Signatures,,Grooves,,,
22060,course,Thirteen Stroke Roll,,Hand Technique,,,,Independence,,,
220625,namm-2019,Drumeo's Top 5 Kits At NAMM 2019,,,,,,,,,
220626,namm-2019,Talking Technique,,,,,,,,,
220627,namm-2019,Kaz Rodriguez Performance & Interview,,Hand Technique,,,,,,,
220628,namm-2019,Performance From The Pocket Queen,,,,,,,,Performance,
220630,namm-2019,Drumeo's Top 5 Booths At NAMM 2019,Hip-Hop/Rap/EDM,,,,,,,Performance,
220631,namm-2019,Welch Tuning System Demo,,,,,,,,Gigging Tips & Gear,
220632,namm-2019,"George ""Spanky"" McCurdy Performance",,,,,,,,Other,
220634,namm-2019,Nick D'Virgillio Plays A Big Big Train Track,,,,,,,,Performance,
220636,namm-2019,Brandon Khoo Plays A Few Coen Tracks,,,,,,,,Other,
220637,namm-2019,"Interview And Update With Jonathan ""Sugarfoot"" Moffett",,,,,,Making Music,,,
220638,namm-2019,An Approach To Soloing,,,,,,,,,
220640,namm-2019,New Cymbal Releases From NAMM 2019,,,,,,,,Performance,
220642,namm-2019,Chip Spins His Sticks And Solos,,Hand Technique,,,,Grooves,,,
220699,namm-2019,Drumeo's Favorite New Cymbals From NAMM 2019,,,,,,,,Performance,
220700,namm-2019,2019 Zildjian Cymbal Lineup Preview,,,,,,,,Gigging Tips & Gear,
220701,namm-2019,Gene Hoglan Performance,,,,,,,,,
220702,namm-2019,Scott & Reuben Duo,,,,,,,,Performance,
220703,namm-2019,Drumeo's Must Have Drum Accessories From NAMM 2019,,,,,,Grooves,Fills & Chops,,
220705,namm-2019,Michael Schack Brings The Heat To The Drumeo Booth!,,,,,,,,Gigging Tips & Gear,
220736,namm-2019,Gabor Dornyei Performance,Pop/Rock,,,,,,,Performance,
220737,namm-2019,The Musicality Of Drumming,,,,,,,,Performance,
220739,namm-2019,Reuben Solos His Way Through NAMM 2019,Jazz/Blues,,,,,Making Music,,,
220740,namm-2019,Tony Coleman Teaches The Real Way To Play The Blues,,,,,,,,Performance,
220744,namm-2019,David Frank Performance,,,,,,,,Performance,
220745,namm-2019,NAMM 2019's Weird And Wonderful Products,,,,,,,,Performance,
220746,namm-2019,Joseph Mintz Performance,,,,,,Grooves,,,
220946,namm-2019,A Drum And Bass Performance,,Hand Technique,,,,,,,
220947,namm-2019,How To Hold Your Sticks,,,,,,,,Gigging Tips & Gear,
220949,namm-2019,Jules Mascia Performance,,,,,,,,Performance,
220951,namm-2019,Dave Discusses Bending Time And Solos,,,,,,,,Performance,
220953,quick-tips,Technique Tip: Practice Bouncing To Wrist Double Strokes,,,,,,Making Music,,Performance,
220954,namm-2019,2019 Sabian Cymbal Lineup Preview,,Hand Technique,Rudiments,,,,,,
220955,namm-2019,"Approaching ""Feels""",,,,,,,,Gigging Tips & Gear,
220958,namm-2019,Seamus Evely - Podcast Master And Drummer,,,,,,,,,
220959,namm-2019,Dialtune Tuning System Demo,,Setup & Tuning,,,,,,,
220960,namm-2019,A Brush Lesson With Russ,Jazz/Blues,,,,,,,Performance,
220961,namm-2019,Sarah Thawer Performance,,Hand Technique,,,,,,,
220963,performances,Shuffle With 1-Bar Breaks,,,,,,,,Other,
220964,course,Hi-Hat Syncopation,,,,,,,,Other,
220966,namm-2019,Daru Jones & Marcus Machado Perform At NAMM,,Hand Technique,Foot Technique,,,Independence,,,
220969,namm-2019,Jim Riley Gets A Volume Warning At NAMM,,,,,,,,Performance,
221430,quick-tips,5 Ways To Make Ordinary Grooves Extraordinary,,,,,,,,,
221432,quick-tips,The 5-Minute Pad Routine You Can Get In On Your Lunch Break,,Hand Technique,Foot Technique,,,,,,
221434,behind-the-scenes,NAMM 2019,,Rudiments,,,,,,,
221435,boot-camps,Beginner Drum Fill Boot Camp,,,,,,,,,
221438,performances,"Marco Minnemann - ""Drum For Your Life""",,,,,,,,Other,
221439,course,The Successful Drummer's Mindset,,,,,,Fills & Chops,,,
221440,quick-tips,Left Foot Splash Grooves,,,,,,,,Performance,
221446,quick-tips,Buzzwerk,,,,,,,,,
221450,course,Philly Beats - Staggered Grooves From Philly,Jazz/Blues,,,,,,,Performance,
22150,gear-guides,Filming Drum Covers On A Budget #1,,,,,,,,,
22172,challenges,30-Day Single-Paradiddle Challenge,,Rudiments,,,,,,,
222140,quick-tips,Crazy Stick Tricks From Marco Minnemann,,,,,,,,Gigging Tips & Gear,
222145,performances,"Paul Kype And Texas Flood - ""If You Could Read My Mind""",,Foot Technique,,,,Grooves,,,
222146,quick-tips,Crazy Combo From Marco,Jazz/Blues,,,,,,,Performance,
222300,challenges,Effective Foot Warm-Ups From Brian Fraiser-Moore,,Rudiments,,,,Fills & Chops,,,
222301,solos,Brian Frasier-Moore Solo #2,Jazz/Blues,,,,,,,Performance,
222303,performances,"Dali Mraz - ""21st Day""",,,,,,,,Performance,
222304,performances,"Khirye Tyler - ""Electric Phantasy""",,,,,,,,,
222592,quick-tips,How To Fix Your Bad Drum Technique,Pop/Rock,,,,,,,Performance,
222593,gear-guides,SoundCheck Blindfold Challenges - Snare Drums,,Hand Technique,,,,,,,
222597,performances,"Paul Kype And Texas Flood - ""Outlaw Game""",Hard Rock/Metal,,,,,,,Performance,
222598,quick-tips,Swiping The Cymbals,,,,,,,,Gigging Tips & Gear,
222600,course,Developing A Strong Conversation With Your Hands & Feet,,Hand Technique,,,,,,,
222601,quick-tips,How To Get A Solid Cross-Stick Sound,Jazz/Blues,,,,,,,Performance,
222604,challenges,7-7-5-5-3-3-2,,Dynamics,,,,,,,
222605,gear-guides,SoundCheck Blindfold Challenges - Crash Cymbals,,Rudiments,,,,Double Bass,,,
222606,quick-tips,How To Get Fast Double-Bass Single Strokes,,,,,,,,,
222608,quick-tips,Why Tune Your Drums To A Certain Pitch?,,,,,,,,Gigging Tips & Gear,
222611,performances,"Paul Kype And Texas Flood - ""Turn The Tide""",Pop/Rock,,,,,,,Performance,
222613,course,Building Freedom Using Combinations,,,,,,,,Other,
222616,gear-guides,SoundCheck Blindfold Challenges - Ride Cymbals,,,,Notation,,Fills & Chops,,,
222620,performances,"System Of A Down - ""Chop Suey!""",,,,,,,,,
222621,performances,"Pete Lockett - ""Pete Locked It""",,Setup & Tuning,,,,,,,
222623,course,Expanding The Triple Paradiddle,,,,,,,,,
22289,course,Advanced Linear Drumming,,,,,,,,,
223119,tama-drums,TAMA Drums: A Drumeo Documentary Trailer,,,,,,,,Performance,
223120,tama-drums,TAMA Drums: A Drumeo Documentary,,Rudiments,,,,Grooves,,,
223121,tama-drums,Jared’s Morning In Japan,,,,,,,,Gigging Tips & Gear,
223122,tama-drums,Hypnotized,,,,,,,,Other,
223123,tama-drums,Tama’s Secret Morning Ritual,,,,,,,,Other,
223124,tama-drums,Cobra,,,,,,,,,
223125,tama-drums,A Look Inside The Tama Japan Warehouse,,,,,,,,Performance,
223126,tama-drums,Happy Hour,,,,,,,,Other,
223127,tama-drums,What Is Taiko Drumming,Jazz/Blues,,,,,,,Performance,
223128,tama-drums,Jared’s First Taiko Drum Lesson,,,,,,,,Other,
223129,tama-drums,Trading Solos With Taiko Drummers,,,,,,,,Performance,
223130,tama-drums,Traditional Taiko Drums Performance,,Hand Technique,Foot Technique,,,Fills & Chops,,,
223131,tama-drums,Taiko Drums Performance With Jared Falk & Brandon Khoo,,,,,,,,Other,
223132,tama-drums,Jared's Message To Drummers From Inside The Tama Japan Warehouse,,,,,,,,Performance,
223133,tama-drums,Blooper Reel,,,,,,,,Performance,
223136,quick-tips,The Illegal Drum Fill,,,,,,,,,
22345,gear-guides,Chain vs. Strap vs. Direct-Drive Bass Pedals,,,,,,,,,
223730,pack-bundle-lesson,General,,,,,,,,,
223731,pack-bundle-lesson,General,,,,,,,,,
22378,course,Polyrhythms,,Foot Technique,,,,,,,
223892,gear-guides,SoundCheck  Blindfold Challenges -  12 Inch Toms,,,,,,,,Other,
223896,behind-the-scenes,Harry Miree Stages A Coup,,,,,,,,,
223897,performances,"Bernhard Lackner - ""Going West""",,,,,,,,Other,
223900,quick-tips,Springboard Your Drumming,Pop/Rock,,,,,,,Performance,
223901,quick-tips,How To Own Your Soundcheck,,,,,,Fills & Chops,Grooves,,
223905,challenges,Marco’s Signature Advanced Independence Challenge,,,,,,,,,
223906,performances,"Bernhard Lackner - ""Play The Blues""",,,,,,,,Performance,
223908,course,How To Groove With Odd Subdivisions,,,,,,,,,
223909,gear-guides,What Is The TM-6?,,,,Notation,,Grooves,,,
22423,challenges,30-Day Single Bass-Drum Challenge,,,,,,,,,
224252,quick-tips,How To Get A Clap Sound From An Acoustic Kit,,,,,,,,Performance,
224254,performances,"Bernhard Lackner - ""Blues Drive""",,,,,,,,Other,
224256,course,Expanding The Single Stroke Roll,Pop/Rock,,,,,,,Performance,
224257,quick-tips,Develop Real Progress On Your Drums,,,,,,,,,
224258,gear-guides,Yamaha Kit Unboxing,,Rudiments,,,,Grooves,,,
224262,performances,"The Aristocrats - ""Burial At Sea""",Hip-Hop/Rap/EDM,,,,,,,Performance,
224264,challenges,Singles To Doubles,,,,,,,,Gigging Tips & Gear,
224265,challenges,Singles To Single Paradiddle,Hard Rock/Metal,,,,,,,Performance,
224266,gear-guides,Marco Minnemann's Kit Breakdown,,Rudiments,,,,,,,
224271,course,Blues Drumming Made Easy,Jazz/Blues,,,,,Grooves,,,
224272,gear-guides,Tony Coleman's Kit Breakdown,Jazz/Blues,,,,,,,Performance,
224277,performances,"Nikko Ielasi - ""A Quest For Pocket""",Hard Rock/Metal,,,,,,,Performance,
22444,course,Fifteen Stroke Roll,,,,Time Signatures,,,,,
224690,solos,Marco Minnemann Solo #1,,,,,,,,Gigging Tips & Gear,
224691,quick-tips,5 Most Important Drum Books That Every Drummer Should Own,,,,,,,,,
224693,performances,"Foreigner - ""Hot Blooded""",,,,,,,,,
224694,gear-guides,Electronic Kit vs. Acoustic - Which Do You Prefer?,,,,,,,,,
224695,gear-guides,ATV Kit Walkthrough,,,,,,,,Gigging Tips & Gear,Performance
224698,quick-tips,What I Learned Playing With B.B. King,,Rudiments,,,,,,,
224699,performances,"B.B. King - ""Thrill Is Gone""",,,,,,,,Gigging Tips & Gear,
224700,challenges,16th Note To 32nd Note Singles,Jazz/Blues,,,,,,,Performance,
224701,challenges,"Single Paradiddle, Double Paradiddle, Triple Paradiddle",,Rudiments,,Notation,,,,,
224702,performances,"B.B. King - ""I Like To Live The Love""",,Rudiments,,,,,,,
224712,quick-tips,5 Songs That Changed My Drumming,,,,,,,,Gigging Tips & Gear,
225064,performances,"Tony Coleman - ""The Blues Had A Baby""",,,,,,,,Other,
225105,performances,"Kaz Rodriguez - ""Headline""",,,,,,,,Gigging Tips & Gear,
22511,course,Implied Metric Modulation,,,,,,,,,
225143,pack-bundle-lesson,General,,Dynamics,,,,,,Gigging Tips & Gear,
225189,quick-tips,How To Be An Amazing Teacher,,,,,,,,,
225203,student-collaborations,"#1 - ""Blue Rocks Revenge""",,Setup & Tuning,,,,,,,Gigging Tips & Gear
225205,student-collaborations,"#2 - ""Highway To Rock""",Hard Rock/Metal,,,,,,,,Performance
225207,student-collaborations,"#3 - ""Single Coiled Spurs""",,,,,,,,,Performance
225210,student-collaborations,"#4 - ""Your John Hancock""",,Foot Technique,,,,,,,
225212,student-collaborations,"#5 - ""The Art of Walking""",,,,,,,,,Performance
225216,student-collaborations,"#7 - ""Midnight Blues""",,,,,,,,,Gigging Tips & Gear
225219,student-collaborations,"#8 - ""Little Drummer Boy""",,,,,,,,,Performance
225221,student-collaborations,"#6 - ""Happy Hour""",,,,,,,,,Performance
225223,student-collaborations,"#9 - ""Who Dat""",,,,,,,,,Other
225225,student-collaborations,"#10 - ""8th Note Rock""",,,,,,,,,Performance
225227,student-collaborations,"#11 - ""Smooth Rock""",,,,,,Grooves,Fills & Chops,,
225229,student-collaborations,"#12 - ""Purple Reign""",,,,,,,,,Performance
225331,student-collaborations,"#13 - ""Phrygitis""",,Rudiments,,,,,,,
225334,student-collaborations,"#14 - ""Woke Up This Morning""",,,,,,,,,Performance
225339,student-collaborations,"#15 ""Sing This Song""",Jazz/Blues,,,Ear Training,,,,,Practice Tips
225349,student-collaborations,"#16 ""Little Aggression""",,,,,,,,,Performance
225353,student-collaborations,#17 Mr. James,,Rudiments,,,,,,,
225355,student-collaborations,"#18 ""Pop Rocks""",,,,,,,,,Performance
225357,student-collaborations,"#19 ""Modus Operandi""",,Rudiments,,,,,,,
225359,student-collaborations,"#20 ""Sleigh Ride""",,,,,,,,,Performance
225361,student-collaborations,"#21 ""Mr. Groovy Sticks""",,,,,,,,,Other
225363,student-collaborations,"#22 ""You Belong With The Drums""",,,,,,,,,Performance
225365,student-collaborations,"#23 ""Skin And Bones""",Latin/World,,,,,Grooves,,,
225367,student-collaborations,"#24 ""Slow Disco Funk""",,,,,,,,,Performance
225369,student-collaborations,"#25 ""A Dog's Bark""",,,,,,,,,Gigging Tips & Gear
225424,student-collaborations,"#26 ""Smooth Latin Rock""",,,,,,,,,Performance
225426,student-collaborations,"#27 ""Rockslide""",Pop/Rock,,,,,,,Performance,
225428,student-collaborations,"#28 ""Watch It!""",Funk/Disco,,,,,,,Performance,
22543,gear-guides,Filming Drum Covers On A Budget #2,,,,,,,,,
225430,student-collaborations,"#29 ""A Bad Sign""",,,,,,,,,
225432,student-collaborations,"#30 ""R&B Bass Loop""",Pop/Rock,,,,,,,Performance,
225434,student-collaborations,"#31 - ""Slow Rockin'""",,,,Notation,,Grooves,,,
225436,student-collaborations,"#32 ""White Christmas""",Pop/Rock,,,,,,,Performance,
22571,gear-guides,Gear Review - Aerodrums,,,,,,,,,Gigging Tips & Gear
225732,student-collaborations,"#33 - ""Mirage""",R&B/Soul,,,,,Making Music,,,
225734,student-collaborations,"#34 - ""Never Gunna Die""",,,,,,,,,
225736,student-collaborations,"#35 - ""Blue Fruit Island""",R&B/Soul,,,,,Making Music,,Performance,
225738,student-collaborations,"#36 - ""All For You""",Pop/Rock,,,,,,Making Music,Performance,
225741,student-collaborations,"#37 - ""Tone Def""",Hard Rock/Metal,,,,,,Making Music,Performance,
225743,student-collaborations,"#38 - ""Vikings""",Hard Rock/Metal,,,,,,Making Music,Performance,
225745,student-collaborations,"#39 - ""Funky Walker""",Pop/Rock,,,,,,Making Music,Performance,
225747,student-collaborations,"#40 - ""Limitless""",,Hand Technique,Foot Technique,,,Fills & Chops,,,
225749,student-collaborations,"#41 - ""Full Time Shuffle""",Pop/Rock,,,Time Signatures,,,Making Music,Performance,
225751,student-collaborations,"#42 - ""Bossa Nova""",Jazz/Blues,,,,,,Making Music,Performance,
225753,student-collaborations,"#43 - ""Country Train""",,,,,,,,,
225755,student-collaborations,"#44 - ""Two Drumming Princes""",Latin/World,,,,,,Making Music,Performance,
225757,student-collaborations,"#45 - ""Winter Wonderland""",Holiday/Soundtrack,,,,,,Making Music,Performance,
225784,student-collaborations,"#46 - ""If It's Silent""",Pop/Rock,,,,,,Making Music,Performance,
225786,student-collaborations,"#47 - ""Cyborg Electronica""",Pop/Rock,,,,,,Making Music,Performance,
225788,student-collaborations,"#48 - ""NYC""",,Setup & Tuning,,,,,,Gigging Tips & Gear,
22579,course,Seventeen Stroke Roll,,,,,,,,,Gigging Tips & Gear
225790,student-collaborations,"#49 - ""Icicles""",Hard Rock/Metal,,,,,,Making Music,Performance,
225792,student-collaborations,"#50 - ""Find My Way""",,Setup & Tuning,,,,Independence,,,
225795,student-collaborations,"#51 - ""Show Me How To Drum""",Pop/Rock,,,,,,Making Music,Performance,
225798,student-collaborations,"#52 - ""Blisters""",Pop/Rock,,,,,,Making Music,Performance,
225800,student-collaborations,"#53 - ""Electro Pop""",Pop/Rock,,,,,,Making Music,Performance,
225888,student-collaborations,"#54 - ""Sodaboy""",Pop/Rock,,,,,,Making Music,Performance,
225890,student-collaborations,"#55 - ""Maybe We'll Riot""",Hard Rock/Metal,,,,,,Making Music,Performance,
225892,student-collaborations,"#56 - ""Colorado River Blues""",Pop/Rock,,,,,,Making Music,Performance,
225894,student-collaborations,"#57 - ""Christmas Medley""",R&B/Soul,,,,,,Making Music,Performance,
225896,student-collaborations,"#58 - ""Estilo De Iglesia""",Pop/Rock,,,,,,Making Music,Performance,
225899,student-collaborations,"#59 - ""One Bar Fills""",Pop/Rock,,,,,,Making Music,,
225901,student-collaborations,"#60 - ""Let's Go""",,Hand Technique,,,,,,Practice Tips,
225903,student-collaborations,"#61 - ""Drumebula""",Pop/Rock,,,,,,Making Music,Performance,
225905,student-collaborations,"#62 - ""It's About Something""",,,,,,,,,Other
225907,student-collaborations,"#63 - ""Break Sticks""",,,,,,,,,
225909,student-collaborations,#64 - We Are All Brothers,Pop/Rock,,,,,Making Music,,Performance,
225911,student-collaborations,"#65 - ""Funk Loop""",,Hand Technique,Rudiments,,,,,Practice Tips,
225913,student-collaborations,"#66 - ""Good People""",Jazz/Blues,Hand Technique,,Ear Training,,Grooves,,Other,
225915,student-collaborations,"#67 - ""Florida Grapes""",Pop/Rock,,,,,,Making Music,Performance,
225917,student-collaborations,"#68 - ""Hypnotized""",Latin/World,,,,,,,Performance,
225919,student-collaborations,#69 - I Want You Back Santa Claus,,,,,,Making Music,,Performance,
225921,student-collaborations,#70 - Rollercoaster,Pop/Rock,,,,,,,Performance,
225923,student-collaborations,"#71 - ""Glorious Day""",,,,,,Grooves,Fills & Chops,,
225925,student-collaborations,"#72 - ""Strange Thing""",Hip-Hop/Rap/EDM,Dynamics,,,,Grooves,,,
225927,student-collaborations,"#73 - ""If You Could Read My Mind""",,,,,,,,Gigging Tips & Gear,
225963,course,Building Grooves From Other Instruments,Jazz/Blues,,,,,,,Performance,
225964,challenges,"Paradiddle-diddle, Paradiddle Turn-around",Pop/Rock,,,,,,,Performance,
225967,gear-guides,Brian Tichy’s Kit Breakdown - The Ludwig Vistalites,,Rudiments,,,,,,,
225968,quick-tips,David Frank's Secret Sauce,,,,,,Grooves,,,
225970,quick-tips,The Importance Of Drum Teacher Lineage,,,,,,,,Gigging Tips & Gear,
225973,performances,"Zak Rizvi - ""New York City""",,,,,,,,,
225974,challenges,Double-Stroke Note-Value Tree,,,Foot Technique,,,,,,
225975,course,The Weaker Side,,,,,,,,,
225976,performances,Black Betty Medley (Electronic & Acoustic Performances),,,,,,,,Performance,
225977,solos,Brian Tichy Solo #1,,,,,,,,Performance,
225978,solos,Brian Tichy Solo #2,,,,,,,,Performance,
22603,gear-guides,Filming Drum Covers On A Budget #3,,,,Time Signatures,,,,,
226064,pack-bundle-lesson,General,,,,,,,,Gigging Tips & Gear,
226218,quick-tips,How To Make A Killer Instagram Video,,,,,,,,Performance,
226221,performances,"Tony Coleman - ""Tony Coleman Shuffle""",,,,,,,,Gigging Tips & Gear,
226223,study-the-greats,"Jonathan ""Sugarfoot"" Moffett",,,,,,Grooves,Fills & Chops,,
226224,challenges,Hand-to-hand Flam Note-Value Tree,,,,,,Grooves,,,
226263,solos,Stan Bicknell Solo #1,,,,,,,,Performance,
226264,solos,Stan Bicknell Solo #2,,,,,,,,Performance,
226268,performances,"Sean Lang - ""You Were Born For This""",,,,Ear Training,,,,,
226270,study-the-greats,Marco Minnemann,Pop/Rock,,,,,,,Performance,
226271,course,Creative Hand To Foot Combos,,Rudiments,,,,,,,
226272,solos,Jost Nickel Solo #3,,,,,,,,Performance,
226273,solos,Jost Nickel Solo #4,,,,,,,,Performance,
226340,student-collaborations,"#74 - ""7 Countries""",,,,,,,,Gigging Tips & Gear,
226451,quick-tips,Keith’s Signature Drum Lick,Hip-Hop/Rap/EDM,,,,,,,Performance,
226526,challenges,RLL - RRL - RRLL,,,,,,,,,
226527,quick-tips,Keith’s Trick To Silky Smooth Doubles,,,,,,,,Performance,
226529,performances,"Zak Rizvi - ""One For Jeff""",,Rudiments,,,,,,,
226532,study-the-greats,Dafnis Prieto,Pop/Rock,,,,,,,Performance,
226534,course,Learning Songs By Ear,,,,,,,,,
226535,solos,Marco Minnemann Solo #2,,,,,,,,Performance,
226536,solos,Marco Minnemann Solo #3,,,,,,,,Performance,
226653,quick-tips,Rashid Learns A Song By Ear,,,,,,,,,
226779,pack-bundle-lesson,General,,,,,,,,Gigging Tips & Gear,
22692,course,Basic Foot Technique,,,,,,,,,Performance
22701,course,Expanding Your Drumming Vocabulary,,,,,,,,,
227058,quick-tips,Clockwise/Counter-Clockwise,,,,,,,,,
227059,performances,"Tony Coleman - ""Get Up Off Your Seat""",Hard Rock/Metal,,,,,,,Performance,
227061,study-the-greats,Nick D'Virgilio,Jazz/Blues,,,,,,,Performance,
227062,course,Build A Solo From Triplets,,Rudiments,,Time Signatures,,,,,
227063,solos,Scott Pellegrom Solo,,,,,,,,Performance,
227064,solos,Scott & Reuben Duo,,,,,,,,Performance,
227067,quick-tips,How To Play Single Pedal Triples,,,,,,,,Performance,
227069,performances,"Sean Lang - ""Fun In 5""",,,,,,,,Other,
227071,study-the-greats,Anika Nilles,,,,,,,,Performance,
227072,gear-guides,PDP Bop Kit Breakdown,,,,,,,,Performance,
227073,performances,Scott Pellegrom & Reuben Spyker Jam To A Track,,,,,,,,Performance,
227136,behind-the-scenes,Dave's Easter Surprise,,,,,,,,Performance,
227150,student-collaborations,"CWS #1 - ""I Hate Myself For Loving You""",Hard Rock/Metal,,,,,,,,Performance
227153,student-collaborations,"CWS #2 - ""Bad Things""",,,,,,,,,Performance
227155,student-collaborations,"CWS #3 - ""Let It Snow""",Jazz/Blues,,,,,,,,Performance
227158,pack-bundle-lesson,General,,,,,,,,Performance,
227315,performances,"Bernhard Lackner - ""My Guy""",,,,,,Grooves,Fills & Chops,,
227334,student-collaborations,"CWS #4 - ""Keep Your Hands to Yourself""",,,,Notation,,,,,
227336,student-collaborations,"CWS #5 - ""Stand by Me""",Hard Rock/Metal,,,,,Fills & Chops,,,
227340,student-collaborations,"CWS #6 - ""Raise Your Glass""",,Hand Technique,Rudiments,,,,,,
227342,student-collaborations,"CWS #7 - ""Happy""",,,,,,,,,Gigging Tips & Gear
227344,student-collaborations,"CWS #8 - ""Jumpin’ Jack Flash""",,,,,,,,,Performance
227346,student-collaborations,"CWS #9 - ""Monster Mash""",,,,,,,,,Gigging Tips & Gear
227348,student-collaborations,"CWS #10 - ""Shake Up Christmas""",,Rudiments,,,,,,,
227351,student-collaborations,"CWS #11 - ""You Give Love a Bad Name""",,,,,,,,,
227354,student-collaborations,"CWS #12 - ""And She Was""",,Hand Technique,Rudiments,,,,,,
227356,student-collaborations,"CWS #13 - ""One Way or Another""",Latin/World,,,,,Grooves,,,
227358,student-collaborations,"CWS #14 - ""Some Kind of Wonderful""",Latin/World,,,Notation,,Grooves,Making Music,,
227364,student-collaborations,"CWS #15 - ""Uptown Funk""",,Hand Technique,Dynamics,Notation,,Fills & Chops,,,
227400,student-collaborations,"WotE #1 - ""Mirage""",,,,,,Making Music,,,
227402,student-collaborations,"WotE #2 - ""Ghostbusters""",,Rudiments,,,,Making Music,,Gigging Tips & Gear,
227404,student-collaborations,"WotE #3 - ""Carol of The Bells""",,Setup & Tuning,,,,,,Gigging Tips & Gear,
227406,student-collaborations,"WotE #4 - ""Got Soul?""",,Hand Technique,,,,,,Practice Tips,
227408,student-collaborations,"WotE #5 - ""Ex’s & Oh’s""",Jazz/Blues,Hand Technique,Dynamics,,,,,,
227410,student-collaborations,"WotE #6 - ""Smooth Stockholm""",Jazz/Blues,Dynamics,Hand Technique,,,Grooves,,,
227412,student-collaborations,"WotE #7 - ""Rock What You Got""",,Rudiments,,Sight Reading,Notation,,,,
227414,student-collaborations,"WotE #8 - ""Little Punk""",,Setup & Tuning,,,,,,Gigging Tips & Gear,
227416,student-collaborations,"WotE #9 - ""Wipe Out""",,,,,,,,,
227418,student-collaborations,"WotE #10 - ""Mission Impossible"" (Remix)",,,,,,,,Practice Tips,
227420,student-collaborations,"WotE #11 - ""Woke Up This Morning""",,Dynamics,,,,,Grooves,,
227495,student-collaborations,"WotE #12 - ""Don't Fear The Reaper""",,Hand Technique,,,,,,,
227584,student-collaborations,"WotE #13 - ""Oye Como Va""",,,,,,,,Gigging Tips & Gear,
227586,student-collaborations,"WotE #14 - ""Deck The Halls""",,,,,,,,,
227588,student-collaborations,"WotE #15 - ""Are You Gonna Go My Way?""",,,,,,,,Gigging Tips & Gear,Other
227590,student-collaborations,"WotE #16 - ""Love Shack""",,Foot Technique,,,,Independence,,,
227592,student-collaborations,WotE #17 - '80s Classic Rock Collab,Hard Rock/Metal,Dynamics,,,,Grooves,,,
227594,student-collaborations,"WotE #18 - ""It Must Have Been Love""",,Rudiments,,,,Fills & Chops,,,
227597,student-collaborations,WotE #19 - Party Song Collab,,,,Time Signatures,Notation,,,,
227599,student-collaborations,"WotE #20 - ""Rolling In The Deep""",,,,,,Grooves,Independence,,
227601,student-collaborations,WotE #21 - Drinking Songs,,,,,,,Fills & Chops,,
227604,student-collaborations,"WotE #22 - ""Feed My Frankenstein""",,Dynamics,,,,Grooves,,,
227606,student-collaborations,"WotE #23 - ""Limitless""",,Rudiments,,,,,,,
227608,student-collaborations,"WotE #24 - ""Jingle Bell Rock""",,,,,,Independence,,,
227610,student-collaborations,WotE #25 - 2017 Blooper Reel,,,,,,,,,
227612,student-collaborations,"WotE #26 - ""Everybody Talks""",,Foot Technique,,,,Fills & Chops,,,
227671,challenges,Flam Tap Groupings,,,,Time Signatures,,,,,
227672,challenges,3-Over-4 Unison Challenge,,,,,,Grooves,Fills & Chops,,
227721,student-collaborations,"WotE #27 - ""Accidentally In Love""",,,,,,Fills & Chops,,,
227723,student-collaborations,WotE #28 - Dance Remix,,,,,,,,Gigging Tips & Gear,
227725,student-collaborations,"WotE #30 - ""Rollercoaster""",,,,,,,,,
227728,student-collaborations,WotE #31 - Halloween,,,,,,,,,
227731,student-collaborations,"WotE #32 - ""Rock and Roll Christmas""",Hard Rock/Metal,,,,,Double Bass,,,
227735,student-collaborations,WotE #33 - 2018 Blooper Reel,Holiday/Soundtrack,,,,,Making Music,,Performance,
22814,course,Understanding Basic Theory,,,,,,,,,Performance
22826,on-the-road,NAMM 2015 Recap,,,,,,Grooves,,,
228417,student-collaborations,"#75 - ""Going West""",,,,,,,,Performance,
228672,quick-tips,How To Tune Your Drums,,,,,,,,,
228675,solos,Sarah & Senri Shared-Kit Solo,,,,Time Signatures,,,,,
228676,challenges,3-Over-5 Unison Challenge,,,,,,,,,
228679,gear-guides,Rashid Williams' Kit Breakdown,,,,,,,,,
228680,challenges,4 Beginner Drum Warm-ups,,,,,,,,Gigging Tips & Gear,
228681,gear-guides,Dom's Signature Pad Sticks,,,,,,,,Gigging Tips & Gear,
228682,gear-guides,Why Dom Loves Mapex Drums,,,,,,,,Practice Tips,Gigging Tips & Gear
228683,study-the-greats,Keith Carlock,,,,,,,,Performance,
228684,performances,"Find Your Drum Cave - ""Eye Of The Tiger""",,,,,,,,,
228686,performances,"Rashid Williams - ""Yoshi 11""",,,,,,,,Gigging Tips & Gear,
228688,course,How To Play Shuffles,,,,,,,,Performance,
228689,challenges,Jazz Up Your Paradiddle-diddles,,,,,,Grooves,Fills & Chops,Gigging Tips & Gear,
228690,solos,David Frank Solo #1,,,,,,,,Performance,
228691,solos,David Frank Solo #2,,,,,,,,Performance,
228795,student-collaborations,"WotE #34 - ""We Got The Beat""",,,,,,,,,
228797,student-collaborations,"WotE #35 - ""Bad Case Of Loving You""",,,,,,,,,
228799,student-collaborations,WotE #36 - In The '70s,Pop/Rock,,,,,,,Performance,
228802,student-collaborations,"WotE #37 - ""Heed The Call""",,,,,,,,Performance,
228804,student-collaborations,"WotE #38 - ""MOM""",,,,,,,,,
228806,student-collaborations,"WotE #39 - ""Had A Dad""",,,,,,Independence,Fills & Chops,,
228896,quick-tips,How To Hold Drumsticks,,,,,,,,Performance,
228898,performances,"Dom Famularo - ""You've Come Back""",,,,,,,,Other,
228900,challenges,4-Over-5 Unison Challenge,Pop/Rock,,,,,,,Performance,
228901,course,Build A Solo From Sixteenth Notes,,,,Time Signatures,,,,,
228902,solos,Keith Carlock Solo,,,,,,Making Music,,Gigging Tips & Gear,
228904,performances,Music - The Universal Language,,,,,,,,,
229070,pack-bundle-lesson,General,,Foot Technique,,,,,,,
229227,performances,Real Life Duo Performance,,,,,,,,,
22928,course,The Bossa Nova,,,,,,,,,
229371,quick-tips,An Easy But Useful Blast Beat,,,,,,,,Performance,
22941,course,The Flam Stroke,,,,,,,,,Performance
23000,course,The Bembe,,,,,,,,,
230112,performances,"Sean Lang - ""Solo Breaks""",Pop/Rock,,,,,,,Performance,
230114,course,Pedal Control,,,,,,,,Performance,
230127,performances,Scottish Drum Duet,,Foot Technique,,,,,,,
230143,quick-tips,Tool’s “Invincible” Polyrhythm Breakdown,,,,,,,,Performance,
230148,performances,"Chaise Baird - ""Pulsar""",,,,,,,,Other,
230149,solos,Abandoned-Barn Solo,,Rudiments,,,,,,,
230212,quick-tips,A Polyrhythm For Beginners - Tool's “Jambi”,,,,,,,,Performance,
230216,performances,"Tony Coleman - ""Hook Me Up Baby""",,,,,,,,,
230217,course,Limb Combination Exercises,,Rudiments,,,,,,,
230218,solos,Siemy Di Solo,,,,,,Independence,,,
230220,quick-tips,7 Iconic Jazz Drum Licks For All Drummers,,,,,,,,,
230224,performances,Blues In F,Jazz/Blues,,,,,Grooves,Fills & Chops,,
230226,course,The Grooves Of Steely Dan,Jazz/Blues,,,,,,,Performance,
230229,solos,Aaron Edgar Solo #1,,,,,,,,,
230230,solos,Aaron Edgar Solo #2,,,,,,,,Performance,
230232,quick-tips,"Singles, Doubles, And Inverted",,,,,,,,Performance,
230235,performances,"The JDS Quartet - ""The Mozambique""",,,,,,,,,
230237,course,Getting Comfortable In 6/8,,Rudiments,,,,,,,
230442,challenges,16th Note Grid,,,,,,,,,
230444,challenges,Flam Accents With A Nine Stroke Roll,,,,,,,,,
230447,challenges,Swiss Army Triplet Turn-around,,,,Time Signatures,,Grooves,,,
230448,challenges,Flams & Fives,,,,,,,,,
230451,challenges,Swiss Army Transformation,,,,Time Signatures,,Grooves,,,
230481,pack-bundle-lesson,General,,Hand Technique,,,,,,,
230655,student-collaborations,"WotE #40 - ""Beach Party!""",,,,Time Signatures,,Grooves,,,
23071,challenges,Bonham Triplet 30-Day Challenge,,,,,,,,,
230794,ha-oemurd-pmac,Secret Video,Jazz/Blues,,,,,,Making Music,Performance,
230852,student-collaborations,#76 - Growing Up,Hard Rock/Metal,,,,,Grooves,,,
231131,pack-bundle-lesson,General,,,,,,,,Performance,
23158,course,The Flam Tap,,,,,,,,,Performance
231782,solos,Steve Lyman Jazz Solo #1,,,,Time Signatures,,Grooves,,,
231907,quick-tips,Implied Half Time Feel,Jazz/Blues,,,,,,,Performance,
231908,quick-tips,5 Iconic Metal Beats,,,,,,,,,
231913,performances,Rhythm Changes,Hard Rock/Metal,,,,,Grooves,,,
231915,challenges,9/4 Diddle Turn-around,Jazz/Blues,,,,,,,Performance,
231916,course,The Polyrhythms Of Tool,Hard Rock/Metal,,,Time Signatures,,Grooves,,,
231918,solos,Steve Lyman Jazz Solo #2,Hard Rock/Metal,,,Time Signatures,,Grooves,,,
231919,gear-guides,Steve Lyman Kit Breakdown,Jazz/Blues,,,,,,,Performance,
231921,quick-tips,5 Tips For Drumming And Singing,,,,,,,,,
231923,boot-camps,Stick Control Boot Camp - Page #1,,,,,,,,Gigging Tips & Gear,
231926,performances,"Heather Thomas - ""Open Up""",,,,,,,,Other,
231928,challenges,Inverted Flam Tap Challenge,Pop/Rock,,,,,,,Performance,
231929,course,Playing The Fills You Hear In Your Head,,,,,,,,Performance,
231930,solos,Heather Thomas Solo,Jazz/Blues,,,,,Independence,,,
232096,student-collaborations,#77 - Bring The Love Back,,Rudiments,,,,Independence,,,
23251,course,Hands And Groove Workout,,,,,,,,,
232652,quick-tips,5 Metal Chops You Need To Know,,,,,,,,,
232655,performances,"Heather Thomas - ""When I Was Young""",,,,,,,,Other,
232658,course,Understanding Jazz For Beginners,,Rudiments,,,,,,,
232743,student-collaborations,WotE #41 - PUNK,,Hand Technique,,,,,,,
232900,challenges,Milling Around Challenge,Pop/Rock,,,,,,,Performance,
232901,solos,Steve's Jagged Little Solo,,Rudiments,,,,,,,
233045,on-the-road,Sweetwater Gearfest,,,,,,,,,
233046,quick-tips,5 Hybrid Rudiments That Drummers Should Know,,,,,,,,,
233051,performances,"Rene Gonzalez - ""Nada Es Imposible""",,Rudiments,,,,,,,
233052,challenges,Paradiddle Challenge,,,,,,,,,
233053,course,Jazz Independence,,,,,,,,,
233055,gear-guides,Juan Mendoza Kit Breakdown,,,,,,,,,
233366,quick-tips,5 Latin Grooves Every Working Drummer Needs To Know,R&B/Soul,,,,,Grooves,Fills & Chops,,
233368,performances,"Damani Rhodes - ""Odd Movements""",,,,,,,,Other,
233370,challenges,3-2-1 Challenge,,,,,,,,,
233393,pack-bundle-lesson,General,Pop/Rock,,,,,,,Performance,
233779,challenges,Single Back-Herta Challenge,,Rudiments,,,,Grooves,Fills & Chops,,
233782,solos,Juan Mendoza Solo,,,,,,,,Gigging Tips & Gear,
233783,quick-tips,Gil Sharone Learns A Song By Ear,,,,,,,,Performance,
233787,performances,"Heather Thomas - ""People In Places""",,,,,,,,Gigging Tips & Gear,
233790,behind-the-scenes,Supporting Your Child Drummer,,,,,,,,Gigging Tips & Gear,
233791,course,Getting Creative With The Single Flammed Mill,,,,,,,,Other,
233794,rhythmic-adventures-of-captain-carson,Series Trailer,Jazz/Blues,,,,,,,Gigging Tips & Gear,
233904,student-collaborations,#78 - My Guy,R&B/Soul,,,,,,,Performance,
233955,course,How To Get Kids Into Drumming,,Rudiments,,,,,,,
233956,rhythmic-adventures-of-captain-carson,Hip-Hop,,,,,,,,,
233958,rhythmic-adventures-of-captain-carson,Blues,Funk/Disco,,,,,Grooves,,,
233959,rhythmic-adventures-of-captain-carson,Rock,Country/Folk,,,,,Grooves,,,
233960,rhythmic-adventures-of-captain-carson,Reggae,Pop/Rock,,,,,Grooves,,,
233961,rhythmic-adventures-of-captain-carson,Disco,Latin/World,,,,,Grooves,,,
233965,rhythmic-adventures-of-captain-carson,Country,Funk/Disco,,,,,Grooves,,,
233966,rhythmic-adventures-of-captain-carson,Salsa,R&B/Soul,,,,,Grooves,,,
233968,rhythmic-adventures-of-captain-carson,World Music,Hip-Hop/Rap/EDM,,,,,Grooves,,,
233969,rhythmic-adventures-of-captain-carson,R&B,Latin/World,,,,,Grooves,,,
233970,rhythmic-adventures-of-captain-carson,Funk,Latin/World,,,,,Grooves,,,
233971,rhythmic-adventures-of-captain-carson,Hip-Hop On The Drums,Pop/Rock,,,,,,,Performance,
23398,course,Creating Freedom By Building Systems,,,,,,,,,Gigging Tips & Gear
233982,rhythmic-adventures-of-captain-carson,Blues On The Drums,,,,,,,,,
233983,rhythmic-adventures-of-captain-carson,Rock On The Drums,Hip-Hop/Rap/EDM,,,,,,,Performance,
233984,rhythmic-adventures-of-captain-carson,Reggae On The Drums,Funk/Disco,,,,,Grooves,Fills & Chops,,
233985,rhythmic-adventures-of-captain-carson,Disco On The Drums,Latin/World,,,,,Grooves,Fills & Chops,,
233986,rhythmic-adventures-of-captain-carson,Country On The Drums,Latin/World,,,,,Grooves,Fills & Chops,,
233987,rhythmic-adventures-of-captain-carson,Salsa On The Drums,R&B/Soul,,,,,Grooves,Fills & Chops,,
233988,rhythmic-adventures-of-captain-carson,World Music On The Drums,Funk/Disco,,,,,Grooves,Fills & Chops,,
233989,rhythmic-adventures-of-captain-carson,R&B On The Drums,Country/Folk,,,,,Grooves,Fills & Chops,,
233990,rhythmic-adventures-of-captain-carson,Funk On The Drums,Jazz/Blues,,,,,Grooves,Fills & Chops,,
23416,challenges,Double-Stroke Application Challenge,,Hand Technique,,,,Grooves,,,
234316,quick-tips,Gregg Bissonette's Signature Lick - The Extended Blushda,,Rudiments,,,,,,,
234320,performances,"Gregg Bissonette - ""Twenty Dollar Bill""",,,,,,,,Performance,
234322,quick-tips,Charley's Tribute,,,,,,,,,
234324,performances,BabyBoyDrummer Plays The Rhythmic Adventures Of Captain Carson,,Rudiments,,,,,,Gigging Tips & Gear,
234784,performances,"Bernhard Lackner - ""Funky Rastafari""",,,,,,,,Other,
234786,performances,Rhythm Is Everywhere,Latin/World,,,,,,,Performance,
23496,gear-guides,Choosing The Right Stick - Vic Firth,,,,,,,,,
235168,diy-drum-experiments,Series Trailer,Hip-Hop/Rap/EDM,,,,,Grooves,Fills & Chops,,
235169,diy-drum-experiments,Drumheads,,,,,,,,Performance,
235170,diy-drum-experiments,Cymbal Stands,Hip-Hop/Rap/EDM,,,,,Grooves,,,
235171,diy-drum-experiments,Drumsticks,,,,,,,,,
235172,diy-drum-experiments,Hi-Hat Stands,,,,,,,,Gigging Tips & Gear,
235173,diy-drum-experiments,Miscellaneous Items,Pop/Rock,,,,,,,Performance,
235174,diy-drum-experiments,Cymbals,,,,,,,,Gigging Tips & Gear,
235177,performances,"Blazing Arrows - ""Deep in the Cut""",,,,,,,,Gigging Tips & Gear,
235181,challenges,Clave vs. Clave,Hip-Hop/Rap/EDM,,,,,,,Performance,
235182,course,Hybrid Rudiments And Applications,,,,,,Independence,,,
235186,solos,Gregg Bissonette Styles Solo,,Rudiments,,,,Grooves,Fills & Chops,,
235200,pack-bundle-lesson,General,Latin/World,,,,,Grooves,,,
235264,pack-bundle-lesson,General,Hard Rock/Metal,,,,,Grooves,Fills & Chops,,
23534,course,Reggae Grooves,,,,,,,,,
23552,challenges,30-Day Double-Bass Challenge,,,,,,,,,
235658,quick-tips,The Power Of Sight Reading: Gregg Bissonette Learns A Song,,,,,,,,Performance,
235661,quick-tips,11 Things Drummers Are Scared Of,,,,,,,,Other,
235662,solos,Raghav Mehrortra Solo,,,,,,,,Gigging Tips & Gear,
235663,challenges,Sticking Arrow Challenge,,,,,,,,Other,
235664,course,Exploring Sabian Cymbals,,Hand Technique,,,,,,,
235665,performances,"Gregg Bissonette - ""After All""",Pop/Rock,,,,,,,Performance,
235668,student-collaborations,November 2019 Collaboration Song,,,,,,,,Gigging Tips & Gear,
235669,quick-tips,Wrist Exercise For Killer Doubles,,,,,,,,Performance,
235670,challenges,The Four-Limb Single Stroke Roll,,,,,,,,,
235673,performances,Funky NASA,,Hand Technique,Foot Technique,,,,,,
235676,challenges,6-Over-4 Polyrhythm,,,,,,,,,
235677,course,Gospel Chops With Rashid Williams,Pop/Rock,,,,,,,Performance,
235678,performances,Mashup #1,,,,,,Fills & Chops,,,
23571,course,Iconic Drum Grooves,,Foot Technique,,,,Double Bass,,,
235828,performances,"Bernhard Lackner - ""Turnaround""",,,,,,,,Other,
236417,student-collaborations,#79 - A Drummer's Offspring,,Rudiments,,,,,,,
23644,course,How To Be Creative,,,,,,,,,Performance
23649,gear-guides,Acoustic Drums vs. Electric Drums,,,,,,,,,
236678,in-rhythm,Aaron Gillespie,,,,,,,,,
236680,in-rhythm,Brian Frasier-Moore,,,,,,,,,
236682,in-rhythm,Aric Improta,,,,,,,,Other,
236686,in-rhythm,Tim Oxford,,,,,,,,Performance,
236687,in-rhythm,Matt Greiner,,,,Sight Reading,,,,,
236688,in-rhythm,Mike Sleath,,,,,,,,,
236719,performances,"Rashid Williams - ""Rock Out""",Funk/Disco,,,,,,,Performance,
236731,challenges,Raghav's Quick Warm-up Routine,Hip-Hop/Rap/EDM,,,,,,,Performance,
236734,performances,"Nujynisis - ""Timeline""",,,,,,,,Other,
236735,challenges,5-Stroke Compressor Challenge,,,,,,,,Gigging Tips & Gear,
236736,performances,Mashup #2,,Rudiments,,,,,,,
236742,performances,"Gil Sharone - ""Ice Cream Sunday""",,,,,,,,Gigging Tips & Gear,
236744,course,Exploring Reggae Grooves,Latin/World,,,,,Grooves,Fills & Chops,,
236745,challenges,Climbing The Note Value Tree,,,,,,,,Gigging Tips & Gear,
236746,performances,"Michael Schack - ""New York""",Latin/World,,,,,,,Performance,
237022,challenges,The Thrift Store Drum Challenge,,,,,,,,,
237026,performances,"Craig Zurba - ""Little Drumeo Boy""",Pop/Rock,,,,,,,Performance,
237028,course,Becoming A Well-Rounded Drummer,,Rudiments,,,,,,,
237029,challenges,7-Stroke Compressor Challenge,Holiday/Soundtrack,,,,,,,Performance,
23720,course,The Mambo,,,,,,,,,
237352,performances,"Gil Sharone - ""Reggae Medley""",,,,Notation,,,,,
237353,quick-tips,What Makes Ringo Starr So Great?,,,,,,,,Other,
237356,quick-tips,5 Drumming Styles You've Never Heard,,,,,,,,,
237433,performances,"Raghav Mehrotra - ""Konnokol Jam""",,,,,,,,Performance,
23866,course,Stylistic Independence,,,,,,,,,
238702,student-collaborations,2019 Christmas Announcement,Hip-Hop/Rap/EDM,,,,,,,Performance,
239034,student-collaborations,#80 - A Time for Birds and Beetles,Latin/World,,,,,,,Performance,
239160,challenges,The Egg Challenge,,,,,,,,,
239163,performances,"Sean Lang - ""Seven Jingling Bells""",,Dynamics,Rudiments,,,,,,
239165,course,Traditional Ska And Rocksteady Rhythms,Latin/World,,,,,,,Performance,
239166,challenges,Dealing With Diddles,,,,,,,,,
239167,performances,"Gil Sharone - ""On The Corner""",,,,,,Grooves,Fills & Chops,,
239170,solos,Larnell Lewis Solo,,,,,,Grooves,Fills & Chops,,
239172,quick-tips,Developing Touch And Feel On An Electronic Kit,,,,,,,,,
239176,performances,"Gregg Bissonette - ""Warning Will Robinson""",,Dynamics,,,,,,Gigging Tips & Gear,
239179,challenges,16th-Note Brain-Buster Challenge,,,,,,,,,
23966,gear-guides,The Roland TD-25,,,,,,,,,
23997,course,Introduction To Jazz Drumming,Jazz/Blues,,,,,Independence,Making Music,,
24009,course,Jazz Independence Comping,,,,,,,,,
240154,course,Beginner Drum Fills,,,,Notation,,,,,
240155,challenges,Note Value Challenge,,,,,,,,,
240156,performances,"David Raouf - ""Deep End""",,,,,,,,Gigging Tips & Gear,
240158,diy-drum-experiments,8 Bonus Hacks,,Timing,,,,,,Gigging Tips & Gear,
240162,challenges,8th Note Independence Challenge,Holiday/Soundtrack,,,,,,,Performance,
240163,course,How To Start And End Songs,,,,,,,,,
240164,performances,Holiday Seasons In The Abyss,,Timing,,,,Grooves,,Gigging Tips & Gear,
240169,quick-tips,How To Make A Groove Feel Great,,,,,,Independence,,,
240227,on-the-road,Blicher Hemmer Gadd - A Music Documentary,Pop/Rock,,,,,,,Performance,
24076,challenges,Adam's Accent Challenge,Jazz/Blues,,,,,Independence,Making Music,,
24087,course,Non Linear Coordination and Independence,,,,,,,,,
241103,performances,Blue Magik,,,,,,Fills & Chops,,,
241106,quick-tips,How To Calm Your Nerves And Be Prepared To Play,Hip-Hop/Rap/EDM,,,,,,,Performance,
241108,performances,"Pete Lockett - ""Funky Taal""",Hip-Hop/Rap/EDM,,,,,,,Performance,
241111,performances,"Vinny Valentino, Baron Browne And Joel Rosenblatt - ""The Slant""",,,,,,,,Gigging Tips & Gear,
241114,course,Walk Before You Can Run - Developing Foot Control And Technique,,,,,,,,Performance,
241115,performances,Larnell Lewis Builds His Own Loop,,,,,,,,,
24178,course,Three Note Groupings,,,,,,,,,
242105,quick-tips,The 5 Types Of Drum Students,,,,,,,,,
242567,quick-tips,Using Electronics In Modern Drumming,,Foot Technique,,,,,,,
242569,quick-tips,The Grand Prix Of Drumming - 10 Styles In 10 Minutes,,,,,,,,Performance,
242570,performances,Groove,,,,,,Making Music,,Gigging Tips & Gear,
242574,quick-tips,What Is A Cheeselet?,,,,,,,,Performance,
242577,quick-tips,Larnell Lewis' Foot Technique,Funk/Disco,,,,,,,Performance,
242584,performances,"Carl Mayotte Fusion Quintet - ""Grand Prix""",,Foot Technique,,,,,,,
242587,course,Developing Flow With Odd-Time Signatures,,,,,,,,,
243181,learning-path-lesson,Double Stroke Roll Applications,,Hand Technique,,,,,,,
24323,course,How To Learn Songs Quickly,,,,Notation,,Fills & Chops,Grooves,,
24351,course,Right Foot Independence For Rock,,,,,,,,,
24353,course,Left Hand Independence For Rock,,,,,,,,,
243753,quick-tips,Glen's Stick Tricks,,,,,,,,,
243754,quick-tips,Testing Out 14 Drum Gadgets,,,,Time Signatures,,Grooves,,,
243762,performances,"Heather Thomas - ""I Am The Desert""",Pop/Rock,,,,,,,Performance,
243764,challenges,Bass Drum Warm-ups,,,,,,,,,
243766,quick-tips,The Back-Stick Stick Trick,Pop/Rock,,,,,,,Performance,
243772,performances,"The JDS Quartet - ""Up-Tempo Swing""",Pop/Rock,,,,,,,Performance,
243774,course,Drum-set Maintenance & Repair,,Hand Technique,,,,,,,
243776,solos,Glen Sobel Solo,,,,,,,,Gigging Tips & Gear,
243779,performances,"TJ Hartmann - ""Futures""",,,,,,,,,
243782,performances,101 Drumming Styles In 10 Minutes,,,,,,,,Performance,
24407,challenges,The Two-Minute Solo Challenge,,,,,,Making Music,,Gigging Tips & Gear,
24450,course,Polyrhythmic Paradiddles,,,,,,,,,
244519,student-collaborations,WotE #42 - Back To School,Latin/World,,,,,Grooves,,,
244521,student-collaborations,WotE #43 - Zombie,,,,,,Grooves,Fills & Chops,,
245032,student-collaborations,#82- Rock Out,,Rudiments,,,,Grooves,Fills & Chops,,
24505,course,Creating A Solo With The 6-Stroke Roll,,,,,,,,,
245311,quick-tips,Larnell Lewis Learns A Song By Ear,Hip-Hop/Rap/EDM,,,,,,,Performance,
245315,on-the-road,2019 Drumeo European Hang,,,,,,,,Gigging Tips & Gear,
245316,course,How To Practice Pocket,,Rudiments,,,,Grooves,Fills & Chops,,
245318,quick-tips,5 Drum Beats Almost All Drummers Can't Play,,,,,,,,,
245324,performances,"Daru Jones - ""Funk You Not""",Jazz/Blues,,,,,,,Performance,
246123,student-collaborations,WotE #44 - Animal,,,,,,,,Gigging Tips & Gear,
246165,performances,"Larnell Lewis - ""In The Moment""",Pop/Rock,,,,,,,Performance,
246166,performances,"Tim Proznick - ""The Odd Life""",,,,,,,,,
246266,learning-path-lesson,Double Paradiddle Applications,,,,,,Grooves,,,
24655,course,How To Develop Your Shuffle,R&B/Soul,,,,,,,Performance,
247346,student-collaborations,#83 - Blues in F,,,,,,Grooves,,Practice Tips,
247386,performances,Blind Listening - Playing In The Moment,Hip-Hop/Rap/EDM,,,,,,,Performance,
247388,course,The Soloing Blueprint,,,,,,,,Performance,
247390,quick-tips,Control Strokes & Pullout Strokes,,,,,,,,,
247393,performances,"Jennifer Batten - ""The Swarm""",,Dynamics,Hand Technique,,,,,,
247394,course,Chart Reading & Interpretation,Hip-Hop/Rap/EDM,,,,,,,Performance,
247398,performances,"Tim Proznick - ""Futuristic Solitude""",,,,,,,,Gigging Tips & Gear,
247400,course,The Grooves Of Alice Cooper,,,,,,,,,
247403,student-collaborations,WotE #45 - This Love,Jazz/Blues,,,,,,,Performance,
24804,course,Useful Grooves Drummers Should Know,,,,,,,,,
248494,gear-guides,Let's Talk Gear!,Hard Rock/Metal,,,,,,,Performance,
248500,boot-camps,Single Bass Drum Boot Camp,,,,,,,,,
248505,quick-tips,The Importance Of Singing What You Play,,,,,,,,Practice Tips,
248507,quick-tips,Tips For Teen Drummers,,,,,,,,Podcast,
248511,gear-guides,Daru Jones Gear Breakdown,,,,,,,,,
248515,course,Intermediate Drum Fills,,,,,,,,Gigging Tips & Gear,
248517,quick-tips,A Reason To Master Your Rolls,,,,,,,,,
248522,performances,"The JDS Quartet - ""The Cha Cha""",,Rudiments,,,,,,Gigging Tips & Gear,
24893,course,Quickstart Guide To Recording The Drums,,,,,,,,,
24958,course,Developing Double Bass,,Setup & Tuning,,,,,,Gigging Tips & Gear,
24990,gear-guides,Re-Wrapping Your Drum Shells,,Setup & Tuning,,,,,,Gigging Tips & Gear,Other
250067,quick-tips,Dare To Be Different,,,,,,,,Podcast,
250072,gear-guides,Larnell Lewis Gear Breakdown,,Rudiments,,,,,,Practice Tips,
250079,quick-tips,8 Tips For Playing Electronic Drums,,,,,,,,Gigging Tips & Gear,
250194,podcasts,Drumeo GAB - Anika Nilles,,,,,,,,,
250195,podcasts,Drumeo GAB - Chris Coleman,,,,,,,,,
25022,gear-guides,Adam's Favorite Drumming Gadgets,,,,,,,,,
25024,challenges,Quintuplet Sticking Challenge,,Foot Technique,,,,Double Bass,,,
25059,course,Metal Chops,,Setup & Tuning,,,,,,Gigging Tips & Gear,
25082,challenges,40-Day Rudiment Challenge,,,,,,,,,
25104,challenges,Septuplet Sticking Challenge,,Hand Technique,Rudiments,,,,,,
25114,course,The Moeller Technique,,,,,,,,,
25142,gear-guides,Everything You Need To Know About Cymbals,,Hand Technique,Rudiments,Notation,Time Signatures,Fills & Chops,,,
25151,course,Building Creativity With Groupings,,,,,,,,,
252231,podcasts,Drumeo GAB - Horacio Hernandez,,,,,,,,,
25227,course,Basic Brush Technique,,Setup & Tuning,,,,,,Gigging Tips & Gear,
252405,quick-tips,A Guide To Playing Your First Gig,,,,,,,,,
252408,course,The First 5 Pages Of Stick Control,,,,,,,,Gigging Tips & Gear,
252409,podcasts,Drumeo GAB - Steve Smith,,,,,,,,,
25268,on-the-road,NAMM 2016 Recap,,,,,,Making Music,,,
25341,gear-guides,Everything You Need To Know About Snare Drums,,,,,,,,,
253417,quick-tips,30 Different Snare Sounds - No Tuning,,,,,,,,Gigging Tips & Gear,
253421,performances,"Oz Noy - ""Get Down""",,,,,,,,,
253422,podcasts,Drumeo GAB - Dom Famularo,,Dynamics,,,,,,,
253424,quick-tips,4 Tips To Learn Hard Songs Faster,,,,,,,,Podcast,
253433,performances,"Mathieu Fiset & The RoboJazz Band - ""Get The Groove Right""",,,,,,,,Gigging Tips & Gear,
253436,course,Playing The Beats You Hear In The Song,,,,,,,,,
253438,podcasts,Drumeo GAB - Aquiles Priester,,,,,,,,,
25384,course,Introduction To Brazilian Grooves,,,,,,,,,
254156,quick-tips,Developing A Smooth Right Hand,,,,,,Grooves,,Gigging Tips & Gear,
254160,boot-camps,Beginner's Ghost Note Boot Camp,,Dynamics,,,,,,,
254162,performances,"Mathieu Fiset & The RoboJazz Band - ""Blue Jacket""",Jazz/Blues,,,,,Grooves,Fills & Chops,,
254164,performances,The Dillinger Escape Plan Medley,Jazz/Blues,,,,,,,Performance,
254165,podcasts,Drumeo GAB - Harry Miree,Hard Rock/Metal,,,,,,,Performance,
254169,quick-tips,The Triplet Pataflafla,,,,,,,,Podcast,
254176,boot-camps,Beginner's Bass Drum Doubles Boot Camp,,,,,,Fills & Chops,,,
254178,performances,"Rashid Williams - ""Speak To Me""",,,,,,,,Other,
254180,course,Making The Paradiddle-diddle Rock,,,,,,Double Bass,,,
254181,podcasts,Drumeo GAB - Ghost-Note,,,,,,,,,
254183,gear-guides,Glen Sobel Gear Breakdown,,,,,,,,Podcast,
254194,performances,"Steely Dan - ""Black Cow""",,,,,,,,,
254195,course,The Grooves Of Death Cab For Cutie,Jazz/Blues,,,,,Independence,,,
254196,podcasts,Drumeo GAB - Tommy Igoe,Jazz/Blues,,,,,,,Performance,
25460,gear-guides,"Become ""One"" With Your Sampling Pad #1",,,,,,,,,
25464,course,Brush Rhythms For The Working Drummer,,,,,,,,,
25496,gear-guides,How To Create & Play Stackers,Latin/World,,,,,Grooves,,,
255002,quick-tips,17 Iconic Drum Fills,,Rudiments,,,,,,,
255003,quick-tips,3 Easy Fills That Sound Hard,,Rudiments,,,,Grooves,Fills & Chops,,
255004,gear-guides,Paiste 602 Reissue Demo,,,,,,,,Gigging Tips & Gear,
255005,quick-tips,The 5 Most Overused Drum Fills,,,,,,,,Podcast,
25588,course,Hi-Hat-Openings For Rock,,,,,,,,,
25600,course,Mastering Time And Groove Using a Metronome,,,,,,,,,
25637,course,Introduction To Odd Time Signatures,,,,,,,,,
256440,quick-tips,More Iconic Jazz Licks From Steve Lyman,,,,,,,,,
25651,course,Phrasing Your Sextuplet Fills,,,,,,Grooves,Independence,,
25684,gear-guides,"Become ""One"" With Your Sampling Pad #2",,,,,,,,,
257026,quick-tips,Dave & Jared Test Out Rhythm Games,,Dynamics,,,,,,,
25726,challenges,The Linear-Groove Challenge,,,,,,,,,
257364,boot-camps,Beginner's Jazz independence Boot Camp,,,,,,,,Podcast,
25761,challenges,Snare Solo Challenge #2,,,,,,Fills & Chops,,,
257697,gear-guides,Drumeo Instructors Show Their Practice Spaces,,,,,,,,Podcast,
257704,course,Alesis Nitro Mesh & Surge Definitive Gear Guide,Jazz/Blues,,,,,,,Performance,
257705,podcasts,Drumeo GAB - Casey Cooper,,,,,,,,,
257708,quick-tips,Anika's Most Important Tip For Drummers,Pop/Rock,,,,,Grooves,,,
257712,performances,Two Drummers Play Perfectly at the Same Time,,,,,,,,Podcast,
257714,course,Yamaha DTX-402 Series Kit Gear Guide,,,,,,,,Podcast,
257715,challenges,Paradiddle-diddle Turn-around Pyramid,,,,,,,,Practice Tips,
257716,podcasts,Drumeo GAB - Stephen Taylor,,,,,,,,,
25789,course,Percussive Orchestration Around The Kit,Hip-Hop/Rap/EDM,,,,,,Making Music,Performance,
258174,course,Linear Singles,,,,,,,,,
259056,podcasts,Drumeo GAB - Gregory Storey,,,,,,,,,
259058,gear-guides,Gregg Bissonette Gear Breakdown,,,,,,Fills & Chops,Grooves,,
259060,course,How To Use Drumeo,,,,,,,,Gigging Tips & Gear,
259067,performances,"Buddy Rich Big Band - ""Nutville""",,,,,,,,Other,
260144,podcasts,Drumeo GAB - Brian Frasier-Moore,,,,,,,,,
260148,gear-guides,Dorothea Taylor Gear Breakdown,,,,,,,,Gigging Tips & Gear,
261648,quick-tips,"The 5 Levels Of ""Smells Like Teen Spirit""",,,,,,Grooves,,Other,
261649,quick-tips,The Drum Groove That Infuenced Anika Nilles,,,,,,,,,
261650,course,Yamaha DTX502 Series Kit Gear Guide,,,,,,,,Other,
261651,in-rhythm,Jason McGerr,,,,,,Grooves,Fills & Chops,,
261652,podcasts,Drumeo GAB - Norbert Saemann,,,,,,,,,
261661,quick-tips,The Fastest Way To Make Drumming Progress,,,,,,,,Performance,
261662,performances,"Pete Lockett - ""Seven Gateways Of Time""",,,,,,,,Practice Tips,
261665,course,Roland TD17 Series Kit Gear Guide,,,,,,,,Performance,
261666,podcasts,Drumeo GAB - El Estepario Siberiano,,,,,,,,Gigging Tips & Gear,
261667,gear-guides,Gil Sharone Gear Breakdown,,,,,,,,,
261672,quick-tips,Dennis Chambers' Influences,,,,,,,,Other,
261675,performances,Xeno Bounce,,,,,,,,Other,
261677,podcasts,Drumeo GAB - Aaron Comess,Funk/Disco,,,,,,,Performance,
26207,course,Polyrhythmic Phrasing Over The Barline,,Timing,,Ear Training,,,,Practice Tips,
262253,solos,Brush Solo #1,,,,,,,,Gigging Tips & Gear,
262500,challenges,Shedding With Eric Moore,,,,,,,,,
262502,course,The Soul Hop Grooves Of Daru Jones,,,,,,,,Practice Tips,
262503,podcasts,Drumeo GAB - Matt Greiner,R&B/Soul,,,,,Grooves,,,
262699,gear-guides,"The 10,000 Rim Shot Challenge - Drumeo Vater Sticks",,,,,,,,Podcast,
262700,gear-guides,Testing $700 Of Drumsticks,,,,,,,,Gigging Tips & Gear,
26298,gear-guides,Setting Up And Tuning A New Kit,,,,,,,,,
26305,challenges,Sight Reading Challenge #3,,Setup & Tuning,,,,,,,
26309,gear-guides,Everything You Need To Know About Drum Heads,,,,,,,,,
263301,performances,"Revocation - ""Blood Atonement""",,,,,,,,Other,
263303,podcasts,Drumeo GAB - Andy Prado Jr.,Hard Rock/Metal,,,,,,,Performance,
263304,quick-tips,On-The-Job Essentials For Drummers,,,,,,,,,
263309,gear-guides,Harry Miree Gear Breakdown,,,,,,,,Podcast,
263311,course,Breaking The Rules Of Drum Tuning,,,,,,,,,
263312,podcasts,Drumeo GAB - Daru Jones,,Rudiments,,,,Grooves,Fills & Chops,,
26339,course,Refining Your Groove,,,,,,,,,
263826,quick-tips,The Ultimate Drumstick Durability Test,,,,,,,,,
263831,quick-tips,"What's Your Excuse? - ""Duality""",,,,,,,,Gigging Tips & Gear,
263838,performances,Tarron,,,,,,,,Other,
263840,course,Drumline Exercises For Better Stick Control,,,,,,,,,
263842,podcasts,Drumeo Gab - Greyson Nekrutman,,,,,,,,Gigging Tips & Gear,
263844,quick-tips,5 Proven Ways To Fix Your Doubles,,,,,,,,Podcast,
263847,quick-tips,Consistency For A Drummer,,Rudiments,Dynamics,,,,,Practice Tips,
263849,course,Glen's Linear Licks,,,,,,,,,
265401,performances,The 2020 Drumeo Festival Sneak Peek,,,,,,,,,
26600,course,The Grooves Of Chicago,,Hand Technique,,,,,,Practice Tips,
266246,podcasts,Drumeo GAB - Dylan Wissing,,,,,,Grooves,Fills & Chops,,
266254,performances,"Chris Fischer - ""Full Of It""",,,,,,,,,
266257,course,Yamaha EAD10 Definitive Gear Guide,Funk/Disco,,,,,,,Performance,
266258,podcasts,Drumeo GAB - Yoni Madar,,,,,,,,Gigging Tips & Gear,
26651,course,Fastest Way To Get Faster Pt. 1,,,,,,,,,
26666,course,Fastest Way To Get Faster Pt. 2,,,,,,,,,
26680,course,Fastest Way To Get Faster Pt. 3,,Dynamics,,Ear Training,,,,,
266929,quick-tips,What Are Tablas?,,,,,,,,,
266930,podcasts,Drumeo GAB - JT Bates,,,,,,,,Gigging Tips & Gear,
267491,quick-tips,World's Longest Drum Fill,,,,,,,,,
267499,quick-tips,Fine Tuning Your Double Bass With Note Spacing,Pop/Rock,,,,,Fills & Chops,,Performance,
267500,podcasts,Drumeo Gab - Maison Guidry,,,,,,Grooves,Fills & Chops,,
26757,course,Developing Single Pedal Control,R&B/Soul,,,Ear Training,,,Grooves,,
26873,challenges,Edgar's Kick-Butt Kick Challenge,,,,,,,,,
268818,quick-tips,Grooves That Make You Dance,,,,,,,,Podcast,
268824,course,A Beginner's Guide To Extreme Metal,,,,,,,,,
268825,podcasts,Drumeo GAB - Aric Improta,,,,,,,,,
26883,course,Funky Drumming,,,,,,,,,
269422,podcasts,Drumeo GAB - Chris Paprota,Hard Rock/Metal,,,,,Grooves,Fills & Chops,,
269427,quick-tips,5 Essential EDM Beats,,,,,,,,Podcast,
269432,performances,"Chris Fischer - ""Density Altitude""",,,,,,,,Gigging Tips & Gear,
269436,course,Making Music With Rudiments,,,,,,,,,
269444,performances,"Chris Fischer - ""Blaster Master""",,,,,,,,,
269446,podcasts,Drumeo Gab - Jeremy Taggart,,,,,,,,,
269917,quick-tips,5 Tips To Improve Your Drum Solos,,,,,,,,,
269918,gear-guides,Testing One Of The Oldest Electronic Drum-sets,,Rudiments,,,,Grooves,Fills & Chops,,
27048,challenges,30-Day Limbic Challenge,,,,,,,,,
27082,course,Creative Concepts With Diddles,,,,,,,,,
270973,gear-guides,JK DrumPlate Gear Guide,Hard Rock/Metal,,,,,Grooves,Double Bass,,
270975,podcasts,Drumeo GAB - Tony Royster Jr.,,,,,,,,,
271146,performances,"Snarky Puppy - ""What About Me""",,,,,,,,Gigging Tips & Gear,
271147,quick-tips,5 Iconic Double Bass Grooves,,,,,,,,,
271148,quick-tips,5 Styles Any Beginner Can Play,,,,,,,,Podcast,
271638,performances,"The Mark Kelso Jazz Project - ""A Message From Idris""",,,,,,,,Gigging Tips & Gear,
271652,course,Introducing Konokol Into Your Drumming Vocabulary,,,,,,,,,
271654,podcasts,Drumeo GAB - Greg Hersey,,,,,,,Making Music,,
271661,quick-tips,Larnell Lewis' Secret Hybrid Snare Drum,,,,,,,,Podcast,
271667,gear-guides,Sarah Thawer Gear Breakdown,,,,,,,,,
271668,podcasts,Drumeo GAB - Matt Bover,,,,,,,,Gigging Tips & Gear,Performance
27174,challenges,Practice With Aaron - Beginner Sticking Challenge,,,,,,,,,
27205,challenges,The Self-Review Challenge,,,,,,,,,
27243,challenges,Sight-Reading Challenge #4,,,,,,,,Practice Tips,
272456,quick-tips,How To Play Drums With One Arm,,,,,,,,Podcast,
272739,performances,"Michael Jackson - ""Thriller""",Jazz/Blues,,,,,,,Performance,
272744,course,Modern Uses For The Herta,,,,,,,,,
272745,podcasts,Drumeo GAB - Domino Santantonio,,,,,,,,,
27297,course,Afro Cuban Claves,Hard Rock/Metal,,,,,,Making Music,Performance,
273266,quick-tips,5 Double Bass Songs For Beginners,,Rudiments,,,,Fills & Chops,Grooves,,
273269,quick-tips,6 Reasons To Love Lars Ulrich,Hard Rock/Metal,,,,,Grooves,Double Bass,,
273277,podcasts,Drumeo GAB - Stanton Moore,,,,,,,,Other,
27373,gear-guides,Everything You Need To Know About Drumsticks,,,,,,,,Other,
27406,course,How To Practice Effectively,,,,Sight Reading,,,,,
274364,quick-tips,Larnell Lewis Reacts To Snarky Puppy Covers,Hard Rock/Metal,,,,,,,Performance,
274368,course,Electronic Multi-Pad Gear Guide,,,,,,,,Other,
274369,podcasts,Drumeo GAB - Jack Thomas,,,,,,,,,
274677,quick-tips,Breaking Down 5 Iconic Neil Peart Licks,,,,,,,,Podcast,
274682,quick-tips,The 20 Most Recognizable Drum Beats,,,,,,,,,
274688,performances,The (Super) Mario Medley,,,,,,Grooves,,,
274689,podcasts,Drumeo Gab - Patch Mahoney,,,,,,,,Other,
27511,course,6/8 Afro Cuban,,,,,,,,,
275276,quick-tips,Drumeo 2020 Christmas Special Announcement,Pop/Rock,,,,,Grooves,Fills & Chops,,
27596,gear-guides,Digital Drumming #1 - Triggering & Low Latency,Latin/World,,,,,Independence,Grooves,,
276234,performances,"Hot Music Factory - ""Sunday Morning""",,,,,,,,Podcast,
276241,podcasts,Drumeo GAB - Mike Dolbear,,,,,,,,,
276247,course,The Grooves Of Snarky Puppy,,,,,,,,Podcast,
27627,course,The 6 Elements Of Ghost Notes,,,,,,,,Other,
276886,podcasts,Drumeo GAB - Brody Simpson,,,,,,,,,
27734,gear-guides,Digital Drumming #2 - Your Own User Kits,Latin/World,,,,,Grooves,,,
27764,course,How To Hold Your Drumsticks,,Setup & Tuning,,,,,,,
27783,course,Mozambique,,,,,,,,,
27827,challenges,Upbeat-Groove Challenge,,,,,,,,Other,
27835,gear-guides,Everything You Need To Know About Drum Thrones,,,,,,,,,
278478,solos,Mark Kelso Solo,Jazz/Blues,,,,,Grooves,,,
278487,quick-tips,The Grooves Of Elvin Jones,,,,,,,,Performance,
278498,course,A Beginner's Guide To Double Bass,,,,,,,,,
27892,gear-guides,Everything You Need To Know About Cymbal Stands,Country/Folk,,,,,,Making Music,Performance,
27933,gear-guides,Review - Soundbrenner Pulse Metronome,Latin/World,,,,,Grooves,,,
27964,course,Mambo,,,,,,,,,
279803,performances,"The Police - ""Every Little Thing She Does Is Magic""",Jazz/Blues,,,,,Grooves,,,
280491,quick-tips,10 Tips To Level Up Your Worship Drumming,,,,,,,,,Practice Tips
280492,course,Improving Your Jazz Flow,,Timing,,,,,,,Practice Tips
280497,quick-tips,Domino Reacts To TikTok Videos,,,,,,,,,
280498,course,Roland TD-07 Gear Guide,,,,,,,,,Other
28051,gear-guides,Everything You Need To Know About Bass Drum Pedals,,,,,,,,,
28072,course,Advanced Coordination And Metric Modulation,,,,,,,,,
280989,gear-guides,Tuning Gadgets You've Always Wondered About,,,,,,Double Bass,Grooves,,
281001,quick-tips,Top 10 Pop Grooves of 2020,,,,,,,,,
28114,challenges,Intermediate Funk Dynamics Challenge,,Timing,,Time Signatures,,Independence,,,
28119,gear-guides,Drum Gear Q&A,,,,,,,,,
281193,coach-stream,Using Drumeo Play-Alongs,,,,,,,,,Other
281195,coach-stream,The Patafla-HUH?!,,,,,,Grooves,Fills & Chops,,Gigging Tips & Gear
281196,coach-stream,The Ultimate Drum Timing Challenge,,,,,,,,,
281198,coach-stream,Drum Soloing Tips & Tricks,,,,,,,,,Other
281199,coach-stream,Drum Tips From A Drum Tech,,,,,,,,,
281201,coach-stream,Drum Fills For Newbies,,,,,,,,,Gigging Tips & Gear
281202,coach-stream,Snare Drum Independence,Hard Rock/Metal,,,Notation,,Fills & Chops,,,
281204,coach-stream,Welcome To Aric Improta’s Coach Page,,,,,,,,,Other
281207,coach-stream,The Importance Of Creativity,,,,,,,,,Gigging Tips & Gear
281208,coach-stream,The Importance Of Creativity Part 2,Jazz/Blues,,,,,Grooves,Independence,,
281210,coach-stream,Taking Influence From Outside Of Your Field,,,,,,Independence,,,Practice Tips
281212,coach-stream,The Mindset Of Creativity,Latin/World,,,,,Grooves,,,
281213,coach-stream,Balancing Practice With Other Aspects Of The Job,Latin/World,,,,,Grooves,Fills & Chops,,
281214,coach-stream,Figuring Out Your Artistic Morals,,,,Ear Training,,,,,Gigging Tips & Gear
281215,coach-stream,Writing Solos / Drum Parts,,,,,,,,,Other
281217,coach-stream,Welcome To Sarah's Chamber Of Fun!,,,,,,,,,Other
281219,coach-stream,"Using The ""Taal""/""Tala Principles To Solo In Odd Meters",,Hand Technique,Rudiments,,,,,,
281220,coach-stream,"Originality, Time And Feel Behind The Kit",,Rudiments,,,,,,,
281221,coach-stream,Let's Hang And Talk!,,Rudiments,,,,,,,
281222,coach-stream,How To Be A Versatile And Working Drummer,,Rudiments,,,,Grooves,Fills & Chops,,
281223,coach-stream,MUST-KNOW Indian Grooves,,,,,,,,,
281224,coach-stream,PRACTICE WITH ME! Let's Shed Together :),,Rudiments,,,,,,,
281226,coach-stream,Chops Building!,,Rudiments,,,,Grooves,Fills & Chops,,
281228,coach-stream,Who Is This Dr. Throwdown. An Introduction,Hard Rock/Metal,,,,,Making Music,,,Practice Tips
281231,coach-stream,"Cinnamon Rolls, YUM!",,,,,,,,,Other
281232,coach-stream,The Rudiment Of The Millennials,,Dynamics,,,,,,,
281233,coach-stream,"I Don’t Care What You Call Me, Just Call Me",,,,,,Grooves,,,Other
281234,coach-stream,FLAM Tap Tap,,,,Time Signatures,,Grooves,,,
281235,coach-stream,"Last Week, Minus A Tap",,,,,,Grooves,Fills & Chops,,Gigging Tips & Gear
281236,coach-stream,Swiss Army Knife,,,,,,,,,Gigging Tips & Gear
281237,coach-stream,Cinnamon Rolls With Butter!,,,,,,Grooves,Fills & Chops,,Practice Tips
281241,coach-stream,Accents Should Have Impact!,,,,,,,,,Gigging Tips & Gear
281242,coach-stream,Maximum Playing On A Minimal Setup,,,,,,,,,Gigging Tips & Gear
281243,coach-stream,Play-Along Tracks & Tools: Why? Where? And How?,,Hand Technique,Rudiments,,,Independence,,,
281245,coach-stream,Who Needs A Bass Player? #inspectorbassgadget,,Rudiments,,,,Fills & Chops,,,
281246,coach-stream,How To Turn Second-Hand Gear Into A First-Class Purchase,,,,,,,,,
281247,coach-stream,Don't Give Your Back Too Much Of A Rest,,,,,,,,,Gigging Tips & Gear
281248,coach-stream,"Bass Drum Pedal ""Spring Break""",,,,,,,,,Other
281250,coach-stream,The Todd Sucherman Show #1 - Introduction To Concepts & Metric Modulation Solo,,,,,,,,,
281251,coach-stream,The Todd Sucherman Show #2 - The Keys To The Kingdom (And Some Hard Truths),,,,,,Making Music,,,Gigging Tips & Gear
281252,coach-stream,"The Todd Sucherman Show #3 - Doubles, Broken Doubles, And “Melody” Revealed",,,,,,,,,
281253,coach-stream,The Todd Sucherman Show #4 - Questions Answered (Old & New),,,,,,,,,Other
281254,coach-stream,"The Todd Sucherman Show #5 - Concept Solo, “Way Home”, & Questions Part 2",,,,,,,,,Gigging Tips & Gear
281255,coach-stream,The Todd Sucherman Show #6 - Tension & Release,,,,Sight Reading,,,,,
281256,coach-stream,"The Todd Sucherman Show #7 - Love & Fear, Adaptability & Flexibility",,,,,,,,,
281257,coach-stream,The Todd Sucherman Show #8 - Conjunction Junction (And Other Functions),,,,,,,,,Other
281263,coach-stream,My Favorite Rudiments!,,Foot Technique,,,,Independence,,,
281264,coach-stream,All About Brushwork,,,,,,Making Music,,,Gigging Tips & Gear
281265,coach-stream,The Gear I Use!,,,,,,,,,
281266,coach-stream,Singles And Doubles Skill Builders!,,,,,,,,,
281268,coach-stream,How To Build Chops,,,,,,,,,
281269,coach-stream,The Importance Of Different Styles,,,,,,,,,Gigging Tips & Gear
281270,coach-stream,Building Your Reading Skills,,,,,,,,,Other
281271,coach-stream,Welcome To My Coach Page!,,Rudiments,,,,,,,
281272,coach-stream,Learn My Drum Version Of Roses By SAINt JHN,,,,,,,,,
281273,coach-stream,Q&A With Domino,,,,,,,,,Other
281274,coach-stream,How To Make It On TikTok As A Drummer!,,,,,,Making Music,,,Gigging Tips & Gear
281275,coach-stream,My Studio Set-Up!,,,,,,Fills & Chops,,,
281276,coach-stream,Learn My Version Of Don’t Start Now By Dua Lipa,,,,,,Making Music,,,Gigging Tips & Gear
281277,coach-stream,Q&A With Domino,,,,,,,,Other,Gigging Tips & Gear
281278,coach-stream,How To Make It On Instagram As A Drummer!,,Rudiments,,,,,,,Practice Tips
281282,coach-stream,Drum Workout Session: Single Kick,,,,,,,,,Other
281283,coach-stream,Learning Songs With Larnell,,,,,,,,,Gigging Tips & Gear
281284,coach-stream,Let's Talk!,,,,,,Making Music,,,Gigging Tips & Gear
281285,coach-stream,Trade Secrets,,,,,,,,,Practice Tips
281286,coach-stream,Drum Workout Session: Fills And Drills,,,,,,,,,Other
281287,coach-stream,Learning Songs,,,,,,,,,Gigging Tips & Gear
281288,coach-stream,Shop Talk!,,,,,,,,,Practice Tips
281290,coach-stream,Welcome To My Coach Page,,,,,,,,,
281291,coach-stream,My Drum Gear,,,,,,Making Music,,,Gigging Tips & Gear
281292,coach-stream,How To Kill It On Instagram,,Timing,,,,,,,
281293,coach-stream,Building YOUR Identity,,Rudiments,,,,Grooves,Fills & Chops,,
281294,coach-stream,Practice At Home,,,,,,,,,
281295,coach-stream,Touring Clubs Vs. Stadiums,,,,,,,,,
281296,coach-stream,Importance Of Goals,,,,,,,,,
281299,coach-stream,Expand Your Knowledge,Latin/World,,,Time Signatures,,Grooves,,,
281300,coach-stream,All About Endorsements,,,,,,,,,Other
281302,coach-stream,Welcome To Kaz's Coach Page,,,,,,,,,Other
281303,coach-stream,Write A Song With Kaz - 1 - DRUM-E-O,,Rudiments,,,,,,,
281304,coach-stream,Perform The Song With Kaz - 1 - DRUM-E-O,,,,,,,,,Practice Tips
281305,coach-stream,The Gear I Use,,,,,,,,,
281306,coach-stream,Q&A & Practice With Kaz - 1,,,,,,,,,Gigging Tips & Gear
281307,coach-stream,Write A Song With Kaz - 2 - KAZMOSH,,,,,,Fills & Chops,,,
281308,coach-stream,Perform The Song With Kaz - 2 - KAZMOSH,,,,,,Independence,,,
281309,coach-stream,Q&A & Practice With Kaz - 2,,,,,,,,,Performance
281552,learning-path-course,Rudiments,,Rudiments,,,,,,,
281553,learning-path-lesson,11 Stroke Roll,,Rudiments,,,,Fills & Chops,Grooves,,
281558,learning-path-lesson,11 Stroke Roll Applications,,,,,,,,,
281571,learning-path-lesson,Single Ratamacue,,Rudiments,,,,Fills & Chops,Grooves,,
281576,learning-path-lesson,Single Ratamacue Applications,,,,Ear Training,,,,,
281581,learning-path-lesson,Herta,,Rudiments,,,,,,,
281586,learning-path-lesson,Herta Applications,,Rudiments,,,,Grooves,Fills & Chops,,
281597,learning-path-course,Technique,,Foot Technique,,,,Double Bass,,,
281598,learning-path-lesson,Moeller Development,,,,,,,,,
281602,learning-path-lesson,Technique Check-In,,,,,,Grooves,Fills & Chops,,
281606,learning-path-lesson,Inverted Doubles,,,,,,Independence,,,
281614,learning-path-lesson,The 10-Minute Daily Finger Control Challenge,,Hand Technique,,,,,,,
281618,learning-path-lesson,Heel-Toe Technique,,Foot Technique,,,,Grooves,Double Bass,,
281632,learning-path-lesson,Slide Technique,Hard Rock/Metal,,,,,Grooves,Double Bass,,
281641,learning-path-lesson,Intro To Double Bass,,,Foot Technique,,,Double Bass,,,
281643,learning-path-lesson,Double Bass Technique,Jazz/Blues,,,Time Signatures,,,,,
281648,learning-path-lesson,Double Bass Speed & Control,Pop/Rock,,,,,Independence,,,
281651,learning-path-course,Independence,,Foot Technique,,,,Independence,Double Bass,,
281652,learning-path-lesson,4/4 Swing,,,,,,,,,
281653,assignment,Practice Your 4/4 Swing Independence,,,,,,,,,
281665,learning-path-lesson,3/4 Swing,,,,,,,,,
281678,learning-path-lesson,Rock,Jazz/Blues,,,,,Independence,Grooves,,
281690,learning-path-lesson,Double Bass,Jazz/Blues,,,,,Independence,Grooves,,
281702,learning-path-course,Rhythm,,,,,,,,,
281703,learning-path-lesson,Hand-To-Foot Combinations,,Hand Technique,,,,,,,
281709,learning-path-lesson,Triplet Hand-To-Foot Combinations,,Foot Technique,,,,Double Bass,Fills & Chops,,
281716,learning-path-lesson,Playing Shots,,,,,,,,,
281728,learning-path-course,Styles,,Foot Technique,,,,,,,
281729,learning-path-lesson,Double Bass Beats,,Rudiments,,,,Grooves,Fills & Chops,,
281742,learning-path-lesson,Double Bass Fills,,,,,,,,,
281755,learning-path-lesson,Essential Blast Beats,Hard Rock/Metal,,,,,Grooves,,,
281762,learning-path-lesson,Punk Rock Beats,,Rudiments,,,,Grooves,Fills & Chops,,
281775,learning-path-lesson,Punk Rock Fills,,Foot Technique,,,,Grooves,Fills & Chops,,
281788,learning-path-course,Ears,,Dynamics,,Ear Training,,,,,
281789,learning-path-lesson,Simon Says - Ear Training,,,,,,Making Music,,,Gigging Tips & Gear
281791,learning-path-lesson,Time vs. Time Feel,,Hand Technique,Foot Technique,,,Independence,,,
281793,learning-path-lesson,Dynamic Awareness,,Timing,,Ear Training,,,,,
281795,learning-path-lesson,Trading 4s,Hard Rock/Metal,Foot Technique,,,,Double Bass,Fills & Chops,,
281797,learning-path-course,Music,,Foot Technique,,,,Double Bass,Making Music,,Gigging Tips & Gear
281798,learning-path-lesson,Double Bass Play-Along,Hard Rock/Metal,,,,,Making Music,,,Gigging Tips & Gear
281800,learning-path-lesson,Heavy-Metal Play-Along,,,,,,,,,
281802,learning-path-lesson,Punk Rock Play-Along,,Foot Technique,,,,Double Bass,Grooves,,
281882,quick-tips,10 Levels Of Linear Drumming,Pop/Rock,,,,,Grooves,,,
28208,gear-guides,Roland TD-50 Test Drive,,Foot Technique,,Time Signatures,,Grooves,,,
28233,course,Playing In Odd Time - 7/8,,,,,,,,,
28260,course,Playing In Odd Time - 7/4,,,,,,,,,
28332,gear-guides,Paiste Cymbal Comparison - Hi-Hats,,,,,,,,,
283669,course,Heavy Metal Drum Fills,,,,,,,,,Practice Tips
283670,course,The Modern Pop Drummer,,,,,,,,,
28370,course,Recycling What You Already Know,,,,,,,,Gigging Tips & Gear,
285547,course,The Definitive Istanbul Agop Cymbal Guide,,,,,,,,,Other
285548,performances,"The Power Of Pop Drumming - Dua Lipa's ""Don't Start Now""",,,,,,,,,Gigging Tips & Gear
285549,gear-guides,Unboxing The New Tama Starclassic Performer Kit,,,,,,,,,
285551,performances,"Southside Worship - ""Clean""",,,,,,,,,Other
285552,performances,"Southside Worship - ""Way Maker""",,,,,,,,,Other
285554,performances,"Rob Brown - ""Broadway Hustle""",,,,,,,,,
285556,quick-tips,Play To The Feel - A Clickless Play-Along,Hard Rock/Metal,,,,,Making Music,,,Gigging Tips & Gear
28570,course,The Funky Foot,,,,,,,,Gigging Tips & Gear,
285744,coach-stream,Q&A With Aric,,,,,,Fills & Chops,,,
285745,coach-stream,Q&A And Monthly Recap,,,,,,,,,Other
28627,on-the-road,NAMM 2017 Recap,,Timing,,Ear Training,,,,,
286271,learning-path-course,Rudiments,,,,,,,,,
286272,learning-path-lesson,Flamacue,,,,,,,,,
286277,learning-path-lesson,Flamacue Applications,,Rudiments,,,,Grooves,Fills & Chops,,
286281,learning-path-lesson,Single Flammed Mill,,,,,,,,,
286286,learning-path-lesson,Single Flammed Mill Applications,,Rudiments,,,,Grooves,Fills & Chops,,
286291,learning-path-lesson,Double Ratamacue,,Rudiments,,,,Grooves,Fills & Chops,,
286295,learning-path-lesson,Double Ratamacue Applications,,,,,,,,,
286299,learning-path-lesson,Flam Paradiddle-diddle,,Rudiments,,,,,,,
286304,learning-path-lesson,Flam Paradiddle-diddle Applications,,Rudiments,,,,Grooves,Fills & Chops,,
286308,learning-path-lesson,Pataflafla,,Rudiments,,,,,,,
286314,learning-path-lesson,Pataflafla Applications,Latin/World,,,,,Grooves,,,
286319,learning-path-lesson,Lesson 25,,Rudiments,,,,,,,
286325,learning-path-lesson,Lesson 25 Applications,Latin/World,,,,,Grooves,,,
286330,learning-path-lesson,Triple Ratamacue,,,,,,,,,
286335,learning-path-lesson,Triple Ratamacue Applications,,,,,,,,,
286341,learning-path-course,Technique,,Hand Technique,,,,,,,
286342,learning-path-lesson,Moeller Development,,Hand Technique,,,,,,,
286347,learning-path-lesson,Technique Check-In,,Hand Technique,,,,,,,Gigging Tips & Gear
286351,learning-path-lesson,Intro To Brushes,,,,,,,,,Gigging Tips & Gear
286353,learning-path-lesson,Brush Technique 101,,Hand Technique,,,,,,,Gigging Tips & Gear
286355,learning-path-lesson,Brush Technique 102,,,,,,Making Music,,,Gigging Tips & Gear
286358,learning-path-lesson,Rock - Interpreting Stickings,,,,,,,,,
286375,learning-path-lesson,Rock - Interpreting Rhythms,Latin/World,,,,,Independence,,,
286378,learning-path-lesson,Rock - Rhythmic Layering,,,,,,,,,
286385,learning-path-lesson,Intro To Samba,Latin/World,,,,,Independence,,,
286387,learning-path-lesson,Samba Grooves,,Rudiments,,,,Grooves,Fills & Chops,,
286396,learning-path-lesson,The Clave,,,,,,,,,
286406,learning-path-lesson,Intro To Mozambique,Jazz/Blues,,,,,Independence,,,Gigging Tips & Gear
286410,learning-path-lesson,Mozambique Grooves,,Rudiments,,,,Grooves,Fills & Chops,,
286419,learning-path-lesson,Brushes In Jazz,,Rudiments,,,,,,,
28703,course,Internal Synchronization,Funk/Disco,Foot Technique,,,,Grooves,,,
287601,quick-tips,21 Legendary Odd-Time Grooves,,,,,,Making Music,,,Practice Tips
287863,quick-tips,"5 Levels Of ""Chop Suey!""",,,,,,,,,Gigging Tips & Gear
287864,quick-tips,"Larnell Lewis Hears ""Enter Sandman"" For The First Time",,,,,,Making Music,,,
287865,quick-tips,Drum Chops For Beginners,,Foot Technique,,,,,,,Gigging Tips & Gear
28839,course,The Cha Cha,,,,,,,,,
288883,coach-stream,New Drum-Set Day!,,,,,,,,,Gigging Tips & Gear
28933,course,Developing Time With Your Hi Hat Foot,,,,,,,,,
289445,gear-guides,Compact Kit Shootout!,,,,,,,,Gigging Tips & Gear,Practice Tips
28994,gear-guides,"Review - ""RTOM Black Hole"" Silent Drum Heads",,,,,,,,,
28996,gear-guides,"Review - ""Zildjian L80 Low Volume"" Cymbals",,Foot Technique,,,,,,,
29047,course,Fine Tuning Your Foot Technique,Hip-Hop/Rap/EDM,,,,,,Making Music,Performance,
29090,boot-camps,A Foot Workout For Intermediates,,Dynamics,,,,,,Gigging Tips & Gear,
29094,gear-guides,"Review - ""Remo Silent Stroke"" Drum Heads",,Hand Technique,,,,,,Other,
29135,course,Hand Technique - The Motions Of Drumming,,Dynamics,,,,,,Gigging Tips & Gear,
292440,learning-path-course,Rudiments,,Rudiments,,,,,,,
292441,learning-path-lesson,Single Drag Tap,,Rudiments,,,,,,,
292447,learning-path-lesson,Single Drag Tap Applications,,,,,,,,,
292452,learning-path-lesson,Double Drag Tap,,Rudiments,,,,,,,
292458,learning-path-lesson,Double Drag Tap Applications,,,,Ear Training,,Independence,,,
292462,learning-path-lesson,Inverted Flam Tap,,,,,,,,,
292467,learning-path-lesson,Inverted Flam Tap Applications,,Rudiments,,,,Grooves,Fills & Chops,,
292468,learning-path-lesson,Flam Drag,,,,,,,,,
292473,learning-path-lesson,Flam Drag Applications,,Rudiments,,,,Grooves,Fills & Chops,,
292477,learning-path-lesson,Drag Paradiddle #1,,Rudiments,,,,,,,
292482,learning-path-lesson,Drag Paradiddle #1 Applications,Latin/World,,,,,Grooves,,,
292486,learning-path-lesson,Drag Paradiddle #2,,Rudiments,,,,,,,
292491,learning-path-lesson,Drag Paradiddle #2 Applications,,Rudiments,,,,Grooves,Fills & Chops,,
292495,learning-path-lesson,15 Stroke Roll,,Rudiments,,,,,,,
292499,learning-path-lesson,15 Stroke Roll Applications,,Rudiments,,,,Grooves,Fills & Chops,,
292503,learning-path-lesson,17 Stroke Roll,Latin/World,,,,,,,,
292507,learning-path-lesson,17 Stroke Roll Applications,,Rudiments,,,,Grooves,Fills & Chops,,
292511,learning-path-course,Technique,,Hand Technique,,,,,,,
292512,learning-path-lesson,Moeller Development,,,,,,,,,Other
292515,learning-path-lesson,Technique Check-In,,,,,,,,,
29252,gear-guides,Your Hybrid Beat Machine #1 - How To Trigger From Your Acoustic Kit,Latin/World,,,,,Grooves,Independence,,
292524,learning-path-course,Independence,Latin/World,Rudiments,,,,Independence,,,
292525,learning-path-lesson,Swing - Interpreting Rhythms,Jazz/Blues,Rudiments,,,,Independence,,,
292528,learning-path-lesson,Swing - Interpreting Stickings,Latin/World,,,,,Independence,,,
292542,learning-path-lesson,Brushes - Interpreting Rhythms,Latin/World,Rudiments,,,,Independence,,,
292545,learning-path-lesson,Samba - Interpreting Stickings,Jazz/Blues,Rudiments,,,,Independence,,,
292561,learning-path-lesson,Tumbao - Interpreting Stickings,Latin/World,,,,,Independence,,,
292577,learning-path-course,Styles,,,,,,,,,
292578,learning-path-lesson,Intro To Mambo,,,,,,,,,
292580,learning-path-lesson,Mambo Grooves,,Rudiments,,,,Grooves,,,
292589,learning-path-lesson,Intro To Songo,Latin/World,,,,,Independence,,,
292591,learning-path-lesson,Songo Grooves,,Rudiments,,,,Grooves,,,
292600,learning-path-lesson,Intro To Nanigo,,,,,,Making Music,,,Gigging Tips & Gear
292601,learning-path-lesson,Nanigo Grooves,Latin/World,,,,,Grooves,,,
29261,course,Songo,,,,,,,,,
292610,learning-path-course,Ears,,,,Ear Training,,,,,
292611,learning-path-lesson,Simon Says - Ear Training,,,,Ear Training,,Making Music,,,Gigging Tips & Gear
292613,learning-path-lesson,Comping & Melody 102,,,,,,,,,
292616,learning-path-lesson,Background & Foreground Drumming,,,,,,,,,
292617,learning-path-course,Soloing,,,,,,,,,
292618,learning-path-lesson,Intro To Soloing,,,,,,Making Music,,,
292619,learning-path-lesson,Creating An Effective Solo,,,,,,,,,
292621,learning-path-lesson,Soloing Over A Vamp,,Rudiments,,,,,,,
292622,learning-path-course,Music,,,,,,,,,
292623,learning-path-lesson,Mambo Play-Along,,,,,,Making Music,,,Gigging Tips & Gear
292625,learning-path-lesson,Songo Play-Along,,,,,,Making Music,,,Gigging Tips & Gear
292627,learning-path-lesson,Nanigo Play-Along,,,,,,Making Music,,,
292723,coach-stream,Exploring Genres,,,,,,,,,
292724,coach-stream,Contracts & Visas,,,,,,,,,Other
292725,coach-stream,Digital & Physical Drummer,,,,,,,,,Other
292726,coach-stream,What Musical Directors Look For,,,,,,,,,Podcast
292727,coach-stream,Watching Other Drummers,,,,,,,,,Podcast
292728,coach-stream,Creating A Drum Cover,,,,,,,,,Podcast
292729,coach-stream,Creating A Drum Cover Part 2,,,,,,,,,Practice Tips
292730,coach-stream,Beginner Roadmap: Creating Your Journey,,,,,,,,Practice Tips,Podcast
292731,coach-stream,Making Money On YouTube,,Rudiments,,,,Grooves,,,Practice Tips
292733,coach-stream,How To Practice!,,,,,,,,,
292734,coach-stream,Accents And Inner Beat Stickings,,,,,,Making Music,,,Gigging Tips & Gear
292735,coach-stream,Exploring Different Grips and Strokes,,,,,,,,,
292736,coach-stream,Ask Me Anything (General Q&A),,,,,,,,,Other
292737,coach-stream,Expanding Paradiddles Even Further,,,,,,,,,
292738,coach-stream,Developing Stick Control,,,,Ear Training,,Making Music,,,Gigging Tips & Gear
292739,coach-stream,Easy Fills,,,,,,,,,Gigging Tips & Gear
292740,coach-stream,Ask Me Anything (General Q&A),,,,,,,,,Other
292741,coach-stream,Triplets And How To Use Them,,,,,,,,Practice Tips,Gigging Tips & Gear
292742,coach-stream,Hand Drumming 101,,,,,,,,,
292743,coach-stream,Developing Stick Control 2 - Adding Independence,,,,,,,,,
292744,coach-stream,Ask Me Anything (General Q&A),,,,,,Fills & Chops,,,
292745,coach-stream,Developing Brushwork,,,,,,,,,
292746,coach-stream,Flams As Fills,,,,,,,,,
292747,coach-stream,How To Shuffle Like A Boss!,,,,Ear Training,,Making Music,,,Gigging Tips & Gear
292748,coach-stream,Samba! Independence Practice With Dorothea,,,,Ear Training,,Making Music,,,Gigging Tips & Gear
292751,coach-stream,How To Find Creative Drum Parts For A Song!,,,,,,,,,
292752,coach-stream,Learn My Version Of “Levitating” By Dua Lipa Ft. DaBaby,,,,,,Fills & Chops,,,
292753,coach-stream,Your Q&A With Domino!,,,,,,,,,Other
292754,coach-stream,How To Make It As A Drummer On YouTube!,,,,,,Making Music,,,Gigging Tips & Gear
292755,coach-stream,How To Incorporate The Hi-Hat In Your Playing!,,,,,,,,,
292756,coach-stream,Learn My Version Of “My Ex’s Best Friend” By Machine Gun Kelly,,,,,,Making Music,,,Gigging Tips & Gear
292757,coach-stream,Your Q&A With Domino!,,Foot Technique,,,,Independence,,,
292758,coach-stream,How To Be Prepared For Live Shows!,,,,,,,,,Gigging Tips & Gear
292762,coach-stream,Your Q&A With Schack,,,,,,,,,Other
292763,coach-stream,The Best 40 Minutes Of The Day,,Hand Technique,,,,,,,Practice Tips
292764,coach-stream,Play Beats For Speed,,,,Notation,,,,Other,Gigging Tips & Gear
292765,coach-stream,Rosanna On Steroids,,Rudiments,,,,Grooves,Fills & Chops,,
292766,coach-stream,Your Q&A With Schack,,Hand Technique,,,,,,,Gigging Tips & Gear
292767,coach-stream,Who's Afraid Of 138 BPM?,,,,,,,,Practice Tips,Other
292768,coach-stream,Don't Let The Blues Fool You,,Rudiments,,,,,,Gigging Tips & Gear,Other
292769,coach-stream,Fix Your Tempo!,,,,,,,,,
292770,coach-stream,Questions? Aim Well & Shoot!,,,,,,,,Gigging Tips & Gear,Other
292771,coach-stream,"Good Sound, Better Practice",,Rudiments,,,,Independence,,,
292772,coach-stream,"Vivaldi? Yes, Vivaldi!",,,,,,,,,
292773,coach-stream,Cleaning Your Cymbals Doesn't Clean Up Your Drumming,,,,,,,,,Other
292777,coach-stream,Half-Time Shuffle Frustrations,,,,,,,,,Performance
292778,coach-stream,The Todd Sucherman Show #9 - Tuning Up Your Vibe (A Reboot In Thinking),,,,,,Making Music,,,Gigging Tips & Gear
292780,coach-stream,The Todd Sucherman Show #10 - Question Catch Up & The Quake Cam Medley,,,,,,,,,Gigging Tips & Gear
292781,coach-stream,The Todd Sucherman Show #11 - The Two-Note Melody Notion,,,,,,,,,
292782,coach-stream,The Todd Sucherman Show #12 - Finding Light In The Darkness,,,,,,,,,Other
292783,coach-stream,The Todd Sucherman Show #13 - The Secret To Ride Cymbal Speed,,,,,,Grooves,,,
292784,coach-stream,The Todd Sucherman Show #14 - Be Curious (And The Cantaloupe Monstrosity),,,,,,,,,
292785,coach-stream,The Todd Sucherman Show #15 - The Incredible Paradiddle-Diddle,,,,,,,,,
292786,coach-stream,The Todd Sucherman Show #16 - More Diddles & Straight Down The Line,,Rudiments,,Notation,,Grooves,Fills & Chops,,
292787,coach-stream,The Todd Sucherman Show #17 - My Bird Performs - Revealed (And More),,,,,,,,,Other
292789,coach-stream,The Todd Sucherman Show #19 - 10 Things That Require Zero Talent,,Rudiments,,,,,,,Other
292790,coach-stream,The Todd Sucherman Show #20 - Shank-Tip Time!,,,,,,,,,Other
292792,coach-stream,Limiting Your Options To Improve Drum-Set Creativity,,,,,,,,,
292794,coach-stream,I Taught This WRONG In Past Lessons,Pop/Rock,,,,,Grooves,Fills & Chops,,
292796,coach-stream,Heel-Toe Bass Drum Techniques,,,,,,,,,
292797,coach-stream,Single Paradiddle Madness,,,,,,,,,
292799,coach-stream,How To Not Sound Like a Beginner Drummer,,,,,,,,,
292801,coach-stream,My Top 10 Drum Grooves,,,,,,,,,
292804,coach-stream,How To Listen? The Art Of Listening,,Rudiments,Timing,,,,,,
292805,coach-stream,QUESTION TIME! Ask Me Anything!,,Rudiments,,,,,,,
292806,coach-stream,Building Linear Chops,,Rudiments,Hand Technique,,,,,,
292807,coach-stream,"Let's Work On That ""Weaker""  Hand!",,Rudiments,,,,,,,
292808,coach-stream,Soloing Over Ostinatos & Developing Independence,,,,,,,,,
292809,coach-stream,3-Way Coordination,,Rudiments,,,,,,,
292810,coach-stream,4-Way Coordination,,,,,,,,,
292811,coach-stream,QUESTION TIME! Ask Me Anything!,,Rudiments,,,,,,,
292813,coach-stream,"Space, The Final Frontier",,,,,,Fills & Chops,,,
292814,coach-stream,Life On Mars,,,,,,,,,Other
292815,coach-stream,"Here Boy, Roll Over!",,,,,,,,,Practice Tips
292816,coach-stream,Tres Campanetos,,,,,,Grooves,,,
292817,coach-stream,I Love A Good Book!,,Setup & Tuning,,,,,,,Gigging Tips & Gear
292818,coach-stream,Rudimental Solo #1,,Hand Technique,Timing,Ear Training,,,,,
292819,coach-stream,Don’t Underestimate Me!,,,,,,,,,Gigging Tips & Gear
292820,coach-stream,Plain Ole Cheese,,,,,,,,,Other
292823,coach-stream,Write A Song With Kaz - 3 - 4 FLOOR,,,,,,,,,Other
292825,coach-stream,Write A Song With Kaz - 4 - FUNKAY,,,,,,,,,Podcast
292826,coach-stream,Write A Song With Kaz - 5 - METAL,Hard Rock/Metal,Hand Technique,Foot Technique,,,Grooves,Fills & Chops,,
292827,coach-stream,Kaz Writes A 6/8 Ballad – Intro & Verse,,,,,,,,,Practice Tips
292828,coach-stream,Perform The Song With Kaz - 3 - 4 FLOOR,,,,,,,,Practice Tips,Podcast
292829,coach-stream,Perform The Song With Kaz - 4 - FUNKAY,,,,,,,,,Gigging Tips & Gear
292830,coach-stream,Perform The Song With Kaz - 5 - METAL,,,,,,,,,Performance
292831,coach-stream,Kaz Writes A 6/8 Ballad – Chorus & Outro,,,,,,,,,Performance
292832,coach-stream,Q&A & Practice With Kaz - 3,,,,,,,,Gigging Tips & Gear,Podcast
292833,coach-stream,Q&A & Practice With Kaz - 4,Jazz/Blues,,,,,,,,Performance
292834,coach-stream,Q&A & Practice With Kaz,,Foot Technique,,,,Double Bass,,,
292835,coach-stream,Choosing The Right Grooves For The Song,,,,,,Independence,,,
293038,coach-stream,Active Listening,,,,,,,,,Other
293039,coach-stream,Learning Songs,,,,,,,,,Other
293040,coach-stream,Drum Workout Session: Fills And Drills,,,,,,,,Practice Tips,Gigging Tips & Gear
293041,coach-stream,Let's Talk!,,,,,,,,,Other
293042,coach-stream,Trading?! What's That?,,,,,,,,,Other
293043,coach-stream,Active Listening,,,,,,,,,Other
293045,coach-stream,Learn A Song With Larnell,,,,,,,,,Practice Tips
293046,coach-stream,Drum Workout Session: Single Kick,,,,,,Making Music,,,Gigging Tips & Gear
293047,coach-stream,Larnell's Drumming Secrets,,,,,,,,,
29323,course,Popular Blast Beats,,Setup & Tuning,,,,,,Other,
29368,gear-guides,Everything You Need To Know About Hi-Hat Stands,,,,,,,,,
29414,gear-guides,Your Hybrid Beat Machine #2 - Adding A Laptop To Your Set-up,,,,Time Signatures,,Grooves,,,
29418,gear-guides,Bass Drum Beater Beat Off,,,,,,,,,
29431,course,Playing In Odd Time - 5/4,,,,,,,,,
29449,course,Playing In Odd Time - 5/8,,,,,,,,,
295085,coach-stream,Rudimental Solo #2,,,,,,,,,Other
295089,podcasts,Effective Practicing For Musicians - Part #1 (With Benny Greb),,,,,,Making Music,,,Gigging Tips & Gear
295090,podcasts,5 Unique Snare Drums - Part #1 (With Todd Sucherman),,,,,,,,,
295091,podcasts,Metronome Madness! (With DJ Johnson),,Timing,,,,Grooves,Making Music,,
295177,course,Ultra Compact Drum-set Gear Guide,,,,,,,,,Practice Tips
295178,podcasts,The Drummer's Mental Health Episode (With Steven Wolf),,,,,,,,,
295179,podcasts,Effective Practicing For Musicians - Part #2 (With Benny Greb),,,,,,,,,Other
295180,podcasts,Drummer Skills List - Part #1 (With Larnell Lewis),,,,,,Making Music,,,Gigging Tips & Gear
295181,podcasts,"Creating My Record ""The Check In"" (With Jost Nickel)",,,,,,Making Music,,,Gigging Tips & Gear
295182,performances,"Mark Kelso Jazz Project - ""Ghost""",,,,,,,,,
295184,solos,Larnell Lewis - From A Whisper To A Roar,,,,,,,,,
295185,course,Mastering Blast Beats,,,,,,,,,
295418,coach-stream,The Value Of Limitation,,,,,,Independence,,,Practice Tips
295419,coach-stream,The Difference Between Music Now And Then,,,,,,Independence,,,
295420,coach-stream,Music As A Language,,,,,,Independence,,,
295421,coach-stream,Recognizing Your Advantages,Hard Rock/Metal,,,,,,,,Performance
295422,coach-stream,Q&A And Monthly Recap,,,,,,,,,Other
29570,course,Getting Started With The P4 Practice Pad,,,,,,,,Gigging Tips & Gear,
295756,quick-tips,Here's What 9 Years Of Drumming Progress Looks Like,,Rudiments,,,,Grooves,Fills & Chops,,Practice Tips
295757,challenges,Drum Pad Practice Outdoors In The Canadian North,,,,,,,,,
295767,quick-tips,Play Drums Like Phil Rudd Of AC/DC,,Hand Technique,,,,,,,
29638,course,Open Handed Drumming,,,,,,,,,
296693,learning-path-course,Theory,,Hand Technique,,Notation,Time Signatures,Grooves,Fills & Chops,,
296694,learning-path-lesson,Odd Time - 16th Note Meters,,Rudiments,,Notation,,,,,
296704,learning-path-lesson,Half Note Triplets,,,,Notation,,,,,
296710,learning-path-lesson,Quintuplets,,,,Time Signatures,,,,,
296727,learning-path-lesson,Septuplets,,,,,,,,,Other
296746,learning-path-lesson,The Complete Note Value Tree,,,,Time Signatures,,,,,
296750,learning-path-course,Rhythm,Jazz/Blues,,,,,Making Music,,,Gigging Tips & Gear
296751,learning-path-lesson,Intro To Polyrhythms & Polymeters,Hard Rock/Metal,,,,,Making Music,,,
296753,learning-path-lesson,Your First Polyrhythms - 3:2,Hard Rock/Metal,,,,,Making Music,,,
296758,learning-path-lesson,Your First Polyrhythms - 4:3,,,,Time Signatures,,,,,
296762,learning-path-lesson,Your First Polyrhythms - 5:4,,,,Time Signatures,,Grooves,,,
296766,learning-path-lesson,Polyrhythmic Beats,,,,,,,,,
296773,learning-path-lesson,Polyrhythmic Fills,Latin/World,,,,,Independence,,,
296780,learning-path-lesson,Your First Polymeters - 3/4,,,,Time Signatures,,Grooves,,,
296785,learning-path-lesson,Your First Polymeters - 5/4,,,,Time Signatures,,Fills & Chops,,,
296790,learning-path-lesson,Metric Modulation - Related Tempo,,,,Time Signatures,,Grooves,,,
296797,learning-path-lesson,Implied Metric Modulation,,,,Time Signatures,,Grooves,,,
296805,learning-path-lesson,Advanced Odd Time Beats,,,,,,,,,
296825,learning-path-lesson,Quintuplet Grooves & Fills,,,,Time Signatures,,Grooves,,,
296847,learning-path-lesson,Septuplet Grooves & Fills,,,,Time Signatures,,Grooves,,,
296870,learning-path-lesson,Advanced Afro-Cuban Grooves,,,,Notation,,Grooves,Fills & Chops,,
296884,learning-path-lesson,Latin Jazz,,,,Notation,Time Signatures,,,,
296887,learning-path-lesson,The Space Between The Notes,,,,Notation,,Grooves,Fills & Chops,,
296889,learning-path-lesson,Up-Tempo Swing,,,,,,,,,
296896,learning-path-course,Independence,,,,Time Signatures,,Independence,,,
296897,learning-path-lesson,Samba - Interpreting Rhythms,Jazz/Blues,,,,,Independence,,,
296900,learning-path-lesson,Rumba Clave - Interpreting Stickings,,,,,,Making Music,,,Gigging Tips & Gear
296914,learning-path-lesson,Unlocking Your Creativity In Swing,,,,Notation,Time Signatures,Grooves,Fills & Chops,,
296929,learning-path-lesson,Melodic Ostinatos,Latin/World,,,,,Independence,Grooves,,
29693,challenges,Herta Flam Challenge,,,,,,,,,
296936,learning-path-course,Soloing,,,,,,,,,
296937,learning-path-lesson,Soloing Over An Ostinato,,,,,,Making Music,,,Gigging Tips & Gear
296939,learning-path-lesson,Open Soloing,Jazz/Blues,,,Sight Reading,,Making Music,,,Gigging Tips & Gear
296941,learning-path-lesson,Soloing In Jazz,,,,,,Making Music,,,Gigging Tips & Gear
296943,learning-path-lesson,Trading In Jazz,Latin/World,,,,,Independence,,,
296946,learning-path-lesson,Trading Challenge,,,,Notation,,Grooves,Fills & Chops,,
296948,learning-path-course,Music,,,,,,,,,
296949,learning-path-lesson,Advanced Rock Play-Along,,,,,,Making Music,,,
296951,learning-path-lesson,Progressive Rock Play-Along,,,,,,Making Music,,,Gigging Tips & Gear
296953,learning-path-lesson,Latin Jazz Play-Along,,,,,,Making Music,,,Gigging Tips & Gear
296955,learning-path-lesson,Big Band Jazz Play-Along,,,,,,Independence,,,
296957,learning-path-course,Next Steps,,,,,,,,,Other
296958,learning-path-lesson,Next Steps,,,,Notation,,Grooves,Fills & Chops,,
296960,learning-path-lesson,Where To Go Next With Drumeo,Latin/World,,,,,Grooves,,,
296962,learning-path-lesson,Conclusion,,,,,,,,,
29718,course,Exploring The Hi-Hats,,,,,,,,,
297574,quick-tips,The DrumeoAIR Drum-set Product Launch,,,,,,,,,
29774,gear-guides,Your Hybrid Beat Machine #3 - Adding Pads To Your Set-up,Latin/World,,,,,,Grooves,,
29821,course,De-Mystifying Indian Rhythms For Drumset,,,,,,,,,
298228,podcasts,The Legendary Billy Cobham,,,,,,Making Music,,,Gigging Tips & Gear
298229,course,Yamaha DTX6 Gear Guide,,Rudiments,,,,Grooves,Fills & Chops,,
298232,podcasts,Effective Practicing For Musicians - Part #3 (With Benny Greb),,,,,,,,,
298234,course,Simmons SD1200 Gear Guide,,,,Time Signatures,,Making Music,,,Gigging Tips & Gear
298339,challenges,The Ultimate Timing Challenge,,,,,,,,,Other
29841,course,Conga,,,,,,,,,
29892,course,An Introduction To Swiss Rudiments,,,,,,,,Gigging Tips & Gear,
29907,course,A Rhythmic Twist,,Setup & Tuning,,,,,,,
299219,quick-tips,Dave & Jared Get Roasted,,,,,,,,,
299221,performances,We Made Jared Play Gojira,,,,,,,,,Performance
299813,pack-bundle,The Drum Setup System,,Setup & Tuning,,,,,,,Gigging Tips & Gear
299814,pack-bundle-lesson,Welcome,,Setup & Tuning,,,,,,,Gigging Tips & Gear
299815,pack-bundle-lesson,Introduction,,Setup & Tuning,,,,,,,Gigging Tips & Gear
299816,pack-bundle-lesson,Your Drum Throne,,Setup & Tuning,,,,,,,Gigging Tips & Gear
299818,pack-bundle-lesson,Your Kick Drum & Kick Pedal,,Setup & Tuning,,,,,,,Gigging Tips & Gear
299820,pack-bundle-lesson,Your Hi-Hat Stand,,Setup & Tuning,,,,,,,Gigging Tips & Gear
299822,pack-bundle-lesson,Your Snare Drum,,Setup & Tuning,,,,,,,Gigging Tips & Gear
299824,pack-bundle-lesson,Setting Up The Toms,,Setup & Tuning,,,,,,,Gigging Tips & Gear
299826,pack-bundle-lesson,Your Ride Cymbal,,Setup & Tuning,,,,,,,Gigging Tips & Gear
299828,pack-bundle-lesson,Your Crash Cymbals,,Setup & Tuning,,,,,,,Gigging Tips & Gear
299831,pack-bundle-lesson,Introduction,,Setup & Tuning,,,,,,,Gigging Tips & Gear
299832,pack-bundle-lesson,Tuning The Snare Drum,,Setup & Tuning,,,,,,,Gigging Tips & Gear
299834,pack-bundle-lesson,Tuning Your Toms,,Dynamics,,,,,,,
299836,pack-bundle-lesson,Tuning Your Bass Drum,,Setup & Tuning,,,,,,,Gigging Tips & Gear
299839,pack-bundle-lesson,Introduction,,Timing,,,,,,,Gigging Tips & Gear
299840,pack-bundle-lesson,Reading Drum Notation,,,,Notation,,,,,
299842,pack-bundle-lesson,The Metronome,,,,,,,,,Podcast
299844,pack-bundle-lesson,Note Values,,,,,,Grooves,,,
299857,pack-bundle-lesson,Introduction,,Hand Technique,,,,Independence,,,Practice Tips
299858,pack-bundle-lesson,Holding The Drumsticks,,Hand Technique,Dynamics,,,Independence,,,Practice Tips
299860,pack-bundle-lesson,Rebound,,Hand Technique,Dynamics,,,Independence,,,Practice Tips
299862,pack-bundle-lesson,Accents,,Hand Technique,,,,Independence,,,Practice Tips
299864,pack-bundle-lesson,Ghost Notes,,,,,,,,,
299871,pack-bundle-lesson,Rim Shots,,,,Notation,,,,,Gigging Tips & Gear
299873,pack-bundle-lesson,Cross-Sticking,,Hand Technique,,,,Independence,,,Practice Tips
299875,pack-bundle-lesson,Open & Closed Hi-Hats,,,,,,,,,
299877,pack-bundle-lesson,Cymbal Crashes & Chokes,,Foot Technique,,,,Independence,,,Practice Tips
299879,pack-bundle-lesson,Bass Drum Technique,,Hand Technique,,,,Independence,,,Practice Tips
299881,pack-bundle-lesson,Dynamics,,,,Ear Training,,,,,Gigging Tips & Gear
299884,pack-bundle-lesson,Introduction,,,,,,,,,Gigging Tips & Gear
299885,pack-bundle-lesson,Quarter Note Beats,,,,,,,,,Gigging Tips & Gear
29989,course,Dissecting Drum And Bass,,,,,,,,,
299897,pack-bundle-lesson,8th Note Beats,,,,,,Grooves,,,
299909,pack-bundle-lesson,16th Note Beats,,,,Notation,,Grooves,,,
299921,pack-bundle-lesson,8th Note Triplet Beats,,,,Notation,,Grooves,,,
299934,pack-bundle-lesson,Introduction,,,,,,,,,
299935,pack-bundle-lesson,Quarter Note Fills,,Setup & Tuning,,,,,,,Gigging Tips & Gear
299947,pack-bundle-lesson,8th Note Fills,,,,Notation,,Fills & Chops,,,
299959,pack-bundle-lesson,16th Note Fills,,,,,,Fills & Chops,,,
299971,pack-bundle-lesson,8th Note Triplet Fills,,,,Notation,,Fills & Chops,,,
299984,pack-bundle-lesson,Introduction,,Hand Technique,,,,,,,Gigging Tips & Gear
299985,pack-bundle-lesson,Single Stroke Roll,,Rudiments,,,,Grooves,Fills & Chops,,
299992,pack-bundle-lesson,Double Stroke Roll,,Rudiments,,,,Grooves,Fills & Chops,,
299999,pack-bundle-lesson,Single Paradiddle,,Rudiments,Hand Technique,,,Grooves,Fills & Chops,,
300006,pack-bundle-lesson,Double Paradiddle,,Rudiments,Hand Technique,,,Grooves,Fills & Chops,,
300012,pack-bundle-lesson,Triple Paradiddle,,Rudiments,,,,Grooves,Fills & Chops,,
300017,pack-bundle-lesson,Flam,,Foot Technique,,,,Independence,,,Practice Tips
300024,pack-bundle-lesson,Introduction,,,,,,Making Music,,,Gigging Tips & Gear
300025,pack-bundle-lesson,Step 1 - Listen,,,,Notation,,Fills & Chops,,,
300027,pack-bundle-lesson,Step 2 - Creating Parts,,,,Notation,,Fills & Chops,,,
300029,pack-bundle-lesson,Step 3 - Fine Tuning,,,,Ear Training,,,,,Gigging Tips & Gear
300031,pack-bundle-lesson,Step 4 - Recording,,,,,,Making Music,,,Gigging Tips & Gear
300033,pack-bundle-lesson,Step 5 - Final Take,,Setup & Tuning,,Ear Training,,,,,Gigging Tips & Gear
300036,pack-bundle-lesson,The Practice Routine Generator,,,,Notation,,Grooves,,,
301031,performances,"Jost Nickel - ""The Check In""",,,,,,,,,
301035,quick-tips,Fix Your Matched Grip,,,,,,,,,
301037,quick-tips,Fix Your Traditional Grip,,,,,,,,,Practice Tips
301038,podcasts,Never Give Up - Part #1 (With Pocket Queen),,,,,,,,,
301061,coach-stream,Beginner Double Bass Development,,,,,,,,,
301062,coach-stream,How To Develop A Drumming Practice Routine,,,,,,,,,Practice Tips
301063,coach-stream,Drum Fills That Are Palpable,,,,,,,,,
301064,coach-stream,Left Foot Independence,,,,,,Fills & Chops,,,Other
301065,coach-stream,Sound Like Two Drummers Playing At The Same Time,,,,,,,,,Performance
301066,coach-stream,Weak-Hand Workout,,,,,,,,,Other
301067,coach-stream,Experimenting With Unique Drumsticks,,,,,,Fills & Chops,,,Practice Tips
301068,coach-stream,Does Snare Shell Type Actually Make A Difference?,,,,,,,,,Gigging Tips & Gear
301069,coach-stream,10 Ways To Make Money Playing Drums,,,,,,,,,
301070,coach-stream,Can You Tell The Difference Between These Snare Drum Heads?,,,,,,,,,
301119,coach-stream,Practice Pad Warm-up,,,,Ear Training,,,,,Gigging Tips & Gear
301120,coach-stream,How To Write Creative Drum Parts,,,,,,,,,Podcast
301121,coach-stream,Q&A With Matt McGuire!,,,,,,,,,Podcast
301122,coach-stream,The World Of Drum Triggers,,,,,,,,,Performance
301123,coach-stream,Importance Of Trial & Error,,,,,,,,,Podcast
301124,coach-stream,"Breaking Down My ""Good 4 U"" Drum Cover (NEW!)",,,,,,,,,Performance
301127,coach-stream,"Breaking Down ""Positions"" by Ariana Grande",Pop/Rock,,,,,,,,Performance
301128,coach-stream,The Complete Guide To Drum Mics,,,,,,,,,Podcast
301141,coach-stream,Samba & Bossa Nova For The Working Drummer,,Foot Technique,,,,Independence,,,
301142,coach-stream,A Rudimental Q&A – Ask Dorothea Anything!,,,,,,,,,Gigging Tips & Gear
301143,coach-stream,Grooves & Fills + Flams!,,,,,,,,,
301144,coach-stream,The Magic Of Linear Drumming,,,,,,,,,
301146,coach-stream,"Well, This Is A Drag!",Pop/Rock,,,,,Grooves,,,
301147,coach-stream,Ask Me Anything – Q&A With Dorothea!,,,,,,,,,Other
301149,coach-stream,6 Note Combos,,,,,,,,,Performance
301150,coach-stream,Turning Rudiments Into Grooves,,,,,,,,,Gigging Tips & Gear
301219,quick-tips,Introducing The New Live Chat Feature,,,,,,,,,Other
301221,coach-stream,Push Pull,,,,,,,,,Podcast
301340,coach-stream,Tips On Soloing,,Timing,,,,,,,Practice Tips
301342,coach-stream,How To Maximize Your Ideas,,Rudiments,,,,,,,
301343,coach-stream,Sarah's Favourite Licks,,,,,,Making Music,,,Gigging Tips & Gear
301344,coach-stream,The Magic Of The 6 Stroke Roll,,,,,,,,,
301345,coach-stream,Question Time! Ask Me Everything!,,Rudiments,,,,,,,
301346,coach-stream,Practice With Me!,,,,,,,,,
301347,coach-stream,Left Foot Secrets,,,,,,,,,
301348,coach-stream,Single Stroke Roll Bootcamp!,,Rudiments,Hand Technique,,,,,,
301349,coach-stream,The Magic Of The Double Stroke Roll,,,,,,,,,
301350,coach-stream,Sextuplet Grooves & Ideas,,,,,,,,,Other
301351,coach-stream,How To Play With Feel!,,,,,,,,,Other
301352,coach-stream,How To Improve Your Groove & Pocket,,Rudiments,,,,,,,
301360,coach-stream,The Todd Sucherman Show #21 - Moeller Strokes (For Different Folks),,,,,,,,,
301361,coach-stream,The Todd Sucherman Show #22 - Tony-Isms,,,,,,,,,
301362,coach-stream,The Todd Sucherman Show #23 - Tony Williams,Jazz/Blues,,,Time Signatures,,Grooves,,,
301363,coach-stream,The Todd Sucherman Show #24 - The Crash Of The Crown,,,,,,,,,Practice Tips
301364,coach-stream,"The Todd Sucherman Show #25 - Listening, Learning, & The Lakeflames",,,,,,,,,
301365,coach-stream,The Todd Sucherman Show #26 - Inverted Doubles,,Rudiments,,,,,,,
301366,coach-stream,The Todd Sucherman Show #27 - Road Diary: First Shows Back!,,,,,,Fills & Chops,,,
301370,coach-stream,Q&A With Schack,,Rudiments,,,,Fills & Chops,,,
301371,coach-stream,Fire From The Shoulders,,,,,,,,,Performance
301373,coach-stream,Tuning Is Perfuming,,,,,,,,,
301374,coach-stream,Q&A With Schack,,Rudiments,,,,,,,Other
301376,coach-stream,Drumming Along With Ableton - Play-Alongs,,,,,,,,,Other
301377,coach-stream,Drumming Along With Ableton: The Ultimate Practice Tool,,,,,,,,,Gigging Tips & Gear
301378,coach-stream,How To Turn Negative Ranting Into Positive Drumming,,,,,,,,,
301384,coach-stream,Creative Ways To Get Endorsements,,Rudiments,,,,,,,
301385,coach-stream,How Passion Will Help Your Career,,,,,,,,Gigging Tips & Gear,Practice Tips
301387,coach-stream,Identifying The Type Of Drummer You Want To Be,,Rudiments,,,,,,,
301388,coach-stream,Blur-Lights In The Videodrome,,,,,,Grooves,,,
301389,coach-stream,Discussing Musical Influences,,Rudiments,,,,Grooves,Fills & Chops,,
301390,coach-stream,Q&A With Aric Improta,,,,,,Grooves,,,
301391,coach-stream,Creating Captivating Content,,,,,,,,,Other
301392,coach-stream,How To Prepare For New Challenges,,,,,,,,Other,Gigging Tips & Gear
301394,coach-stream,Night Verses - Live Drum Performance,,,,,,,,,Gigging Tips & Gear
30151,gear-guides,Sabian Artisan Cymbals Review,Hard Rock/Metal,,,,,,Making Music,Performance,
301758,coach-stream,Struggle Street – How To Face Your Challenges,,,,,,,,,Gigging Tips & Gear
301759,coach-stream,Practice With Larnell – Fills & Drills,,,,,,,,,
301760,coach-stream,Q&A With Larnell!,,,,,,,,,Other
301761,coach-stream,A Guide To Trading On The Drums,,,,,,,,,
301762,coach-stream,Active Listening With Larnell Lewis!,Pop/Rock,,,,,,,,Gigging Tips & Gear
301763,coach-stream,Learn A Song With Larnell!,,,,,,,,,Gigging Tips & Gear
301764,coach-stream,Practice With Larnell – Single Kick,,,,,,,,,
301765,coach-stream,Shop Talk!,Pop/Rock,,,,,Fills & Chops,,,
301770,coach-stream,"All You Need Is Kick, Snare & Hats!",,,,,,,,,Performance
301771,coach-stream,Domino Learns A New Song – Live!,,,,,,,,,
301773,coach-stream,Ask Me Anything – Q&A With Domino!,,Hand Technique,Rudiments,,,,,,
301774,coach-stream,Domino Performs Live!,,,,,,Making Music,,,Gigging Tips & Gear
301775,coach-stream,The Sounds Of Pop Drumming,,,,,,,,,Other
301776,coach-stream,Domino vs. The iTunes Charts,,,,,,,,,Other
301777,coach-stream,7 Drum Fills For Modern Pop Drummers,,,,,,,,,
301779,coach-stream,Ask Me Anything – Q&A With Domino!,,,,,,,,,Other
301780,coach-stream,The Golden Rules Of Live Performance,,,,,,,,,Gigging Tips & Gear
301781,coach-stream,Domino Learns A New Song – Live!,,,,,,Grooves,Fills & Chops,,
301783,coach-stream,Loco Militar (Crazy Army),,,,,,,,,Other
301784,coach-stream,Control Dat! (Stick Control),,,,,,,,,
301785,coach-stream,Pre-Heat (Warming Up),,,,,,,,Practice Tips,Other
301786,coach-stream,Paradiddle Paradise,,,,,,,,,
301787,coach-stream,The Doctor Has A Remedy For Your Paradiddle Allergies!,,Hand Technique,,,,,,Other,Gigging Tips & Gear
301788,coach-stream,Moving Day!,,,,,,,,,Other
301789,coach-stream,Steel Pans!,,,,,,,,,Other
301790,coach-stream,Are You Prepared For Dr. Throwdown's Drum Line?,,,,,,,,Other,Gigging Tips & Gear
301791,coach-stream,Street Beat Collaboration Follow-Up,,,,,,,,,Performance
301792,coach-stream,Rudimental Solo #3,,,,,,,,,Practice Tips
301794,coach-stream,Live At The Deep River Tattoo,,,,,,,,,Performance
301801,coach-stream,The Power Of Simplicity,,Rudiments,,,,,,,
301802,coach-stream,Choosing The Right Fills For The Song,,,,,,,,,
301803,coach-stream,DAWs For Drummers: A Beginner's Guide,,,,,,,,,
301804,coach-stream,Q&A With Kaz!,,,,,,,,,Other
301805,coach-stream,Kaz Performs LIVE!,,,,,,,,,Gigging Tips & Gear
301807,coach-stream,Kaz Breaks Down His New Hybrid Kit,,,,,,Making Music,,,Gigging Tips & Gear
301808,coach-stream,Kaz Makes You Dance! (Part #1),,,,,,,,,Other
301809,coach-stream,Kaz Makes You Dance! (Part #2),,,,,,,,,Gigging Tips & Gear
301810,coach-stream,How The Kick & Snare Can Change The Song,,,,,,,,,Other
301811,coach-stream,A Day In The Life Drumming For Josh Groban,,,,,,,,,Podcast
302123,performances,What If A Pro Drummer Wrote The Score For Star Wars?,,Hand Technique,,,,,,,
302733,coach-stream,Fever 333 Live Drum Performance,,Rudiments,Hand Technique,,,,,,
303138,performances,"Pat Petrillo's NYC Big Rhythm Band - ""Ob-La-Di, Ob-La-Ska""",,,,,,,,,
303589,quick-tips,Creating Grooves With Stick Control,,,,,,,,,Podcast
303624,solos,A Solo For Elvin,,Rudiments,Dynamics,,,,,,
303627,podcasts,Drums As Life Preserver - Part #1 (With Jason Mills),,,,,,,,,
303628,gear-guides,Modern vs. Vintage Showdown,,,,,,,,,Podcast
303629,podcasts,Drums As Life Preserver - Part #2 (With Jason Mills),,,,,,,,,
303630,performances,"Pat Petrillo's NYC Big Rhythm Band - ""Kaleidoscopic Hipnofusion""",,,,,,,,,
303633,podcasts,In Conversation With Mike Mangini - Part #1,,,,,,,,,
303634,quick-tips,The Only Three Rudiments You Need To Know,,,,,,,,,
30399,course,How To Become A Good Sounding Drummer,,,,,,,,,
30435,course,Subdivision Studies,,,,,,,,,
304362,podcasts,Become A Better Student - Part #1 (With Juan Carlito Mendoza),,Setup & Tuning,,,,,,,Gigging Tips & Gear
304363,performances,"Pat Petrillo's NYC Big Rhythm Band - ""Lady Madonna""",,,,,,,,,
30447,course,Soloing Strategies,Funk/Disco,,,,,,Making Music,Performance,
30465,course,Developing Showmanship And Stage Presence,,Setup & Tuning,,,,,,Gigging Tips & Gear,
30479,course,The Importance Of Musical Phrasing,,,,,,,,,
30491,course,Expanding Rudimental Ideas,,Dynamics,,,Ear Training,,,Gigging Tips & Gear,
30515,course,Hybrid Paradiddle,Pop/Rock,,,,,,Making Music,Performance,
305199,quick-tips,Drumeo's Summer Recital Announcement,,,,,,,,,
305438,gear-guides,Vintage Gretsch Kit Restoration - Part #1: Drum Prep,,,,,,,,,Gigging Tips & Gear
305446,performances,"Kaz Rodriguez - ""Drum-E-O""",Jazz/Blues,,,,,Grooves,,,Practice Tips
305448,performances,"Kaz Rodriguez - ""Kazmosh""",,,,,,,,,Performance
305450,performances,"Kaz Rodriguez - ""4 Floor""",,,,,,,,,Performance
305452,performances,"Kaz Rodriguez - ""Funkay""",,,,,,,,,
305454,performances,"Kaz Rodriguez - ""6 O'Clock Sonata""",,,,,,,,,Performance
30546,gear-guides,"Gear Review - ""SledgePad"" Bass Drum Mufflers",,Dynamics,,Ear Training,,,,,
30588,course,Reggae Fills,,Hand Technique,,,,,,,
306205,podcasts,In Conversation With Mike Mangini - Part #2,,,,,,,,,Performance
306206,quick-tips,Are We In A Golden Age Of Drumming?,,,,,,,,,
306451,coach-stream,"Breaking Down ""Somebody"" by Justin Bieber",,,,,,,,,Podcast
306453,coach-stream,Playing Covers Is Only Half The Battle,,Rudiments,,,,Grooves,Fills & Chops,,
306454,coach-stream,The Importance Of In-Ear Monitors,,,,,,,,,Podcast
306455,coach-stream,Q&A With Matt McGuire!,,,,,,,,,Performance
306457,coach-stream,Double Bass In Pop & Electronic Music,,,,,,,,,Performance
306461,coach-stream,"What's A Hybrid, You Ask?!",,Rudiments,,,,,,,
306464,coach-stream,A Guide To Inverted Doubles,,,,,,,,,Other
306465,coach-stream,"How To Play ""Crazy Army""",,,,,,,,,Other
306466,coach-stream,What Does It Take To Be Traditional?,,,,,,,,,
306469,coach-stream,Q&A With Larnell,,,,,,Grooves,Fills & Chops,,
306475,coach-stream,Drum Workout Session: Fills and Drills,Pop/Rock,,,,,Double Bass,,,
306476,coach-stream,Let's Talk!,,,,,,,,Gigging Tips & Gear,Performance
306477,coach-stream,Trading?! What's That?,,,,,,,,,
306478,coach-stream,Drum Fill Workout,,,,,,,,,
306481,coach-stream,From Pop To Rock,,,,,,,,,Gigging Tips & Gear
306482,coach-stream,Q&A With Domino!,,,,,,,,,
306485,coach-stream,Domino Vs. The iTunes Charts,,,,,,,,,Other
306487,coach-stream,Ask Me Anything – Q&A With Domino!,Jazz/Blues,,,,,Grooves,,,
306489,coach-stream,Copyrights & Social Media,,,,,,,,,Performance
306490,coach-stream,Live Requests And Q&A With Domino!,,,,,,,,,Other
30650,boot-camps,Beginner's Bass Drum Boot Camp,,,,,,,,,
306500,coach-stream,Breaking The Beats Without Breaking The Bank,,Rudiments,,,,,,,
306501,coach-stream,Ask Me Anything! Q&A With Schack,,,,,,,,,Other
306506,coach-stream,Drumming Along With Ableton: Triggering From Your Drum Kit,,,,,,,,Other,Gigging Tips & Gear
306507,coach-stream,"Ouch, My Feet Herta!",,,,,,,,,Other
306508,coach-stream,"Wham, Bam, Flam!",,,,,,,,,
306509,coach-stream,Schack Answers Your Questions!,,Rudiments,,Time Signatures,,,,,Other
306512,coach-stream,The Todd Sucherman Show #29 - The Stewart Copeland Effect,,,,,,,,,
306518,coach-stream,The Todd Sucherman Show #35 - Icy Skies Part 1,,,,,,Fills & Chops,,,
30652,gear-guides,Everything You Need To Know About Cases,,Foot Technique,,,,Grooves,,,
306520,coach-stream,"The Todd Sucherman Show #37 - Paradiddles In 5, 7, 9, 11 & 13",,Rudiments,,,,,,,
306521,coach-stream,The Todd Sucherman Show #38 - Songs In 9,,,,,,Grooves,,,Other
306542,coach-stream,How Do You Get Your Dream Gig?,,,,,,,,,
306543,coach-stream,Exploring The Swiss Army Triplet,,Rudiments,,,,,,,
306551,coach-stream,"I Don't Care What You Call Me, Just Call Me!",,,,,,,,,
306555,coach-stream,Flam Accents,,,,,,,,,Performance
306556,coach-stream,Flam Accent Etude In Rudimental Remedies,,,,,,Making Music,,,Gigging Tips & Gear
306557,coach-stream,The Downfall Of Paris,,,,,,,,,
306558,coach-stream,London Bridge Is Falling Down,,,,,,,,,Other
306559,coach-stream,Street Beat: Level Four,,,,,,,,,
306561,coach-stream,Rolling On The Beach,,,,,,Grooves,,,Gigging Tips & Gear
306565,coach-stream,Discussing Self Expression,,Rudiments,,,,,,,
306566,coach-stream,July Recap & Q&A With Aric Improta,,,,,,,,,Gigging Tips & Gear
306572,coach-stream,Tour Stories,,Rudiments,,,,,,,
306575,coach-stream,The Music That Made Me,,,,,,,,,Other
306581,coach-stream,How I Create My Online Drum Lessons,,,,,,,,,Performance
306593,coach-stream,The Wheel Of Genres!,,,,,,,,,
306594,coach-stream,Kaz's Drum Set & Studio Gear,,,,,,,,,
306595,coach-stream,Kaz Performs Live On Drumeo!,,,,,,,,,
306596,coach-stream,10 Drum Chops To Rule Them All,,,,,,,,,
306688,performances,"Devin Townsend Project - ""Planet Of The Apes""",,,,,,,,,Gigging Tips & Gear
306689,quick-tips,"5 Levels Of ""Take Five""",Latin/World,,,,,Independence,,,
30683,challenges,5 Beginner Beats That Challenge Your Independence,,Rudiments,,,,,Fills & Chops,,
307472,coach-stream,Dr. Throwdown’s Drum Line Summer Camp - Fundamentals I,,Rudiments,Hand Technique,,,,,,
307473,coach-stream,Dr. Throwdown’s Drum Line Summer Camp - Rudimental Vocabulary I,,Rudiments,Hand Technique,,,,,,
307474,coach-stream,Dr. Throwdown’s Drum Line Summer Camp - Jammin’ In The Drum Line I,,,,,,,,,Other
307475,coach-stream,Dr. Throwdown’s Drum Line Summer Camp - Fundamentals II,,Rudiments,Hand Technique,,,,,,
307476,coach-stream,Dr. Throwdown’s Drum Line Summer Camp - Rudimental Vocabulary II,,,,,,,,,
307477,coach-stream,Dr. Throwdown’s Drum Line Summer Camp - Jammin’ In The Drum Line II,,Rudiments,Hand Technique,,,,,,
307478,coach-stream,Dr. Throwdown’s Drum Line Summer Camp - Fundamentals III,,,,,,,,,
307479,coach-stream,Dr. Throwdown’s Drum Line Summer Camp - Rudimental Vocabulary III,,Rudiments,Hand Technique,,,,,,
307480,coach-stream,Dr. Throwdown’s Drum Line Summer Camp - Jammin’ In The Drum Line III,,Rudiments,Hand Technique,,,,,,
307482,coach-stream,Dr. Throwdown’s Drum Line Summer Camp - Fundamentals IV,,,,,,,,,
307484,coach-stream,Dr. Throwdown’s Drum Line Summer Camp - Rudimental Vocabulary IV,,Rudiments,Hand Technique,,,,,,
307485,coach-stream,Dr. Throwdown’s Drum Line Summer Camp - Jammin’ In The Drum Line IV,,Rudiments,Hand Technique,,,,,,
307486,coach-stream,Dr. Throwdown’s Drumline Summer Camp - Summer Camp Wrap-Up,,Rudiments,Hand Technique,,,,,,
307530,quick-tips,The Most Popular Song On Earth - All About The Beat,,Foot Technique,,,,Independence,,,
307531,gear-guides,Vintage Gretsch Kit Restoration - Part #2: Assembly & Recording,,,,,,,,,Other
307533,podcasts,The Greek God Of Double Bass (With George Kollias),,,,,,,,,Gigging Tips & Gear
307571,coach-stream,"Hurray, Let's Hip-Hop-A-Way!",,,,Time Signatures,,,,Gigging Tips & Gear,Other
30793,boot-camps,Intermediate Bass Drum Boot Camp,Latin/World,,,,,Grooves,,,
30801,performances,Childish Japes Performance & Interview,,,,,,,,,
30809,boot-camps,Beginner Double Bass Boot Camp,,,,,,,,,
308480,podcasts,"My Little Company, Sugar Percussion (With Jefferson Shallenberger)",,Rudiments,Hand Technique,,,,,,
30864,boot-camps,Intermediate Double Bass Boot Camp,,,,,,,,,
30877,course,Exploring Afrobeats Around The Kit,,,,,,,,,
308786,performances,"Pat Petrillo's NYC Big Rhythm Band - ""Got To Get You Into My Life""",,,,,,Grooves,Fills & Chops,,
308792,performances,"Pat Petrillo's NYC Big Rhythm Band - ""Magical Mystery Tour""",,,,,,,,,Podcast
308794,performances,"Pat Petrillo's NYC Big Rhythm Band - ""Tell Me Why""",,,,,,,,,Performance
308795,gear-guides,Can We Make A Kid's Drum-Set Sound Good?,,,,,,,,,
308796,gear-guides,Murat Diril Cymbals Demo,,,,,,,,,
308797,podcasts,A Call With Dennis Chambers,,,,,,,,Other,Gigging Tips & Gear
308799,quick-tips,The Genius Of Alex Van Halen,,,,,,,,,Gigging Tips & Gear
308800,podcasts,What Is The Deal With Endorsements? (With Todd Sucherman),,,,,,,,,
308802,course,Creative Double Bass For Non-Metal Drummers,,,,,,,,,
308803,podcasts,Real Talk (With Larnell Lewis),,,,,,,,,Gigging Tips & Gear
308804,performances,Good Stuff,,,,,,,,,
30952,course,Drum Corps 101,,Foot Technique,,,,Grooves,,,
309729,performances,"Olivia Rodrigo - ""Good 4 U""",,,,,,,,,Other
30998,course,Developing Creative Drum Fills,,Foot Technique,,,,Double Bass,,,
31052,course,Fills And Grooves Against The Dotted 8th Note Pulse,,,,,,,,,
31086,course,The Rock Beat Formula,,,,Time Signatures,,Grooves,Independence,,
31136,boot-camps,Intermediate Double Stroke Roll Boot Camp,Pop/Rock,,,,,Grooves,,,
311596,student-collaborations,Summer Drumline Camp Student Collaboration Video,,,,,,,,,Other
311626,performances,"Ariana Grande - ""Positions""",,,,,,Fills & Chops,,,
312278,performances,"Pat Petrillo's NYC Big Rhythm Band - ""Local Hero""",,,,,,,,,
312280,performances,"Pat Petrillo's NYC Big Rhythm Band - ""Martha My Dear""",,,,,,,,,Gigging Tips & Gear
312281,podcasts,It’s Time For A Laugh,,,,,,,,,
312283,podcasts,Does Creativity Ever Tire? (With Billy Cobham),,,,,,,,,Performance
312284,podcasts,Create With Passion - Part #1 (With Brandon Scott),,,,,,,,Gigging Tips & Gear,Other
312285,performances,"Pat Petrillo's NYC Big Rhythm Band - ""Sexy Sadie""",,Rudiments,,,,Grooves,,,
312286,performances,"Pat Petrillo's NYC Big Rhythm Band - ""Savoy Truffle""",,,,,,,,,
312289,gear-guides,The Importance Of Electronics In Modern Music,,,,,,,,,Performance
312293,quick-tips,Drummers You've Heard But Never Heard Of,,,,,,,,,
312391,performances,"Damien Schmitt - ""From The Satellite""",,,,,,,,,
312392,course,Dr. Throwdown’s Drum Line Summer Camp,,,,,,,,,Performance
31243,quick-tips,Ghosts,,,,,,,,,
31282,gear-guides,"Gear Review - ""Cymbomute""",Pop/Rock,,,,,,Making Music,Performance,
31298,course,Enhancing Musicality With The Paradiddle-riddle-diddle,,,,,,,,,
313275,coach-stream,September Recap & Q&A With Aric Improta,,Rudiments,,,,,,,
31333,course,Fastest Way To Get Faster,Latin/World,,,,,Fills & Chops,,,
31371,performances,Thunder Duo Live Perfomance,,,,,,,,Gigging Tips & Gear,
313754,coach-stream,A Guide To Hi-Hat Splashes,,Rudiments,,,,,,,
313755,coach-stream,Improve Your Timing – Dancing With The Left Foot,,,,,,,,,Other
313756,coach-stream,Let's Shift The Accent!,,,,,,,,,Gigging Tips & Gear
313757,coach-stream,Gaddiments – Swiss Flamadiddles Displaced,,Hand Technique,Foot Technique,,,Independence,,,
31398,course,The Grooves Of Porcupine Tree,,,,,,,,,
314113,quick-tips,How To Sing And Play Drums At The Same Time,,,,,,,,,Other
31430,boot-camps,Advanced Double Stroke Roll Boot Camp,,Foot Technique,,,,Independence,,,
31432,boot-camps,Absolute Beginner's Bass Drum Boot Camp,,Foot Technique,Rudiments,,,Independence,,,
31461,course,Bass Drum Calibration: 16th Note Coordination,Hard Rock/Metal,,,,,Grooves,,,
314782,podcasts,Not Limited By My Location (With Wiktoria Bialic),,Rudiments,,,,Fills & Chops,,,
31521,gear-guides,"Gear Review - ""Snareweight"" Dampeners",,,Rudiments,,,,,,
31538,boot-camps,Early Intermediate Double Stroke Roll Boot Camp,Jazz/Blues,,,,,,,Gigging Tips & Gear,
31562,course,Bass Drum Calibration: Triplet Coordination,,,,,,,,,
31612,course,Legendary Hi-Hat Tricks,,Foot Technique,,,,Grooves,,,
316406,performances,"Drum Louder Than The Negativity - Bruno Mars' ""Uptown Funk""",,,,,,,,,Podcast
31694,gear-guides,Snare Drum-parisons - 10 Inch Snares,,,,,,,,,
317140,performances,"Imonolith - ""Hollow""",Country/Folk,,,,,,,,Performance
31725,performances,Josh Dion Live Show,,,,,,,,Gigging Tips & Gear,
31727,course,The Roland TD-50,,,,,,,,Other,
317279,performances,"Tiago Joaninho & Pedro Joaninho - ""Moonset""",,,,,,,,,
317285,student-collaborations,#101 - Ice Cream Sunday,,,,,,,,,Gigging Tips & Gear
317287,performances,"Imonolith - ""Angevil""",,,,,,,,,
317288,quick-tips,23 Famous Jazz Grooves,,,,,,,,,Performance
31747,course,Creating Unique Grooves,,,,,,,,,
317510,coach-stream,Just Drums!,,,,,,,,,Performance
317511,coach-stream,Warm Up Rudiment Variations,,,,,,,,,
317656,coach-stream,Flam Taps & Steel Pans!,,Setup & Tuning,,,,,,,Gigging Tips & Gear
31774,on-the-road,What Is PASIC 2017,,,,Ear Training,,Grooves,,,
31800,boot-camps,Beginner Flam-Groove Boot Camp,,,,,,,,,
31802,boot-camps,Absolute Beginner's Left Foot Hi-Hat Boot Camp,,,,,,,,,
31826,course,Compound Rudiments,R&B/Soul,,,,,,,Performance,
318325,performances,"Chris Fischer - ""Iconolastik""",,,,,,,,,
318332,performances,"Shawn Mendes - ""Stitches""",,,,,,,,,Other
31872,boot-camps,Beginner's Left Foot Hi-Hat Boot Camp,,,,,,Independence,,,
318877,performances,Every Drummer Does This!,,Rudiments,Dynamics,,,,,,
319269,coach-stream,My Guide To Prepping For A New Gig!,,,,,,Making Music,,,Gigging Tips & Gear
319270,coach-stream,Domino's Tour Stories,,,,,,,,,Other
319273,coach-stream,Live Requests With Domino!,,,,,,,,,
319311,coach-stream,Active Listening,,,,,,Fills & Chops,,,Performance
319312,coach-stream,Learning Songs,,,,,,,,,
319313,coach-stream,Struggle Street!,,,,,,,,,Gigging Tips & Gear
319314,coach-stream,Drum Workout Session: Fills And Drills,,,,,,,,,Performance
319715,performances,Making Household Items Sound Like A Professional Drumset,,,,,,,,,Other
319910,coach-stream,Hand Workout Using The Stick Control Book,,Rudiments,,,,,,,
319911,coach-stream,Solidify Your Time Using The Metronome,,,,,,,,,
319913,coach-stream,Ostinato Workout,,,,Time Signatures,,,,Other,Gigging Tips & Gear
319914,coach-stream,Sarah's Year-End Party Jam!,,,,,,,,,
319915,coach-stream,Building Left Hand Strength On Snare Drum,,,,,,,,,
319916,coach-stream,Weaker-Hand Lead - Rudiment Boot Camp,,,,,,,,,
319917,coach-stream,Swinging Your Rudiments - Hand Boot Camp,,Hand Technique,Rudiments,,,,,,
319918,coach-stream,Drags & Ratamacues!,,Rudiments,,,,,,,
319923,coach-stream,Rhythmic Accuracy & Odd Subdivisions,,,,,,,,,
319937,coach-stream,Ask Me Anything - Q&A With Domino!,,Rudiments,,,,Grooves,,,
319938,coach-stream,Home Studio Tour!,,,,,,,,,
319941,coach-stream,Behind The Scenes Of A TV Show Gig,,Rudiments,,,,,,,
319942,coach-stream,Domino's Top 10 Pop Songs for 2021!,,,,,,,,,Gigging Tips & Gear
319988,quick-tips,Emmanuelle's 5 Drumming Influences,,,,,,,,,
319990,performances,"Chris Fischer - ""Ivory Tower""",,Rudiments,Hand Technique,,,,,,
320064,coach-stream,Rudiments En Clave,,Rudiments,,,,Grooves,Fills & Chops,,
320140,coach-stream,5 Levels Of Drumming,,,,,,,,,Other
320141,coach-stream,Can You Make Electronic Drums Sound Like Acoustics?,,,,,,,,,Other
320142,coach-stream,The Wheel Of Groove - Ultimate Creativity Challenge,,,,,,,,,
320143,coach-stream,Kaz Writes A Christmas Drum Jam,,,,,,,,,Performance
320144,coach-stream,Kaz Plays The Christmas Jam,,,,,,,,,
320145,coach-stream,Writing Music To Drum Tracks,,,,,,,,,
320146,coach-stream,Holiday Q&A,,,,,,,,,Other
320459,performances,"Shawn Mendes - ""In My Blood""",,,,,,Fills & Chops,,,
320838,student-collaborations,#102 - Air,,,,,,,,,Performance
321074,coach-stream,Choosing Cymbals: How To Find Your Perfect Fit,,Foot Technique,Timing,,,Independence,,,
321075,coach-stream,Breaking Cymbals?! Save Yourself With Safer Bashing Techniques!,,,,,,,,,
321076,coach-stream,How To Play Your Toms – FAST!,,,,,,,,,
321077,coach-stream,Schack's Q&A Helps To Keep The Drumming Doctor Away!,,,,,,,,,Other
321078,coach-stream,Playing An Arena Show,,Foot Technique,,,,Double Bass,,,Gigging Tips & Gear
321079,coach-stream,"Ableton & E-Drums / Part 1 : How To ""MIDI"" Connect Your Drums To Ableton",Jazz/Blues,,,,,,,,Performance
321080,coach-stream,Ableton & E-Drums / Part 2 : How To Let Ableton Trigger Your E-Drums,,Setup & Tuning,,,,,,,Other
321081,coach-stream,The Best SHOES For Drumming,,,,,,,,,Gigging Tips & Gear
321082,coach-stream,Q&A With Schack,,,,,,,,Other,Gigging Tips & Gear
321083,coach-stream,Merry Drumming & Happy New Beats 2022!,,,,,,,,,Other
321425,performances,"World's Longest Fill - ""Wipeout"" Edition",,,,,,,,,
321437,quick-tips,Drumeo's (No) Drum Solo Contest Announcement,,,,Ear Training,,Making Music,,,Gigging Tips & Gear
321767,quick-tips,The Genius Of Neil Peart,,,,,,,,,
321768,performances,"Imonolith - ""Becoming The Enemy""",Hip-Hop/Rap/EDM,,,,,Grooves,Fills & Chops,,Gigging Tips & Gear
321769,performances,"Chris Fischer - ""Dharma Express""",,,,,,,,,Performance
322300,coach-stream,Interview With Ra Diaz (Suicidal Tendencies/KoRn),,Rudiments,,,,,,,
322301,coach-stream,Tour Life Behind The Scenes Part 1,,Rudiments,,,,,,,
322302,coach-stream,Aric's 5 Favourite Drum Songs,,Rudiments,,,,,,,
322315,coach-stream,The Todd Sucherman Show #39 - Songs In 5,,,,,,Making Music,,,Gigging Tips & Gear
322334,coach-stream,Q&A With Matt,,,,,,,,,Performance
322929,coach-stream,The Todd Sucherman Show #40 - The Mission Live In Las Vegas,,Dynamics,Rudiments,,,,,,
322930,coach-stream,The Todd Sucherman Show #41 - Songs In 7,,,,,,Fills & Chops,,,
322931,coach-stream,The Todd Sucherman Show #42 - London Palladium Live Part 1,Jazz/Blues,,,Notation,,Grooves,,,
322932,coach-stream,The Todd Sucherman Show #43 - London Palladium Live Part 2,,,,,,,,,
322933,coach-stream,The Todd Sucherman Show #44 - Listening Party,,,,,,,,,
322934,coach-stream,The Todd Sucherman Show #45 - Thoughts & Quick Tips!,,,,,,,,,
322935,coach-stream,The Todd Sucherman Show #46 - Lucky 13,,,,,,,,,
322936,coach-stream,The Todd Sucherman Show #47 - Double Bass? Why Not?,,Hand Technique,Rudiments,,,,,,
322938,coach-stream,"The Todd Sucherman Show #48 - Last Call, Wonderland, & What Now?",,Rudiments,,,,,,,
323050,quick-tips,The Fundamentals Of Matched Grip,Hard Rock/Metal,,,,,Grooves,Fills & Chops,,
323051,performances,"Chris Fischer - ""Flow Mode""",,Hand Technique,,,,,,,
323140,coach-stream,What To Wear - Dressing For Drumming,,,,,,,,,Performance
323255,coach-stream,Hand & Foot Combos,,Hand Technique,,,,,,,
323256,coach-stream,Playing Iconic Songs,,,,,,,,,Gigging Tips & Gear
323257,coach-stream,Roast & Review Pt. 1,,,,,,,,,Performance
323258,coach-stream,Roast & Review Pt. 2,,,,,,,,,Performance
323259,coach-stream,Inside Matt's Double Kicks,,,,,,Independence,,,
323260,coach-stream,Hotel Warm-Ups,,,,,,Independence,Fills & Chops,,
323261,coach-stream,Creating An EDM Drum Cover,,Foot Technique,,,,Double Bass,Independence,,
323262,coach-stream,Roast & Review #3,,,,,,,,,Other
323263,coach-stream,Let's Talk About Your Career,,,,,,Fills & Chops,,,Gigging Tips & Gear
323264,coach-stream,Challenge Matt McGuire - 2021 Wrap Up!,,,,,,,,Other,Gigging Tips & Gear
323479,coach-stream,Swiss Cheese? Swiss Army Knife? Swiss Family Robinson? Swiss Army Triplets!,,,,,,Fills & Chops,,,Gigging Tips & Gear
323799,quick-tips,Forgot Your Double Pedal? Try This!,,,,,,,,,
323800,quick-tips,The Genius Of Dave Grohl,,Rudiments,,,,,,,
323801,quick-tips,The Fundamentals Of Traditional Grip,,,,Notation,,,,,
323804,performances,"Chris Fischer - ""Don't Blink""",,,,,,Grooves,Fills & Chops,,
323853,coach-stream,Boo! Halloween Rudiments In Odd Time,,Hand Technique,,,,Grooves,Fills & Chops,,
323854,coach-stream,Drum Solo #4!!!,,,,Notation,,Fills & Chops,,,
323855,coach-stream,PASIC Tour With John Wooton,,,,,,Fills & Chops,,,
323856,coach-stream,This Rudiment Is A 10!,,,,,,,,Other,Gigging Tips & Gear
323857,coach-stream,The Most Difficult Rudiment To Play!? Perhaps!,,,,,,,,,
323858,coach-stream,Southern Miss Throwdown!,,,,,,,,,Other
323861,coach-stream,A KAISO KRISTMAS!,,,,,,,,,Performance
323862,coach-stream,Auld Lang Syne,,,,,,,,,Performance
323875,coach-stream,The Snarky Puppy Lesson,,,,,,,,,
323876,coach-stream,Get Lost! Discovering Your Own Creativity,Pop/Rock,,,,,Grooves,,,
323877,coach-stream,Larnell's Beginner Linear,,,,,,,,,
323878,coach-stream,Larnell's Intermediate Linear,Hard Rock/Metal,,,,,Grooves,,,
323879,coach-stream,Larnell's Advanced Linear,,,,,,,,,
323880,coach-stream,Let's Learn Double Bass Together!,,,,,,,,,
323881,coach-stream,A Day In The Life Of Larnell,,,,,,Fills & Chops,,,
323882,coach-stream,Larnell's Holiday Gig Prep!,,,,,,,,,Other
324182,coach-stream,2 Days To KoRn - Preparing Massive Shows In A Hurry,,Hand Technique,,,,,,,
324183,coach-stream,Learning From Your Mistakes,,Rudiments,,,,,,,
324184,coach-stream,Q&A and Tour Recap,,Rudiments,,,,,,,
324185,coach-stream,Interview With Justin Nace,,,,,,,,,Other
324186,coach-stream,Tour Life Behind The Scenes Part 2,,,,,,,,,Performance
324630,course,Developing Fill Creativity With Note Values,,,,,,,,Gigging Tips & Gear,Other
324640,performances,"Chris Fischer - ""These Go To Eleven""",,,,,,,,,Performance
324645,quick-tips,The Grooves Of U2,,,,,,,,,
324646,performances,"Chris Fischer - ""Crosswalk Shuffle""",,,,,,,,,Gigging Tips & Gear
324937,coach-stream,Jazz Triplet Comping,,,,,,,,,
324938,coach-stream,Incorporating 5-Stroke Rolls Into Grooves,,,,,,,,,Other
324939,coach-stream,The Mozambique,,,,,,,,,Other
324940,coach-stream,Rudimental Review and Q&A,,,,,,,,,Performance
324941,coach-stream,Let's Strengthen That Weak (Left) Hand!,,,,,,,,,
324943,coach-stream,Developing Double Paradiddle Command,,,,,,,,,Other
324944,coach-stream,Hemiolas: Say Whaaat?!,,,,,,,,,Other
324945,coach-stream,Dorothea's Top Rudiments Of 2021,,,,,,,,,
325384,performances,"Blood Soaked Cover Of ""Raining Blood""",,,,,,,,,
325502,quick-tips,Drumeo's Winter Recital Announcement,,,,,,,,,
325826,quick-tips,10 Easy Fills For Every Beginner Drummer,,,,,,,,,Other
325827,performances,"Chris Fischer - ""Another Way""",,,,,,Grooves,,,
327163,challenges,Emmanuelle's Beginner Pad Warm-up,,Rudiments,Hand Technique,,,,,,
327164,quick-tips,Electronic Drums For Drummies,Latin/World,,,,,Grooves,,,
327165,quick-tips,9 Must-Know John Bonham Drum Beats,,,,,,,,,
327166,quick-tips,8 Stadium Rock Fills,,,,,,,,,Gigging Tips & Gear
327167,course,The Grooves Of Shawn Mendes,,,,,,Grooves,Making Music,,Gigging Tips & Gear
327888,performances,Drum Solo On U2 Tribute Kit,,,,,,,,,Other
329053,performances,"Rage Against The Machine - ""Killing In The Name""",,,,,,,,,
329067,quick-tips,Drumeo 2021 Christmas Live Stream Announcement,,,,,,Making Music,,,Gigging Tips & Gear
329071,quick-tips,8 Stadium Rock Beats,,,,,,,,,Gigging Tips & Gear
329082,student-collaborations,December Student Collaboration Announcement,,,,,,,,,
329083,quick-tips,5 Ways To Improve Your Punk Drumming,,Rudiments,Hand Technique,,,,,,
329346,performances,"Chris Fischer - ""Lynyrd Skynyrd Rock""",Hard Rock/Metal,,,,,Grooves,Fills & Chops,,
330028,student-collaborations,"#104 - ""Half-Time Shuffle""",,Hand Technique,,,,Independence,,,
330030,performances,"Stevie Wonder - ""All I Do""",,Setup & Tuning,,,,,,,
331177,performances,"Chris Fischer - ""Beatles Rock""",Pop/Rock,,,,,,,,
331179,quick-tips,The Magic Of The Herta,,,,,,,,,Gigging Tips & Gear
331224,quick-tips,Words That Will Teach You Rhythms,,,,,,,,,Gigging Tips & Gear
331225,quick-tips,The Biggest Mistake Beginner Drummers Make With Fills,,,,,,,,,
331227,quick-tips,The Genius Of Joey Jordison,,,,,,,,,
332108,challenges,Emmanuelle's Intermediate Pad Warm-up,Hard Rock/Metal,,,,,Grooves,Fills & Chops,,
332119,backstage-secrets,"Check 1, 2, 3 - Mastering Live Sound",Latin/World,Setup & Tuning,,,,,,,Gigging Tips & Gear
332120,backstage-secrets,The Art of Set Lighting,,,,,,,,,Other
332121,backstage-secrets,Instrument Technicians - What Does It Take?,,,,,,,,,
332122,backstage-secrets,"Lights, Camera, Action!",Pop/Rock,,,,,Grooves,Fills & Chops,,Gigging Tips & Gear
332123,backstage-secrets,A Day In The Life - Road Managers,Hard Rock/Metal,,,,,,,,
332274,performances,"Shawn Mendes - ""There's Nothing Holding Me Back""",,,,,,,,,Other
332427,quick-tips,Great Drumming Gifts From $5 To $500,,Rudiments,,,,Fills & Chops,,,
333130,performances,"Chris Fischer - ""CCR Rock""",,,,,,,,,
334969,course,Writing The Perfect Drum Parts,,Rudiments,,,,,,,
334999,performances,"Blink-182 - ""What's My Age Again?""",,,,,,,,,
335004,quick-tips,Hannah Welton's Top 5 Prince Grooves,,Rudiments,,,,Making Music,,,Gigging Tips & Gear
335005,student-collaborations,"#105 - ""The Little Drummer Boy""",,,,,,Grooves,,,
335027,performances,"Dizzy Gillespie - ""A Night In Tunisia""",Jazz/Blues,,,,,Grooves,Fills & Chops,,
336470,course,The Building Blocks Of Drum Chops,Jazz/Blues,,,,,Grooves,Fills & Chops,,
336658,course,Latin Drum Set & Percussion Ensemble,,Timing,,,,,,,Gigging Tips & Gear
336861,course,Songwriting For Drummers,,,,,,Making Music,,,Gigging Tips & Gear
337306,course,Supercharge Your Drum Solos,,,,,,,,,
337307,course-part,The Soloing Spectrum,,,,,,,,,Performance
337319,course,Modern Pop Drumming,,,,,,,,,Gigging Tips & Gear
337333,course,Master Your Timing,,,,,,Grooves,Fills & Chops,,Other
337351,spotlight,Steve Smith In The '70s & '80s - Part #1,,,,,,,,,
337363,course,Inside The Creative Mind,Latin/World,,,,,,,,Other
337382,course,Sticking Pattern Mastery,Pop/Rock,,,,,Grooves,Fills & Chops,,Gigging Tips & Gear
337563,course-part,An Interview With Hannah Welton,,,,,,Making Music,,,Gigging Tips & Gear
337880,quick-tips,The Genius Of Phil Collins,,,,,,,,,
337889,quick-tips,"Learning Silk Sonic's ""Skate"" As Fast As Possible",,,,,,,,,
337890,quick-tips,Why Inverted Paradiddles Are So Important,,,,,,,,,Other
338157,performances,"CounterCulture - ""Women's Intuition""",,,,,,,,,
338228,course-part,Q&A With Hannah Welton,,,,,,,,Other,Gigging Tips & Gear
338231,course-part,Start - Hit The Ground Drumming,,,,,,Making Music,,,Gigging Tips & Gear
338233,coach-stream,The Soloing Spectrum - Q&A,,Rudiments,,,,Fills & Chops,,,
338234,course-part,Singles & Doubles,,Rudiments,,,,,,,
338236,course-part,Domino’s Pop Life,,Rudiments,,,,,,,
338239,course-part,5 Tools To Test & Master Your Timing,,,,,,,,,
338242,coach-stream,Spotlight: Steve Smith In The '70s & '80s - Part #1 - Q&A,,,,,,,,,
338244,course-part,Bossa Nova,,Timing,,,,,,,Gigging Tips & Gear
338248,coach-stream,Hit The Ground Drumming - Q&A,,,,,,,,,Other
338249,coach-stream,Singles & Doubles - Q&A,,,,,,,,,
338250,coach-stream,Domino's Pop Life - Q&A,,,,Ear Training,,,,,Gigging Tips & Gear
338252,coach-stream,5 Tools To Test & Master Your Timing - Q&A,Pop/Rock,,,Time Signatures,,Grooves,,,Other
338253,course-part,Greg Johnson – Film & Television Composer,,Timing,,,,,,Practice Tips,Other
338254,coach-stream,Bossa Nova - Q&A,,,,,,,,,
339193,solos,Hannah Welton Drum Solo,Latin/World,,,,,Grooves,,,
339224,performances,"Prince - ""AIN'T ABOUT 2 STOP""",,,,,,,,,Performance
340128,course,Big Band Drumming,,,,,,Grooves,Fills & Chops,,
340583,coach-stream,Greg Johnson - Film & Television Composer - Q&A,,,,,,,,,
341270,student-collaborations,"#106 - ""The Blues Had A Baby""",Jazz/Blues,Hand Technique,,Sight Reading,,Making Music,,,Gigging Tips & Gear
341536,quick-tips,Breaking Down 5 Impossible Buddy Rich Licks,,,,,,,,,Other
341718,course-part,Creating Your Own Pop Grooves & Fills,,,,,,,,,
341721,spotlight,Steve Smith In The '70s & '80s - Part #2,,,,,,,,,
341726,course-part,Cha-Cha,,,,,,,,,Performance
341976,course-part,Do This And Your Solos Can’t Fail!,,,,,,Grooves,Fills & Chops,,Other
341978,course-part,Single Paradiddles,,,,,,,,Other,Gigging Tips & Gear
341979,course-part,Click-A-Dee-Click - How To Feel It Instead of Just Hearing It,,,,,,,,Performance,Gigging Tips & Gear
341980,course-part,"So, You Want To 'Prog'?",Latin/World,,,,,Grooves,,,
341981,course-part,Nick DePirro - Guitarist Of Night Verses & Headcave,Jazz/Blues,,,,,,,,Other
341982,course-part,"Build - All About That Bass, No Treble",Jazz/Blues,,,,,,,,Performance
341988,coach-stream,Creating Your Own Pop Grooves & Fills - Q&A,Pop/Rock,,,,,,,,Other
342010,coach-stream,Cha-Cha - Q&A,,Setup & Tuning,,,,Making Music,,Gigging Tips & Gear,Other
342013,solos,Greyson Nekrutman Challenged Me To A Drum Battle (Here’s What Happened),,,,,,,,,
342014,performances,Caravan feat. Greyson Nekrutman,,,,,,,,,
343571,the-history-of-electronic-drums,Part I: The Birth Of Electronic Drums,,,,,,,,,Gigging Tips & Gear
343574,the-history-of-electronic-drums,In Depth: Hollywood Meazzi Tronicdrum,,,,,,,,,
343577,the-history-of-electronic-drums,In Depth: Pollard Syndrums,,,,,,,,,Gigging Tips & Gear
343584,the-history-of-electronic-drums,In Depth: Synare 3 & Tympani,,,,,,,,,Practice Tips
343585,the-history-of-electronic-drums,Performance: '70s Hybrid Studio Kit,,,,,,,,,Gigging Tips & Gear
343797,course-part,Q&A With Greyson Nekrutman,,,,,,Grooves,Fills & Chops,,Other
343885,the-history-of-electronic-drums,Part II: The Peak Of Electronic Drums,,,,,,,,,Gigging Tips & Gear
343886,the-history-of-electronic-drums,In Depth: Simmons SDSV,,,,,,,,,Gigging Tips & Gear
343887,the-history-of-electronic-drums,In Depth: Roland Alpha Drum System,,,,,,,,,
343889,the-history-of-electronic-drums,In Depth: Tama Techstar TAK-500,,,,,,,,,Gigging Tips & Gear
343890,the-history-of-electronic-drums,In Depth: Pearl DRUM-X,,,,,,,,,
343891,the-history-of-electronic-drums,Performance: Simmons Mega Kit,,,,,,,,Performance,Gigging Tips & Gear
343895,the-history-of-electronic-drums,Performance: '80s Hybrid Rock Kit,,,,,,,,,Gigging Tips & Gear
343896,the-history-of-electronic-drums,Part III: The Invasion Of Electronic Drums,,,,,,,,,Gigging Tips & Gear
343898,the-history-of-electronic-drums,In Depth: Roland TDE-7K,,,,,,,,,Gigging Tips & Gear
343899,the-history-of-electronic-drums,In Depth: Roland TD-10K,Latin/World,,,,,Grooves,Fills & Chops,,Other
343900,the-history-of-electronic-drums,In Depth: Yamaha DTXTREME,,,,,,,,,Gigging Tips & Gear
343902,the-history-of-electronic-drums,In Depth: Yamaha DTX950K,,,,,,,,,
343903,the-history-of-electronic-drums,Part IV: The Future Of Electronic Drums,,,,,,,,,Gigging Tips & Gear
343904,the-history-of-electronic-drums,In Depth: Pearl e/MERGE,,,,,,,,,Other
343906,the-history-of-electronic-drums,In Depth: GEWA G9 Pro L6,Pop/Rock,,,,,Making Music,,,Gigging Tips & Gear
343907,the-history-of-electronic-drums,In Depth: Roland VAD706,,,,,,,,,Gigging Tips & Gear
343908,the-history-of-electronic-drums,Performance: The Ultimate Roland Electronic Kit,,,,,,,,,Gigging Tips & Gear
343910,the-history-of-electronic-drums,Blooper Reel,,,,,,,,,Gigging Tips & Gear
345454,performances,"Chris Fischer - ""West Coast Groove""",,,,,,,,,Gigging Tips & Gear
345484,course-part,"Breakdown: The Chainsmokers - ""High""",,,,,,,,,
346228,coach-stream,Do This And Your Solos Can’t Fail! - Q&A,,,,,,,,,
346230,coach-stream,Single Paradiddles - Q&A,,,,,,,,,
346231,coach-stream,Click-A-Dee-Click - How To Feel It Instead of Just Hearing It - Q&A,Hard Rock/Metal,,,,,,,,Other
346232,coach-stream,"So, You Want To 'Prog'? - Q&A",,,,,,,,,Performance
346237,coach-stream,Nick DePirro – Guitarist Of Night Verses & Headcave - Q&A,,,,,,,,,Performance
346638,performances,"Chris Fischer - ""Synthphony""",,,,,,,,,Performance
346655,performances,"Chris Fischer - ""Sunset Strip""",,,,,,,,,
346744,coach-stream,Q&A With Matt McGuire,,,,,,,,,Performance
346763,course-part,"Breakdown: Drake - ""No Friends In The Industry""",,,,,,Making Music,,Other,Gigging Tips & Gear
346814,coach-stream,Roast & Review: Episode 1,,,,,,,,,Performance
347030,performances,"Usher - ""Caught Up""",,,,,,,,,
347035,solos,Greyson vs. Greyson Drum Battle,,,,,,,,,
347240,coach-stream,"All About That Bass, No Treble  - Q&A",Latin/World,,,,,Grooves,Fills & Chops,,Other
347241,coach-stream,Spotlight: Steve Smith In The '70s & '80s - Part #2 - Q&A,,,,,,,,,Performance
347263,student-collaborations,"#107 - ""Photograph""",,,,,,Grooves,Fills & Chops,,
347271,performances,"Ariana Grande - ""Dangerous Woman""",,,,,,,,,Gigging Tips & Gear
347666,course-part,"Breakdown: Olivia Rodrigo - ""Drivers License""",Pop/Rock,,,,,,,,Performance
347667,course-part,Incorporating Unique Styles In Pop Music,,,,,,,,,
347669,performances,"Foo Fighters - ""The Pretender""",,,,,,,,,Gigging Tips & Gear
347671,spotlight,The Pioneers Of Fusion,,,,,,,,,Performance
347673,course-part,Bembe,,,,,,,,,
347674,course-part,"Breakdown: Lil Nas X - ""Montero (Call Me By Your Name)""",,,,,,,,Gigging Tips & Gear,Practice Tips
347677,course-part,"Izzie Fontaine - Multi-Instrumentalist Of Seal, BANKS & Glassjaw",Latin/World,,,,,,,,
348724,course-part,Combating Soloing Anxiety,,,,,,,,,
348730,course-part,Double Paradiddles,,,,,,Grooves,Fills & Chops,,
348731,coach-stream,Incorporating Unique Styles In Pop Music - Q&A,,,,,,,,,Practice Tips
348741,course-part,Hi-Hat - The Most Important Subdividing Instrument,Pop/Rock,,,,,,,,Performance
348748,course-part,"Breakdown: The Weeknd - ""Sacrifice""",,,,,,,,,Practice Tips
348759,course-part,Time Signatures: Fundamentals,,,,,,,,,
348765,coach-stream,Bembe - Q&A,,,,Time Signatures,,,,,Other
348776,coach-stream,"Izzie Fontaine - Multi-Instrumentalist Of Seal, BANKS & Glassjaw - Q&A",,,,,,,,,
348798,performances,"Chris Fischer - ""Millennium""",,,,,,,,,Gigging Tips & Gear
349334,course-part,Evolve - The Next Ingredient - Keys & Melodies,,,,,,Making Music,,Gigging Tips & Gear,Other
349347,performances,"Ariana Grande - ""No Tears Left To Cry""",,,,,,,,,
349360,quick-tips,12 Must-Know Dave Grohl Drum Beats,,,,,,,,,
349923,performances,"Gary Willis - ""Emancipation""",,,,,,,,,
349927,coach-stream,Combating Soloing Anxiety - Q&A,,,,Time Signatures,,,,,
349929,performances,"Radiohead - ""15 Step""",,,,,,,,,
349930,quick-tips,The Story Behind James Brown's Legendary Fatback Groove,,,,,,,,,Performance
349935,coach-stream,Double Paradiddles - Q&A,,,,,,,,,Performance
349936,coach-stream,Hi-Hat - The Most Important Subdividing Instrument - Q&A,,,,,,Grooves,Fills & Chops,,
349937,coach-stream,Time Signatures: Fundamentals - Q&A,,,,,,,,,
350043,quick-tips,Aaron's Practice Approach,,Rudiments,,,,,,,
350603,course-part,"Breakdown: The Kid Laroi - ""Without You""",Latin/World,,,,,,,,Other
350625,coach-stream,Roast & Review: Episode 2,,Rudiments,,,,,,,
350626,coach-stream,The Next Ingredient - Keys & Melodies - Q&A,Funk/Disco,,,,,,,,Performance
350627,course-part,Q&A With Aaron Spears,,,,,,Grooves,,,Gigging Tips & Gear
350628,performances,"Gideon Band - ""Give The Lord A Praise""",,,,,,,,,
350629,coach-stream,Spotlight: The Pioneers Of Fusion - Q&A,,,,,,,,,Other
350702,gear-guides,QuietKick Gear Guide,,,,,,,,,Performance
350703,challenges,QuietKick Warm-up,,,,Ear Training,,,,,Other
350704,performances,"John Scofield - ""So You Say""",,,,,,,,,Performance
350765,course,Funk Drumming,,Foot Technique,,,,Independence,,,Gigging Tips & Gear
351867,performances,Drum Teacher Learns Meshuggah,,,,,,,,,Performance
351876,student-collaborations,"#108 - ""Leprechaun's Reel""",,,,,,Grooves,Fills & Chops,,Other
351884,performances,"Dory Lobel - ""Golden Rock""",,,,,,,,,
352003,course-part,"Breakdown: Ed Sheeran Featuring Bring Me The Horizon - ""Bad Habits""",,,,,,,,,Gigging Tips & Gear
352004,performances,"Funkadelic - ""One Nation Under A Groove""",,,,,,,,,
352010,performances,"John Scofield - ""Blue Matter""",,,,,,,,,Performance
352025,course-part,Tanner Wayne - Drummer Of In Flames,Funk/Disco,,,,,,,,Performance
352027,course-part,"Breakdown: Machine Gun Kelly - ""Emo Girl""",,,,,,Independence,,,
352028,course-part,Syncopation Imagination Boot Camp,Funk/Disco,,,,,,,,
352295,course-part,Getting Great Sounds For Pop!,,,,,,Grooves,Fills & Chops,,
352296,spotlight,Mark Brzezicki,,,,,,,,,
352298,course-part,Caribbean Zouk,,,,,,Grooves,,,
352300,coach-stream,Tanner Wayne - Drummer Of In Flames - Q&A,,,,,,Independence,,,Other
352886,course-part,Finish - Guitar & Finishing Touches,,,,,,,,,Other
352887,coach-stream,Syncopation Imagination Boot Camp - Q&A,,,,,,,,,Performance
352896,course-part,Paradiddle-diddles,Pop/Rock,,,,,,,,Other
352898,coach-stream,Getting Great Sounds For Pop! - Q&A,,,,,,,,,Other
352902,course-part,Limb Check - Your Feet Are Not An Afterthought,,,,,,,,,
352903,course-part,Time Signatures: Creative Choices,,Foot Technique,,,,Independence,,,
352904,coach-stream,Caribbean Zouk - Q&A,,,,Time Signatures,,Grooves,,,
353320,performances,"Funkadelic - ""(Not Just) Knee Deep""",,,,,,Grooves,Fills & Chops,,Other
353521,course-part,"Breakdown: Ed Sheeran - ""Shivers""",Latin/World,,,,,,,,Other
353522,course-part,"Breakdown: The Kid Laroi & Justin Bieber - ""Stay""",,,,,,,,,Other
353925,quick-tips,10 Easy Accent Fills For Every Beginner Drummer,,,,,,,,,
353927,coach-stream,Guitar & Finishing Touches - Q&A,,,,,,Grooves,Fills & Chops,,
353928,coach-stream,Paradiddle-diddles - Q&A,,,,,,,,,Other
353936,performances,Dennis Chambers Hears TOOL For The First Time,,Rudiments,,,,,,,
353937,performances,"The Meters - ""Cissy Strut""",,,,,,,,,Performance
354330,course-part,Q&A With Dennis Chambers,,,,,,,,,
354332,coach-stream,Spotlight: Mark Brzezicki - Q&A,,,,,,,,,Gigging Tips & Gear
354334,coach-stream,Time Signatures: Creative Choices - Q&A,,,,,,,,,
354337,quick-tips,How To Develop Your Double Bass Shuffle,,,,,,,,,
354338,performances,"The Meters - ""Just Kissed My Baby""",Funk/Disco,,,,,,,,Performance
354339,quick-tips,How To Approach Odd Time Drumming,Hard Rock/Metal,Foot Technique,,,,Grooves,Double Bass,,
355073,student-collaborations,May Student Collaboration Announcement,,,,Time Signatures,,Grooves,,,
355090,quick-tips,Drumeo 2022 Summer Recital Announcement,,,,,,Grooves,Fills & Chops,,
355092,student-collaborations,"#109 - ""4 Floor""",,,,,,,,,
355093,quick-tips,The Iconic Drumming Behind “Give Blood”,,,,,,,,,
355105,quick-tips,The Genius Of Danny Carey,,,,,,,,,Other
355121,course-part,Cymbals vs. Drums,,,,,,,,,
355653,quick-tips,How To Actually Improve Your Rock Drumming,,,,,,,,,
355751,course-part,Perfecting Pop Dynamics,,,,,,Grooves,Fills & Chops,,Gigging Tips & Gear
355752,spotlight,Danny Seraphine,Pop/Rock,,,,,,,,
355753,course-part,Calypso & Soca,Pop/Rock,,,,,,,,Other
355754,course-part,Loniel Robinson Of Miguel & Letlive,,,,,,,,,
355757,coach-stream,Perfecting Pop Dynamics - Q&A,,Foot Technique,,,,Double Bass,Independence,,
355758,coach-stream,Spotlight: Danny Seraphine - Q&A,,,,,,,,Other,Gigging Tips & Gear
355760,coach-stream,Loniel Robinson Of Miguel & Letlive - Q&A,,,,,,,,,Gigging Tips & Gear
355762,coach-stream,Cymbals vs. Drums - Q&A,,,,,,,,,
355765,coach-stream,Calypso & Soca - Q&A,Pop/Rock,,,,,,,,Performance
355891,course,Elevate Your Drum Sound,Latin/World,,,,,,,,
355906,course-part,"Breakdown: The Chainsmokers - ""iPad""",,,,,,Grooves,Fills & Chops,,Other
355910,course-part,"Breakdown: The Chainsmokers - ""I Love U""",,,,,,,,,Other
355911,course-part,Turning Your Unwanted Clips Into Music,,,,,,Grooves,Fills & Chops,,
355912,coach-stream,Turning Your Unwanted Clips Into Music - Q&A,,Rudiments,,,,,,,Other
355915,course-part,Triple Paradiddles,,,,,,,,,
355917,coach-stream,Triple Paradiddles - Q&A,Hard Rock/Metal,,,,,Grooves,Fills & Chops,,
355918,course-part,Time Check - Silence Is Golden & So Is Your Internal Clock,,,,,,Making Music,,,Gigging Tips & Gear
355920,coach-stream,Time Check - Silence Is Golden & So Is Your Internal Clock - Q&A,,,,,,,,,
355922,course-part,"Breakdown: Harry Styles - ""As It Was""",Latin/World,,,,,Grooves,,,
356121,course-part,How To Make Any Subdivision Feel Easy!,,,,,,,,,
356123,coach-stream,How To Make Any Subdivision Feel Easy! - Q&A,,,,,,Grooves,Fills & Chops,,Other
357348,challenges,QuietKick Double Kick Warm-up,,Rudiments,,Notation,,,,,
358520,quick-tips,The Indian Rupak,,,,,,,,,
358584,student-collaborations,"#110 - ""All My Life""",,,,,,Grooves,Fills & Chops,,
358585,student-collaborations,June Student Collaboration Announcement,,,,,,,,,Performance
358873,performances,"Breaking Down ""I Will Remember"" By Toto",,,,,,,,,
358887,course-part,Q&A With Simon Phillips,,,,,,,,,
358888,spotlight,Jerry Marotta,,Rudiments,Hand Technique,,,,,,
358892,coach-stream,Spotlight: Jerry Marotta - Q&A,,Rudiments,,,,,,,Other
359159,course-part,Mambo,,,,,,,,,Other
359160,course-part,Moto Fukushima,,,,,,,,,
359162,course-part,From Half To Double Time And Back To Half,,,,,,,,,
359166,course-part,Guerilla Songwriting - Laptop & iPhone Only,,,,,,,,,Other
359167,course-part,Mastering Sticking Patterns,,Hand Technique,,,,Fills & Chops,,,Other
359176,coach-stream,Moto Fukushima - Q&A,,Timing,,,,,,,
359177,coach-stream,From Half To Double Time And Back To Half - Q&A,Hard Rock/Metal,,,,,,,,Performance
359178,coach-stream,Mastering Sticking Patterns - Q&A,,,,,,,,,Other
359561,quick-tips,The Genius Of Taylor Hawkins,,,,,,,,,
359601,course-part,"Flow Like Vinnie, Chop Like Chambers",,,,,,Making Music,,,Gigging Tips & Gear
359606,coach-stream,"Flow Like Vinnie, Chop Like Chambers - Q&A",,Hand Technique,,,,Independence,,,
359686,course-part,How To Master Subdivisions,,Rudiments,,,,Fills & Chops,,,Other
360544,quick-tips,The Advantages Of Open-Handed Drumming,,Hand Technique,,,,,,,
360638,coach-stream,How To Master Subdivisions - Q&A,,Timing,,,,,,,Other
361234,behind-the-scenes,The Drumeo Studio Got A Makeover!,Latin/World,,,,,Grooves,,,
361237,quick-tips,"The Iconic Drumming Behind ""Don't Stop Believin'""",,,,Notation,,Grooves,Fills & Chops,,Other
361347,student-collaborations,#111 - A Tribute To Taylor Hawkins,,Timing,,Notation,Time Signatures,,,,
361830,student-collaborations,"#112 - ""Soca""",,,,,,,,,
362128,student-collaborations,July Student Collaboration Announcement,,,,,,,,,
362145,course,Crafting The Perfect Drum Cover,,,,,,,,,
362146,course,Rhythm & Prog,,,,,,,,Other,Gigging Tips & Gear
362277,course,The Art Of Drum Soloing,,,,,,,,,Other
362482,quick-tips,5 Underrated Rudiments To Level Up Your Drum Fills,,,,,,,,,Performance
362488,student-focus,"Bill_G, ChilliGlow, El Lobo, Jim Lammon, der_jopi",,Rudiments,,,,Fills & Chops,,,
362492,coach-stream,Spotlight With Todd Sucherman: The Drummers Of Steely Dan,,,,,,,,,
362493,spotlight,The Drummers Of Steely Dan,,,,,,,,,
364130,student-focus,Adjusting Set-up And Your Approach To Improve Confidence And Accuracy - Cyber-r,,,,,,Grooves,Fills & Chops,,Other
364262,student-focus,Developing Musicality Through Songs And The Method - Sensei Storm,,,,,,,,,
364266,student-focus,Improving Your Consistency And Feel - Stvn,,,,,,Grooves,Fills & Chops,,Other
364267,student-focus,Improving Transitions For A Beginner Drummer - Mels Bells,,,,,,,,,
364268,student-focus,Improving Sense Of Time On The Pad For Beginners - Aussie-Andre,,Hand Technique,Rudiments,,,,,,
364270,student-focus,Developing Feel By Playing Ghost Notes - IrishRanger,,,,,,,,,
364271,student-focus,Improving Your Vocabulary - Rodrigodelacruz,Hard Rock/Metal,,,,,Fills & Chops,,,
364273,student-focus,Developing Drags And Buzz Rolls On E-kits - Hitashi,,Rudiments,,,,Grooves,Fills & Chops,,
364274,quick-tips,The Iconic Drumming Behind “Separate Ways (Worlds Apart)”,,,,,,,,,
365126,student-focus,Opening Up Your Hands For Technique - Oseas_glzz,,Hand Technique,Rudiments,,,,,,
365198,student-focus,The Real Deal For Hand Dynamics - Decado,,,,,,,,,
365202,student-focus,Learning To Transition Between Acoustic And Electronic Drums - 40K,,,,,,,,,
365207,student-focus,Tweaking Your Setup & Developing Kick Technique - Ben H,,,,,,,,,
365212,student-focus,Making Your Grooves & Transitions Sound Great - Phoibos,,Setup & Tuning,,,,,,,Gigging Tips & Gear
365216,student-focus,Building Confidence Playing In A Big Band - George,,,,,,,,,
365220,student-focus,Improving Time And Consistency For Rock Drumming - Zach Cole,,,,,,,,,
365225,student-focus,Laying It Down With Authority - Lucas Lee,Jazz/Blues,Hand Technique,,,,Independence,,,Gigging Tips & Gear
365630,solos,Evening The Odds: Todd Sucherman’s 2022 Drum Solo,Hard Rock/Metal,Timing,,,,Grooves,Independence,,
365826,student-focus,Improving Consistency With Your Bass Drum Strokes - Mitch M,,,,,,,,,
365926,student-focus,Improving Coordination To Help With Time Feel - Rusty Afro Man,,Foot Technique,Timing,,Ear Training,Independence,,,
365930,student-focus,Developing Skills To Improve Your Feel - Nerdo Ramone,,,,,,,,,
365935,student-focus,Improving Foot Technique To Improve Timing - Shirleyyldu,,,,,,,,,
365938,student-focus,Focusing On Time And Fill Transitions - JohnnyBgoode,,Foot Technique,Rudiments,,,,,,
365945,student-focus,Improving Confidence Across The Drum-set - Stvn,,,,,,,,,
365947,student-focus,Checking In After Playing For 1 Year - CannonChick,,,,,,,,,Practice Tips
365952,student-collaborations,August Student Collaboration Announcement,,,,,,,,,
365963,student-collaborations,"#113 - ""Modern Country""",,Timing,,,,Independence,,,
365969,course,Beyond The Books – A Creative Approach To Jazz Drumming,,,,,,,,,Performance
366098,quick-tips,The Grooves Of Art Blakey,,,,,,,,,
366103,spotlight,Terry Bozzio '77-'84,,Timing,,,,,,,
366806,quick-tips,Why Are Great Drummers Better Than Us,,,,Notation,,Grooves,Independence,,
366939,student-focus,How Sticking Patterns Affect Your Sound - Lateralus,Hard Rock/Metal,Dynamics,,,,Grooves,,,
366943,student-focus,Applying Dynamics Makes Ordinary Grooves Sound Great - Drummer Ian,Hard Rock/Metal,Hand Technique,Dynamics,,,,,,
366950,student-focus,Know Where To Play Fills By Understanding Song Structure - Kleman,,,,,,,,,
366955,student-focus,Develop Better Control By Improving Hand Consistency - EDI,,Hand Technique,Rudiments,,,,,,
366956,student-focus,Improving Time Consistency With Emotional Connection - Sandeepm,,,,,,Grooves,Making Music,,Gigging Tips & Gear
366957,student-focus,Developing Better Hand-To-Foot Control For Better Balance - Mmax66,,,,,,,,,
366962,student-focus,Developing Better Technique To Improve Your Flow On The Drums - Orlando A,Hard Rock/Metal,Rudiments,,Sight Reading,,,,,
366968,student-focus,Jam Critique & Creativity Advice - Aaron T Sparks,,Hand Technique,,,,,,,
366973,student-focus,"Metal Speed, Endurance & Dynamics - Daniel Sato",,Hand Technique,,,,Grooves,,,
366975,student-focus,Making Your Grooves Groovier - Nastua Buyan,Jazz/Blues,,,,,Grooves,,,
367699,student-focus,The Motions Of Disco - Noel S,,,,,,,,,
367703,student-focus,Locking In Your Double Kick - Tabor Carle,,Hand Technique,,,,,,,
367706,student-focus,Maximize Your Drum Fills - Stvn,,Hand Technique,,,,Fills & Chops,,,
367708,student-focus,Moving Around The Kit - Reinout,,,,Time Signatures,,,,,
367713,student-focus,Mastering Rimshots - Brody Corish,,Hand Technique,,,,Fills & Chops,,,
367719,student-focus,Grooving With A Track - Max A. Moore,Hard Rock/Metal,Timing,,,,Fills & Chops,,,
367729,student-focus,Developing More Flow With Odd Time Signatures - Alecu,,Timing,,,,Fills & Chops,Grooves,,
367738,student-focus,A Better Process For Creating Interesting & Supportive Parts - Mitchell Colvin,Hard Rock/Metal,,,,,Grooves,Fills & Chops,,Other
367743,student-focus,Improving Your Fill Vocabulary To Improve Your Timing - Stidger,,,,,,,,,
367895,student-focus,Smoothing Out Your Playing In A Live Setting - Pez,Hard Rock/Metal,,,,,,Grooves,,Practice Tips
367896,student-focus,Better Fill Speed And Accuracy By Building Technique - Matt E,,,,,,,,,Gigging Tips & Gear
367900,student-focus,Taking Your Playing To The Next Level Of Confidence - Jessewees,,,,,,Making Music,,,Gigging Tips & Gear
368185,quick-tips,Learn To Play The Drums In 10 Minutes,,,,,,,,,
368198,quick-tips,9 Iconic Jazz Grooves,,,,,,,,,Practice Tips
368453,quick-tips,8 TOOL Songs You Always Wanted To Play On Drums,,,,Ear Training,,Fills & Chops,Grooves,,
368504,course-part,Q&A With Steve Smith,Hard Rock/Metal,,,,,,,,Performance
368613,student-focus,Using Creativity To Inspire New Ideas With A Band - Reinout,,Hand Technique,,,,,,,
368617,student-focus,Developing Consistency With Hand Technique - Sandstorm 66,,,,,,Grooves,Fills & Chops,,
368618,student-focus,Using Groove Exercises To Improve Your Confidence With Fills - Nate Doggg,,,,,,,,,
368621,student-focus,Taking Technique Improvements From Practice To Performance - JoyB,,Hand Technique,,,,,,,
368622,quick-tips,"Get ""30-Day Drummer"" For Free!",,,,,,Grooves,,,Gigging Tips & Gear
369441,quick-tips,Domino Santantonio Hears Slipknot For The First Time,,,,,,,,,
369511,student-focus,Developing The Drummer's Mindset - Timotej Rajnoha,,,,,,,,,Gigging Tips & Gear
369512,student-focus,Level Up Your Technique With Motions - Vvodrum,Hard Rock/Metal,,,,,Fills & Chops,,,
369513,student-focus,How To Communicate With Your Band Members - Reinout,Hard Rock/Metal,,,Notation,,Fills & Chops,Grooves,,
369514,student-focus,Developing 16th Note Consistency - Kmillon,Hard Rock/Metal,,,,,Fills & Chops,Making Music,,Gigging Tips & Gear
369515,student-focus,Making Your Fills Fit Perfectly With The Music - Justin Keith,,,,,,,,,
369516,student-focus,"How To Improve Your Technique, Timing & Motions - Víctor Van Den Eynde",,Foot Technique,Hand Technique,,,Double Bass,Grooves,,
369517,student-focus,Develop Better Habits With Technique Around The Kit - Max A. Moore,,Hand Technique,Timing,,,Double Bass,,,
370387,student-collaborations,September Student Collaboration Announcement,Hard Rock/Metal,Hand Technique,,,,,,,
370453,student-focus,Showmanship & Metronomes For Live Playing - Stvn,,Dynamics,Foot Technique,,,Grooves,Making Music,,
370455,student-focus,Working On Improvisation With Ghost Notes & Bass Drum Variations - Stev K,Hard Rock/Metal,Foot Technique,Hand Technique,,,Independence,,,
370456,student-focus,Don't Stop Believin' In Your Open Handed Skills! - Der Jopi,,,,Ear Training,,,,,Gigging Tips & Gear
370457,student-focus,Working On Improvisation With Ghost Notes & Bass Drum Variations - Macca,,Dynamics,,,,Grooves,,,
370458,student-focus,Adding Crashes To Any Beat In A Groove - Nik In The Box,,,,,,,,,Practice Tips
370459,student-focus,Developing Creativity While Learning A New Style - Bookitty68,,Foot Technique,Dynamics,Notation,,Grooves,Independence,,
370461,student-focus,Using Your Favorite Songs As Your Teaching Points - MusicDragon,,,,,,,,,Other
370462,student-focus,Simplify A Song To Build Your Coordination - Max A. Moore,,,,,,Fills & Chops,Grooves,,
371188,student-collaborations,"#114 - ""Amusing""",Funk/Disco,,,,,,,,Performance
371197,quick-tips,The Genius Of Elvin Jones,Latin/World,,,Notation,,,,,
371198,performances,"Judas Priest - ""Dissident Aggressor""",Pop/Rock,,,,,,,,Performance
371203,performances,"Jeff Beck - ""The Pump""",,,,,,,,,Performance
371207,performances,"Toto - ""Dave's Gone Skiing""",,,,,,,,,Performance
371213,performances,"Jeff Beck - ""Space Boogie""",Hard Rock/Metal,,,,,,,,Performance
371218,performances,"Simon Phillips - ""Undeviginti""",,,,,,,,,
371222,performances,"Simon Phillips - ""Moments Of Fortune""",Hard Rock/Metal,,,,,Grooves,Independence,,
371227,performances,"Simon Phillips - ""Nyanga""",,,,,,,,,Performance
371351,performances,"Sly & The Family Stone - ""In Time""",Hard Rock/Metal,,,,,,,,Performance
371354,performances,"John Scofield - ""Pick Hits""",,,,,,,,,Other
371359,performances,"Chris Fischer - ""Intermediate Funk""",Funk/Disco,,,,,,,,Performance
371364,performances,"Chris Fischer - ""Basic Funk""",Funk/Disco,,,,,,,,Performance
371535,spotlight,Tony Williams - The Blue Note Years,,,,,,,,,
371741,student-focus,Getting Down The Basics Of Hand Technique - Amanuialm,Funk/Disco,,,,,,,,Performance
371747,student-focus,Using 16th Notes To Improve Your Creativity And Time - Marius The Drummer,,Hand Technique,Rudiments,,,,,,
372523,student-focus,How To Even Out Your Hand Technique - Fragile,,,,,,,,,
372616,student-focus,Smoother Transitions Using Your Ears - Drummy Mummy,,Hand Technique,,,,,,,Gigging Tips & Gear
372620,student-focus,Using Your Setup To Help Improve Technique - Aerynus,,,,Notation,,Fills & Chops,Independence,,
372625,student-focus,Improving Coordination To Develop Fill Creativity - Pat C,,,,,,Grooves,Fills & Chops,,
372630,student-focus,Awesome Technique For Rock - Pietro,,Hand Technique,,,,,,,
372634,student-focus,A Fun Way To Develop Consistency In Timing - St Yves,,,,,,Grooves,,,Practice Tips
372639,student-focus,Applying What You Practice To Your Playing Vocabulary - Dave,,Dynamics,,Notation,,,,,Gigging Tips & Gear
372643,student-focus,Getting More Life Out Of A Fusion & Samba Groove - Ventscho,,Hand Technique,,,,Fills & Chops,,,
372647,student-focus,Spotting And Avoiding Bad Playing Habits - Ospi,Hard Rock/Metal,Hand Technique,,,,Fills & Chops,,,
372651,student-focus,Learning A Song By Leveling Up - PJDrums,Hard Rock/Metal,Hand Technique,,,,Grooves,,,
372657,student-focus,Setting A Groove And Adding Some Feel - Saxtonhill,Jazz/Blues,,,,,Grooves,Fills & Chops,,
373014,student-focus,So You Can Play The Song ... Now What!? - Cyber-r,Pop/Rock,Foot Technique,,,,Independence,,,
373017,student-focus,"Dialing In ""50 Ways To Leave Your Lover"" - Bikiron Hazarika",Hard Rock/Metal,,,,,,,,Gigging Tips & Gear
373020,student-focus,"What Do You Mean, Dynamics!? I'm Playing As Loud As I Can! - Stvn",Hard Rock/Metal,,,,,Grooves,,,
373023,student-focus,Writing Is The Key To Uncovering Your Own Voice - Victor Van Den Eynde,Hard Rock/Metal,,,,,Independence,Grooves,,
373026,student-focus,Un-Monkeying The Monkey Knucklin' - Diego Rosa,,,,,,,,,Practice Tips
373028,student-focus,Develop Your Timing & Vocabulary To Play Your Favorite Songs - Max.a.moore,,Dynamics,,,,,,,
373032,student-focus,Develop Your Independence To Inspire Creativity - StephenN,Hard Rock/Metal,Timing,,,,Grooves,Fills & Chops,,Gigging Tips & Gear
373036,student-focus,Improving The Right Skills To Play With A Band - ChilliGlow,,,,Ear Training,,Fills & Chops,Grooves,,
373284,student-collaborations,October Student Collaboration Announcement,,Foot Technique,,,,,,,
373285,student-collaborations,"#115 - ""All These Things And More""",,Foot Technique,,,,,,,
373290,spotlight,Keith Moon,Hard Rock/Metal,Foot Technique,,,,Independence,,,
373298,boot-camps,Dorothea's Ultimate Flam & Drag Workouts,Hard Rock/Metal,,,,,Independence,,,Practice Tips
373351,student-focus,How To Develop Your Sound On The Drums - Passion4Percussion,,,,Ear Training,,,,,
373355,student-focus,How To Improve Your Bass Drum Doubles - Sandeep,,,,,,Fills & Chops,,,Gigging Tips & Gear
373359,student-focus,Developing Technique To Improve Timing - MajaW,Hard Rock/Metal,Foot Technique,,,,Independence,,,
373361,student-focus,Want To Gain 50 BPM? Do This With Your Pedals! - Daniel Sato,,Hand Technique,Timing,,,,,,
373362,student-focus,"Closing Early: Bad For Business, Worse For Hi-Hats! - Alecu",Hard Rock/Metal,,,,,,,,Gigging Tips & Gear
373365,student-focus,Pulling Back The Highs - Stvn,,Hand Technique,,,,,,,
373617,boot-camps,Dr. Throwdown's Ultimate Single Stroke Workouts,,Hand Technique,,,,Fills & Chops,,,
373719,student-focus,Detail Your Drumming - EDI,,Hand Technique,,,,Grooves,,,Gigging Tips & Gear
373783,student-focus,Making 6/8 Feel Great - IrishRanger,,,,,,,,,Performance
373785,student-focus,How Good Is Good Enough? - David Gaethe,,,,Ear Training,,,,,Practice Tips
373801,student-focus,How To Make Crash-Riding Sound Great - nik_in_the_box,,Timing,,Time Signatures,,Grooves,,,
373813,student-focus,Developing Slide Technique Kick Doubles - BGTEO20,,Hand Technique,Rudiments,,,,,,
373849,student-focus,Shaker Chops! - Agabemnon,,Foot Technique,Hand Technique,,,Grooves,,,
373856,student-focus,Best Practice Routine - Decado,,,,,,,,,Other
373862,student-focus,Groove Control - JohnnyBGoode,Hard Rock/Metal,,,,,Grooves,,,Practice Tips
374010,boot-camps,Dr. Throwdown's Ultimate Double Stroke Workouts,,,,,,Grooves,,,
374011,quick-tips,The Genius Of John Bonham,Hard Rock/Metal,,,,,Grooves,Fills & Chops,,Other
374012,boot-camps,Dorothea's Ultimate Paradiddle Workouts,Hard Rock/Metal,,,,,Grooves,,,Other
374203,student-focus,How Do I Make My Beats Groove? - Denis,,,,,,Fills & Chops,Grooves,,
374206,student-focus,"Dynamics: Kick, Snare, Hats - Nuno JB Silva",,,,,,,,,
374245,student-focus,Do Your Fills Disrupt Your Flow? - Sharetopreet,Hard Rock/Metal,,,,,Grooves,Fills & Chops,,
374278,student-focus,"I've Got The Beat Down, Now What?  - Toshiba Laptop",Pop/Rock,Dynamics,,,,Grooves,,,
374373,student-focus,Developing Beast-Mode Dynamics - Pablo Paco,,,,,,Grooves,,,Practice Tips
374377,student-focus,"How To ""Moeller"" The Hi-Hats - MrDavidDaris",Hard Rock/Metal,,,Ear Training,,Grooves,,,
374381,student-focus,How To Keep A 15-Minute Song Interesting - Kfields,,Hand Technique,,,,Grooves,,,
374387,student-focus,"You Want To Swing It, Not Stab It - Weeg",,Dynamics,,,,Independence,,,
374393,student-focus,Leveling Up Your Rock/Pop Game - JayCookson,,Hand Technique,,,,,,,
374518,student-focus,Adding Variety To A Solid Groove - Mitch,,,,,,,,,Gigging Tips & Gear
374530,student-focus,Keeping Your Snare And Bass Drum In Sync - Kane Marshall,,Hand Technique,,,,,,,Practice Tips
374543,student-focus,Staying In Time With A Track - Jay Cookson,,,,,,Making Music,,,Gigging Tips & Gear
374551,student-focus,A Method For Learning Songs - 404NameNotFound,Hard Rock/Metal,,,,,Grooves,Fills & Chops,,
374576,student-focus,Incorporating Doubles Into Grooves & Fills - Dennis Sullivan,,,,,,Grooves,Making Music,,
374683,student-focus,Linear Playing For Complex Improvisation - Lemuel,Pop/Rock,Timing,,,,,,,Practice Tips
374684,student-focus,Making A Linear Solo Groove - Drummer Ian,,,,,,Grooves,,,Gigging Tips & Gear
374688,student-focus,Finger Control Speed Building - Mariana,Funk/Disco,,,,,Independence,Grooves,,
374692,student-focus,Syncopate Your Ride Like Gene Hoglan - Daniel Sato,,Hand Technique,Rudiments,,,Grooves,Fills & Chops,,
374722,quick-tips,Top 12 Phil Collins Drumming Moments,Hard Rock/Metal,,,,,Fills & Chops,Independence,,
374860,student-focus,The Path Toward Being A Good Drummer - Pete Guitar,,Dynamics,,Ear Training,,,,,Gigging Tips & Gear
374861,student-focus,"Different Kits, Different Dynamics - Lucas Lee",,Rudiments,,,,,,,
374862,student-focus,How To Practice Groove & Dynamics - Stian Stroemmesen,,Hand Technique,Rudiments,,,,,,
374863,student-focus,Where Do I Go From Here? - Markisgod,Hard Rock/Metal,Foot Technique,,,,Independence,,,
374864,student-focus,Your Left Foot Is Subtly Holding You Back - Stvn,,,,,,,,,Practice Tips
374865,student-focus,How To Play Beginner-Level Doubles - Laserman,,,,Time Signatures,,Grooves,Fills & Chops,,
374869,student-focus,Two Hi-Hats? Three Hi-Hats? Who's Counting?! - JohnnyBGoode,Hard Rock/Metal,Dynamics,,,,Grooves,,,Practice Tips
374873,student-collaborations,"#116 - ""Lynyrd Skynyrd Rock""",,Rudiments,,,,,,,
374874,student-collaborations,November Student Collaboration Announcement,,Hand Technique,Rudiments,,,,,,
374877,spotlight,A Summer Tour,,,,,,Grooves,,,Practice Tips
374937,quick-tips,"Todd Sucherman Hears ""Rope"" For The First Time",,,,,,,,,Other
374942,course,The Grooves Of Styx,,Foot Technique,,,,Double Bass,,,
374974,student-focus,The Most Important Thing In Every Style - Jay Cookson,,,,,,Fills & Chops,,,
374976,student-focus,Want Fast Double Kick? Don't Forget To Bring A Towel! - Jean-Pascal,,,,,,Fills & Chops,Independence,,
374978,student-focus,Does Hand Position Matter When Developing Technique? - Dominik,,,,,,Grooves,,,
374983,student-focus,Improving Your Coordination By Playing Around The Kit - Rotlaus,Hard Rock/Metal,,,,,Grooves,Fills & Chops,,
374987,student-focus,How To Set Yourself Up For Success When Recording Yourself - Agabemnon,,Hand Technique,Rudiments,,,,,,
375071,student-focus,Isolating Difficult Sections Of Songs - Scoobeo,Hard Rock/Metal,,,,,,,,Performance
375076,student-focus,Matching The Energy & Vibe Of A Song - The Real Knarles,Hard Rock/Metal,,,,,,,,Gigging Tips & Gear
375265,student-focus,Building Great Technique Habits On The Drums - Edgar,,Hand Technique,Rudiments,,,,,,
375267,student-focus,A Beginner's Guide To Developing Double Strokes - Laserman,,Timing,,Time Signatures,,Grooves,,,
375268,student-focus,How To Develop Your Drumming And Trust Your Ears - Drummerlady,Hard Rock/Metal,,,,,Grooves,,,Other
375272,student-focus,Fine Tune Your Drumming To Make Music Feel Great - Will Ramos,,Hand Technique,Rudiments,,,,,,Gigging Tips & Gear
375279,student-focus,The Gears Of Drum Technique - Mariana,Hard Rock/Metal,Hand Technique,,,,Independence,Grooves,,
375281,student-focus,How To Develop Right Hand Groove Independence - Savage KittyHawk,Hard Rock/Metal,Timing,,,,,,,
375284,student-focus,How To Improve Your Timing For Rock - Omar K,,,,,,,,,Other
375287,student-focus,Maintaining Groove Through Multiple Time Feels - Seck,,,,Ear Training,,Fills & Chops,,,
375300,quick-tips,Musora 2022 Winter Recital Announcement,Hard Rock/Metal,Hand Technique,Rudiments,,,,,,
375324,quick-tips,Jazz Drumming Prodigy Reacts To Whiplash,,Setup & Tuning,Timing,,,,,,Practice Tips
375515,student-focus,Developing Your Creativity To Create The Perfect Drum Parts - Alecu,,,,,,Making Music,,,Gigging Tips & Gear
375517,student-focus,Balancing Your Time Feel On The Hi-Hat And Ride Cymbal - IrishRanger,,Foot Technique,,,,Double Bass,,,
375518,student-focus,Finding The Pulse With A Song And Playing Along To It - Rsmith,Hard Rock/Metal,Foot Technique,,,,,,,
375519,student-focus,A Beginner's Guide To Creative Drum Parts - Max A. Moore,,Timing,,,,Grooves,,,
375520,student-focus,Speed & Fluidity Comes From Your Fingers - Daniel Sato,Hard Rock/Metal,,,,,Grooves,,,
375524,student-focus,Creative Use Of Check Patterns - Lucas Planque,,Hand Technique,Foot Technique,,,Independence,,,
375526,student-focus,The Mechanics Of Fast Double Bass - Jean-Pascal,,Hand Technique,,,,,,,
375527,student-focus,The Little Things Matter When It Comes To Pocket - Joceclam,,,,,,,,,Other
375529,student-focus,Working Out Your Left Foot & Left Hand - Benjf,,,,,,Making Music,,,Gigging Tips & Gear
375650,spotlight,Spatium & Tempus By Alta Forma,Hard Rock/Metal,Foot Technique,,,,Double Bass,,,
376065,student-focus,Dialing In A Drum Fill - Cbdrummond,,,,,,,,,
376066,student-focus,Snare Dynamics Challenge - Stvn,Jazz/Blues,,,,,,,,Other
376068,student-focus,Where Buzzing Works & Where It Doesn't - Michael Cicciu,,,,,,Grooves,Fills & Chops,,Gigging Tips & Gear
376070,quick-tips,Welcome To Musora,,Dynamics,,,,,,,
376181,student-collaborations,Christmas Collaboration Announcement,,,,,,Fills & Chops,,,
376214,student-collaborations,"#117 - ""Purple Fog""",,,,,,,,,Other
376217,student-focus,Developing Your Weaker Hand To Level Up Your Playing - ChilliGlow,Hard Rock/Metal,,,,,,,,Practice Tips
376218,student-focus,Developing Your Independence Improves Your Timing Consitency - BobbyG,,Dynamics,,,,,,,
376219,student-focus,Tips On Grips And Improving Your Feel - Pete Guitar,,Timing,,,,Independence,Grooves,,
376220,student-focus,Staying Relaxed & Focusing On Your Hinge Points - Paul McVeigh,,Hand Technique,Dynamics,,,Grooves,,,
376223,student-focus,What To Do After It Starts To Sound Good? - Andres Lillo,,Dynamics,,,,,,,
376226,student-focus,Crafting The Perfect Build - Cikarda,,,,,,,,,Performance
376227,student-focus,Moeller Whippin' Your Shank Tippin' - D Squared,,Hand Technique,,,,Grooves,,,
376228,student-focus,Loud Is Appropriate Sometimes - Stvn,,,,,,,,,Other
376464,quick-tips,"The Best Gifts For Drummers ($10-$10,000)",,Hand Technique,,,,,,,Practice Tips
376574,student-focus,Start & Stop On A Dime - Daniel Sato,,Hand Technique,,,,Independence,,,Practice Tips
376588,student-focus,Want To Learn Exactly How To Build Your Groove Vocabulary?! - Wurren,,,,,,,,,Gigging Tips & Gear
376595,student-focus,Locking In Your Timing & Coordination - Major Hassle,,Hand Technique,,,,,,,
376600,student-focus,Developing A Consistent Double Stroke Roll - Davi,Hard Rock/Metal,,,,,Grooves,,,
376603,student-focus,Improving Technique & Coordination To Level Up Your Drumming - Farago Istvan,,Hand Technique,Timing,,,Grooves,,,
376721,quick-tips,The Genius Of Stewart Copeland,,,,,,,,,
377134,student-focus,How Drumeo Can Help You Nail The Song! - Venison Joe,,,,,,Independence,Grooves,,
377139,student-focus,Sometimes Flams Aren't Welcome - Stvn,,,,,,,,,
377144,student-focus,Dialing In Hand & Foot Technique - Auburngrad,Hard Rock/Metal,,,,,Independence,,,
377148,student-focus,Coordination Development To Increase Your Vocabulary & Confidence - Aikmayers,,,,,,Fills & Chops,Making Music,,Gigging Tips & Gear
377155,student-focus,Improve Your Feel To Play With Intent - Mark,,Rudiments,,,,Fills & Chops,,,
377158,student-focus,Tools To Improve Your Ability To Read Charts - Don Sanderson Drums,,,,,,,,,
377161,student-focus,Developing Your Independence To Give You More Creative Options - 40k,Hard Rock/Metal,Hand Technique,,,,,,,Gigging Tips & Gear
377163,student-focus,"Starting Out With ""30-Day Drummer"" - Cazancmihai",,,,,,Grooves,Fills & Chops,,
377167,student-focus,Isolating The Problematic Licks - Jay Toz,,Rudiments,,,,,,,
377170,student-focus,Playing What Is Needed For The Music - A7X Death Bat,,Setup & Tuning,,,,,,,Practice Tips
377174,student-focus,Staying Relaxed Around The Kit - Gazza,Hard Rock/Metal,,,,,Grooves,Fills & Chops,,
377240,quick-tips,"Nic Collins Hears ""Whiplash"" For The First Time",,Hand Technique,Foot Technique,,,,,,
377244,quick-tips,5 Easy Songs for Beginner Drummers,Jazz/Blues,Hand Technique,,Sight Reading,,,,,Gigging Tips & Gear
377487,student-focus,Learn How To Identify When You Are Playing In Time - Thomas Dettmann,,Hand Technique,,,,,,,Practice Tips
377490,student-focus,Improve Your Timing To Open Up Your Creativity - StoneDrums,,,,,,,,,Practice Tips
377492,student-focus,How To Play With More Intensity - Yonboy,,Timing,,,,Making Music,,,Gigging Tips & Gear
377496,student-focus,Developing Great Grip Habits - DrummerDog,,,,,,,,,
377499,student-focus,How To Practice Your Drum Fills - PieroKCap,,,,,,Grooves,,,
377500,student-focus,Fills Should Groove Like Your Beats - Spursey,,,,,,Fills & Chops,Grooves,,
377502,student-focus,Time To Practice Relaxing! - John Anders,Jazz/Blues,,,,,,,,Gigging Tips & Gear
377503,student-focus,A Dirty Sandwich Requires Clean Playing - Stev K,,,,,,Fills & Chops,Grooves,,
377505,student-focus,Tightening Up Your Kicks While Loosening Up Your Hands - Dan Zaidan,,,,,,Fills & Chops,,,
377506,student-focus,"Drumeo Student Reviews - How ""Good"" Is Good Enough? - Stvn",Hard Rock/Metal,,,,,Grooves,,,
377507,student-focus,"The Freese Recipe: Pocket, Power & Precision - ChilliGlow",,Foot Technique,,,,Double Bass,,,
377570,quick-tips,"The Iconic Drumming Behind “Crazy Train""",,Timing,,Ear Training,,Grooves,,,
381288,student-collaborations,January Student Collaboration,,,,,,,,,
381322,spotlight,The Drummers Of XTC,Hard Rock/Metal,,,,,Grooves,Fills & Chops,,
381363,student-collaborations,#118 - Jingle Bells,,Timing,,,,Grooves,,,Practice Tips
381491,student-focus,"Tips For Spicing Up ""Four On The Floor"" - StoneDrums",Hard Rock/Metal,Hand Technique,Foot Technique,,,,,,
381493,student-focus,How To Start Practicing Double Bass - Fab C,,Hand Technique,Setup & Tuning,,,,,,Gigging Tips & Gear
381495,student-focus,Making It Slam! Right From The First Note - David Gaethe,,,,,,Fills & Chops,,,
381498,student-focus,Strengthening Your Double Bass - Katie Chase,,Hand Technique,,,,Fills & Chops,,,
381504,student-focus,Leveling Up The Musicality One Notch At A Time - Stvn,,,,Notation,,Independence,Grooves,,
381507,student-focus,The Importance Of Kit Setup & Hand Technique - SMG72,,,,,,Independence,Fills & Chops,,
381510,student-focus,The Technique For TOOL - ItsLizaWithAZ,Pop/Rock,,,Notation,,Grooves,,,
381517,student-focus,Where To Go Next In Method Level 1 - Derek Brown,,Foot Technique,,,,Grooves,,,
381520,student-focus,Working On Transitions & Nailing Fills - Dror A,,,,,,Grooves,Fills & Chops,,Other
381536,student-focus,Develop Your Reading Skills To Speed Up The Learning Process - Emmanmd,Hard Rock/Metal,,,,,Grooves,,,
381540,student-focus,Steady Progress With Daily Focused Practice - Max.a.moore,Hard Rock/Metal,Foot Technique,,,,Double Bass,Fills & Chops,,
381542,student-focus,Change Your Habits While Playing - Stidger,,Foot Technique,,,,Double Bass,,,
381544,student-focus,Developing Facility Without Sacrificing Musicality - Sandro Cuzzetto,,,,Sight Reading,,Independence,,,
381547,student-focus,"Exploring New Beats After ""30-Day Drummer"" - Matei",,,,,,,,,Other
381555,student-focus,How To Work On Limb Independence - Don,,,,Ear Training,,,,,Practice Tips
381567,student-focus,Engaging Your Wrist With The Moeller Method - Mboisclair,,Hand Technique,Rudiments,,,Fills & Chops,,,
381657,quick-tips,The Drumming Of “Nevermind” (Nirvana),,,,,,,,,Performance
381802,student-focus,Always Feeling Comfortable With Where The Downbeat Is - Amit,Hard Rock/Metal,Foot Technique,,,,Independence,,,Practice Tips
381817,student-focus,Using Levels Of A Song To Solidify Timing - Jean-Marc,,Timing,,,,Grooves,,,
381829,student-focus,Developing Your Creativity & Playing In The Moment - IrishRanger,Hard Rock/Metal,Foot Technique,,,,,,,
381835,student-focus,Working Towards Becoming An Intermediate - Stuartn,Jazz/Blues,,,,,,,,
381838,student-focus,Playing In Time Through Drumless Tracks - Peter Hutchinson,,,,,,Making Music,,,Gigging Tips & Gear
381839,student-focus,Fine Tuning Your Single Stroke Roll - Eagor,Pop/Rock,,,,,Independence,,,
381840,student-focus,Working Through Left Hand Syncopation - Gleb Mars,,Timing,,,,,,,
381841,student-focus,Developing Creativity To Create Better Drum Parts - Alecu,,Setup & Tuning,,,,,,,Gigging Tips & Gear
381851,student-focus,Fixing Your Stick Moving Up Your Hand - Thomas Dettmann,,Hand Technique,,,,Independence,,,
381854,student-focus,Improving Time & Coordination Fundamentals For Intermediates - Daniel San,,,,,,Fills & Chops,,,
381856,student-focus,Building Confidence For Fills & Transitions - Bookitty68,,Rudiments,,,,Making Music,,,Gigging Tips & Gear
381870,student-focus,Developing Creative Drum-set Vocabulary With Rudiments - Caleb Weiler,,,,,,,,,Gigging Tips & Gear
381872,student-focus,Developing Feel For Jazz - Eleftheria,Pop/Rock,Timing,,,,,,,
381874,student-focus,Get Up On The Down Stroke - Jan,,Hand Technique,Rudiments,,,,,,
381875,student-focus,It All Starts With Grip! - Heavy D,,Hand Technique,Rudiments,,,,,,
381876,student-focus,The Best Way To Record Covers - Venison Joe,,,,,,,,,Practice Tips
381877,student-focus,There's More Than One Way To Play Anything - WaldePolido,,Hand Technique,,,,,,,
381879,student-focus,How To Tune Your Floor Toms - Liamhopkins,,Hand Technique,,,,Grooves,,,Gigging Tips & Gear
381880,student-focus,Learning The Most Important Drummer Skill! - Spursey,,,,,,Making Music,,,Gigging Tips & Gear
381882,student-focus,Figuring Out What To Practice - ChilliGlow,,,,,,,,,Practice Tips
381883,student-focus,How To Start Working On Your Drum Soloing - Athey,Hard Rock/Metal,,,,,Grooves,Fills & Chops,,
381886,student-focus,Let's Smash Some Pumpkins! - Macca,,Timing,,,,,,Gigging Tips & Gear,Practice Tips
381889,student-focus,Developing Your Bass Drum Doubles - ItsLizaWithAZ,,Hand Technique,Rudiments,,,,,,
381892,student-focus,How To Set Practice Goals & Improve On The Drums - Vvodrum,,,,,,,,,
381951,quick-tips,"The Iconic Drumming Behind “Here I Go Again""",Hard Rock/Metal,Timing,,,,Independence,,,
381973,student-focus,Tweaking Your Setup For Comfort - Sal Boscareno,,Hand Technique,Rudiments,,,,,,
381974,student-focus,Exploring Creativity In Odd Time Signatures - Chris Combs,,,,,,,,,
381976,student-focus,How To Get Great At Playing Slow - CWRoast,Pop/Rock,,,,,Grooves,,,
381978,student-focus,"If It Sounds Good, It Is Good - Stvn",Hard Rock/Metal,Timing,,,,,,,Gigging Tips & Gear
381979,student-focus,"Dialing In The ""I Will Remember"" Groove - Rob James",,,,,,Grooves,,,Gigging Tips & Gear
381981,student-focus,Leveling Up Though Better Coordination And Timing - Max.a.moore,,Hand Technique,Foot Technique,,,,,,
381983,student-focus,How To Develop Good Timing Habits When Learning A Song - Lennyinfla,,Timing,,,,Grooves,Fills & Chops,,
382226,student-focus,Sound Better With Your Band - Francisco Alarcon,,,,,,Grooves,,,Practice Tips
382283,student-focus,How Technique Can Fix Your Backbeat - JKeats,,,,Time Signatures,,Making Music,,,
382285,student-focus,How To Level Up Your Hand Technique - Shir.dtx,,Timing,,,,Grooves,Fills & Chops,,
382287,student-focus,Next Steps For Hand & Foot Technique - Jan,,Hand Technique,,,,,,,
382288,student-focus,Why Do Session Drummers Sound So Good? - Gleb Mars,,,,,,Grooves,,,
382291,student-focus,Open Mic Advice - Saxtonhill,Hard Rock/Metal,,,,,Grooves,Fills & Chops,,
382293,student-focus,Slowing Down To Focus On Groove - Acunhag,,,,,,,,,
382294,quick-tips,The Genius Of Travis Barker,,Timing,,,,Independence,,,
383532,student-focus,Isolation Is The Key To Improving Your Feel - DrummingRen,,Timing,,,,,,,Practice Tips
383535,student-focus,"When Rhythms Are Complicated, Execution Must Be TIGHT - Drummer Ian",Hard Rock/Metal,Hand Technique,,,,Grooves,,,
383536,student-focus,How To Get The Best Sound From Your Cross Stick - Daniel Sato,,Hand Technique,,,,Grooves,Making Music,,Practice Tips
383539,student-focus,Improving Wrist Control For Better Speed And Control - KevyF,,Timing,,,,Grooves,,,
383541,student-focus,Focusing Your Ideas To Develop Flow And Feel - Puru,,,,,,,,,
383546,student-focus,What You Can Learn On The Job When Playing With A Band - MaxAMoore,,,,,,Fills & Chops,,,
383552,student-focus,How To Give Your Swing-Feel Momentum - Jay Cookson,Hard Rock/Metal,,,,,Fills & Chops,,,
383585,student-focus,Maintaining Flow Through Fills - Bsamson,,,,,,,,,Practice Tips
383586,student-focus,How To Get Comfortable With Open-Handed Playing - Jan,,Hand Technique,,,,Grooves,,,Gigging Tips & Gear
383592,student-focus,"Isolating Difficult Fills In ""21 Guns"" - Jkeats",,,,,,Fills & Chops,,,
383593,quick-tips,10 Classic Beats For The Funky Drummer,,Foot Technique,Hand Technique,,,Double Bass,,,
383595,student-focus,Building Blocks For Double Bass - Edgar,,Hand Technique,Rudiments,,,,,,
383598,student-focus,Where To Go As An Intermediate -  Elephantsrox,Hard Rock/Metal,,,,,Grooves,Fills & Chops,,
383600,student-focus,Executing Proper Fills For The Song - Graphic Designer Don,Hard Rock/Metal,,,,,,,,
383853,student-collaborations,February Student Collaboration Announcement,,Timing,,,,Grooves,,,
386141,student-focus,Developing Kick Doubles In Context - Cyber R,Hard Rock/Metal,,,,,,,,
386146,student-focus,Shakin' Things Up & Makin' New Beats! - Michael F,Hard Rock/Metal,,,Notation,,Grooves,,,
386151,student-focus,Addressing Double Kick Inconsistencies - Gleb Mars,Jazz/Blues,Timing,,,,,,,
386154,student-focus,Playing Tight And Loose At The SAME Time!? What?!? - Neil B,,Rudiments,,,,Making Music,,,Practice Tips
386157,student-focus,Tips For Soloing In Jazz - Joe,Funk/Disco,,,,,Grooves,,,
386160,student-focus,Developing Up-Tempo Jazz Playing - Billybyrd,Hard Rock/Metal,Hand Technique,Foot Technique,,,Independence,Grooves,,
386165,student-focus,Levelling Up Your Drum Solo - A280264,,,,,,,,,Other
386168,student-focus,"Mastering ""Tom Sawyer"" On The Drums - Drummerwilly",,Hand Technique,Rudiments,,,Independence,,,
386170,student-focus,Balancing Your Hands With Inverted Doubles - Matachos,,Timing,,,,,,,
386172,student-focus,Learn To Find Your Voice With Songs You Want To Play - Roberto,Jazz/Blues,,,,,Making Music,,,Gigging Tips & Gear
386176,student-focus,Should I Learn To Read? - Jeff Eubanks,,,,,,Making Music,,,Gigging Tips & Gear
386180,student-focus,How To Play By Ear - Mels Bells,,Hand Technique,Foot Technique,,,Independence,,,
386186,student-focus,All About Creativity - Joshua Gonzalez,,,,Ear Training,,,,,Gigging Tips & Gear
386187,student-focus,Expanding On Grooves You Already Know - Matei,,,,,,Fills & Chops,,,Practice Tips
386191,student-focus,Applying Your Practice Routine To Songs - Pierokcap,,Rudiments,,Notation,,Making Music,,,
386194,student-focus,Using Solo Vocabulary In Songs - Drummerdude,,Rudiments,,Notation,Sight Reading,Independence,,,
386198,student-focus,Improving Your Flow With Hand And Foot Combinations - Lucaslee,,,,Ear Training,,Making Music,,,Gigging Tips & Gear
386289,quick-tips,The Genius Of Ringo Starr,Hard Rock/Metal,,,,,,,,Performance
386408,spotlight,Pioneers Of The Trap Set,,Foot Technique,Hand Technique,Notation,,Double Bass,Independence,,
386409,student-collaborations,"#119 - ""Sweet Child O' Mine""",,Foot Technique,Hand Technique,,,Double Bass,,,
386438,quick-tips,"Play ""Californication"" On The Drums (5 Levels)",,,,,,,,,Practice Tips
386491,student-focus,Isolating And Improving Grip & Technique Habits For Smoother Drumming - Illimani,Hard Rock/Metal,,,,,Independence,,,Gigging Tips & Gear
386493,student-focus,Using Your Camera To Improve Your Drumming - Max.A.Moore,,Hand Technique,,,,Fills & Chops,,,
386497,student-focus,Getting From Good To Great With Your Band - Vaggelis Koltsidas,Hard Rock/Metal,Hand Technique,Rudiments,Sight Reading,,,,,
386498,student-focus,Tips & Tricks For Improving Your Timing - Steevc,,,,,,Independence,Fills & Chops,,
386501,student-focus,Moving Beyond Beginner Drumming - DownAnda,,Foot Technique,,,,Double Bass,,,
386504,student-focus,Tightening Up The Double Bass Pyramid - Ronnie Spite,,Hand Technique,,,,,,,
386506,student-focus,Learning To Read Will SUPERCHARGE Your Drumming - Oliverincavtat,,,,,,Grooves,,,
386507,student-focus,Getting Started With Hand Technique - Lelan Gimnick,Pop/Rock,Timing,,,,,,,Gigging Tips & Gear
386509,student-focus,Improving Your Limbs Through Independence - Ginger Witch,,,,,,Grooves,Making Music,,Gigging Tips & Gear
386512,student-focus,Laying Down A Rock-Solid Groove - Xaveria,Pop/Rock,,,,,Grooves,Fills & Chops,,
386515,student-focus,Building Up A Song - Piece By Piece - Gunderbuddy,Jazz/Blues,,,,,Grooves,Fills & Chops,,
386718,quick-tips,Brandon Toews Learns “The Dying Song” As Fast As Possible,,Foot Technique,,,,Double Bass,,,
386813,student-focus,How To Balance Your Double Bass Playing - Bial,Hard Rock/Metal,Foot Technique,,,,,,,
386814,student-focus,The Importance Of The Limb That Gets The Least Attention - D Squared,,Hand Technique,Foot Technique,,,,,,
386817,student-focus,What Do You Mean 'Dynamics?!' ...I'm Playing As Loud As I Can! - Sturl,,Timing,,,,Grooves,,,
386818,student-focus,Develop Your Drumming Creativity By Dialing In The Skills You Have - Derd,,Hand Technique,Foot Technique,,,Independence,,,
386820,student-focus,Fine Tune Your Technique & Use Songs As A Teaching Point - Whole Lotta’Lugs,Hard Rock/Metal,Hand Technique,Dynamics,,,,,,
386853,student-focus,Deconstructing Your Groove To Work On Timing - Zombiekillr,Pop/Rock,,,,,Grooves,,,
386857,student-focus,Isolating Difficult Parts To Smooth Out Your Playing - Peter Joseph,,Hand Technique,Dynamics,,,,,,Practice Tips
386860,student-focus,The Fine Points Of Technique & Independence - Matthew Ruggiero,,Dynamics,,,,Independence,,,
386966,spotlight,Phil Collins - The Genesis Years - Part #1,Hard Rock/Metal,Foot Technique,,,,Grooves,,,Practice Tips
386969,quick-tips,We Made 4 Legendary Drummers Play The Same Song,,,,Time Signatures,,Grooves,,,
387041,student-focus,Use Your Favorite Songs To Map Out Where To Focus Your Practice - Drummerlady,,,,,,Fills & Chops,,,
387042,student-focus,Charting And Bass Drumming - CGemini,,Foot Technique,Timing,,,Independence,,,Gigging Tips & Gear
387047,student-focus,Planning Fills For Drum Breaks - Juankaeq,,,,,,Grooves,,,Gigging Tips & Gear
387048,student-focus,Building Up To Better Timing & Independence - Shiffa,,,,,,Grooves,Fills & Chops,,Gigging Tips & Gear
387052,student-focus,How To Make Odd Time Feel Natural - Oliverincavat,,Foot Technique,,,,,,,Gigging Tips & Gear
387057,student-focus,What's The Best Next Step Toward My Goals? - Diana Porta,,,,,,,,,Gigging Tips & Gear
387060,student-focus,"It Sounds Good, How Do We Make It Sound GREAT!? - Aaron L",,Hand Technique,Foot Technique,,,,,,
387062,student-focus,Making What You Play Sound Good - Irish Ranger,,Rudiments,Hand Technique,,,,,,Practice Tips
387063,student-focus,Time To Focus On Technique & Vocabulary - Killerbiet,Hard Rock/Metal,,,,,,,,Gigging Tips & Gear
387065,student-focus,Open Handed Drumming - Is It For Me? - Zombieeater,,,,Notation,,Grooves,Making Music,,Practice Tips
387194,student-collaborations,March Student Collaboration Announcement,,,,,,Grooves,Independence,,
387255,student-collaborations,"#120 - ""Lovely Day""",Funk/Disco,,,,,,,,Gigging Tips & Gear
387316,student-focus,Developing Better Bass Drum Control - Yasirqureshi,,Foot Technique,,,,,,,
387321,student-focus,Strengthen Your Bass Drum Foot - DrummyJoe,,Hand Technique,Foot Technique,,,,,,
387324,student-focus,Improving Your Coordination To Improve Your Flow - Jason Clapp,,Foot Technique,Timing,,,,,,
387326,student-focus,Developing Your Voice For More Confident Fills & Transitions - Pat C,,,,,,,,,Performance
387327,student-focus,Improving Single Stroke Speed By Focusing On Grip & Motions - Elephantrocks,,Foot Technique,Rudiments,,,Grooves,Making Music,,Gigging Tips & Gear
387330,student-focus,Practice & Play With The Same Grip - XrayDave,,Hand Technique,,,,,,,Gigging Tips & Gear
387344,student-focus,Tightening Things Up With Technique - Devon Wynn,,Hand Technique,,,,Grooves,,,Practice Tips
387353,student-focus,Play In Time Before Moving On - Eagor,,Timing,,,,Grooves,,,
387359,student-focus,Move To The Music! - Alex C.,,,,,,Fills & Chops,,,
387404,student-focus,Making Your Grooves Super Solid - Postcards,Hard Rock/Metal,,,,,Grooves,Fills & Chops,,Other
387405,student-focus,What's The Number One Cause Of Drumming Injury? - Sunburntfish,,Hand Technique,Rudiments,,,,,,
387406,student-focus,Bad Habit Check For Smooth Progress - Maulwurfelchen,,Hand Technique,Foot Technique,,,,,,
387408,student-focus,Loosening Up While Playing Tight - Josephxjoenkins,Hard Rock/Metal,Rudiments,Hand Technique,,,Independence,,,Practice Tips
387409,student-focus,How Not To Break Your Crashes - Chris Wayne,,Rudiments,Timing,,,,,,Gigging Tips & Gear
387414,quick-tips,The Genius Of Vinnie Paul,,,,,,,,,Other
387567,student-focus,Technique Will Help With Timing And Feel - Threshold66,,Hand Technique,Rudiments,,,,,,
387569,student-focus,When It's Time To Level Up - RobertCBush III Esquire,,,,,,,,,
387573,student-focus,Mastering The One-Bar Fill - Sal Boscareno,Hard Rock/Metal,,,,,Grooves,Fills & Chops,,
387576,student-focus,Better Single Stroke Control To Improve Flow On The Drums - Moxypants,,Hand Technique,,,,,,,
387578,student-focus,Developing Your Listening Skills To Improve Your Feel - Sandeep,,,,Ear Training,,Grooves,,,Practice Tips
387580,student-focus,Improve Your Consistency Using Coordination Exercises - Thomas Dettmann,,Foot Technique,,,,Double Bass,,,
387582,student-focus,Develop Your Sense Of Time & Feel By Focusing On The Motions - Bruce Baxter,,,,Ear Training,,Fills & Chops,,,
387607,student-focus,From Beginner To Intermediate Drummer - Decado,Hard Rock/Metal,,,Ear Training,,Grooves,,,Gigging Tips & Gear
387609,student-focus,Adding Variety To Your Blues Playing - Bob Raiano,,Timing,,,,Grooves,Fills & Chops,,
387614,student-focus,"The First Day Of ""30-Day Drummer"" - Ken Dulude",,,,,,Making Music,,,Gigging Tips & Gear
387619,student-focus,Building Comfort With Your Opposite Limbs - Slappy Funk Fingers,,Timing,,Time Signatures,Notation,Grooves,,,
387625,student-focus,Getting In And Out Of Fills Smoothly - DrumStyx,Hard Rock/Metal,,,,,Independence,,,
387629,student-focus,Tweaking Your Kit Setup - Joe Momma,,Hand Technique,Foot Technique,,,,,,
387633,student-focus,Learning To Syncopate 16ths Without A Reference - JoyB,,,,,,,,,Practice Tips
387635,student-focus,"How To Stop ""Trying"" While You Play Weird Grooves - Stev K",Jazz/Blues,,,,,Grooves,Fills & Chops,,
387637,student-focus,Building Speed On Your Hands & Feet - I Tiny Drummer,,Hand Technique,Timing,,,,,,
387707,student-focus,How To Make Your Flams Clear And Precise - Shir Dtx,,Hand Technique,Rudiments,,,,,,
387710,student-focus,Kickin' Up Your Double Kick A Notch - Lucas Planque,,Setup & Tuning,Hand Technique,,,,,,Gigging Tips & Gear
387718,student-focus,"Learning How To ""Improvise"" Hand-To-Foot Combos - Daniel Sato",,Foot Technique,Hand Technique,,,,,,
387818,performances,"Michael Jackson's Drummer Jonathan Moffett Performs ""Billie Jean""",,Hand Technique,,,,,,,Practice Tips
387870,student-focus,How To Push Yourself To Play Faster Songs - ChristineB,,,,,,Fills & Chops,Grooves,,
387874,student-focus,Momentum And Punch Are The Keys To Driving Grooves - XrayDave,,,,,,Grooves,,,
387877,student-focus,Turn A Fill Idea Into A Groove Idea - Aaron L,Pop/Rock,,,,,,,,Performance
387879,student-focus,Dividing A Groove Into Separate Pieces - Alex Drummer,,,,,,Fills & Chops,,,
387906,student-focus,Getting More Reps In For Fills - Skarack,,Hand Technique,,,,Grooves,,,Practice Tips
387909,student-focus,Stronger Coordination For More Relaxed Drumming - Noel Egan,,Foot Technique,Setup & Tuning,,,,,,Gigging Tips & Gear
387911,student-focus,Ergonomic Setup For Better Foot Technique - Juliette Blanchar,,,,Notation,,Grooves,,,
387950,student-focus,Develop Good Habits At Your Pace - Music Monster,,,,Notation,,Fills & Chops,Independence,,
387955,performances,Drumming To Every Foo Fighters Song In One Take! (183 Songs),Hard Rock/Metal,,,,,,,,Practice Tips
388099,student-focus,"Fine Tune Your Timing, Dynamics And Feel - Bill G",,,,Notation,,Grooves,Fills & Chops,,Practice Tips
388101,student-focus,"Setting New Goals After ""30-Day Drummer"" - Ken Dulude",,Dynamics,Timing,,,Grooves,,,
388103,student-focus,Developing More Consistent And Faster Paradiddles - David Cohen,,Foot Technique,,,,Independence,,,
388108,student-focus,How To Build Up Your Double Strokes - Cdbrummond,Hard Rock/Metal,,,,,Independence,,,Practice Tips
388111,student-focus,"Another Successful ""30-Day Drummer""! - JillyOvi",,,Timing,,,,,,
388115,student-focus,"Bass Drum Control, Independence And Technique - Drumeo Lover",,Hand Technique,Rudiments,,,,,,
388123,student-focus,The Next Steps Of Your Journey - Shayne Williams,Hard Rock/Metal,,,,,Grooves,Fills & Chops,,
388138,student-focus,Relaxing Your Arm Motions - ItsLizaWithAZ,,Hand Technique,Rudiments,,,,,,
388147,student-focus,Can Playing With Loops Help Your Timing? - Stvn,Hard Rock/Metal,,,,,,,,
388149,student-focus,Diving Into Independence - Stellartois,,,,Ear Training,,Grooves,Fills & Chops,,
388196,quick-tips,Estepario's Favorite One-Handed Licks,Pop/Rock,Hand Technique,Rudiments,,,,,,
388198,spotlight,Phil Collins - The Genesis Years - Part #2,,,,,,,,,Other
388199,course,Fastest Way To Get Faster,,Hand Technique,,,,Fills & Chops,,,
388256,student-collaborations,April Student Collaboration Announcement,Hard Rock/Metal,,,,,,,,
388403,student-focus,Having A Plan For Tricky Fills - PapiLongLegs,,Foot Technique,,,,Independence,,,
388406,student-focus,Building Up A Slow Blues Groove - Mousi,,,,,,,,Practice Tips,Gigging Tips & Gear
388409,student-focus,"Progress Made With ""30-Day Drummer"" - JillyOvi",,Hand Technique,,,,,,,
388411,student-focus,Solidifying Your Timing When Jamming With Others - Reinout,Hard Rock/Metal,,,Time Signatures,,Independence,,,
388412,student-focus,Developing Fluidity Around The Kit - Alex C.,,Foot Technique,,,,Double Bass,,,
388435,student-focus,Confident Timing Through Fill Transitions - Jailhouse Ali,,Timing,,,,,,,Gigging Tips & Gear
388448,student-focus,'90s Drumming Stylistic Choices - Jan311,,Hand Technique,Timing,,,Fills & Chops,,,
388451,student-focus,Project Your Enthusiasm In Front Of An Audience! - Stvn,,,,,,Independence,,,
388453,student-focus,Building Skills For Advanced Drumming - Cacio,Hard Rock/Metal,,,,,Fills & Chops,,,
388457,student-focus,Developing Your Shuffle Like A Boss - Agabemnon,,Rudiments,Timing,,,Independence,,,
388510,student-focus,Driving Rock Fills Without Rushing - IrishRanger,,,,Notation,,Fills & Chops,,,Practice Tips
388512,student-focus,Balanced Development - Lucas Planque,Jazz/Blues,Timing,,,,Grooves,Fills & Chops,,
388514,student-focus,Building Back Up From The Basics - G Spot,Hard Rock/Metal,,,,,,,,Practice Tips
388628,student-collaborations,"#121 - ""Learn To Fly""",,Rudiments,Hand Technique,,,,,,
388749,student-focus,Getting Started With Loosening Up - Anna Ellyce,Hard Rock/Metal,,,,,Grooves,Fills & Chops,,Other
388753,student-focus,How To Develop Your Doubles As A Beginner - DagmarB,,,,,,Fills & Chops,,,
388756,student-focus,Dialling In Your Double Stroke Roll - Ingolf,,Rudiments,,,,Fills & Chops,Independence,,
388760,student-focus,"When Your Time Is Solid, The Click Is Like Cruise Control - James Welling",,Rudiments,Hand Technique,,,,,,
388763,student-focus,Making A Good Fill Sound Great! - Nikki,,Timing,,,,Grooves,Fills & Chops,,
388766,student-focus,Make The Motions Feel Normal - SPZD,,Dynamics,,,,Fills & Chops,,,
388768,student-focus,How To Practice Pocket & Transitions - StuartN,,Hand Technique,Rudiments,,,,,,Gigging Tips & Gear
388829,quick-tips,"Thomas Lang Learns ""Lux Æterna"" As Fast As Possible",,Timing,,,,Grooves,,,Gigging Tips & Gear
388916,student-focus,Half Of Four On The Floor!? - Stvn,Hard Rock/Metal,Dynamics,,,,Fills & Chops,Independence,,
388918,student-focus,Stepping Up Your Beat & Fill Game - Jordan E93,,Hand Technique,,,,Grooves,,,Gigging Tips & Gear
388922,student-focus,Improving Your Rock Drumming Game - James Welling,,,,,,Fills & Chops,,,
388925,student-focus,How To Make Your Grooves Sound More Relaxed - Forcey,,,,,,Fills & Chops,,,Practice Tips
388928,student-focus,Getting Comfortable With 6/8 - Dinomite34,,,,,,,,,Performance
388932,student-focus,Nailing Drum Fills & Transitions - CJ,Hard Rock/Metal,,,Time Signatures,,Grooves,Fills & Chops,,
388935,student-focus,Evening Out The Right/Left Imbalance - Aaron T Sparks,Hard Rock/Metal,,,,,Grooves,Fills & Chops,,
388938,student-focus,Getting Away From What Is Written In A Chart - Rebobd,,Hand Technique,,,,,,,
388939,student-focus,Building Endurance With 16th Notes - Thomas Dettmann,,Rudiments,,,,,,,
388966,student-focus,Starting To Explore Fills In Your Playing - Matei,Hard Rock/Metal,,,,,,,,Gigging Tips & Gear
389181,quick-tips,Bass Drum Speed Secrets With El Estepario,,,,Notation,,,,,
389195,quick-tips,The Genius Of Roger Taylor,,,,,,,,,Other
389197,quick-tips,"Jonathan ""Sugarfoot"" Moffett Hears Linkin Park For The First Time",,Dynamics,Hand Technique,,,Fills & Chops,Independence,,
389324,student-focus,Clearly Project Your Rhythms To Your Neighbors - Lucas Lee,,Foot Technique,,,,,,,
389329,student-focus,Making Your Drumming Sound Musical - Dror A,Pop/Rock,,,,,,,,Gigging Tips & Gear
389332,student-focus,Playing Only The Notes You Want - Riccardo Monticelli,Hard Rock/Metal,,,,,,,,Gigging Tips & Gear
389335,student-focus,Stepping Up Your Beat Game - Alien Drummer,,Hand Technique,Foot Technique,Notation,,Independence,,,
389339,student-focus,Kickin' Up Your Beats A Notch! - LayZDrummer,,,,,,,,,Practice Tips
389344,student-focus,Developing Dynamics To Improve Consistency - Sandro Cuzzetto,,Dynamics,,,,Grooves,,,Gigging Tips & Gear
389345,student-focus,Fine Tuning Your Technique - Rusty Afro Man,Hard Rock/Metal,Dynamics,,,,,,,
389459,student-focus,It's Time For Level 2! - Salbjr,Hard Rock/Metal,,,,,Grooves,,,
389694,student-focus,Speed & Endurance Requires A Unique Approach - Jopi,,Hand Technique,,,,Fills & Chops,,,Gigging Tips & Gear
389697,student-focus,Double Kick Is The Cheat Code Of Polyrhythm Development! - Gleb Mars,,Hand Technique,,,,,,,
389698,student-focus,Bass Drum Power! - DrummerIan,Hard Rock/Metal,Hand Technique,,,,,,,Practice Tips
389701,student-focus,How Doubles Work & How To Practice Them - SergeL,,Foot Technique,,,,Grooves,,,
389704,student-focus,How To Develop Your Playing As A Beginner - Christiane Lane,,Setup & Tuning,,,,,,,Practice Tips
389705,student-focus,How To Improve Your Fill Transitions And Overall Sound - Doctor U,,,,,,Making Music,,Gigging Tips & Gear,Practice Tips
389706,student-focus,How To Keep Developing And Learning Every Day - Zoom,,Foot Technique,,,,,,,Gigging Tips & Gear
389709,student-focus,How To Build Creativity With Linear Fills - Mcorbett,,Foot Technique,,Time Signatures,,Double Bass,,,
389711,student-focus,The Balance Of Creativity & Simplicity - Daniel Skoffa,,Foot Technique,,,,Double Bass,,,
389712,student-focus,"How To Practice Speed For ""Everlong"" - Fly",,Hand Technique,Rudiments,,,,,,
389820,behind-the-scenes,Behind The Scenes With Chad Smith,,,,,,Fills & Chops,,,
389882,student-collaborations,May Student Collaboration Announcement,,,,,,,,,
389884,student-collaborations,"#122 - ""We Are The Champions""",,Hand Technique,,,,Grooves,Fills & Chops,,
389885,student-focus,Relaxed Playing Starts With Relaxed Motions - AlienDrummer,,,,,,Grooves,,,Gigging Tips & Gear
389887,student-focus,How To Make A Good Groove Sound Great - D Squared,,Foot Technique,,,,Grooves,Making Music,,Gigging Tips & Gear
389890,student-focus,Writing Your Own Drum Parts - Xaveria,Hard Rock/Metal,,,,,Grooves,,,Practice Tips
389892,student-focus,Ergonomics With Unusual Kit Set-ups - D Augen,,,,,,,,,Other
389896,student-focus,Developing Balanced Hands By Moving Around The Kit - Hunterw8,,Hand Technique,Rudiments,,,Grooves,,,
389898,student-focus,How To Develop Open-Handed Drumming - Superrad,,Dynamics,,,,Grooves,,,Gigging Tips & Gear
389899,student-focus,Better Sense Of Time And Confidence With Fills - Lars The Instigator,,Setup & Tuning,Hand Technique,,,Grooves,,,
389900,student-focus,Brushes Are Not Just For Jazz! - IrishRanger,,,,,,Making Music,,,Gigging Tips & Gear
389903,student-focus,How Lazy Is Lazy Enough In Reggae!? - Taeggi Ezio,,Timing,,,,Fills & Chops,,,
389905,student-focus,Developing Flow With Advanced Ideas - Dylan T.,Latin/World,,,,,Grooves,,,
389944,student-focus,Using A Song As A Warm-up And Practice Routine - AshleyGud,Pop/Rock,,,,,Grooves,Fills & Chops,,
389945,student-focus,Consistency In Fast Songs - Sensei Diddle,,Dynamics,,,,Fills & Chops,Grooves,,
389947,student-focus,Adding Your Own Drum Parts To Songs - Alex997,,,,,,,,,
389948,student-focus,Staying Consistent In & Out Of Fills - Bob Raiano,,,,,,Making Music,,,Gigging Tips & Gear
389949,spotlight,Phil Collins - The Genesis Years - Part #3,,,,,,,,,Performance
390270,student-focus,Staying Consistent In A Disco Style - ZackB,Hard Rock/Metal,,,,,Grooves,Fills & Chops,,Other
390272,student-focus,Achieving Cleanliness Through Repetition - Alex Drummer,,Setup & Tuning,,,,,,,Gigging Tips & Gear
390274,student-focus,Working Up To A Steady Groove - Sal Boscareno,,Dynamics,,,,Grooves,Independence,,
390275,student-focus,Getting Comfortable With Odd Timings - PJ Giovanniello,,,Timing,,,Fills & Chops,Grooves,,
390277,student-focus,Learning To Relax On The Drums - ItsLizaWithAZ,,,,,,Grooves,Fills & Chops,,Practice Tips
390279,student-focus,Clean Up Your Drumming - LaBestiaHumamaMX,,,,,,Grooves,Fills & Chops,,Gigging Tips & Gear
390280,student-focus,Challenge Yourself - Drummermomcjs,Hard Rock/Metal,Rudiments,,Time Signatures,,,,,
390317,student-focus,Forging Better Foo Feel - Muginson,Hard Rock/Metal,,,,,Independence,,,
390319,student-focus,Setting Up To Prolong Cymbal Life - AJ De Jesus,Pop/Rock,,,,,,,,Gigging Tips & Gear
390323,student-focus,Solidifying Parts On Their Own - Eagor,,,,,,Making Music,,,Gigging Tips & Gear
390326,student-focus,What's Different About The Feel? - Stev K,,Foot Technique,Timing,,,Fills & Chops,,,
390329,student-focus,"How To Play Rhythmically ""Out"" Pieces - Daniel Sato",Funk/Disco,,Timing,,,Grooves,,,
390345,student-focus,Break Stuff Without Breakin' Stuff! - Matie,Hard Rock/Metal,Foot Technique,,,,Grooves,,,Gigging Tips & Gear
390351,boot-camps,The Ultimate Paradiddle Chops Workout,,Hand Technique,,,,,,,
390423,quick-tips,ZackGrooves Hears Architects For The First Time,,,Timing,,,,,,Gigging Tips & Gear
390589,student-focus,Improving Your Vocabulary - Emmajay,,,,Sight Reading,,,,,Practice Tips
390591,student-focus,Better Hands And Mind - Deathmetaldan,,Hand Technique,,,,,,,
390609,student-focus,Explore The Unknown - Alecu,Hard Rock/Metal,,,,,,,,Gigging Tips & Gear
390612,student-focus,Getting Rid Of Muscle Tension - D Squared,,,,,,Grooves,Fills & Chops,,Practice Tips
390855,student-focus,Improving Your Confidence And Timing - Max Moore,,Hand Technique,Foot Technique,,,Double Bass,,,
390856,student-focus,Improving Coordination With 16th-Note Rhythms - Matei,,Foot Technique,,,,Double Bass,,,
390858,student-focus,Doubling Down On Good Technique Habits - Gazza24,,Rudiments,,,,Fills & Chops,,,
390860,student-focus,Leveling Up Your Creativity And Skills - Shadknowles,Pop/Rock,Hand Technique,Foot Technique,Notation,,Independence,,,
390864,student-focus,Playing Two Contrasting Rhythms At The Same Time!? - Fishm4nLov3r,Hard Rock/Metal,,Timing,,,Fills & Chops,Grooves,,Practice Tips
390871,student-focus,How To Isolate Grooves & Make Them Sound Better - SEGA,,Foot Technique,,,,Fills & Chops,Independence,,
390876,student-focus,Beginner Drumming Fun! - Steve Sutton,,Foot Technique,,Ear Training,,Fills & Chops,,,
390881,student-focus,Exercise For Developing Fast Starts & Stops - Najal Escap,,Hand Technique,,,,,,,
390883,student-focus,The Long Road To Double Bass Consistency - Unkillbob,Pop/Rock,Hand Technique,,,,Grooves,,,Practice Tips
391043,quick-tips,Greyson Nekrutman Learns “Nobody” As Fast As Possible,Hard Rock/Metal,,,Time Signatures,,Grooves,,,
391049,student-collaborations,June Student Collaboration Announcement,,Timing,,,,Fills & Chops,Grooves,,
391053,spotlight,Fusion In The '80s - Part #1,,,,,,,,,Gigging Tips & Gear
391088,quick-tips,"Eloy Casagrande Learns ""Rescued"" As Fast As Possible",Hard Rock/Metal,Foot Technique,Hand Technique,,,Grooves,Making Music,,
391112,quick-tips,Musora 2023 Summer Recital Announcement,,,,,,,,,Other
391182,student-focus,Deconstructing Difficult Blink-182 Grooves - Jautry,,,,Time Signatures,Notation,Grooves,,,
391184,student-focus,Working On Consistent Time In Clutch - AttilaChops,Hard Rock/Metal,,,,,Fills & Chops,,,Practice Tips
391185,student-focus,Subdividing Through Rests - Max Moore,,Hand Technique,Dynamics,,,Independence,,,
391186,student-focus,"Working On Transitions In ""Livin' On A Prayer"" - MrCool",,,,,,Fills & Chops,Grooves,,
391187,student-focus,"What To Do When Your ""Weaker"" Side Sounds ... Weak  - Swilson",,,,,,,,,Gigging Tips & Gear
391190,student-focus,Getting Started With Hand Technique - Chris4drum,Hard Rock/Metal,Hand Technique,Foot Technique,,,Grooves,,,Practice Tips
391194,student-focus,Tightening Up Your Fills For Heavy Music - Stvn,Hard Rock/Metal,,,,,,,,Gigging Tips & Gear
391200,student-focus,Getting The Most Out Of Your Cymbals - Aaron L,,,,,,,,,Gigging Tips & Gear
391310,quick-tips,The Genius Of Tommy Lee,,,,,,,,,Other
391501,student-collaborations,"#123 - ""Saints Of Los Angeles""",Hard Rock/Metal,,,,,,,,
391556,student-focus,Matching Your Matched Grip - TravD01,,,,,,Grooves,,,
391557,student-focus,Kick Up Your Left Foot Kick Chops - Maulwurfelchen,Hard Rock/Metal,,,,,Grooves,,,Gigging Tips & Gear
391558,student-focus,Adding Chops To Your Repertoire - Joao Mousinho,Hard Rock/Metal,,,,,Grooves,Grooves,,
391562,student-focus,Creativity In Heavy Music - AJ De Jesus,,Hand Technique,,,,Independence,,,
391565,student-focus,Identifying Tension In Your Practice Sessions - IrishRanger,Hard Rock/Metal,Foot Technique,,,,Independence,,,
391568,student-focus,Improving Transitions Across The Drum-set - Thomas Dettmann,,,,,,Grooves,Making Music,,Gigging Tips & Gear
391570,student-focus,"Learning Syncopated Grooves With ""In You Eyes"" - Sandeep",,,,,,,,,Performance
391571,student-focus,Better Coordination And Foot Technique With Punk - Eleftheria,,,,,,,Making Music,,Gigging Tips & Gear
391572,student-focus,How To Add To A Great Groove - Chaczyk,Worship/Gospel,,,,,Fills & Chops,,,
391573,student-focus,Adding Your Own Vocabulary Into A Song - Drummius,,Foot Technique,,,,Double Bass,Fills & Chops,,
391574,student-focus,Creativity & Incorporating What It Is You're Working On - Gunderbuddy,,,,,,,Making Music,,Gigging Tips & Gear
391745,quick-tips,Travis Barker’s Favorite Rudiments,,,,,,Fills & Chops,,,
391903,student-focus,Understanding Your Hands And Figuring Out Your Feet - Mitch,Hard Rock/Metal,Hand Technique,Rudiments,,,,,,
391908,student-focus,Knowing When To Elevate The Groove - Alex Drummer,Jazz/Blues,,,,,Grooves,Fills & Chops,,
391911,student-focus,Momentum Is Key To Growing As A Drummer! - StuartN,,,,,,Grooves,,,
391914,student-focus,Developing Hand Technique Is Essential! - Verena82,Hard Rock/Metal,,,,,Independence,,,Practice Tips
391918,student-focus,Driving Technique With Triplet Stickings - Jan311,,Hand Technique,,,,,,,
391921,student-focus,Develop Better Left Hand Control And Dexterity - 40k,,,Rudiments,,,Fills & Chops,,,
391924,student-focus,Better Flow And Control With A Classic Song - Fiachra,,Foot Technique,,,,Double Bass,Independence,,
391926,student-focus,Improving The Fundamentals To Play At A Higher Level - Edgar,,Foot Technique,Rudiments,,,Double Bass,,,
391934,student-focus,"Improving The Vibe Of Right-Heavy Fills - Stev ""DawgBowl"" K",Hard Rock/Metal,Dynamics,,,,Grooves,Independence,,Practice Tips
391936,student-focus,Fixin' Flams & Drillin' Double Kicks! - JosephDeMarco,,Hand Technique,Rudiments,Notation,,,,,
391939,student-focus,"You've Got Your Ghost Notes, Now What?! - Beny Osuna",,,Rudiments,,,,,,Gigging Tips & Gear
391989,quick-tips,"The Iconic Drumming Behind ""Californication""",Pop/Rock,,,,,,,,Practice Tips
391995,course,Getting Started On The Drums,Hard Rock/Metal,Foot Technique,Timing,Time Signatures,,Independence,,,
392020,student-focus,Tightening Up Your Left Foot - Lucas Planque,Hard Rock/Metal,Foot Technique,Hand Technique,,,Independence,,,
392174,student-focus,Developing A Strong Swing Feel Through Independence - George,,,Timing,,,Grooves,,,
392176,student-focus,How To Tidy Up The Cabling On Your E-Drums - Harrymabrams,Jazz/Blues,,,,,Independence,,,Gigging Tips & Gear
392177,student-focus,Less Is More So Pick Your Moment To Shine - Hushigic,,,,,,,,,Gigging Tips & Gear
392181,student-focus,Song Structure Is Key To Smooth Transitions - Graphic Designer Don,Funk/Disco,Dynamics,,,,,,,
392187,student-focus,Adding The Open Hi-Hat To Your Grooves - DTXDrummer,,Setup & Tuning,Hand Technique,,,,,,Gigging Tips & Gear
392191,student-focus,Working On Timing By Breaking A Groove Into Parts - Salbjr,Hard Rock/Metal,,,,,,,,
392192,student-focus,Subdividing The Click Will Strengthen Your Timing - Brownie,Hard Rock/Metal,Foot Technique,Hand Technique,,,Independence,Grooves,,
392195,student-focus,How Can Dynamics Help Your Disco?! - ZackB,Pop/Rock,,,,,Grooves,Grooves,,
392198,student-focus,The Keys To Mastering Progressive Songs - Gene N,,,,,,,,,
392213,quick-tips,The Genius Of Tomas Haake,,Rudiments,Setup & Tuning,Notation,,Grooves,Independence,,Practice Tips
392467,student-focus,Developing Basic Strokes - Marc Rozin,Latin/World,Rudiments,,,,Independence,Grooves,,
392472,student-focus,"How To Make ""The Motions"" Feel Natural - D Squared",Hard Rock/Metal,Hand Technique,Foot Technique,,,Independence,Fills & Chops,,
392476,student-focus,Having A Good Time In Odd Times! - Ayushdrums,,,,,,,,,
392484,student-focus,Expanding Fills And Chops With Diddles - Wally,,Hand Technique,Dynamics,,,Fills & Chops,,,
392488,student-focus,Building Strong Bass Drum Coordination & Dexterity - Superjablko,,Hand Technique,,,,,,,
392492,student-focus,Expanding Your Confidence & Creativity On The Drums - Mandla,Hard Rock/Metal,,,Time Signatures,,,,,
392519,student-focus,Ghost Notes Will Make Your Chops Sound Great! - Puskis,,Hand Technique,Rudiments,,,Independence,,,
392527,student-focus,Independence Makes A Good Drummer Great - Mhens,,,,,,,,,Practice Tips
392532,student-focus,The Half-Time Shuffle Can Remedy Reggae! - ET 83,Hard Rock/Metal,Dynamics,,Time Signatures,,Grooves,Double Bass,,
392540,student-focus,Doing Great For Playing Such A Short Time! - Drummer Deb,,Hand Technique,,,,,,,
392544,student-focus,"Tumbao Or Not Tumbao, That Is The Question - Alen Hensen",Latin/World,,,,,Grooves,,,
392661,student-collaborations,July Student Collaboration Announcement,,,Rudiments,,,Fills & Chops,,,
392669,quick-tips,The Genius Of Meg White,,,,,,,,,Other
392693,student-collaborations,"#124 - ""Green Onions""",,,,,,,,,
392694,quick-tips,"The Iconic Drumming Behind ""Patient Number 9"" (Ozzy Osbourne)",,,,,,,,,
392943,student-focus,Continuing The Development Of Fill Ideas And Coordination - Bookitty,Hard Rock/Metal,,,,,,Fills & Chops,,
392947,student-focus,Fine Tuning Your Technique For More Confidence Around The Kit - FredH,Hard Rock/Metal,,Foot Technique,,,,Independence,,
392950,student-focus,Adding In The Hi-Hat Foot Will Lock It In - Joce,Pop/Rock,,Timing,,,,,,
392954,student-focus,"Sounding Great So Far, Now Finish It - JosephDemarco",Pop/Rock,,,,,Fills & Chops,Grooves,,
392957,student-focus,Nailing Transitions In Cemetery Gates - Maillot Jaune,Jazz/Blues,,,,,,,,Performance
392959,student-focus,Foo Fighters Timing Mastery - Pietro Girgenti,,,,,,,Fills & Chops,,Gigging Tips & Gear
392996,quick-tips,Megadeth Drummer Hears “Mr. Brightside” For The First Time,Hard Rock/Metal,,Hand Technique,,,,,,
392999,spotlight,Fusion In The '80s - Part #2,Hard Rock/Metal,,,,,Fills & Chops,Grooves,,
393000,quick-tips,"The Iconic Drumming Behind ""Over The Mountain""",,,,,,,,,Performance
393145,student-focus,Developing The Motions - SalvadorMG,Hard Rock/Metal,,,,,,Independence,,
393147,student-focus,"The ""Cold Sweat"" Groove Is Sweet - Rockin Rabbi",Jazz/Blues,,,,,Grooves,Fills & Chops,,
393150,student-focus,Consistent Tempo For The Win - JJohnsonMarine,,,,,,Making Music,,,Gigging Tips & Gear
393155,student-focus,Exploring Paradiddles For Power - Beny Osuna,,,,,,,Independence,,
393158,student-focus,Yah Mo B There In Motown - Aussiemate,,,,,,,,,
393182,student-focus,How To Develop The Ghostiest Ghost Notes - Lacerdax,,,Hand Technique,,,,,,
393183,student-focus,Making A Good Performance Great! - Stellartois,Pop/Rock,,,,,,,,Gigging Tips & Gear
393185,student-focus,A Prog Drummer's Rite Of Passage - Nkoutsioulis,,,,,,,Grooves,,
393367,drum-fest-international-2022,Greyson Nekrutman,,,Rudiments,,,,,,
393368,drum-fest-international-2022,Chris Sutherland,Hard Rock/Metal,,Hand Technique,,,,,,
393369,drum-fest-international-2022,Steve Gendron,,,,,,,,,Performance
393370,drum-fest-international-2022,Simon Phillips,,,,,,,,,Performance
393371,drum-fest-international-2022,Franky Freedom,,,,,,,,,Performance
393372,drum-fest-international-2022,Frank Bellucci,,,,,,,,,Performance
393373,drum-fest-international-2022,Stephane Chamberland,,,,,,,,,Performance
393374,drum-fest-international-2022,Giulia Lazzarino,,,,,,,,,
393375,drum-fest-international-2022,Jonathan Barber,,,,,,,,,Performance
393376,drum-fest-international-2022,Eric Boudreault,,,,,,,,,Performance
393377,drum-fest-international-2022,Senri Kawaguchi,,,,,,,,,Performance
393746,quick-tips,The Iconic Drumming Behind “Holy Wars”,Pop/Rock,,,,,,,,Performance
393788,student-focus,Bass Drum Technique For Rock - Dr Da-Da,,,,,,,Grooves,,
393793,student-focus,Sticking Patterns Are Essential For Our Fills - Calendar Rose,Hard Rock/Metal,,Foot Technique,,,,,,
393798,student-focus,The Terminator Groove - Sandeep,,,,,Notation,,Fills & Chops,,
393827,student-focus,Getting On The Right Path For Fills - JKeats,,,,,,,,,
393833,student-focus,Progressing By Adapting Your Learning Style - Accidentalmuso,,,Foot Technique,,,,,,
393835,student-focus,Expanding Sticking Choices To Improve Your Drumming - Alecu,Hard Rock/Metal,,,,,Fills & Chops,Grooves,,
393841,student-focus,Making Longer Fills Feel Fantastic - Postcards,Hard Rock/Metal,,,,,Grooves,Fills & Chops,,
393842,student-focus,You Want To Play How Many Notes With One Foot?! - Elephantrocks,,,Hand Technique,,,,Fills & Chops,,
394087,performances,"Chad Smith Plays ""Give It Away"" (Red Hot Chili Peppers)",,,,,,,Fills & Chops,,
394252,student-focus,Ghost Notes Will Make A Shuffle Groove - Aussiemate,,,Setup & Tuning,,Ear Training,,,,Gigging Tips & Gear
394256,student-focus,On The Path To Being A Great Drummer - Matei,,,,,,,Fills & Chops,,
394260,student-focus,Isolating Parts Can Tighten Up Our Fills - Adam.wrotecki,Hard Rock/Metal,,,,,Fills & Chops,Grooves,,
394267,student-focus,Applying Dynamics That Fit The Song - Bawk,Pop/Rock,,,,,,Independence,,Practice Tips
394268,quick-tips,The Genius Of Chad Smith,,,,,,,,,Other
394274,student-focus,Taking Your Feet To A New Level - Fiachra,,,Hand Technique,,,,Fills & Chops,,
394293,student-focus,Hand & Foot Technique - Fireitup,,,Hand Technique,,,,Grooves,,
394296,student-focus,Rests Are Just As Important As The Notes We Play - JosephDemarco,,,,,,,,,
394301,student-focus,Fixing The Right Things - Decado,,,,,Notation,,Independence,,
394306,student-focus,Fixing Your Doubles - Frederik,,,Dynamics,,Ear Training,,,,
394383,student-collaborations,August Student Collaboration Announcement,,,Hand Technique,,,,,,
394384,student-collaborations,"#125 - ""Seven Nation Army""",,,,,,Grooves,Fills & Chops,,
394553,student-focus,Paradiddles Will Spice Up Your Grooves - Jasy,Pop/Rock,,,,,,,,Performance
394561,student-focus,Developing Speed In Your Kick - Macca,,Timing,Setup & Tuning,,Ear Training,,,,Gigging Tips & Gear
394575,student-focus,Hi-Hat Foot Technique Can Help With Timing - MatteoItalia,,,Rudiments,,,,,,Practice Tips
394576,student-focus,Controlling Your Left Hand Is The Next Step - DrorA,Pop/Rock,,Foot Technique,,,,,,
394578,student-focus,Shuffle Spacing Is Key To Nailing The Groove - Pat C,,,Timing,,,,Grooves,,Practice Tips
394581,student-focus,Getting Comfortable & Playing In Time - Alesis Nitro Drummer,Pop/Rock,,,,,Fills & Chops,Grooves,,
394632,quick-tips,Greyson Nekrutman Hears Sleep Token For The First Time,Pop/Rock,,Hand Technique,,,,,,Practice Tips
394634,spotlight,"Antoine Fafard’s ""Borromean Odyssey""",Pop/Rock,,,,Ear Training,,Grooves,,Practice Tips
394636,quick-tips,Learn The Drums In 10 Minutes (E-Kit Version),,,Rudiments,,,,Fills & Chops,,
394827,student-focus,Making Fill Transitions Flow - Jack P,Pop/Rock,,Hand Technique,,,,Grooves,,
394829,student-focus,Building Paradiddle Flow - MarkJM,,,,,,,Grooves,,Practice Tips
394830,student-focus,How To Make Your Beats Sound Better - Timmy G,Pop/Rock,,,,,Grooves,Fills & Chops,,Performance
394831,student-focus,Using Independence To Improve Your Control - McVader,,,Hand Technique,,,,Fills & Chops,,
394832,student-focus,Balanced Beats - Erics Had A Bad Day,Hard Rock/Metal,,,,,,,,Practice Tips
394860,quick-tips,How Fast Can Non-Drummers Learn A Beat?,,,,,,,Independence,,
394917,quick-tips,Daniel Fang Breaks Down Turnstile Drum Parts,Hard Rock/Metal,,,,,Fills & Chops,Grooves,,
394920,performances,"Chad Smith Plays ""Break My Heart"" (Dua Lipa)",Pop/Rock,,,,,,,,Performance
394921,quick-tips,Domino Santantonio Hears Mastodon For The First Time,Hard Rock/Metal,,,,,,,,Performance
395078,student-collaborations,September Student Collaboration Announcement,,,,,,,,,Other
395126,student-focus,Improving Hand To Foot Coordination To Improve Your Groove - Vasilis Koskinas,Pop/Rock,,,,,,Grooves,,Practice Tips
395130,student-focus,Challenge Yourself To Learn New Details In Music - StYves,,,,,Ear Training,,Independence,,Practice Tips
395133,student-focus,Tighter Execution Comes From Isolation - ChilliGlow,Pop/Rock,,,,,,,,Practice Tips
395135,student-focus,Listening A Little Closer - KillnTym,Hard Rock/Metal,,,,,,Double Bass,,Gigging Tips & Gear
395139,student-focus,It All Starts With Just Picking Up The Sticks - Mack McCollum,,,,,,,,,Gigging Tips & Gear
395143,student-focus,Only Three Weeks In And Already Flying - Arstavial,,,,,,,Independence,,
395148,student-focus,What Are The Most Important Parts? - Djchamoi,,,,,Ear Training,,,,
395153,student-focus,Sit Back And Enjoy The Show - JosephDeMarco,,,,,,,Grooves,,
395256,student-focus,Dialing In A Solid Foundation - Oholibamah,Pop/Rock,,,,,,Grooves,,
395260,student-focus,Consistently Spaced Notes Are The Key! - Jasonwp,,,,,Ear Training,,,,Practice Tips
395303,student-focus,Focus On Grip And Mechanics To Improve Speed And Control - Mick Layman,,,Hand Technique,,,,,,
395309,student-focus,Removing Bad Habits From Your Technique - Oliverincavtat,,,Hand Technique,,,,,,Practice Tips
395319,student-focus,Coordination And Independence To Level Up Your Drumming - Superrad,,,,,,,Independence,,
395383,student-focus,Ride That Crash For Dynamics - HX,,,Dynamics,,,,Independence,,
395388,student-focus,Take The Handcuffs Off By Opening The Backbeat - SnareDog,Pop/Rock,,,,,,Independence,,
395394,student-focus,"Sometimes It's Not What We Play, It's What We Don't. - Jahuja",,,,,Ear Training,,,,
395398,student-focus,Punk Energy For The Win - FrankRuffian,Hard Rock/Metal,,,,,,Independence,,
395816,student-focus,Further Developing Your Skills When Jamming With Others - Reinout,,,,,Ear Training,,,,Gigging Tips & Gear
395818,student-focus,Setting Goals For Your Next Performances - IrishRanger,,,,,Ear Training,,,,Gigging Tips & Gear
397576,quick-tips,Ashton Irwin Breaks Down 5 Seconds Of Summer Drum Parts,,,,,,Grooves,Fills & Chops,,
397597,quick-tips,The Genius Of Art Blakey,Jazz/Blues,,,,,Grooves,Fills & Chops,,
397599,quick-tips,Brooks Wackerman Breaks Down Avenged Sevenfold Drum Parts,Hard Rock/Metal,,,,,Grooves,Fills & Chops,,
397870,student-focus,Grooving With Stick Control - Bill Kellam,,Hand Technique,Rudiments,,,Grooves,,,
397873,quick-tips,"Play ""In The End"" On The Drums | 5 Levels",,,,,,Grooves,,,
397874,student-focus,Locking Into The Groove Is Essential For Control - Ben H,,,,,,Grooves,,,
397877,student-focus,Adding Vocabulary Will Increase Your Fill Options - Zzdeb,,,,,,Fills & Chops,,,
397937,student-focus,Developing Your Hand Technique To Help You Play With Confidence - Anchor21,,Hand Technique,,,,Independence,,,
397944,student-focus,Jazz Comping To Improve Independence And Musicality - Eleftheria,Jazz/Blues,,,,,Independence,,,
397948,student-focus,How To FOCUS While You Practice Pocket - Robert.W.Forde,,,,,,Grooves,,,
398052,quick-tips,Ashton Irwin Breaks Down 5 Seconds Of Summer Drum Parts,,,,,,Grooves,Fills & Chops,,
398066,student-focus,Developing Your Hand Technique To Help You Play With Confidence - Anchor21 TEST,,Hand Technique,,,,Independence,,,
398088,quick-tips,Megadeth Drummer Learns Blink-182 As Fast As Possible,Pop/Rock,,,,,,,,Gigging Tips & Gear
398174,student-focus,Developing Double Bass Drum Independence - Aaron T Sparks,,Foot Technique,,,,Double Bass,Independence,,
398177,student-focus,Fills That Thrill - Anchor21,,,,Notation,,Fills & Chops,,,
398179,student-focus,Rudiments Are The Building Blocks - Jjk Kotiranta,,Hand Technique,Rudiments,,,,,,
398181,student-focus,Developing A Solid Bass Drum Technique - Darin Drummer,Hard Rock/Metal,Foot Technique,,,,Independence,,,
398185,student-focus,The Kick Drum Is Huge In The World Of Rock - BruceT,Hard Rock/Metal,Foot Technique,,,,Independence,,,
398187,student-focus,Using The Hi-Hat Foot To Keep Time - Aussiemate,,Foot Technique,Timing,,,Independence,,,
398279,performances,"Chad Smith Plays ""Can't Stop"" (Red Hot Chili Peppers)",Hard Rock/Metal,,,,,,,,Performance
398581,student-focus,Developing Your Coordination Around The Kit - Nenedrummerboy,,,,Ear Training,,Independence,Fills & Chops,,
398583,student-focus,Learn How To Hit A Crash Cymbal For The Most Musical Result - Sabrina,,Hand Technique,,,,,,,
398586,student-focus,Developing Hand And Foot Coordination - Yigiterdogmus,,Hand Technique,Foot Technique,,,Independence,,,
398682,student-focus,Feeling Comfortable With Pocket & Fills - Bawkk,,,,Notation,,Fills & Chops,Grooves,,
398683,student-focus,Learning To Improvise Step-By-Step - Alice Stj,,,,,,Making Music,,,Gigging Tips & Gear
398684,student-focus,Matching Hand Technique In Single Strokes - Jan311,,Hand Technique,,,,Grooves,,,
398715,quick-tips,Frank Bellucci Hears Rob Zombie For The First Time,,,,,,,,,Gigging Tips & Gear
398735,spotlight,Totally Random '80s Explosion Super Party - Part #2,,,,,,Grooves,Fills & Chops,,Other
398736,student-collaborations,"#128 - ""Moanin'""",Jazz/Blues,,,,,,,,Performance
398755,student-focus,3 Stroke Moeller In 6/8 Grooves - D Squared,,Hand Technique,,Time Signatures,,Grooves,Independence,,
398823,student-collaborations,November Student Collaboration Announcement,,,,,,,,,Other
399096,student-focus,How To Know When Polyrhythmic Changes Happen - PJ Giovanniello,,,,Time Signatures,,,,,
399099,student-focus,Simplifying Nirvana's In Bloom - Xaveria,Hard Rock/Metal,Foot Technique,,,,Independence,,,
399105,student-focus,A Fun Way To Develop Your Swing Feel - Gleb Mars,Jazz/Blues,,,,,,,,
399106,student-focus,Beyond How To Practice Pocket - Chilli Glow,,,,,,Grooves,,,
399107,student-focus,What To Focus On While Building Your Kick Independence - Rick Tillery,,Foot Technique,,,,Independence,,,
399108,student-focus,Fine Tuning  Your Rock Drumming - Irish Ranger,Hard Rock/Metal,,,,,Grooves,Fills & Chops,,
399110,student-focus,Finding The Next Challenge For A Young Drummer - Simosonix,,,,,,Fills & Chops,,,Practice Tips
399112,student-focus,Refining Up And Down Strokes For Better Control - Harry Abrams,,Hand Technique,,,,,,,
399152,behind-the-scenes,Sabian Cymbals - A Drumeo Documentary,,,,,,,,,Gigging Tips & Gear
399154,quick-tips,Musora 2023 Winter Recital Announcement,,,,,,,,,Other
399170,quick-tips,JP Bouvet Learns Mammoth WVH As Fast As Possible,Hard Rock/Metal,,,,,,,,Gigging Tips & Gear
399238,student-focus,Four On The Floor Will Propel Your Fills - Austin Porter23,Pop/Rock,,,,,Making Music,,,
399240,student-focus,Drumming Is So Fun When You Groove - Queen,,,,,,Fills & Chops,Grooves,,
399241,student-focus,Good Technique Will Help With Tension - Cavcomp,,Hand Technique,,,,,,,
399313,student-focus,Building A Fill Vocabulary - Major Hassle,,,,,,Fills & Chops,,,
399315,student-focus,From Double Bass To Single Bass And Back! - Maulwürfelchen,,Foot Technique,,,,Double Bass,,,
399318,student-focus,Isolating Your Fingers... By Force! - D Squared,,Hand Technique,,,,,,,
399621,student-focus,Adding Ghost Notes Every Now And Then - Illimani Journey,,Dynamics,,,,Independence,Fills & Chops,,
399622,student-focus,Adding Some Showmanship Will Add To The Show - Matt E,,,,,,,,,Gigging Tips & Gear
399625,student-focus,Adding Pushes Can Be Puzzling - Sandee,Hard Rock/Metal,,,,,Fills & Chops,,,
399630,student-focus,We Can Learn A Lot From Gavin Harrison - Rafael Hijmans,Hard Rock/Metal,,,,,Making Music,,,
399633,student-focus,Heel-Toe Doubles: Dialling In The Motion - Paradox,,Foot Technique,,,,,,,
399635,student-focus,Tired? There Are Two Important Things To Address - Bawkk,,Foot Technique,,,,,,,
399636,student-focus,Balancing Your Limbs During A Groove - Fly,,,,,,Grooves,Independence,,Gigging Tips & Gear
399637,student-focus,Working On Keeping Time During Transitions - Alice Tj,,Timing,,,,Grooves,Independence,,
399665,quick-tips,"The Iconic Drumming Behind ""Summer Of '69""",,,,,,Grooves,Fills & Chops,,
399677,quick-tips,Juilliard Jazz Professor Hears Nirvana For The First Time,Hard Rock/Metal,,,,,,,,Gigging Tips & Gear
400189,student-focus,Choosing The Right Crash To Ride On - Tinman68,Hard Rock/Metal,Hand Technique,,,,Independence,,,
400190,student-focus,The Moeller Technique Can Help Release Tension - Dr DaDa,,Hand Technique,,,,,,,
400191,student-focus,Great Work! Now For The Next Challenge! - Darin Drummer,Hard Rock/Metal,Hand Technique,Dynamics,,,,,,
400192,student-focus,Playing The Drums Vs. Hitting The Drums - Nitro Beats,Hard Rock/Metal,Hand Technique,,,,,,,
400193,student-focus,Using Our Wrists Is Essential When Starting Out - Lukas Peters,,Hand Technique,,,,,,,
400194,student-focus,Identifying Odd Time That Is Particularly Odd! - Gleb Mars,,Timing,,Time Signatures,,,,,
400197,student-focus,How To Step Up Your Groove Game - Lamiss,,,,,,Grooves,,,Gigging Tips & Gear
400260,quick-tips,The Genius Of Dom Famularo,,,,,,,,,Other
400452,student-focus,A Simple Trick To Dial In Feel - Stev K,,,,,,,,,
400453,student-focus,Making 16th Beats Feel Right - Steevc,,,,Notation,,Grooves,,,Gigging Tips & Gear
400456,student-focus,Improving Feel In Challenging Material - Pj Thedrummer,,,,,,Grooves,,,
400457,student-focus,Practice Hard Enough That It Becomes 'Scented' Apprentice! - Tattoo Andy,,Foot Technique,,,,,,,
400459,spotlight,Totally Random '80s Explosion Super Party - Part #3,,,,,,Grooves,Fills & Chops,,Other
400460,quick-tips,The Iconic Drumming Behind “Bark At The Moon”,,,,,,Grooves,Fills & Chops,,
400823,student-collaborations,December Student Collaboration Announcement,,,,,,,,,Other
400937,student-focus,Rudiments Are A Great Place To Start - Klj196,,Hand Technique,Rudiments,,,,,,
400938,student-focus,Correct Kit Set Up Is So Important - Norman19 Kilo,,Setup & Tuning,,,,,,,Gigging Tips & Gear
400939,student-focus,Add Rudiments To Your Grooves - Joseph Demarco31,,Rudiments,,,,Grooves,,,
400940,student-focus,Doubles Can Have Three Gears - BB Stonefly,,Hand Technique,,,,,,,
400946,student-focus,Learning The Signature Fill Is Important - Dror A,Hard Rock/Metal,,,,,Fills & Chops,,,
400948,student-focus,Tempo Can Be Tricky When Things Get Exciting - Miko5689,,Timing,,,,Grooves,,,
400949,student-focus,One Red Tree In A Forest Of Green - Zi Yu,,Rudiments,,,,Grooves,,,
400994,performances,"Chad Smith Plays ""Around The World"" (Red Hot Chili Peppers)",Hard Rock/Metal,,,,,,,,Performance
400997,quick-tips,Jay Postones Breaks Down A TesseracT Show,,,,,,Grooves,Fills & Chops,,
401053,student-collaborations,"#129 - ""You've Come Back""",,,,,,,,,Performance
401065,student-focus,Playing The Correct Figure For The Song Is Essential - Thomas Dettmann,Hard Rock/Metal,Timing,,,,,,,
401068,student-focus,Your Feet Are Your Foundation - Drum Linus,Hard Rock/Metal,Foot Technique,,,,Independence,,,
401069,student-focus,Ghost Notes For A Better Groove - Chrism950,,Hand Technique,Foot Technique,,,Independence,,,
401070,student-focus,Learning To Play Drums Will Help Your Bass Playing - Dogzone K9,,,,,,Grooves,,,Gigging Tips & Gear
401072,student-focus,"Nice Feel, What Comes Next? - Alecu",Hard Rock/Metal,Foot Technique,,,,Independence,,,
401076,quick-tips,Nandi Bushell Hears Twisted Sister For The First Time,,,,,,,,,Gigging Tips & Gear
401079,quick-tips,"Plini's Drummer Learns ""The Summoning"" As Fast As Possible",Hard Rock/Metal,,,,,,,,Gigging Tips & Gear
401082,spotlight,Vinnie Colaiuta - Part #1,,,,,,Grooves,Fills & Chops,,Other
401083,spotlight,Vinnie Colaiuta - Part #2,,,,,,Grooves,Fills & Chops,,Other
401084,spotlight,Vinnie Colaiuta - Part #3,,,,,,Grooves,Fills & Chops,,Other
401197,student-focus,Using Linear To Improve Your Coordination Getting Around The Kit - Anchor21,,,,,,Independence,Fills & Chops,,Gigging Tips & Gear
401199,student-focus,Tips For Lighting Your Drum Videos - Stvn,,,,,,,,,Practice Tips
401274,quick-tips,"The Iconic Drumming Behind ""Pull Me Under"" - Dream Theater Song Breakdown",Hard Rock/Metal,,,,,Grooves,Fills & Chops,,
401289,student-focus,Exploring L Shapes Will Develop Dexterity - Phil R01,,,,,,Independence,,,
401292,student-focus,The Right Feel For Beats And Fills - Pat C,,,,,,Grooves,Fills & Chops,,
401309,student-focus,Learning Feel On The Drums - Jihye Moon,,Hand Technique,,,,Fills & Chops,,,
401310,student-focus,Developing Bass Drum Technique - Thias,Hard Rock/Metal,Foot Technique,,,,Independence,,,
401311,student-focus,"Fills For Show, Pocket For Dough - Mitch M",Latin/World,,,,,Grooves,Fills & Chops,,Gigging Tips & Gear
401389,student-focus,Taking Your Performance Over The Top - Maillot Jaune,,Foot Technique,Timing,,,,,,Gigging Tips & Gear
401528,quick-tips,Eloy Casagrande Hears Vulfpeck For The First Time,Hard Rock/Metal,,,,,,,,Gigging Tips & Gear
401692,student-focus,Two-Handed 16th Grooves - Eleftheria,,Foot Technique,Timing,Notation,,Independence,Grooves,,
401693,student-focus,Marking Bars Is A Great Way To Help Your Band - Anon,,,,,,,,,Gigging Tips & Gear
401694,student-focus,Spelling Of Rhythmic Words - Mark462,Hard Rock/Metal,Foot Technique,,,,Independence,,,
401695,student-focus,Raising The Snare To Get On Top Of The Mountain - Salvador MG,Hard Rock/Metal,Hand Technique,Timing,,,Independence,,,Practice Tips
401696,student-focus,Right Foot Independence - Chris M950,Hard Rock/Metal,Foot Technique,,,,Independence,,,
401698,student-focus,Where Do We Go Next? - SSV,,Hand Technique,Foot Technique,,,Independence,,,
401699,student-focus,Steal Ideas Then Make Them Your Own - Shir DTX,,Rudiments,,,,Making Music,,,
401737,student-focus,Pushing Your Confidence Around The Kit With Practical Practice - Rotlaus,,,,,,Independence,Making Music,,
401739,student-focus,Developing A Flow Around The Kit - Joonas40k,Hard Rock/Metal,,,,,Independence,,,
401740,student-focus,Developing Finer Timing And Confidence Using 16th Notes - Chris Lübbi,,,,,,Independence,Making Music,,Gigging Tips & Gear
401741,student-focus,"Using Shuffles To Improve Your Timing, Coordination And Feel - Paul691",Jazz/Blues,Timing,,,,Independence,,,
401858,quick-tips,Luke Combs' Drummer Hears Gojira For The First Time,Hard Rock/Metal,,,,,,,,Gigging Tips & Gear
402535,student-focus,Drumeo Students Double Drumming Daft Punk! - Xaveria,Pop/Rock,,,,,,,,
402536,student-focus,Keeping Time Through Syncopated Rhythms - Albro Swift,,Foot Technique,,,,Independence,,,
402537,student-focus,Dealing With Foot Injuries While Playing Double Bass - Ben JF,,Foot Technique,,,,,,,Practice Tips
402539,student-focus,Practicing With A Visual Impairment - Tim Hill,,,,,,,,,Practice Tips
402622,student-focus,Adding Showmanship For The Win - Matt E!,,Hand Technique,Foot Technique,,,Independence,,,
402623,student-focus,Tricky Track Done Well - Miko5689,Pop/Rock,,,,,,,,Gigging Tips & Gear
402626,student-focus,Good Technique Will Help Alleviate Tension - Paul Smiffy,,Hand Technique,,,,,,,
402627,student-focus,Developing Your Hi-Hat Accents - OP,Pop/Rock,Dynamics,Hand Technique,,,Independence,,,
402629,student-focus,Balancing Chops To Grooves - Love Drumz,,,,,,Grooves,Fills & Chops,,
402630,student-focus,Controlling Your Motion Is Essential - Krissix,Pop/Rock,Hand Technique,Foot Technique,,,Independence,,,
402637,student-collaborations,January Student Collaboration Announcement,,,,,,,,,Other
402638,student-collaborations,"#130 - ""Santa Claus Is Comin' To Town""",,,,,,,,,Performance
402688,quick-tips,The Genius Of Sheila E.,,,,,,Grooves,Fills & Chops,,
402691,quick-tips,"Chad Smith Plays Wu-Tang Clan, Iggy Pop, Chickenfoot & More",,,,,,,,,Gigging Tips & Gear
402694,quick-tips,"Mike Portnoy Hears ""Burn It To The Ground"" For The First Time",Hard Rock/Metal,,,,,,,,Gigging Tips & Gear
402695,quick-tips,Nic Collins Learns Avenged Sevenfold As Fast As Possible,Hard Rock/Metal,,,,,,,,Gigging Tips & Gear
402696,quick-tips,Ben Thatcher Breaks Down A Royal Blood Show,,,,,,Grooves,Fills & Chops,,Gigging Tips & Gear
402697,quick-tips,"5 Levels - Play ""Baba O' Riley"" On Drums",,,,,,Grooves,Fills & Chops,,
402698,quick-tips,"The Iconic Drumming Behind ""The Dance Of Eternity"" - Dream Theater Song Breakdown",,,,,,Grooves,Fills & Chops,,
402699,quick-tips,"ZackGrooves Learns ""Physical Education"" As Fast As Possible",,,,,,,,,Gigging Tips & Gear
402700,quick-tips,The Genius Of The Rev,,,,,,Grooves,Fills & Chops,,
402744,student-focus,Counting Out Loud Is 679x More Effective Than In Your Head - D Squared,,Timing,,,,,,,Practice Tips
402746,student-focus,Supporting Artists Outside Of Music - Stvn,,,,,,,,,Gigging Tips & Gear
402865,student-focus,Developing Your Left Foot Can Be A Feat - Stuart N22,,Hand Technique,Foot Technique,,,Independence,,,
402866,student-focus,Add Sticking Patterns To Your Ostinato - Sandro Cuzzetto,Latin/World,Rudiments,,,,,,,
402868,student-focus,Moving Up To Your Next Challenge - BDub11,Hard Rock/Metal,Hand Technique,,,,Independence,,,
402870,student-focus,Evolving Your Hi-Hat Foot Control - Chris M950,Hard Rock/Metal,Foot Technique,,,,Independence,,,
402872,student-focus,Communication Will Make A Good Band Great - John Bonham’s Dog,,,,,,Grooves,Making Music,,
402913,quick-tips,El Estepario's Independence Challenge,,,,,,,,,Other
402934,student-focus,Focusing On Time Feel And Technique To Improve Your Sound - Bookitty68,Jazz/Blues,,,,,Grooves,,,Gigging Tips & Gear
402937,student-focus,How To Focus On Improving Your Double Strokes  - Edgar8002,,Hand Technique,Rudiments,,,,,,
402938,student-focus,Focusing On The Drumming Details  - Daniel Sato,,Dynamics,,,,,,,Gigging Tips & Gear
403045,student-focus,Adding Ghost Notes For Groove - Cristian Botiza,,Dynamics,,,,Independence,Grooves,,
403047,student-focus,Building The Right Foundation - Half Pint,,Setup & Tuning,,,,Fills & Chops,,,
403050,student-focus,Counting Odd Time Signatures - Francesco87,Hard Rock/Metal,,,Time Signatures,,,,,
403051,student-focus,Hi-Hat Pattern Variations - Tony Batts29,Hard Rock/Metal,Foot Technique,,,,Independence,,,
403052,student-focus,Knowing The Note Names And How To Count Them - Tal The Drummer,,Timing,,Notation,,Fills & Chops,,,
403081,student-focus,Creating A Fun Practice Routine That Suits Your Goals - BDub11,,Foot Technique,Dynamics,,,,,,Practice Tips
403084,student-focus,Improving Your Feel And Flow In Transitions - David Oakes,Hard Rock/Metal,,,,,Grooves,Fills & Chops,,
403086,student-focus,How To Push Through A Rut To Up Your Drumming Game - Jacob Djums,,,,,,Fills & Chops,,,Practice Tips
403287,student-focus,Use Fills To Unlock Your Creativity - Irish Ranger,,,,,,Fills & Chops,Making Music,,
403288,student-focus,Simplify Your Grooves To Develop Time - Destrin,,Timing,,,,Grooves,Independence,,
403292,student-focus,Doubles For Your Kick Drum - Brad N,,Foot Technique,,,,Grooves,,,
403296,student-focus,Playing Through Gear Adversity - Liseot,,,,Time Signatures,,,,,Gigging Tips & Gear
403297,student-focus,Developing Hand Technique - Rafael Galhano,,Hand Technique,Rudiments,,,,,,
403425,student-focus,Building Up Control For One-Handed 16th Note Phrases - Jakob Nilsson,,Hand Technique,,Notation,,,,,
403427,student-focus,Developing Smoother Shuffles And Triplet Vocabulary - Scott400,,,,Notation,,Independence,,,
403609,student-focus,Being Prepared Is Always A Good Thing - Super Rad,Hard Rock/Metal,Hand Technique,,,,Independence,,,
403611,student-focus,Some Movement Goes A Long Way - Drum Fredo,Hard Rock/Metal,Hand Technique,,,,Independence,,,
403613,student-focus,Correct Tech For Singles - MuMu,,Hand Technique,Rudiments,,,,,,
403614,student-focus,Getting On The Right Path To Learn Songs - Jeronimo,Hard Rock/Metal,Hand Technique,,,,Independence,,Gigging Tips & Gear,Practice Tips
403616,student-focus,Adding Fills Can Help Our Timing - Max Moore,,Timing,,,,Independence,Fills & Chops,,
403721,student-collaborations,February Student Collaboration Announcement,,,,,,,,,Other
403723,student-collaborations,"#131 - ""Hail To The King""",Hard Rock/Metal,,,,,,,,Performance
403724,quick-tips,"The Iconic Drumming Behind ""Laid To Rest""",Hard Rock/Metal,,,,,Grooves,Fills & Chops,,
403725,quick-tips,Kaz Rodriguez Hears Primus For The First Time,,,,,,,,,Gigging Tips & Gear
6684,gear-guides,Developing Your Bass Drum Sound,,,,,,,,,
8423,boot-camps,Independence Boot Camp,,,,,,,,,
