id,type,title,CMS URL,URL,Published Date,Original Topic,Genre,Essentials-1,Essentials-2,Theory-1,Theory-2,Creativity-1,Creativity-2,Lifestyle-1,Lifestyle-2
395358,quick-tips,"Sangah Learns ""Rush E"" As Fast As Possible",https://admin.musora.com/admin#/content/pianote/395358,https://www.musora.com/pianote/quick-tips/sangah-learns-rush-e-as-fast-as-possible/395358,2023-08-28,Quick Tip,,,,,,,,,Performance
395348,student-review,Blues Solo Ideas — Carlos Z,https://admin.musora.com/admin#/content/pianote/395348,https://www.musora.com/pianote/student-reviews/carlos-z/395348,2023-08-25,Musicality,Jazz/Blues,,,,,Improvisation & Songwriting,,,
395350,student-review,Scarborough Fair Accompaniment — Ken Z77,https://admin.musora.com/admin#/content/pianote/395350,https://www.musora.com/pianote/student-reviews/ken-z77/395350,2023-08-25,Musicality,,,,,,,Chording,,
395356,student-review,Extreme Dynamics Dance — Skg101 Ma84227,https://admin.musora.com/admin#/content/pianote/395356,https://www.musora.com/pianote/student-reviews/skg101-ma84227/395356,2023-08-25,Musicality,,,Dynamics,,Rhythm,,,,
395360,quick-tips,Rainbow Connection Performance | Lisa & Sangah Noona,https://admin.musora.com/admin#/content/pianote/395360,https://www.musora.com/pianote/quick-tips/rainbow-connection-performance-lisa-sangah-noona/395360,2023-08-25,Performance,,,,,,,,,Performance
395346,student-review,Waiting Full Value For Rests — Terry,https://admin.musora.com/admin#/content/pianote/395346,https://www.musora.com/pianote/student-reviews/terry/395346,2023-08-25,Rhythm,,,,,Rhythm,,,,
395354,student-review,Landing With The Drums — Fr Richard,https://admin.musora.com/admin#/content/pianote/395354,https://www.musora.com/pianote/student-reviews/fr-richard/395354,2023-08-25,Rhythm,,,,,Rhythm,,,,
395352,student-review,Loose Wrists In Solid Chords — Soozy Wales,https://admin.musora.com/admin#/content/pianote/395352,https://www.musora.com/pianote/student-reviews/soozy-wales-77911/395352,2023-08-25,Technique,,Speed & Stamina,Posture,,,,Chording,,Practice Tips
395344,student-review,Fingering and Hand Position — Amanda For Short,https://admin.musora.com/admin#/content/pianote/395344,https://www.musora.com/pianote/student-reviews/amanda-for-short/395344,2023-08-25,Technique,,Finger Strength,Independence,,,,,,Practice Tips
393073,quick-tips,Play The Blues In 10 Minutes | Beginner Piano Lesson,https://admin.musora.com/admin#/content/pianote/393073,https://www.musora.com/pianote/quick-tips/blues-cheat-code/393073,2023-08-21,Blues,Jazz/Blues,,,,,Improvisation & Songwriting,Chording,,
395086,student-review,Pop Fur Elise — Justyna,https://admin.musora.com/admin#/content/pianote/395086,https://www.musora.com/pianote/student-reviews/pop-fur-elise-justyna/395086,2023-08-18,Musicality,Classical,,Dynamics,,Rhythm,,,,
395083,student-review,FabFour Articulation — Mac55,https://admin.musora.com/admin#/content/pianote/395083,https://www.musora.com/pianote/student-reviews/fabfour-articulation-mac55/395083,2023-08-18,Musicality,,Finger Strength,Dynamics,,,,,,
395080,student-review,Finger Workout — David Lim,https://admin.musora.com/admin#/content/pianote/395080,https://www.musora.com/pianote/student-reviews/finger-workout-david-lim/395080,2023-08-18,Technique,,,Finger Strength,,,,,,Practice Tips
394767,student-review,"Piano Poetry ""Fur Elise"" - Justyna",https://admin.musora.com/admin#/content/pianote/394767,https://www.musora.com/pianote/student-reviews/piano-poetry-fur-elise-justyna/394767,2023-08-11,Musicality,Classical,,Dynamics,,,,,,
394771,student-review,"The Beauty Of ""Amelie Waltz"" - Elena Garcia",https://admin.musora.com/admin#/content/pianote/394771,https://www.musora.com/pianote/student-reviews/the-beauty-of-amelie-waltz-elena-garcia/394771,2023-08-11,Musicality,,,,,Rhythm,,,,
394773,student-review,Riding The Musical Wave: Riptide - Tatianavr,https://admin.musora.com/admin#/content/pianote/394773,https://www.musora.com/pianote/student-reviews/riding-the-musical-wave-riptide-tatianavr/394773,2023-08-11,Musicality,Pop/Rock,,,,,,Chording,,
394777,student-review,Step By Step With Bach Minuet III - Andreea,https://admin.musora.com/admin#/content/pianote/394777,https://www.musora.com/pianote/student-reviews/step-by-step-with-bach-minuet-iii-andreea/394777,2023-08-11,Musicality,Classical,Finger Strength,,,,,,,Practice Tips
394764,student-review,"Developing Your ""Phrase"" - Jan P",https://admin.musora.com/admin#/content/pianote/394764,https://www.musora.com/pianote/student-reviews/developing-your-phrase-jan-p/394764,2023-08-11,Technique,,Dynamics,,,,,,,Practice Tips
393390,song-tutorial,Nocturne In E Flat - Tutorial,https://admin.musora.com/admin#/content/pianote/393390,https://www.musora.com,2023-08-10,Song Tutorial,Classical,,,,,,,,
394534,student-review,The Power Of A Thousand Years — Katerina K,https://admin.musora.com/admin#/content/pianote/394534,https://www.musora.com/pianote/student-reviews/the-power-of-a-thousand-years-katerina-k/394534,2023-08-04,Musicality,Pop/Rock,,Arpeggios,,,,,,
394540,student-review,I Hope You Dance Ideas — Bookish Nerdy,https://admin.musora.com/admin#/content/pianote/394540,https://www.musora.com/pianote/student-reviews/i-hope-you-dance-ideas-bookish-nerdy/394540,2023-08-04,Musicality,Pop/Rock,,,,,,Riffs & Fills,,
394537,student-review,Improving Piano Posture — Jangooni,https://admin.musora.com/admin#/content/pianote/394537,https://www.musora.com/pianote/student-reviews/improving-piano-posture-jangooni/394537,2023-08-04,Posture,,Posture,,,,,,,Practice Tips
394544,student-review,"Developing ""Yesterday"" — D Hawkins",https://admin.musora.com/admin#/content/pianote/394544,https://www.musora.com/pianote/student-reviews/developing-yesterday-d-hawkins/394544,2023-08-04,Technique,R&B/Soul,,,,,,Chording,,
394387,quick-tips,"Piano Teachers React To Barbie Song ""What Was I Made For?"" (Billie Eilish)",https://admin.musora.com/admin#/content/pianote/394387,https://www.musora.com/pianote/quick-tips/piano-teachers-react-to-barbie-song-what-was-i-made-for-billie-eilish/394387,2023-08-02,Pop,Pop/Rock,,,,,,,,Other
394387,quick-tips,"Piano Teachers React To Barbie Song ""What Was I Made For?"" (Billie Eilish)",https://admin.musora.com/admin#/content/pianote/394387,https://www.musora.com/pianote/quick-tips/piano-teachers-react-to-barbie-song-what-was-i-made-for-billie-eilish/394387,2023-08-02,Soundtrack,,,,,,,,,
393071,quick-tips,Piano Teachers React To The Music Of Zelda,https://admin.musora.com/admin#/content/pianote/393071,https://www.musora.com/pianote/quick-tips/piano-teachers-react-to-the-music-of-zelda/393071,2023-07-31,Soundtrack,Holiday/Soundtrack,,,,,,,,Other
393071,quick-tips,Piano Teachers React To The Music Of Zelda,https://admin.musora.com/admin#/content/pianote/393071,https://www.musora.com/pianote/quick-tips/piano-teachers-react-to-the-music-of-zelda/393071,2023-07-31,Video Game,,,,,,,,,
394243,student-review,Left Hand Out Of The Mud — Diana O,https://admin.musora.com/admin#/content/pianote/394243,https://www.musora.com/pianote/student-reviews/left-hand-out-of-the-mud-diana-o/394243,2023-07-28,Musicality,,Independence,,,,Improvisation & Songwriting,,,
394227,student-review,Summer Breeze Melodies — Bonnie L.,https://admin.musora.com/admin#/content/pianote/394227,https://www.musora.com/pianote/student-reviews/summer-breeze-melodies-bonnie-l/394227,2023-07-28,Musicality,,,,,Rhythm,,,,
394224,student-review,The Journey Of I Giorni — Tilottama,https://admin.musora.com/admin#/content/pianote/394224,https://www.musora.com/pianote/student-reviews/the-journey-of-i-giorni-tilottama/394224,2023-07-28,Musicality,,,Dynamics,,,,,,
394222,student-review,"First Flakes Technique — Portly ""Pianist""",https://admin.musora.com/admin#/content/pianote/394222,https://www.musora.com/pianote/student-reviews/first-flakes-technique-portly-pianist/394222,2023-07-28,Musicality,,,Dynamics,,,,,,
394215,student-review,"Timeless Romance, Richard Marx — Mary Louise H",https://admin.musora.com/admin#/content/pianote/394215,https://www.musora.com/pianote/student-reviews/timeless-romance-richard-marx-mary-louise-h/394215,2023-07-28,Musicality,,,,,,Improvisation & Songwriting,,,
394218,student-review,Effortless Chord Playing — Jane in Kyoto,https://admin.musora.com/admin#/content/pianote/394218,https://www.musora.com/pianote/student-reviews/effortless-chord-playing-jane-in-kyoto/394218,2023-07-28,Technique,,,,,,,Chording,,
394245,student-review,Building Speed With Evenness — Wendy Kosch,https://admin.musora.com/admin#/content/pianote/394245,https://www.musora.com/pianote/student-reviews/building-speed-with-evenness-wendy-kosch/394245,2023-07-28,Technique,,,Speed & Stamina,,,,,,
394239,student-review,Left Hand Leaps — David Lim,https://admin.musora.com/admin#/content/pianote/394239,https://www.musora.com/pianote/student-reviews/left-hand-leaps-david-lim/394239,2023-07-28,Technique,,,Speed & Stamina,,,,,,
394236,student-review,Conquering Mistakes — Jan P.,https://admin.musora.com/admin#/content/pianote/394236,https://www.musora.com/pianote/student-reviews/conquering-mistakes-jan-p/394236,2023-07-28,Technique,,,,,,,,,Practice Tips
394231,student-review,Floyd Cramer Slip Notes — Allison B,https://admin.musora.com/admin#/content/pianote/394231,https://www.musora.com/pianote/student-reviews/floyd-cramer-slip-notes-allison-b/394231,2023-07-28,Technique,,,,,Rhythm,,Riffs & Fills,,
392844,quick-tips,225 Years Of Rock Piano In 10 Minutes,https://admin.musora.com/admin#/content/pianote/392844,https://www.musora.com/pianote/quick-tips/225-years-of-rock-piano-in-10-minutes/392844,2023-07-25,History,,,,,,,,,Other
392844,quick-tips,225 Years Of Rock Piano In 10 Minutes,https://admin.musora.com/admin#/content/pianote/392844,https://www.musora.com/pianote/quick-tips/225-years-of-rock-piano-in-10-minutes/392844,2023-07-25,Rock,,,,,,,,,
393777,student-review,Timeless Tune: The Doors — En Passanissimo,https://admin.musora.com/admin#/content/pianote/393777,https://www.musora.com/pianote/student-reviews/timeless-tune-the-doors-en-passanissimo/393777,2023-07-21,Musicality,,,,,,Improvisation & Songwriting,,,
393784,student-review,Syncopation Delight – Dhomse,https://admin.musora.com/admin#/content/pianote/393784,https://www.musora.com/pianote/student-reviews/syncopation-delight-dhomse/393784,2023-07-21,Musicality,,,,,Rhythm,,,,
393781,student-review,Für Elise Review — Ken Z77,https://admin.musora.com/admin#/content/pianote/393781,https://www.musora.com/pianote/student-reviews/fr-elise-review-ken-z77/393781,2023-07-21,Musicality,Classical,,,,,,,,
393775,student-review,Piano Exercise — David.Lim,https://admin.musora.com/admin#/content/pianote/393775,https://www.musora.com/pianote/student-reviews/piano-exercise-davidlim/393775,2023-07-21,Technique,,,Finger Strength,,Rhythm,,,,
393213,student-review,Jazz Waltz Pattern — Allison B.,https://admin.musora.com/admin#/content/pianote/393213,https://www.musora.com/pianote/student-reviews/jazz-waltz-pattern-allison-b/393213,2023-07-14,Musicality,Jazz/Blues,,,,Rhythm,,,,
393224,student-review,Chanson de Tristesse — Martin ON,https://admin.musora.com/admin#/content/pianote/393224,https://www.musora.com/pianote/student-reviews/chanson-de-tristesse-martin-on/393224,2023-07-14,Musicality,Classical,,Independence,,,,,,
393234,student-review,Magical Techniques — Toma Keys,https://admin.musora.com/admin#/content/pianote/393234,https://www.musora.com/pianote/student-reviews/magical-techniques-toma-keys/393234,2023-07-14,Musicality,,,Dynamics,,,,,,
393238,student-review,Rhumba Rhythm Pattern — Ilva,https://admin.musora.com/admin#/content/pianote/393238,https://www.musora.com/pianote/student-reviews/rhumba-rhythm-pattern-ilva/393238,2023-07-14,Musicality,,,,,Rhythm,,,,
393243,student-review,Elevating Melodies — Arthur W.,https://admin.musora.com/admin#/content/pianote/393243,https://www.musora.com/pianote/student-reviews/elevating-melodies-arthur-w/393243,2023-07-14,Musicality,,,Independence,,,,,,Practice Tips
392832,student-review,Echoes Of The Past - Patricia Ireland,https://admin.musora.com/admin#/content/pianote/392832,https://www.musora.com/pianote/student-reviews/echoes-of-the-past-patricia-ireland/392832,2023-07-07,Musicality,,,,,,Improvisation & Songwriting,,,
392836,student-review,Musical Delights Of Autumn - Tony111,https://admin.musora.com/admin#/content/pianote/392836,https://www.musora.com/pianote/student-reviews/musical-delights-of-autumn-tony111/392836,2023-07-07,Musicality,,,,,,Improvisation & Songwriting,Chording,,
392839,student-review,Piano Workout - David.Lim,https://admin.musora.com/admin#/content/pianote/392839,https://www.musora.com/pianote/student-reviews/piano-workout-davidlim/392839,2023-07-07,Technique,,,Finger Strength,,,,,,Practice Tips
392842,student-review,Left Hand Waltz Pattern Exercise  - Tobymonte,https://admin.musora.com/admin#/content/pianote/392842,https://www.musora.com/pianote/student-reviews/lh-waltz-pattern-exercise-tobymonte/392842,2023-07-07,Technique,,,Independence,,Rhythm,,,,
392397,student-review,A Harmonious Journey - Ellinor E,https://admin.musora.com/admin#/content/pianote/392397,https://www.musora.com/pianote/student-reviews/a-harmonious-journey-ellinor-e/392397,2023-06-30,Musicality,,,Finger Strength,Chord & Scale Theory,,,,,
392479,student-review,Captivating Romance - Tilottama,https://admin.musora.com/admin#/content/pianote/392479,https://www.musora.com/pianote/student-reviews/captivating-romance-tilottama/392479,2023-06-30,Musicality,,,,,Rhythm,,,,
392481,student-review,Stride And Swing - A. Krushanth,https://admin.musora.com/admin#/content/pianote/392481,https://www.musora.com/pianote/student-reviews/stride-and-swing-a-krushanth/392481,2023-06-30,Musicality,Jazz/Blues,,,,Rhythm,,,,
392487,student-review,Harmonic Delight - Brigid Mansell,https://admin.musora.com/admin#/content/pianote/392487,https://www.musora.com/pianote/student-reviews/harmonic-delight-brigid-mansell/392487,2023-06-30,Musicality,,,,Chord & Scale Theory,,Improvisation & Songwriting,,,
392483,student-review,Dancing Fingers - Shotgunnmods,https://admin.musora.com/admin#/content/pianote/392483,https://www.musora.com/pianote/student-reviews/dancing-fingers-shotgunnmods/392483,2023-06-30,Technique,,Finger Strength,Independence,,,,,,
392288,quick-tips,The Best Way to Practice Scales,https://admin.musora.com/admin#/content/pianote/392288,https://www.musora.com/pianote/quick-tips/the-best-way-to-practice-scales/392288,2023-06-26,Scales,,,,,,,,,
392288,quick-tips,The Best Way to Practice Scales,https://admin.musora.com/admin#/content/pianote/392288,https://www.musora.com/pianote/quick-tips/the-best-way-to-practice-scales/392288,2023-06-26,Technique,,,Independence,,Chord & Scale Theory,,,,
392234,student-review,Improving Left Hand Pattern - RonnieP,https://admin.musora.com/admin#/content/pianote/392234,https://www.musora.com/pianote/student-reviews/improving-left-hand-pattern-ronniep/392234,2023-06-23,Musicality,,,Independence,,,Improvisation & Songwriting,,,
392228,student-review,Rhythm & Blues Delight - CarbonMan,https://admin.musora.com/admin#/content/pianote/392228,https://www.musora.com/pianote/student-reviews/rhythm-blues-delight-carbonman/392228,2023-06-23,Musicality,R&B/Soul,,,,,Improvisation & Songwriting,,,
392230,student-review,Developing Your 'Piano Man' Style - Denise D.,https://admin.musora.com/admin#/content/pianote/392230,https://www.musora.com/pianote/student-reviews/developing-your-piano-man-style-denise-d/392230,2023-06-23,Musicality,Pop/Rock,,,,,Improvisation & Songwriting,,,
392240,student-review,Seabird Analysis Tips - Dagmar B,https://admin.musora.com/admin#/content/pianote/392240,https://www.musora.com/pianote/student-reviews/seabird-analysis-tips-dagmar-b/392240,2023-06-23,Musicality,,,,,Chord & Scale Theory,,,,
392243,student-review,"Crescendos, Decrescendos, and Turns - Ken L",https://admin.musora.com/admin#/content/pianote/392243,https://www.musora.com/pianote/student-reviews/crescendos-decrescendos-and-turns-ken-l/392243,2023-06-23,Musicality,,,Dynamics,,,,,,
392232,student-review,Developing Finger Techniques - et_l82803,https://admin.musora.com/admin#/content/pianote/392232,https://www.musora.com,2023-06-23,Technique,,Finger Strength,Independence,,,,,,
392236,student-review,"Practice Tips For ""Stand By Me"" - Keduf",https://admin.musora.com/admin#/content/pianote/392236,https://www.musora.com/pianote/student-reviews/practice-tips-for-stand-by-me-keduf/392236,2023-06-23,Technique,,,,,Rhythm,,,,
392245,student-review,Fifth Finger Strength - ktadd (Kevin),https://admin.musora.com/admin#/content/pianote/392245,https://www.musora.com/pianote/student-reviews/fifth-finger-strength-ktadd-kevin/392245,2023-06-23,Technique,,,Finger Strength,,,,,,Practice Tips
391979,quick-tips,Pop 101,https://admin.musora.com/admin#/content/pianote/391979,https://www.musora.com/pianote/quick-tips/pop-101/391979,2023-06-21,Chords,Pop/Rock,,,,,Improvisation & Songwriting,Chording,,
391979,quick-tips,Pop 101,https://admin.musora.com/admin#/content/pianote/391979,https://www.musora.com/pianote/quick-tips/pop-101/391979,2023-06-21,Pop,,,,,,,,,
391899,student-review,Easy Jazz Improvisation - Ed Kirk,https://admin.musora.com/admin#/content/pianote/391899,https://www.musora.com/pianote/student-reviews/easy-jazz-improvisation-ed-kirk/391899,2023-06-16,Musicality,Jazz/Blues,,,,,Improvisation & Songwriting,,,
391943,student-review,Improvised Composition - David K.,https://admin.musora.com/admin#/content/pianote/391943,https://www.musora.com/pianote/student-reviews/improvised-composition-david-k/391943,2023-06-16,Musicality,,,,,Composition & Arranging,Improvisation & Songwriting,,,
391756,song-tutorial,Come Sail Away - Tutorial,https://admin.musora.com/admin#/content/pianote/391756,https://www.musora.com,2023-06-16,Pop rock,Pop/Rock,,,,,,,,
391901,student-review,Working On Great Fingering - David.Lim,https://admin.musora.com/admin#/content/pianote/391901,https://www.musora.com/pianote/student-reviews/working-on-great-fingering-davidlim/391901,2023-06-16,Technique,,Finger Strength,,,,,,,Practice Tips
391947,student-review,Dynamic Dance Finger Strength - Lambda.Mike,https://admin.musora.com/admin#/content/pianote/391947,https://www.musora.com/pianote/student-reviews/dynamic-dance-finger-strength-lambdamike/391947,2023-06-16,Technique,,Dynamics,Finger Strength,,,,,,
391615,student-review,Working With Dynamics - Diana O,https://admin.musora.com/admin#/content/pianote/391615,https://www.musora.com/pianote/student-reviews/working-with-dynamics-diana-o/391615,2023-06-09,Musicality,,,Dynamics,,,,,,
391605,student-review,Polyrhythms And Ledger Lines - Nithuairisg.Sile,https://admin.musora.com/admin#/content/pianote/391605,https://www.musora.com/pianote/student-reviews/polyrhythms-and-ledger-lines-nithuairisgsile/391605,2023-06-09,Musicality,,,,Sight Reading,Rhythm,,,,
391613,student-review,Broken Chord Improvisation - Sue F,https://admin.musora.com/admin#/content/pianote/391613,https://www.musora.com/pianote/student-reviews/broken-chord-improvisation-sue-f/391613,2023-06-09,Musicality,,,,,,Improvisation & Songwriting,Chording,,
391607,student-review,How To Practice A Piece Of Music - Piannika,https://admin.musora.com/admin#/content/pianote/391607,https://www.musora.com/pianote/student-reviews/how-to-practice-a-piece-of-music-piannika/391607,2023-06-09,Musicality,,,,,,,,,Practice Tips
391603,student-review,Best Bench Height - Yousef,https://admin.musora.com/admin#/content/pianote/391603,https://www.musora.com/pianote/student-reviews/best-bench-height-yousef/391603,2023-06-09,Posture,,Posture,,,,,,,Practice Tips
391609,student-review,Why Sheet Music? - JorgeVillavicencio,https://admin.musora.com/admin#/content/pianote/391609,https://www.musora.com/pianote/student-reviews/why-sheet-music-jorgevillavicencio/391609,2023-06-09,Sight Reading,,,,Sight Reading,Key Signatures/Keys,,,,
391611,student-review,Developing Arpeggio Transitions - Sanvoid,https://admin.musora.com/admin#/content/pianote/391611,https://www.musora.com/pianote/student-reviews/developing-arpeggio-transitions-sanvoid/391611,2023-06-09,Technique,,,Arpeggios,,,Improvisation & Songwriting,,,
391298,quick-tips,The Theory Behind: River Flows In You,https://admin.musora.com/admin#/content/pianote/391298,https://www.musora.com/pianote/quick-tips/the-theory-behind-river-flows-in-you/391298,2023-06-05,Theory,Classical,,,,Chord & Scale Theory,,,,
391269,quick-tips,Musora 2023 Summer Recital Announcement,https://admin.musora.com/admin#/content/pianote/391269,https://www.musora.com/pianote/quick-tips/musora-2023-summer-recital-announcement/391269,2023-06-02,Collaboration,,,,,,,,,Other
391201,student-review,Don't Overthink The Pedal - Jrla,https://admin.musora.com/admin#/content/pianote/391201,https://www.musora.com/pianote/student-reviews/don-t-overthink-the-pedal-jrla/391201,2023-06-02,Musicality,,,Pedaling,,,,,,Practice Tips
391203,student-review,Detached Vs Staccato Playing - Eugenie,https://admin.musora.com/admin#/content/pianote/391203,https://www.musora.com/pianote/student-reviews/detached-vs-staccato-playing-eugenie/391203,2023-06-02,Musicality,,,Dynamics,,,,,,Practice Tips
391206,student-review,Dynamics & Sequences - Ken Z77,https://admin.musora.com/admin#/content/pianote/391206,https://www.musora.com/pianote/student-reviews/dynamics-sequences-ken-z77/391206,2023-06-02,Musicality,,,Dynamics,,,,,,
391247,student-review,Mad World Left Hand Control - Steve C,https://admin.musora.com/admin#/content/pianote/391247,https://www.musora.com/pianote/student-reviews/mad-world-left-hand-control-steve-c/391247,2023-06-02,Musicality,,,Independence,,,,,,
391249,student-review,Mad World Tempo And Dynamics - Angel Valero,https://admin.musora.com/admin#/content/pianote/391249,https://www.musora.com/pianote/student-reviews/mad-world-tempo-and-dynamics-angel-valero/391249,2023-06-02,Musicality,,,Dynamics,,Rhythm,,,,
391251,student-review,Tips For Bluesy Feel - Brigid Mansell,https://admin.musora.com/admin#/content/pianote/391251,https://www.musora.com/pianote/student-reviews/tips-for-bluesy-feel-brigid-mansell/391251,2023-06-02,Musicality,Jazz/Blues,,,,,Improvisation & Songwriting,Chording,,
391258,student-review,Structure In Improvisation - David K.,https://admin.musora.com/admin#/content/pianote/391258,https://www.musora.com/pianote/student-reviews/structure-in-improvisation-david-k/391258,2023-06-02,Musicality,,,,,,Improvisation & Songwriting,,,
391208,student-review,Extended Arpeggio Drills - HelenNZ,https://admin.musora.com/admin#/content/pianote/391208,https://www.musora.com/pianote/student-reviews/extended-arpeggio-drills-helennz/391208,2023-06-02,Technique,,,Arpeggios,,,,,,Practice Tips
391211,student-review,Easily Improve Your Scales - David Lim,https://admin.musora.com/admin#/content/pianote/391211,https://www.musora.com/pianote/student-reviews/easily-improve-your-scales-david-lim/391211,2023-06-02,Technique,,,Chords & Scales,,,,,,Practice Tips
391253,student-review,"Wrist Motion In ""Hallelujah"" - Jopi",https://admin.musora.com/admin#/content/pianote/391253,https://www.musora.com/pianote/student-reviews/wrist-motion-in-hallelujah-jopi/391253,2023-06-02,Technique,,Finger Strength,Posture,,,,,,
391255,student-review,Holding Notes To Full Value - Jim527,https://admin.musora.com/admin#/content/pianote/391255,https://www.musora.com/pianote/student-reviews/holding-notes-to-full-value-jim527/391255,2023-06-02,Technique,,,,,Rhythm,,,,
390412,quick-tips,The Secret To Beautiful Chord Progressions,https://admin.musora.com/admin#/content/pianote/390412,https://www.musora.com/pianote/quick-tips/the-secret-to-beautiful-chord-progressions/390412,2023-05-29,Chord Progression,,,,,Chord & Scale Theory,,Chording,,
390412,quick-tips,The Secret To Beautiful Chord Progressions,https://admin.musora.com/admin#/content/pianote/390412,https://www.musora.com/pianote/quick-tips/the-secret-to-beautiful-chord-progressions/390412,2023-05-29,Chords,,,,,,,,,
390859,student-review,Smooth Melody Without Pedal - Helen Clare,https://admin.musora.com/admin#/content/pianote/390859,https://www.musora.com/pianote/student-reviews/smooth-melody-without-pedal-helen-clare/390859,2023-05-26,Musicality,,,Pedaling,,,,,,
390862,student-review,How To Determine Chord Inversions - Ian60,https://admin.musora.com/admin#/content/pianote/390862,https://www.musora.com/pianote/student-reviews/how-to-determine-chord-inversions-ian60/390862,2023-05-26,Musicality,,,,,Chord & Scale Theory,,Chording,,
390867,student-review,How Posture Affects Dynamics  - Pea Green,https://admin.musora.com/admin#/content/pianote/390867,https://www.musora.com/pianote/student-reviews/how-posture-affects-dynamics-pea-green/390867,2023-05-26,Musicality,,Posture,Dynamics,,,,,,
390869,student-review,The Rise And Fall Of A Melody - Jose Alcaraz,https://admin.musora.com/admin#/content/pianote/390869,https://www.musora.com/pianote/student-reviews/the-rise-and-fall-of-a-melody-jose-alcaraz/390869,2023-05-26,Musicality,,,,,,Improvisation & Songwriting,,,
390915,student-review,Left Hand Control - Annette May,https://admin.musora.com/admin#/content/pianote/390915,https://www.musora.com/pianote/student-reviews/left-hand-control-annette-may/390915,2023-05-26,Musicality,,,Independence,,,,,,
390919,student-review,My Immortal - Katerina_K,https://admin.musora.com/admin#/content/pianote/390919,https://www.musora.com/pianote/student-reviews/my-immortal-katerinak/390919,2023-05-26,Musicality,,,Speed & Stamina,,,,,,
390923,student-review,Kangding Love Song Exam Prep - Jose Alcaraz,https://admin.musora.com/admin#/content/pianote/390923,https://www.musora.com/pianote/student-reviews/kangding-love-song-exam-prep-jose-alcaraz/390923,2023-05-26,Musicality,,,Dynamics,,Chord & Scale Theory,,,,
390917,student-review,Wrist Motion Tips - Ignaciomorante,https://admin.musora.com/admin#/content/pianote/390917,https://www.musora.com/pianote/student-reviews/wrist-motion-tips-ignaciomorante/390917,2023-05-26,Technique,,Posture,Speed & Stamina,,,,,,Practice Tips
390921,student-review,Right Here Waiting - Jonny5,https://admin.musora.com/admin#/content/pianote/390921,https://www.musora.com/pianote/student-reviews/right-here-waiting-jonny5/390921,2023-05-26,Technique,,,,,,,Chording,,
390893,student-review,Chord Change Drills - Ian60,https://admin.musora.com/admin#/content/pianote/390893,https://www.musora.com/pianote/student-reviews/chord-change-drills-ian60/390893,2023-05-26,Technique,,,,,,,Chording,,
390518,quick-tips,Jazz 101,https://admin.musora.com/admin#/content/pianote/390518,https://www.musora.com/pianote/quick-tips/jazz-101/390518,2023-05-23,Jazz,Jazz/Blues,,,,,Improvisation & Songwriting,Chording,,
390669,student-review,Love Story Theme - Glenda P,https://admin.musora.com/admin#/content/pianote/390669,https://www.musora.com/pianote/student-reviews/love-story-theme-glenda-p/390669,2023-05-19,Musicality,,,,Rhythm,,,,,
390690,student-review,Useful Dynamic Techniques - Jose Alcaraz,https://admin.musora.com/admin#/content/pianote/390690,https://www.musora.com/pianote/student-reviews/useful-dynamic-techniques-jose-alcaraz/390690,2023-05-19,Musicality,,,Dynamics,,,,,,
390686,student-review,Practicing Without Pedal - Patricia Ireland,https://admin.musora.com/admin#/content/pianote/390686,https://www.musora.com/pianote/student-reviews/practicing-without-pedal-patricia-ireland/390686,2023-05-19,Musicality,,,Pedaling,,,,,,Practice Tips
390682,student-review,Simple Chording Ideas - Stephanie L,https://admin.musora.com/admin#/content/pianote/390682,https://www.musora.com/pianote/student-reviews/simple-chording-ideas-stephanie-l/390682,2023-05-19,Musicality,,,,,,,Chording,,
390678,student-review,How To Understand Phrasing - Denise D,https://admin.musora.com/admin#/content/pianote/390678,https://www.musora.com/pianote/student-reviews/how-to-understand-phrasing-denise-d/390678,2023-05-19,Musicality,,,Dynamics,,,,,,
390671,student-review,Core Rhythms When Accompanying - Ileneree,https://admin.musora.com/admin#/content/pianote/390671,https://www.musora.com/pianote/student-reviews/core-rhythms-when-accompanying-ileneree/390671,2023-05-19,Musicality,,,,,Rhythm,,Chording,,
390666,student-review,Minor 11 Chords - Agabemnon,https://admin.musora.com/admin#/content/pianote/390666,https://www.musora.com/pianote/student-reviews/minor-11-chords-agabemnon/390666,2023-05-19,Musicality,,,,,Chord & Scale Theory,,Chording,,
390664,student-review,Whiter Shade - Brigid Mansell,https://admin.musora.com/admin#/content/pianote/390664,https://www.musora.com/pianote/student-reviews/whiter-shade-brigid-mansell/390664,2023-05-19,Musicality,,,,,Rhythm,,Riffs & Fills,,
390662,student-review,Chord Ideas: Make You Feel My Love - Danbrant,https://admin.musora.com/admin#/content/pianote/390662,https://www.musora.com/pianote/student-reviews/chord-ideas-make-you-feel-my-love-danbrant/390662,2023-05-19,Musicality,,,,,,,Chording,,
390692,student-review,Tips To Avoid Tension - Elliott Greenberg,https://admin.musora.com/admin#/content/pianote/390692,https://www.musora.com/pianote/student-reviews/tips-to-avoid-tension-elliott-greenberg/390692,2023-05-19,Musicality,,Speed & Stamina,,,,,,,Practice Tips
390680,student-review,Fixing Wrist Pain - C a r l y,https://admin.musora.com/admin#/content/pianote/390680,https://www.musora.com/pianote/student-reviews/fixing-wrist-pain-c-a-r-l-y/390680,2023-05-19,Posture,,Posture,,,,,,,Practice Tips
390694,student-review,3 Exercises To Improve Arpeggios - Henk Knoester,https://admin.musora.com/admin#/content/pianote/390694,https://www.musora.com/pianote/student-reviews/3-exercises-to-improve-arpeggios-henk-knoester/390694,2023-05-19,Technique,,,Arpeggios,,,,,,
390688,student-review,Slow Down To Speed Up - Stanley A,https://admin.musora.com/admin#/content/pianote/390688,https://www.musora.com/pianote/student-reviews/slow-down-to-speed-up-stanley-a/390688,2023-05-19,Technique,,,Speed & Stamina,,,,,,
390674,student-review,Holding Notes Down - Brigid Mansell,https://admin.musora.com/admin#/content/pianote/390674,https://www.musora.com/pianote/student-reviews/holding-notes-down-brigid-mansell/390674,2023-05-19,Technique,,,,,Rhythm,,,,
390225,quick-tips,Understanding Chord Inversions In 10 Minutes,https://admin.musora.com/admin#/content/pianote/390225,https://www.musora.com/pianote/quick-tips/understanding-chord-inversions-in-10-minutes/390225,2023-05-15,Chord Progression,,,,,Chord & Scale Theory,,Chording,,
390225,quick-tips,Understanding Chord Inversions In 10 Minutes,https://admin.musora.com/admin#/content/pianote/390225,https://www.musora.com/pianote/quick-tips/understanding-chord-inversions-in-10-minutes/390225,2023-05-15,Chords,,,,,,,,,
390391,student-review,"Adding Harmony And Extra's to ""Edelweiss"" - Ken Z77",https://admin.musora.com/admin#/content/pianote/390391,https://www.musora.com/pianote/student-reviews/adding-harmony-and-extra-s-to-edelweiss-ken-z77/390391,2023-05-12,Musicality,,,,,,Improvisation & Songwriting,,,
390389,student-review,Moonlight Sonata Finishing Touches - Rickysakhrani,https://admin.musora.com/admin#/content/pianote/390389,https://www.musora.com/pianote/student-reviews/moonlight-sonata-finishing-touches-rickysakhrani/390389,2023-05-12,Musicality,Classical,,Dynamics,,,,,,
390383,student-review,Structuring Practice Time - Rafaella,https://admin.musora.com/admin#/content/pianote/390383,https://www.musora.com/pianote/student-reviews/structuring-practice-time-rafaella/390383,2023-05-12,Musicality,,,,,,,,,Practice Tips
390375,student-review,Sad Improvisation Or Composition? - Christina L,https://admin.musora.com/admin#/content/pianote/390375,https://www.musora.com/pianote/student-reviews/sad-improvisation-or-composition-christina-l/390375,2023-05-12,Musicality,,,,Composition & Arranging,,Improvisation & Songwriting,,,
390372,student-review,Composing Classical Music - Michael From London,https://admin.musora.com/admin#/content/pianote/390372,https://www.musora.com/pianote/student-reviews/composing-classical-music-michael-from-london/390372,2023-05-12,Musicality,Classical,,,Composition & Arranging,,Improvisation & Songwriting,,,
390361,student-review,Smooth Chord Transitions - Kevin van Nijendaal,https://admin.musora.com/admin#/content/pianote/390361,https://www.musora.com/pianote/student-reviews/smooth-chord-transitions-kevin-van-nijendaal/390361,2023-05-12,Musicality,,,,,,,Chording,,
390381,student-review,Intersteller Posture Check In - Rajat.S.Pawar,https://admin.musora.com/admin#/content/pianote/390381,https://www.musora.com/pianote/student-reviews/intersteller-posture-check-in-rajatspawar/390381,2023-05-12,Posture,,Posture,,,,,,,
390377,student-review,Keeping Time  - NormallySane,https://admin.musora.com/admin#/content/pianote/390377,https://www.musora.com/pianote/student-reviews/keeping-time-normallysane/390377,2023-05-12,Rhythm,,,,,Rhythm,,,,
390366,student-review,Don't Use The Metronome - Viktoriia L,https://admin.musora.com/admin#/content/pianote/390366,https://www.musora.com/pianote/student-reviews/don-t-use-the-metronome-viktoriia-l/390366,2023-05-12,Rhythm,,,,,Rhythm,,,,
390387,student-review,Focusing On Rhythm In Let It Be - Tom,https://admin.musora.com/admin#/content/pianote/390387,https://www.musora.com/pianote/student-reviews/focusing-on-rhythm-in-let-it-be-tom/390387,2023-05-12,Rhythm,,,,,Rhythm,,,,
390379,student-review,Unchained Melody Check in - Focusing On Pedal - Debby B,https://admin.musora.com/admin#/content/pianote/390379,https://www.musora.com/pianote/student-reviews/unchained-melody-check-in-focusing-on-pedal-debby-b/390379,2023-05-12,Technique,,,Pedaling,,,,,,
390370,student-review,Sustain Pedal Practice Exercises - Juliusz,https://admin.musora.com/admin#/content/pianote/390370,https://www.musora.com/pianote/student-reviews/sustain-pedal-practice-exercises-juliusz/390370,2023-05-12,Technique,,,Pedaling,,,,,,
390368,student-review,What Fingers Do I Use? - Patrick In NYC,https://admin.musora.com/admin#/content/pianote/390368,https://www.musora.com/pianote/student-reviews/what-fingers-do-i-use-patrick-in-nyc/390368,2023-05-12,Technique,,,,,,,,,Practice Tips
390052,student-review,Mastering The Pedal - Patricia Ireland,https://admin.musora.com/admin#/content/pianote/390052,https://www.musora.com/pianote/student-reviews/mastering-the-pedal-patricia-ireland/390052,2023-05-05,Musicality,,,Pedaling,,,,,,
390050,student-review,Making Arrangements Your Own  - Dhomse,https://admin.musora.com/admin#/content/pianote/390050,https://www.musora.com/pianote/student-reviews/making-arrangements-your-own-dhomse/390050,2023-05-05,Musicality,,,,Composition & Arranging,,Improvisation & Songwriting,,,
390018,student-review,How To Navigate Large Leaps - Agabemnon,https://admin.musora.com/admin#/content/pianote/390018,https://www.musora.com/pianote/student-reviews/how-to-navigate-large-leaps-agabemnon/390018,2023-05-05,Musicality,,Finger Strength,Independence,,,,,,
390037,song-tutorial,Wish You The Best - Tutorial,https://admin.musora.com/admin#/content/pianote/390037,https://www.musora.com,2023-05-05,Pop,Pop/Rock,,,,,,,,
390023,student-review,How To Analyze Your Playing - Chris Lawrence,https://admin.musora.com/admin#/content/pianote/390023,https://www.musora.com/pianote/student-reviews/how-to-analyze-your-playing-chris-lawrence/390023,2023-05-05,Posture,,,,,Chord & Scale Theory,,,,
390021,student-review,Metronome Tips - Anne,https://admin.musora.com/admin#/content/pianote/390021,https://www.musora.com/pianote/student-reviews/metronome-tips-anne/390021,2023-05-05,Rhythm,,,,,Rhythm,,,,
389679,quick-tips,"Lisa Reacts To ""Wish You The Best"" - Lewis Capaldi For The First Time",https://admin.musora.com/admin#/content/pianote/389679,https://www.musora.com/pianote/quick-tips/lisa-reacts-to-wish-you-the-best-lewis-capaldi-for-the-first-time/389679,2023-04-30,Songs,Pop/Rock,,,,,,,,Other
389727,student-review,Avoiding Added Time - Galas,https://admin.musora.com/admin#/content/pianote/389727,https://www.musora.com/pianote/student-reviews/avoiding-added-time-galas/389727,2023-04-28,Musicality,,,,,Rhythm,,,,
389736,student-review,Adding Dynamics And Smoothness - Glenda P,https://admin.musora.com/admin#/content/pianote/389736,https://www.musora.com/pianote/student-reviews/adding-dynamics-and-smoothness-glenda-p/389736,2023-04-28,Musicality,,,Dynamics,,,,,,
389731,student-review,Waltz Tips - Jenny B In MB,https://admin.musora.com/admin#/content/pianote/389731,https://www.musora.com/pianote/student-reviews/waltz-tips-jenny-b-in-mb/389731,2023-04-28,Musicality,,,Dynamics,,Rhythm,,,,
389738,student-review,Taller Chords Than Usual - Ｊｅｒｅｍｙ,https://admin.musora.com/admin#/content/pianote/389738,https://www.musora.com/pianote/student-reviews/taller-chords-than-usual/389738,2023-04-28,Technique,,,,,Chord & Scale Theory,,Chording,,
389734,student-review,"Inversion Ideas For ""Let It Be"" - Juliaowen",https://admin.musora.com/admin#/content/pianote/389734,https://www.musora.com/pianote/student-reviews/inversion-ideas-for-let-it-be-juliaowen/389734,2023-04-28,Technique,,,,,,Improvisation & Songwriting,Chording,,
389729,student-review,Final Touches On Your Own Piece - Funky Drummer(Ebryder),https://admin.musora.com/admin#/content/pianote/389729,https://www.musora.com/pianote/student-reviews/final-touches-on-your-own-piece-funky-drummerebryder/389729,2023-04-28,Technique,,,Dynamics,,,,,,
389351,student-review,"Ultimate Guide To ""Fur Elise""  - Cmundo",https://admin.musora.com/admin#/content/pianote/389351,https://www.musora.com/pianote/student-reviews/ultimate-guide-to-fur-elise-cmundo/389351,2023-04-21,Musicality,Classical,,Dynamics,,,,,,
389353,student-review,Diagnosing Hand Pain - Atuck,https://admin.musora.com/admin#/content/pianote/389353,https://www.musora.com/pianote/student-reviews/diagnosing-hand-pain-atuck/389353,2023-04-21,Musicality,,Speed & Stamina,Finger Strength,,,,,,
389355,student-review,What's The Right Amount Of Rubato? - John Frost From Olympia,https://admin.musora.com/admin#/content/pianote/389355,https://www.musora.com/pianote/student-reviews/what-s-the-right-amount-of-rubato-john-frost-from-olympia/389355,2023-04-21,Musicality,,,Dynamics,,Rhythm,,,,
389357,student-review,Composing With Metric Modulation & Modes - Grandma Monkey Hands,https://admin.musora.com/admin#/content/pianote/389357,https://www.musora.com/pianote/student-reviews/composing-with-metric-modulation-modes-grandma-monkey-hands/389357,2023-04-21,Scales,,,,Key Signatures/Keys,Chord & Scale Theory,,,,
388978,quick-tips,3 Easy Coldplay Songs (Beginner Piano Lesson),https://admin.musora.com/admin#/content/pianote/388978,https://www.musora.com/pianote/quick-tips/3-easy-coldplay-songs-beginner-piano-lesson/388978,2023-04-17,Chord Progression,Pop/Rock,,,,,,Chording,,
388978,quick-tips,3 Easy Coldplay Songs (Beginner Piano Lesson),https://admin.musora.com/admin#/content/pianote/388978,https://www.musora.com/pianote/quick-tips/3-easy-coldplay-songs-beginner-piano-lesson/388978,2023-04-17,Songs,,,,,,,,,
389007,student-review,Keeping The Third In The Chord - Bkh.Lifeliners,https://admin.musora.com/admin#/content/pianote/389007,https://www.musora.com/pianote/student-reviews/keeping-the-third-in-the-chord-bkhlifeliners/389007,2023-04-14,Musicality,,,,,Chord & Scale Theory,,Chording,,
389005,student-review,Hallelujah Time Signature - P Golding,https://admin.musora.com/admin#/content/pianote/389005,https://www.musora.com/pianote/student-reviews/hallelujah-time-signature-p-golding/389005,2023-04-14,Musicality,,,,,Rhythm,,,,
388967,student-review,Finger Strengthening Exercises - Carol S,https://admin.musora.com/admin#/content/pianote/388967,https://www.musora.com/pianote/student-reviews/finger-strengthening-exercises-carol-s/388967,2023-04-14,Musicality,,,Finger Strength,,,,,,Practice Tips
388969,student-review,Creating Flow With Slower Songs - Pajama Man,https://admin.musora.com/admin#/content/pianote/388969,https://www.musora.com/pianote/student-reviews/creating-flow-with-slower-songs-pajama-man/388969,2023-04-14,Musicality,,,Dynamics,Rhythm,,,,,
389003,student-review,Pedalling And Arpeggios - TomPhotoVideo,https://admin.musora.com/admin#/content/pianote/389003,https://www.musora.com/pianote/student-reviews/pedalling-and-arpeggios-tomphotovideo/389003,2023-04-14,Technique,,Pedaling,Arpeggios,,,,,,
389001,student-review,If I Ain't Got You - Alex C,https://admin.musora.com/admin#/content/pianote/389001,https://www.musora.com/pianote/student-reviews/if-i-ain-t-got-you-alex-c/389001,2023-04-14,Technique,Pop/Rock,,,,,,Chording,,
388974,student-review,Creating The Big Picture - Arthur W,https://admin.musora.com/admin#/content/pianote/388974,https://www.musora.com/pianote/student-reviews/creating-the-big-picture-arthur-w/388974,2023-04-14,Technique,,,Pedaling,,,,,,
388972,student-review,"More Wrist, Less Fingers - Nimish Choubey",https://admin.musora.com/admin#/content/pianote/388972,https://www.musora.com/pianote/student-reviews/more-wrist-less-fingers-nimish-choubey/388972,2023-04-14,Technique,,Independence,Posture,,,,,,Practice Tips
388739,quick-tips,3 Easy Chopin Songs,https://admin.musora.com/admin#/content/pianote/388739,https://www.musora.com/pianote/quick-tips/3-easy-chopin-songs/388739,2023-04-11,Classical,Classical,,,,,,,,
388777,student-review,Hand Posture For Legato Playing - MattP,https://admin.musora.com/admin#/content/pianote/388777,https://www.musora.com/pianote/student-reviews/hand-posture-for-legato-playing-mattp/388777,2023-04-07,Musicality,,Posture,,,,,,,Practice Tips
388781,student-review,Proper Chord Posture - Tilottama,https://admin.musora.com/admin#/content/pianote/388781,https://www.musora.com/pianote/student-reviews/proper-chord-posture-tilottama/388781,2023-04-07,Musicality,,Posture,,,,,Chording,,
388783,student-review,Teacups And Hand Posture - BerniefromIreland,https://admin.musora.com/admin#/content/pianote/388783,https://www.musora.com/pianote/student-reviews/teacups-and-hand-posture-berniefromireland/388783,2023-04-07,Musicality,,Posture,,,,,,,
388820,student-review,Crisp Waltz Staccato - Katerina_K,https://admin.musora.com/admin#/content/pianote/388820,https://www.musora.com/pianote/student-reviews/crisp-waltz-staccato-katerinak/388820,2023-04-07,Musicality,Classical,,,Rhythm,,,,,
388822,student-review,Building Your Improv Palette - Antonia.Adams,https://admin.musora.com/admin#/content/pianote/388822,https://www.musora.com/pianote/student-reviews/building-your-improv-palette-antoniaadams/388822,2023-04-07,Musicality,,,,,,Improvisation & Songwriting,,,
388779,student-review,How To Practice Long Songs - Soozywales,https://admin.musora.com/admin#/content/pianote/388779,https://www.musora.com/pianote/student-reviews/how-to-practice-long-songs-soozywales/388779,2023-04-07,Rhythm,,,,,Rhythm,,,,Practice Tips
388785,student-review,Tackling A Tricky Left Hand Accompaniment - Michael Anthony,https://admin.musora.com/admin#/content/pianote/388785,https://www.musora.com/pianote/student-reviews/tackling-a-tricky-left-hand-accompaniment-michael-anthony/388785,2023-04-07,Rhythm,,Independence,,,Rhythm,,,,
388788,student-review,How To Keep A Steady Melody - Esme A,https://admin.musora.com/admin#/content/pianote/388788,https://www.musora.com/pianote/student-reviews/how-to-keep-a-steady-melody-esme-a/388788,2023-04-07,Rhythm,,,,,Rhythm,,,,
388818,student-review,New Chord Voicings - Patricia Ireland,https://admin.musora.com/admin#/content/pianote/388818,https://www.musora.com/pianote/student-reviews/new-chord-voicings-patricia-ireland/388818,2023-04-07,Technique,,,,Chord & Scale Theory,,Improvisation & Songwriting,,,
388824,student-review,Helpful Scale Practicing - Larry T,https://admin.musora.com/admin#/content/pianote/388824,https://www.musora.com/pianote/student-reviews/helpful-scale-practicing-larry-t/388824,2023-04-07,Technique,,Chords & Scales,Independence,,Chord & Scale Theory,,,,
388816,student-review,Keeping A Steady Beat - Phoebe,https://admin.musora.com/admin#/content/pianote/388816,https://www.musora.com/pianote/student-reviews/keeping-a-steady-beat-phoebe/388816,2023-04-07,Technique,,,,,Rhythm,,,,
388369,quick-tips,Blues 101,https://admin.musora.com/admin#/content/pianote/388369,https://www.musora.com/pianote/quick-tips/blues-101/388369,2023-04-03,Blues,Jazz/Blues,,Independence,,Rhythm,,Chording,,
388486,student-review,Building Your Finger Strength  - Martin Blore,https://admin.musora.com/admin#/content/pianote/388486,https://www.musora.com/pianote/student-reviews/building-your-finger-strength-martin-blore/388486,2023-03-31,Musicality,,,Finger Strength,,,,,,Practice Tips
388494,student-review,Mastering Hand Balance - EDiaz,https://admin.musora.com/admin#/content/pianote/388494,https://www.musora.com/pianote/student-reviews/mastering-hand-balance-ediaz/388494,2023-03-31,Musicality,,,Independence,,,,,,
388496,student-review,How To Fix Sloppy Playing - Ronpowellrx,https://admin.musora.com/admin#/content/pianote/388496,https://www.musora.com/pianote/student-reviews/how-to-fix-sloppy-playing-ronpowellrx/388496,2023-03-31,Musicality,,,Independence,,,,,,Practice Tips
388498,student-review,Dynamic And Tempo Freedom - Em Tiongson,https://admin.musora.com/admin#/content/pianote/388498,https://www.musora.com/pianote/student-reviews/dynamic-and-tempo-freedom-em-tiongson/388498,2023-03-31,Musicality,,,Dynamics,,Rhythm,,,,
388500,student-review,When To Make Sure Hands Are In Sync - Charlotte R,https://admin.musora.com/admin#/content/pianote/388500,https://www.musora.com/pianote/student-reviews/when-to-make-sure-hands-are-in-sync-charlotte-r/388500,2023-03-31,Musicality,,,Dynamics,,Rhythm,,,,
388488,student-review,The Importance Of Counting - Lou Lou,https://admin.musora.com/admin#/content/pianote/388488,https://www.musora.com/pianote/student-reviews/the-importance-of-counting-lou-lou/388488,2023-03-31,Rhythm,,,,,Rhythm,,,,
388506,student-review,Crisp Staccato Practice - Agabemnon,https://admin.musora.com/admin#/content/pianote/388506,https://www.musora.com/pianote/student-reviews/crisp-staccato-practice-agabemnon/388506,2023-03-31,Technique,,,,,,,,,Practice Tips
388504,student-review,Keeping A Consistent Hand Position - Skg101ma,https://admin.musora.com/admin#/content/pianote/388504,https://www.musora.com/pianote/student-reviews/keeping-a-consistent-hand-position-skg101ma/388504,2023-03-31,Technique,,Posture,,,,,,,
388502,student-review,Adding Wrist Motion To Patterns - Len Bennett,https://admin.musora.com/admin#/content/pianote/388502,https://www.musora.com/pianote/student-reviews/adding-wrist-motion-to-patterns-len-bennett/388502,2023-03-31,Technique,,Posture,,,,,,,
388158,student-review,Making The Melody The Priority - Dangowens,https://admin.musora.com/admin#/content/pianote/388158,https://www.musora.com/pianote/student-reviews/making-the-melody-the-priority-dangowens/388158,2023-03-24,Musicality,,,,,,Improvisation & Songwriting,,,
388126,student-review,Mastering Hand & Finger Independence - Kim Beam,https://admin.musora.com/admin#/content/pianote/388126,https://www.musora.com/pianote/student-reviews/mastering-hand-finger-independence-kim-beam/388126,2023-03-24,Musicality,,Finger Strength,Independence,,,,,,
388130,student-review,Tips To Stay On Tempo - Debby B,https://admin.musora.com/admin#/content/pianote/388130,https://www.musora.com/pianote/student-reviews/tips-to-stay-on-tempo-debby-b/388130,2023-03-24,Musicality,,,,,Rhythm,,,,Practice Tips
388133,student-review,Ideas For Working With The Metronome - Steve Cragg,https://admin.musora.com/admin#/content/pianote/388133,https://www.musora.com/pianote/student-reviews/ideas-for-working-with-the-metronome-steve-cragg/388133,2023-03-24,Musicality,,,,,Rhythm,,,,
388137,student-review,Adding Dynamics To Short Phrases - Steve C,https://admin.musora.com/admin#/content/pianote/388137,https://www.musora.com/pianote/student-reviews/adding-dynamics-to-short-phrases-steve-c/388137,2023-03-24,Musicality,,,Dynamics,,,,,,
388154,student-review,Chords Serving The Melody - Favour,https://admin.musora.com/admin#/content/pianote/388154,https://www.musora.com/pianote/student-reviews/chords-serving-the-melody-favour/388154,2023-03-24,Musicality,,,,,Chord & Scale Theory,,Chording,,
388162,student-review,Holding Solid Chords To Full Value - Esme A,https://admin.musora.com/admin#/content/pianote/388162,https://www.musora.com/pianote/student-reviews/holding-solid-chords-to-full-value-esme-a/388162,2023-03-24,Musicality,,,,,Rhythm,,Chording,,
388160,student-review,Scarborough Fair Pedal Technique - RhondaB,https://admin.musora.com/admin#/content/pianote/388160,https://www.musora.com/pianote/student-reviews/scarborough-fair-pedal-technique-rhondab/388160,2023-03-24,Technique,,,Pedaling,,,,,,Practice Tips
388156,student-review,Using Weaker Fingers - Lelan Gimnick,https://admin.musora.com/admin#/content/pianote/388156,https://www.musora.com/pianote/student-reviews/using-weaker-fingers-lelan-gimnick/388156,2023-03-24,Technique,,,Finger Strength,,,,,,
388152,student-review,Connecting Broken Chords - Weafster,https://admin.musora.com/admin#/content/pianote/388152,https://www.musora.com/pianote/student-reviews/connecting-broken-chords-weafster/388152,2023-03-24,Technique,,,Independence,,Rhythm,,Chording,,
388120,student-review,How To Play Arpeggios Efficiently - Esme A,https://admin.musora.com/admin#/content/pianote/388120,https://www.musora.com/pianote/student-reviews/how-to-play-arpeggios-efficiently-esme-a/388120,2023-03-24,Technique,,,Arpeggios,,,,,,
387750,quick-tips,The Best Way To Practice Chord Inversions,https://admin.musora.com/admin#/content/pianote/387750,https://www.musora.com/pianote/quick-tips/the-best-way-to-practice-chord-inversions/387750,2023-03-20,Chords,,,,,,,Chording,,Practice Tips
387913,student-review,How To Articulate Baroque Music - Patrick In NYC,https://admin.musora.com/admin#/content/pianote/387913,https://www.musora.com/pianote/student-reviews/how-to-articulate-baroque-music-patrick-in-nyc/387913,2023-03-17,Musicality,Classical,,,,,,,,Practice Tips
387915,student-review,How To Simplify A Waltz - Vichy Lirapirom,https://admin.musora.com/admin#/content/pianote/387915,https://www.musora.com/pianote/student-reviews/how-to-simplify-a-waltz-vichy-lirapirom/387915,2023-03-17,Musicality,,,,,,Improvisation & Songwriting,,,
387932,student-review,Picking Out Chord Voicings - Tolo,https://admin.musora.com/admin#/content/pianote/387932,https://www.musora.com/pianote/student-reviews/picking-out-chord-voicings-tolo/387932,2023-03-17,Musicality,,,,Chord & Scale Theory,,Improvisation & Songwriting,Chording,,
387938,student-review,Jazz Comping Intro - Singing Sarah,https://admin.musora.com/admin#/content/pianote/387938,https://www.musora.com/pianote/student-reviews/jazz-comping-intro-singing-sarah/387938,2023-03-17,Rhythm,Jazz/Blues,,,,,Improvisation & Songwriting,,,
387917,student-review,How To Play Mixed Arpeggios - Charlotte R,https://admin.musora.com/admin#/content/pianote/387917,https://www.musora.com/pianote/student-reviews/how-to-play-mixed-arpeggios-charlotte-r/387917,2023-03-17,Scales,,,Arpeggios,,Rhythm,,,,
387934,student-review,In And Out Of Broken Chords - Sue F,https://admin.musora.com/admin#/content/pianote/387934,https://www.musora.com/pianote/student-reviews/in-and-out-of-broken-chords-sue-f/387934,2023-03-17,Technique,,,,,Rhythm,,Chording,,
387936,student-review,Ray Charles And Then Some - Singing Sarah,https://admin.musora.com/admin#/content/pianote/387936,https://www.musora.com/pianote/student-reviews/ray-charles-and-then-some-singing-sarah/387936,2023-03-17,Technique,R&B/Soul,,,,,Improvisation & Songwriting,,,
387919,student-review,Chromatic Scale Success - Chordially,https://admin.musora.com/admin#/content/pianote/387919,https://www.musora.com/pianote/student-reviews/chromatic-scale-success-chordially/387919,2023-03-17,Technique,,Chords & Scales,,,Chord & Scale Theory,,,,
387583,quick-tips,The 3 Most Essential Jazz Chord Progressions,https://admin.musora.com/admin#/content/pianote/387583,https://www.musora.com/pianote/quick-tips/the-3-most-essential-jazz-chord-progressions/387583,2023-03-13,Chord Progression,Jazz/Blues,,,,,Improvisation & Songwriting,Chording,,
387583,quick-tips,The 3 Most Essential Jazz Chord Progressions,https://admin.musora.com/admin#/content/pianote/387583,https://www.musora.com/pianote/quick-tips/the-3-most-essential-jazz-chord-progressions/387583,2023-03-13,Jazz,,,,,,,,,
387642,student-review,Wrist Movements In Waltzes - Ken Z77,https://admin.musora.com/admin#/content/pianote/387642,https://www.musora.com/pianote/student-reviews/wrist-movements-in-waltzes-ken-z77/387642,2023-03-10,Musicality,Classical,Posture,,,,,,,
387646,student-review,Making A Waltz Sound Like A Waltz - Xray Demi,https://admin.musora.com/admin#/content/pianote/387646,https://www.musora.com/pianote/student-reviews/making-a-waltz-sound-like-a-waltz-xray-demi/387646,2023-03-10,Musicality,Classical,,Pedaling,,Rhythm,,,,
387648,student-review,Listening For Subtleties In Music - Jose Alcaraz,https://admin.musora.com/admin#/content/pianote/387648,https://www.musora.com/pianote/student-reviews/listening-for-subtleties-in-music-jose-alcaraz/387648,2023-03-10,Musicality,,Ear Training,,,,,,,Practice Tips
387650,student-review,How To Improve Your Left Hand - Sam Ammatouri,https://admin.musora.com/admin#/content/pianote/387650,https://www.musora.com/pianote/student-reviews/how-to-improve-your-left-hand-sam-ammatouri/387650,2023-03-10,Musicality,,,Independence,,,,,,
387678,student-review,Freedom In Melody Rhythms - Robin H,https://admin.musora.com/admin#/content/pianote/387678,https://www.musora.com/pianote/student-reviews/freedom-in-melody-rhythms-robin-h/387678,2023-03-10,Musicality,,,,,Rhythm,,,,
387686,student-review,Arrangement And Reharmonization - Steve Poyet,https://admin.musora.com/admin#/content/pianote/387686,https://www.musora.com/pianote/student-reviews/arrangement-and-reharmonization-steve-poyet/387686,2023-03-10,Musicality,,,,,,Improvisation & Songwriting,,,
387644,student-review,Solution For Smaller Hands - SolRencoret,https://admin.musora.com/admin#/content/pianote/387644,https://www.musora.com/pianote/student-reviews/solution-for-smaller-hands-solrencoret/387644,2023-03-10,Musicality,,,Independence,,,,Chording,,
387652,student-review,Dealing With Stiff Wrists - Merlin Grenier,https://admin.musora.com/admin#/content/pianote/387652,https://www.musora.com/pianote/student-reviews/dealing-with-stiff-wrists-merlin-grenier/387652,2023-03-10,Posture,,Speed & Stamina,Posture,,,,,,
348993,student-review,Landing Solid Chords Together - Ahmed23t,https://admin.musora.com/admin#/content/pianote/348993,https://www.musora.com/pianote/student-reviews/landing-solid-chords-together-ahmed23t/348993,2023-03-10,Posture,,,Finger Strength,,,,Chording,,
387654,student-review,Developing Your Internal Metronome - Jane Tunes,https://admin.musora.com/admin#/content/pianote/387654,https://www.musora.com/pianote/student-reviews/developing-your-internal-metronome-jane-tunes/387654,2023-03-10,Rhythm,,,,,Rhythm,,,,
387688,student-review,Triplets In Boogie Woogie - Lamberto,https://admin.musora.com/admin#/content/pianote/387688,https://www.musora.com/pianote/student-reviews/triplets-in-boogie-woogie-lamberto/387688,2023-03-10,Technique,Jazz/Blues,,,,Rhythm,,,,
387684,student-review,Keeping The Melody Prominent - Patricia Ireland,https://admin.musora.com/admin#/content/pianote/387684,https://www.musora.com/pianote/student-reviews/keeping-the-melody-prominent-patricia-ireland/387684,2023-03-10,Technique,,,Dynamics,,,,,,
387681,student-review,Holding Notes To Their Full Length - Jrla24,https://admin.musora.com/admin#/content/pianote/387681,https://www.musora.com/pianote/student-reviews/holding-notes-to-their-full-length-jrla24/387681,2023-03-10,Technique,,,,,Rhythm,,,,
387350,student-review,How To Make Trills Sound Effortless - Kitty Wong,https://admin.musora.com/admin#/content/pianote/387350,https://www.musora.com/pianote/student-reviews/how-to-make-trills-sound-effortless-kitty-wong/387350,2023-03-03,Musicality,,,Finger Strength,,Rhythm,Riffs & Fills,,,
387374,student-review,Light Waltz Accompaniment - Diana O,https://admin.musora.com/admin#/content/pianote/387374,https://www.musora.com/pianote/student-reviews/light-waltz-accompaniment-diana-o/387374,2023-03-03,Musicality,Classical,,,,Rhythm,Improvisation & Songwriting,,,
387352,student-review,How To Maintain Posture - Jenny B In MB,https://admin.musora.com/admin#/content/pianote/387352,https://www.musora.com/pianote/student-reviews/how-to-maintain-posture-jenny-b-in-mb/387352,2023-03-03,Musicality,,Posture,,,,,,,Practice Tips
387358,student-review,Giving Your Melody Direction - Jose Alcaraz,https://admin.musora.com/admin#/content/pianote/387358,https://www.musora.com/pianote/student-reviews/giving-your-melody-direction-jose-alcaraz/387358,2023-03-03,Musicality,,,,,Rhythm,,,,
387361,student-review,Developing Your Sense Of Rhythm - WayneP,https://admin.musora.com/admin#/content/pianote/387361,https://www.musora.com/pianote/student-reviews/developing-your-sense-of-rhythm-waynep/387361,2023-03-03,Musicality,,,,,Rhythm,,,,
387364,student-review,Developing A Dynamic Range - Steve C,https://admin.musora.com/admin#/content/pianote/387364,https://www.musora.com/pianote/student-reviews/developing-a-dynamic-range-steve-c/387364,2023-03-03,Musicality,,Dynamics,,,,,,,
387366,student-review,Putting The Melody First - Pianissimo,https://admin.musora.com/admin#/content/pianote/387366,https://www.musora.com/pianote/student-reviews/putting-the-melody-first-pianissimo/387366,2023-03-03,Musicality,,,,,Composition & Arranging,,,,
387368,student-review,Adding Your Own Chords To Melodies - Ken L,https://admin.musora.com/admin#/content/pianote/387368,https://www.musora.com/pianote/student-reviews/adding-your-own-chords-to-melodies-ken-l/387368,2023-03-03,Musicality,,,,Chord & Scale Theory,,Chording,Improvisation & Songwriting,,
387370,student-review,Bohemian Rhapsody Finishing Touches - Stanislav Volk,https://admin.musora.com/admin#/content/pianote/387370,https://www.musora.com/pianote/student-reviews/bohemian-rhapsody-finishing-touches-stanislav-volk/387370,2023-03-03,Musicality,,Dynamics,,Rhythm,,,,,
387376,student-review,Soloing Ideas - Allison B,https://admin.musora.com/admin#/content/pianote/387376,https://www.musora.com/pianote/student-reviews/soloing-ideas-allison-b/387376,2023-03-03,Musicality,,Chords & Scales,,Chord & Scale Theory,,Improvisation & Songwriting,,,
387346,student-review,How To Retain What You Practiced - BecKeys,https://admin.musora.com/admin#/content/pianote/387346,https://www.musora.com/pianote/student-reviews/how-to-retain-what-you-practiced-beckeys/387346,2023-03-03,Musicality,,,,,,,,Practice Tips,
387341,student-review,Quick Posture Check - Ian60,https://admin.musora.com/admin#/content/pianote/387341,https://www.musora.com/pianote/student-reviews/quick-posture-check-ian60/387341,2023-03-03,Posture,,Posture,,,,,,Practice Tips,
387343,student-review,Posture & Proper Hand Movements - Warrenroybal,https://admin.musora.com/admin#/content/pianote/387343,https://www.musora.com/pianote/student-reviews/posture-proper-hand-movements-warrenroybal/387343,2023-03-03,Posture,,Posture,,,,,,Practice Tips,
387356,student-review,How To Create Suspense - Jose Alcaraz,https://admin.musora.com/admin#/content/pianote/387356,https://www.musora.com/pianote/student-reviews/how-to-create-suspense-jose-alcaraz/387356,2023-03-03,Rhythm,,,,Rhythm,,,,,
387372,student-review,Harmony In Your Right Hand - Patricia Ireland,https://admin.musora.com/admin#/content/pianote/387372,https://www.musora.com/pianote/student-reviews/harmony-in-your-right-hand-patricia-ireland/387372,2023-03-03,Technique,,Independence,,Chord & Scale Theory,,,,,
386716,quick-tips,10 Minute Arpeggio Practice In F#m,https://admin.musora.com/admin#/content/pianote/386716,https://www.musora.com/pianote/quick-tips/10-minute-arpeggio-practice-in-fm/386716,2023-02-27,Arpeggios,,Arpeggios,,,,,,,
386716,quick-tips,10 Minute Arpeggio Practice In F#m,https://admin.musora.com/admin#/content/pianote/386716,https://www.musora.com/pianote/quick-tips/10-minute-arpeggio-practice-in-fm/386716,2023-02-27,Practice,,,,,,,,,
387004,student-review,How To Control 16th Note Runs - Vichy,https://admin.musora.com/admin#/content/pianote/387004,https://www.musora.com/pianote/student-reviews/how-to-control-16th-note-runs-vichy/387004,2023-02-24,Musicality,,Speed & Stamina,,Rhythm,,,,,
387009,student-review,Refine & Control Your 16th Notes - Bgorski,https://admin.musora.com/admin#/content/pianote/387009,https://www.musora.com/pianote/student-reviews/refine-control-your-16th-notes-bgorski/387009,2023-02-24,Musicality,,Speed & Stamina,Independence,Rhythm,,,,,
387011,student-review,Relaxation & Releasing Tension - Bgorski,https://admin.musora.com/admin#/content/pianote/387011,https://www.musora.com/pianote/student-reviews/relaxation-releasing-tension-bgorski/387011,2023-02-24,Musicality,,Posture,,,,,,Practice Tips,
387015,student-review,Fly Me To The Moon: Accompaniment - Chris57,https://admin.musora.com/admin#/content/pianote/387015,https://www.musora.com/pianote/student-reviews/fly-me-to-the-moon-accompaniment-chris57/387015,2023-02-24,Musicality,,Independence,,Composition & Arranging,,,,,
387013,student-review,Pink Floyd Piano Arrangement - Kaz,https://admin.musora.com/admin#/content/pianote/387013,https://www.musora.com/pianote/student-reviews/pink-floyd-piano-arrangement-kaz/387013,2023-02-24,Rhythm,,,,Rhythm,Composition & Arranging,,,,
387007,student-review,4 Note Chords Do's & Don't's - Favour,https://admin.musora.com/admin#/content/pianote/387007,https://www.musora.com/pianote/student-reviews/4-note-chords-do-s-don-t-s-favour/387007,2023-02-24,Technique,,,,,,Chording,,Practice Tips,
387017,student-review,Fewer Crossovers And Substitutions - Tilottama,https://admin.musora.com/admin#/content/pianote/387017,https://www.musora.com/pianote/student-reviews/fewer-crossovers-and-substitutions-tilottama/387017,2023-02-24,Technique,,Finger Strength,,,,,,,
386823,student-review,Developing Swing Rhythm - Diana O,https://admin.musora.com/admin#/content/pianote/386823,https://www.musora.com/pianote/student-reviews/developing-swing-rhythm-diana-o/386823,2023-02-17,Musicality,Jazz/Blues,,,Rhythm,,,,,
386826,student-review,Deep Dive On The Phyrgian Mode - DagmarB,https://admin.musora.com/admin#/content/pianote/386826,https://www.musora.com/pianote/student-reviews/deep-dive-on-the-phyrgian-mode-dagmarb/386826,2023-02-17,Musicality,,Chords & Scales,,Chord & Scale Theory,,,,,
386838,student-review,How To Elevate Your Song Once You've Got A Solid Foundation - Xray Demi,https://admin.musora.com/admin#/content/pianote/386838,https://www.musora.com/pianote/student-reviews/how-to-elevate-your-song-once-you-ve-got-a-solid-foundation-xray-demi/386838,2023-02-17,Musicality,,,,,,,,Practice Tips,
386840,student-review,Unexpected Phrasing - JoyLA,https://admin.musora.com/admin#/content/pianote/386840,https://www.musora.com/pianote/student-reviews/unexpected-phrasing-joyla/386840,2023-02-17,Musicality,,,,,,Chording,,Practice Tips,
386844,student-review,Fills And Riffs - Erikander,https://admin.musora.com/admin#/content/pianote/386844,https://www.musora.com/pianote/student-reviews/fills-and-riffs-erikander/386844,2023-02-17,Musicality,,,,,,Riffs & Fills,Chording,,
386849,student-review,Tempo And Accompaniment - Denise D,https://admin.musora.com/admin#/content/pianote/386849,https://www.musora.com/pianote/student-reviews/tempo-and-accompaniment-denise-d/386849,2023-02-17,Rhythm,,,,,,Improvisation & Songwriting,,,
386847,student-review,Bach Musette - Bgorski,https://admin.musora.com/admin#/content/pianote/386847,https://www.musora.com/pianote/student-reviews/bach-musette-bgorski/386847,2023-02-17,Technique,Classical,Finger Strength,,,,,,,
386842,student-review,Grace Notes - Michael From London,https://admin.musora.com/admin#/content/pianote/386842,https://www.musora.com/pianote/student-reviews/grace-notes-michael-from-london/386842,2023-02-17,Technique,,Finger Strength,,,,,,,
386836,student-review,The Nuances Of Hand Independence - Bgorski,https://admin.musora.com/admin#/content/pianote/386836,https://www.musora.com/pianote/student-reviews/the-nuances-of-hand-independence-bgorski/386836,2023-02-17,Technique,,Independence,,,,,,,
386831,student-review,Improve Your Ornaments by Relaxing Your Hands - Jenny B In MB,https://admin.musora.com/admin#/content/pianote/386831,https://www.musora.com/pianote/student-reviews/improve-your-ornaments-by-relaxing-your-hands-jenny-b-in-mb/386831,2023-02-17,Technique,,Finger Strength,Posture,,,,,Practice Tips,
386829,student-review,Finger Strength Exercise - Singing Sarah,https://admin.musora.com/admin#/content/pianote/386829,https://www.musora.com/pianote/student-reviews/finger-strength-exercise-singing-sarah/386829,2023-02-17,Technique,,Finger Strength,,,,,,,
386851,student-review,"Refining ""Gymnopédie No. 1"" - ChesterPeake",https://admin.musora.com/admin#/content/pianote/386851,https://www.musora.com/pianote/student-reviews/refining-gymnopdie-no-1-chesterpeake/386851,2023-02-17,Technique,Classical,Independence,,,,,,,
386484,student-review,Improvisation Tips - Jane Tunes,https://admin.musora.com/admin#/content/pianote/386484,https://www.musora.com/pianote/student-reviews/improvisation-tips-jane-tunes/386484,2023-02-10,Musicality,,,,Chord & Scale Theory,,Improvisation & Songwriting,Chording,,
386460,student-review,"Theme From ""Amelie"" - Hand Balance - Micha Th.",https://admin.musora.com/admin#/content/pianote/386460,https://www.musora.com/pianote/student-reviews/theme-from-amelie-hand-balance-micha-th/386460,2023-02-10,Musicality,,Speed & Stamina,Independence,,,,,,
386464,student-review,Improve Your Finger Independence - Jenny B In MB,https://admin.musora.com/admin#/content/pianote/386464,https://www.musora.com/pianote/student-reviews/improve-your-finger-independence-jenny-b-in-mb/386464,2023-02-10,Musicality,,Independence,Finger Strength,,,,,,
386469,student-review,Shape & Phrase Classical Music - Viktoriia L,https://admin.musora.com/admin#/content/pianote/386469,https://www.musora.com/pianote/student-reviews/shape-phrase-classical-music-viktoriia-l/386469,2023-02-10,Musicality,Classical,Independence,Dynamics,,,,,,
386488,student-review,Working Through A Plateau - Sylvie T. The Andantino!,https://admin.musora.com/admin#/content/pianote/386488,https://www.musora.com/pianote/student-reviews/working-through-a-plateau-sylvie-t-the-andantino/386488,2023-02-10,Musicality,,,,,,,,Practice Tips,
386462,student-review,Avoiding Tension In Classical Music - Bgorski,https://admin.musora.com/admin#/content/pianote/386462,https://www.musora.com/pianote/student-reviews/avoiding-tension-in-classical-music-bgorski/386462,2023-02-10,Posture,Classical,Finger Strength,Posture,,,,,Practice Tips,
386476,student-review,Strengthening The Arch Of Your Hand - Michael Anthony,https://admin.musora.com/admin#/content/pianote/386476,https://www.musora.com/pianote/student-reviews/strengthening-the-arch-of-your-hand-michael-anthony/386476,2023-02-10,Posture,,Finger Strength,Posture,,,,,Practice Tips,
386473,student-review,Expressing Swing Rhythms - Diana O,https://admin.musora.com/admin#/content/pianote/386473,https://www.musora.com/pianote/student-reviews/expressing-swing-rhythms-diana-o/386473,2023-02-10,Rhythm,Jazz/Blues,,,Rhythm,,,,,
386480,student-review,Mrs Fantastic Chords - Francis H,https://admin.musora.com/admin#/content/pianote/386480,https://www.musora.com/pianote/student-reviews/mrs-fantastic-chords-francis-h/386480,2023-02-10,Sight Reading,,,,Chord & Scale Theory,,Chording,,,
386467,student-review,"Balancing Dynamics, Hands & Harmonies - Esthesis",https://admin.musora.com/admin#/content/pianote/386467,https://www.musora.com/pianote/student-reviews/balancing-dynamics-hands-harmonies-esthesis/386467,2023-02-10,Technique,,Pedaling,Dynamics,,,Chording,,Practice Tips,
386486,student-review,Skyfall And Octave Fingering - Katerina_K,https://admin.musora.com/admin#/content/pianote/386486,https://www.musora.com/pianote/student-reviews/skyfall-and-octave-fingering-katerinak/386486,2023-02-10,Technique,,Pedaling,Finger Strength,,,,,,
386482,student-review,Boogie Woogie Combo - Carbonman,https://admin.musora.com/admin#/content/pianote/386482,https://www.musora.com/pianote/student-reviews/boogie-woogie-combo-carbonman/386482,2023-02-10,Technique,Jazz/Blues,Independence,,Rhythm,,,,,
386471,student-review,Strengthening The Pinky Finger - Bernadette F,https://admin.musora.com/admin#/content/pianote/386471,https://www.musora.com/pianote/student-reviews/strengthening-the-pinky-finger-bernadette-f/386471,2023-02-10,Technique,,Finger Strength,Independence,,,,,,
386322,quick-tips,4 Ways To Make Your Chord Progression Sound Better,https://admin.musora.com/admin#/content/pianote/386322,https://www.musora.com/pianote/quick-tips/4-ways-to-make-your-chord-progression-sound-better/386322,2023-02-06,Chord Progression,,,,Chord & Scale Theory,,Chording,,,
386199,student-review,What To Do Once A Song Is Hands Together - Lexikatjay,https://admin.musora.com/admin#/content/pianote/386199,https://www.musora.com/pianote/student-reviews/what-to-do-once-a-song-is-hands-together-lexikatjay/386199,2023-02-03,Musicality,,Dynamics,,,,,,,
386204,student-review,Tips For Learning Fast Songs - Jenny B In MB,https://admin.musora.com/admin#/content/pianote/386204,https://www.musora.com/pianote/student-reviews/tips-for-learning-fast-songs-jenny-b-in-mb/386204,2023-02-03,Musicality,,,,,,,,Practice Tips,
386208,student-review,How To Shape Short Melody Phrases - Lexikatjay,https://admin.musora.com/admin#/content/pianote/386208,https://www.musora.com/pianote/student-reviews/how-to-shape-short-melody-phrases-lexikatjay/386208,2023-02-03,Musicality,,Speed & Stamina,Finger Strength,,,,,,
386211,student-review,Analyzing Classical Music - Kitty Wong,https://admin.musora.com/admin#/content/pianote/386211,https://www.musora.com/pianote/student-reviews/analyzing-classical-music-kitty-wong/386211,2023-02-03,Musicality,Classical,Dynamics,,Key Signatures/Keys,,,,,
386215,student-review,Adding Ornaments To A Melody - HilaryNZ,https://admin.musora.com/admin#/content/pianote/386215,https://www.musora.com/pianote/student-reviews/adding-ornaments-to-a-melody-hilarynz/386215,2023-02-03,Musicality,,Finger Strength,,,,Riffs & Fills,,,
386219,student-review,Four Blues Licks - Lamberto,https://admin.musora.com/admin#/content/pianote/386219,https://www.musora.com/pianote/student-reviews/four-blues-licks-lamberto/386219,2023-02-03,Musicality,Jazz/Blues,,,,,Riffs & Fills,,,
386221,student-review,Adding Life To An Arrangement - Sam Hb,https://admin.musora.com/admin#/content/pianote/386221,https://www.musora.com/pianote/student-reviews/adding-life-to-an-arrangement-sam-hb/386221,2023-02-03,Musicality,,,,Composition & Arranging,,Improvisation & Songwriting,,,
386217,student-review,Bench And Keyboard Height - Jopi,https://admin.musora.com/admin#/content/pianote/386217,https://www.musora.com/pianote/student-reviews/improvised-composition-david-k/391943/bench-and-keyboard-height-jopi/386217,2023-02-03,Posture,,Posture,,,,,,Practice Tips,
386213,student-review,Metronome Showing Hand Control - Patricia Ireland,https://admin.musora.com/admin#/content/pianote/386213,https://www.musora.com/pianote/student-reviews/metronome-showing-hand-control-patricia-ireland/386213,2023-02-03,Rhythm,,Independence,Finger Strength,Rhythm,,,,,
386206,student-review,Speeding Up Difficult Rhythms - Shanon Arent,https://admin.musora.com/admin#/content/pianote/386206,https://www.musora.com/pianote/student-reviews/speeding-up-difficult-rhythms-shanon-arent/386206,2023-02-03,Rhythm,,,,Rhythm,,,,,
386201,student-review,Ultimate Trill Guide - Walter R  K,https://admin.musora.com/admin#/content/pianote/386201,https://www.musora.com/pianote/student-reviews/ultimate-trill-guide-walter-r-k/386201,2023-02-03,Technique,,Finger Strength,,,,Riffs & Fills,,,
383620,student-review,"Ideas for ""Take The 'A' Train"" - Geoff Monty",https://admin.musora.com/admin#/content/pianote/383620,https://www.musora.com/pianote/student-reviews/ideas-for-take-the-a-train-geoff-monty/383620,2023-01-27,Musicality,,Pedaling,,,,,,,
383513,student-review,Tips For Learning A New Piece - Bkh Lifeliners,https://admin.musora.com/admin#/content/pianote/383513,https://www.musora.com/pianote/student-reviews/tips-for-learning-a-new-piece-bkh-lifeliners/383513,2023-01-27,Musicality,,,,,,,,Practice Tips,
383520,student-review,Fast Scale Passages & 2 Note Slurs - Jenny B In MB,https://admin.musora.com/admin#/content/pianote/383520,https://www.musora.com/pianote/student-reviews/fast-scale-passages-2-note-slurs-jenny-b-in-mb/383520,2023-01-27,Musicality,,Speed & Stamina,Chords & Scales,Chord & Scale Theory,,,,,
383524,student-review,How To Improve Note Accuracy - Xray Demi,https://admin.musora.com/admin#/content/pianote/383524,https://www.musora.com/pianote/student-reviews/how-to-improve-note-accuracy-xray-demi/383524,2023-01-27,Musicality,,Dynamics,Finger Strength,,,,,,
383526,student-review,Effortless Chord Changes - Steve Herman,https://admin.musora.com/admin#/content/pianote/383526,https://www.musora.com/pianote/student-reviews/effortless-chord-changes-steve-herman/383526,2023-01-27,Musicality,,Arpeggios,,Chord & Scale Theory,,Chording,,,
383528,student-review,How To Play Balanced Dynamics - Rickysakhrani,https://admin.musora.com/admin#/content/pianote/383528,https://www.musora.com/pianote/student-reviews/how-to-play-balanced-dynamics-rickysakhrani/383528,2023-01-27,Musicality,,Independence,Dynamics,,,,,,
383530,student-review,The Ascending Blues Riff  - Carbonman,https://admin.musora.com/admin#/content/pianote/383530,https://www.musora.com/pianote/student-reviews/the-ascending-blues-riff-carbonman/383530,2023-01-27,Musicality,Jazz/Blues,,,Rhythm,,Riffs & Fills,,,
383616,student-review,Cocktail Piano Confidence - Charlotte R,https://admin.musora.com/admin#/content/pianote/383616,https://www.musora.com/pianote/student-reviews/cocktail-piano-confidence-charlotte-r/383616,2023-01-27,Musicality,,,,,,Improvisation & Songwriting,Chording,,
383618,student-review,Locking In To A Track - Dayzero,https://admin.musora.com/admin#/content/pianote/383618,https://www.musora.com/pianote/student-reviews/locking-in-to-a-track-dayzero/383618,2023-01-27,Rhythm,,,,Rhythm,,,,Practice Tips,
383522,student-review,Syncopation & 16 Note Rhythms - Viktoriia,https://admin.musora.com/admin#/content/pianote/383522,https://www.musora.com/pianote/student-reviews/syncopation-16-note-rhythms-viktoriia/383522,2023-01-27,Rhythm,,,,Rhythm,,,,Practice Tips,
383624,student-review,Making Chords The Priority - Sue Fauziyah,https://admin.musora.com/admin#/content/pianote/383624,https://www.musora.com/pianote/student-reviews/making-chords-the-priority-sue-fauziyah/383624,2023-01-27,Technique,,,,Chord & Scale Theory,,Chording,,,
383622,student-review,"Pedalling In ""Hallelujah"" - Rhonda Bondie",https://admin.musora.com/admin#/content/pianote/383622,https://www.musora.com/pianote/student-reviews/pedalling-in-hallelujah-rhonda-bondie/383622,2023-01-27,Technique,,Pedaling,,,,,,,
383518,student-review,The Boogie Woogie Bounce - Lamberto,https://admin.musora.com/admin#/content/pianote/383518,https://www.musora.com/pianote/student-reviews/the-boogie-woogie-bounce-lamberto/383518,2023-01-27,Technique,Jazz/Blues,Finger Strength,,Rhythm,,,,,
382256,quick-tips,The Ultimate Beginner Practice Routine,https://admin.musora.com/admin#/content/pianote/382256,https://www.musora.com/pianote/quick-tips/the-ultimate-beginner-practice-routine/382256,2023-01-23,Practice,,,,,,,,Practice Tips,
382246,student-review,Someone Like You Chord Analysis In G Major - Terry,https://admin.musora.com/admin#/content/pianote/382246,https://www.musora.com/pianote/student-reviews/someone-like-you-chord-analysis-in-g-major-terry/382246,2023-01-20,Chords,,,,Chord & Scale Theory,,,,,
382234,student-review,I'll Be Home For Christmas - Michael,https://admin.musora.com/admin#/content/pianote/382234,https://www.musora.com/pianote/student-reviews/i-ll-be-home-for-christmas-michael/382234,2023-01-20,Musicality,Holiday/Soundtrack,,,Rhythm,,Chording,,,
382236,student-review,How To Create A Dreamy Atmosphere - Pajama Man,https://admin.musora.com/admin#/content/pianote/382236,https://www.musora.com/pianote/student-reviews/how-to-create-a-dreamy-atmosphere-pajama-man/382236,2023-01-20,Musicality,,Finger Strength,,,,,,Practice Tips,
382241,student-review,Tips To Sound Less Choppy - Dynamic Dance - Iknopp,https://admin.musora.com/admin#/content/pianote/382241,https://www.musora.com/pianote/student-reviews/tips-to-sound-less-choppy-dynamic-dance-iknopp/382241,2023-01-20,Musicality,,Pedaling,Dynamics,,,,,,
382251,student-review,Boogie Woogie Swing - Terry,https://admin.musora.com/admin#/content/pianote/382251,https://www.musora.com/pianote/student-reviews/boogie-woogie-swing-terry/382251,2023-01-20,Musicality,Jazz/Blues,,,Rhythm,,,,,
382208,student-review,Sneaking The Third In - Esthesis,https://admin.musora.com/admin#/content/pianote/382208,https://www.musora.com/pianote/student-reviews/sneaking-the-third-in-esthesis/382208,2023-01-20,Musicality,,,,Chord & Scale Theory,,Chording,,,
382214,student-review,Making Up Melodies - Scott L,https://admin.musora.com/admin#/content/pianote/382214,https://www.musora.com/pianote/student-reviews/making-up-melodies-scott-l/382214,2023-01-20,Musicality,,Finger Strength,Speed & Stamina,,,,,,
382219,student-review,Adding Harmony To Spice Up Your Melody - Micha Th.,https://admin.musora.com/admin#/content/pianote/382219,https://www.musora.com/pianote/student-reviews/adding-harmony-to-spice-up-your-melody-micha-th/382219,2023-01-20,Musicality,,,,Chord & Scale Theory,,,,,
382224,student-review,How To Compose With Improvisation - Tamir Orkoby,https://admin.musora.com/admin#/content/pianote/382224,https://www.musora.com/pianote/student-reviews/how-to-compose-with-improvisation-tamir-orkoby/382224,2023-01-20,Musicality,,,,Composition & Arranging,,Improvisation & Songwriting,,,
382229,student-review,The Perfect Song To Strengthen Your Left Hand - MaryO,https://admin.musora.com/admin#/content/pianote/382229,https://www.musora.com/pianote/student-reviews/the-perfect-song-to-strengthen-your-left-hand-maryo/382229,2023-01-20,Rhythm,,Independence,,Rhythm,,,,,
382206,student-review,Hands Separately Or Hands Together - ChesterPeake,https://admin.musora.com/admin#/content/pianote/382206,https://www.musora.com/pianote/student-reviews/hands-separately-or-hands-together-chesterpeake/382206,2023-01-20,Technique,,Speed & Stamina,Independence,,,,,,
382210,student-review,Metronome Tips - James Suntres,https://admin.musora.com/admin#/content/pianote/382210,https://www.musora.com/pianote/student-reviews/metronome-tips-james-suntres/382210,2023-01-20,Technique,,,,Rhythm,,,,,
382212,student-review,"Pedal On ""Irish Air""  - Patricia Ireland",https://admin.musora.com/admin#/content/pianote/382212,https://www.musora.com/pianote/student-reviews/pedal-on-irish-air-patricia-ireland/382212,2023-01-20,Technique,,Pedaling,,,,,,,
382216,student-review,Mastering 4-Note Chords  - Favour,https://admin.musora.com/admin#/content/pianote/382216,https://www.musora.com/pianote/student-reviews/mastering-4-note-chords-favour/382216,2023-01-20,Technique,,,,Chord & Scale Theory,,Chording,,,
382253,student-review,Tension In Arpeggios - Abby W,https://admin.musora.com/admin#/content/pianote/382253,https://www.musora.com/pianote/student-reviews/tension-in-arpeggios-abby-w/382253,2023-01-20,Technique,,Posture,,,,Chording,,Practice Tips,
382244,student-review,Piano Posture - Younes,https://admin.musora.com/admin#/content/pianote/382244,https://www.musora.com/pianote/student-reviews/piano-posture-younes/382244,2023-01-20,Technique,,Posture,,,,,,Practice Tips,
382227,student-review,Minimize Tension By Rotating Wrist - Ilva,https://admin.musora.com/admin#/content/pianote/382227,https://www.musora.com/pianote/student-reviews/minimize-tension-by-rotating-wrist-ilva/382227,2023-01-20,Technique,,Finger Strength,,,,,,Practice Tips,
381372,quick-tips,3 Beatles Songs That Are Perfect For Beginners,https://admin.musora.com/admin#/content/pianote/381372,https://www.musora.com/pianote/quick-tips/3-beatles-songs-that-are-perfect-for-beginners/381372,2023-01-16,Songs,Pop/Rock,,,,,Chording,,,
381777,student-review,How To Go From Hands Separate To Hands Together - BecKeys,https://admin.musora.com/admin#/content/pianote/381777,https://www.musora.com/pianote/student-reviews/how-to-go-from-hands-separate-to-hands-together-beckeys/381777,2023-01-13,Musicality,,Independence,,,,,,,
381779,student-review,How To Pedal A Melody Line - Mac Klein,https://admin.musora.com/admin#/content/pianote/381779,https://www.musora.com/pianote/student-reviews/how-to-pedal-a-melody-line-mac-klein/381779,2023-01-13,Musicality,,Pedaling,,,,,,,
381786,student-review,Wrist Movements For A Smooth Melody - Jenny B In MB,https://admin.musora.com/admin#/content/pianote/381786,https://www.musora.com/pianote/student-reviews/wrist-movements-for-a-smooth-melody-jenny-b-in-mb/381786,2023-01-13,Musicality,,Finger Strength,,,,,,Practice Tips,
381805,student-review,Clarifying Chords - Hendra Tangkilisan,https://admin.musora.com/admin#/content/pianote/381805,https://www.musora.com/pianote/student-reviews/clarifying-chords-hendra-tangkilisan/381805,2023-01-13,Musicality,,,,Chord & Scale Theory,,Chording,,,
381807,student-review,Adding Finishing Touches - Denise D,https://admin.musora.com/admin#/content/pianote/381807,https://www.musora.com/pianote/student-reviews/adding-finishing-touches-denise-d/381807,2023-01-13,Musicality,,Independence,,,,,,Performance,
381809,student-review,Octaves Technique - TomaKeys,https://admin.musora.com/admin#/content/pianote/381809,https://www.musora.com/pianote/student-reviews/octaves-technique-tomakeys/381809,2023-01-13,Musicality,,Finger Strength,,,,,,,
381813,student-review,Comping Patterns In The Scientist - Chiricosu,https://admin.musora.com/admin#/content/pianote/381813,https://www.musora.com/pianote/student-reviews/comping-patterns-in-the-scientist-chiricosu/381813,2023-01-13,Musicality,,,,,,Chording,Improvisation & Songwriting,,
381782,student-review,Proper Arpeggio Technique - Kevin From Utrecht,https://admin.musora.com/admin#/content/pianote/381782,https://www.musora.com/pianote/student-reviews/proper-arpeggio-technique-kevin-from-utrecht/381782,2023-01-13,Technique,,Arpeggios,Independence,,,,,,
381811,student-review,Boogie Woogie Punchy And Clear Left Hand - Carbonman,https://admin.musora.com/admin#/content/pianote/381811,https://www.musora.com/pianote/student-reviews/boogie-woogie-punchy-and-clear-left-hand-carbonman/381811,2023-01-13,Technique,Jazz/Blues,Independence,,Rhythm,,,,,
381803,student-review,Smoothing Out Arpeggios - Amar Pendyala,https://admin.musora.com/admin#/content/pianote/381803,https://www.musora.com/pianote/student-reviews/smoothing-out-arpeggios-amar-pendyala/381803,2023-01-13,Technique,,Arpeggios,,,,,,,
381771,student-review,Chord Posture 101 - Circle Of 5ths,https://admin.musora.com/admin#/content/pianote/381771,https://www.musora.com/pianote/student-reviews/chord-posture-101-circle-of-5ths/381771,2023-01-13,Technique,,Posture,,Chord & Scale Theory,,Chording,,,
381708,student-review,Getting The Most Out Of Your Reach - Tilottama,https://admin.musora.com/admin#/content/pianote/381708,https://www.musora.com/pianote/student-reviews/getting-the-most-out-of-your-reach-tilottama/381708,2023-01-11,Technique,,Finger Strength,,,,,,,
381492,quick-tips,Unlocking The Blues Scale,https://admin.musora.com/admin#/content/pianote/381492,https://www.musora.com/pianote/quick-tips/unlocking-the-blues-scale/381492,2023-01-09,Blues,Jazz/Blues,Chords & Scales,,Chord & Scale Theory,,,,,
381426,student-review,How To Speed Up A Song Without Developing Tension - KeithM,https://admin.musora.com/admin#/content/pianote/381426,https://www.musora.com/pianote/student-reviews/how-to-speed-up-a-song-without-developing-tension-keithm/381426,2023-01-06,Musicality,,Speed & Stamina,,,,,,,
381424,student-review,How To Develop An Impressive Left Hand Melody -  Not The Real Chopin,https://admin.musora.com/admin#/content/pianote/381424,https://www.musora.com/pianote/student-reviews/how-to-develop-an-impressive-left-hand-melody-not-the-real-chopin/381424,2023-01-06,Musicality,,Independence,,,,,,,
381420,student-review,Adding Tension To Your Music But Not Your Hands - Inzayn,https://admin.musora.com/admin#/content/pianote/381420,https://www.musora.com/pianote/student-reviews/adding-tension-to-your-music-but-not-your-hands-inzayn/381420,2023-01-06,Musicality,,Finger Strength,,,,,,Practice Tips,
381469,student-review,Bring Your Drumming Into Your Piano Playing - Jopi,https://admin.musora.com/admin#/content/pianote/381469,https://www.musora.com/pianote/student-reviews/bring-your-drumming-into-your-piano-playing-jopi/381469,2023-01-06,Musicality,,,,Rhythm,,,,,
381489,student-review,Staccatos Vs Accents  - Lexikatjay,https://admin.musora.com/admin#/content/pianote/381489,https://www.musora.com/pianote/student-reviews/staccatos-vs-accents-lexikatjay/381489,2023-01-06,Musicality,,Dynamics,Independence,,,,,,
381477,student-review,"Fewer Crossovers, More Fingers - Debby B",https://admin.musora.com/admin#/content/pianote/381477,https://www.musora.com/pianote/student-reviews/fewer-crossovers-more-fingers-debby-b/381477,2023-01-06,Musicality,,Finger Strength,,,,,,,
381475,student-review,Accompaniment Ideas - Jis,https://admin.musora.com/admin#/content/pianote/381475,https://www.musora.com/pianote/student-reviews/accompaniment-ideas-jis/381475,2023-01-06,Musicality,,Finger Strength,,,,Improvisation & Songwriting,,,
381471,student-review,Boogie Woogie Left Hand Ideas - Chiricosu,https://admin.musora.com/admin#/content/pianote/381471,https://www.musora.com/pianote/student-reviews/boogie-woogie-left-hand-ideas-chiricosu/381471,2023-01-06,Musicality,Jazz/Blues,Independence,,Rhythm,,,,,
381429,student-review,One Octave Arpeggio Wrist Movements - Kasper S Jensen,https://admin.musora.com/admin#/content/pianote/381429,https://www.musora.com/pianote/student-reviews/one-octave-arpeggio-wrist-movements-kasper-s-jensen/381429,2023-01-06,Musicality,,Arpeggios,,,,,,,
381461,student-review,"Deconstructing ""Hard To Handle"" - Kirsover",https://admin.musora.com/admin#/content/pianote/381461,https://www.musora.com/pianote/student-reviews/deconstructing-hard-to-handle-kirsover/381461,2023-01-06,Musicality,,,,Chord & Scale Theory,,Chording,,,
381458,student-review,Adding Chords To Songs - Ktadd,https://admin.musora.com/admin#/content/pianote/381458,https://www.musora.com/pianote/student-reviews/adding-chords-to-songs-ktadd/381458,2023-01-06,Musicality,,,,Chord & Scale Theory,,Chording,,,
381451,student-review,Building On A Theme - Jocelynn Rodrigues,https://admin.musora.com/admin#/content/pianote/381451,https://www.musora.com/pianote/student-reviews/building-on-a-theme-jocelynn-rodrigues/381451,2023-01-06,Musicality,,,,Composition & Arranging,,Improvisation & Songwriting,,,
381449,student-review,Dynamics Add Emotion - Jose Alcaraz,https://admin.musora.com/admin#/content/pianote/381449,https://www.musora.com/pianote/student-reviews/dynamics-add-emotion-jose-alcaraz/381449,2023-01-06,Musicality,,Dynamics,,,,,,,
381441,student-review,Tips For Ultimate Hand Independence - BecKeys,https://admin.musora.com/admin#/content/pianote/381441,https://www.musora.com/pianote/student-reviews/tips-for-ultimate-hand-independence-beckeys/381441,2023-01-06,Musicality,,Independence,,,,,,,
381437,student-review,Techniques To Play Fast And Forte - Jose Alcaraz,https://admin.musora.com/admin#/content/pianote/381437,https://www.musora.com/pianote/student-reviews/techniques-to-play-fast-and-forte-jose-alcaraz/381437,2023-01-06,Musicality,,Speed & Stamina,Dynamics,,,,,,
381453,student-review,Cocktail Piano Techniques - Bill S,https://admin.musora.com/admin#/content/pianote/381453,https://www.musora.com/pianote/student-reviews/cocktail-piano-techniques-bill-s/381453,2023-01-06,Technique,,,,,,Improvisation & Songwriting,,,
381473,student-review,Loosening Your Wrists - Forcey,https://admin.musora.com/admin#/content/pianote/381473,https://www.musora.com/pianote/student-reviews/loosening-your-wrists-forcey/381473,2023-01-06,Technique,,Speed & Stamina,Posture,,,,,Practice Tips,
381467,student-review,Technique Practice - Inzayn,https://admin.musora.com/admin#/content/pianote/381467,https://www.musora.com/pianote/student-reviews/technique-practice-inzayn/381467,2023-01-06,Technique,,,,,,,,Practice Tips,
381444,student-review,Boogie Woogie Techniques - Carbonman,https://admin.musora.com/admin#/content/pianote/381444,https://www.musora.com/pianote/student-reviews/boogie-woogie-techniques-carbonman/381444,2023-01-06,Technique,Jazz/Blues,,,Rhythm,,,,,
377443,quick-tips,The Best Beginner Keyboards For 2023,https://admin.musora.com/admin#/content/pianote/377443,https://www.musora.com/pianote/quick-tips/the-best-beginner-keyboards-for-2023/377443,2022-12-30,Beginner,,,,,,,,Gigging Tips & Gear,
377443,quick-tips,The Best Beginner Keyboards For 2023,https://admin.musora.com/admin#/content/pianote/377443,https://www.musora.com/pianote/quick-tips/the-best-beginner-keyboards-for-2023/377443,2022-12-30,Tips & Tricks,,,,,,,,,
377464,student-review,Composing With Chords - Michael From London,https://admin.musora.com/admin#/content/pianote/377464,https://www.musora.com/pianote/student-reviews/composing-with-chords-michael-from-london/377464,2022-12-23,Musicality,,,,Composition & Arranging,Chord & Scale Theory,Chording,,,
377432,student-review,Trill Training - Dagmar B,https://admin.musora.com/admin#/content/pianote/377432,https://www.musora.com/pianote/student-reviews/trill-training-dagmar-b/377432,2022-12-23,Musicality,,Finger Strength,,,,Riffs & Fills,,,
377419,student-review,How Hand Posture Affects Tone - ChaosAdm,https://admin.musora.com/admin#/content/pianote/377419,https://www.musora.com/pianote/student-reviews/how-hand-posture-affects-tone-chaosadm/377419,2022-12-23,Musicality,,Finger Strength,Posture,,,,,,
377421,student-review,"Dancing Fingers Of ""The Sugar Plum Fairy"" - Inma",https://admin.musora.com/admin#/content/pianote/377421,https://www.musora.com/pianote/student-reviews/dancing-fingers-of-the-sugar-plum-fairy-inma/377421,2022-12-23,Musicality,,Arpeggios,Finger Strength,,,,,,
377424,student-review,Expressing Baroque Music - Justyna,https://admin.musora.com/admin#/content/pianote/377424,https://www.musora.com/pianote/student-reviews/expressing-baroque-music-justyna/377424,2022-12-23,Musicality,Classical,Finger Strength,Independence,,,,,,
377466,student-review,Using Chord Fingering In Your Songs - Vivianne,https://admin.musora.com/admin#/content/pianote/377466,https://www.musora.com/pianote/student-reviews/using-chord-fingering-in-your-songs-vivianne/377466,2022-12-23,Technique,,,,Chord & Scale Theory,,Chording,,,
377462,student-review,Don't Stop Believing - Favour,https://admin.musora.com/admin#/content/pianote/377462,https://www.musora.com/pianote/student-reviews/don-t-stop-believing-favour/377462,2022-12-23,Technique,,Finger Strength,Chords & Scales,Chord & Scale Theory,,,,,
377460,student-review,Breaking Out Of Root Position - C2Doerksen84,https://admin.musora.com/admin#/content/pianote/377460,https://www.musora.com/pianote/student-reviews/breaking-out-of-root-position-c2doerksen84/377460,2022-12-23,Technique,,,,Chord & Scale Theory,,Chording,,,
377458,student-review,Choosing Your Weakest Fingers - RikBignell,https://admin.musora.com/admin#/content/pianote/377458,https://www.musora.com/pianote/student-reviews/choosing-your-weakest-fingers-rikbignell/377458,2022-12-23,Technique,,Finger Strength,,,,,,,
377456,student-review,Hands Separate Practice - LostBoyJohn,https://admin.musora.com/admin#/content/pianote/377456,https://www.musora.com/pianote/student-reviews/hands-separate-practice-lostboyjohn/377456,2022-12-23,Technique,,Independence,,,,,,Practice Tips,
377436,student-review,Tips For Triads - Favour,https://admin.musora.com/admin#/content/pianote/377436,https://www.musora.com/pianote/student-reviews/tips-for-triads-favour/377436,2022-12-23,Technique,,,,Chord & Scale Theory,,,,,
375338,quick-tips,Welcome To Pianote,https://admin.musora.com/admin#/content/pianote/375338,https://www.musora.com/pianote/quick-tips/welcome-to-pianote/375338,2022-12-21,Tips & Tricks,,,,,,,,Other,
377090,quick-tips,3 Essential Arpeggio Patterns,https://admin.musora.com/admin#/content/pianote/377090,https://www.musora.com/pianote/quick-tips/3-essential-arpeggio-patterns/377090,2022-12-19,Arpeggios,,Arpeggios,,,,,,,
377020,student-review,Hand Independence - Focus On Dynamics - Joseangelalcaraz,https://admin.musora.com/admin#/content/pianote/377020,https://www.musora.com/pianote/student-reviews/hand-independence-focus-on-dynamics-joseangelalcaraz/377020,2022-12-16,Musicality,,Dynamics,Independence,,,,,,
377023,student-review,Picking Up The Tempo - Diana O,https://admin.musora.com/admin#/content/pianote/377023,https://www.musora.com/pianote/student-reviews/picking-up-the-tempo-diana-o/377023,2022-12-16,Musicality,,Pedaling,,Rhythm,,,,,
377026,student-review,Speeding Things Up - Jeremy W,https://admin.musora.com/admin#/content/pianote/377026,https://www.musora.com/pianote/student-reviews/speeding-things-up-jeremy-w/377026,2022-12-16,Musicality,,Finger Strength,,Rhythm,,,,,
377081,student-review,Adding Your Wrist To Broken Chords - JR*,https://admin.musora.com/admin#/content/pianote/377081,https://www.musora.com/pianote/student-reviews/adding-your-wrist-to-broken-chords-jr/377081,2022-12-16,Musicality,,Finger Strength,Posture,,,Chording,,Practice Tips,
377083,student-review,Playing Steadily Through A Song - Pianissimo,https://admin.musora.com/admin#/content/pianote/377083,https://www.musora.com/pianote/student-reviews/playing-steadily-through-a-song-pianissimo/377083,2022-12-16,Musicality,,Finger Strength,,,,,,,
377085,student-review,Smoothing Out The Serenade - Rickysakhrani,https://admin.musora.com/admin#/content/pianote/377085,https://www.musora.com/pianote/student-reviews/smoothing-out-the-serenade-rickysakhrani/377085,2022-12-16,Musicality,,,,Rhythm,,,,,
376469,song-tutorial,Christmas Time Is Here - Tutorial,https://admin.musora.com/admin#/content/pianote/376469,https://www.musora.com,2022-12-12,Christmas,Holiday/Soundtrack,,,,,,,Practice Tips,
376469,song-tutorial,Christmas Time Is Here - Tutorial,https://admin.musora.com/admin#/content/pianote/376469,https://www.musora.com,2022-12-12,Holiday,,,,,,,,,
376612,student-review,Phrasing Our Melody -  Steve Herbert - Fishfashfosh,https://admin.musora.com/admin#/content/pianote/376612,https://www.musora.com/pianote/student-reviews/phrasing-our-melody-steve-herbert-fishfashfosh/376612,2022-12-09,Musicality,,Dynamics,,,,,,,
376614,student-review,Creating An Outro - Pianissimo,https://admin.musora.com/admin#/content/pianote/376614,https://www.musora.com/pianote/student-reviews/creating-an-outro-pianissimo/376614,2022-12-09,Musicality,,,,,,Improvisation & Songwriting,,,
376618,student-review,Tips For Piano Accompaniment  - JR*,https://admin.musora.com/admin#/content/pianote/376618,https://www.musora.com/pianote/student-reviews/tips-for-piano-accompaniment-jr/376618,2022-12-09,Musicality,,Arpeggios,Dynamics,,,,,,
376620,student-review,How To Make Songs Sound Bigger - Eugenie,https://admin.musora.com/admin#/content/pianote/376620,https://www.musora.com/pianote/student-reviews/how-to-make-songs-sound-bigger-eugenie/376620,2022-12-09,Musicality,,,,,,Improvisation & Songwriting,,,
376622,student-review,"Play The Lyrics, Not The Notes  - Robin Hartmann",https://admin.musora.com/admin#/content/pianote/376622,https://www.musora.com/pianote/student-reviews/play-the-lyrics-not-the-notes-robin-hartmann/376622,2022-12-09,Musicality,,Finger Strength,Dynamics,,,,,,
376628,student-review,Shaping Your Phrases  - Anetka_Piano,https://admin.musora.com/admin#/content/pianote/376628,https://www.musora.com/pianote/student-reviews/shaping-your-phrases-anetkapiano/376628,2022-12-09,Musicality,,Dynamics,,,,,,Practice Tips,
376606,student-review,Letting The Music Breathe - Nabsiegel,https://admin.musora.com/admin#/content/pianote/376606,https://www.musora.com/pianote/student-reviews/letting-the-music-breathe-nabsiegel/376606,2022-12-09,Rhythm,,Dynamics,,Rhythm,,,,,
376624,student-review,Breaking Down Hanon #1 - Farmerandy,https://admin.musora.com/admin#/content/pianote/376624,https://www.musora.com/pianote/student-reviews/breaking-down-hanon-1-farmerandy/376624,2022-12-09,Scales,,Finger Strength,Chords & Scales,Chord & Scale Theory,,,,,
376610,student-review,Playing With The Pedal - Kevin from Utrecht,https://admin.musora.com/admin#/content/pianote/376610,https://www.musora.com/pianote/student-reviews/playing-with-the-pedal-kevin-from-utrecht/376610,2022-12-09,Technique,,Pedaling,,,,,,,
376630,student-review,Building On Technique - Pajama Man,https://admin.musora.com/admin#/content/pianote/376630,https://www.musora.com/pianote/student-reviews/building-on-technique-pajama-man/376630,2022-12-09,Technique,,Dynamics,Finger Strength,,,,,,
376626,student-review,Hold Full Note Value - Yuhong Snyder,https://admin.musora.com/admin#/content/pianote/376626,https://www.musora.com/pianote/student-reviews/hold-full-note-value-yuhong-snyder/376626,2022-12-09,Technique,,Finger Strength,Independence,,,,,,
376608,student-review,Dynamics And Accents - Joseangelalcaraz,https://admin.musora.com/admin#/content/pianote/376608,https://www.musora.com/pianote/student-reviews/dynamics-and-accents-joseangelalcaraz/376608,2022-12-09,Technique,,Dynamics,Independence,,,,,,
376346,quick-tips,Learn 3 Beautiful Minor Chord Progressions,https://admin.musora.com/admin#/content/pianote/376346,https://www.musora.com/pianote/quick-tips/learn-3-beautiful-minor-chord-progressions/376346,2022-12-05,Beautiful Piano,,,,Chord & Scale Theory,,Chording,,,
376346,quick-tips,Learn 3 Beautiful Minor Chord Progressions,https://admin.musora.com/admin#/content/pianote/376346,https://www.musora.com/pianote/quick-tips/learn-3-beautiful-minor-chord-progressions/376346,2022-12-05,Chord Progression,,,,,,,,,
376343,student-review,O Come All Ye Faithful Theme And Variations - Diana O,https://admin.musora.com/admin#/content/pianote/376343,https://www.musora.com/pianote/student-reviews/o-come-all-ye-faithful-theme-and-variations-diana-o/376343,2022-12-02,Musicality,Holiday/Soundtrack,,,,,Improvisation & Songwriting,,,
376341,student-review,Preparing For ABRSM - Joseangelalcaraz,https://admin.musora.com/admin#/content/pianote/376341,https://www.musora.com/pianote/student-reviews/preparing-for-abrsm-joseangelalcaraz/376341,2022-12-02,Musicality,,Dynamics,,,,,,,
376337,student-review,Playing A Song You've Written - Author589goonit,https://admin.musora.com/admin#/content/pianote/376337,https://www.musora.com/pianote/student-reviews/playing-a-song-you-ve-written-author589goonit/376337,2022-12-02,Musicality,,,Speed & Stamina,Rhythm,,,,,
376271,student-review,Adding Happiness To Your Music - Hunck,https://admin.musora.com/admin#/content/pianote/376271,https://www.musora.com/pianote/student-reviews/adding-happiness-to-your-music-hunck/376271,2022-12-02,Musicality,,Finger Strength,Independence,,,,,,
376276,student-review,Clair De Lune Tone & Flow - Jjfrase,https://admin.musora.com/admin#/content/pianote/376276,https://www.musora.com/pianote/student-reviews/clair-de-lune-tone-flow-jjfrase/376276,2022-12-02,Musicality,Classical,Dynamics,,,,,,,
376297,student-review,3 Blues Licks To Practice - M Azrul Nizam MS,https://admin.musora.com/admin#/content/pianote/376297,https://www.musora.com/pianote/student-reviews/3-blues-licks-to-practice-m-azrul-nizam-ms/376297,2022-12-02,Musicality,Jazz/Blues,,,Rhythm,,Riffs & Fills,,,
376301,student-review,Practice Vs Performance Practice - ShanonArent,https://admin.musora.com/admin#/content/pianote/376301,https://www.musora.com/pianote/student-reviews/practice-vs-performance-practice-shanonarent/376301,2022-12-02,Musicality,,,,,,,,Practice Tips,
376309,student-review,Developing Dynamics - Tilottama,https://admin.musora.com/admin#/content/pianote/376309,https://www.musora.com/pianote/student-reviews/developing-dynamics-tilottama/376309,2022-12-02,Musicality,,Dynamics,,,,,,,
376333,student-review,Let The Title Inform The Feel - Rickysakhrani,https://admin.musora.com/admin#/content/pianote/376333,https://www.musora.com/pianote/student-reviews/let-the-title-inform-the-feel-rickysakhrani/376333,2022-12-02,Musicality,,Independence,,Rhythm,,,,,
376335,student-review,Hard To Handle - Kirsover,https://admin.musora.com/admin#/content/pianote/376335,https://www.musora.com/pianote/student-reviews/hard-to-handle-kirsover/376335,2022-12-02,Musicality,Jazz/Blues,,,,,Improvisation & Songwriting,,,
376284,student-review,Navigating The Keyboard - BecKeys,https://admin.musora.com/admin#/content/pianote/376284,https://www.musora.com/pianote/student-reviews/navigating-the-keyboard-beckeys/376284,2022-12-02,Posture,,Pedaling,Posture,Chord & Scale Theory,,,,,
376274,student-review,Posture Check - Deviceshopbolivia,https://admin.musora.com/admin#/content/pianote/376274,https://www.musora.com/pianote/student-reviews/posture-check-deviceshopbolivia/376274,2022-12-02,Posture,,Posture,,,,,,Practice Tips,
376307,student-review,Solidifying Rhythm - Joseangelalcaraz,https://admin.musora.com/admin#/content/pianote/376307,https://www.musora.com/pianote/student-reviews/solidifying-rhythm-joseangelalcaraz/376307,2022-12-02,Rhythm,,,,Rhythm,,,,,
376339,student-review,Keeping Hands Together - Arun D,https://admin.musora.com/admin#/content/pianote/376339,https://www.musora.com/pianote/student-reviews/keeping-hands-together-arun-d/376339,2022-12-02,Scales,,Independence,Finger Strength,,,,,,
376304,student-review,O Holy Night Arpeggios - Bonnie aka Twocupscoffee,https://admin.musora.com/admin#/content/pianote/376304,https://www.musora.com/pianote/student-reviews/o-holy-night-arpeggios-bonnie-aka-twocupscoffee/376304,2022-12-02,Technique,Holiday/Soundtrack,Arpeggios,,,,,,,
376294,student-review,"Breaking Down ""Für Elise"" - Justyna",https://admin.musora.com/admin#/content/pianote/376294,https://www.musora.com/pianote/student-reviews/breaking-down-fr-elise-justyna/376294,2022-12-02,Technique,Classical,,,,,,,,
376286,student-review,Technique Tips - Favour,https://admin.musora.com/admin#/content/pianote/376286,https://www.musora.com/pianote/student-reviews/technique-tips-favour/376286,2022-12-02,Technique,,,,,,,,Practice Tips,
376056,quick-tips,Welcome To Musora,https://admin.musora.com/admin#/content/pianote/376056,https://www.musora.com/pianote/quick-tips/welcome-to-musora/376056,2022-11-25,All,,,,,,,,Other,
375922,student-review,Efficient Waltz Movements - Tolo,https://admin.musora.com/admin#/content/pianote/375922,https://www.musora.com/pianote/student-reviews/efficient-waltz-movements-tolo/375922,2022-11-25,Musicality,Classical,Arpeggios,,,,,,,
375905,student-review,Preparing For ABRSM - Jose,https://admin.musora.com/admin#/content/pianote/375905,https://www.musora.com/pianote/student-reviews/preparing-for-abrsm-jose/375905,2022-11-25,Musicality,,Dynamics,Independence,,,,,,
375906,student-review,Improv In A Minor - Lyn's Sweetnotes,https://admin.musora.com/admin#/content/pianote/375906,https://www.musora.com/pianote/student-reviews/improv-in-a-minor-lyn-s-sweetnotes/375906,2022-11-25,Musicality,,,,,Chord & Scale Theory,Improvisation & Songwriting,,,
375908,student-review,Edelweiss Key Change - Abby W,https://admin.musora.com/admin#/content/pianote/375908,https://www.musora.com/pianote/student-reviews/edelweiss-key-change-abby-w/375908,2022-11-25,Musicality,,Independence,,Key Signatures/Keys,,,,,
375909,student-review,Major 9 Chords - Jocelynn Rodrigues,https://admin.musora.com/admin#/content/pianote/375909,https://www.musora.com/pianote/student-reviews/major-9-chords-jocelynn-rodrigues/375909,2022-11-25,Musicality,,,,Chord & Scale Theory,Chord & Scale Theory,,,,
375912,student-review,How To Make A Good Song Better - Jose,https://admin.musora.com/admin#/content/pianote/375912,https://www.musora.com/pianote/student-reviews/how-to-make-a-good-song-better-jose/375912,2022-11-25,Musicality,,Dynamics,,,,,,Practice Tips,
375917,student-review,Control And Evenness - Jose,https://admin.musora.com/admin#/content/pianote/375917,https://www.musora.com/pianote/student-reviews/control-and-evenness-jose/375917,2022-11-25,Musicality,,Independence,Dynamics,,,,,,
375924,student-review,Shaping A Melody And Playing With Body Weight - Rickysakhrani,https://admin.musora.com/admin#/content/pianote/375924,https://www.musora.com/pianote/student-reviews/shaping-a-melody-and-playing-with-body-weight-rickysakhrani/375924,2022-11-25,Musicality,,Speed & Stamina,Finger Strength,,,Improvisation & Songwriting,,,
375919,student-review,Developing Your Internal Metronome - Shanon Arent,https://admin.musora.com/admin#/content/pianote/375919,https://www.musora.com/pianote/student-reviews/developing-your-internal-metronome-shanon-arent/375919,2022-11-25,Rhythm,,,,Rhythm,,,,,
375911,student-review,Timing Is Key - Neridak,https://admin.musora.com/admin#/content/pianote/375911,https://www.musora.com/pianote/student-reviews/timing-is-key-neridak/375911,2022-11-25,Rhythm,,,,Rhythm,,,,,
375907,student-review,Letting Your Wrist Help Your Fingers - Arstavial,https://admin.musora.com/admin#/content/pianote/375907,https://www.musora.com/pianote/student-reviews/letting-your-wrist-help-your-fingers-arstavial/375907,2022-11-25,Technique,,Finger Strength,Speed & Stamina,,,,,Practice Tips,
375925,student-review,Structuring Practice Routines - Neridak,https://admin.musora.com/admin#/content/pianote/375925,https://www.musora.com/pianote/student-reviews/structuring-practice-routines-neridak/375925,2022-11-25,Technique,,Arpeggios,,,,,,Practice Tips,
375913,student-review,Chording Practice - Kathy V,https://admin.musora.com/admin#/content/pianote/375913,https://www.musora.com/pianote/student-reviews/chording-practice-kathy-v/375913,2022-11-25,Technique,,,,Chord & Scale Theory,,Chording,,,
375910,student-review,But I Have To Sneeze - John Frost Olympia,https://admin.musora.com/admin#/content/pianote/375910,https://www.musora.com/pianote/student-reviews/but-i-have-to-sneeze-john-frost-olympia/375910,2022-11-25,Technique,,,,,,,,Practice Tips,
375588,quick-tips,How To Recognize Chords By Ear,https://admin.musora.com/admin#/content/pianote/375588,https://www.musora.com/pianote/quick-tips/how-to-recognize-chords-by-ear/375588,2022-11-21,Chords,,Ear Training,,Chord & Scale Theory,,Chording,,,
375588,quick-tips,How To Recognize Chords By Ear,https://admin.musora.com/admin#/content/pianote/375588,https://www.musora.com/pianote/quick-tips/how-to-recognize-chords-by-ear/375588,2022-11-21,Ear Training,,,,,,,,,
375549,student-review,Analyzing Music - Beckyschuck,https://admin.musora.com/admin#/content/pianote/375549,https://www.musora.com/pianote/student-reviews/analyzing-music-beckyschuck/375549,2022-11-18,Musicality,,,,Chord & Scale Theory,,,,Practice Tips,
375556,student-review,"Bringing Out Baroque Aspects: Bach's ""Invention No. 1 In C"" - FarmerAndy",https://admin.musora.com/admin#/content/pianote/375556,https://www.musora.com/pianote/student-reviews/bringing-out-baroque-aspects-bach-s-invention-no-1-in-c-farmerandy/375556,2022-11-18,Musicality,Classical,Finger Strength,Independence,,,,,,
375558,student-review,"Dynamics & Flow - ""Over The Rainbow""  - Jeanne G",https://admin.musora.com/admin#/content/pianote/375558,https://www.musora.com/pianote/student-reviews/dynamics-flow-over-the-rainbow-jeanne-g/375558,2022-11-18,Musicality,,Pedaling,Independence,,,,,,
375560,student-review,When Do I Add In Pedal?  - Marcelo Mouta,https://admin.musora.com/admin#/content/pianote/375560,https://www.musora.com/pianote/student-reviews/when-do-i-add-in-pedal-marcelo-mouta/375560,2022-11-18,Musicality,,Pedaling,,,,,,,
375566,student-review,Adding To Melodic Ideas - Allison B,https://admin.musora.com/admin#/content/pianote/375566,https://www.musora.com/pianote/student-reviews/adding-to-melodic-ideas-allison-b/375566,2022-11-18,Musicality,,,,,,Improvisation & Songwriting,,,
375567,student-review,Taking Cues From Recordings - Sue F,https://admin.musora.com/admin#/content/pianote/375567,https://www.musora.com/pianote/student-reviews/taking-cues-from-recordings-sue-f/375567,2022-11-18,Musicality,,,,Chord & Scale Theory,,Riffs & Fills,Chording,,
375568,student-review,"O Come, All Ye Faithful - Diana O",https://admin.musora.com/admin#/content/pianote/375568,https://www.musora.com/pianote/student-reviews/o-come-all-ye-faithful-diana-o/375568,2022-11-18,Musicality,,Finger Strength,,,,Improvisation & Songwriting,Chording,,
375569,student-review,Wrist Freedom - Nell M,https://admin.musora.com/admin#/content/pianote/375569,https://www.musora.com/pianote/student-reviews/wrist-freedom-nell-m/375569,2022-11-18,Musicality,,Finger Strength,Arpeggios,,,,,Practice Tips,
375554,student-review,Battling Rhythm & Tension - Daniel_A,https://admin.musora.com/admin#/content/pianote/375554,https://www.musora.com/pianote/student-reviews/battling-rhythm-tension-daniela/375554,2022-11-18,Rhythm,,Speed & Stamina,,Rhythm,,,,,
375565,student-review,Building Finger Strength - SW,https://admin.musora.com/admin#/content/pianote/375565,https://www.musora.com/pianote/student-reviews/building-finger-strength-sw/375565,2022-11-18,Technique,,Finger Strength,,,,,,,
375564,student-review,Keep The Motion In The Music - OllyTitler,https://admin.musora.com/admin#/content/pianote/375564,https://www.musora.com/pianote/student-reviews/keep-the-motion-in-the-music-ollytitler/375564,2022-11-18,Technique,,Finger Strength,Independence,,,,,,
375240,quick-tips,Musora 2022 Winter Recital Announcement,https://admin.musora.com/admin#/content/pianote/375240,https://www.musora.com/pianote/quick-tips/musora-2022-winter-recital-announcement/375240,2022-11-14,Performance,,,,,,,,Performance,
375299,student-review,Sight Reading Doesn’t Happen Overnight - Debby B,https://admin.musora.com/admin#/content/pianote/375299,https://www.musora.com/pianote/student-reviews/sight-reading-doesn-t-happen-overnight-debby-b/375299,2022-11-11,Musicality,,Pedaling,,Sight Reading,,,,Practice Tips,
375298,student-review,RH Melody VS LH Accompaniment - Darren,https://admin.musora.com/admin#/content/pianote/375298,https://www.musora.com/pianote/student-reviews/rh-melody-vs-lh-accompaniment-darren/375298,2022-11-11,Musicality,,Independence,,,,,,,
375295,student-review,How To Piece Small Sections Together - Joseangelcaraz,https://admin.musora.com/admin#/content/pianote/375295,https://www.musora.com/pianote/student-reviews/how-to-piece-small-sections-together-joseangelcaraz/375295,2022-11-11,Musicality,,,,,,Improvisation & Songwriting,,Practice Tips,
375292,student-review,Dexterity & Finger Strength - Different World - Tilottama,https://admin.musora.com/admin#/content/pianote/375292,https://www.musora.com/pianote/student-reviews/dexterity-finger-strength-different-world-tilottama/375292,2022-11-11,Musicality,,Finger Strength,Speed & Stamina,,,,,,
375291,student-review,"Improvisation To ""Canon In D"" 2 - Diana O",https://admin.musora.com/admin#/content/pianote/375291,https://www.musora.com/pianote/student-reviews/improvisation-to-canon-in-d-2-diana-o/375291,2022-11-11,Musicality,,,,,,Improvisation & Songwriting,,,
375320,student-review,Fast Car Piano Arrangement - Marica,https://admin.musora.com/admin#/content/pianote/375320,https://www.musora.com/pianote/student-reviews/fast-car-piano-arrangement-marica/375320,2022-11-11,Musicality,,Independence,,,Composition & Arranging,,,,
375308,student-review,Refining Your Improvisation - Granny Kiwi,https://admin.musora.com/admin#/content/pianote/375308,https://www.musora.com/pianote/student-reviews/refining-your-improvisation-granny-kiwi/375308,2022-11-11,Musicality,,,,Rhythm,,Improvisation & Songwriting,Chording,,
375307,student-review,Stretching Your Improvisation - Lyn's Sweetnotes,https://admin.musora.com/admin#/content/pianote/375307,https://www.musora.com/pianote/student-reviews/stretching-your-improvisation-lyn-s-sweetnotes/375307,2022-11-11,Musicality,,,,Composition & Arranging,,Improvisation & Songwriting,Chording,,
375306,student-review,"Chord Chart - ""Ring Of Fire"" - Christina L.",https://admin.musora.com/admin#/content/pianote/375306,https://www.musora.com/pianote/student-reviews/chord-chart-ring-of-fire-christina-l/375306,2022-11-11,Musicality,,,,Chord & Scale Theory,,Chording,,,
375304,student-review,Smoothing Out Broken Chords - SebastianV,https://admin.musora.com/admin#/content/pianote/375304,https://www.musora.com/pianote/student-reviews/smoothing-out-broken-chords-sebastianv/375304,2022-11-11,Musicality,,Pedaling,,,,Chording,,,
375302,student-review,The Christmas Song - Preparing For Performance - Steve C,https://admin.musora.com/admin#/content/pianote/375302,https://www.musora.com/pianote/student-reviews/the-christmas-song-preparing-for-performance-steve-c/375302,2022-11-11,Musicality,,,,,,Chording,Riffs & Fills,,
375309,student-review,"Rhythms for ""Raindrop Prelude"" - Bernie From Ireland",https://admin.musora.com/admin#/content/pianote/375309,https://www.musora.com/pianote/student-reviews/rhythms-for-raindrop-prelude-bernie-from-ireland/375309,2022-11-11,Rhythm,,,,Rhythm,,,,,
375318,student-review,When To Use The Pedal - Broken Chords Mending Hearts,https://admin.musora.com/admin#/content/pianote/375318,https://www.musora.com/pianote/student-reviews/when-to-use-the-pedal-broken-chords-mending-hearts/375318,2022-11-11,Technique,,Pedaling,,,,,,,
375315,student-review,O Holy Night Left Hand Patterns - Bonnie aka Twocupscoffee,https://admin.musora.com/admin#/content/pianote/375315,https://www.musora.com/pianote/student-reviews/o-holy-night-left-hand-patterns-bonnie-aka-twocupscoffee/375315,2022-11-11,Technique,Holiday/Soundtrack,Independence,,,,,,,
375311,student-review,What Left Hand Patterns Work? - Francois.Gaudreault,https://admin.musora.com/admin#/content/pianote/375311,https://www.musora.com/pianote/student-reviews/what-left-hand-patterns-work-francoisgaudreault/375311,2022-11-11,Technique,,Independence,Arpeggios,,,,,,
375066,quick-tips,The Easiest Way To Sound Beautiful On The Piano,https://admin.musora.com/admin#/content/pianote/375066,https://www.musora.com/pianote/quick-tips/the-easiest-way-to-sound-beautiful-on-the-piano/375066,2022-11-07,Beautiful Piano,,,,Chord & Scale Theory,,Improvisation & Songwriting,,,
375066,quick-tips,The Easiest Way To Sound Beautiful On The Piano,https://admin.musora.com/admin#/content/pianote/375066,https://www.musora.com/pianote/quick-tips/the-easiest-way-to-sound-beautiful-on-the-piano/375066,2022-11-07,Improvisation,,,,,,,,,
375031,student-review,"Walking Bassline On ""Fly Me To The Moon"" - Kermit",https://admin.musora.com/admin#/content/pianote/375031,https://www.musora.com/pianote/student-reviews/walking-bassline-on-fly-me-to-the-moon-kermit/375031,2022-11-04,Musicality,Jazz/Blues,Independence,,,,,,,
374990,student-review,Fluid Movement - Staceeiy,https://admin.musora.com/admin#/content/pianote/374990,https://www.musora.com/pianote/student-reviews/fluid-movement-staceeiy/374990,2022-11-04,Musicality,,Finger Strength,Speed & Stamina,,,,,,
374994,student-review,"Entertaining With ""The Entertainer"" - Christina L",https://admin.musora.com/admin#/content/pianote/374994,https://www.musora.com/pianote/student-reviews/entertaining-with-the-entertainer-christina-l/374994,2022-11-04,Musicality,,Speed & Stamina,,Chord & Scale Theory,,,,,
374996,student-review,Hallelujah: Can I Move To The Next Lesson - Funky John,https://admin.musora.com/admin#/content/pianote/374996,https://www.musora.com/pianote/student-reviews/hallelujah-can-i-move-to-the-next-lesson-funky-john/374996,2022-11-04,Musicality,,Arpeggios,,,,,,,
375002,student-review,Music That Breathes: Burlesque - Piano With Violet,https://admin.musora.com/admin#/content/pianote/375002,https://www.musora.com/pianote/student-reviews/music-that-breathes-burlesque-piano-with-violet/375002,2022-11-04,Musicality,,Finger Strength,Speed & Stamina,,,,,,
375004,student-review,"My Playing Sounds ""Ploddy"" - HilaryNZ",https://admin.musora.com/admin#/content/pianote/375004,https://www.musora.com/pianote/student-reviews/my-playing-sounds-ploddy-hilarynz/375004,2022-11-04,Musicality,,Independence,Finger Strength,,,,,,
375026,student-review,What Elements Do Original Songs Need? - Charlotte R,https://admin.musora.com/admin#/content/pianote/375026,https://www.musora.com/pianote/student-reviews/what-elements-do-original-songs-need-charlotte-r/375026,2022-11-04,Musicality,,,,Composition & Arranging,,Improvisation & Songwriting,,,
374999,student-review,Hanon Help - Michael Anthony,https://admin.musora.com/admin#/content/pianote/374999,https://www.musora.com/pianote/student-reviews/hanon-help-michael-anthony/374999,2022-11-04,Posture,,Independence,Finger Strength,,,,,,
375027,student-review,Breaking Down Piano Montunos - Christian Herzig,https://admin.musora.com/admin#/content/pianote/375027,https://www.musora.com/pianote/student-reviews/breaking-down-piano-montunos-christian-herzig/375027,2022-11-04,Technique,Latin/World,,,Rhythm,,,,,
375025,student-review,How Do Secondary Dominants Work? - Dagmar B,https://admin.musora.com/admin#/content/pianote/375025,https://www.musora.com/pianote/student-reviews/how-do-secondary-dominants-work-dagmar-b/375025,2022-11-04,Technique,,,,Chord & Scale Theory,,Chording,,,
374991,student-review,Does My Left Hand Look Weird? - Enriquevidal,https://admin.musora.com/admin#/content/pianote/374991,https://www.musora.com/pianote/student-reviews/does-my-left-hand-look-weird-enriquevidal/374991,2022-11-04,Technique,,Pedaling,Arpeggios,,,,,,
374880,song-tutorial,Don't Stop Believin' - Tutorial,https://admin.musora.com/admin#/content/pianote/374880,https://www.musora.com,2022-10-31,80s Music,Pop/Rock,,,,,Chording,,Practice Tips,
374880,song-tutorial,Don't Stop Believin' - Tutorial,https://admin.musora.com/admin#/content/pianote/374880,https://www.musora.com,2022-10-31,80s Songs,,,,,,,,,
374880,song-tutorial,Don't Stop Believin' - Tutorial,https://admin.musora.com/admin#/content/pianote/374880,https://www.musora.com,2022-10-31,Hits,,,,,,,,,
374880,song-tutorial,Don't Stop Believin' - Tutorial,https://admin.musora.com/admin#/content/pianote/374880,https://www.musora.com,2022-10-31,Pop,,,,,,,,,
374880,song-tutorial,Don't Stop Believin' - Tutorial,https://admin.musora.com/admin#/content/pianote/374880,https://www.musora.com,2022-10-31,Rock'n Roll,,,,,,,,,
374852,student-review,Improvisation To Canon In D - Diana O,https://admin.musora.com/admin#/content/pianote/374852,https://www.musora.com/pianote/student-reviews/improvisation-to-canon-in-d-diana-o/374852,2022-10-28,Musicality,,,,,,Improvisation & Songwriting,,,
374853,student-review,Composing Tips - Christina L,https://admin.musora.com/admin#/content/pianote/374853,https://www.musora.com/pianote/student-reviews/composing-tips-christina-l/374853,2022-10-28,Musicality,,,,Composition & Arranging,,,,,
374854,student-review,Bringing The Tempo Up Slowly - Melanie A,https://admin.musora.com/admin#/content/pianote/374854,https://www.musora.com/pianote/student-reviews/bringing-the-tempo-up-slowly-melanie-a/374854,2022-10-28,Musicality,,Speed & Stamina,,,,,,,
374855,student-review,Cocktail Piano Moments In A Hymn - J,https://admin.musora.com/admin#/content/pianote/374855,https://www.musora.com/pianote/student-reviews/cocktail-piano-moments-in-a-hymn-j/374855,2022-10-28,Musicality,Jazz/Blues,Finger Strength,,Rhythm,,,,,
374490,student-review,Getting Past Improv Writer's Block - Christina L,https://admin.musora.com/admin#/content/pianote/374490,https://www.musora.com/pianote/student-reviews/getting-past-improv-writer-s-block-christina-l/374490,2022-10-21,Musicality,,,,,,Improvisation & Songwriting,Chording,,
374494,student-review,I Feel Like I’m Hammering On The Keys - Ivan C,https://admin.musora.com/admin#/content/pianote/374494,https://www.musora.com/pianote/student-reviews/i-feel-like-i-m-hammering-on-the-keys-ivan-c/374494,2022-10-21,Musicality,,Dynamics,,,,,,,
374495,student-review,How Do I End My Song? - Bill,https://admin.musora.com/admin#/content/pianote/374495,https://www.musora.com/pianote/student-reviews/how-do-i-end-my-song-bill/374495,2022-10-21,Musicality,,,,Chord & Scale Theory,,Improvisation & Songwriting,,,
374496,student-review,Dynamics & Hand Posture - Brigid M,https://admin.musora.com/admin#/content/pianote/374496,https://www.musora.com/pianote/student-reviews/dynamics-hand-posture-brigid-m/374496,2022-10-21,Musicality,,Dynamics,Posture,,,Riffs & Fills,,,
374489,student-review,Hand Posture For A Flowing Melody - Favour Onuekute,https://admin.musora.com/admin#/content/pianote/374489,https://www.musora.com/pianote/student-reviews/hand-posture-for-a-flowing-melody-favour-onuekute/374489,2022-10-21,Musicality,,Finger Strength,Posture,,,,,Practice Tips,
374492,student-review,Maintaining A Strong Hand Position - Michael Anthony,https://admin.musora.com/admin#/content/pianote/374492,https://www.musora.com/pianote/student-reviews/maintaining-a-strong-hand-position-michael-anthony/374492,2022-10-21,Posture,,Finger Strength,Posture,Chord & Scale Theory,,,,,
374497,student-review,Chord Progression Ideas & Suggestions - AvatarAlaska,https://admin.musora.com/admin#/content/pianote/374497,https://www.musora.com/pianote/student-reviews/chord-progression-ideas-suggestions-avataralaska/374497,2022-10-21,Technique,,Arpeggios,,Chord & Scale Theory,,,,,
374493,student-review,Identifying & Avoiding Hand Tension - GreenChile,https://admin.musora.com/admin#/content/pianote/374493,https://www.musora.com/pianote/student-reviews/identifying-avoiding-hand-tension-greenchile/374493,2022-10-21,Technique,,Finger Strength,,,,,,Practice Tips,
374491,student-review,Alberti Bass & Arpeggio Movements - Terri Purich Is Fine,https://admin.musora.com/admin#/content/pianote/374491,https://www.musora.com/pianote/student-reviews/alberti-bass-arpeggio-movements-terri-purich-is-fine/374491,2022-10-21,Technique,,Arpeggios,Finger Strength,,,,,,
374422,song-tutorial,Turkish March - Tutorial,https://admin.musora.com/admin#/content/pianote/374422,https://www.musora.com,2022-10-17,classical,Classical,,,,,,,,
374353,student-review,Balancing Dynamics Between The Hands - Pajama Man,https://admin.musora.com/admin#/content/pianote/374353,https://www.musora.com/pianote/student-reviews/balancing-dynamics-between-the-hands-pajama-man/374353,2022-10-14,Musicality,,Dynamics,Independence,,,,,,
374356,student-review,Waltz Show And Tell - coppercat,https://admin.musora.com/admin#/content/pianote/374356,https://www.musora.com/pianote/student-reviews/waltz-show-and-tell-coppercat/374356,2022-10-14,Musicality,,,,,,Improvisation & Songwriting,,Practice Tips,
374358,student-review,Listening In To Kick And Bass - Laolaya,https://admin.musora.com/admin#/content/pianote/374358,https://www.musora.com/pianote/student-reviews/listening-in-to-kick-and-bass-laolaya/374358,2022-10-14,Rhythm,,,,Rhythm,,,,,
374357,student-review,Polyrhythms Sound So Hard - Marc Hobé,https://admin.musora.com/admin#/content/pianote/374357,https://www.musora.com/pianote/student-reviews/polyrhythms-sound-so-hard-marc-hob/374357,2022-10-14,Rhythm,,,,Chord & Scale Theory,Rhythm,Chording,,,
374360,student-review,Targeted Practice - Daniel A,https://admin.musora.com/admin#/content/pianote/374360,https://www.musora.com/pianote/student-reviews/targeted-practice-daniel-a/374360,2022-10-14,Technique,,,,,,,,Practice Tips,
374359,student-review,Pedaling On Chord Changes - Iris E,https://admin.musora.com/admin#/content/pianote/374359,https://www.musora.com/pianote/student-reviews/pedaling-on-chord-changes-iris-e/374359,2022-10-14,Technique,,Pedaling,,,,,,,
374355,student-review,Practice Routine - Dino G,https://admin.musora.com/admin#/content/pianote/374355,https://www.musora.com/pianote/student-reviews/practice-routine-dino-g/374355,2022-10-14,Technique,,,,,,,,Practice Tips,
374354,student-review,Avoiding Pain With Arpeggios - Marica,https://admin.musora.com/admin#/content/pianote/374354,https://www.musora.com/pianote/student-reviews/avoiding-pain-with-arpeggios-marica/374354,2022-10-14,Technique,,Finger Strength,Speed & Stamina,,,,,Practice Tips,
374352,student-review,Focusing On The Wrists - Black Dice,https://admin.musora.com/admin#/content/pianote/374352,https://www.musora.com/pianote/student-reviews/focusing-on-the-wrists-black-dice/374352,2022-10-14,Technique,,Speed & Stamina,Posture,,,,,,
374351,student-review,Playing With Ease - Vivianne,https://admin.musora.com/admin#/content/pianote/374351,https://www.musora.com/pianote/student-reviews/playing-with-ease-vivianne/374351,2022-10-14,Technique,,Finger Strength,Speed & Stamina,,,,,,
374350,student-review,Wrist Posture For Melody And Accompaniment - OllyTitler,https://admin.musora.com/admin#/content/pianote/374350,https://www.musora.com/pianote/student-reviews/wrist-posture-for-melody-and-accompaniment-ollytitler/374350,2022-10-14,Technique,,Speed & Stamina,Posture,,,Chording,,,
374297,course,7 Days To Sight Reading,https://admin.musora.com/admin#/content/pianote/374297,https://www.musora.com/pianote/courses/7-days-to-sight-reading/374297,2022-10-13,sight reading,,,,Sight Reading,,,,,
374297,course,7 Days To Sight Reading,https://admin.musora.com/admin#/content/pianote/374297,https://www.musora.com/pianote/courses/7-days-to-sight-reading/374297,2022-10-13,theory,,,,,,,,,
374076,quick-tips,You Can Make Any Song Gospel,https://admin.musora.com/admin#/content/pianote/374076,https://www.musora.com/pianote/quick-tips/you-can-make-any-song-gospel/374076,2022-10-12,Chord Progression,Worship/Gospel,,,,,Chording,Improvisation & Songwriting,,
374076,quick-tips,You Can Make Any Song Gospel,https://admin.musora.com/admin#/content/pianote/374076,https://www.musora.com/pianote/quick-tips/you-can-make-any-song-gospel/374076,2022-10-12,Improvisation,,,,,,,,,
374076,quick-tips,You Can Make Any Song Gospel,https://admin.musora.com/admin#/content/pianote/374076,https://www.musora.com/pianote/quick-tips/you-can-make-any-song-gospel/374076,2022-10-12,Styles,,,,,,,,,
373752,student-review,Rhythm And Hand Independence - Kim Beam,https://admin.musora.com/admin#/content/pianote/373752,https://www.musora.com/pianote/student-reviews/rhythm-and-hand-independence-kim-beam/373752,2022-10-07,Musicality,,Independence,,Rhythm,,,,,
373753,student-review,How To Make A Song Sound Less Choppy - Maximilian,https://admin.musora.com/admin#/content/pianote/373753,https://www.musora.com/pianote/student-reviews/how-to-make-a-song-sound-less-choppy-maximilian/373753,2022-10-07,Musicality,,Finger Strength,Speed & Stamina,,,,,,
373754,student-review,Learning Pieces By Heart - PhilGER,https://admin.musora.com/admin#/content/pianote/373754,https://www.musora.com/pianote/student-reviews/learning-pieces-by-heart-philger/373754,2022-10-07,Musicality,,,,Sight Reading,,,,Practice Tips,
373755,student-review,Balancing Dynamics Between The Hands - Charlotte R,https://admin.musora.com/admin#/content/pianote/373755,https://www.musora.com/pianote/student-reviews/balancing-dynamics-between-the-hands-charlotte-r/373755,2022-10-07,Musicality,,Dynamics,,,,,,,
373756,student-review,Adding Expression - Ellinor E,https://admin.musora.com/admin#/content/pianote/373756,https://www.musora.com/pianote/student-reviews/adding-expression-ellinor-e/373756,2022-10-07,Musicality,,Dynamics,,,,,,,
373757,student-review,Fine Tuning Für Elise - Diana O,https://admin.musora.com/admin#/content/pianote/373757,https://www.musora.com/pianote/student-reviews/fine-tuning-fr-elise-diana-o/373757,2022-10-07,Musicality,Classical,,,Sight Reading,,,,,
373758,student-review,Taking A Song From Good To Great - Marcia Bueno Cabanero,https://admin.musora.com/admin#/content/pianote/373758,https://www.musora.com/pianote/student-reviews/taking-a-song-from-good-to-great-marcia-bueno-cabanero/373758,2022-10-07,Musicality,,Dynamics,,,,,,,
373760,student-review,Deconstructing Autumn Leaves - Michael Anthony,https://admin.musora.com/admin#/content/pianote/373760,https://www.musora.com/pianote/student-reviews/deconstructing-autumn-leaves-michael-anthony/373760,2022-10-07,Musicality,Jazz/Blues,Finger Strength,,,,,,,
373759,student-review,How To Find The Best Fingering - Dougy Wonkety Wrists,https://admin.musora.com/admin#/content/pianote/373759,https://www.musora.com/pianote/student-reviews/how-to-find-the-best-fingering-dougy-wonkety-wrists/373759,2022-10-07,Technique,,Finger Strength,Speed & Stamina,,,,,,
373488,quick-tips,7 Days To Sight Reading,https://admin.musora.com/admin#/content/pianote/373488,https://www.musora.com/pianote/quick-tips/7-days-of-sight-reading/373488,2022-10-03,sight reading,,,,Sight Reading,,,,,
373488,quick-tips,7 Days To Sight Reading,https://admin.musora.com/admin#/content/pianote/373488,https://www.musora.com/pianote/quick-tips/7-days-of-sight-reading/373488,2022-10-03,theory,,,,,,,,,
373444,student-review,Letting The Melody Shine - Carylee Johnson,https://admin.musora.com/admin#/content/pianote/373444,https://www.musora.com/pianote/student-reviews/letting-the-melody-shine-carylee-johnson/373444,2022-09-30,Musicality,,Dynamics,,,,Chording,,,
373437,student-review,Playing With Feeling - Agabemnon,https://admin.musora.com/admin#/content/pianote/373437,https://www.musora.com/pianote/student-reviews/playing-with-feeling-agabemnon/373437,2022-09-30,Musicality,,Dynamics,,,,,,,
373442,student-review,Lead Sheet Tricks - Elizabeth B,https://admin.musora.com/admin#/content/pianote/373442,https://www.musora.com/pianote/student-reviews/lead-sheet-tricks-elizabeth-b/373442,2022-09-30,Musicality,,,,Chord & Scale Theory,,Chording,,,
373443,student-review,Adding Expression - Megan W,https://admin.musora.com/admin#/content/pianote/373443,https://www.musora.com/pianote/student-reviews/adding-expression-megan-w/373443,2022-09-30,Musicality,,Dynamics,,,,,,,
373447,student-review,How To Strengthen Your Fingers - Katerina K,https://admin.musora.com/admin#/content/pianote/373447,https://www.musora.com/pianote/student-reviews/how-to-strengthen-your-fingers-katerina-k/373447,2022-09-30,Musicality,,Finger Strength,Speed & Stamina,,,,,,
373438,student-review,Playing Rapid Octaves - S.W.,https://admin.musora.com/admin#/content/pianote/373438,https://www.musora.com/pianote/student-reviews/playing-rapid-octaves-sw/373438,2022-09-30,Posture,,Speed & Stamina,Posture,,,,,,
373448,student-review,Play The Lyrics Instead Of The Notes - H2,https://admin.musora.com/admin#/content/pianote/373448,https://www.musora.com/pianote/student-reviews/play-the-lyrics-instead-of-the-notes-h2/373448,2022-09-30,Posture Musicality,,Posture,,,,,,,
373446,student-review,Playing With A Band - Juhi Dang,https://admin.musora.com/admin#/content/pianote/373446,https://www.musora.com/pianote/student-reviews/playing-with-a-band-juhi-dang/373446,2022-09-30,Rhythm,,,,Rhythm,,Chording,,,
373441,student-review,One Step Ahead Of The Chords - sleng,https://admin.musora.com/admin#/content/pianote/373441,https://www.musora.com/pianote/student-reviews/one-step-ahead-of-the-chords-sleng/373441,2022-09-30,Sight Reading,,,,Rhythm,,Chording,,,
373436,student-review,Sight Reading & Scale Tips & Tricks - Michael Anthony,https://admin.musora.com/admin#/content/pianote/373436,https://www.musora.com/pianote/student-reviews/sight-reading-scale-tips-tricks-michael-anthony/373436,2022-09-30,Technique,,Finger Strength,,Sight Reading,,,,,
373439,student-review,Minimizing Tension - Charlie B,https://admin.musora.com/admin#/content/pianote/373439,https://www.musora.com/pianote/student-reviews/minimizing-tension-charlie-b/373439,2022-09-30,Technique,,Pedaling,Finger Strength,,,,,,
373440,student-review,Maintaining Tempo - Dick Harbert,https://admin.musora.com/admin#/content/pianote/373440,https://www.musora.com/pianote/student-reviews/maintaining-tempo-dick-harbert/373440,2022-09-30,Technique,,Finger Strength,Speed & Stamina,,,,,,
373445,student-review,Adding The Pedal - abinavbukkaraya,https://admin.musora.com/admin#/content/pianote/373445,https://www.musora.com/pianote/student-reviews/adding-the-pedal-abinavbukkaraya/373445,2022-09-30,Technique,,Pedaling,Chords & Scales,,,,,,
373123,quick-tips,5 Levels Of Boogie Woogie,https://admin.musora.com/admin#/content/pianote/373123,https://www.musora.com/pianote/quick-tips/5-levels-of-boogie-woogie/373123,2022-09-26,Styles,Jazz/Blues,,,Chord & Scale Theory,,,,,
373085,student-review,Improving Your Critical Thinking - Patricia,https://admin.musora.com/admin#/content/pianote/373085,https://www.musora.com/pianote/student-reviews/improving-your-critical-thinking-patricia/373085,2022-09-23,Musicality,,,,,,,,Practice Tips,
373086,student-review,Incorporating Improv Into Your Pieces - Diana O,https://admin.musora.com/admin#/content/pianote/373086,https://www.musora.com/pianote/student-reviews/incorporating-improv-into-your-pieces-diana-o/373086,2022-09-23,Musicality,,Arpeggios,,,,Improvisation & Songwriting,,,
373087,student-review,Practicing Good Posture - Michael Anthony,https://admin.musora.com/admin#/content/pianote/373087,https://www.musora.com/pianote/student-reviews/practicing-good-posture-michael-anthony/373087,2022-09-23,Posture,,Posture,,,,,,,
373084,student-review,Developing Good Technique Habits - Federico P,https://admin.musora.com/admin#/content/pianote/373084,https://www.musora.com/pianote/student-reviews/developing-good-technique-habits-federico-p/373084,2022-09-23,Technique,,Chords & Scales,,,,,,Practice Tips,
372807,quick-tips,4 Piano Songs For Beginners,https://admin.musora.com/admin#/content/pianote/372807,https://www.musora.com/pianote/quick-tips/4-piano-songs-for-beginners/372807,2022-09-19,Songs,Pop/Rock,,,,,Chording,,,
372559,student-review,Preparing For Performance - Ingrid Poulsen,https://admin.musora.com/admin#/content/pianote/372559,https://www.musora.com/pianote/student-reviews/preparing-for-performance-ingrid-poulsen/372559,2022-09-16,Musicality,,,,,,,,Performance,Practice Tips
372559,student-review,Preparing For Performance - Ingrid Poulsen,https://admin.musora.com/admin#/content/pianote/372559,https://www.musora.com/pianote/student-reviews/preparing-for-performance-ingrid-poulsen/372559,2022-09-16,Musicality,,,,,,,,,
372560,student-review,Letting Dynamics & Phrasing Tell The Story - Junith,https://admin.musora.com/admin#/content/pianote/372560,https://www.musora.com/pianote/student-reviews/letting-dynamics-phrasing-tell-the-story-junith/372560,2022-09-16,Musicality,,Dynamics,Finger Strength,,,,,,
372558,student-review,Simple Ideas For Composing - Jesús Fernández,https://admin.musora.com/admin#/content/pianote/372558,https://www.musora.com/pianote/student-reviews/simple-ideas-for-composing-jess-fernndez/372558,2022-09-16,Technique,,,,,,Improvisation & Songwriting,,,
372562,student-review,Balancing & Phrasing A Waltz - Diana O,https://admin.musora.com/admin#/content/pianote/372562,https://www.musora.com/pianote/student-reviews/balancing-phrasing-a-waltz-diana-o/372562,2022-09-16,Technique,Classical,Independence,,,,,,,
372562,student-review,Balancing & Phrasing A Waltz - Diana O,https://admin.musora.com/admin#/content/pianote/372562,https://www.musora.com/pianote/student-reviews/balancing-phrasing-a-waltz-diana-o/372562,2022-09-16,Technique,,,,,,,,,
371605,quick-tips,The Ultimate Guide To Ear Training,https://admin.musora.com/admin#/content/pianote/371605,https://www.musora.com/pianote/quick-tips/the-ultimate-guide-to-ear-training/371605,2022-09-12,Ear Training,,Ear Training,,Chord & Scale Theory,Key Signatures/Keys,,,,
371707,student-review,"Dynamics, And Degrees of Staccato - Oscar Gzz",https://admin.musora.com/admin#/content/pianote/371707,https://www.musora.com/pianote/student-reviews/dynamics-and-degrees-of-staccato-oscar-gzz/371707,2022-09-09,Musicality,,Dynamics,Finger Strength,,,,,,
371709,student-review,Can I Add Rubato To Für Elise? - Ingrid Poulsen,https://admin.musora.com/admin#/content/pianote/371709,https://www.musora.com/pianote/student-reviews/can-i-add-rubato-to-fr-elise-ingrid-poulsen/371709,2022-09-09,Musicality,Classical,Finger Strength,,,,,,,
371710,student-review,Adding Interest To Engage Your Audience - Allison B,https://admin.musora.com/admin#/content/pianote/371710,https://www.musora.com/pianote/student-reviews/adding-interest-to-engage-your-audience-allison-b/371710,2022-09-09,Musicality,,Arpeggios,Independence,,,Riffs & Fills,,,
371712,student-review,"Hand Posture With ""Hellelujah"" - Jen",https://admin.musora.com/admin#/content/pianote/371712,https://www.musora.com/pianote/student-reviews/hand-posture-with-hellelujah-jen123/371712,2022-09-09,Posture,,Posture,,,,,,Practice Tips,
371711,student-review,Fast Hanon; Posture & Tension - Steve C,https://admin.musora.com/admin#/content/pianote/371711,https://www.musora.com/pianote/student-reviews/fast-hanon-posture-tension-steve-c/371711,2022-09-09,Posture,,Speed & Stamina,Posture,,,,,,
371711,student-review,Fast Hanon; Posture & Tension - Steve C,https://admin.musora.com/admin#/content/pianote/371711,https://www.musora.com/pianote/student-reviews/fast-hanon-posture-tension-steve-c/371711,2022-09-09,Posture,,,,,,,,,
371705,student-review,Establishing Rhythm With Slow Metronome Practice - Bernie From Ireland,https://admin.musora.com/admin#/content/pianote/371705,https://www.musora.com/pianote/student-reviews/establishing-rhythm-with-slow-metronome-practice-bernie-from-ireland/371705,2022-09-09,Rhythm,,,,Rhythm,,,,,
371706,student-review,Sustain Pedal Lifting - Patricia,https://admin.musora.com/admin#/content/pianote/371706,https://www.musora.com/pianote/student-reviews/sustain-pedal-lifting-patricia/371706,2022-09-09,Technique,,Pedaling,,,,,,,
371708,student-review,Solid Chords With Arpeggios - Erika S.,https://admin.musora.com/admin#/content/pianote/371708,https://www.musora.com/pianote/student-reviews/solid-chords-with-arpeggios-erika-s/371708,2022-09-09,Technique,,Arpeggios,,,,Chording,,,
371708,student-review,Solid Chords With Arpeggios - Erika S.,https://admin.musora.com/admin#/content/pianote/371708,https://www.musora.com/pianote/student-reviews/solid-chords-with-arpeggios-erika-s/371708,2022-09-09,Technique,,,,,,,,,
371706,student-review,Sustain Pedal Lifting - Patricia,https://admin.musora.com/admin#/content/pianote/371706,https://www.musora.com/pianote/student-reviews/sustain-pedal-lifting-patricia/371706,2022-09-09,Technique,,Pedaling,,,,,,,
370844,quick-tips,Beautifully Simple Piano Arpeggios,https://admin.musora.com/admin#/content/pianote/370844,https://www.musora.com/pianote/quick-tips/beautifully-simple-piano-arpeggios/370844,2022-09-05,arpeggios,,Arpeggios,,Chord & Scale Theory,,Improvisation & Songwriting,,,
370844,quick-tips,Beautifully Simple Piano Arpeggios,https://admin.musora.com/admin#/content/pianote/370844,https://www.musora.com/pianote/quick-tips/beautifully-simple-piano-arpeggios/370844,2022-09-05,chords,,,,,,,,,
370844,quick-tips,Beautifully Simple Piano Arpeggios,https://admin.musora.com/admin#/content/pianote/370844,https://www.musora.com/pianote/quick-tips/beautifully-simple-piano-arpeggios/370844,2022-09-05,improvisation,,,,,,,,,
370490,student-review,RH & LH Connectivity with Für Elise - PhilGER,https://admin.musora.com/admin#/content/pianote/370490,https://www.musora.com/pianote/student-reviews/rh-lh-connectivity-with-fr-elise-philger/370490,2022-09-02,Musicality,Classical,Posture,Dynamics,,,,,,
370494,student-review,Jamming with the Pentatonic Scale - lasolucionw,https://admin.musora.com/admin#/content/pianote/370494,https://www.musora.com/pianote/student-reviews/jamming-with-the-pentatonic-scale-lasolucionw/370494,2022-09-02,Musicality,,Chords & Scales,,Chord & Scale Theory,,,,,
370495,student-review,Bossa Piano Techniques - HelenNZ,https://admin.musora.com/admin#/content/pianote/370495,https://www.musora.com/pianote/student-reviews/bossa-piano-techniques-helennz/370495,2022-09-02,Musicality,Latin/World,Independence,,Chord & Scale Theory,,Improvisation & Songwriting,,,
370496,student-review,Swing Rhythm in Boogie Woogie - Carbonman,https://admin.musora.com/admin#/content/pianote/370496,https://www.musora.com/pianote/student-reviews/swing-rhythm-in-boogie-woogie-carbonman/370496,2022-09-02,Musicality,Jazz/Blues,,,Rhythm,,Riffs & Fills,,,
370497,student-review,Finishing Touches For Für Elise - DianaO,https://admin.musora.com/admin#/content/pianote/370497,https://www.musora.com/pianote/student-reviews/finishing-touches-for-fr-elise-dianao/370497,2022-09-02,Musicality,Classical,Pedaling,,,,,,,
370491,student-review,Arpeggios Dealing With Tension & Pain - Pianote91965,https://admin.musora.com/admin#/content/pianote/370491,https://www.musora.com/pianote/student-reviews/arpeggios-dealing-with-tension-pain-pianote91965/370491,2022-09-02,Posture,,Posture,Arpeggios,,,,,,
370492,student-review,Refining Rhythm & Feeling The Beat - Vivianne,https://admin.musora.com/admin#/content/pianote/370492,https://www.musora.com/pianote/student-reviews/refining-rhythm-feeling-the-beat-vivianne/370492,2022-09-02,Rhythm,,Speed & Stamina,,Rhythm,,,,,
370493,student-review,Rhythm Work With Moderato No  7 - martinbell,https://admin.musora.com/admin#/content/pianote/370493,https://www.musora.com/pianote/student-reviews/rhythm-work-with-moderato-no-7-martinbell/370493,2022-09-02,Rhythm,,Speed & Stamina,,Rhythm,,,,,
370179,quick-tips,James Bond Medley,https://admin.musora.com/admin#/content/pianote/370179,https://www.musora.com/pianote/quick-tips/james-bond-medley/370179,2022-08-31,Performance,Holiday/Soundtrack,,,,,,,Performance,
369382,quick-tips,"How To Play ""Canon In D"" For Beginners",https://admin.musora.com/admin#/content/pianote/369382,https://www.musora.com/pianote/quick-tips/how-to-play-canon-in-d-for-beginners/369382,2022-08-29,Classical,Classical,,,,,,,Performance,
369388,song-tutorial,Canon In D - Tutorial,https://admin.musora.com/admin#/content/pianote/369388,https://www.musora.com,2022-08-29,classical,,,,,,,,,
369552,student-review,Developing Legato Phrasing - Author589goonit,https://admin.musora.com/admin#/content/pianote/369552,https://www.musora.com/pianote/student-reviews/developing-legato-phrasing-author589goonit/369552,2022-08-26,Musicality,,Chords & Scales,,,,,,Practice Tips,
369555,student-review,Breaking Down Your First Waltz - Jan P,https://admin.musora.com/admin#/content/pianote/369555,https://www.musora.com/pianote/student-reviews/breaking-down-your-first-waltz-jan-p/369555,2022-08-26,Musicality,Classical,Independence,,Rhythm,,,,,
369554,student-review,Bringing A Song To Life - PhilGER,https://admin.musora.com/admin#/content/pianote/369554,https://www.musora.com/pianote/student-reviews/bringing-a-song-to-life-philger/369554,2022-08-26,Musicality,,,,,,,,Practice Tips,
369551,student-review,Developing Melody & Dynamics - Dave Hopper,https://admin.musora.com/admin#/content/pianote/369551,https://www.musora.com/pianote/student-reviews/devloping-melody-dynamics-dave-hopper/369551,2022-08-26,Musicality,,Dynamics,,,,,,Practice Tips,
369547,student-review,What's In A Waltz - Leighmforrest,https://admin.musora.com/admin#/content/pianote/369547,https://www.musora.com/pianote/student-reviews/what-s-in-a-waltz-leighmforrest/369547,2022-08-26,Musicality,Classical,Finger Strength,,,,,,,
369548,student-review,Maintaining Tempo With Changing Dynamics - Arapulido,https://admin.musora.com/admin#/content/pianote/369548,https://www.musora.com/pianote/student-reviews/maintaining-tempo-with-changing-dynamics-arapulido/369548,2022-08-26,Musicality,,Dynamics,Speed & Stamina,,,,,,
369549,student-review,"Hand & Finger Exercises With ""Through The Mist"" - Botanicman",https://admin.musora.com/admin#/content/pianote/369549,https://www.musora.com/pianote/student-reviews/hand-finger-exercises-with-through-the-mist-botanicman/369549,2022-08-26,Musicality,,Speed & Stamina,Independence,Rhythm,,,,,
369553,student-review,"Developing Dexterity With Coldplay's ""Trouble"" - Mac55",https://admin.musora.com/admin#/content/pianote/369553,https://www.musora.com/pianote/student-reviews/developing-dexterity-with-coldplay-s-trouble-mac55/369553,2022-08-26,Posture,,Finger Strength,,Sight Reading,,,,,
369557,student-review,Lets Talk Power Chords - Bernadette D,https://admin.musora.com/admin#/content/pianote/369557,https://www.musora.com/pianote/student-reviews/lets-talk-power-chords-bernadette-d/369557,2022-08-26,Technique,,Finger Strength,Speed & Stamina,Chord & Scale Theory,,,,,
369550,student-review,Finger Accuracy and Proper Patterns - Froggy68,https://admin.musora.com/admin#/content/pianote/369550,https://www.musora.com/pianote/student-reviews/finger-accuracy-and-proper-patterns-froggy68/369550,2022-08-26,Technique,,Finger Strength,Speed & Stamina,,,,,,
368687,quick-tips,The Ultimate Chord Hack,https://admin.musora.com/admin#/content/pianote/368687,https://www.musora.com/pianote/quick-tips/the-ultimate-chord-hack/368687,2022-08-22,Chord Progression,,,,Chord & Scale Theory,,Chording,,,
368687,quick-tips,The Ultimate Chord Hack,https://admin.musora.com/admin#/content/pianote/368687,https://www.musora.com/pianote/quick-tips/the-ultimate-chord-hack/368687,2022-08-22,Chords,,,,,,,,,
368668,student-review,Stretching Your Accompaniment Style - KathyMandell,https://admin.musora.com/admin#/content/pianote/368668,https://www.musora.com/pianote/student-reviews/student-review/368668,2022-08-19,Musicality,,,,,,Chording,Riffs & Fills,,
367837,student-review,Freedom In The Melody - Justyna,https://admin.musora.com/admin#/content/pianote/367837,https://www.musora.com/pianote/student-reviews/student-review/367837,2022-08-19,Musicality,,Posture,Independence,,,,,,
367837,student-review,Freedom In The Melody - Justyna,https://admin.musora.com/admin#/content/pianote/367837,https://www.musora.com/pianote/student-reviews/student-review/367837,2022-08-19,Musicality,,,,,,,,,
368669,student-review,Next steps:  Root Positions To Inversions - Neridak,https://admin.musora.com/admin#/content/pianote/368669,https://www.musora.com/pianote/student-reviews/student-review/368669,2022-08-19,Musicality,,Posture,,Chord & Scale Theory,,,,,
368722,student-review,"Adding Emotion To Bach's ""Bouree In A Minor"" - Ely T",https://admin.musora.com/admin#/content/pianote/368722,https://www.musora.com/pianote/student-reviews/adding-emotion-to-bach-s-bouree-in-a-minor/368722,2022-08-19,Musicality,Classical,Dynamics,,,,,,,
367884,student-review,Curved Fingers For Easier Control - Meganw,https://admin.musora.com/admin#/content/pianote/367884,https://www.musora.com/pianote/student-reviews/student-review/367884,2022-08-19,Posture,,Posture,Finger Strength,,,,,,
367883,student-review,Playing Fifths - Sereena,https://admin.musora.com/admin#/content/pianote/367883,https://www.musora.com/pianote/student-reviews/student-review/367883,2022-08-19,Rhythm,,,,Chord & Scale Theory,,,,,
368670,student-review,"Phrasing & Finishing Touches For Chopin's ""Waltz in A Minor"" - Diana O",https://admin.musora.com/admin#/content/pianote/368670,https://www.musora.com/pianote/student-reviews/student-review/368670,2022-08-19,Technique,Classical,Dynamics,,,,,,,
367885,student-review,Choose Fingerings To Make Things Easier - Froggy68,https://admin.musora.com/admin#/content/pianote/367885,https://www.musora.com/pianote/student-reviews/student-review/367885,2022-08-19,Technique,,Finger Strength,Posture,,,,,,
367572,quick-tips,3 Chords To Create Drama,https://admin.musora.com/admin#/content/pianote/367572,https://www.musora.com/pianote/quick-tips/3-chords-to-create-drama/367572,2022-08-15,Chord Progression,,,,Chord & Scale Theory,,Chording,Improvisation & Songwriting,,
367572,quick-tips,3 Chords To Create Drama,https://admin.musora.com/admin#/content/pianote/367572,https://www.musora.com/pianote/quick-tips/3-chords-to-create-drama/367572,2022-08-15,improvisation,,,,,,,,,
367832,student-review,Smoothing Out A Melody - Sixty7Horse,https://admin.musora.com/admin#/content/pianote/367832,https://www.musora.com/pianote/student-reviews/student-review/367832,2022-08-12,Musicality,,Posture,Finger Strength,,,,,,
367832,student-review,Smoothing Out A Melody - Sixty7Horse,https://admin.musora.com/admin#/content/pianote/367832,https://www.musora.com/pianote/student-reviews/student-review/367832,2022-08-12,Musicality,,,,,,,,,
367833,student-review,Bringing A Piece To Performance Level - Ellinor E,https://admin.musora.com/admin#/content/pianote/367833,https://www.musora.com/pianote/student-reviews/student-review/367833,2022-08-12,Musicality,,Independence,Speed & Stamina,,,,,,
367833,student-review,Bringing A Piece To Performance Level - Ellinor E,https://admin.musora.com/admin#/content/pianote/367833,https://www.musora.com/pianote/student-reviews/student-review/367833,2022-08-12,Musicality,,,,,,,,,
367834,student-review,Voicing a Melody Line - Nitin78,https://admin.musora.com/admin#/content/pianote/367834,https://www.musora.com/pianote/student-reviews/student-review/367834,2022-08-12,Musicality,,Independence,Speed & Stamina,,,,,,
367835,student-review,Learning Fluency With Für Elise - Phil Ger,https://admin.musora.com/admin#/content/pianote/367835,https://www.musora.com/pianote/student-reviews/student-review/367835,2022-08-12,Musicality,Classical,Speed & Stamina,,,,,,,
367836,student-review,Phrasing Für Elise - DianaO,https://admin.musora.com/admin#/content/pianote/367836,https://www.musora.com/pianote/student-reviews/student-review/367836,2022-08-12,Musicality,Classical,Dynamics,,,,,,,
367831,student-review,Smooth Transitions - Bruce R,https://admin.musora.com/admin#/content/pianote/367831,https://www.musora.com/pianote/student-reviews/student-review/367831,2022-08-12,Musicality,,Arpeggios,Dynamics,,,,,,
367830,student-review,Proper Posture and Fluid Playing - ToluSolako,https://admin.musora.com/admin#/content/pianote/367830,https://www.musora.com/pianote/student-reviews/student-review/367830,2022-08-12,Posture,,Posture,,,,Improvisation & Songwriting,Riffs & Fills,,
367830,student-review,Proper Posture and Fluid Playing - ToluSolako,https://admin.musora.com/admin#/content/pianote/367830,https://www.musora.com/pianote/student-reviews/student-review/367830,2022-08-12,Posture,,,,,,,,,
367012,quick-tips,The Gospel Progression You Need To Know,https://admin.musora.com/admin#/content/pianote/367012,https://www.musora.com/pianote/quick-tips/the-gospel-progression-you-need-to-know/367012,2022-08-08,Chord Progression,Worship/Gospel,,,Chord & Scale Theory,,Chording,,,
367012,quick-tips,The Gospel Progression You Need To Know,https://admin.musora.com/admin#/content/pianote/367012,https://www.musora.com/pianote/quick-tips/the-gospel-progression-you-need-to-know/367012,2022-08-08,Styles,,,,,,,,,
366884,student-review,A Beginner Jazz Standard - Justikka,https://admin.musora.com/admin#/content/pianote/366884,https://www.musora.com/pianote/student-reviews/a-beginner-jazz-standard-justikka/366884,2022-08-05,Musicality,Jazz/Blues,,,Chord & Scale Theory,,,,,
366888,student-review,Building On Themes - Allison B,https://admin.musora.com/admin#/content/pianote/366888,https://www.musora.com/pianote/student-reviews/student-review/366888,2022-08-05,Musicality,,Independence,,,,,,,
366893,student-review,Bossa Nova Tips - HelenNZ,https://admin.musora.com/admin#/content/pianote/366893,https://www.musora.com/pianote/student-reviews/bossa-nova-tips-helennz/366893,2022-08-05,Musicality,Latin/World,,,Chord & Scale Theory,,,,,
366909,student-review,Adding Depth To A Song - Anja,https://admin.musora.com/admin#/content/pianote/366909,https://www.musora.com/pianote/student-reviews/adding-depth-to-a-song-anja/366909,2022-08-05,Musicality,,,,,,,,Practice Tips,
366930,student-review,Adding Dynamics - Debby,https://admin.musora.com/admin#/content/pianote/366930,https://www.musora.com/pianote/student-reviews/adding-dynamics-debby/366930,2022-08-05,Musicality,,Dynamics,,,,,,,
366925,student-review,Developing Expression With Dynamics - Wendy,https://admin.musora.com/admin#/content/pianote/366925,https://www.musora.com/pianote/student-reviews/developing-expression-with-dynamics-wendy/366925,2022-08-05,Musicality,,Dynamics,,,,,,Practice Tips,
366899,student-review,Arrangement Techniques - Junith,https://admin.musora.com/admin#/content/pianote/366899,https://www.musora.com/pianote/student-reviews/arrangement-techniques-junith/366899,2022-08-05,Musicality,,Independence,,Composition & Arranging,,,,,
366920,student-review,Finger Dexterity & Hand Posture - Neridak,https://admin.musora.com/admin#/content/pianote/366920,https://www.musora.com/pianote/student-reviews/finger-dexterity-hand-posture-neridak/366920,2022-08-05,Posture,,Posture,Finger Strength,,,,,,
366923,student-review,Keeping Your Tempo & Rhythm On Track - Dick Harbert,https://admin.musora.com/admin#/content/pianote/366923,https://www.musora.com/pianote/student-reviews/keeping-your-tempo-rhythm-on-track-dick-harbert/366923,2022-08-05,Rhythm,,,,Rhythm,,,,,
366916,student-review,Ragtime Techniques - Pajamaman,https://admin.musora.com/admin#/content/pianote/366916,https://www.musora.com/pianote/student-reviews/ragtime-techniques-pajamaman/366916,2022-08-05,Technique,,Dynamics,,Rhythm,,,,,
366912,student-review,Connecting Chords - Ely T,https://admin.musora.com/admin#/content/pianote/366912,https://www.musora.com/pianote/student-reviews/connecting-chords-ely-t/366912,2022-08-05,Technique,,,,Chord & Scale Theory,,,,,
366133,song-tutorial,Interstellar Piano Tutorial,https://admin.musora.com/admin#/content/pianote/366133,https://www.musora.com,2022-08-01,Movie Themes,Holiday/Soundtrack,,,,,,,Performance,
366158,quick-tips,Interstellar Piano Tutorial,https://admin.musora.com/admin#/content/pianote/366158,https://www.musora.com/pianote/quick-tips/interstellar-piano-tutorial/366158,2022-08-01,Soundtrack,,,,,,,,,
366235,student-review,Phrasing Fur Elise - Diana O,https://admin.musora.com/admin#/content/pianote/366235,https://www.musora.com/pianote/student-reviews/phrasing-fur-elise-diana-o/366235,2022-07-29,Musicality,Classical,Dynamics,,,,,,,
366229,student-review,Playing Hands Together - Grethel,https://admin.musora.com/admin#/content/pianote/366229,https://www.musora.com/pianote/student-reviews/playing-hands-together-grethel/366229,2022-07-29,Musicality,,Chords & Scales,,Chord & Scale Theory,,,,,
366224,student-review,Refining Hand Position and Dynamics - ILVA,https://admin.musora.com/admin#/content/pianote/366224,https://www.musora.com/pianote/student-reviews/refining-hand-position-and-dynamics-ilva/366224,2022-07-29,Musicality,,Dynamics,Posture,,,,,,
366203,student-review,Deciding When To Pedal - Blessel,https://admin.musora.com/admin#/content/pianote/366203,https://www.musora.com/pianote/student-reviews/deciding-when-to-pedal-blessel/366203,2022-07-29,Musicality,,Pedaling,Dynamics,,,,,,
366198,student-review,Creating Good Flow & Dealing With Stage Fright - Carbeach,https://admin.musora.com/admin#/content/pianote/366198,https://www.musora.com/pianote/student-reviews/creating-good-flow-dealing-with-stage-fright-carbeach/366198,2022-07-29,Musicality,,Independence,,,,,,Practice Tips,
366213,student-review,Working On Rhythm - Martinbell,https://admin.musora.com/admin#/content/pianote/366213,https://www.musora.com/pianote/student-reviews/working-on-rhythm-martinbell/366213,2022-07-29,Rhythm,,,,Rhythm,,,,,
366193,student-review,Rhythm & Dynamics With Proper Fingering - Melanie A,https://admin.musora.com/admin#/content/pianote/366193,https://www.musora.com/pianote/student-reviews/rhythm-dynamics-with-proper-fingering-melanie-a/366193,2022-07-29,Rhythm,,Dynamics,,Rhythm,,,,,
366183,student-review,Developing Gospel Techniques - Nursehearns,https://admin.musora.com/admin#/content/pianote/366183,https://www.musora.com/pianote/student-reviews/developing-gospel-techniques-nursehearns/366183,2022-07-29,Technique,Worship/Gospel,Chords & Scales,,,,Chording,,,
366179,student-review,How To Play Smooth - Jane In Kyoto,https://admin.musora.com/admin#/content/pianote/366179,https://www.musora.com/pianote/student-reviews/how-to-play-smooth-jane-in-kyoto/366179,2022-07-29,Technique,,Finger Strength,,,,,,Practice Tips,
365305,song-tutorial,Great Balls Of Fire - Tutorial,https://admin.musora.com/admin#/content/pianote/365305,https://www.musora.com,2022-07-25,Classics,Pop/Rock,,,,,,,Performance,
365556,song-tutorial-children,"Learn How To Play ""Great Balls Of Fire""",https://admin.musora.com/admin#/content/pianote/365556,https://www.musora.com/pianote/song-tutorials/great-balls-of-fire/365305/great-balls-of-fire/365556,2022-07-25,Classics,,,,,,,,,
365305,song-tutorial,Great Balls Of Fire - Tutorial,https://admin.musora.com/admin#/content/pianote/365305,https://www.musora.com,2022-07-25,Oldies,,,,,,,,,
365305,song-tutorial,Great Balls Of Fire - Tutorial,https://admin.musora.com/admin#/content/pianote/365305,https://www.musora.com,2022-07-25,Top Gun,,,,,,,,,
365556,song-tutorial-children,"Learn How To Play ""Great Balls Of Fire""",https://admin.musora.com/admin#/content/pianote/365556,https://www.musora.com/pianote/song-tutorials/great-balls-of-fire/365305/great-balls-of-fire/365556,2022-07-25,Top Gun,,,,,,,,,
365253,student-review,Diatonic Chords and Solo Piano - Hope player wannabe,https://admin.musora.com/admin#/content/pianote/365253,https://www.musora.com/pianote/student-reviews/student-review/365253,2022-07-22,Musicality,,Independence,,,Chord & Scale Theory,,Chording,,
365256,student-review,Fluid Playing - Justikka,https://admin.musora.com/admin#/content/pianote/365256,https://www.musora.com/pianote/student-reviews/student-review/365256,2022-07-22,Musicality,Classical,,Dynamics,,,,,,
365293,student-review,Adding Dynamics To Music - Justyna,https://admin.musora.com/admin#/content/pianote/365293,https://www.musora.com/pianote/student-reviews/adding-dynamics-to-music-justyna/365293,2022-07-22,Musicality,,,Dynamics,,,,,,
365257,student-review,Piano Accompaniment Techniques - moleintheground,https://admin.musora.com/admin#/content/pianote/365257,https://www.musora.com/pianote/student-reviews/student-review/365257,2022-07-22,Technique,,,Dynamics,,,,Riffs & Fills,,Practice Tips
365252,student-review,Developing LH Arpeggios - CasioDreamer,https://admin.musora.com/admin#/content/pianote/365252,https://www.musora.com/pianote/student-reviews/student-review/365252,2022-07-22,Technique,,,Arpeggios,,,,,,
364371,student-review,Gaining More Control - David Buechler,https://admin.musora.com/admin#/content/pianote/364371,https://www.musora.com/pianote/student-reviews/david-buechler/364371,2022-07-18,Musicality,,,Finger Strength,,,,,,Practice Tips
364371,student-review,Gaining More Control - David Buechler,https://admin.musora.com/admin#/content/pianote/364371,https://www.musora.com/pianote/student-reviews/david-buechler/364371,2022-07-18,Musicality,,,,,,,,,
364375,student-review,Practicing With A Metronome - Nicole,https://admin.musora.com/admin#/content/pianote/364375,https://www.musora.com/pianote/student-reviews/nicole/364375,2022-07-18,Rhythm,,,,,Rhythm,,,,
364365,student-review,Time Signature In Burlesque - Justyna,https://admin.musora.com/admin#/content/pianote/364365,https://www.musora.com/pianote/student-reviews/justyna/364365,2022-07-18,Rhythm,Jazz/Blues,,,,Rhythm,,,,
364378,quick-tips,Boogie Woogie 101,https://admin.musora.com/admin#/content/pianote/364378,https://www.musora.com/pianote/quick-tips/boogie-woogie-101/364378,2022-07-18,Styles,Jazz/Blues,,,,,,,,
364377,student-review,Improving Clarity While Playing - Jim,https://admin.musora.com/admin#/content/pianote/364377,https://www.musora.com/pianote/student-reviews/jim/364377,2022-07-18,Technique,,,Pedaling,,Key Signatures/Keys,,,,
364364,student-review,Finding Hand Independence - Terry,https://admin.musora.com/admin#/content/pianote/364364,https://www.musora.com/pianote/student-reviews/terry/364364,2022-07-18,Technique,,,Independence,,Rhythm,,,,
363801,quick-tips,Practice Routine In D Minor,https://admin.musora.com/admin#/content/pianote/363801,https://www.musora.com/pianote/quick-tips/practice-routine-in-d-minor/363801,2022-07-11,improvisation,,,Arpeggios,,Chord & Scale Theory,,,,
363801,quick-tips,Practice Routine In D Minor,https://admin.musora.com/admin#/content/pianote/363801,https://www.musora.com/pianote/quick-tips/practice-routine-in-d-minor/363801,2022-07-11,scales,,,,,,,,,
363801,quick-tips,Practice Routine In D Minor,https://admin.musora.com/admin#/content/pianote/363801,https://www.musora.com/pianote/quick-tips/practice-routine-in-d-minor/363801,2022-07-11,technique,,,,,,,,,
362706,quick-tips,What To Do When You Don't Feel Like Practicing,https://admin.musora.com/admin#/content/pianote/362706,https://www.musora.com/pianote/quick-tips/what-to-do-when-you-don-t-feel-like-practicing/362706,2022-07-04,Improvisation,,,,,,Improvisation & Songwriting,,,Practice Tips
362706,quick-tips,What To Do When You Don't Feel Like Practicing,https://admin.musora.com/admin#/content/pianote/362706,https://www.musora.com/pianote/quick-tips/what-to-do-when-you-don-t-feel-like-practicing/362706,2022-07-04,practice,,,,,,,,,
362213,quick-tips,Por Una Cabeza Performance,https://admin.musora.com/admin#/content/pianote/362213,https://www.musora.com/pianote/quick-tips/por-una-cabeza-performance/362213,2022-06-30,Performance,,,,,,,,,Performance
361669,quick-tips,How To Improvise A Beautiful Melody,https://admin.musora.com/admin#/content/pianote/361669,https://www.musora.com/pianote/quick-tips/how-to-improvise-a-beautiful-melody/361669,2022-06-27,Beautiful Piano,,,,,,Improvisation & Songwriting,Chording,,
361669,quick-tips,How To Improvise A Beautiful Melody,https://admin.musora.com/admin#/content/pianote/361669,https://www.musora.com/pianote/quick-tips/how-to-improvise-a-beautiful-melody/361669,2022-06-27,improvisation,,,,,,,,,
361163,quick-tips,3 Ways To Make Your Piano Playing Jazzy,https://admin.musora.com/admin#/content/pianote/361163,https://www.musora.com/pianote/quick-tips/3-ways-to-make-your-piano-playing-jazzy/361163,2022-06-20,Jazz & Blues,Jazz/Blues,,,,Chord & Scale Theory,,,,
360406,quick-tips,How To Play A Walking Bass Line,https://admin.musora.com/admin#/content/pianote/360406,https://www.musora.com/pianote/quick-tips/how-to-play-a-walking-bass-line/360406,2022-06-13,Jazz & Blues,Jazz/Blues,,Independence,,,,,,
359610,quick-tips,Tango Piano 101,https://admin.musora.com/admin#/content/pianote/359610,https://www.musora.com/pianote/quick-tips/tango-piano-101/359610,2022-06-06,Styles,Latin/World,,,,Rhythm,,Chording,,
358538,course,Expanding Your Musical Style,https://admin.musora.com/admin#/content/pianote/358538,https://www.musora.com/pianote/courses/expanding-your-musical-style/358538,2022-06-03,bossa nova,Latin/World,,,,,Improvisation & Songwriting,,,Practice Tips
358538,course,Expanding Your Musical Style,https://admin.musora.com/admin#/content/pianote/358538,https://www.musora.com/pianote/courses/expanding-your-musical-style/358538,2022-06-03,creativity,,,,,,,,,
358538,course,Expanding Your Musical Style,https://admin.musora.com/admin#/content/pianote/358538,https://www.musora.com/pianote/courses/expanding-your-musical-style/358538,2022-06-03,funk,,,,,,,,,
358538,course,Expanding Your Musical Style,https://admin.musora.com/admin#/content/pianote/358538,https://www.musora.com/pianote/courses/expanding-your-musical-style/358538,2022-06-03,improvisation,,,,,,,,,
358538,course,Expanding Your Musical Style,https://admin.musora.com/admin#/content/pianote/358538,https://www.musora.com/pianote/courses/expanding-your-musical-style/358538,2022-06-03,jazz,,,,,,,,,
358538,course,Expanding Your Musical Style,https://admin.musora.com/admin#/content/pianote/358538,https://www.musora.com/pianote/courses/expanding-your-musical-style/358538,2022-06-03,tango,,,,,,,,,
358367,song-tutorial,Fur Elise - Tutorial,https://admin.musora.com/admin#/content/pianote/358367,https://www.musora.com,2022-06-02,Classical,Classical,,,,,,,,Performance
358365,quick-tips,Für Elise In 6 Styles,https://admin.musora.com/admin#/content/pianote/358365,https://www.musora.com/pianote/quick-tips/fr-elise-in-6-styles/358365,2022-05-30,Performance,Classical,,,,,,,,Performance
357911,quick-tips,Jesús Molina's Speed Challenge,https://admin.musora.com/admin#/content/pianote/357911,https://www.musora.com/pianote/quick-tips/jesus-molina-s-speed-challenge/357911,2022-05-23,Performance,,,Speed & Stamina,,,,,,
356954,quick-tips,Jesús Molina's Epic Intros And Outros,https://admin.musora.com/admin#/content/pianote/356954,https://www.musora.com/pianote/quick-tips/jesus-molina-s-epic-intros-and-outros/356954,2022-05-16,Accompaniment,,,,,,Improvisation & Songwriting,,,Performance
356954,quick-tips,Jesús Molina's Epic Intros And Outros,https://admin.musora.com/admin#/content/pianote/356954,https://www.musora.com/pianote/quick-tips/jesus-molina-s-epic-intros-and-outros/356954,2022-05-16,Improvisation,,,,,,,,,
356353,quick-tips,How Harmony Works,https://admin.musora.com/admin#/content/pianote/356353,https://www.musora.com/pianote/quick-tips/how-harmony-works/356353,2022-05-09,chords,,,,,Chord & Scale Theory,,,,
356353,quick-tips,How Harmony Works,https://admin.musora.com/admin#/content/pianote/356353,https://www.musora.com/pianote/quick-tips/how-harmony-works/356353,2022-05-09,harmony,,,,,,,,,
355620,quick-tips,Summer Recital Announcement,https://admin.musora.com/admin#/content/pianote/355620,https://www.musora.com/pianote/quick-tips/summer-recital-announcement/355620,2022-05-02,Collaboration,,,,,,,,,Other
355612,quick-tips,How To Improvise With Jesús Molina,https://admin.musora.com/admin#/content/pianote/355612,https://www.musora.com/pianote/quick-tips/how-to-improvise-with-jess-molina/355612,2022-05-02,Improvisation,,,,,,Improvisation & Songwriting,,,Performance
355620,quick-tips,Summer Recital Announcement,https://admin.musora.com/admin#/content/pianote/355620,https://www.musora.com/pianote/quick-tips/summer-recital-announcement/355620,2022-05-02,Performance,,,,,,,,,Other
354975,pack,Improvisation And Musical Freedom,https://admin.musora.com/admin#/content/pianote/354975,https://www.musora.com/pianote/packs/improvisation-and-musical-freedom/354975,2022-05-01,Creativity,,,,,,Improvisation & Songwriting,,,
354975,pack,Improvisation And Musical Freedom,https://admin.musora.com/admin#/content/pianote/354975,https://www.musora.com/pianote/packs/improvisation-and-musical-freedom/354975,2022-05-01,Creativity,,,,,,,,,
354975,pack,Improvisation And Musical Freedom,https://admin.musora.com/admin#/content/pianote/354975,https://www.musora.com/pianote/packs/improvisation-and-musical-freedom/354975,2022-05-01,Jazz,,,,,,,,,
354975,pack,Improvisation And Musical Freedom,https://admin.musora.com/admin#/content/pianote/354975,https://www.musora.com/pianote/packs/improvisation-and-musical-freedom/354975,2022-05-01,Jazz,,,,,,,,,
354975,pack,Improvisation And Musical Freedom,https://admin.musora.com/admin#/content/pianote/354975,https://www.musora.com/pianote/packs/improvisation-and-musical-freedom/354975,2022-05-01,Solo,,,,,,,,,
354975,pack,Improvisation And Musical Freedom,https://admin.musora.com/admin#/content/pianote/354975,https://www.musora.com/pianote/packs/improvisation-and-musical-freedom/354975,2022-05-01,Solos,,,,,,,,,
355131,quick-tips,Billie Jean Performance,https://admin.musora.com/admin#/content/pianote/355131,https://www.musora.com/pianote/quick-tips/billie-jean-performance/355131,2022-04-29,Performance,Funk/Disco,,,,,,,,Performance
354687,quick-tips,The Most Musical Way To Practice Chords,https://admin.musora.com/admin#/content/pianote/354687,https://www.musora.com/pianote/quick-tips/the-most-musical-way-to-practice-chords/354687,2022-04-25,chords,,,,,Chord & Scale Theory,,Chording,,Practice Tips
354687,quick-tips,The Most Musical Way To Practice Chords,https://admin.musora.com/admin#/content/pianote/354687,https://www.musora.com/pianote/quick-tips/the-most-musical-way-to-practice-chords/354687,2022-04-25,Practice,,,,,,,,,
353569,song-tutorial,Walking In Memphis - Tutorial,https://admin.musora.com/admin#/content/pianote/353569,https://www.musora.com,2022-04-18,Lonestar,Pop/Rock,,,,,,,,Performance
353569,song-tutorial,Walking In Memphis - Tutorial,https://admin.musora.com/admin#/content/pianote/353569,https://www.musora.com,2022-04-18,Popular Music,,,,,,,,,
352968,quick-tips,Gospel 101,https://admin.musora.com/admin#/content/pianote/352968,https://www.musora.com/pianote/quick-tips/gospel-101/352968,2022-04-11,Styles,Worship/Gospel,,,,Chord & Scale Theory,,Chording,,Practice Tips
352592,quick-tips,Lose Yourself Performance,https://admin.musora.com/admin#/content/pianote/352592,https://www.musora.com/pianote/quick-tips/lose-yourself-performance/352592,2022-04-06,Performance,Hip-Hop/Rap/EDM,,,,,,,,Performance
352345,song-tutorial,Lose Yourself - Tutorial,https://admin.musora.com/admin#/content/pianote/352345,https://www.musora.com,2022-04-04,Hip Hop,Hip-Hop/Rap/EDM,,,,,,,,Practice Tips
352345,song-tutorial,Lose Yourself - Tutorial,https://admin.musora.com/admin#/content/pianote/352345,https://www.musora.com,2022-04-04,Pop Music,,,,,,,,,
351707,course,Erskine Hawkins Teaches Gospel Piano,https://admin.musora.com/admin#/content/pianote/351707,https://www.musora.com/pianote/courses/erskine-hawkins-teaches-gospel-piano/351707,2022-04-01,Blues,Worship/Gospel,,,,Chord & Scale Theory,,Chording,,Practice Tips
351707,course,Erskine Hawkins Teaches Gospel Piano,https://admin.musora.com/admin#/content/pianote/351707,https://www.musora.com/pianote/courses/erskine-hawkins-teaches-gospel-piano/351707,2022-04-01,Blues,,,,,,,,,
351707,course,Erskine Hawkins Teaches Gospel Piano,https://admin.musora.com/admin#/content/pianote/351707,https://www.musora.com/pianote/courses/erskine-hawkins-teaches-gospel-piano/351707,2022-04-01,Gospel,,,,,,,,,
351707,course,Erskine Hawkins Teaches Gospel Piano,https://admin.musora.com/admin#/content/pianote/351707,https://www.musora.com/pianote/courses/erskine-hawkins-teaches-gospel-piano/351707,2022-04-01,Gospel,,,,,,,,,
351707,course,Erskine Hawkins Teaches Gospel Piano,https://admin.musora.com/admin#/content/pianote/351707,https://www.musora.com/pianote/courses/erskine-hawkins-teaches-gospel-piano/351707,2022-04-01,Praise,,,,,,,,,
351707,course,Erskine Hawkins Teaches Gospel Piano,https://admin.musora.com/admin#/content/pianote/351707,https://www.musora.com/pianote/courses/erskine-hawkins-teaches-gospel-piano/351707,2022-04-01,Praise,,,,,,,,,
351707,course,Erskine Hawkins Teaches Gospel Piano,https://admin.musora.com/admin#/content/pianote/351707,https://www.musora.com/pianote/courses/erskine-hawkins-teaches-gospel-piano/351707,2022-04-01,Worship,,,,,,,,,
351707,course,Erskine Hawkins Teaches Gospel Piano,https://admin.musora.com/admin#/content/pianote/351707,https://www.musora.com/pianote/courses/erskine-hawkins-teaches-gospel-piano/351707,2022-04-01,Worship,,,,,,,,,
351016,quick-tips,Classical Piano Exercises,https://admin.musora.com/admin#/content/pianote/351016,https://www.musora.com/pianote/quick-tips/classical-piano-exercises/351016,2022-03-28,Arpeggios,Classical,,Arpeggios,,Chord & Scale Theory,,,,Practice Tips
351016,quick-tips,Classical Piano Exercises,https://admin.musora.com/admin#/content/pianote/351016,https://www.musora.com/pianote/quick-tips/classical-piano-exercises/351016,2022-03-28,Classical,,,,,,,,,
351016,quick-tips,Classical Piano Exercises,https://admin.musora.com/admin#/content/pianote/351016,https://www.musora.com/pianote/quick-tips/classical-piano-exercises/351016,2022-03-28,Scales,,,,,,,,,
351016,quick-tips,Classical Piano Exercises,https://admin.musora.com/admin#/content/pianote/351016,https://www.musora.com/pianote/quick-tips/classical-piano-exercises/351016,2022-03-28,Technique,,,,,,,,,
350243,quick-tips,Four Walls - Original Song Performance,https://admin.musora.com/admin#/content/pianote/350243,https://www.musora.com/pianote/quick-tips/four-walls-original-song-performance/350243,2022-03-22,Performance,Pop/Rock,,,,,,,,Performance
350239,quick-tips,Piano Players' Best kept Secret,https://admin.musora.com/admin#/content/pianote/350239,https://www.musora.com/pianote/quick-tips/piano-players-best-kept-secret/350239,2022-03-21,Chords,,,,,Chord & Scale Theory,,,,Practice Tips
350239,quick-tips,Piano Players' Best kept Secret,https://admin.musora.com/admin#/content/pianote/350239,https://www.musora.com/pianote/quick-tips/piano-players-best-kept-secret/350239,2022-03-21,Practice,,,,,,,,,
350239,quick-tips,Piano Players' Best kept Secret,https://admin.musora.com/admin#/content/pianote/350239,https://www.musora.com/pianote/quick-tips/piano-players-best-kept-secret/350239,2022-03-21,Technique,,,,,,,,,
349008,quick-tips,The Most Beautiful Piano Warm Ups,https://admin.musora.com/admin#/content/pianote/349008,https://www.musora.com/pianote/quick-tips/the-most-beautiful-piano-warm-ups/349008,2022-03-14,Beautiful Piano,,,Independence,,,,,,Practice Tips
349008,quick-tips,The Most Beautiful Piano Warm Ups,https://admin.musora.com/admin#/content/pianote/349008,https://www.musora.com/pianote/quick-tips/the-most-beautiful-piano-warm-ups/349008,2022-03-14,Practice,,,,,,,,,
349008,quick-tips,The Most Beautiful Piano Warm Ups,https://admin.musora.com/admin#/content/pianote/349008,https://www.musora.com/pianote/quick-tips/the-most-beautiful-piano-warm-ups/349008,2022-03-14,Technique,,,,,,,,,
348213,quick-tips,Gravity Performance,https://admin.musora.com/admin#/content/pianote/348213,https://www.musora.com/pianote/quick-tips/gravity-performance/348213,2022-03-07,Performance,Pop/Rock,,,,,,,,Performance
346329,quick-tips,Learn To Play Any Chord,https://admin.musora.com/admin#/content/pianote/346329,https://www.musora.com/pianote/quick-tips/learn-to-play-any-chord/346329,2022-02-28,Chords,,,,,Chord & Scale Theory,,Chording,,
346329,quick-tips,Learn To Play Any Chord,https://admin.musora.com/admin#/content/pianote/346329,https://www.musora.com/pianote/quick-tips/learn-to-play-any-chord/346329,2022-02-28,Theory,,,,,,,,,
345864,song-tutorial,"Amélie - ""Comptine d'un autre été : L'Après-Midi"" - Tutorial",https://admin.musora.com/admin#/content/pianote/345864,https://www.musora.com,2022-02-21,Instrumental,Holiday/Soundtrack,,,,,,,,Practice Tips
345864,song-tutorial,"Amélie - ""Comptine d'un autre été : L'Après-Midi"" - Tutorial",https://admin.musora.com/admin#/content/pianote/345864,https://www.musora.com,2022-02-21,soundtrack,,,,,,,,,
343616,quick-tips,5 Songs That Are Easy To Sing & Play On The Piano,https://admin.musora.com/admin#/content/pianote/343616,https://www.musora.com/pianote/quick-tips/5-songs-that-are-easy-to-sing-play-on-the-piano/343616,2022-02-14,Accompaniment,Pop/Rock,,,,,,Chording,,
343616,quick-tips,5 Songs That Are Easy To Sing & Play On The Piano,https://admin.musora.com/admin#/content/pianote/343616,https://www.musora.com/pianote/quick-tips/5-songs-that-are-easy-to-sing-play-on-the-piano/343616,2022-02-14,Songs,,,,,,,,,
342819,quick-tips,Piano Routine To Start Your Day,https://admin.musora.com/admin#/content/pianote/342819,https://www.musora.com/pianote/quick-tips/piano-routine-to-start-your-day/342819,2022-02-07,Practice,,,Arpeggios,,,,Chording,,Practice Tips
340723,quick-tips,Easy Piano Exercise For Playing With 2 Hands,https://admin.musora.com/admin#/content/pianote/340723,https://www.musora.com/pianote/quick-tips/easy-piano-exercise-for-playing-with-2-hands/340723,2022-01-31,Hand Independence,,,Independence,,Chord & Scale Theory,,,,Practice Tips
340723,quick-tips,Easy Piano Exercise For Playing With 2 Hands,https://admin.musora.com/admin#/content/pianote/340723,https://www.musora.com/pianote/quick-tips/easy-piano-exercise-for-playing-with-2-hands/340723,2022-01-31,Technique,,,,,,,,,
340219,course,Play Piano In 5 Days,https://admin.musora.com/admin#/content/pianote/340219,https://www.musora.com/pianote/courses/play-piano-in-5-days/340219,2022-01-28,Beginner,,,,,Chord & Scale Theory,,Chording,,
339425,quick-tips,Piano Target Practice,https://admin.musora.com/admin#/content/pianote/339425,https://www.musora.com/pianote/quick-tips/pianote-target-practice/339425,2022-01-24,Practice,,,Finger Strength,,,,,,Practice Tips
338950,quick-tips,Sound Amazing On The Piano In 5 Minutes Or Less,https://admin.musora.com/admin#/content/pianote/338950,https://www.musora.com/pianote/quick-tips/sound-amazing-on-the-piano-in-5-minutes-or-less/338950,2022-01-19,Chords,,,,,Chord & Scale Theory,,Chording,,
338950,quick-tips,Sound Amazing On The Piano In 5 Minutes Or Less,https://admin.musora.com/admin#/content/pianote/338950,https://www.musora.com/pianote/quick-tips/sound-amazing-on-the-piano-in-5-minutes-or-less/338950,2022-01-19,Fills & Riffs,,,,,,,,,
338095,quick-tips,Intermezzo Performance,https://admin.musora.com/admin#/content/pianote/338095,https://www.musora.com/pianote/quick-tips/intermezzo-performance/338095,2022-01-17,Performance,Classical,,,,,,,,Performance
334302,quick-tips,Beginners Guide to Classical Piano,https://admin.musora.com/admin#/content/pianote/334302,https://www.musora.com/pianote/quick-tips/victoria-theodore-teaches-classical-piano/334302,2022-01-10,Classical,Classical,,Arpeggios,,Chord & Scale Theory,,,,Practice Tips
334302,quick-tips,Beginners Guide to Classical Piano,https://admin.musora.com/admin#/content/pianote/334302,https://www.musora.com/pianote/quick-tips/victoria-theodore-teaches-classical-piano/334302,2022-01-10,Technique,,,,,,,,,
336353,quick-tips,Für Elise Performance,https://admin.musora.com/admin#/content/pianote/336353,https://www.musora.com/pianote/quick-tips/fr-elise-performance/336353,2022-01-05,Performance,Classical,,,,,,,,Performance
336152,quick-tips,Play Your First Song (With 4 Chords),https://admin.musora.com/admin#/content/pianote/336152,https://www.musora.com/pianote/quick-tips/play-your-first-song-with-4-chords/336152,2022-01-03,Chord Progression,Pop/Rock,,,,Chord & Scale Theory,,Chording,,
334298,quick-tips,Want To Learn The Piano? Start Here,https://admin.musora.com/admin#/content/pianote/334298,https://www.musora.com/pianote/quick-tips/want-to-learn-the-piano-start-here/334298,2021-12-27,Chords,,,,,,,,,Practice Tips
334298,quick-tips,Want To Learn The Piano? Start Here,https://admin.musora.com/admin#/content/pianote/334298,https://www.musora.com/pianote/quick-tips/want-to-learn-the-piano-start-here/334298,2021-12-27,Practice,,,,,,,,,
333333,song-tutorial,"How to play ""Halo"" by Beyoncé - Tutorial",https://admin.musora.com/admin#/content/pianote/333333,https://www.musora.com,2021-12-22,Pop,Pop/Rock,,,,,,Chording,,
333101,song-tutorial,Silent Night - Tutorial,https://admin.musora.com/admin#/content/pianote/333101,https://www.musora.com,2021-12-20,Christmas Carols,Holiday/Soundtrack,,,,,,,,
332457,quick-tips,Beginner Pianist Practice Routine,https://admin.musora.com/admin#/content/pianote/332457,https://www.musora.com/pianote/quick-tips/beginner-pianist-practice-routine/332457,2021-12-15,Practice,,,Arpeggios,,Chord & Scale Theory,,,,Practice Tips
332163,quick-tips,Emotional Piano Improv For Beginners,https://admin.musora.com/admin#/content/pianote/332163,https://www.musora.com/pianote/quick-tips/emotional-piano-improv-for-beginners/332163,2021-12-13,Improvisation,,,,,,Improvisation & Songwriting,,,
330847,quick-tips,The Top 10 Keyboard Riffs Of The 80s,https://admin.musora.com/admin#/content/pianote/330847,https://www.musora.com/pianote/quick-tips/the-top-10-keyboard-riffs-of-the-80s/330847,2021-12-06,Fills & Riffs,Pop/Rock,,,,,,Riffs & Fills,,
330847,quick-tips,The Top 10 Keyboard Riffs Of The 80s,https://admin.musora.com/admin#/content/pianote/330847,https://www.musora.com/pianote/quick-tips/the-top-10-keyboard-riffs-of-the-80s/330847,2021-12-06,Styles,,,,,,,,,
329098,quick-tips,How To Play A Dramatic Melody,https://admin.musora.com/admin#/content/pianote/329098,https://www.musora.com/pianote/quick-tips/how-to-play-a-dramatic-melody/329098,2021-11-29,Dynamics,,,Dynamics,,,,,,
329098,quick-tips,How To Play A Dramatic Melody,https://admin.musora.com/admin#/content/pianote/329098,https://www.musora.com/pianote/quick-tips/how-to-play-a-dramatic-melody/329098,2021-11-29,Technique,,,,,,,,,
328416,quick-tips,You've Never Heard Arpeggios Like This Before,https://admin.musora.com/admin#/content/pianote/328416,https://www.musora.com/pianote/quick-tips/you-ve-never-heard-arpeggios-like-this-before/328416,2021-11-22,Arpeggios,,,Arpeggios,,,,,,
325850,quick-tips,"The Weeknd - ""Save Your Tears"" (Cover)",https://admin.musora.com/admin#/content/pianote/325850,https://www.musora.com/pianote/quick-tips/the-weeknd-save-your-tears-cover/325850,2021-11-15,Performance,Latin/World,,,,,,,,Performance
325850,quick-tips,"The Weeknd - ""Save Your Tears"" (Cover)",https://admin.musora.com/admin#/content/pianote/325850,https://www.musora.com/pianote/quick-tips/the-weeknd-save-your-tears-cover/325850,2021-11-15,Styles,,,,,,,,,
325795,song-tutorial,River Flows In You - Tutorial,https://admin.musora.com/admin#/content/pianote/325795,https://www.musora.com,2021-11-08,Performance,Pop/Rock,,,,,,,,Practice Tips
324391,quick-tips,How To Play The Most Popular Latin Piano Progression,https://admin.musora.com/admin#/content/pianote/324391,https://www.musora.com/pianote/quick-tips/how-to-play-the-most-popular-latin-piano-progression/324391,2021-11-03,Styles,Latin/World,,,,,,Chording,,
325238,quick-tips,Winter Recital Announcement,https://admin.musora.com/admin#/content/pianote/325238,https://www.musora.com/pianote/quick-tips/winter-recital-announcement/325238,2021-11-01,Collaboration,,,,,,,,,Other
324389,course,Latin Piano Essentials,https://admin.musora.com/admin#/content/pianote/324389,https://www.musora.com/pianote/courses/latin-piano-essentials/324389,2021-11-01,Latin Jazz,Latin/World,,,,,,,,
324389,course,Latin Piano Essentials,https://admin.musora.com/admin#/content/pianote/324389,https://www.musora.com/pianote/courses/latin-piano-essentials/324389,2021-11-01,Latin Jazz,,,,,,,,,
325238,quick-tips,Winter Recital Announcement,https://admin.musora.com/admin#/content/pianote/325238,https://www.musora.com/pianote/quick-tips/winter-recital-announcement/325238,2021-11-01,Performance,,,,,,,,,Other
324246,quick-tips,Which Classical Piece Should You Learn First?,https://admin.musora.com/admin#/content/pianote/324246,https://www.musora.com/pianote/quick-tips/which-classical-piece-should-you-learn-first/324246,2021-10-25,classical,Classical,,,,,,,,
323301,quick-tips,Teaching A Classical Pianist To Improvise,https://admin.musora.com/admin#/content/pianote/323301,https://www.musora.com/pianote/quick-tips/teaching-a-classical-pianist-to-improvise/323301,2021-10-20,Classical,Classical,,,,,Improvisation & Songwriting,,,
323301,quick-tips,Teaching A Classical Pianist To Improvise,https://admin.musora.com/admin#/content/pianote/323301,https://www.musora.com/pianote/quick-tips/teaching-a-classical-pianist-to-improvise/323301,2021-10-20,Improvisation,,,,,,,,,
323301,quick-tips,Teaching A Classical Pianist To Improvise,https://admin.musora.com/admin#/content/pianote/323301,https://www.musora.com/pianote/quick-tips/teaching-a-classical-pianist-to-improvise/323301,2021-10-20,Musicality,,,,,,,,,
323481,song-tutorial,Easy On Me - Tutorial,https://admin.musora.com/admin#/content/pianote/323481,https://www.musora.com,2021-10-18,Musicality,Pop/Rock,,,,,,,,
323481,song-tutorial,Easy On Me - Tutorial,https://admin.musora.com/admin#/content/pianote/323481,https://www.musora.com,2021-10-18,Pop,,,,,,,,,
322525,quick-tips,You’ve Never Heard Twinkle Twinkle Little Star Like This,https://admin.musora.com/admin#/content/pianote/322525,https://www.musora.com/pianote/quick-tips/you-ve-never-heard-twinkle-twinkle-little-star-like-this/322525,2021-10-11,Chord Progression,,,,,Chord & Scale Theory,,Chording,,
322525,quick-tips,You’ve Never Heard Twinkle Twinkle Little Star Like This,https://admin.musora.com/admin#/content/pianote/322525,https://www.musora.com/pianote/quick-tips/you-ve-never-heard-twinkle-twinkle-little-star-like-this/322525,2021-10-11,Technique,,,,,,,,,
320720,song-tutorial,Clair De Lune (Easy Version) - Tutorial,https://admin.musora.com/admin#/content/pianote/320720,https://www.musora.com,2021-10-04,Classical,Classical,,,,,,,,
320024,quick-tips,The Dumbest Music Theory,https://admin.musora.com/admin#/content/pianote/320024,https://www.musora.com/pianote/quick-tips/the-dumbest-music-theory/320024,2021-09-27,theory,,,,,Chord & Scale Theory,,,,
320022,quick-tips,"Olivia Rodrigo - ""Good 4 U"" (Latin Cover)",https://admin.musora.com/admin#/content/pianote/320022,https://www.musora.com/pianote/quick-tips/the-most-popular-latin-piano-progression/320022,2021-09-22,Performance,Latin/World,,,,,,,,Performance
320022,quick-tips,"Olivia Rodrigo - ""Good 4 U"" (Latin Cover)",https://admin.musora.com/admin#/content/pianote/320022,https://www.musora.com/pianote/quick-tips/the-most-popular-latin-piano-progression/320022,2021-09-22,Styles,,,,,,,,,
316326,quick-tips,Don't Be Afraid To Solo,https://admin.musora.com/admin#/content/pianote/316326,https://www.musora.com/pianote/quick-tips/don-t-be-afraid-to-solo/316326,2021-09-13,Musicality,,,Independence,,Chord & Scale Theory,,,,
316326,quick-tips,Don't Be Afraid To Solo,https://admin.musora.com/admin#/content/pianote/316326,https://www.musora.com/pianote/quick-tips/don-t-be-afraid-to-solo/316326,2021-09-13,Theory,,,,,,,,,
316048,quick-tips,Why Are There 3 Pedals?,https://admin.musora.com/admin#/content/pianote/316048,https://www.musora.com/pianote/quick-tips/the-three-pedals-explained/316048,2021-09-06,Practice,,,Pedaling,,,,,,
316048,quick-tips,Why Are There 3 Pedals?,https://admin.musora.com/admin#/content/pianote/316048,https://www.musora.com/pianote/quick-tips/the-three-pedals-explained/316048,2021-09-06,Technique,,,,,,,,,
316047,quick-tips,Major Songs In A Minor Key,https://admin.musora.com/admin#/content/pianote/316047,https://www.musora.com/pianote/quick-tips/major-songs-in-a-minor-key/316047,2021-08-30,Musicality,,,,,Key Signatures/Keys,,,,
316047,quick-tips,Major Songs In A Minor Key,https://admin.musora.com/admin#/content/pianote/316047,https://www.musora.com/pianote/quick-tips/major-songs-in-a-minor-key/316047,2021-08-30,Styles,,,,,,,,,
314585,quick-tips,There Are Only 3 Diminished Chords,https://admin.musora.com/admin#/content/pianote/314585,https://www.musora.com/pianote/quick-tips/there-are-only-3-diminished-chords/314585,2021-08-27,Chords,,,,,Chord & Scale Theory,,Chording,,
314585,quick-tips,There Are Only 3 Diminished Chords,https://admin.musora.com/admin#/content/pianote/314585,https://www.musora.com/pianote/quick-tips/there-are-only-3-diminished-chords/314585,2021-08-27,Theory,,,,,,,,,
316034,quick-tips,Why We Love Chords,https://admin.musora.com/admin#/content/pianote/316034,https://www.musora.com/pianote/quick-tips/why-we-love-chords/316034,2021-08-23,Chords,,,,,Chord & Scale Theory,,Chording,,
316034,quick-tips,Why We Love Chords,https://admin.musora.com/admin#/content/pianote/316034,https://www.musora.com/pianote/quick-tips/why-we-love-chords/316034,2021-08-23,Theory,,,,,,,,,
314584,quick-tips,I Played A Piano That Cost More Than A House,https://admin.musora.com/admin#/content/pianote/314584,https://www.musora.com/pianote/quick-tips/i-played-a-piano-that-cost-more-than-a-house/314584,2021-08-16,Beautiful Piano,,,,,,,,,Gigging Tips & Gear
314153,quick-tips,Little Things That Make A Big Difference In Your Playing,https://admin.musora.com/admin#/content/pianote/314153,https://www.musora.com/pianote/quick-tips/little-things/314153,2021-08-09,Chord Progression,,,,,Chord & Scale Theory,,Chording,,
311843,quick-tips,5 Days To Better Hand Independence,https://admin.musora.com/admin#/content/pianote/311843,https://www.musora.com/pianote/quick-tips/5-days-to-better-hand-independence/311843,2021-07-26,Hand Independence,,,Independence,,,,,,
311843,quick-tips,5 Days To Better Hand Independence,https://admin.musora.com/admin#/content/pianote/311843,https://www.musora.com/pianote/quick-tips/5-days-to-better-hand-independence/311843,2021-07-26,Technique,,,,,,,,,
310451,quick-tips,How To Sing & Play Piano (At The Same Time),https://admin.musora.com/admin#/content/pianote/310451,https://www.musora.com/pianote/quick-tips/how-to-sing-play-piano-at-the-same-time/310451,2021-07-19,Chord Progression,,,,,,,Chording,,
310086,quick-tips,Cocktail Piano 101,https://admin.musora.com/admin#/content/pianote/310086,https://www.musora.com/pianote/quick-tips/cocktail-piano-101/310086,2021-07-12,improvisation,,,,,,Improvisation & Songwriting,Chording,,
310086,quick-tips,Cocktail Piano 101,https://admin.musora.com/admin#/content/pianote/310086,https://www.musora.com/pianote/quick-tips/cocktail-piano-101/310086,2021-07-12,Styles,,,,,,,,,
308504,quick-tips,3 Beautiful Melodies That Anyone Can Play,https://admin.musora.com/admin#/content/pianote/308504,https://www.musora.com/pianote/quick-tips/3-beautiful-melodies-that-anyone-can-play/308504,2021-07-05,Beautiful Piano,,,,,,,,,Practice Tips
307130,quick-tips,Piano Technique Made Easy,https://admin.musora.com/admin#/content/pianote/307130,https://www.musora.com/pianote/quick-tips/piano-technique-made-easy/307130,2021-06-28,Practice,,,Arpeggios,Key Signatures/Keys,Chord & Scale Theory,,Chording,,Practice Tips
307130,quick-tips,Piano Technique Made Easy,https://admin.musora.com/admin#/content/pianote/307130,https://www.musora.com/pianote/quick-tips/piano-technique-made-easy/307130,2021-06-28,Technique,,,,,,,,,
306278,quick-tips,Chord Progressions That Move You,https://admin.musora.com/admin#/content/pianote/306278,https://www.musora.com/pianote/quick-tips/chord-progressions-that-move-you/306278,2021-06-14,Chord Progression,,,,Chord & Scale Theory,,Chording,,,
304613,quick-tips,Guitar Riffs That Sound Better On The Piano,https://admin.musora.com/admin#/content/pianote/304613,https://www.musora.com/pianote/quick-tips/guitar-riffs-that-sound-better-on-the-piano/304613,2021-06-07,Fills & Riffs,Pop/Rock,,,,,Riffs & Fills,,,
304611,quick-tips,Pianote Summer Recitals Announcement,https://admin.musora.com/admin#/content/pianote/304611,https://www.musora.com/pianote/quick-tips/pianote-summer-recitals-announcement/304611,2021-06-04,Collaboration,,,,,,,,Other,
304611,quick-tips,Pianote Summer Recitals Announcement,https://admin.musora.com/admin#/content/pianote/304611,https://www.musora.com/pianote/quick-tips/pianote-summer-recitals-announcement/304611,2021-06-04,Performance,,,,,,,,,
304556,quick-tips,Riffs And Fills Made Easy,https://admin.musora.com/admin#/content/pianote/304556,https://www.musora.com/pianote/quick-tips/riffs-and-fills-made-easy/304556,2021-05-31,Fills & Riffs,,,,,Rhythm,Riffs & Fills,,,
303219,quick-tips,Piano Theory That is Actually Useful,https://admin.musora.com/admin#/content/pianote/303219,https://www.musora.com/pianote/quick-tips/piano-theory-that-is-actually-useful/303219,2021-05-24,Theory,,,,Chord & Scale Theory,Chord & Scale Theory,,,,
303212,quick-tips,Stuck? Practice This!,https://admin.musora.com/admin#/content/pianote/303212,https://www.musora.com/pianote/quick-tips/dont-know-what-to-practice-practice-this/303212,2021-05-17,Practice,,Chords & Scales,,Chord & Scale Theory,Chord & Scale Theory,Chording,,,
301381,quick-tips,Chord Shortcuts To Make You Sound Amazing,https://admin.musora.com/admin#/content/pianote/301381,https://www.musora.com/pianote/quick-tips/chord-shortcuts/301381,2021-05-10,Chords,,,,Chord & Scale Theory,,Chording,,,
302056,quick-tips,Star Wars Piano Duel,https://admin.musora.com/admin#/content/pianote/302056,https://www.musora.com/pianote/quick-tips/star-wars-battle/302056,2021-05-04,Performance,,,,,,,,,Performance
300598,quick-tips,Calming Keys - How The Piano Can Help You Feel GOOD.,https://admin.musora.com/admin#/content/pianote/300598,https://www.musora.com/pianote/quick-tips/calming-keys-how-the-piano-can-help-you-feel-good/300598,2021-05-03,Beautiful Piano,,,,,,,,Practice Tips,
300598,quick-tips,Calming Keys - How The Piano Can Help You Feel GOOD.,https://admin.musora.com/admin#/content/pianote/300598,https://www.musora.com/pianote/quick-tips/calming-keys-how-the-piano-can-help-you-feel-good/300598,2021-05-03,Musicality,,,,,,,,,
300613,boot-camps,Complete Practice Routine In F Major,https://admin.musora.com/admin#/content/pianote/300613,https://www.musora.com/pianote/boot-camps/complete-practice-routine-in-f-major/300613,2021-04-26,Practice,,,,Chord & Scale Theory,,Improvisation & Songwriting,,Practice Tips,
300613,boot-camps,Complete Practice Routine In F Major,https://admin.musora.com/admin#/content/pianote/300613,https://www.musora.com/pianote/boot-camps/complete-practice-routine-in-f-major/300613,2021-04-26,Scales,,,,,,,,,
299210,quick-tips,The Most Important Exercises For Piano Players,https://admin.musora.com/admin#/content/pianote/299210,https://www.musora.com/pianote/quick-tips/the-most-important-exercises-for-piano-players/299210,2021-04-19,Dynamics,,Independence,Speed & Stamina,,,,,,
299210,quick-tips,The Most Important Exercises For Piano Players,https://admin.musora.com/admin#/content/pianote/299210,https://www.musora.com/pianote/quick-tips/the-most-important-exercises-for-piano-players/299210,2021-04-19,Practice,,,,,,,,,
299210,quick-tips,The Most Important Exercises For Piano Players,https://admin.musora.com/admin#/content/pianote/299210,https://www.musora.com/pianote/quick-tips/the-most-important-exercises-for-piano-players/299210,2021-04-19,Technique,,,,,,,,,
299066,quick-tips,How To Upload Your Video To YouTube,https://admin.musora.com/admin#/content/pianote/299066,https://www.musora.com/pianote/quick-tips/how-to-upload-your-video-to-youtube/299066,2021-04-13,Collaboration,,,,,,,,Gigging Tips & Gear,
298764,song-tutorial,Always Remember Us This Way - Tutorial,https://admin.musora.com/admin#/content/pianote/298764,https://www.musora.com,2021-04-12,All,Pop/Rock,,,,,,,,
297620,quick-tips,Piano Speed Exercises To Make Your Fingers Fly,https://admin.musora.com/admin#/content/pianote/297620,https://www.musora.com/pianote/quick-tips/piano-speed-exercises-to-make-your-fingers-fly/297620,2021-04-05,Practice,,Speed & Stamina,Finger Strength,,,Chording,,Practice Tips,
297620,quick-tips,Piano Speed Exercises To Make Your Fingers Fly,https://admin.musora.com/admin#/content/pianote/297620,https://www.musora.com/pianote/quick-tips/piano-speed-exercises-to-make-your-fingers-fly/297620,2021-04-05,Technique,,,,,,,,,
295600,quick-tips,5 Best Piano Lessons Ever,https://admin.musora.com/admin#/content/pianote/295600,https://www.musora.com/pianote/quick-tips/5-best-piano-lessons-ever/295600,2021-03-29,Practice,,Speed & Stamina,,Chord & Scale Theory,,,,Practice Tips,
292408,quick-tips,Easy Classical Songs That Make You Sound Like A Pro,https://admin.musora.com/admin#/content/pianote/292408,https://www.musora.com/pianote/quick-tips/easy-classical-songs-that-make-you-sound-like-a-pro/292408,2021-03-22,Classical,Classical,,,,,,,,
292407,quick-tips,Creative-Piano Challenge,https://admin.musora.com/admin#/content/pianote/292407,https://www.musora.com/pianote/quick-tips/creative-piano-challenge/292407,2021-03-15,Improvisation,,,,Chord & Scale Theory,,Chording,Improvisation & Songwriting,,
292405,boot-camps,Beautiful Arpeggio Patterns Bootcamp,https://admin.musora.com/admin#/content/pianote/292405,https://www.musora.com/pianote/boot-camps/beautiful-arpeggio-patterns-boot-camp/292405,2021-03-01,Hand Independence,,Arpeggios,Independence,,,,,,
292405,boot-camps,Beautiful Arpeggio Patterns Bootcamp,https://admin.musora.com/admin#/content/pianote/292405,https://www.musora.com/pianote/boot-camps/beautiful-arpeggio-patterns-boot-camp/292405,2021-03-01,Technique,,,,,,,,,
289241,song-tutorial,Music Box Dancer - Tutorial,https://admin.musora.com/admin#/content/pianote/289241,https://www.musora.com,2021-02-22,All,Pop/Rock,,,,,,,,
289239,quick-tips,Building Beautiful Melodies,https://admin.musora.com/admin#/content/pianote/289239,https://www.musora.com/pianote/quick-tips/building-beautiful-melodies/289239,2021-02-09,Beautiful Piano,,,,Chord & Scale Theory,Rhythm,Chording,,,
289239,quick-tips,Building Beautiful Melodies,https://admin.musora.com/admin#/content/pianote/289239,https://www.musora.com/pianote/quick-tips/building-beautiful-melodies/289239,2021-02-09,Improvisation,,,,,,,,,
286543,quick-tips,One Chord - A Billion Sounds,https://admin.musora.com/admin#/content/pianote/286543,https://www.musora.com/pianote/quick-tips/one-chord-a-billion-sounds/286543,2021-02-08,Chords,,,,Chord & Scale Theory,,Chording,Improvisation & Songwriting,,
286543,quick-tips,One Chord - A Billion Sounds,https://admin.musora.com/admin#/content/pianote/286543,https://www.musora.com/pianote/quick-tips/one-chord-a-billion-sounds/286543,2021-02-08,Improvisation,,,,,,,,,
286543,quick-tips,One Chord - A Billion Sounds,https://admin.musora.com/admin#/content/pianote/286543,https://www.musora.com/pianote/quick-tips/one-chord-a-billion-sounds/286543,2021-02-08,Musicality,,,,,,,,,
286537,quick-tips,The Instant Pianist,https://admin.musora.com/admin#/content/pianote/286537,https://www.musora.com/pianote/quick-tips/the-instant-pianist/286537,2021-02-01,Chord Progression,Pop/Rock,,,Chord & Scale Theory,,Chording,,,
286537,quick-tips,The Instant Pianist,https://admin.musora.com/admin#/content/pianote/286537,https://www.musora.com/pianote/quick-tips/the-instant-pianist/286537,2021-02-01,Chords,,,,,,,,,
283680,quick-tips,4 More Songs That Are Perfect For Beginners,https://admin.musora.com/admin#/content/pianote/283680,https://www.musora.com/pianote/quick-tips/4-more-songs-that-are-perfect-for-beginners/283680,2021-01-25,Songs,Pop/Rock,,,,,Chording,,,
279825,quick-tips,Beautiful And Romantic Piano Sounds For Beginners,https://admin.musora.com/admin#/content/pianote/279825,https://www.musora.com/pianote/quick-tips/the-best-way-to-learn-the-piano-online/279825,2021-01-18,Beautiful Piano,,Independence,,Rhythm,Chord & Scale Theory,,,,
279825,quick-tips,Beautiful And Romantic Piano Sounds For Beginners,https://admin.musora.com/admin#/content/pianote/279825,https://www.musora.com/pianote/quick-tips/the-best-way-to-learn-the-piano-online/279825,2021-01-18,Musicality,,,,,,,,,
283673,song-tutorial,The Entertainer - Tutorial,https://admin.musora.com/admin#/content/pianote/283673,https://www.musora.com,2021-01-11,Musicality,Classical,,,,,,,,
279826,song-tutorial,Somewhere Over The Rainbow - Tutorial,https://admin.musora.com/admin#/content/pianote/279826,https://www.musora.com,2021-01-04,Musicality,Holiday/Soundtrack,,,,,,,,
279826,song-tutorial,Somewhere Over The Rainbow - Tutorial,https://admin.musora.com/admin#/content/pianote/279826,https://www.musora.com,2021-01-04,Styles,,,,,,,,,
279823,quick-tips,7 Days To Playing The Piano,https://admin.musora.com/admin#/content/pianote/279823,https://www.musora.com/pianote/quick-tips/7-days-to-playing-the-piano/279823,2020-12-29,Musicality,,Independence,Chords & Scales,,Chord & Scale Theory,,,,
279822,quick-tips,5 Things I Wish I'd Known Before I Started Learning The Piano,https://admin.musora.com/admin#/content/pianote/279822,https://www.musora.com/pianote/quick-tips/5-things-i-wish-i-d-known-before-i-started-learning-the-piano/279822,2020-12-21,Musicality,,Independence,,,,Chording,,Practice Tips,Gigging Tips & Gear
279822,quick-tips,5 Things I Wish I'd Known Before I Started Learning The Piano,https://admin.musora.com/admin#/content/pianote/279822,https://www.musora.com/pianote/quick-tips/5-things-i-wish-i-d-known-before-i-started-learning-the-piano/279822,2020-12-21,Practice,,,,,,,,,
278513,quick-tips,3 Classical Songs That Are Perfect For Beginners,https://admin.musora.com/admin#/content/pianote/278513,https://www.musora.com/pianote/quick-tips/3-classical-songs-that-are-perfect-for-beginners/278513,2020-12-14,Classical,Classical,,,,,,,,
278510,song-tutorial,Let It Snow! Let It Snow! Let It Snow! - Tutorial,https://admin.musora.com/admin#/content/pianote/278510,https://www.musora.com,2020-12-11,Christmas,Holiday/Soundtrack,,,,,,,,
278797,quick-tips,How To Read Notes Part 2,https://admin.musora.com/admin#/content/pianote/278797,https://www.musora.com/pianote/quick-tips/how-to-read-notes-2/278797,2020-12-09,Theory,,,,Key Signatures/Keys,Chord & Scale Theory,,,Practice Tips,
277907,song-tutorial,I'll Be Home For Christmas - Tutorial,https://admin.musora.com/admin#/content/pianote/277907,https://www.musora.com,2020-12-04,Christmas,Holiday/Soundtrack,,,,,,,,
275888,quick-tips,Three Things To Start Practicing Right Now,https://admin.musora.com/admin#/content/pianote/275888,https://www.musora.com/pianote/quick-tips/three-things-to-start-practicing-right-now/275888,2020-12-04,Musicality,,,,Chord & Scale Theory,,Riffs & Fills,Chording,Practice Tips,
275888,quick-tips,Three Things To Start Practicing Right Now,https://admin.musora.com/admin#/content/pianote/275888,https://www.musora.com/pianote/quick-tips/three-things-to-start-practicing-right-now/275888,2020-12-04,Practice,,,,,,,,,
275881,quick-tips,10 Piano-Player Problems And How To Solve Them,https://admin.musora.com/admin#/content/pianote/275881,https://www.musora.com/pianote/quick-tips/10-piano-player-problems-and-how-to-solve-them/275881,2020-11-28,Musicality,,Independence,Finger Strength,Chord & Scale Theory,,,,,
275879,song-tutorial,Gymnopédie No. 1 (Simplified Version) - Tutorial,https://admin.musora.com/admin#/content/pianote/275879,https://www.musora.com,2020-11-23,Classical,Classical,,,,,,,,
264116,song-tutorial,Stairway To Heaven - Tutorial,https://admin.musora.com/admin#/content/pianote/264116,https://www.musora.com,2020-11-16,pop,Pop/Rock,,,,,,,,
264116,song-tutorial,Stairway To Heaven - Tutorial,https://admin.musora.com/admin#/content/pianote/264116,https://www.musora.com,2020-11-16,rock,,,,,,,,,
274291,quick-tips,Can You Play This Rhythm?,https://admin.musora.com/admin#/content/pianote/274291,https://www.musora.com/pianote/quick-tips/can-you-play-this-rhythm/274291,2020-11-11,Hand Independence,,Independence,,Rhythm,,,,,
274290,quick-tips,One Simple Riff That Sounds Amazing,https://admin.musora.com/admin#/content/pianote/274290,https://www.musora.com/pianote/quick-tips/one-simple-riff-that-sounds-amazing/274290,2020-11-09,Fills & Riffs,,,,,,Riffs & Fills,,,
274290,quick-tips,One Simple Riff That Sounds Amazing,https://admin.musora.com/admin#/content/pianote/274290,https://www.musora.com/pianote/quick-tips/one-simple-riff-that-sounds-amazing/274290,2020-11-09,Improvisation,,,,,,,,,
273805,quick-tips,10 Levels Of The 12-Bar Blues,https://admin.musora.com/admin#/content/pianote/273805,https://www.musora.com/pianote/quick-tips/10-levels-of-the-12-bar-blues/273805,2020-11-04,Jazz & Blues,Jazz/Blues,,,,Rhythm,Chording,,,
273805,quick-tips,10 Levels Of The 12-Bar Blues,https://admin.musora.com/admin#/content/pianote/273805,https://www.musora.com/pianote/quick-tips/10-levels-of-the-12-bar-blues/273805,2020-11-04,Styles,,,,,,,,,
273279,quick-tips,The Easiest Way To Play Beautiful Piano Music,https://admin.musora.com/admin#/content/pianote/273279,https://www.musora.com/pianote/quick-tips/you-can-play-a-solo-three-foolproof-piano-solo-tricks/273279,2020-11-02,Beautiful Piano,,,,,Chord & Scale Theory,Chording,Improvisation & Songwriting,,
273279,quick-tips,The Easiest Way To Play Beautiful Piano Music,https://admin.musora.com/admin#/content/pianote/273279,https://www.musora.com/pianote/quick-tips/you-can-play-a-solo-three-foolproof-piano-solo-tricks/273279,2020-11-02,Improvisation,,,,,,,,,
273279,quick-tips,The Easiest Way To Play Beautiful Piano Music,https://admin.musora.com/admin#/content/pianote/273279,https://www.musora.com/pianote/quick-tips/you-can-play-a-solo-three-foolproof-piano-solo-tricks/273279,2020-11-02,Musicality,,,,,,,,,
264119,song-tutorial,Yesterday - Tutorial,https://admin.musora.com/admin#/content/pianote/264119,https://www.musora.com,2020-10-28,pop,Pop/Rock,,,,,,,,
264119,song-tutorial,Yesterday - Tutorial,https://admin.musora.com/admin#/content/pianote/264119,https://www.musora.com,2020-10-28,rock,,,,,,,,,
272222,quick-tips,Top 10 Hollywood Piano Moments,https://admin.musora.com/admin#/content/pianote/272222,https://www.musora.com/pianote/quick-tips/top-10-hollywood-piano-moments/272222,2020-10-27,Musicality,Holiday/Soundtrack,,,,,,,,
272222,quick-tips,Top 10 Hollywood Piano Moments,https://admin.musora.com/admin#/content/pianote/272222,https://www.musora.com/pianote/quick-tips/top-10-hollywood-piano-moments/272222,2020-10-27,Soundtrack,,,,,,,,,
272217,quick-tips,Iconic Piano Intros You Have To Know,https://admin.musora.com/admin#/content/pianote/272217,https://www.musora.com/pianote/quick-tips/iconic-piano-intros-you-have-to-know/272217,2020-10-19,Technique,,,,,,,,Performance,Practice Tips
272213,quick-tips,Train Your Ears In 10 Minutes,https://admin.musora.com/admin#/content/pianote/272213,https://www.musora.com/pianote/quick-tips/train-your-ears-in-10-minutes/272213,2020-10-14,Ear Training,,,,Chord & Scale Theory,Chord & Scale Theory,,,Practice Tips,
270987,quick-tips,Tips & Tricks For Learning Piano As An Adult,https://admin.musora.com/admin#/content/pianote/270987,https://www.musora.com/pianote/quick-tips/iconic-piano-intros-you-have-to-know/270987,2020-10-12,Musicality,,Chords & Scales,,Chord & Scale Theory,,Chording,,Practice Tips,
270981,quick-tips,3 Exercises For Improving Your Left Hand,https://admin.musora.com/admin#/content/pianote/270981,https://www.musora.com/pianote/quick-tips/3-exercises-for-improving-your-left-hand/270981,2020-10-07,Composing,,Independence,Finger Strength,Chord & Scale Theory,Composition & Arranging,Chording,Improvisation & Songwriting,,
270981,quick-tips,3 Exercises For Improving Your Left Hand,https://admin.musora.com/admin#/content/pianote/270981,https://www.musora.com/pianote/quick-tips/3-exercises-for-improving-your-left-hand/270981,2020-10-07,Technique,,,,,,,,,
270980,quick-tips,Practice This Every Day,https://admin.musora.com/admin#/content/pianote/270980,https://www.musora.com/pianote/quick-tips/practice-this-every-day/270980,2020-10-05,Musicality,,Arpeggios,,Chord & Scale Theory,,,,,Practice Tips
270980,quick-tips,Practice This Every Day,https://admin.musora.com/admin#/content/pianote/270980,https://www.musora.com/pianote/quick-tips/practice-this-every-day/270980,2020-10-05,Practice,,,,,,,,,
270980,quick-tips,Practice This Every Day,https://admin.musora.com/admin#/content/pianote/270980,https://www.musora.com/pianote/quick-tips/practice-this-every-day/270980,2020-10-05,Technique,,,,,,,,,
268828,quick-tips,Play Old School Rock & Roll,https://admin.musora.com/admin#/content/pianote/268828,https://www.musora.com/pianote/quick-tips/emotional-music-tricks/268828,2020-09-30,Hand Independence,Pop/Rock,Independence,,,,Chording,,,
268828,quick-tips,Play Old School Rock & Roll,https://admin.musora.com/admin#/content/pianote/268828,https://www.musora.com/pianote/quick-tips/emotional-music-tricks/268828,2020-09-30,Jazz & Blues,,,,,,,,,
269997,quick-tips,Why Is My Left Hand Stupid?,https://admin.musora.com/admin#/content/pianote/269997,https://www.musora.com/pianote/quick-tips/why-is-your-left-hand-stupid/269997,2020-09-28,Musicality,,Finger Strength,Independence,,,,,,
269997,quick-tips,Why Is My Left Hand Stupid?,https://admin.musora.com/admin#/content/pianote/269997,https://www.musora.com/pianote/quick-tips/why-is-your-left-hand-stupid/269997,2020-09-28,Technique,,,,,,,,,
269996,quick-tips,Emotional Music Tricks,https://admin.musora.com/admin#/content/pianote/269996,https://www.musora.com/pianote/quick-tips/emotional-music-tricks/269996,2020-09-23,Composing,Holiday/Soundtrack,,,,,Improvisation & Songwriting,,,
269996,quick-tips,Emotional Music Tricks,https://admin.musora.com/admin#/content/pianote/269996,https://www.musora.com/pianote/quick-tips/emotional-music-tricks/269996,2020-09-23,Musicality,,,,,,,,,
268826,quick-tips,Hand Independence Exercises For Total Beginners,https://admin.musora.com/admin#/content/pianote/268826,https://www.musora.com/pianote/quick-tips/hand-independence-exercises-for-total-beginners/268826,2020-09-21,Technique,,Independence,Finger Strength,,,,,,
264106,quick-tips,The 5 Levels Of Tiny Dancer,https://admin.musora.com/admin#/content/pianote/264106,https://www.musora.com/pianote/quick-tips/the-5-levels-of-tiny-dancer/264106,2020-09-18,Technique,Pop/Rock,,,,,,,,
267966,quick-tips,Famous Piano Rap Riffs,https://admin.musora.com/admin#/content/pianote/267966,https://www.musora.com/pianote/quick-tips/famous-rap-piano-riffs/267966,2020-09-16,Fills & Riffs,Hip-Hop/Rap/EDM,,,,,Riffs & Fills,,,
267966,quick-tips,Famous Piano Rap Riffs,https://admin.musora.com/admin#/content/pianote/267966,https://www.musora.com/pianote/quick-tips/famous-rap-piano-riffs/267966,2020-09-16,Styles,,,,,,,,,
267965,quick-tips,Are Pop Music & Classical Music The Same?,https://admin.musora.com/admin#/content/pianote/267965,https://www.musora.com/pianote/quick-tips/are-pop-music-classical-music-the-same/267965,2020-09-14,Classical,Classical,,,Chord & Scale Theory,Key Signatures/Keys,,,,
267965,quick-tips,Are Pop Music & Classical Music The Same?,https://admin.musora.com/admin#/content/pianote/267965,https://www.musora.com/pianote/quick-tips/are-pop-music-classical-music-the-same/267965,2020-09-14,Styles,,,,,,,,,
267961,quick-tips,Beautiful Arpeggio Patterns For Total Beginners,https://admin.musora.com/admin#/content/pianote/267961,https://www.musora.com/pianote/quick-tips/beautiful-arpeggio-patterns-for-total-beginners/267961,2020-09-09,Arpeggios,,Arpeggios,,,,Improvisation & Songwriting,,,
267961,quick-tips,Beautiful Arpeggio Patterns For Total Beginners,https://admin.musora.com/admin#/content/pianote/267961,https://www.musora.com/pianote/quick-tips/beautiful-arpeggio-patterns-for-total-beginners/267961,2020-09-09,Beautiful Piano,,,,,,,,,
267961,quick-tips,Beautiful Arpeggio Patterns For Total Beginners,https://admin.musora.com/admin#/content/pianote/267961,https://www.musora.com/pianote/quick-tips/beautiful-arpeggio-patterns-for-total-beginners/267961,2020-09-09,Improvisation,,,,,,,,,
267960,quick-tips,Faster Fingers In 5 Minutes,https://admin.musora.com/admin#/content/pianote/267960,https://www.musora.com/pianote/quick-tips/faster-fingeres-in-5-minutes/267960,2020-09-07,Technique,,Speed & Stamina,Finger Strength,,,,,,
267953,boot-camps,Play Beautiful Chord Patterns With Lisa,https://admin.musora.com/admin#/content/pianote/267953,https://www.musora.com/pianote/boot-camps/play-beautiful-chord-patterns-with-lisa/267953,2020-09-02,Chord Progression,,,,Chord & Scale Theory,,Chording,,,
264120,quick-tips,The Ray Charles 12-Bar Blues,https://admin.musora.com/admin#/content/pianote/264120,https://www.musora.com/pianote/quick-tips/the-ray-charles-12-bar-blues/264120,2020-08-31,Jazz & Blues,Jazz/Blues,,,Chord & Scale Theory,,,,,
264110,quick-tips,How To Stay Motivated,https://admin.musora.com/admin#/content/pianote/264110,https://www.musora.com/pianote/quick-tips/how-to-stay-motivated/264110,2020-08-26,Practice,,,,,,,,Practice Tips,
264110,quick-tips,How To Stay Motivated,https://admin.musora.com/admin#/content/pianote/264110,https://www.musora.com/pianote/quick-tips/how-to-stay-motivated/264110,2020-08-26,Tips & Tricks,,,,,,,,,
264117,quick-tips,Developing Hand Independence Away From The Piano,https://admin.musora.com/admin#/content/pianote/264117,https://www.musora.com/pianote/quick-tips/developing-hand-independence-away-from-the-piano/264117,2020-08-24,Technique,,Independence,,Rhythm,,,,,
264115,boot-camps,Play Piano Warm-ups With Lisa,https://admin.musora.com/admin#/content/pianote/264115,https://www.musora.com/pianote/boot-camps/play-piano-warm-ups-with-lisa/264115,2020-08-19,Technique,,Finger Strength,,,,,,Practice Tips,
264114,quick-tips,Play Your First Song In 7 Minutes Or Less,https://admin.musora.com/admin#/content/pianote/264114,https://www.musora.com/pianote/quick-tips/play-your-first-song-in-7-minutes-or-less/264114,2020-08-17,Chord Progression,Pop/Rock,,,Chord & Scale Theory,,Chording,,,
264113,song-tutorial,The Bones - Tutorial,https://admin.musora.com/admin#/content/pianote/264113,https://www.musora.com,2020-08-14,Pop,Pop/Rock,,,Rhythm,,,,,
264111,quick-tips,The Best Beginner Keyboard,https://admin.musora.com/admin#/content/pianote/264111,https://www.musora.com/pianote/quick-tips/the-best-beginner-keyboard/264111,2020-08-12,Tips & Tricks,,,,,,,,Gigging Tips & Gear,
264109,song-tutorial,Lose You To Love Me - Tutorial,https://admin.musora.com/admin#/content/pianote/264109,https://www.musora.com,2020-08-07,Pop,Pop/Rock,,,,,,,,
264108,quick-tips,3 Essential Worship Songs For Beginners,https://admin.musora.com/admin#/content/pianote/264108,https://www.musora.com/pianote/quick-tips/3-essential-worship-songs-for-beginners/264108,2020-08-05,Styles,Worship/Gospel,,,,,,,,
262342,song-tutorial,Air On The G String (Easy Version) - Tutorial,https://admin.musora.com/admin#/content/pianote/262342,https://www.musora.com,2020-07-31,Classical,Classical,,,,,,,,
264202,song-tutorial,Cardigan - Tutorial,https://admin.musora.com/admin#/content/pianote/264202,https://www.musora.com,2020-07-31,Pop,Pop/Rock,,,,,,,,
262340,quick-tips,Can Death Metal Be Beautiful?,https://admin.musora.com/admin#/content/pianote/262340,https://www.musora.com/pianote/quick-tips/can-death-metal-be-beautiful/262340,2020-07-29,Beautiful Piano,Pop/Rock,,,,,,,,
262340,quick-tips,Can Death Metal Be Beautiful?,https://admin.musora.com/admin#/content/pianote/262340,https://www.musora.com/pianote/quick-tips/can-death-metal-be-beautiful/262340,2020-07-29,Styles,,,,,,,,,
262341,boot-camps,Play Piano With Lisa - Scales,https://admin.musora.com/admin#/content/pianote/262341,https://www.musora.com/pianote/boot-camps/play-piano-with-lisa-scales/262341,2020-07-27,Technique,,Chords & Scales,,Chord & Scale Theory,,,,,
262339,song-tutorial,Scarborough Fair (Easy Version) - Tutorial,https://admin.musora.com/admin#/content/pianote/262339,https://www.musora.com,2020-07-24,Folk,Country/Folk,,,,,,,,
262338,quick-tips,The 3 Things You Need To Know To Play Any Song,https://admin.musora.com/admin#/content/pianote/262338,https://www.musora.com/pianote/quick-tips/the-3-things-you-need-to-know-to-play-any-song/262338,2020-07-22,Chord Progression,,,,Chord & Scale Theory,,Chording,,,
262337,quick-tips,Create Emotion With 4 Notes,https://admin.musora.com/admin#/content/pianote/262337,https://www.musora.com/pianote/quick-tips/create-emotion-with-4-notes/262337,2020-07-20,Improvisation,,,,,,Improvisation & Songwriting,,,
262047,song-tutorial,Knockin' On Heaven's Door (Easy Version) - Tutorial,https://admin.musora.com/admin#/content/pianote/262047,https://www.musora.com,2020-07-17,Folk,Country/Folk,,,,,,,,
262336,quick-tips,Stuck In A Rut? How To Get Re-Inspired At The Piano,https://admin.musora.com/admin#/content/pianote/262336,https://www.musora.com/pianote/quick-tips/stuck-in-a-rut-how-to-get-re-inspired-at-the-piano/262336,2020-07-13,Tips & Tricks,,,,,,,,Practice Tips,
262046,song-tutorial,Edelweiss (Easy Version) - Tutorial,https://admin.musora.com/admin#/content/pianote/262046,https://www.musora.com,2020-07-10,Soundtrack,Holiday/Soundtrack,,,,,,,,
261380,quick-tips,The Most Common Mistakes Piano Players Make,https://admin.musora.com/admin#/content/pianote/261380,https://www.musora.com/pianote/quick-tips/the-most-common-mistakes-piano-players-make/261380,2020-07-08,Tips & Tricks,,,,,,,,Practice Tips,
261379,quick-tips,Hypnotic Sounds Using Minor Scales,https://admin.musora.com/admin#/content/pianote/261379,https://www.musora.com/pianote/quick-tips/hypnotic-sounds-using-minor-scales/261379,2020-07-06,Scales,,Chords & Scales,,Chord & Scale Theory,,,,,
261379,quick-tips,Hypnotic Sounds Using Minor Scales,https://admin.musora.com/admin#/content/pianote/261379,https://www.musora.com/pianote/quick-tips/hypnotic-sounds-using-minor-scales/261379,2020-07-06,Technique,,,,,,,,,
261378,song-tutorial,River Flows In You (Easy Version) - Tutorial,https://admin.musora.com/admin#/content/pianote/261378,https://www.musora.com,2020-07-03,new age,Pop/Rock,,,,,,,,
261377,quick-tips,The Fastest Way To Sound Like A Pro At The Piano,https://admin.musora.com/admin#/content/pianote/261377,https://www.musora.com/pianote/quick-tips/the-fastest-way-to-sound-like-a-pro-at-the-piano/261377,2020-07-01,Technique,,Pedaling,,,,,,,
261376,quick-tips,Proper Posture At The Piano,https://admin.musora.com/admin#/content/pianote/261376,https://www.musora.com/pianote/quick-tips/proper-posture-at-the-piano/261376,2020-06-29,Tips & Tricks,,,,,,,,Practice Tips,
261104,song-tutorial,Für Elise (Easy Version) - Tutorial,https://admin.musora.com/admin#/content/pianote/261104,https://www.musora.com,2020-06-26,classical,Classical,,,,,,,,
259947,quick-tips,Build Keyboard Confidence With Stride Piano,https://admin.musora.com/admin#/content/pianote/259947,https://www.musora.com/pianote/quick-tips/build-keyboard-confidence-with-stride-piano/259947,2020-06-24,Tips & Tricks,,,,,,Chording,,Practice Tips,
257688,quick-tips,Arpeggio Patterns For Accompaniment,https://admin.musora.com/admin#/content/pianote/257688,https://www.musora.com/pianote/quick-tips/3-iconic-must-know-piano-song/257688,2020-06-22,Arpeggios,,Arpeggios,,,,Improvisation & Songwriting,,,
257688,quick-tips,Arpeggio Patterns For Accompaniment,https://admin.musora.com/admin#/content/pianote/257688,https://www.musora.com/pianote/quick-tips/3-iconic-must-know-piano-song/257688,2020-06-22,Improvisation,,,,,,,,,
259944,quick-tips,The Lick,https://admin.musora.com/admin#/content/pianote/259944,https://www.musora.com/pianote/quick-tips/the-lick/259944,2020-06-17,Jazz & Blues,Jazz/Blues,,,,,Riffs & Fills,,,
257687,quick-tips,3 Must-Know Piano Accompaniment Rhythms,https://admin.musora.com/admin#/content/pianote/257687,https://www.musora.com/pianote/quick-tips/piano-accompaniment-rhythms/257687,2020-06-15,Accompaniment,,,,Rhythm,,,,,
257687,quick-tips,3 Must-Know Piano Accompaniment Rhythms,https://admin.musora.com/admin#/content/pianote/257687,https://www.musora.com/pianote/quick-tips/piano-accompaniment-rhythms/257687,2020-06-15,Chord Progression,,,,,,,,,
257689,song-tutorial,Faded - Tutorial,https://admin.musora.com/admin#/content/pianote/257689,https://www.musora.com,2020-06-12,edm,Hip-Hop/Rap/EDM,,,,,,,,
257689,song-tutorial,Faded - Tutorial,https://admin.musora.com/admin#/content/pianote/257689,https://www.musora.com,2020-06-12,pop,,,,,,,,,
257686,quick-tips,Dreamy 7ths,https://admin.musora.com/admin#/content/pianote/257686,https://www.musora.com/pianote/quick-tips/dreamy-7ths/257686,2020-06-08,Chords,,,,Chord & Scale Theory,,Chording,Improvisation & Songwriting,,
257686,quick-tips,Dreamy 7ths,https://admin.musora.com/admin#/content/pianote/257686,https://www.musora.com/pianote/quick-tips/dreamy-7ths/257686,2020-06-08,Improvisation,,,,,,,,,
257684,song-tutorial,Stay With Me - Tutorial,https://admin.musora.com/admin#/content/pianote/257684,https://www.musora.com,2020-06-05,pop,Pop/Rock,,,,,,,,
257682,quick-tips,Does Size Matter?,https://admin.musora.com/admin#/content/pianote/257682,https://www.musora.com/pianote/quick-tips/does-size-matter/257682,2020-06-03,Technique,,,,,,,,Practice Tips,
257681,quick-tips,So You Want To Be Awesome At The Piano?,https://admin.musora.com/admin#/content/pianote/257681,https://www.musora.com/pianote/quick-tips/so-you-want-to-be-awesome-at-the-piano/257681,2020-06-01,Technique,,Arpeggios,,Chord & Scale Theory,Chord & Scale Theory,Chording,,,
255531,song-tutorial,My Immortal - Tutorial,https://admin.musora.com/admin#/content/pianote/255531,https://www.musora.com,2020-05-29,Rock,Pop/Rock,,,,,,,,
257679,quick-tips,Slash Chords Are Awesome,https://admin.musora.com/admin#/content/pianote/257679,https://www.musora.com/pianote/quick-tips/slash-chords-are-awesome/257679,2020-05-27,Chords,,,,Chord & Scale Theory,,Chording,,,
255530,quick-tips,You Can Play Piano At Church,https://admin.musora.com/admin#/content/pianote/255530,https://www.musora.com/pianote/quick-tips/you-can-play-piano-at-church/255530,2020-05-25,Chords,Worship/Gospel,,,Chord & Scale Theory,,Chording,,,
255530,quick-tips,You Can Play Piano At Church,https://admin.musora.com/admin#/content/pianote/255530,https://www.musora.com/pianote/quick-tips/you-can-play-piano-at-church/255530,2020-05-25,Improvisation,,,,,,,,,
255528,song-tutorial,True Colors - Tutorial,https://admin.musora.com/admin#/content/pianote/255528,https://www.musora.com,2020-05-22,Pop,,,,,,,,,
255527,quick-tips,Beautiful Left Hand Patterns,https://admin.musora.com/admin#/content/pianote/255527,https://www.musora.com/pianote/quick-tips/make-your-left-hand-better-with-arpeggios/255527,2020-05-20,Arpeggios,,Arpeggios,Independence,,,Improvisation & Songwriting,,,
255527,quick-tips,Beautiful Left Hand Patterns,https://admin.musora.com/admin#/content/pianote/255527,https://www.musora.com/pianote/quick-tips/make-your-left-hand-better-with-arpeggios/255527,2020-05-20,Beautiful Piano,,,,,,,,,
255527,quick-tips,Beautiful Left Hand Patterns,https://admin.musora.com/admin#/content/pianote/255527,https://www.musora.com/pianote/quick-tips/make-your-left-hand-better-with-arpeggios/255527,2020-05-20,Improvisation,,,,,,,,,
255526,quick-tips,Practice Routine For Chord Mastery,https://admin.musora.com/admin#/content/pianote/255526,https://www.musora.com/pianote/quick-tips/practice-routine-for-chord-mastery/255526,2020-05-18,Chords,,,,Chord & Scale Theory,,Chording,,,
255526,quick-tips,Practice Routine For Chord Mastery,https://admin.musora.com/admin#/content/pianote/255526,https://www.musora.com/pianote/quick-tips/practice-routine-for-chord-mastery/255526,2020-05-18,Technique,,,,,,,,,
255525,quick-tips,Play Background Music At Church,https://admin.musora.com/admin#/content/pianote/255525,https://www.musora.com/pianote/quick-tips/play-background-music-at-church/255525,2020-05-13,Improvisation,Worship/Gospel,,,,,Improvisation & Songwriting,,,
254035,quick-tips,How To Practice The Piano Away From The Piano,https://admin.musora.com/admin#/content/pianote/254035,https://www.musora.com/pianote/quick-tips/i-bet-you-didn%27t-know-minor-scales-could-sound-like-this/254035,2020-05-11,Practice,,,,,,,,Practice Tips,
254037,quick-tips,Cringe-Worthy Piano Songs Made Awesome,https://admin.musora.com/admin#/content/pianote/254037,https://www.musora.com/pianote/quick-tips/cringe-worthy-piano-songs-made-awesome/254037,2020-05-06,Beautiful Piano,,,,,,,,Practice Tips,Performance
254200,quick-tips,I Bet You Didn't Know Minor Scales Could Sound Like This,https://admin.musora.com/admin#/content/pianote/254200,https://www.musora.com/pianote/quick-tips/i-bet-you-didn%27t-know-minor-scales-could-sound-like-this/254200,2020-05-04,Improvisation,,Chords & Scales,,Chord & Scale Theory,,Improvisation & Songwriting,,,
254200,quick-tips,I Bet You Didn't Know Minor Scales Could Sound Like This,https://admin.musora.com/admin#/content/pianote/254200,https://www.musora.com/pianote/quick-tips/i-bet-you-didn%27t-know-minor-scales-could-sound-like-this/254200,2020-05-04,Scales,,,,,,,,,
254034,quick-tips,How Well Do You Know The Keyboard?,https://admin.musora.com/admin#/content/pianote/254034,https://www.musora.com/pianote/quick-tips/how-well-do-you-know-the-keyboard/254034,2020-05-01,Technique,,Independence,Finger Strength,,,,,,
254025,quick-tips,Piano For Stress,https://admin.musora.com/admin#/content/pianote/254025,https://www.musora.com/pianote/quick-tips/asd/254025,2020-04-29,Improvisation,,Arpeggios,,,,Improvisation & Songwriting,,,
254024,quick-tips,Play Piano Faster,https://admin.musora.com/admin#/content/pianote/254024,https://www.musora.com/pianote/quick-tips/play-piano-faster/254024,2020-04-27,Technique,,Speed & Stamina,Finger Strength,,,,,,
250098,song-tutorial,Heart-Shaped Box - Tutorial,https://admin.musora.com/admin#/content/pianote/250098,https://www.musora.com,2020-04-24,Rock,Pop/Rock,,,,,,,,
253175,quick-tips,Master Chord Inversions,https://admin.musora.com/admin#/content/pianote/253175,https://www.musora.com/pianote/quick-tips/master-chord-inversions/253175,2020-04-22,Chords,,,,Chord & Scale Theory,,Chording,,,
250087,quick-tips,Everything You Need To Make Your Own Emotional Piano Music,https://admin.musora.com/admin#/content/pianote/250087,https://www.musora.com/pianote/quick-tips/everything-you-need-to-make-your-own-emotional-piano-music/250087,2020-04-20,Improvisation,,,,,,Chording,Improvisation & Songwriting,,
250087,quick-tips,Everything You Need To Make Your Own Emotional Piano Music,https://admin.musora.com/admin#/content/pianote/250087,https://www.musora.com/pianote/quick-tips/everything-you-need-to-make-your-own-emotional-piano-music/250087,2020-04-20,Technique,,,,,,,,,
250086,quick-tips,"Intros, Outros And Everything In Between",https://admin.musora.com/admin#/content/pianote/250086,https://www.musora.com/pianote/quick-tips/intros-outros-and-everything-in-between/250086,2020-04-15,Chord Progression,,,,Chord & Scale Theory,,Chording,,,
248607,quick-tips,I Suck At Reading Sheet Music,https://admin.musora.com/admin#/content/pianote/248607,https://www.musora.com/pianote/quick-tips/i-suck-at-reading-sheet-music/248607,2020-04-13,Sight Reading,,,,Key Signatures/Keys,Chord & Scale Theory,,,,Practice Tips
248607,quick-tips,I Suck At Reading Sheet Music,https://admin.musora.com/admin#/content/pianote/248607,https://www.musora.com/pianote/quick-tips/i-suck-at-reading-sheet-music/248607,2020-04-13,Tips & Tricks,,,,,,,,,
250094,song-tutorial,Creep - Tutorial,https://admin.musora.com/admin#/content/pianote/250094,https://www.musora.com,2020-04-10,Rock,Pop/Rock,,,,,,,,
248605,quick-tips,Play Like Einaudi,https://admin.musora.com/admin#/content/pianote/248605,https://www.musora.com/pianote/quick-tips/play-like-einaudi/248605,2020-04-08,Improvisation,Classical,,,,,Improvisation & Songwriting,,,
248604,quick-tips,Beginner's Guide To Playing With Both Hands,https://admin.musora.com/admin#/content/pianote/248604,https://www.musora.com/pianote/quick-tips/beginner's-guide-to-playing-with-both-hands/248604,2020-04-06,Practice,,,,,,,,,
248602,quick-tips,Make The Most Of Your Practice Time,https://admin.musora.com/admin#/content/pianote/248602,https://www.musora.com/pianote/quick-tips/make-the-most-of-your-practice-time/248602,2020-04-01,Practice,,Chords & Scales,,Chord & Scale Theory,,,,Practice Tips,
247371,quick-tips,Sweet And Simple Piano Sounds For Beginners,https://admin.musora.com/admin#/content/pianote/247371,https://www.musora.com/pianote/quick-tips/sweet-and-simple-piano-sounds-for-beginners/247371,2020-03-30,Beautiful Piano,,,,,,Improvisation & Songwriting,,,
247371,quick-tips,Sweet And Simple Piano Sounds For Beginners,https://admin.musora.com/admin#/content/pianote/247371,https://www.musora.com/pianote/quick-tips/sweet-and-simple-piano-sounds-for-beginners/247371,2020-03-30,Improvisation,,,,,,,,,
247384,song-tutorial,You Are The Reason - Tutorial,https://admin.musora.com/admin#/content/pianote/247384,https://www.musora.com,2020-03-27,Pop,Pop/Rock,,,,,,,,
247370,quick-tips,Cheap vs. Expensive Digital Pianos,https://admin.musora.com/admin#/content/pianote/247370,https://www.musora.com/pianote/quick-tips/cheap-vs-expensive-digital-pianos/247370,2020-03-23,All,,,,,,,,Gigging Tips & Gear,
247383,song-tutorial,Let It Be - Tutorial,https://admin.musora.com/admin#/content/pianote/247383,https://www.musora.com,2020-03-20,Pop,Pop/Rock,,,,,,,,
247369,quick-tips,4 Things Every Beginner Piano Player Needs To Know,https://admin.musora.com/admin#/content/pianote/247369,https://www.musora.com/pianote/quick-tips/4-things-every-beginner-piano-player-needs-to-know/247369,2020-03-18,All,,,,,,Improvisation & Songwriting,,,
247368,quick-tips,3 Exercises To Make Your Left Hand Faster,https://admin.musora.com/admin#/content/pianote/247368,https://www.musora.com/pianote/quick-tips/3-exercises-to-make-your-left-hand-faster/247368,2020-03-16,Technique,,Speed & Stamina,Independence,,,,,,
246181,song-tutorial,Make You Feel My Love - Tutorial,https://admin.musora.com/admin#/content/pianote/246181,https://www.musora.com,2020-03-13,Pop,Pop/Rock,,,,,,,,
247367,quick-tips,What Is Swing Feel?,https://admin.musora.com/admin#/content/pianote/247367,https://www.musora.com/pianote/quick-tips/what-is-swing-feel/247367,2020-03-11,Jazz & Blues,Jazz/Blues,,,Rhythm,,,,,
247367,quick-tips,What Is Swing Feel?,https://admin.musora.com/admin#/content/pianote/247367,https://www.musora.com/pianote/quick-tips/what-is-swing-feel/247367,2020-03-11,Styles,,,,,,,,,
247366,quick-tips,Creating Chords With The Circle Of 5ths,https://admin.musora.com/admin#/content/pianote/247366,https://www.musora.com/pianote/quick-tips/creating-chords-with-the-circle-of-5ths/247366,2020-03-09,Chords,,,,Chord & Scale Theory,,,,,
247366,quick-tips,Creating Chords With The Circle Of 5ths,https://admin.musora.com/admin#/content/pianote/247366,https://www.musora.com/pianote/quick-tips/creating-chords-with-the-circle-of-5ths/247366,2020-03-09,Technique,,,,,,,,,
247366,quick-tips,Creating Chords With The Circle Of 5ths,https://admin.musora.com/admin#/content/pianote/247366,https://www.musora.com/pianote/quick-tips/creating-chords-with-the-circle-of-5ths/247366,2020-03-09,Theory,,,,,,,,,
247382,song-tutorial,When The Party's Over - Tutorial,https://admin.musora.com/admin#/content/pianote/247382,https://www.musora.com,2020-03-06,Pop,Pop/Rock,,,,,,,,
246179,quick-tips,Right Hand Piano Fills,https://admin.musora.com/admin#/content/pianote/246179,https://www.musora.com/pianote/quick-tips/right-hand-piano-fills/246179,2020-03-04,Fills & Riffs,,Independence,,,,Riffs & Fills,,,
246178,quick-tips,How To Make Anything Sound Jazzy,https://admin.musora.com/admin#/content/pianote/246178,https://www.musora.com/pianote/quick-tips/how-to-make-anything-sound-jazzy/246178,2020-03-02,Jazz & Blues,Jazz/Blues,,,Chord & Scale Theory,,,,,
246177,quick-tips,3 Chord Patterns For Smooth Transitions,https://admin.musora.com/admin#/content/pianote/246177,https://www.musora.com/pianote/quick-tips/3-chord-patterns-for-smooth-transitions/246177,2020-02-26,Chord Progression,,,,Chord & Scale Theory,,Chording,,,
246177,quick-tips,3 Chord Patterns For Smooth Transitions,https://admin.musora.com/admin#/content/pianote/246177,https://www.musora.com/pianote/quick-tips/3-chord-patterns-for-smooth-transitions/246177,2020-02-26,Chords,,,,,,,,,
246176,quick-tips,The Most Useful Scale You Probably Didn't Know,https://admin.musora.com/admin#/content/pianote/246176,https://www.musora.com/pianote/quick-tips/the-most-useful-scale-you-probably-didn't-know/246176,2020-02-24,Improvisation,,Chords & Scales,,Chord & Scale Theory,,,,,
246176,quick-tips,The Most Useful Scale You Probably Didn't Know,https://admin.musora.com/admin#/content/pianote/246176,https://www.musora.com/pianote/quick-tips/the-most-useful-scale-you-probably-didn't-know/246176,2020-02-24,Jazz & Blues,,,,,,,,,
246176,quick-tips,The Most Useful Scale You Probably Didn't Know,https://admin.musora.com/admin#/content/pianote/246176,https://www.musora.com/pianote/quick-tips/the-most-useful-scale-you-probably-didn't-know/246176,2020-02-24,Scales,,,,,,,,,
244280,song-tutorial,Gravity - Tutorial,https://admin.musora.com/admin#/content/pianote/244280,https://www.musora.com,2020-02-21,Pop,Pop/Rock,,,,,,,,
245920,quick-tips,Piano Rhythms For Hand Independence,https://admin.musora.com/admin#/content/pianote/245920,https://www.musora.com/pianote/quick-tips/piano-rhythms-for-hand-independence/245920,2020-02-19,Technique,,Independence,,Rhythm,,,,,
245694,quick-tips,How To Learn A Song As A Beginner,https://admin.musora.com/admin#/content/pianote/245694,https://www.musora.com/pianote/quick-tips/how-to-learn-a-song-as-a-beginner/245694,2020-02-17,Practice,,,,Chord & Scale Theory,,Chording,,,
245694,quick-tips,How To Learn A Song As A Beginner,https://admin.musora.com/admin#/content/pianote/245694,https://www.musora.com/pianote/quick-tips/how-to-learn-a-song-as-a-beginner/245694,2020-02-17,Technique,,,,,,,,,
244429,song-tutorial,Nuvole Bianche - Tutorial,https://admin.musora.com/admin#/content/pianote/244429,https://www.musora.com,2020-02-14,New Age,Classical,,,,,,,,
245307,quick-tips,3 Romantic Songs You Can Play For Your Sweetheart,https://admin.musora.com/admin#/content/pianote/245307,https://www.musora.com/pianote/quick-tips/3-romantic-songs-you-can-play-for-your-sweetheart/245307,2020-02-12,Songs,Pop/Rock,,,,,,,,
244281,quick-tips,Know Exactly What To Practice,https://admin.musora.com/admin#/content/pianote/244281,https://www.musora.com/pianote/quick-tips/know-exactly-what-to-practice/244281,2020-02-10,Practice,,,,,,,,Practice Tips,
244279,quick-tips,How To Waste More Time At The Piano,https://admin.musora.com/admin#/content/pianote/244279,https://www.musora.com/pianote/quick-tips/how-to-waste-more-time-at-the-piano/244279,2020-02-05,Improvisation,,,,,,Improvisation & Songwriting,,,
245215,quick-tips,Beautiful And Emotional Piano Music Made Easy,https://admin.musora.com/admin#/content/pianote/245215,https://www.musora.com/pianote/quick-tips/beautiful-and-emotional-piano-music-made-easy/245215,2020-02-03,Beautiful Piano,,,,Chord & Scale Theory,,Chording,,,
245215,quick-tips,Beautiful And Emotional Piano Music Made Easy,https://admin.musora.com/admin#/content/pianote/245215,https://www.musora.com/pianote/quick-tips/beautiful-and-emotional-piano-music-made-easy/245215,2020-02-03,Chord Progression,,,,,,,,,
243071,quick-tips,Practice This 1 Thing To Learn Every Single Chord And Become A Piano Master,https://admin.musora.com/admin#/content/pianote/243071,https://www.musora.com/pianote/quick-tips/practice-this-1-thing-to-learn-every-single-chord-and-become-a-piano-master/243071,2020-01-29,Chords,,,,Chord & Scale Theory,,Chording,,Practice Tips,
243071,quick-tips,Practice This 1 Thing To Learn Every Single Chord And Become A Piano Master,https://admin.musora.com/admin#/content/pianote/243071,https://www.musora.com/pianote/quick-tips/practice-this-1-thing-to-learn-every-single-chord-and-become-a-piano-master/243071,2020-01-29,Practice,,,,,,,,,
243070,quick-tips,What To Do When You Don't Feel Like Practicing,https://admin.musora.com/admin#/content/pianote/243070,https://www.musora.com/pianote/quick-tips/what-to-do-when-you-don%27t-feel-like-practicing/243070,2020-01-27,Improvisation,,,,,,Improvisation & Songwriting,,Practice Tips,
242636,quick-tips,Contrary Motion Scales,https://admin.musora.com/admin#/content/pianote/242636,https://www.musora.com/pianote/quick-tips/contrary-motion-scales/242636,2020-01-22,Scales,,Chords & Scales,,Chord & Scale Theory,,,,,
242636,quick-tips,Contrary Motion Scales,https://admin.musora.com/admin#/content/pianote/242636,https://www.musora.com/pianote/quick-tips/contrary-motion-scales/242636,2020-01-22,Technique,,,,,,,,,
242635,quick-tips,"Understanding Musical Symbols - Sharps, Flats And Naturals",https://admin.musora.com/admin#/content/pianote/242635,https://www.musora.com/pianote/quick-tips/understanding-musical-symbols---sharps-flats-and-naturals/242635,2020-01-20,Technique,,,,Key Signatures/Keys,,,,,
242635,quick-tips,"Understanding Musical Symbols - Sharps, Flats And Naturals",https://admin.musora.com/admin#/content/pianote/242635,https://www.musora.com/pianote/quick-tips/understanding-musical-symbols---sharps-flats-and-naturals/242635,2020-01-20,Theory,,,,,,,,,
242633,quick-tips,Build Major And Minor Chords On Any Key And Hear The Difference,https://admin.musora.com/admin#/content/pianote/242633,https://www.musora.com/pianote/quick-tips/build-major-and-minor-chords-on-any-key-and-hear-the-difference/242633,2020-01-15,Chords,,,,Chord & Scale Theory,Key Signatures/Keys,Chording,,,
242633,quick-tips,Build Major And Minor Chords On Any Key And Hear The Difference,https://admin.musora.com/admin#/content/pianote/242633,https://www.musora.com/pianote/quick-tips/build-major-and-minor-chords-on-any-key-and-hear-the-difference/242633,2020-01-15,Ear Training,,,,,,,,,
242632,quick-tips,Kaitlyn's First Chord Progression,https://admin.musora.com/admin#/content/pianote/242632,https://www.musora.com/pianote/quick-tips/kaitlyn%27s-first-chord-progression/242632,2020-01-13,Chord Progression,,,,Chord & Scale Theory,,Chording,,,
241675,boot-camps,Pop Progression In G Bootcamp,https://admin.musora.com/admin#/content/pianote/241675,https://www.musora.com/pianote/boot-camps/pop-progression-in-g-boot-camp/241675,2020-01-08,Chord Progression,,,,Chord & Scale Theory,,Chording,,,
241178,quick-tips,Is The Circle Of 5ths Useless?,https://admin.musora.com/admin#/content/pianote/241178,https://www.musora.com/pianote/quick-tips/is-the-circle-of-5ths-useless/241178,2020-01-06,Technique,,,,Key Signatures/Keys,Chord & Scale Theory,,,,
241178,quick-tips,Is The Circle Of 5ths Useless?,https://admin.musora.com/admin#/content/pianote/241178,https://www.musora.com/pianote/quick-tips/is-the-circle-of-5ths-useless/241178,2020-01-06,Theory,,,,,,,,,
241177,quick-tips,Amazing Arpeggios,https://admin.musora.com/admin#/content/pianote/241177,https://www.musora.com/pianote/quick-tips/amazing-arpeggios/241177,2020-01-01,Arpeggios,,Arpeggios,,,,,,,
241177,quick-tips,Amazing Arpeggios,https://admin.musora.com/admin#/content/pianote/241177,https://www.musora.com/pianote/quick-tips/amazing-arpeggios/241177,2020-01-01,Technique,,,,,,,,,
240150,quick-tips,How To Tell The Difference Between A Major And A Minor Chord,https://admin.musora.com/admin#/content/pianote/240150,https://www.musora.com/pianote/quick-tips/everything-you-need-to-know-about-chords/240150,2019-12-30,Chords,,Ear Training,,Chord & Scale Theory,Key Signatures/Keys,Chording,,,
240150,quick-tips,How To Tell The Difference Between A Major And A Minor Chord,https://admin.musora.com/admin#/content/pianote/240150,https://www.musora.com/pianote/quick-tips/everything-you-need-to-know-about-chords/240150,2019-12-30,Theory,,,,,,,,,
240146,quick-tips,Comping Made Easy,https://admin.musora.com/admin#/content/pianote/240146,https://www.musora.com/pianote/quick-tips/comping-made-easy/240146,2019-12-25,Technique,,,,Chord & Scale Theory,,Chording,,,
240145,song-tutorial,The Christmas Song - Tutorial,https://admin.musora.com/admin#/content/pianote/240145,https://www.musora.com,2019-12-20,Christmas,Holiday/Soundtrack,,,,,,,,
240143,quick-tips,How To Tell If Someone Is Actually Good At The Piano,https://admin.musora.com/admin#/content/pianote/240143,https://www.musora.com/pianote/quick-tips/how-to-tell-if-someone-is-actually-good-at-the-piano/240143,2019-12-18,Performance,,Dynamics,,Rhythm,,,,Performance,
240142,quick-tips,Read Ledger Line Notes Fast,https://admin.musora.com/admin#/content/pianote/240142,https://www.musora.com/pianote/quick-tips/read-ledger-line-notes-fast/240142,2019-12-16,Technique,,Chords & Scales,,Chord & Scale Theory,Key Signatures/Keys,,,,
240142,quick-tips,Read Ledger Line Notes Fast,https://admin.musora.com/admin#/content/pianote/240142,https://www.musora.com/pianote/quick-tips/read-ledger-line-notes-fast/240142,2019-12-16,Theory,,,,,,,,,
239133,course,Rhythmic Playing,https://admin.musora.com/admin#/content/pianote/239133,https://www.musora.com/pianote/courses/rhythmic-playing/239133,2019-12-12,Rhythm,,,,,,,,,
239132,quick-tips,Kaitlyn Learns A Christmas Song,https://admin.musora.com/admin#/content/pianote/239132,https://www.musora.com/pianote/quick-tips/kaitlyn-learns-a-christmas-song/239132,2019-12-11,Holiday,Holiday/Soundtrack,,,,,,,,
239132,quick-tips,Kaitlyn Learns A Christmas Song,https://admin.musora.com/admin#/content/pianote/239132,https://www.musora.com/pianote/quick-tips/kaitlyn-learns-a-christmas-song/239132,2019-12-11,Songs,,,,,,,,,
240141,quick-tips,Don't Think Like A Pianist,https://admin.musora.com/admin#/content/pianote/240141,https://www.musora.com/pianote/quick-tips/don't-think-like-a-pianist/240141,2019-12-09,Tips & Tricks,,Independence,,,,,,Practice Tips,
239135,song-tutorial,O Holy Night - Tutorial,https://admin.musora.com/admin#/content/pianote/239135,https://www.musora.com,2019-12-06,Christmas,Holiday/Soundtrack,,,,,,,,
237168,quick-tips,How To Stop Making The Same Mistakes And Actually Get Better,https://admin.musora.com/admin#/content/pianote/237168,https://www.musora.com/pianote/quick-tips/how-to-stop-making-the-same-mistakes-and-actually-get-better/237168,2019-12-04,Tips & Tricks,,,,,,,,Practice Tips,
238705,quick-tips,Create Music Tension Using Rhythm,https://admin.musora.com/admin#/content/pianote/238705,https://www.musora.com/pianote/quick-tips/create-music-tension-using-rhythm/238705,2019-12-02,Technique,,,,Rhythm,,Chording,,,
237169,song-tutorial,Silent Night - Tutorial,https://admin.musora.com/admin#/content/pianote/237169,https://www.musora.com,2019-11-29,Christmas,Holiday/Soundtrack,,,,,,,,
238704,quick-tips,4 Things A Beginner Piano Player Should Start Doing Right Now,https://admin.musora.com/admin#/content/pianote/238704,https://www.musora.com/pianote/quick-tips/4-things-a-beginner-piano-player-should-start-doing-right-now/238704,2019-11-27,Tips & Tricks,,Chords & Scales,,Chord & Scale Theory,,Chording,,,
237166,song-tutorial,Carol Of The Bells - Tutorial,https://admin.musora.com/admin#/content/pianote/237166,https://www.musora.com,2019-11-22,Christmas,Holiday/Soundtrack,,,,,,,,
237165,quick-tips,I'll Bet You Didn't Know Scales Could Sound Like This,https://admin.musora.com/admin#/content/pianote/237165,https://www.musora.com/pianote/quick-tips/i%27ll-bet-you-didn%27t-know-scales-could-sound-like-this/237165,2019-11-20,Beautiful Piano,,Chords & Scales,,Chord & Scale Theory,,,,,
237165,quick-tips,I'll Bet You Didn't Know Scales Could Sound Like This,https://admin.musora.com/admin#/content/pianote/237165,https://www.musora.com/pianote/quick-tips/i%27ll-bet-you-didn%27t-know-scales-could-sound-like-this/237165,2019-11-20,Scales,,,,,,,,,
237164,quick-tips,Are You An Intermediate Piano Player?,https://admin.musora.com/admin#/content/pianote/237164,https://www.musora.com/pianote/quick-tips/are-you-an-intermediate-piano-player/237164,2019-11-18,Technique,,Chords & Scales,Dynamics,,Chord & Scale Theory,Riffs & Fills,Chording,Practice Tips,
235970,course,Boogie Woogie Basics,https://admin.musora.com/admin#/content/pianote/235970,https://www.musora.com/pianote/courses/boogie-woogie-basics/235970,2019-11-14,Boogie Woogie,Jazz/Blues,,,Chord & Scale Theory,,,,,
236821,quick-tips,Lisa Writes A Song In 10 Minutes!,https://admin.musora.com/admin#/content/pianote/236821,https://www.musora.com/pianote/quick-tips/lisa-writes-a-song-in-10-minutes/236821,2019-11-13,Songs,,,,,,Improvisation & Songwriting,,,
235969,quick-tips,4 Songs That Are Perfect For Beginners,https://admin.musora.com/admin#/content/pianote/235969,https://www.musora.com/pianote/quick-tips/4-songs-that-are-perfect-for-beginners/235969,2019-11-11,Chord Progression,,,,Chord & Scale Theory,,Chording,,,
235969,quick-tips,4 Songs That Are Perfect For Beginners,https://admin.musora.com/admin#/content/pianote/235969,https://www.musora.com/pianote/quick-tips/4-songs-that-are-perfect-for-beginners/235969,2019-11-11,Songs,,,,,,,,,
235965,quick-tips,3 Ways To Instantly Sound Better On The Piano,https://admin.musora.com/admin#/content/pianote/235965,https://www.musora.com/pianote/quick-tips/3-ways-to-instantly-sound-better-on-the-piano/235965,2019-11-06,Technique,,Arpeggios,,Chord & Scale Theory,,Chording,,,
235965,quick-tips,3 Ways To Instantly Sound Better On The Piano,https://admin.musora.com/admin#/content/pianote/235965,https://www.musora.com/pianote/quick-tips/3-ways-to-instantly-sound-better-on-the-piano/235965,2019-11-06,Tips & Tricks,,,,,,,,,
235964,quick-tips,Create a Beautiful Chord Progression in Any Key,https://admin.musora.com/admin#/content/pianote/235964,https://www.musora.com/pianote/quick-tips/composing-made-easy/235964,2019-11-04,Beautiful Piano,,,,Chord & Scale Theory,Key Signatures/Keys,Chording,,,
235964,quick-tips,Create a Beautiful Chord Progression in Any Key,https://admin.musora.com/admin#/content/pianote/235964,https://www.musora.com/pianote/quick-tips/composing-made-easy/235964,2019-11-04,Chord Progression,,,,,,,,,
235192,quick-tips,How To Play An Awesome Left Hand Accompaniment,https://admin.musora.com/admin#/content/pianote/235192,https://www.musora.com/pianote/quick-tips/how-to-play-an-awesome-left-hand-accompaniment/235192,2019-10-30,Chord Progression,,,,Chord & Scale Theory,,Improvisation & Songwriting,,,
235192,quick-tips,How To Play An Awesome Left Hand Accompaniment,https://admin.musora.com/admin#/content/pianote/235192,https://www.musora.com/pianote/quick-tips/how-to-play-an-awesome-left-hand-accompaniment/235192,2019-10-30,Improvisation,,,,,,,,,
235191,quick-tips,What Is The Number System,https://admin.musora.com/admin#/content/pianote/235191,https://www.musora.com/pianote/quick-tips/what-is-the-number-system/235191,2019-10-28,Chord Progression,,,,Chord & Scale Theory,,Chording,,,
235191,quick-tips,What Is The Number System,https://admin.musora.com/admin#/content/pianote/235191,https://www.musora.com/pianote/quick-tips/what-is-the-number-system/235191,2019-10-28,Chords,,,,,,,,,
235189,quick-tips,Create Drama And Intensity In Your Chord Progressions,https://admin.musora.com/admin#/content/pianote/235189,https://www.musora.com/pianote/quick-tips/create-drama-and-intensity-in-your-chord-progressions/235189,2019-10-23,Chord Progression,,Dynamics,,Chord & Scale Theory,,Chording,,,
235189,quick-tips,Create Drama And Intensity In Your Chord Progressions,https://admin.musora.com/admin#/content/pianote/235189,https://www.musora.com/pianote/quick-tips/create-drama-and-intensity-in-your-chord-progressions/235189,2019-10-23,Dynamics,,,,,,,,,
235188,course,Hanon Exercises,https://admin.musora.com/admin#/content/pianote/235188,https://www.musora.com/pianote/courses/hanon-exercises/235188,2019-10-22,Technique,,Finger Strength,Speed & Stamina,,,,,Practice Tips,
235187,quick-tips,Play Beautiful Speed Runs Using Crossovers,https://admin.musora.com/admin#/content/pianote/235187,https://www.musora.com/pianote/quick-tips/play-beautiful-speed-runs-using-crossovers/235187,2019-10-21,Beautiful Piano,,Speed & Stamina,,Chord & Scale Theory,,,,,
235187,quick-tips,Play Beautiful Speed Runs Using Crossovers,https://admin.musora.com/admin#/content/pianote/235187,https://www.musora.com/pianote/quick-tips/play-beautiful-speed-runs-using-crossovers/235187,2019-10-21,Technique,,,,,,,,,
235005,song-tutorial,Halloween Theme - Tutorial,https://admin.musora.com/admin#/content/pianote/235005,https://www.musora.com,2019-10-18,Soundtrack,Holiday/Soundtrack,,,,,,,,
235004,quick-tips,Finger Independence Challenge,https://admin.musora.com/admin#/content/pianote/235004,https://www.musora.com/pianote/quick-tips/finger-independence-challenge/235004,2019-10-16,Technique,,Independence,Finger Strength,,,,,,
235002,quick-tips,Play A Beautiful Improvisation With Only 3 Chords,https://admin.musora.com/admin#/content/pianote/235002,https://www.musora.com/pianote/quick-tips/play-a-beautiful-improvisation-with-only-3-chords/235002,2019-10-14,Beautiful Piano,,,,Chord & Scale Theory,,Improvisation & Songwriting,Chording,,
235002,quick-tips,Play A Beautiful Improvisation With Only 3 Chords,https://admin.musora.com/admin#/content/pianote/235002,https://www.musora.com/pianote/quick-tips/play-a-beautiful-improvisation-with-only-3-chords/235002,2019-10-14,Chords,,,,,,,,,
235002,quick-tips,Play A Beautiful Improvisation With Only 3 Chords,https://admin.musora.com/admin#/content/pianote/235002,https://www.musora.com/pianote/quick-tips/play-a-beautiful-improvisation-with-only-3-chords/235002,2019-10-14,Improvisation,,,,,,,,,
234326,quick-tips,Pedal Practice Tips,https://admin.musora.com/admin#/content/pianote/234326,https://www.musora.com/pianote/quick-tips/pedal-practice-tips/234326,2019-10-09,Technique,,Pedaling,,,,,,,
234325,quick-tips,Reading Complicated Chord Charts,https://admin.musora.com/admin#/content/pianote/234325,https://www.musora.com/pianote/quick-tips/reading-complicated-chord-charts/234325,2019-10-07,Chords,,,,Chord & Scale Theory,,Chording,,,
233584,song-tutorial,Someone Like You - Tutorial,https://admin.musora.com/admin#/content/pianote/233584,https://www.musora.com,2019-10-04,Ballad,Pop/Rock,,,,,,,,
233582,quick-tips,The 3 Types Of Minor Scales And Why You Need To Know Them,https://admin.musora.com/admin#/content/pianote/233582,https://www.musora.com/pianote/quick-tips/the-3-types-of-minor-scales-and-why-you-need-to-know-them/233582,2019-10-02,Scales,,Chords & Scales,,Chord & Scale Theory,Key Signatures/Keys,,,,
233582,quick-tips,The 3 Types Of Minor Scales And Why You Need To Know Them,https://admin.musora.com/admin#/content/pianote/233582,https://www.musora.com/pianote/quick-tips/the-3-types-of-minor-scales-and-why-you-need-to-know-them/233582,2019-10-02,Technique,,,,,,,,,
233581,quick-tips,Boogie Woogie Basslines,https://admin.musora.com/admin#/content/pianote/233581,https://www.musora.com/pianote/quick-tips/boogie-woogie-basslines/233581,2019-09-30,Styles,Jazz/Blues,Independence,,,,,,,
233373,quick-tips,Learning Complicated Rhythms,https://admin.musora.com/admin#/content/pianote/233373,https://www.musora.com/pianote/quick-tips/learning-complicated-rhythms/233373,2019-09-25,Technique,,,,Rhythm,,,,Practice Tips,
233372,quick-tips,Use This Scale To Play Hauntingly Beautiful Improvisations,https://admin.musora.com/admin#/content/pianote/233372,https://www.musora.com/pianote/quick-tips/use-this-scale-to-play-hauntingly-beautiful-improvisations/233372,2019-09-23,Beautiful Piano,,Independence,Chords & Scales,Chord & Scale Theory,,Improvisation & Songwriting,,,
233372,quick-tips,Use This Scale To Play Hauntingly Beautiful Improvisations,https://admin.musora.com/admin#/content/pianote/233372,https://www.musora.com/pianote/quick-tips/use-this-scale-to-play-hauntingly-beautiful-improvisations/233372,2019-09-23,Improvisation,,,,,,,,,
232945,quick-tips,Play Songs By Ear Without A Chart,https://admin.musora.com/admin#/content/pianote/232945,https://www.musora.com/pianote/quick-tips/play-songs-by-ear-without-a-chart/232945,2019-09-16,Chords,,,,Chord & Scale Theory,,,,,
232945,quick-tips,Play Songs By Ear Without A Chart,https://admin.musora.com/admin#/content/pianote/232945,https://www.musora.com/pianote/quick-tips/play-songs-by-ear-without-a-chart/232945,2019-09-16,Ear Training,,,,,,,,,
232352,song-tutorial,Happy Birthday - Tutorial,https://admin.musora.com/admin#/content/pianote/232352,https://www.musora.com,2019-09-13,Traditional,Holiday/Soundtrack,,,,,,,,
232350,quick-tips,Find Your Fingering,https://admin.musora.com/admin#/content/pianote/232350,https://www.musora.com/pianote/quick-tips/find-your-fingering/232350,2019-09-11,Technique,,Finger Strength,Independence,,,,,Practice Tips,
232350,quick-tips,Find Your Fingering,https://admin.musora.com/admin#/content/pianote/232350,https://www.musora.com/pianote/quick-tips/find-your-fingering/232350,2019-09-11,Tips & Tricks,,,,,,,,,
232349,quick-tips,"The Most Versatile Exercise For Developing Finger Control, Speed & Dexterity",https://admin.musora.com/admin#/content/pianote/232349,https://www.musora.com/pianote/quick-tips/the-most-versatile-exercise-for-developing-finger-control-speed--dexterity/232349,2019-09-09,Technique,,Finger Strength,Speed & Stamina,,,,,,
232250,quick-tips,Creating Minor Chord Progressions,https://admin.musora.com/admin#/content/pianote/232250,https://www.musora.com/pianote/quick-tips/creating-minor-chord-progressions/232250,2019-09-04,Chord Progression,,,,Chord & Scale Theory,Key Signatures/Keys,Chording,Improvisation & Songwriting,,
232250,quick-tips,Creating Minor Chord Progressions,https://admin.musora.com/admin#/content/pianote/232250,https://www.musora.com/pianote/quick-tips/creating-minor-chord-progressions/232250,2019-09-04,Improvisation,,,,,,,,,
232248,quick-tips,Play Technique Faster - Mastering The Thumb Tuck,https://admin.musora.com/admin#/content/pianote/232248,https://www.musora.com/pianote/quick-tips/play-technique-faster---mastering-the-thumb-tuck/232248,2019-09-02,Technique,,Speed & Stamina,,,,,,Practice Tips,
232432,quick-tips,The Ray Charles 12 Bar,https://admin.musora.com/admin#/content/pianote/232432,https://www.musora.com/pianote/quick-tips/the-ray-charles-12-bar/232432,2019-09-01,Jazz & Blues,Jazz/Blues,,,Chord & Scale Theory,Rhythm,,,,
231579,song-tutorial,Minuet In F - Tutorial,https://admin.musora.com/admin#/content/pianote/231579,https://www.musora.com,2019-08-30,Classic,Classical,,,,,,,,
231441,quick-tips,Beautiful Melodic Patterns,https://admin.musora.com/admin#/content/pianote/231441,https://www.musora.com/pianote/quick-tips/beautiful-melodic-patterns/231441,2019-08-28,Beautiful Piano,,Chords & Scales,,Chord & Scale Theory,Key Signatures/Keys,Improvisation & Songwriting,,,
231441,quick-tips,Beautiful Melodic Patterns,https://admin.musora.com/admin#/content/pianote/231441,https://www.musora.com/pianote/quick-tips/beautiful-melodic-patterns/231441,2019-08-28,Improvisation,,,,,,,,,
231440,quick-tips,Create A Chord Progression For Every Mood,https://admin.musora.com/admin#/content/pianote/231440,https://www.musora.com/pianote/quick-tips/create-a-chord-progression-for-every-mood/231440,2019-08-26,Chord Progression,,,,Chord & Scale Theory,,Chording,,,
231578,song-tutorial,Ain't No Sunshine - Tutorial,https://admin.musora.com/admin#/content/pianote/231578,https://www.musora.com,2019-08-23,Blues,Jazz/Blues,,,,,,,,
231439,quick-tips,Simple Tips To Sight Read Faster,https://admin.musora.com/admin#/content/pianote/231439,https://www.musora.com/pianote/quick-tips/simple-tips-to-sight-read-faster/231439,2019-08-21,Sight Reading,,,,Sight Reading,,,,Practice Tips,
230440,quick-tips,3 Mistakes Beginner Piano Players Make And How To Avoid Them,https://admin.musora.com/admin#/content/pianote/230440,https://www.musora.com/pianote/quick-tips/3-mistakes-beginner-piano-players-make-and-how-to-avoid-them/230440,2019-08-14,Tips & Tricks,,,,,,,,Practice Tips,
230439,quick-tips,The Fastest Way To Go From Good To Great - Developing Control At The Piano,https://admin.musora.com/admin#/content/pianote/230439,https://www.musora.com/pianote/quick-tips/the-fastest-way-to-go-from-good-to-great---developing-control-at-the-piano-/230439,2019-08-12,Dynamics,,Dynamics,,,,,,,
230439,quick-tips,The Fastest Way To Go From Good To Great - Developing Control At The Piano,https://admin.musora.com/admin#/content/pianote/230439,https://www.musora.com/pianote/quick-tips/the-fastest-way-to-go-from-good-to-great---developing-control-at-the-piano-/230439,2019-08-12,Tips & Tricks,,,,,,,,,
230436,quick-tips,A Simple Way To Write Beautiful Melodies,https://admin.musora.com/admin#/content/pianote/230436,https://www.musora.com/pianote/quick-tips/a-simple-way-to-write-beautiful-melodies/230436,2019-08-07,Beautiful Piano,,,,,,Improvisation & Songwriting,,,
230436,quick-tips,A Simple Way To Write Beautiful Melodies,https://admin.musora.com/admin#/content/pianote/230436,https://www.musora.com/pianote/quick-tips/a-simple-way-to-write-beautiful-melodies/230436,2019-08-07,Improvisation,,,,,,,,,
230238,song-tutorial,Minuet In G - Tutorial,https://admin.musora.com/admin#/content/pianote/230238,https://www.musora.com,2019-08-02,Classic,Classical,,,,,,,,
229420,quick-tips,Make Your Chords Sound More Exciting,https://admin.musora.com/admin#/content/pianote/229420,https://www.musora.com/pianote/quick-tips/make-your-chords-sound-more-exciting/229420,2019-07-31,Fills & Riffs,,,,,,Riffs & Fills,Chording,,
229419,quick-tips,Using 7ths In Your Songs - The 4-3-2-1 Progression,https://admin.musora.com/admin#/content/pianote/229419,https://www.musora.com/pianote/quick-tips/using-7ths-in-your-songs---the-4-3-2-1-progression/229419,2019-07-29,Chord Progression,,,,Chord & Scale Theory,,Chording,,,
229419,quick-tips,Using 7ths In Your Songs - The 4-3-2-1 Progression,https://admin.musora.com/admin#/content/pianote/229419,https://www.musora.com/pianote/quick-tips/using-7ths-in-your-songs---the-4-3-2-1-progression/229419,2019-07-29,Improvisation,,,,,,,,,
229417,quick-tips,Simple But Epic Piano Speed Run,https://admin.musora.com/admin#/content/pianote/229417,https://www.musora.com/pianote/quick-tips/simple-but-epic-piano-speed-run/229417,2019-07-24,Technique,,Speed & Stamina,,,,Riffs & Fills,,,
229416,quick-tips,How To Change Key Mid-Song (3 Easy Ways),https://admin.musora.com/admin#/content/pianote/229416,https://www.musora.com/pianote/quick-tips/how-to-change-key-mid-song-3-easy-ways/229416,2019-07-22,Chords,,,,Key Signatures/Keys,,Improvisation & Songwriting,,,
229416,quick-tips,How To Change Key Mid-Song (3 Easy Ways),https://admin.musora.com/admin#/content/pianote/229416,https://www.musora.com/pianote/quick-tips/how-to-change-key-mid-song-3-easy-ways/229416,2019-07-22,Improvisation,,,,,,,,,
227482,quick-tips,"The Pentatonic Scale: Everything You Need To Know to Riff, Run and Improvise",https://admin.musora.com/admin#/content/pianote/227482,https://www.musora.com/pianote/quick-tips/the-pentatonic-scale-everything-you-need-to-know-to-riff-run-and-improvise/227482,2019-07-10,Technique,,Chords & Scales,,Chord & Scale Theory,,,,,
227478,quick-tips,Chord Extensions: How To Play Complicated Chords The Easy Way,https://admin.musora.com/admin#/content/pianote/227478,https://www.musora.com/pianote/quick-tips/neo-soul-for-beginners/227478,2019-07-08,Chords,,,,Chord & Scale Theory,,Chording,,,
227475,quick-tips,No More Finger Tension,https://admin.musora.com/admin#/content/pianote/227475,https://www.musora.com/pianote/quick-tips/no-more-finger-tension/227475,2019-07-03,Technique,,Finger Strength,,,,,,Practice Tips,
227474,quick-tips,How To Fake Being Awesome At The Piano,https://admin.musora.com/admin#/content/pianote/227474,https://www.musora.com/pianote/quick-tips/how-to-fake-being-awesome-at-the-piano-/227474,2019-07-01,Improvisation,,,,Chord & Scale Theory,,Improvisation & Songwriting,Chording,,
226816,quick-tips,How To Change Key - Transposing 101,https://admin.musora.com/admin#/content/pianote/226816,https://www.musora.com/pianote/quick-tips/how-to-change-key---transposing-101/226816,2019-06-26,Technique,,,,Key Signatures/Keys,,,,,
226815,boot-camps,Upping Your Technique Game,https://admin.musora.com/admin#/content/pianote/226815,https://www.musora.com/pianote/boot-camps/upping-your-technique-game/226815,2019-06-24,Technique,,Finger Strength,,Rhythm,Chord & Scale Theory,,,Practice Tips,
226216,song-tutorial,How Great Thou Art - Tutorial,https://admin.musora.com/admin#/content/pianote/226216,https://www.musora.com,2019-06-21,Gospel,Worship/Gospel,,,,,,,,
226214,quick-tips,You Aren't Too Busy To Practice - 10 Minute Practice Along,https://admin.musora.com/admin#/content/pianote/226214,https://www.musora.com/pianote/quick-tips/building-strength--endurance/226214,2019-06-19,Practice,,,,,,,,Practice Tips,
226213,quick-tips,Create Emotional Piano Music Using These 3 Notes,https://admin.musora.com/admin#/content/pianote/226213,https://www.musora.com/pianote/quick-tips/you-aren%27t-too-busy-to-practice/226213,2019-06-17,Improvisation,,,,Chord & Scale Theory,,Improvisation & Songwriting,Chording,,
226210,quick-tips,Piano For Singers,https://admin.musora.com/admin#/content/pianote/226210,https://www.musora.com/pianote/quick-tips/piano-for-singers/226210,2019-06-12,Accompaniment,,,,Chord & Scale Theory,,Chording,,,
226210,quick-tips,Piano For Singers,https://admin.musora.com/admin#/content/pianote/226210,https://www.musora.com/pianote/quick-tips/piano-for-singers/226210,2019-06-12,Chord Progression,,,,,,,,,
226209,quick-tips,Be The Boss Of Two-Octave Scales,https://admin.musora.com/admin#/content/pianote/226209,https://www.musora.com/pianote/quick-tips/be-the-boss-of-two-octave-scales/226209,2019-06-10,Technique,,Finger Strength,Chords & Scales,Chord & Scale Theory,,,,,
225981,quick-tips,Build Hand Independence WIth The Blues,https://admin.musora.com/admin#/content/pianote/225981,https://www.musora.com/pianote/quick-tips/build-hand-independence-with-the-blues/225981,2019-06-05,Jazz & Blues,Jazz/Blues,Independence,,,,,,,
225980,quick-tips,Play Big Chords Pain Free (How To Eliminate Hand Tension),https://admin.musora.com/admin#/content/pianote/225980,https://www.musora.com/pianote/quick-tips/get-rid-of-tension/225980,2019-06-03,Technique,,Finger Strength,,,,Chording,,Practice Tips,
224859,quick-tips,Create Your Own Epic Soundtrack With This Simple Trick,https://admin.musora.com/admin#/content/pianote/224859,https://www.musora.com/pianote/quick-tips/create-your-own-epic-soundtrack-with-this-simple-trick/224859,2019-05-29,Chord Progression,,,,Chord & Scale Theory,,Improvisation & Songwriting,,,
224858,quick-tips,Passing Chords For The Sweet R&B Gospel Sound,https://admin.musora.com/admin#/content/pianote/224858,https://www.musora.com/pianote/quick-tips/passing-chords-for-the-sweet-rb-gospel-sound/224858,2019-05-27,Chords,Worship/Gospel,,,Chord & Scale Theory,,Chording,,,
224858,quick-tips,Passing Chords For The Sweet R&B Gospel Sound,https://admin.musora.com/admin#/content/pianote/224858,https://www.musora.com/pianote/quick-tips/passing-chords-for-the-sweet-rb-gospel-sound/224858,2019-05-27,Styles,,,,,,,,,
224831,quick-tips,Quick Chord Transitions,https://admin.musora.com/admin#/content/pianote/224831,https://www.musora.com/pianote/quick-tips/quick-chord-transitions/224831,2019-05-22,Chords,,,,Chord & Scale Theory,,Chording,,,
224830,quick-tips,What Are Diatonic Chords,https://admin.musora.com/admin#/content/pianote/224830,https://www.musora.com/pianote/quick-tips/what-are-diatonic-chords/224830,2019-05-20,Improvisation,,,,Chord & Scale Theory,,Improvisation & Songwriting,Chording,,
224830,quick-tips,What Are Diatonic Chords,https://admin.musora.com/admin#/content/pianote/224830,https://www.musora.com/pianote/quick-tips/what-are-diatonic-chords/224830,2019-05-20,Technique,,,,,,,,,
224830,quick-tips,What Are Diatonic Chords,https://admin.musora.com/admin#/content/pianote/224830,https://www.musora.com/pianote/quick-tips/what-are-diatonic-chords/224830,2019-05-20,Technique,,,,,,,,,
224470,quick-tips,De-stress At The Piano - Finding The Flow State,https://admin.musora.com/admin#/content/pianote/224470,https://www.musora.com/pianote/quick-tips/de-stress-at-the-piano---finding-the-flow-state/224470,2019-05-15,Improvisation,,,,,,Improvisation & Songwriting,,Practice Tips,
224469,quick-tips,7ths For Small Hands,https://admin.musora.com/admin#/content/pianote/224469,https://www.musora.com/pianote/quick-tips/7ths-for-small-hands/224469,2019-05-13,Chords,,Finger Strength,,Chord & Scale Theory,,,,,
224468,song-tutorial,Oh Happy Day - Tutorial,https://admin.musora.com/admin#/content/pianote/224468,https://www.musora.com,2019-05-10,Gospel,Worship/Gospel,,,,,,,,
224466,quick-tips,Open Chord Voicings - Taking Your Chords From Bland To Beautiful,https://admin.musora.com/admin#/content/pianote/224466,https://www.musora.com/pianote/quick-tips/open-chord-voicings---taking-your-chords-from-bland-to-beautiful/224466,2019-05-08,Beautiful Piano,,,,Chord & Scale Theory,,Chording,,,
224466,quick-tips,Open Chord Voicings - Taking Your Chords From Bland To Beautiful,https://admin.musora.com/admin#/content/pianote/224466,https://www.musora.com/pianote/quick-tips/open-chord-voicings---taking-your-chords-from-bland-to-beautiful/224466,2019-05-08,Chords,,,,,,,,,
224465,quick-tips,"Piano Exercises for Beginners - Develop Hand Independence, Dexterity and Control",https://admin.musora.com/admin#/content/pianote/224465,https://www.musora.com/pianote/quick-tips/piano-exercises-for-beginners---develop-hand-independence-dexterity-and-control/224465,2019-05-06,Hand Independence,,Speed & Stamina,Independence,,,,,,
224465,quick-tips,"Piano Exercises for Beginners - Develop Hand Independence, Dexterity and Control",https://admin.musora.com/admin#/content/pianote/224465,https://www.musora.com/pianote/quick-tips/piano-exercises-for-beginners---develop-hand-independence-dexterity-and-control/224465,2019-05-06,Technique,,,,,,,,,
224463,quick-tips,Understanding 7ths,https://admin.musora.com/admin#/content/pianote/224463,https://www.musora.com/pianote/quick-tips/understanding-7ths/224463,2019-05-01,Chords,,,,Chord & Scale Theory,,Chording,,,
223644,quick-tips,Improvising Beautiful Melodies,https://admin.musora.com/admin#/content/pianote/223644,https://www.musora.com/pianote/quick-tips/improvising-beautiful-melodies/223644,2019-04-29,Beautiful Piano,,,,,,Improvisation & Songwriting,,,
223643,song-tutorial,All Of Me - Tutorial,https://admin.musora.com/admin#/content/pianote/223643,https://www.musora.com,2019-04-26,Ballad,Pop/Rock,,,,,,,,
223642,quick-tips,How To Harmonize A Melody,https://admin.musora.com/admin#/content/pianote/223642,https://www.musora.com/pianote/quick-tips/how-to-harmonize-a-melody/223642,2019-04-24,Chords,,,,Chord & Scale Theory,,Chording,,,
223641,quick-tips,Arpeggio Patterns For Intensity And Mood,https://admin.musora.com/admin#/content/pianote/223641,https://www.musora.com/pianote/quick-tips/arpeggio-patterns-for-intensity-and-mood/223641,2019-04-22,Improvisation,,Arpeggios,,,,Improvisation & Songwriting,,,
223641,quick-tips,Arpeggio Patterns For Intensity And Mood,https://admin.musora.com/admin#/content/pianote/223641,https://www.musora.com/pianote/quick-tips/arpeggio-patterns-for-intensity-and-mood/223641,2019-04-22,Technique,,,,,,,,,
223640,song-tutorial,Piano Man - Tutorial,https://admin.musora.com/admin#/content/pianote/223640,https://www.musora.com/pianote/song-tutorials/piano-man/223640,2019-04-19,Ballad,Pop/Rock,,,,,,,,
223640,song-tutorial,Piano Man - Tutorial,https://admin.musora.com/admin#/content/pianote/223640,https://www.musora.com/pianote/song-tutorials/piano-man/223640,2019-04-19,Rock,,,,,,,,,
223388,boot-camps,Pop Chord Progression Bootcamp,https://admin.musora.com/admin#/content/pianote/223388,https://www.musora.com/pianote/boot-camps/pop-chord-progression-boot-camp/223388,2019-04-17,Chord Progression,Pop/Rock,,,Chord & Scale Theory,,Chording,,,
223592,course,The Four Pillars Of Improvisation,https://admin.musora.com/admin#/content/pianote/223592,https://www.musora.com/pianote/courses/the-four-pillars-of-improvisation/223592,2019-04-15,Improvisation,,,,,,Improvisation & Songwriting,,,
222918,song-tutorial,La Vie En Rose - Tutorial,https://admin.musora.com/admin#/content/pianote/222918,https://www.musora.com,2019-04-12,Chording,Pop/Rock,,,,,Chording,,,
222918,song-tutorial,La Vie En Rose - Tutorial,https://admin.musora.com/admin#/content/pianote/222918,https://www.musora.com,2019-04-12,Sight Reading,,,,,,,,,
222917,quick-tips,Simple Latin Jazz Bass Line,https://admin.musora.com/admin#/content/pianote/222917,https://www.musora.com/pianote/quick-tips/simple-latin-jazz-bassline/222917,2019-04-08,Jazz & Blues,Jazz/Blues,,,Chord & Scale Theory,,,,,
222781,quick-tips,Right Hand Piano Fills & Tricks,https://admin.musora.com/admin#/content/pianote/222781,https://www.musora.com/pianote/quick-tips/right-hand-piano-fills--tricks/222781,2019-04-02,Fills & Riffs,,,,,,Riffs & Fills,Improvisation & Songwriting,,
222781,quick-tips,Right Hand Piano Fills & Tricks,https://admin.musora.com/admin#/content/pianote/222781,https://www.musora.com/pianote/quick-tips/right-hand-piano-fills--tricks/222781,2019-04-02,Improvisation,,,,,,,,,
222780,quick-tips,The Secret To Background Music - How To Waste Time At The Piano,https://admin.musora.com/admin#/content/pianote/222780,https://www.musora.com/pianote/quick-tips/the-secret-to-background-music---how-to-waste-time-at-the-piano/222780,2019-04-01,Improvisation,,,,,,Improvisation & Songwriting,,,
221831,song-tutorial,Hallelujah - Tutorial,https://admin.musora.com/admin#/content/pianote/221831,https://www.musora.com,2019-03-29,Ballad,Pop/Rock,,,,,,,,
221921,quick-tips,Understanding Chord Inversions,https://admin.musora.com/admin#/content/pianote/221921,https://www.musora.com/pianote/quick-tips/understanding-chord-inversions/221921,2019-03-18,Chords,,,,Chord & Scale Theory,,Chording,,,
221921,quick-tips,Understanding Chord Inversions,https://admin.musora.com/admin#/content/pianote/221921,https://www.musora.com/pianote/quick-tips/understanding-chord-inversions/221921,2019-03-18,Technique,,,,,,,,,
221020,quick-tips,How To Read Notes,https://admin.musora.com/admin#/content/pianote/221020,https://www.musora.com/pianote/quick-tips/quick-tip---how-to-read-notes/221020,2019-03-13,Sight Reading,,,,Chord & Scale Theory,Key Signatures/Keys,,,,
221020,quick-tips,How To Read Notes,https://admin.musora.com/admin#/content/pianote/221020,https://www.musora.com/pianote/quick-tips/quick-tip---how-to-read-notes/221020,2019-03-13,Theory,,,,,,,,,
221212,course,Gospel Essentials,https://admin.musora.com/admin#/content/pianote/221212,https://www.musora.com/pianote/courses/gospel-essentials/221212,2019-03-12,Gospel,Worship/Gospel,,,,,Chording,Improvisation & Songwriting,,
221212,course,Gospel Essentials,https://admin.musora.com/admin#/content/pianote/221212,https://www.musora.com/pianote/courses/gospel-essentials/221212,2019-03-12,Gospel,,,,,,,,,
221257,course,Introduction To Latin Jazz,https://admin.musora.com/admin#/content/pianote/221257,https://www.musora.com/pianote/courses/introduction-to-latin-jazz/221257,2019-03-12,Latin Jazz,Latin/World,,,Chord & Scale Theory,Rhythm,,,,
221244,course,Creative Songwriting,https://admin.musora.com/admin#/content/pianote/221244,https://www.musora.com/pianote/courses/creative-songwriting/221244,2019-03-12,Songwriting,,,,,Composition & Arranging,Improvisation & Songwriting,,,
221019,quick-tips,Practicing Piano: Finding Inspiration,https://admin.musora.com/admin#/content/pianote/221019,https://www.musora.com/pianote/quick-tips/quick-tip---practicing-piano-finding-inspiration/221019,2019-03-11,Improvisation,,,,,,Improvisation & Songwriting,,Practice Tips,
221019,quick-tips,Practicing Piano: Finding Inspiration,https://admin.musora.com/admin#/content/pianote/221019,https://www.musora.com/pianote/quick-tips/quick-tip---practicing-piano-finding-inspiration/221019,2019-03-11,Practice,,,,,,,,,
221014,quick-tips,Basic Time Signatures,https://admin.musora.com/admin#/content/pianote/221014,https://www.musora.com/pianote/quick-tips/basic-time-signatures/221014,2019-03-06,Theory,,,,Rhythm,,,,,
221013,quick-tips,Tips For Memorizing Piano Music,https://admin.musora.com/admin#/content/pianote/221013,https://www.musora.com/pianote/quick-tips/quick-tip-tips-for-memorizing-piano-music/221013,2019-03-04,Tips & Tricks,,,,,,,,Practice Tips,
220813,quick-tips,Piano Theory: Understanding Rhythm,https://admin.musora.com/admin#/content/pianote/220813,https://www.musora.com/pianote/quick-tips/quick-tip---piano-theory-understanding-rhythm/220813,2019-02-27,Theory,,,,Rhythm,,,,,
220812,quick-tips,Bluesiest Piano Riff Of All Time,https://admin.musora.com/admin#/content/pianote/220812,https://www.musora.com/pianote/quick-tips/bluesiest-piano-riff-of-all-time/220812,2019-02-25,Improvisation,Jazz/Blues,,,Chord & Scale Theory,Rhythm,Riffs & Fills,,,
220812,quick-tips,Bluesiest Piano Riff Of All Time,https://admin.musora.com/admin#/content/pianote/220812,https://www.musora.com/pianote/quick-tips/bluesiest-piano-riff-of-all-time/220812,2019-02-25,Jazz & Blues,,,,,,,,,
219630,student-review,"Nelida, Isabella, Marce",https://admin.musora.com/admin#/content/pianote/219630,https://www.musora.com/pianote/student-reviews/student-focus-02-20-2019/219630,2019-02-20,Student Focus,,Finger Strength,,,,Chording,,Practice Tips,
220533,quick-tips,The Most Important Interval,https://admin.musora.com/admin#/content/pianote/220533,https://www.musora.com/pianote/quick-tips/quick-tip-the-most-important-interval/220533,2019-02-20,Theory,,,,Chord & Scale Theory,Composition & Arranging,Improvisation & Songwriting,,,
219628,quick-tips,12-Bar Blues,https://admin.musora.com/admin#/content/pianote/219628,https://www.musora.com/pianote/quick-tips/quick-tip-12-bar-blues/219628,2019-02-13,Jazz & Blues,Jazz/Blues,,,Chord & Scale Theory,Rhythm,,,,
219627,quick-tips,Piano Speed Drills: How To Play Faster And Better,https://admin.musora.com/admin#/content/pianote/219627,https://www.musora.com/pianote/quick-tips/piano-speed-drills-how-to-play-faster-and-better/219627,2019-02-11,Hand Independence,,Speed & Stamina,Independence,,,,,Practice Tips,
219627,quick-tips,Piano Speed Drills: How To Play Faster And Better,https://admin.musora.com/admin#/content/pianote/219627,https://www.musora.com/pianote/quick-tips/piano-speed-drills-how-to-play-faster-and-better/219627,2019-02-11,Practice,,,,,,,,,
219627,quick-tips,Piano Speed Drills: How To Play Faster And Better,https://admin.musora.com/admin#/content/pianote/219627,https://www.musora.com/pianote/quick-tips/piano-speed-drills-how-to-play-faster-and-better/219627,2019-02-11,Technique,,,,,,,,,
219624,quick-tips,How To Play A Piano Solo For Beginners,https://admin.musora.com/admin#/content/pianote/219624,https://www.musora.com/pianote/quick-tips/quick-tip-how-to-play-a-piano-solo-for-beginners/219624,2019-02-06,Chord Progression,,,,Chord & Scale Theory,,Improvisation & Songwriting,Chording,,
219624,quick-tips,How To Play A Piano Solo For Beginners,https://admin.musora.com/admin#/content/pianote/219624,https://www.musora.com/pianote/quick-tips/quick-tip-how-to-play-a-piano-solo-for-beginners/219624,2019-02-06,Improvisation,,,,,,,,,
219623,quick-tips,Understanding Intervals,https://admin.musora.com/admin#/content/pianote/219623,https://www.musora.com/pianote/quick-tips/understanding-intervals/219623,2019-02-04,Theory,,,,Chord & Scale Theory,,,,,
218896,quick-tips,Minor Montuno,https://admin.musora.com/admin#/content/pianote/218896,https://www.musora.com/pianote/quick-tips/quick-tip-minor-montuno/218896,2019-01-30,Styles,,Independence,,Key Signatures/Keys,Chord & Scale Theory,,,,
218894,quick-tips,Major Montuno with Gabriel Palatchi,https://admin.musora.com/admin#/content/pianote/218894,https://www.musora.com/pianote/quick-tips/quick-tip-major-montuno/218894,2019-01-28,Styles,,,,,,,,,
218416,student-review,"Nelida, Salvador",https://admin.musora.com/admin#/content/pianote/218416,https://www.musora.com/pianote/student-reviews/student-focus-nelida-salvador/218416,2019-01-23,Student Focus,,Independence,,,,Improvisation & Songwriting,,Practice Tips,
218415,quick-tips,How To Play Scales Hands Together,https://admin.musora.com/admin#/content/pianote/218415,https://www.musora.com/pianote/quick-tips/quick-tip-how-to-play-scales-hands-together/218415,2019-01-23,Technique,,Independence,Chords & Scales,Chord & Scale Theory,,,,Practice Tips,
218413,quick-tips,Matching Chords To Piano Melodies,https://admin.musora.com/admin#/content/pianote/218413,https://www.musora.com/pianote/quick-tips/quick-tip-matching-chords-to-piano-melodies/218413,2019-01-21,Chords,,,,Chord & Scale Theory,,Chording,,,
217352,quick-tips,Chord Progression Tips & Tricks,https://admin.musora.com/admin#/content/pianote/217352,https://www.musora.com/pianote/quick-tips/quick-tip-chord-progression-tips-tricks/217352,2019-01-09,Chord Progression,,,,Chord & Scale Theory,Composition & Arranging,Chording,,,
217313,quick-tips,Counting Complicated Rhythms,https://admin.musora.com/admin#/content/pianote/217313,https://www.musora.com/pianote/quick-tips/quick-tip-counting-complicated-rhythms/217313,2019-01-07,Sight Reading,,,,Rhythm,,,,,
217313,quick-tips,Counting Complicated Rhythms,https://admin.musora.com/admin#/content/pianote/217313,https://www.musora.com/pianote/quick-tips/quick-tip-counting-complicated-rhythms/217313,2019-01-07,Technique,,,,,,,,,
217310,boot-camps,Hand Independence Bootcamp For Beginners,https://admin.musora.com/admin#/content/pianote/217310,https://www.musora.com/pianote/boot-camps/quick-tip-hand-independence-bootcamp-for-beginners/217310,2019-01-02,Hand Independence,,Independence,,,,,,,
217310,boot-camps,Hand Independence Bootcamp For Beginners,https://admin.musora.com/admin#/content/pianote/217310,https://www.musora.com/pianote/boot-camps/quick-tip-hand-independence-bootcamp-for-beginners/217310,2019-01-02,Technique,,,,,,,,,
215944,quick-tips,Piano Chord Inversions,https://admin.musora.com/admin#/content/pianote/215944,https://www.musora.com/pianote/quick-tips/quick-tip-piano-chord-inversions/215944,2018-12-31,Chords,,,,,,,,,
215944,quick-tips,Piano Chord Inversions,https://admin.musora.com/admin#/content/pianote/215944,https://www.musora.com/pianote/quick-tips/quick-tip-piano-chord-inversions/215944,2018-12-31,Technique,,,,,,,,,
215951,quick-tips,Tips For Playing Piano Beautifully,https://admin.musora.com/admin#/content/pianote/215951,https://www.musora.com/pianote/quick-tips/quick-tip-tips-for-playing-piano-beautifully/215951,2018-12-26,Technique,,Dynamics,,,,,,Practice Tips,Performance
215950,quick-tips,Hand Independence For Beginners,https://admin.musora.com/admin#/content/pianote/215950,https://www.musora.com/pianote/quick-tips/quick-tip-hand-independence-for-beginners/215950,2018-12-24,Hand Independence,,Independence,,,,,,,
215950,quick-tips,Hand Independence For Beginners,https://admin.musora.com/admin#/content/pianote/215950,https://www.musora.com/pianote/quick-tips/quick-tip-hand-independence-for-beginners/215950,2018-12-24,Technique,,,,,,,,,
216920,student-review,"Nelida, Tim, Isabella",https://admin.musora.com/admin#/content/pianote/216920,https://www.musora.com/pianote/student-reviews/student-focus-nelida-tim-isabella/216920,2018-12-19,Student Focus,,Independence,Arpeggios,,,Improvisation & Songwriting,,Practice Tips,
215947,quick-tips,Developing Dexterity On The Keys,https://admin.musora.com/admin#/content/pianote/215947,https://www.musora.com/pianote/quick-tips/quick-tip-developing-dexterity-on-the-keys/215947,2018-12-19,Technique,,Finger Strength,Speed & Stamina,,,,,,
215945,quick-tips,"How To Play Trills, Embellishments & Ornaments",https://admin.musora.com/admin#/content/pianote/215945,https://www.musora.com/pianote/quick-tips/quick-tip-how-to-play-trills-embellishments-ornaments/215945,2018-12-12,Technique,,Finger Strength,,,,Riffs & Fills,,,
216144,student-review,"Nelida, Tim, Jesus, Speen",https://admin.musora.com/admin#/content/pianote/216144,https://www.musora.com/pianote/student-reviews/student-focus-nelida-tim-jesus-speen/216144,2018-11-30,Student Focus,,Pedaling,,Rhythm,Composition & Arranging,Chording,Improvisation & Songwriting,,
221844,song-tutorial,Joy To The World - Tutorial,https://admin.musora.com/admin#/content/pianote/221844,https://www.musora.com,2018-11-28,Christmas,Holiday/Soundtrack,,,,,,,,
215035,quick-tips,Learn How To Play Songs On The Piano By Ear,https://admin.musora.com/admin#/content/pianote/215035,https://www.musora.com/pianote/quick-tips/quick-tip-learn-how-to-play-songs-on-the-piano-by-ear/215035,2018-11-26,Chord Progression,,,,Chord & Scale Theory,,,,,
215035,quick-tips,Learn How To Play Songs On The Piano By Ear,https://admin.musora.com/admin#/content/pianote/215035,https://www.musora.com/pianote/quick-tips/quick-tip-learn-how-to-play-songs-on-the-piano-by-ear/215035,2018-11-26,Ear Training,,,,,,,,,
215033,quick-tips,The Major 9th Chord: The Chord Of Morning Light,https://admin.musora.com/admin#/content/pianote/215033,https://www.musora.com/pianote/quick-tips/quick-tip-the-major-9th-chord-the-chord-of-morning-light/215033,2018-11-21,Chords,,,,Chord & Scale Theory,,Chording,,,
215032,quick-tips,Reading Chord Charts For Piano,https://admin.musora.com/admin#/content/pianote/215032,https://www.musora.com/pianote/quick-tips/quick-tip-reading-chord-charts-for-piano/215032,2018-11-19,Chords,,,,Chord & Scale Theory,,Chording,,,
215029,quick-tips,The Diminished 7th Chord: The Chord of Villainy,https://admin.musora.com/admin#/content/pianote/215029,https://www.musora.com/pianote/quick-tips/quick-tip-the-diminished-7th-chord-the-chord-of-villainy/215029,2018-11-14,Chords,,,,Chord & Scale Theory,,Chording,,,
215028,quick-tips,Piano Finger Speed Exercises,https://admin.musora.com/admin#/content/pianote/215028,https://www.musora.com/pianote/quick-tips/quick-tip-piano-finger-speed-exercises/215028,2018-11-12,Practice,,Speed & Stamina,,,,,,Practice Tips,
215028,quick-tips,Piano Finger Speed Exercises,https://admin.musora.com/admin#/content/pianote/215028,https://www.musora.com/pianote/quick-tips/quick-tip-piano-finger-speed-exercises/215028,2018-11-12,Technique,,,,,,,,,
215026,quick-tips,3 Great Blues Riffs That Anyone Can Play,https://admin.musora.com/admin#/content/pianote/215026,https://www.musora.com/pianote/quick-tips/quick-tip-3-great-blues-riffs-that-anyone-can-play/215026,2018-11-07,Jazz & Blues,Jazz/Blues,,,,,Riffs & Fills,,,
215025,boot-camps,Beginner Left Hand Bootcamp,https://admin.musora.com/admin#/content/pianote/215025,https://www.musora.com/pianote/boot-camps/quick-tip-beginner-left-hand-boot-camp/215025,2018-11-05,Technique,,Independence,Finger Strength,,,,,,
212652,quick-tips,The Blues Scale Formula,https://admin.musora.com/admin#/content/pianote/212652,https://www.musora.com/pianote/quick-tips/quick-tip-the-blues-scale-formula/212652,2018-10-29,Jazz & Blues,Jazz/Blues,Chords & Scales,,Chord & Scale Theory,,,,,
212653,quick-tips,How To Deal With Stage Fright,https://admin.musora.com/admin#/content/pianote/212653,https://www.musora.com/pianote/quick-tips/quick-tip-how-to-deal-with-stage-fright/212653,2018-10-22,Tips & Tricks,,,,,,,,Practice Tips,Performance
212650,quick-tips,Proper Hand Posture For Piano,https://admin.musora.com/admin#/content/pianote/212650,https://www.musora.com/pianote/quick-tips/quick-tip-proper-hand-posture-for-piano/212650,2018-10-15,Technique,,Finger Strength,,,,,,Practice Tips,
212649,quick-tips,Proper Posture At The Piano,https://admin.musora.com/admin#/content/pianote/212649,https://www.musora.com/pianote/quick-tips/quick-tip-proper-posture-at-the-piano/212649,2018-10-08,Technique,,,,,,,,,
212647,quick-tips,5 Elements Of A Perfect Piano Practice,https://admin.musora.com/admin#/content/pianote/212647,https://www.musora.com/pianote/quick-tips/quick-tip-5-elements-of-a-perfect-piano-practice/212647,2018-10-01,Tips & Tricks,,,,,,,,Practice Tips,
212416,quick-tips,Chord Feature - The Minor 7 Flat 5,https://admin.musora.com/admin#/content/pianote/212416,https://www.musora.com/pianote/quick-tips/chord-feature-the-minor-flat-5/212416,2018-09-28,Chords,,,,Chord & Scale Theory,,,,,
209923,quick-tips,The Best Blues Piano Bass Line (Left Hand Blues),https://admin.musora.com/admin#/content/pianote/209923,https://www.musora.com/pianote/quick-tips/quick-tip-the-best-blues-piano-bass-line-left-hand-blues/209923,2018-09-24,Jazz & Blues,Jazz/Blues,,,,,,,,
212415,quick-tips,Chord Feature - The Mega 7th,https://admin.musora.com/admin#/content/pianote/212415,https://www.musora.com/pianote/quick-tips/chord-feature-the-mega-7th/212415,2018-09-21,Chords,,,,Chord & Scale Theory,,,,,
209922,quick-tips,Use The 1-5-6-4 Progression To Play Your Favourite Pop Songs,https://admin.musora.com/admin#/content/pianote/209922,https://www.musora.com/pianote/quick-tips/quick-tip-use-the-1-5-6-4-progression-to-play-your-favourite-pop-songs/209922,2018-09-17,Chord Progression,Pop/Rock,,,Chord & Scale Theory,,Chording,,,
212414,quick-tips,Chord Feature - The Minor/Major 7th,https://admin.musora.com/admin#/content/pianote/212414,https://www.musora.com/pianote/quick-tips/chord-feature-the-minormajor-7th/212414,2018-09-14,Chords,,,,Chord & Scale Theory,,,,,
209921,quick-tips,How To Play Any Minor Scale On The Piano,https://admin.musora.com/admin#/content/pianote/209921,https://www.musora.com/pianote/quick-tips/quick-tip-how-to-play-any-minor-scale-on-the-piano/209921,2018-09-10,Technique,,Chords & Scales,,Chord & Scale Theory,Chord & Scale Theory,,,,
209919,quick-tips,4 Things Most Successful Piano Players Do,https://admin.musora.com/admin#/content/pianote/209919,https://www.musora.com/pianote/quick-tips/quick-tip-4-things-most-successful-piano-players-do/209919,2018-08-27,Tips & Tricks,,,,,,,,Practice Tips,
209918,quick-tips,What Are Dynamics (And How They Make Your Piano Playing Amazing),https://admin.musora.com/admin#/content/pianote/209918,https://www.musora.com/pianote/quick-tips/quick-tip-what-are-dynamics-and-how-they-make-your-piano-playing-amazing/209918,2018-08-20,Dynamics,,Dynamics,,,,,,,
209917,quick-tips,How To Actually Use The Circle Of 5ths To Create Chord Progressions,https://admin.musora.com/admin#/content/pianote/209917,https://www.musora.com/pianote/quick-tips/quick-tip-how-to-actually-use-the-circle-of-5ths-to-create-chord-progressions/209917,2018-08-13,Chord Progression,,,,Chord & Scale Theory,,,,,
210704,quick-tips,How Do Major And Minor Keys Affect Emotion,https://admin.musora.com/admin#/content/pianote/210704,https://www.musora.com/pianote/quick-tips/quick-tip-how-do-major-and-minor-keys-affect-emotion/210704,2018-08-06,Chords,,,,Key Signatures/Keys,Chord & Scale Theory,Improvisation & Songwriting,,,
210704,quick-tips,How Do Major And Minor Keys Affect Emotion,https://admin.musora.com/admin#/content/pianote/210704,https://www.musora.com/pianote/quick-tips/quick-tip-how-do-major-and-minor-keys-affect-emotion/210704,2018-08-06,Improvisation,,,,,,,,,
209913,quick-tips,The Ultimate Piano Warm-Up Exercise Routine (Only 3 Minutes),https://admin.musora.com/admin#/content/pianote/209913,https://www.musora.com/pianote/quick-tips/quick-tip-the-ultimate-piano-warm-up-exercise-routine-only-3-minutes/209913,2018-07-30,Hand Independence,,Independence,,,,,,Practice Tips,
209913,quick-tips,The Ultimate Piano Warm-Up Exercise Routine (Only 3 Minutes),https://admin.musora.com/admin#/content/pianote/209913,https://www.musora.com/pianote/quick-tips/quick-tip-the-ultimate-piano-warm-up-exercise-routine-only-3-minutes/209913,2018-07-30,Practice,,,,,,,,,
209913,quick-tips,The Ultimate Piano Warm-Up Exercise Routine (Only 3 Minutes),https://admin.musora.com/admin#/content/pianote/209913,https://www.musora.com/pianote/quick-tips/quick-tip-the-ultimate-piano-warm-up-exercise-routine-only-3-minutes/209913,2018-07-30,Technique,,,,,,,,,
207810,quick-tips,How To Build Complex Chords The Easy Way,https://admin.musora.com/admin#/content/pianote/207810,https://www.musora.com/pianote/quick-tips/quick-tip-how-to-build-complex-chords-the-easy-way/207810,2018-07-23,Chords,,,,Chord & Scale Theory,,Chording,,,
207814,quick-tips,How To Write A Song On The Piano,https://admin.musora.com/admin#/content/pianote/207814,https://www.musora.com/pianote/quick-tips/quick-tip-how-to-write-a-song-on-the-piano/207814,2018-07-16,Improvisation,,,,Composition & Arranging,,Improvisation & Songwriting,,,
207815,quick-tips,Style Switch - Simple Techniques To Switch Up Genre,https://admin.musora.com/admin#/content/pianote/207815,https://www.musora.com/pianote/quick-tips/style-switch-simple-techniques-to-switch-up-genre/207815,2018-07-13,Technique,,,,Chord & Scale Theory,,,,,
207816,quick-tips,How To Play The Piano And Sing At The Same Time,https://admin.musora.com/admin#/content/pianote/207816,https://www.musora.com/pianote/quick-tips/quick-tip-how-to-play-the-piano-and-sing-at-the-same-time/207816,2018-07-09,Chord Progression,,Independence,,Chord & Scale Theory,,Chording,,,
207817,quick-tips,Sight Reading Focus - Super Mario Theme,https://admin.musora.com/admin#/content/pianote/207817,https://www.musora.com/pianote/quick-tips/sight-reading-focus-super-mario-theme/207817,2018-07-04,Sight Reading,,,,Chord & Scale Theory,Rhythm,,,,
207768,quick-tips,How To Make Your Left Hand Better At The Piano,https://admin.musora.com/admin#/content/pianote/207768,https://www.musora.com/pianote/quick-tips/quick-tip-how-to-make-your-left-hand-better-at-the-piano/207768,2018-07-02,Hand Independence,,Independence,,,,,,,
206245,quick-tips,"Sight Reading Skills - ""Eine Kleine Nachtmusik""",https://admin.musora.com/admin#/content/pianote/206245,https://www.musora.com/pianote/quick-tips/sight-reading-skills-eine-kleine-nachtmusik/206245,2018-06-26,classical,Classical,,,Chord & Scale Theory,Rhythm,,,,
206245,quick-tips,"Sight Reading Skills - ""Eine Kleine Nachtmusik""",https://admin.musora.com/admin#/content/pianote/206245,https://www.musora.com/pianote/quick-tips/sight-reading-skills-eine-kleine-nachtmusik/206245,2018-06-26,Sight Reading,,,,,,,,,
206242,quick-tips,Piano Fills And Riffs,https://admin.musora.com/admin#/content/pianote/206242,https://www.musora.com/pianote/quick-tips/piano-fills-and-riffs/206242,2018-06-18,Fills & Riffs,,,,,,Riffs & Fills,,,
206248,quick-tips,Brilliant Blues Licks For Piano,https://admin.musora.com/admin#/content/pianote/206248,https://www.musora.com/pianote/quick-tips/quick-tip-brilliant-blues-licks-for-piano/206248,2018-06-18,Improvisation,Jazz/Blues,,,,,Riffs & Fills,Improvisation & Songwriting,,
206248,quick-tips,Brilliant Blues Licks For Piano,https://admin.musora.com/admin#/content/pianote/206248,https://www.musora.com/pianote/quick-tips/quick-tip-brilliant-blues-licks-for-piano/206248,2018-06-18,Jazz & Blues,,,,,,,,,
206247,quick-tips,Gluing Together Your Piano Phrases With Chromaticism,https://admin.musora.com/admin#/content/pianote/206247,https://www.musora.com/pianote/quick-tips/quick-tip-gluing-together-your-piano-phrases-with-chromaticism/206247,2018-06-11,Scales,,Chords & Scales,,Chord & Scale Theory,Composition & Arranging,,,,
206247,quick-tips,Gluing Together Your Piano Phrases With Chromaticism,https://admin.musora.com/admin#/content/pianote/206247,https://www.musora.com/pianote/quick-tips/quick-tip-gluing-together-your-piano-phrases-with-chromaticism/206247,2018-06-11,Technique,,,,,,,,,
203343,quick-tips,Playing Your First Jam Session,https://admin.musora.com/admin#/content/pianote/203343,https://www.musora.com/pianote/quick-tips/quick-tip-playing-your-first-jam-session/203343,2018-06-06,Improvisation,,,,,,Improvisation & Songwriting,,,
203342,quick-tips,The Creepiest Riff Ever,https://admin.musora.com/admin#/content/pianote/203342,https://www.musora.com/pianote/quick-tips/quick-tip-the-creepiest-riff-ever/203342,2018-06-04,Fills & Riffs,,,,,,Riffs & Fills,,,
206167,quick-tips,The 4 Streams Of Jazz Soloing,https://admin.musora.com/admin#/content/pianote/206167,https://www.musora.com/pianote/quick-tips/the-4-streams-of-jazz-soloing/206167,2018-06-01,Jazz & Blues,Jazz/Blues,,,,,Improvisation & Songwriting,,,
203339,quick-tips,Say Goodbye To Embarrassing Mistakes,https://admin.musora.com/admin#/content/pianote/203339,https://www.musora.com/pianote/quick-tips/quick-tip-say-goodbye-to-embarrassing-mistakes/203339,2018-05-30,Tips & Tricks,,,,,,,,Practice Tips,
203675,quick-tips,Identifying Major & Minor Chords,https://admin.musora.com/admin#/content/pianote/203675,https://www.musora.com/pianote/quick-tips/quick-tip-identifying-major-minor-chords/203675,2018-05-28,Technique,,,,Chord & Scale Theory,Key Signatures/Keys,Chording,,,
202603,quick-tips,Piano Practice Hacks For Busy People,https://admin.musora.com/admin#/content/pianote/202603,https://www.musora.com/pianote/quick-tips/quick-tip-piano-practice-hacks-for-busy-people/202603,2018-05-23,Practice,,,,,,,,Practice Tips,
202603,quick-tips,Piano Practice Hacks For Busy People,https://admin.musora.com/admin#/content/pianote/202603,https://www.musora.com/pianote/quick-tips/quick-tip-piano-practice-hacks-for-busy-people/202603,2018-05-23,Tips & Tricks,,,,,,,,,
205442,quick-tips,The 3-5-1 Riff,https://admin.musora.com/admin#/content/pianote/205442,https://www.musora.com/pianote/quick-tips/quick-tip-the-3-5-1-riff/205442,2018-05-21,Chord Progression,,,,Chord & Scale Theory,,Riffs & Fills,,,
202599,quick-tips,Suspended Chords 101,https://admin.musora.com/admin#/content/pianote/202599,https://www.musora.com/pianote/quick-tips/quick-tip-suspended-chords-101/202599,2018-05-16,Chords,,,,Chord & Scale Theory,,,,,
203523,boot-camps,Left Hand Patterns For Improv,https://admin.musora.com/admin#/content/pianote/203523,https://www.musora.com/pianote/boot-camps/practice-along-left-hand-patterns-for-improv/203523,2018-05-16,Improvisation,,Independence,,,,Improvisation & Songwriting,,,
202598,quick-tips,What To Do When You Get Frustrated,https://admin.musora.com/admin#/content/pianote/202598,https://www.musora.com/pianote/quick-tips/quick-tip-what-to-do-when-you-get-frustrated/202598,2018-05-14,Tips & Tricks,,,,,,,,Practice Tips,
202234,quick-tips,Identifying Inversions,https://admin.musora.com/admin#/content/pianote/202234,https://www.musora.com/pianote/quick-tips/quick-tip-identifying-inversions/202234,2018-05-09,Chords,,,,Chord & Scale Theory,,,,,
203417,quick-tips,Effortless Mastery,https://admin.musora.com/admin#/content/pianote/203417,https://www.musora.com/pianote/quick-tips/effortless-mastery/203417,2018-05-09,Practice,,,,,,,,Practice Tips,
202589,quick-tips,So You Want To Sound Like A Maestro,https://admin.musora.com/admin#/content/pianote/202589,https://www.musora.com/pianote/quick-tips/quick-tip-so-you-want-to-sound-like-a-maestro/202589,2018-05-07,Technique,,,,Chord & Scale Theory,,,,Practice Tips,
202231,quick-tips,Sustain Pedal Success,https://admin.musora.com/admin#/content/pianote/202231,https://www.musora.com/pianote/quick-tips/quick-tip-sustain-pedal-success/202231,2018-05-02,Technique,,Pedaling,,,,,,,
201890,quick-tips,Crescendos & Decrescendos,https://admin.musora.com/admin#/content/pianote/201890,https://www.musora.com/pianote/quick-tips/quick-tip-crescendos-decrescendos/201890,2018-04-25,Dynamics,,Dynamics,,,,,,,
202586,quick-tips,Improvising For Total Beginners,https://admin.musora.com/admin#/content/pianote/202586,https://www.musora.com/pianote/quick-tips/quick-tip-improvising-for-total-beginners/202586,2018-04-23,Improvisation,,,,,,Improvisation & Songwriting,,,
201886,quick-tips,Structuring Your Practice Time,https://admin.musora.com/admin#/content/pianote/201886,https://www.musora.com/pianote/quick-tips/quick-tip-structuring-your-practice-time/201886,2018-04-18,Practice,,,,,,,,Practice Tips,
202585,quick-tips,3 Tips To Make Your Scales More Exciting,https://admin.musora.com/admin#/content/pianote/202585,https://www.musora.com/pianote/quick-tips/quick-tip-3-tips-to-make-your-scales-more-exciting/202585,2018-04-16,Technique,,Chords & Scales,,Chord & Scale Theory,,,,,
201877,quick-tips,Adding Color To Simple Chords,https://admin.musora.com/admin#/content/pianote/201877,https://www.musora.com/pianote/quick-tips/quick-tip-adding-color-to-simple-chords/201877,2018-04-11,Chords,,,,Chord & Scale Theory,,Chording,,,
201875,quick-tips,Incorporating Improv Into Your Practice Routine,https://admin.musora.com/admin#/content/pianote/201875,https://www.musora.com/pianote/quick-tips/quick-tip-incorporating-improv-into-your-practice-routine/201875,2018-04-09,Improvisation,,,,,,Improvisation & Songwriting,,Practice Tips,
201875,quick-tips,Incorporating Improv Into Your Practice Routine,https://admin.musora.com/admin#/content/pianote/201875,https://www.musora.com/pianote/quick-tips/quick-tip-incorporating-improv-into-your-practice-routine/201875,2018-04-09,Practice,,,,,,,,,
198620,quick-tips,Playing With Minor & Major 7th Chords,https://admin.musora.com/admin#/content/pianote/198620,https://www.musora.com/pianote/quick-tips/quick-tip-playing-with-minor-major-7th-chords/198620,2018-04-02,Chords,,,,Chord & Scale Theory,,,,,
197014,boot-camps,More Chord Progression Tips And Tricks,https://admin.musora.com/admin#/content/pianote/197014,https://www.musora.com/pianote/boot-camps/practice-along-more-chord-progression-tips-and-tricks/197014,2017-12-14,Chord Progression,,,,Chord & Scale Theory,,Chording,,Practice Tips,
197018,boot-camps,Storylines And Practice Time,https://admin.musora.com/admin#/content/pianote/197018,https://www.musora.com/pianote/boot-camps/practice-along-storylines-and-practice-time/197018,2017-11-29,Improvisation,,,,,,Improvisation & Songwriting,,Practice Tips,
197028,boot-camps,Major and Minor Keys,https://admin.musora.com/admin#/content/pianote/197028,https://www.musora.com/pianote/boot-camps/practice-along-major-and-minor-keys/197028,2017-11-24,Technique,,,,Key Signatures/Keys,,,,,
197030,boot-camps,Arpeggios,https://admin.musora.com/admin#/content/pianote/197030,https://www.musora.com/pianote/boot-camps/practice-along-arpeggios/197030,2017-11-09,Technique,,Arpeggios,,,,,,,
197038,boot-camps,A Beginner's Guide To Riffs And Runs,https://admin.musora.com/admin#/content/pianote/197038,https://www.musora.com/pianote/boot-camps/practice-along-a-beginners-guide-to-riffs-and-runs/197038,2017-10-18,Improvisation,,,,,,Riffs & Fills,Improvisation & Songwriting,,
197038,boot-camps,A Beginner's Guide To Riffs And Runs,https://admin.musora.com/admin#/content/pianote/197038,https://www.musora.com/pianote/boot-camps/practice-along-a-beginners-guide-to-riffs-and-runs/197038,2017-10-18,Technique,,,,,,,,,
197036,boot-camps,Chord Progression Tips And Tricks,https://admin.musora.com/admin#/content/pianote/197036,https://www.musora.com/pianote/boot-camps/practice-along-chord-progression-tips-and-tricks/197036,2017-10-11,Chord Progression,,,,Chord & Scale Theory,,Chording,,,
197034,boot-camps,The Minor Keys (Harmonic and Melodic Minor),https://admin.musora.com/admin#/content/pianote/197034,https://www.musora.com/pianote/boot-camps/practice-along-the-minor-keys-harmonic-and-melodic-minor/197034,2017-10-06,Technique,,,,Key Signatures/Keys,,,,,
197051,boot-camps,Hand Independence,https://admin.musora.com/admin#/content/pianote/197051,https://www.musora.com/pianote/boot-camps/practice-along-hand-independence/197051,2017-09-27,Hand Independence,,Independence,,,,,,,
197042,boot-camps,The Blues,https://admin.musora.com/admin#/content/pianote/197042,https://www.musora.com/pianote/boot-camps/practice-along-the-blues/197042,2017-09-20,Jazz & Blues,Jazz/Blues,,,,,,,,
197042,boot-camps,The Blues,https://admin.musora.com/admin#/content/pianote/197042,https://www.musora.com/pianote/boot-camps/practice-along-the-blues/197042,2017-09-20,Technique,,,,,,,,,
197053,boot-camps,The Minor Keys,https://admin.musora.com/admin#/content/pianote/197053,https://www.musora.com/pianote/boot-camps/practice-along-the-minor-keys/197053,2017-09-13,Technique,,,,Key Signatures/Keys,,,,,
197059,boot-camps,Scales and Triads,https://admin.musora.com/admin#/content/pianote/197059,https://www.musora.com/pianote/boot-camps/practice-along-scales-and-triads/197059,2017-09-06,Technique,,Chords & Scales,,,Chord & Scale Theory,Chording,,,
197061,quick-tips,Hand Independence Exercises Made Musical,https://admin.musora.com/admin#/content/pianote/197061,https://www.musora.com/pianote/quick-tips/hand-independence-exercises-made-musical/197061,2017-09-01,Hand Independence,,Independence,,,,,,,
197061,quick-tips,Hand Independence Exercises Made Musical,https://admin.musora.com/admin#/content/pianote/197061,https://www.musora.com/pianote/quick-tips/hand-independence-exercises-made-musical/197061,2017-09-01,Technique,,,,,,,,,
197075,quick-tips,11th Chords,https://admin.musora.com/admin#/content/pianote/197075,https://www.musora.com/pianote/quick-tips/11th-chords/197075,2017-06-28,Chords,,,,Chord & Scale Theory,,,,,
197100,quick-tips,Chordhacks,https://admin.musora.com/admin#/content/pianote/197100,https://www.musora.com/pianote/quick-tips/chordhacks/197100,2017-04-07,Chords,,,,Chord & Scale Theory,,Chording,,,
197104,quick-tips,Choosing A Keyboard,https://admin.musora.com/admin#/content/pianote/197104,https://www.musora.com/pianote/quick-tips/choosing-a-keyboard/197104,2017-03-24,Tips & Tricks,,,,,,,,Gigging Tips & Gear,
197107,quick-tips,Chord Progressions Made Easy,https://admin.musora.com/admin#/content/pianote/197107,https://www.musora.com/pianote/quick-tips/chord-progressions-made-easy/197107,2017-03-17,Chord Progression,,,,Chord & Scale Theory,,Chording,,,
197115,boot-camps,Warm Up Practice Along With Jordan,https://admin.musora.com/admin#/content/pianote/197115,https://www.musora.com/pianote/boot-camps/practice-along-with-jordan/197115,2017-02-17,Technique,,,,,,,,Practice Tips,
197119,quick-tips,Intro To Improv,https://admin.musora.com/admin#/content/pianote/197119,https://www.musora.com/pianote/quick-tips/intro-to-improv/197119,2017-02-03,Improvisation,,,,,,Improvisation & Songwriting,,,
197121,quick-tips,Practice Routines With Cassi,https://admin.musora.com/admin#/content/pianote/197121,https://www.musora.com/pianote/quick-tips/practice-routines-with-cassi/197121,2017-01-27,Practice,,,,,,,,Practice Tips,
197121,quick-tips,Practice Routines With Cassi,https://admin.musora.com/admin#/content/pianote/197121,https://www.musora.com/pianote/quick-tips/practice-routines-with-cassi/197121,2017-01-27,Technique,,,,,,,,,
197127,quick-tips,Practice Techniques to Prevent Injury,https://admin.musora.com/admin#/content/pianote/197127,https://www.musora.com/pianote/quick-tips/practice-techniques-to-prevent-injury/197127,2017-01-06,Technique,,,,,,,,Practice Tips,
197129,quick-tips,Getting The Most Out Of Your Scale Practice ft. Deck the Halls,https://admin.musora.com/admin#/content/pianote/197129,https://www.musora.com/pianote/quick-tips/getting-the-most-out-of-your-scale-practice-ft-deck-the-halls/197129,2016-12-23,Songs,Holiday/Soundtrack,Chords & Scales,,Chord & Scale Theory,,,,Practice Tips,
197129,quick-tips,Getting The Most Out Of Your Scale Practice ft. Deck the Halls,https://admin.musora.com/admin#/content/pianote/197129,https://www.musora.com/pianote/quick-tips/getting-the-most-out-of-your-scale-practice-ft-deck-the-halls/197129,2016-12-23,Technique,,,,,,,,,
197131,quick-tips,Intro To The Chord Progression ft. Jingle Bells,https://admin.musora.com/admin#/content/pianote/197131,https://www.musora.com/pianote/quick-tips/intro-to-the-chord-progression-ft-jingle-bells/197131,2016-12-16,Chord Progression,Holiday/Soundtrack,,,Chord & Scale Theory,,Chording,,,
197131,quick-tips,Intro To The Chord Progression ft. Jingle Bells,https://admin.musora.com/admin#/content/pianote/197131,https://www.musora.com/pianote/quick-tips/intro-to-the-chord-progression-ft-jingle-bells/197131,2016-12-16,Songs,,,,,,,,,
197133,quick-tips,Your First Piano Lesson,https://admin.musora.com/admin#/content/pianote/197133,https://www.musora.com/pianote/quick-tips/your-first-piano-lesson/197133,2016-12-08,Technique,,Finger Strength,Independence,Chord & Scale Theory,Rhythm,Chording,,Practice Tips,
396646,quick-tips,The Most Beautiful Classical Piano Pieces — Songs Release,https://admin.musora.com/admin#/content/pianote/396646,https://www.musora.com/pianote/quick-tips/the-most-beautiful-classical-piano-pieces-song-release/396646,2023-11-06,Classical,Classical,,,,,,,Other,
396646,quick-tips,The Most Beautiful Classical Piano Pieces — Songs Release,https://admin.musora.com/admin#/content/pianote/396646,https://www.musora.com/pianote/quick-tips/the-most-beautiful-classical-piano-pieces-song-release/396646,2023-11-06,Songs,,,,,,,,,
397826,quick-tips,Songs Release — The Most Beautiful Classical Piano Pieces,https://admin.musora.com/admin#/content/pianote/397826,https://www.musora.com/pianote/quick-tips/songs-release-the-most-beautiful-classical-piano-pieces/397826,2023-10-12,Songs,Classical,,,,,,,,
397826,quick-tips,Songs Release — The Most Beautiful Classical Piano Pieces,https://admin.musora.com/admin#/content/pianote/397826,https://www.musora.com/pianote/quick-tips/songs-release-the-most-beautiful-classical-piano-pieces/397826,2023-10-12,Classical,,,,,,,,,
397908,quick-tips,Gowan Plays System Of A Down For The First Time,https://admin.musora.com/admin#/content/pianote/397908,https://www.musora.com/pianote/quick-tips/gowan-plays-system-of-a-down-for-the-first-time/397908,2023-10-16,Metal,Pop/Rock,,,,,,,Performance,
397962,quick-tips,Five Levels Of The 1-5-6-4,https://admin.musora.com/admin#/content/pianote/397962,https://www.musora.com/pianote/quick-tips/five-levels-of-the-1-5-6-4/397962,2023-10-16,Quick Tip,,,,Chord & Scale Theory,,Chording,Improvisation & Songwriting,,
397962,quick-tips,Five Levels Of The 1-5-6-4,https://admin.musora.com/admin#/content/pianote/397962,https://www.musora.com/pianote/quick-tips/five-levels-of-the-1-5-6-4/397962,2023-10-16,Chords,,,,,,,,,
398200,quick-tips,Top 10 Most Overplayed Piano Songs,https://admin.musora.com/admin#/content/pianote/398200,https://www.musora.com/pianote/quick-tips/top-10-most-overplayed-piano-songs/398200,2023-10-23,Popular,,,,,,,,Performance,Other
398286,quick-tips,Jordan Rudess Teaches Arpeggios,https://admin.musora.com/admin#/content/pianote/398286,https://www.musora.com/pianote/quick-tips/jordan-rudess-teaches-arpeggios/398286,2023-10-30,Technique,,Arpeggios,Speed & Stamina,,,,,,
398286,quick-tips,Jordan Rudess Teaches Arpeggios,https://admin.musora.com/admin#/content/pianote/398286,https://www.musora.com/pianote/quick-tips/jordan-rudess-teaches-arpeggios/398286,2023-10-30,Arpeggios,,,,,,,,,
398738,quick-tips,How Many Beatles Songs Can You Play In 5 Minutes?!,https://admin.musora.com/admin#/content/pianote/398738,https://www.musora.com/pianote/quick-tips/how-many-beatles-songs-can-you-play-in-10-minutes/398738,2023-11-06,Pop,Pop/Rock,,,,,,,Performance,
398738,quick-tips,How Many Beatles Songs Can You Play In 5 Minutes?!,https://admin.musora.com/admin#/content/pianote/398738,https://www.musora.com/pianote/quick-tips/how-many-beatles-songs-can-you-play-in-10-minutes/398738,2023-11-06,Quick Tip,,,,,,,,,
399025,quick-tips,Pianote's Christmas Songbook — Songs Release,https://admin.musora.com/admin#/content/pianote/399025,https://www.musora.com/pianote/quick-tips/pianote-s-christmas-songbook-songs-release/399025,2023-11-16,Christmas,Holiday/Soundtrack,,,,,,,Other,
399025,quick-tips,Pianote's Christmas Songbook — Songs Release,https://admin.musora.com/admin#/content/pianote/399025,https://www.musora.com/pianote/quick-tips/pianote-s-christmas-songbook-songs-release/399025,2023-11-16,Songs,,,,,,,,,
399155,quick-tips,Musora 2023 Winter Recital Announcement,https://admin.musora.com/admin#/content/pianote/399155,https://www.musora.com/pianote/quick-tips/musora-2023-winter-recital-announcement/399155,2023-11-06,Collaboration,,,,,,,,Other,
399218,quick-tips,30-Day Blues Student Collaboration,https://admin.musora.com/admin#/content/pianote/399218,https://www.musora.com/pianote/quick-tips/30-day-blues-student-collaboration/399218,2023-11-15,30-Day Blues,Jazz/Blues,,,,,,,Performance,
399218,quick-tips,30-Day Blues Student Collaboration,https://admin.musora.com/admin#/content/pianote/399218,https://www.musora.com/pianote/quick-tips/30-day-blues-student-collaboration/399218,2023-11-15,Blues,,,,,,,,,
399219,quick-tips,4 Easy Piano Tricks To Sound Like A Pro,https://admin.musora.com/admin#/content/pianote/399219,https://www.musora.com/pianote/quick-tips/if-you-knew-this-you-d-be-a-better-piano-player/399219,2023-11-14,Technique,,,,Chord & Scale Theory,,Improvisation & Songwriting,Riffs & Fills,,
399712,quick-tips,Piano Player Makes Strangers Laugh,https://admin.musora.com/admin#/content/pianote/399712,https://www.musora.com/pianote/quick-tips/piano-player-makes-strangers-laugh/399712,2023-11-20,Piano,,,,,,,,Other,
399712,quick-tips,Piano Player Makes Strangers Laugh,https://admin.musora.com/admin#/content/pianote/399712,https://www.musora.com/pianote/quick-tips/piano-player-makes-strangers-laugh/399712,2023-11-20,Funny,,,,,,,,,
399984,quick-tips,How To Read Notes — The Easy Way,https://admin.musora.com/admin#/content/pianote/399984,https://www.musora.com/pianote/quick-tips/how-to-read-notes-the-easy-way/399984,2023-11-28,Theory,,Chords & Scales,,Key Signatures/Keys,Sight Reading,,,Practice Tips,
399984,quick-tips,How To Read Notes — The Easy Way,https://admin.musora.com/admin#/content/pianote/399984,https://www.musora.com/pianote/quick-tips/how-to-read-notes-the-easy-way/399984,2023-11-28,Quick Tip,,,,,,,,,
399984,quick-tips,How To Read Notes — The Easy Way,https://admin.musora.com/admin#/content/pianote/399984,https://www.musora.com/pianote/quick-tips/how-to-read-notes-the-easy-way/399984,2023-11-28,Reading Notes,,,,,,,,,
400783,quick-tips,1 Hour of Relaxing Christmas Piano Songs,https://admin.musora.com/admin#/content/pianote/400783,https://www.musora.com/pianote/quick-tips/1-hour-of-relaxing-christmas-piano-songs/400783,2023-12-04,Christmas,Holiday/Soundtrack,,,,,,,Performance,
400784,quick-tips,How To Play Scales Faster With Jordan Rudess,https://admin.musora.com/admin#/content/pianote/400784,https://www.musora.com/pianote/quick-tips/how-to-play-scales-faster-with-jordan-rudess/400784,2023-12-04,Technique,,Chords & Scales,Speed & Stamina,,,,,Practice Tips,
400784,quick-tips,How To Play Scales Faster With Jordan Rudess,https://admin.musora.com/admin#/content/pianote/400784,https://www.musora.com/pianote/quick-tips/how-to-play-scales-faster-with-jordan-rudess/400784,2023-12-04,Scales,,,,,,,,,
401049,quick-tips,Everything You Need To Know About Time Signatures,https://admin.musora.com/admin#/content/pianote/401049,https://www.musora.com/pianote/quick-tips/everything-you-need-to-know-about-time-signatures/401049,2023-12-11,Theory,,,,Rhythm,,,,Practice Tips,
401049,quick-tips,Everything You Need To Know About Time Signatures,https://admin.musora.com/admin#/content/pianote/401049,https://www.musora.com/pianote/quick-tips/everything-you-need-to-know-about-time-signatures/401049,2023-12-11,Technique,,,,,,,,,
401049,quick-tips,Everything You Need To Know About Time Signatures,https://admin.musora.com/admin#/content/pianote/401049,https://www.musora.com/pianote/quick-tips/everything-you-need-to-know-about-time-signatures/401049,2023-12-11,Time Signatures,,,,,,,,,
401281,quick-tips,Victoria Theodore Learns Viral Interstellar Piano Cover On The Spot,https://admin.musora.com/admin#/content/pianote/401281,https://www.musora.com/pianote/quick-tips/classical-pianist-learns-cornfield-chase-as-fast-as-possible/401281,2023-12-19,Speed,Holiday/Soundtrack,Speed & Stamina,,,,,,Performance,
401281,quick-tips,Victoria Theodore Learns Viral Interstellar Piano Cover On The Spot,https://admin.musora.com/admin#/content/pianote/401281,https://www.musora.com/pianote/quick-tips/classical-pianist-learns-cornfield-chase-as-fast-as-possible/401281,2023-12-19,Soundtrack,,,,,,,,,
401281,quick-tips,Victoria Theodore Learns Viral Interstellar Piano Cover On The Spot,https://admin.musora.com/admin#/content/pianote/401281,https://www.musora.com/pianote/quick-tips/classical-pianist-learns-cornfield-chase-as-fast-as-possible/401281,2023-12-19,Classical,,,,,,,,,
401281,quick-tips,Victoria Theodore Learns Viral Interstellar Piano Cover On The Spot,https://admin.musora.com/admin#/content/pianote/401281,https://www.musora.com/pianote/quick-tips/classical-pianist-learns-cornfield-chase-as-fast-as-possible/401281,2023-12-19,Soundtrackk,,,,,,,,,
401282,quick-tips,"The Iconic Keyboard Playing Of ""Mr. Roboto""",https://admin.musora.com/admin#/content/pianote/401282,https://www.musora.com/pianote/quick-tips/the-iconic-keyboard-playing-of-mr-roboto/401282,2023-12-29,rock,,,,,,,,,
401288,quick-tips,How To Play Piano,https://admin.musora.com/admin#/content/pianote/401288,https://www.musora.com/pianote/quick-tips/how-to-play-piano/401288,2024-01-02,Beginner,,Chords & Scales,,Sight Reading,,,,Practice Tips,
401288,quick-tips,How To Play Piano,https://admin.musora.com/admin#/content/pianote/401288,https://www.musora.com/pianote/quick-tips/how-to-play-piano/401288,2024-01-02,Notes,,,,,,,,,
401288,quick-tips,How To Play Piano,https://admin.musora.com/admin#/content/pianote/401288,https://www.musora.com/pianote/quick-tips/how-to-play-piano/401288,2024-01-02,Piano,,,,,,,,,
402917,quick-tips,The Fastest Way To Improve Your Rhythm,https://admin.musora.com/admin#/content/pianote/402917,https://www.musora.com/pianote/quick-tips/the-fastest-way-to-improve-your-rhythm/402917,2024-01-11,rhythm,,,,Rhythm,,,,,
403144,quick-tips,Jordan Rudess Hears Animals As Leaders For The First Time,https://admin.musora.com/admin#/content/pianote/403144,https://www.musora.com/pianote/quick-tips/jordan-rudess-hears-animals-as-leaders-for-the-first-time/403144,2024-01-16,Metal,Pop/Rock,,,,,,,Performance,
403307,quick-tips,Can Lord V Tell The Difference Between A Cheap vs. Expensive Piano?,https://admin.musora.com/admin#/content/pianote/403307,https://www.musora.com/pianote/quick-tips/can-lord-v-tell-the-difference-between-a-cheap-vs-expensive-piano/403307,2024-01-22,Equipment & Gear,,,,,,,,Gigging Tips & Gear,
