BRAND,ID,TITLE,ARTIST,RELEASED
drumeo,260286,Hells Bells,AC/DC,1980
drumeo,260288,Highway To Hell,AC/DC,1979
drumeo,260290,Thunderstruck,AC/DC,1990
drumeo,260295,Dream On,Aerosmith,1973
drumeo,260299,Livin' On The Edge,Aerosmith,1993
drumeo,260301,Love In An Elevator,Aerosmith,1989
drumeo,260306,Like A Stone,Audioslave,2002
drumeo,260308,Afterlife,Avenged Sevenfold,2007
drumeo,260319,The Rock Show,Blink-182,2001
drumeo,260321,Could You Be Loved,Bob Marley & The Wailers,1980
drumeo,260323,One Drop,Bob Marley & The Wailers,1979
drumeo,260325,Old Time Rock & Roll,Bob Seger,1978
drumeo,260327,8 (circle),Bon Iver,2016
drumeo,260329,Perth,Bon Iver,2011
drumeo,260332,You Give Love A Bad Name,Bon Jovi,1986
drumeo,260335,The Diary Of Jane,Breaking Benjamin,2006
drumeo,260338,Heaven,Bryan Adams,1984
drumeo,260341,Clocks,Coldplay,2002
drumeo,260343,Yellow,Coldplay,2000
drumeo,260345,Where The River Flows,Collective Soul,1995
drumeo,260347,Fortunate Son,Creedence Clearwater Revival,1969
drumeo,260349,Have You Ever Seen The Rain,Creedence Clearwater Revival,1970
drumeo,260353,Lose Yourself To Dance,Daft Punk,2013
drumeo,260356,"Drive In, Drive Out",Dave Matthews Band,1996
drumeo,260358,Lazarus,David Bowie,2016
drumeo,260360,Yankee Rose,David Lee Roth,1986
drumeo,260362,Grapevine Fires,Death Cab for Cutie,2008
drumeo,260365,Caught In A Web,Dream Theater,1994
drumeo,260367,Wither,Dream Theater,2009
drumeo,260369,Already Gone,Eagles,1974
drumeo,260371,Hotel California,Eagles,1976
drumeo,260375,Take It Easy,Eagles,1972
drumeo,260379,Thinking Out Loud,Ed Sheeran,2014
drumeo,260381,Bring Me To Life,Evanescence,2003
drumeo,260383,Cough Cough,Everything Everything,2012
drumeo,260385,Unconditionally,Extreme,1995
drumeo,260387,Big Me,Foo Fighters,1995
drumeo,260392,The Pretender,Foo Fighters,2007
drumeo,260394,The Sky Is A Neighborhood,Foo Fighters,2017
drumeo,260396,Keep Your Hands To Yourself,Georgia Satellites,1986
drumeo,260398,I Will Survive,Gloria Gaynor,1978
drumeo,260400,Bad Time,Grand Funk Railroad,1974
drumeo,260402,We're An American Band,Grand Funk Railroad,1973
drumeo,260404,21 Guns,Green Day,2004
drumeo,260408,Paradise City,Guns N' Roses,1987
drumeo,260411,Breathing Underwater,Hiatus Kaiyote,2015
drumeo,260413,By Fire,Hiatus Kaiyote,2015
drumeo,260415,Take Me To Church,Hozier,2014
drumeo,260417,The Power Of Love,Huey Lewis And The News,1985
drumeo,260419,New Sensation,INXS,1987
drumeo,260422,"Cold Sweat, Pt. 1",James Brown,1967
drumeo,260424,I Got You (I Feel Good),James Brown,1965
drumeo,260429,Are You Gonna Be My Girl,Jet,2003
drumeo,260431,North Sea Oil,Jethro Tull,1979
drumeo,260433,The Middle,Jimmy Eat World,2001
drumeo,260435,I Love Rock 'n Roll,Joan Jett & The Blackhearts,1981
drumeo,260437,Hurts So Good,John Cougar Mellencamp,1982
drumeo,260439,Imagine,John Lennon,1971
drumeo,260441,Any Way You Want It,Journey,1980
drumeo,260444,Separate Ways (Worlds Apart),Journey,1983
drumeo,260446,Wheel In The Sky,Journey,1978
drumeo,260448,Carry On Wayward Son,Kansas,1976
drumeo,260450,C.O.T.E.,Karnivool,2005
drumeo,260453,Sex On Fire,Kings Of Leon,2008
drumeo,260456,I Was Made For Lovin' You,KISS,1979
drumeo,260458,Celebration,Kool & The Gang,1980
drumeo,260460,Good Times Bad Times,Led Zeppelin,1969
drumeo,260462,Immigrant Song,Led Zeppelin,1970
drumeo,260464,Kashmir,Led Zeppelin,1975
drumeo,260469,I'll Be Waiting,Lenny Kravitz,2008
drumeo,260471,In The End,Linkin Park,2000
drumeo,260477,Symphony Of Destruction,Megadeth,1992
drumeo,260479,Tornado Of Souls,Megadeth,1990
drumeo,260481,Bleed,Meshuggah,2008
drumeo,260484,Fade To Black,Metallica,1984
drumeo,260486,For Whom The Bell Tolls,Metallica,1984
drumeo,260489,Nothing Else Matters,Metallica,1991
drumeo,260492,Beat It,Michael Jackson,1982
drumeo,260494,Billie Jean,Michael Jackson,1982
drumeo,260496,Thriller,Michael Jackson,1982
drumeo,260502,Shout At The Devil,Mötley Crüe,1983
drumeo,260504,Big Freeze,Muse,2012
drumeo,260506,Hysteria,Muse,2003
drumeo,260508,Panic Station,Muse,2012
drumeo,260510,Starlight,Muse,2006
drumeo,260513,Uprising,Muse,2009
drumeo,260515,Animals,Nickelback,2005
drumeo,260517,How You Remind Me,Nickelback,2001
drumeo,260519,In Bloom,Nirvana,1991
drumeo,260522,Fishin' In The Dark,Nitty Gritty Dirt Band,1987
drumeo,260524,Linoleum,NOFX,1994
drumeo,260526,Wonderwall,Oasis,1995
drumeo,260528,(Sittin’ On) The Dock Of The Bay,Otis Redding,1968
drumeo,260530,Bark At The Moon,Ozzy Osbourne,1983
drumeo,260536,Hit Me With Your Best Shot,Pat Benatar,1980
drumeo,260541,Comfortably Numb,Pink Floyd,1979
drumeo,260544,Talk Dirty To Me,Poison,1987
drumeo,260547,Bloodmeat,Protest The Hero,2008
drumeo,260549,Clarity,Protest The Hero,2013
drumeo,260551,Another One Bites The Dust,Queen,1980
drumeo,260553,Bohemian Rhapsody,Queen,1975
drumeo,260555,Fat Bottomed Girls,Queen,1978
drumeo,260557,The Show Must Go On,Queen,1991
drumeo,260559,We Are The Champions,Queen,1977
drumeo,260562,Paranoid Android,Radiohead,1997
drumeo,260565,Karma Police,Radiohead,1997
drumeo,260569,Jessie's Girl,Rick Springfield,1981
drumeo,260571,2112,Rush,1976
drumeo,260573,Entre Nous,Rush,1980
drumeo,260575,Subdivisions,Rush,1982
drumeo,260577,Tears,Rush,1976
drumeo,260579,Time And Motion,Rush,1996
drumeo,260583,Bad Boys Running Wild,Scorpions,1984
drumeo,260586,Still Loving You,Scorpions,1984
drumeo,260589,Man! I Feel Like A Woman!,Shania Twain,1997
drumeo,260591,The Sound Of Silence,Simon & Garfunkel,1965
drumeo,260593,Black Hole Sun,Soundgarden,1994
drumeo,260595,Spoonman,Soundgarden,1994
drumeo,260597,Born To Be Wild,Steppenwolf,1968
drumeo,260599,Magic Carpet Ride,Steppenwolf,1968
drumeo,260601,Pride And Joy,Stevie Ray Vaughan,1983
drumeo,260603,Fields Of Gold,Sting,1993
drumeo,260606,Vasoline,Stone Temple Pilots,1994
drumeo,260609,Eye Of The Tiger,Survivor,1982
drumeo,260613,Head Over Heels,Tears For Fears,1985
drumeo,260616,The End,The Beatles,1969
drumeo,260618,Ticket To Ride,The Beatles,1965
drumeo,260620,Where Is The Love?,The Black Eyed Peas,2003
drumeo,260622,Video Killed The Radio Star,The Buggles,1980
drumeo,260624,Brick House,The Commodores,1977
drumeo,260626,Honey From A Knife,The Cult,2012
drumeo,260628,China Grove,The Doobie Brothers,1973
drumeo,260630,Minute By Minute,The Doobie Brothers,1978
drumeo,260632,Somebody Told Me,The Killers,2004
drumeo,260634,She Likes The Beat,The Knack,1981
drumeo,260636,Every Breath You Take,The Police,1983
drumeo,260638,Message In A Bottle,The Police,1979
drumeo,260641,So Lonely,The Police,1978
drumeo,260643,Brass In Pocket,The Pretenders,1979
drumeo,260645,I'm Gonna Be (500 Miles),The Proclaimers,1988
drumeo,260647,(I Can't Get No) Satisfaction,The Rolling Stones,1965
drumeo,260649,Honky Tonk Women,The Rolling Stones,1969
drumeo,260651,Paint It Black,The Rolling Stones,1966
drumeo,260654,Closer To The Edge,Thirty Seconds To Mars,2009
drumeo,260656,The Kill,Thirty Seconds To Mars,2005
drumeo,260658,I Hate Everything About You,Three Days Grace,2003
drumeo,260660,Entertain Me,Tigran Hamasyan,2015
drumeo,260662,The Apple Orchard In Saghmosavanq,Tigran Hamasyan,2015
drumeo,260664,The Court Jester,Tigran Hamasyan,2013
drumeo,260666,The Poet,Tigran Hamasyan,2013
drumeo,260668,To Negate,Tigran Hamasyan,2015
drumeo,260670,Corrupt,Tigran Hamasyan & Red Hail,2009
drumeo,260674,Africa,Toto,1982
drumeo,260677,Rosanna,Toto,1982
drumeo,260679,In Waves,Trivium,2011
drumeo,260682,Ride,Twenty One Pilots,2015
drumeo,260684,We're Not Gonna Take It,Twisted Sister,1984
drumeo,260686,Where The Streets Have No Name,U2,1987
drumeo,260689,Jump,Van Halen,1984
drumeo,260691,Panama,Van Halen,1984
drumeo,260693,Brown Eyed Girl,Van Morrison,1967
drumeo,260695,Say It Ain't So,Weezer,1994
drumeo,260697,Here I Go Again,Whitesnake,1987
drumeo,260699,Still Of The Night,Whitesnake,1987
drumeo,260702,Joker & The Thief,Wolfmother,2005
drumeo,260704,I'm Alive She Said,YUCA,2013
drumeo,260706,Chicken Fried,Zac Brown Band,2008
drumeo,260708,Sharp Dressed Man,ZZ Top,1983
drumeo,260710,Tush,ZZ Top,1975
drumeo,264247,Dirty Deeds Done Dirt Cheap,AC/DC,1976
drumeo,264249,For Those About To Rock (We Salute You),AC/DC,1981
drumeo,264251,It's A Long Way To The Top (If You Wanna Rock 'N' Roll),AC/DC,1976
drumeo,264253,Moneytalks,AC/DC,1990
drumeo,264257,Rock And Roll Ain't Noise Pollution,AC/DC,1980
drumeo,264259,T.N.T.,AC/DC,1976
drumeo,264265,Would?,Alice In Chains,1992
drumeo,264269,You Know I’m No Good,Amy Winehouse,2006
drumeo,264271,Gravedigger,Architects,2014
drumeo,264273,Royal Beggars,Architects,2018
drumeo,264277,So Far Away,Avenged Sevenfold,2010
drumeo,264279,Unholy Confessions,Avenged Sevenfold,2003
drumeo,264283,Can't Get Enough,Bad Company,1974
drumeo,264291,Alone,Heart,1987
drumeo,264295,Mountains,Biffy Clyro,2008
drumeo,264301,My Life,Billy Joel,1978
drumeo,264303,Sometimes A Fantasy,Billy Joel,1980
drumeo,264305,Paranoid,Black Sabbath,1970
drumeo,264307,Jamming,Bob Marley & The Wailers,1977
drumeo,264309,Stir It Up,Bob Marley & The Wailers,1973
drumeo,264311,Night Moves,Bob Seger,1976
drumeo,264313,Have A Nice Day,Bon Jovi,2005
drumeo,264315,It's My Life,Bon Jovi,2000
drumeo,264317,Runaway,Bon Jovi,1984
drumeo,264319,My Hometown,Bruce Springsteen,1984
drumeo,264321,The River,Bruce Springsteen,1980
drumeo,264325,The Lazy Song,Bruno Mars,2010
drumeo,264327,Beneath The Mask,Chick Corea Elektric Band,1991
drumeo,264329,Blue Miles,Chick Corea Elektric Band II,1993
drumeo,264331,Good Good Father,Chris Tomlin,2016
drumeo,264333,Our God,Chris Tomlin,2010
drumeo,264335,Fix You,Coldplay,2005
drumeo,264337,Paradise,Coldplay,2011
drumeo,264339,The Scientist,Coldplay,2002
drumeo,264341,Viva La Vida,Coldplay,2008
drumeo,264343,Bad Moon Rising,Creedence Clearwater Revival,1969
drumeo,264345,Green River,Creedence Clearwater Revival,1969
drumeo,264347,Lodi,Creedence Clearwater Revival,1969
drumeo,264349,Who'll Stop The Rain,Creedence Clearwater Revival,1970
drumeo,264351,Bringin' On The Heartbreak,Def Leppard,1981
drumeo,264353,Brothers In Arms,Dire Straits,1985
drumeo,264355,I Need A Doctor,Dr. Dre,2011
drumeo,264357,Another Day,Dream Theater,1992
drumeo,264359,Enigma Machine,Dream Theater,2013
drumeo,264361,Fatal Tragedy,Dream Theater,1999
drumeo,264363,Hell's Kitchen,Dream Theater,1997
drumeo,264365,"Metropolis, Part I: The Miracle And The Sleeper",Dream Theater,1992
drumeo,264367,Pale Blue Dot,Dream Theater,2019
drumeo,264369,Panic Attack,Dream Theater,2005
drumeo,264371,Strange Deja Vu,Dream Theater,1999
drumeo,264373,The Dance Of Eternity,Dream Theater,1999
drumeo,264375,The Mirror,Dream Theater,1994
drumeo,264377,The Spirit Carries On,Dream Theater,1999
drumeo,264379,Under A Glass Moon,Dream Theater,1992
drumeo,264381,Desperado,Eagles,1973
drumeo,264383,September,Earth Wind & Fire,1978
drumeo,264385,Perfect,Ed Sheeran,2017
drumeo,264387,Bennie And The Jets,Elton John,1973
drumeo,264389,Candle In The Wind,Elton John,1973
drumeo,264391,Rocket Man,Elton John,1972
drumeo,264393,The Ballad Of Danny Bailey,Elton John,1973
drumeo,264395,Your Song,Elton John,1970
drumeo,264397,Little Sister,Elvis Presley,1961
drumeo,264399,Wonderful Tonight,Eric Clapton,1977
drumeo,264401,Go Your Own Way,Fleetwood Mac,1977
drumeo,264403,The Chain,Fleetwood Mac,1977
drumeo,264405,Juke Box Hero,Foreigner,1981
drumeo,264407,Dong Work For Yuda,Frank Zappa,1979
drumeo,264409,Keep It Greasey,Frank Zappa,1979
drumeo,264411,Zomby Woof,Frank Zappa,1973
drumeo,264413,All Right Now,Free,1970
drumeo,264415,Hit It And Quit It,Funkadelic,1971
drumeo,264417,Friends In Low Places,Garth Brooks,1990
drumeo,264419,Love Is Alive,Gary Wright,1975
drumeo,264421,Home By The Sea,Genesis,1982
drumeo,264423,Cirice,Ghost,2015
drumeo,264425,I Just Wanna Stop,Gino Vannelli,1978
drumeo,264427,Boulevard Of Broken Dreams,Green Day,2004
drumeo,264429,Know Your Enemy,Green Day,2009
drumeo,264431,Wake Me Up When September Ends,Green Day,2004
drumeo,264433,Knockin' On Heaven's Door,Guns N' Roses,1991
drumeo,264435,Yesterdays,Guns N' Roses,1992
drumeo,264437,What About Love,Heart,1985
drumeo,264439,Actual Proof,Herbie Hancock,1974
drumeo,264441,Cantaloupe Island,Herbie Hancock,1964
drumeo,264443,The Reason,Hoobastank,2003
drumeo,264445,Funky Drummer,James Brown,1968
drumeo,264447,Out Of Sight,James Brown,1964
drumeo,264449,Grace,Jeff Buckley,1994
drumeo,264451,Last Goodbye,Jeff Buckley,1994
drumeo,264453,Acknowledgement,John Coltrane,1965
drumeo,264455,Authority Song,John Cougar Mellencamp,1983
drumeo,264457,Heartbreak Warfare,John Mayer,2009
drumeo,264459,No Such Thing,John Mayer,2001
drumeo,264461,Waiting On The World To Change,John Mayer,2006
drumeo,264463,Who's Crying Now,Journey,1981
drumeo,264465,Living After Midnight,Judas Priest,1980
drumeo,264467,Point Of Know Return,Kansas,1977
drumeo,264469,Teenage Dream,Katy Perry,2010
drumeo,264471,Who Am I Living For?,Katy Perry,2010
drumeo,264473,I Smile,Kirk Franklin,2011
drumeo,264475,Lick It Up,KISS,1983
drumeo,264477,Rock And Roll All Nite,KISS,1975
drumeo,264479,When The Water Breaks,Liquid Tension Experiment,1999
drumeo,264481,Working For The Weekend,Loverboy,1981
drumeo,264483,Beautiful Crazy,Luke Combs,2017
drumeo,264485,Valerie,Mark Ronson & Amy Winehouse,2006
drumeo,264487,Makes Me Wonder,Maroon 5,2007
drumeo,264489,Let's Get It On,Marvin Gaye,1973
drumeo,264491,3:00 AM,Matchbox Twenty,1996
drumeo,264493,New Millenium Cyanide Christ,Meshuggah,1998
drumeo,264495,The Girl Is Mine,Michael Jackson,1982
drumeo,264497,Mississippi Queen,Mountain,1970
drumeo,264499,Green-Tinted Sixties Mind,Mr. Big,1991
drumeo,264501,Exo-Politics,Muse,2006
drumeo,264503,Madness,Muse,2012
drumeo,264505,Supremacy,Muse,2012
drumeo,264507,Disenchanted,My Chemical Romance,2006
drumeo,264509,Come As You Are,Nirvana,1991
drumeo,264511,Heart-Shaped Box,Nirvana,1993
drumeo,264513,Lithium,Nirvana,1991
drumeo,264515,Polly,Nirvana,1991
drumeo,264517,Just A Girl,No Doubt,1995
drumeo,264519,"Mama, I'm Coming Home",Ozzy Osbourne,1991
drumeo,264521,Mr. Crowley,Ozzy Osbourne,1980
drumeo,264523,Marigold,Periphery,2016
drumeo,264525,Sledgehammer,Peter Gabriel,1986
drumeo,264527,Happy,Pharrell Williams,2014
drumeo,264529,Living Hope,Phil Wickham,2018
drumeo,264531,This Is Amazing Grace,Phil Wickham,2013
drumeo,264533,Your Love Awakens Me,Phil Wickham,2016
drumeo,264535,Easy Lover,Philip Bailey & Phil Collins,1984
drumeo,264537,"Another Brick In The Wall, Part 2",Pink Floyd,1979
drumeo,264539,Have A Cigar,Pink Floyd,1975
drumeo,264541,Hey You,Pink Floyd,1979
drumeo,264543,Wish You Were Here,Pink Floyd,1975
drumeo,264545,Tommy The Cat,Primus,1993
drumeo,264547,Kiss,Prince,1986
drumeo,264549,Hammer To Fall,Queen,1984
drumeo,264551,Killer Queen,Queen,1974
drumeo,264553,Play The Game,Queen,1980
drumeo,264555,You’re My Best Friend,Queen,1975
drumeo,264557,High And Dry,Radiohead,1995
drumeo,264559,Bombtrack,Rage Against The Machine,1992
drumeo,264561,Bulls On Parade,Rage Against The Machine,1996
drumeo,264563,Killing In The Name,Rage Against The Machine,1992
drumeo,264565,Du Hast,Rammstein,1997
drumeo,264567,Blitzkrieg Bop,Ramones,1976
drumeo,264569,I Wanna Be Sedated,Ramones,1978
drumeo,264571,How Country Feels,Randy Houser,2013
drumeo,264573,What Hurts The Most,Rascal Flatts,2006
drumeo,264575,Under The Bridge,Red Hot Chili Peppers,1992
drumeo,264577,Can't Fight This Feeling,REO Speedwagon,1984
drumeo,264579,A Farewell To Kings,Rush,1977
drumeo,264581,A Passage To Bangkok,Rush,1976
drumeo,264583,Animate,Rush,1993
drumeo,264585,Anthem,Rush,1975
drumeo,264587,Bastille Day,Rush,1975
drumeo,264589,Best I Can,Rush,1975
drumeo,264591,By-Tor & The Snow Dog,Rush,1975
drumeo,264593,Circumstances,Rush,1978
drumeo,264595,Cygnus X-1 Book I: The Voyage,Rush,1977
drumeo,264597,Digital Man,Rush,1982
drumeo,264599,Dreamline,Rush,1991
drumeo,264601,Finding My Way,Rush,1974
drumeo,264603,Fly By Night,Rush,1975
drumeo,264605,Force Ten,Rush,1987
drumeo,264607,In The Mood,Rush,1974
drumeo,264609,Lakeside Park,Rush,1975
drumeo,264611,Marathon,Rush,1985
drumeo,264613,Show Don't Tell,Rush,1989
drumeo,264615,The Pass,Rush,1989
drumeo,264617,Time Stand Still,Rush,1987
drumeo,264619,Working Man,Rush,1974
drumeo,264621,Xanadu,Rush,1977
drumeo,264623,Miracle,Shinedown,2012
drumeo,264625,Sound Of Madness,Shinedown,2008
drumeo,264627,Don’t You (Forget About Me),Simple Minds,1985
drumeo,264629,Welcome To My Life,Simple Plan,2004
drumeo,264631,The Tracks Of My Tears,Smokey Robinson & The Miracles,1965
drumeo,264633,Superstition,Stevie Wonder,1972
drumeo,264635,If I Ever Lose My Faith In You,Sting,1993
drumeo,264637,Interstate Love Song,Stone Temple Pilots,1994
drumeo,264639,What I Got,Sublime,1996
drumeo,264641,Aerials,System Of A Down,2001
drumeo,264643,Badman's Song,Tears For Fears,1989
drumeo,264645,Chocolate,The 1975,2013
drumeo,264647,A Hard Day's Night,The Beatles,1964
drumeo,264649,Back In The U.S.S.R.,The Beatles,1968
drumeo,264651,Day Tripper,The Beatles,1966
drumeo,264653,Don't Let Me Down,The Beatles,1970
drumeo,264655,Get Back,The Beatles,1970
drumeo,264657,Here Comes The Sun,The Beatles,1969
drumeo,264659,Rain,The Beatles,1970
drumeo,264661,Sgt. Pepper's Lonely Hearts Club Band,The Beatles,1967
drumeo,264663,With A Little Help From My Friends,The Beatles,1967
drumeo,264665,Hard To Handle,The Black Crowes,1990
drumeo,264667,I Gotta Feeling,The Black Eyed Peas,2009
drumeo,264669,Wherever You Will Go,The Calling,2001
drumeo,264671,Just What I Needed,The Cars,1978
drumeo,264673,She Sells Sanctuary,The Cult,1985
drumeo,264675,How To Save A Life,The Fray,2005
drumeo,264677,The Love You Save,The Jackson 5,1970
drumeo,264679,Purple Haze,The Jimi Hendrix Experience,1967
drumeo,264681,Mr. Brightside,The Killers,2004
drumeo,264683,Read My Mind,The Killers,2006
drumeo,264685,California Dreamin’,The Mamas And The Papas,1966
drumeo,264687,"You're Gonna Go Far, Kid",The Offspring,2008
drumeo,264689,Your Love,The Outfield,1985
drumeo,264691,Beast Of Burden,The Rolling Stones,1978
drumeo,264693,Get Off My Cloud,The Rolling Stones,1965
drumeo,264695,Jumpin' Jack Flash,The Rolling Stones,1968
drumeo,264697,Miss You,The Rolling Stones,1978
drumeo,264699,Seven Nation Army,The White Stripes,2003
drumeo,264701,Them Changes,Thundercat,2017
drumeo,264703,Free Fallin’,Tom Petty,1989
drumeo,264705,I Won’t Back Down,Tom Petty,1989
drumeo,264707,Learning To Fly,Tom Petty & The Heartbreakers,1991
drumeo,264709,Forty Six & 2,Tool,1996
drumeo,264711,Georgy Porgy,Toto,1978
drumeo,264713,Heathens,Twenty One Pilots,2016
drumeo,264715,Beautiful Day,U2,2000
drumeo,264717,Bullet The Blue Sky,U2,1987
drumeo,264719,Elevation,U2,2000
drumeo,264721,I Still Haven't Found What I'm Looking For,U2,1987
drumeo,264723,I Will Follow,U2,1980
drumeo,264725,New Year's Day,U2,1983
drumeo,264727,The Wizard,Uriah Heep,1972
drumeo,264729,And The Cradle Will Rock...,Van Halen,1980
drumeo,264731,Why Can't This Be Love,Van Halen,1986
drumeo,264733,Y.M.C.A.,Village People,1978
drumeo,264735,Shut Up And Dance,Walk The Moon,2014
drumeo,264737,Buddy Holly,Weezer,1994
drumeo,264739,In The Midnight Hour,Wilson Pickett,1965
drumeo,264741,The Ballad Of Peter Pumpkinhead,XTC,1992
drumeo,264743,Apartment,Young The Giant,2010
drumeo,270301,The Winner Takes It All,ABBA,1980
drumeo,270303,Shake A Leg,AC/DC,1980
drumeo,270305,What Do You Do For Money Honey,AC/DC,1980
drumeo,270307,Let Me Put My Love Into You,AC/DC,1980
drumeo,270309,High Voltage,AC/DC,1976
drumeo,270311,Girls Got Rhythm,AC/DC,1979
drumeo,270315,Cryin',Aerosmith,1993
drumeo,270317,What Could Have Been Love,Aerosmith,2012
drumeo,270319,Janie's Got A Gun,Aerosmith,1989
drumeo,270321,Man In The Box,Alice In Chains,1990
drumeo,270327,Tooth And Claw,Animals As Leaders,2014
drumeo,270333,Do I Wanna Know?,Arctic Monkeys,2013
drumeo,270335,R U Mine?,Arctic Monkeys,2013
drumeo,270343,Hail To The King,Avenged Sevenfold,2013
drumeo,270347,Rock Me Baby,B.B. King,1964
drumeo,270361,Spectrum,Billy Cobham,1973
drumeo,270365,You May Be Right,Billy Joel,1980
drumeo,270367,The Stroke,Billy Squier,1981
drumeo,270375,"33 ""GOD""",Bon Iver,2016
drumeo,270377,Holocene,Bon Iver,2011
drumeo,270379,Green Onions,Booker T. & The M.G.'s,1962
drumeo,270381,Peace Of Mind,Boston,1976
drumeo,270383,Amanda,Boston,1986
drumeo,270385,Angels Fall,Breaking Benjamin,2015
drumeo,270387,Never Again,Breaking Benjamin,2015
drumeo,270389,Dance With The Devil,Breaking Benjamin,2006
drumeo,270391,Dancing In The Dark,Bruce Springsteen,1984
drumeo,270393,Darkness On The Edge Of Town,Bruce Springsteen,1978
drumeo,270395,Love For Sale,Buddy Rich Big Band,1967
drumeo,270397,Tears Don't Fall,Bullet For My Valentine,2005
drumeo,270399,Who Am I,Casting Crowns,2004
drumeo,270401,Lifesong,Casting Crowns,2005
drumeo,270403,Glorious Day (Living He Loved Me),Casting Crowns,2009
drumeo,270405,My Heart Will Go On,Celine Dion,1997
drumeo,270407,Hard Habit To Break,Chicago,1984
drumeo,270409,You're The Inspiration,Chicago,1984
drumeo,270411,Little Things That Count,Chick Corea Elektric Band,1991
drumeo,270413,One Of Us Is Over 40,Chick Corea Elektric Band,1991
drumeo,270415,Your Grace Is Enough,Chris Tomlin,2004
drumeo,270417,Whom Shall I Fear (God Of Angel Armies),Chris Tomlin,2012
drumeo,270419,I Will Rise,Chris Tomlin,2008
drumeo,270421,Jesus Messiah,Chris Tomlin,2008
drumeo,270423,Everlasting God,Chris Tomlin,2006
drumeo,270425,How Can I Keep From Singing,Chris Tomlin,2006
drumeo,270427,The Voice Within,Christina Aguilera,2002
drumeo,270429,Johnny B. Goode,Chuck Berry,1959
drumeo,270431,Night Songs,Cinderella,1986
drumeo,270433,I Can Tell You About Pain,Converge,2017
drumeo,270435,Gangsta's Paradise,Coolio,1995
drumeo,270437,Front Burner,Count Basie,1975
drumeo,270439,Strange Brew,Cream,1967
drumeo,270441,White Room,Cream,1968
drumeo,270443,Long As I Can See The Light,Creedence Clearwater Revival,1970
drumeo,270445,Travelin' Band,Creedence Clearwater Revival,1970
drumeo,270447,Up Around The Bend,Creedence Clearwater Revival,1970
drumeo,270449,Commotion,Creedence Clearwater Revival,1969
drumeo,270451,Someday Never Comes,Creedence Clearwater Revival,1972
drumeo,270453,Down On The Corner,Creedence Clearwater Revival,1969
drumeo,270455,(I Just) Died In Your Arms,Cutting Crew,1986
drumeo,270457,Obsessed,Dan + Shay,2016
drumeo,270459,Break The Spell,Daughtry,2011
drumeo,270461,Hard-Wired,Dave Weckl,1994
drumeo,270463,Heroes,David Bowie,1977
drumeo,270465,Say My Name,Destiny’s Child,1999
drumeo,270467,Rainbow In The Dark,Dio,1983
drumeo,270469,6:00,Dream Theater,1994
drumeo,270471,Erotomania,Dream Theater,1994
drumeo,270473,Innocence Faded,Dream Theater,1994
drumeo,270475,The Count Of Tuscany,Dream Theater,2009
drumeo,270477,Pull Me Under,Dream Theater,1992
drumeo,270479,Take The Time,Dream Theater,1992
drumeo,270481,Overture 1928,Dream Theater,1999
drumeo,270483,The Path That Divides,Dream Theater,2016
drumeo,270485,Don't Go Breaking My Heart,Elton John & Kiki Dee,1976
drumeo,270487,Lose Yourself,Eminem,2005
drumeo,270489,When I'm Gone,Eminem,2005
drumeo,270491,Mockingbird,Eminem,2004
drumeo,270493,Sing For The Moment,Eminem,2002
drumeo,270495,Stan,Eminem,2000
drumeo,270497,I Shot The Sherrif,Eric Clapton,1974
drumeo,270499,Cocaine,Eric Clapton,1977
drumeo,270501,Judas,Esperanza Spalding,2016
drumeo,270503,The Final Countdown,Europe,1986
drumeo,270505,Everywhere,Fleetwood Mac,1987
drumeo,270507,Slow Ride,Foghat,1975
drumeo,270509,Best Of You,Foo Fighters,2005
drumeo,270511,My Hero,Foo Fighters,1997
drumeo,270513,That's All,Genesis,1983
drumeo,270515,Careless Whisper,George Michael,1984
drumeo,270517,Don't Cry,Guns N' Roses,1991
drumeo,270519,You Could Be Mine,Guns N' Roses,1991
drumeo,270521,You Make My Dreams,Hall & Oates,1981
drumeo,270523,Barracuda,Heart,1977
drumeo,270525,Chameleon,Herbie Hancock,1973
drumeo,270527,Watermelon Man,Herbie Hancock,1976
drumeo,270529,Butterfly,Herbie Hancock,1974
drumeo,270531,Lips Of An Angel,Hinder,2005
drumeo,270533,Song For My Father,Horace Silver,1965
drumeo,270535,Do You Believe In Love,Huey Lewis And The News,1982
drumeo,270537,I Want A New Drug,Huey Lewis And The News,1983
drumeo,270539,Get Up (I Feel Like Being A) Sex Machine,James Brown,1970
drumeo,270541,Empire State Of Mind,Jay-Z,2009
drumeo,270543,Love Has A Name,Jesus Culture,2017
drumeo,270545,My Favorite Things,John Coltrane,1961
drumeo,270547,Perfectly Lonely,John Mayer,2009
drumeo,270549,Slow Dancing In A Burning Room,John Mayer,2006
drumeo,270551,Rosie,John Mayer,2017
drumeo,270553,Last Friday Night (T.G.I.F.),Katy Perry,2010
drumeo,270555,Somewhere Only We Know,Keane,2004
drumeo,270557,The Edge Of Glory,Lady Gaga,2011
drumeo,270559,Poker Face,Lady Gaga,2008
drumeo,270561,Bad Romance,Lady Gaga,2009
drumeo,270563,D'yer Mak'er,Led Zeppelin,1973
drumeo,270565,Over The Hills And Far Away,Led Zeppelin,1973
drumeo,270567,Babe I'm Gonna Leave You,Led Zeppelin,1969
drumeo,270569,Communication Breakdown,Led Zeppelin,1969
drumeo,270571,Living Loving Maid (She's Just A Woman),Led Zeppelin,1969
drumeo,270573,Misty Mountain Hop,Led Zeppelin,1971
drumeo,270575,Today Is The Day,Lincoln Brewster,2008
drumeo,270577,She Got The Best Of Me,Luke Combs,2018
drumeo,270579,The Drum Also Waltzes,Max Roach,1966
drumeo,270581,U Can't Touch This,MC Hammer,1990
drumeo,270583,Sweating Bullets,Megadeth,1992
drumeo,270585,Down Under,Men At Work,1981
drumeo,270587,obZen,Meshuggah,2008
drumeo,270589,Everything,Michael Buble,2007
drumeo,270591,Earth Song,Michael Jackson,1995
drumeo,270593,P.Y.T. (Pretty Young Thing),Michael Jackson,1982
drumeo,270595,Stuff,Miles Davis,1968
drumeo,270597,Freedom Jazz Dance,Miles Davis,1966
drumeo,270599,Milestones,Miles Davis,1958
drumeo,270601,Pinocchio,Miles Davis,1968
drumeo,270603,Tutu,Miles Davis,1986
drumeo,270605,Mannish Boy,Muddy Waters,1968
drumeo,270607,Assassin,Muse,2006
drumeo,270609,Defector,Muse,2015
drumeo,270611,Straight Outta Compton,N.W.A.,1988
drumeo,270613,Gotta Be Somebody,Nickelback,2008
drumeo,270615,Lounge Act,Nirvana,1991
drumeo,270617,Don't Look Back In Anger,Oasis,1995
drumeo,270619,Counting Stars,OneRepublic,2013
drumeo,270621,Hey Ya!,OutKast,2003
drumeo,270623,Raise Your Glass,P!nk,2010
drumeo,270625,Try,P!nk,2012
drumeo,270627,Cowboys From Hell,Pantera,1990
drumeo,270629,Let Her Go,Passenger,2012
drumeo,270631,Stranger Things,Periphery,2015
drumeo,270633,In The Air Tonight,Phil Collins,1981
drumeo,270635,Every Rose Has Its Thorn,Poison,1988
drumeo,270637,Arriving Somewhere But Not Here,Porcupine Tree,2005
drumeo,270639,Halo,Porcupine Tree,2005
drumeo,270641,Lazarus,Porcupine Tree,2005
drumeo,270643,Open Car,Porcupine Tree,2005
drumeo,270645,Shallow,Porcupine Tree,2005
drumeo,270647,Trains,Porcupine Tree,2002
drumeo,270649,Losing My Religion,R.E.M.,1991
drumeo,270651,My Brain Is Hanging Upside Down (Bonzo Goes To Bitburg),Ramones,1986
drumeo,270653,My Wish,Rascal Flatts,2006
drumeo,270655,Suck My Kiss,Red Hot Chili Peppers,1991
drumeo,270657,Never Gonna Give You Up,Rick Astley,1987
drumeo,270659,Make It Stop (September's Children),Rise Against,2011
drumeo,270661,Blurred Lines,Robin Thicke,2013
drumeo,270663,The Necromancer,Rush,1975
drumeo,270665,"Beneath, Between & Behind",Rush,1975
drumeo,270667,Jacob's Ladder,Rush,1980
drumeo,270669,Superconductor,Rush,1989
drumeo,270671,What You're Doing,Rush,1974
drumeo,270673,Limbo,Rush,1996
drumeo,270675,Bridge Over Troubled Water,Simon & Garfunkel,1970
drumeo,270677,Chasing Cars,Snow Patrol,2006
drumeo,270679,Run,Snow Patrol,2003
drumeo,270681,Jungle Love,Steve Miller Band,1977
drumeo,270683,The Joker,Steve Miller Band,1973
drumeo,270685,Love Me Darlin',Stevie Ray Vaughan,1989
drumeo,270687,This House Is Rockin',Stevie Ray Vaughan,1989
drumeo,270689,Higher Ground,Stevie Wonder,1973
drumeo,270691,"Signed, Sealed, Delivered I'm Yours",Stevie Wonder,1970
drumeo,270693,Isn't She Lovely,Stevie Wonder,1976
drumeo,270695,Sir Duke,Stevie Wonder,1977
drumeo,270697,I Hung My Head,Sting,1996
drumeo,270699,Dare You To Move,Switchfoot,2003
drumeo,270701,This Is Your Life,Switchfoot,2003
drumeo,270703,This Is Home,Switchfoot,2008
drumeo,270705,Shake It Off,Taylor Swift,2014
drumeo,270707,Damn Girl,The All-American Rejects,2008
drumeo,270709,Gives You Hell,The All-American Rejects,2008
drumeo,270711,Love Shack,The B-52's,1989
drumeo,270713,Walk Like An Egyptian,The Bangles,1986
drumeo,270715,I Want To Hold Your Hand,The Beatles,1963
drumeo,270717,Glass Onion,The Beatles,1968
drumeo,270719,Lovefool,The Cardigans,1996
drumeo,270721,Stay Free,The Clash,1978
drumeo,270723,Tommy Gun,The Clash,1978
drumeo,270725,ABC,The Jackson 5,1970
drumeo,270727,Fire On The Bayou,The Meters,1975
drumeo,270729,Hey Pocky A-Way,The Meters,1974
drumeo,270731,Spirits In The Material World,The Police,1981
drumeo,270733,Ruby Tuesday,The Rolling Stones,1967
drumeo,270735,Start Me Up,The Rolling Stones,1981
drumeo,270737,You Got Me,The Roots,1999
drumeo,270739,The OtherSide,The Roots,2011
drumeo,270741,I Wanna Be Your Dog,The Stooges,1969
drumeo,270743,Papa Was A Rollin' Stone,The Temptations,1972
drumeo,270745,Get Ready,The Temptations,1966
drumeo,270747,Just My Imagination (Running Away With Me),The Temptations,1971
drumeo,270749,Proto-Cosmos,The Tony Williams Lifetime,1975
drumeo,270751,Blue Monk,Thelonious Monk,1954
drumeo,270753,Song For Melan And Rafik,Tigran Hamasyan,2015
drumeo,270755,What's Love Got To Do With It,Tina Turner,1984
drumeo,270757,American Girl,Tom Petty & The Heartbreakers,1977
drumeo,270759,Jambi,Tool,2006
drumeo,270761,AEnema,Tool,1996
drumeo,270763,Eulogy,Tool,1996
drumeo,270765,Invincible,Tool,2019
drumeo,270767,Pneuma,Tool,2019
drumeo,270769,Schism,Tool,2001
drumeo,270771,The Grudge,Tool,2001
drumeo,270773,The Patient,Tool,2001
drumeo,270775,Pamela,Toto,1988
drumeo,270777,Drive By,Train,2012
drumeo,270779,Drops Of Jupiter,Train,2011
drumeo,270781,Sunday Bloody Sunday,U2,1983
drumeo,270783,Red Red Wine,UB40,1983
drumeo,270785,I Saw Red,Warrant,1990
drumeo,270787,Is This Love,Whitesnake,1987
drumeo,270789,I Wanna Dance With Somebody (Who Loves Me),Whitney Houston,1987
drumeo,270791,How Will I Know,Whitney Houston,1985
drumeo,270793,Owner Of A Lonely Heart,Yes,1983
drumeo,275326,"Sometimes You're The Hammer, Sometimes You're The Nail",A Day To Remember,2013
drumeo,275328,Take On Me,a-ha,1985
drumeo,275330,Voulez-Vous,ABBA,1979
drumeo,275332,Let There Be Rock,AC/DC,1977
drumeo,275334,Last Child,Aerosmith,1976
drumeo,275338,"Too Much, Too Young, Too Fast",Airbourne,2007
drumeo,275344,Down In A Hole,Alice In Chains,1992
drumeo,275346,Rooster,Alice In Chains,1992
drumeo,275350,Lippincott,Animals As Leaders,2014
drumeo,275352,Physical Education,Animals As Leaders,2014
drumeo,275354,Wave,Antonio Carlos Jobim,1967
drumeo,275360,Respect,Aretha Franklin,1967
drumeo,275366,Only Time Will Tell,Asia,1982
drumeo,275370,Natural Born Killer,Avenged Sevenfold,2010
drumeo,275374,Rock Steady,Bad Company,1974
drumeo,275386,Iron Man,Black Sabbath,1970
drumeo,275388,Feeling This,Blink-182,2003
drumeo,275390,Dumpweed,Blink-182,1999
drumeo,275392,Going Away To College,Blink-182,1999
drumeo,275396,Bed Of Roses,Bon Jovi,1992
drumeo,275398,I'll Be There For You,Bon Jovi,1988
drumeo,275400,Let Me Take You Home Tonight,Boston,1976
drumeo,275402,Don't Look Back,Boston,1978
drumeo,275404,I Will Not Bow,Breaking Benjamin,2009
drumeo,275406,You,Breaking Benjamin,2006
drumeo,275408,Can You Feel My Heart,Bring Me The Horizon,2013
drumeo,275410,Sleepwalking,Bring Me The Horizon,2013
drumeo,275412,Boot Scootin' Boogie,Brooks & Dunn,1991
drumeo,275414,Neon Moon,Brooks & Dunn,1991
drumeo,275416,Badlands,Bruce Springsteen,1978
drumeo,275418,Santa Claus Is Comin' To Town,Bruce Springsteen,2003
drumeo,275420,Grenade,Bruno Mars,2010
drumeo,275422,Caravan,Buddy Rich Big Band,1962
drumeo,275424,Ain't No Rest For The Wicked,Cage The Elephant,2008
drumeo,275426,Kung Fu Fighting,Carl Douglas,1974
drumeo,275428,Ornithology,Charlie Parker,1946
drumeo,275430,Surrender,Cheap Trick,1978
drumeo,275432,Bubble Dream,CHON,2013
drumeo,275434,How Great Is Our God,Chris Tomlin,2004
drumeo,275436,God Of This City,Chris Tomlin,2014
drumeo,275438,Bustin' Loose,Chuck Brown & The Soul Searchers,1979
drumeo,275440,Run To The Father,Cody Carnes,2020
drumeo,275442,White Shadows,Coldplay,2005
drumeo,275444,Joey,Concrete Blonde,1990
drumeo,275446,Run Through The Jungle,Creedence Clearwater Revival,1970
drumeo,275448,One In A Million,Dance Gavin Dance,2020
drumeo,275450,Eleven Four,Dave Brubeck Quartet,1962
drumeo,275452,Take Five,Dave Brubeck Quartet,1959
drumeo,275454,Rapunzel,Dave Matthews Band,1998
drumeo,275456,I'm Afraid Of Americans,David Bowie,1997
drumeo,275458,Fireball,Deep Purple,1971
drumeo,275460,Perfect Strangers,Deep Purple,1984
drumeo,275462,Hysteria,Def Leppard,1987
drumeo,275464,Foolin',Def Leppard,1983
drumeo,275466,Photograph,Def Leppard,1983
drumeo,275468,Rock Of Ages,Def Leppard,1983
drumeo,275470,Personal Jesus,Depeche Mode,1990
drumeo,275472,Down With The Sickness,Disturbed,2000
drumeo,275474,Scarred,Dream Theater,1994
drumeo,275476,Learning To Live,Dream Theater,1992
drumeo,275478,"Guitars, Cadillacs",Dwight Yoakam,1986
drumeo,275480,Frankenstein,Edgar Winter,1972
drumeo,275482,Graves Into Gardens,Elevation Worship,2020
drumeo,275484,Do It Again,Elevation Worship,2017
drumeo,275486,A Rose For Epona,Eluveitie,2012
drumeo,275488,Alesia,Eluveitie,2012
drumeo,275490,Suspicious Minds,Elvis Presley,1969
drumeo,275492,Torn Apart,Enter Shikari,2015
drumeo,275494,Change The World,Eric Clapton,1996
drumeo,275496,Rock The Night,Europe,1986
drumeo,275498,Thnks Fr Th Mmrs,Fall Out Boy,2007
drumeo,275500,Dreams,Fleetwood Mac,1977
drumeo,275502,Wind Up,Foo Fighters,1997
drumeo,275504,Learn To Fly,Foo Fighters,1999
drumeo,275506,Arlandria,Foo Fighters,2011
drumeo,275508,Bridge Burning,Foo Fighters,2011
drumeo,275510,Dear Rosemary,Foo Fighters,2011
drumeo,275512,Walk,Foo Fighters,2011
drumeo,275514,White Limo,Foo Fighters,2011
drumeo,275516,It's The Same Old Song,Four Tops,1965
drumeo,275518,Super Stupid,Funkadelic,1971
drumeo,275520,One Nation Under A Groove,Funkadelic,1978
drumeo,275522,The Angel Song,Great White,1989
drumeo,275524,Carried Away,H.E.R.,2019
drumeo,275526,Sara Smile,Hall & Oates,1975
drumeo,275528,Maiden Voyage,Herbie Hancock,1965
drumeo,275530,Hang Up Your Hang Ups,Herbie Hancock,1975
drumeo,275532,The Stand,Hillsong United,2006
drumeo,275534,Oceans (Where Feet May Fail),Hillsong United,2013
drumeo,275536,Hip To Be Square,Huey Lewis And The News,1984
drumeo,275538,Workin' For A Livin',Huey Lewis And The News,1982
drumeo,275540,Heart And Soul,Huey Lewis And The News,1983
drumeo,275542,If This Is It,Huey Lewis And The News,1983
drumeo,275544,The Heart Of Rock & Roll,Huey Lewis And The News,1983
drumeo,275546,Believer,Imagine Dragons,2017
drumeo,275548,Thunder,Imagine Dragons,2017
drumeo,275550,Natural,Imagine Dragons,2018
drumeo,275552,Drive,Incubus,1999
drumeo,275554,Pardon Me,Incubus,1999
drumeo,275556,Devil Inside,INXS,1988
drumeo,275558,Suicide Blonde,INXS,1990
drumeo,275560,Let It Go,James Bay,2015
drumeo,275562,It's A Man's Man's Man's World,James Brown,1966
drumeo,275564,Giant Steps,John Coltrane,1959
drumeo,275566,Why Georgia,John Mayer,2001
drumeo,275568,Night Shift,Jon Pardi,2016
drumeo,275570,Open Arms,Journey,1981
drumeo,275572,Faithfully,Journey,1983
drumeo,275574,After All These Years,Journey,2008
drumeo,275576,Jungle Boogie,Kool & The Gang,1973
drumeo,275578,Fool In The Rain,Led Zeppelin,1979
drumeo,275580,Heartbreaker,Led Zeppelin,1969
drumeo,275582,Black Dog,Led Zeppelin,1971
drumeo,275584,Way Maker,Leeland,2019
drumeo,275586,Let The Praises Ring,Lincoln Brewster,2002
drumeo,275588,Reaching For You,Lincoln Brewster,2010
drumeo,275590,All Night Long (All Night),Lionel Richie,1983
drumeo,275592,Cult Of Personality,Living Colour,1988
drumeo,275594,Ain't No Mountain High Enough,Marvin Gaye & Tammi Terrell,1967
drumeo,275596,For Big Sid,Max Roach,1966
drumeo,275598,Driva' Man,Max Roach,1960
drumeo,275600,Gonna Fly Now,Maynard Ferguson,1977
drumeo,275602,Hangar 18,Megadeth,1990
drumeo,275604,I Can Only Imagine,MercyMe,2001
drumeo,275606,Future Breed Machine,Meshuggah,1995
drumeo,275608,Do Not Look Down,Meshuggah,2012
drumeo,275610,Rational Gaze,Meshuggah,2002
drumeo,275612,The Four Horsemen,Metallica,1983
drumeo,275614,Sad But True,Metallica,1991
drumeo,275616,"Straight, No Chaser",Miles Davis,1958
drumeo,275618,I Could Write A Book,Miles Davis,1958
drumeo,275620,Party In The U.S.A.,Miley Cyrus,2009
drumeo,275622,Red Hot,Mötley Crüe,1983
drumeo,275624,Chaos,Mutemath,2006
drumeo,275626,Hit Parade,Mutemath,2017
drumeo,275628,I Don't Love You,My Chemical Romance,2007
drumeo,275630,Welcome To The Black Parade,My Chemical Romance,2006
drumeo,275632,Love Hurts,Nazareth,1975
drumeo,275634,My Friends Over You,New Found Glory,2002
drumeo,275636,Sister Christian,Night Ranger,1983
drumeo,275638,Ghost Love Score,Nightwish,2004
drumeo,275640,The Perfect Drug,Nine Inch Nails,1997
drumeo,275642,Closer,Nine Inch Nails,1994
drumeo,275644,The Hand That Feeds,Nine Inch Nails,2005
drumeo,275646,All Apologies,Nirvana,1993
drumeo,275648,Breed,Nirvana,1991
drumeo,275650,Something In The Way,Nirvana,1991
drumeo,275652,Begin Again,Norah Jones,2019
drumeo,275654,Rot,Northlane,2015
drumeo,275656,Soma,Northlane,2015
drumeo,275658,The Girl From Ipanema,Oscar Peterson,1964
drumeo,275660,Funhouse,P!nk,2008
drumeo,275662,Domination,Pantera,1990
drumeo,275664,I'm Broken,Pantera,1994
drumeo,275666,Absolomb,Periphery,2016
drumeo,275668,Any Colour You Like,Pink Floyd,1973
drumeo,275670,Brain Damage,Pink Floyd,1973
drumeo,275672,Time,Pink Floyd,1973
drumeo,275674,Us And Them,Pink Floyd,1973
drumeo,275676,Young Lust,Pink Floyd,1979
drumeo,275678,Anesthetize,Porcupine Tree,2007
drumeo,275680,Way Out Of Here,Porcupine Tree,2007
drumeo,275682,Blackest Eyes,Porcupine Tree,2002
drumeo,275684,My Name Is Mud,Primus,1993
drumeo,275686,Don't Stop Me Now,Queen,1978
drumeo,275688,We Will Rock You,Queen,1977
drumeo,275690,Crazy Little Thing Called Love,Queen,1980
drumeo,275692,Silent Lucidity,Queensryche,1990
drumeo,275694,Know Your Enemy,Rage Against The Machine,1992
drumeo,275696,Life Is A Highway,Rascal Flatts,2006
drumeo,275698,Hit The Road Jack,Ray Charles,1962
drumeo,275700,Dani California,Red Hot Chili Peppers,2006
drumeo,275702,Closer To The Heart,Rush,1977
drumeo,275704,La Villa Strangiato,Rush,1978
drumeo,275706,The Trees,Rush,1978
drumeo,275708,Limelight,Rush,1981
drumeo,275710,YYZ,Rush,1981
drumeo,275712,Freewill,Rush,1980
drumeo,275714,Natural Science,Rush,1980
drumeo,275716,The Spirit Of Radio,Rush,1980
drumeo,275718,New World Man,Rush,1981
drumeo,275720,Red Sector A,Rush,1984
drumeo,275722,Red Barchetta,Rush,1981
drumeo,275724,The Zoo,Scorpions,1980
drumeo,275726,No One Like You,Scorpions,1982
drumeo,275728,Wind Of Change,Scorpions,1990
drumeo,275730,Always Somewhere,Scorpions,1979
drumeo,275732,Bully,Shinedown,2012
drumeo,275734,Chandelier,Sia,2014
drumeo,275736,Liberate,Slipknot,1999
drumeo,275738,The Day I Tried To Live,Soundgarden,1994
drumeo,275740,Aja,Steely Dan,1977
drumeo,275742,Reelin' In The Years,Steely Dan,1977
drumeo,275744,Rock'n Me,Steve Miller Band,1976
drumeo,275746,Take The Money And Run,Steve Miller Band,1976
drumeo,275748,Higher Love,Steve Winwood,1986
drumeo,275750,For Your Love,Stevie Wonder,1995
drumeo,275752,I Wish,Stevie Wonder,1976
drumeo,275754,The Ballroom Blitz,Sweet,1973
drumeo,275756,We Are One Tonight,Switchfoot,2005
drumeo,275758,It Ends Tonight,The All-American Rejects,2005
drumeo,275760,Move Along,The All-American Rejects,2005
drumeo,275762,Ramblin' Man,The Allman Brothers Band,1973
drumeo,275764,The Weight,The Band,1968
drumeo,275766,Ophelia,The Band,1975
drumeo,275768,Paperback Writer,The Beatles,1970
drumeo,275770,All You Need Is Love,The Beatles,1967
drumeo,275772,Tomorrow Never Knows,The Beatles,1966
drumeo,275774,Happiness Is A Warm Gun,The Beatles,1968
drumeo,275776,Revolution,The Beatles,1968
drumeo,275778,She Loves You,The Beatles,1963
drumeo,275780,Yellow Submarine,The Beatles,1969
drumeo,275782,Rock The Casbah,The Clash,1982
drumeo,275784,Just Like Heaven,The Cure,1987
drumeo,275786,Lola,The Kinks,1970
drumeo,275788,Cissy Strut,The Meters,1969
drumeo,275790,Back On The Chain Gang,The Pretenders,1984
drumeo,275792,Sympathy For The Devil,The Rolling Stones,1968
drumeo,275794,Mellow My Man,The Roots,1994
drumeo,275796,1979,The Smashing Pumpkins,1996
drumeo,275798,Cherub Rock,The Smashing Pumpkins,1993
drumeo,275800,Today,The Smashing Pumpkins,1993
drumeo,275802,Won't Get Fooled Again,The Who,1971
drumeo,275804,"Amen, Brother",The Winstons,1969
drumeo,275806,Life Is A Highway,Tom Cochrane,1991
drumeo,275808,"Hey, Soul Sister",Train,2010
drumeo,275810,Stressed Out,Twenty One Pilots,2015
drumeo,275812,1612,Vulfpeck,2014
drumeo,275814,Back Pocket,Vulfpeck,2015
drumeo,275816,Black Nile,Wayne Shorter,1964
drumeo,275818,Island In The Sun,Weezer,2001
drumeo,275820,Undone – The Sweater Song,Weezer,1994
drumeo,275822,Wake Me Up Before You Go-Go,Wham!,1984
drumeo,275824,Slide It In,Whitesnake,1985
drumeo,275826,Chain Breaker,Zach Williams,2017
drumeo,275828,La Grange,ZZ Top,1973
drumeo,278877,Right Back At It Again,A Day To Remember,2013
drumeo,278883,If You Want Blood (You've Got It),AC/DC,1979
drumeo,278885,Dog Eat Dog,AC/DC,1977
drumeo,278887,Jaded,Aerosmith,2001
drumeo,278897,Heart Don't Stand A Chance,Anderson .Paak,2016
drumeo,278901,The Woven Web,Animals As Leaders,2014
drumeo,278905,Almost Easy,Avenged Sevenfold,2007
drumeo,278907,Critical Acclaim,Avenged Sevenfold,2007
drumeo,278909,Seize The Day,Avenged Sevenfold,2005
drumeo,278911,Chapter Four,Avenged Sevenfold,2003
drumeo,278931,Surrender,Billy Talent,2006
drumeo,278939,Sweet Leaf,Black Sabbath,1971
drumeo,278941,Children Of The Grave,Black Sabbath,1971
drumeo,278943,Fairies Wear Boots,Black Sabbath,1970
drumeo,278945,Planet Caravan,Black Sabbath,1970
drumeo,278947,California,Blink-182,2016
drumeo,278949,She's Out Of Her Mind,Blink-182,2016
drumeo,278951,Like A Rolling Stone,Bob Dylan,1965
drumeo,278953,Always,Bon Jovi,1994
drumeo,278955,Keep The Faith,Bon Jovi,1992
drumeo,278957,Lost Highway,Bon Jovi,2007
drumeo,278959,Lay Your Hands On Me,Bon Jovi,1988
drumeo,278961,Wanted Dead Or Alive,Bon Jovi,1986
drumeo,278963,One Mint Julep,Booker T. & The M.G.'s,1962
drumeo,278965,Smokin',Boston,1976
drumeo,278967,A Man I'll Never Be,Boston,1978
drumeo,278969,Lido Shuffle,Boz Scaggs,1976
drumeo,278971,Failure,Breaking Benjamin,2015
drumeo,278973,What Lies Beneath,Breaking Benjamin,2009
drumeo,278975,In Case You Didn't Know,Brett Young,2017
drumeo,278977,Mantra,Bring Me The Horizon,2019
drumeo,278979,Shadow Moses,Bring Me The Horizon,2013
drumeo,278981,Born In The U.S.A,Bruce Springsteen,1984
drumeo,278983,I'm On Fire,Bruce Springsteen,1984
drumeo,278985,Hungry Heart,Bruce Springsteen,1980
drumeo,278987,Blue Suede Shoes,Carl Perkins,1956
drumeo,278989,Blown Away,Carrie Underwood,2012
drumeo,278991,Forget You,CeeLo Green,2010
drumeo,278993,It's All Coming Back To Me Now,Celine Dion,1996
drumeo,278995,Ain't Nobody,Rufus & Chaka Khan,1983
drumeo,278997,The Flame,Cheap Trick,1988
drumeo,278999,Le Freak,Chic,1978
drumeo,279001,90 Degrees And Freezing,Chicago,2006
drumeo,279003,Tennessee Whiskey,Chris Stapleton,2015
drumeo,279005,I Lift My Hands,Chris Tomlin,2010
drumeo,279007,I Will Follow,Chris Tomlin,2010
drumeo,279009,Is He Worthy?,Chris Tomlin,2018
drumeo,279011,Daahoud,Clifford Brown & Max Roach,1956
drumeo,279013,Speed Of Sound,Coldplay,2005
drumeo,279015,Move On Up,Curtis Mayfield,1970
drumeo,279017,Keep On Keeping On,Curtis Mayfield,1971
drumeo,279019,Time After Time,Cyndi Lauper,1983
drumeo,279021,Speechless,Dan + Shay,2018
drumeo,279023,Betrayed By The Game,Dance Gavin Dance,2016
drumeo,279025,Renegade,Daughtry,2011
drumeo,279027,Home,Daughtry,2006
drumeo,279029,No Surprise,Daughtry,2009
drumeo,279031,The Space Between,Dave Matthews Band,2001
drumeo,279033,Come As You Are,David Crowder Band,2014
drumeo,279035,Dust On The Bottle,David Lee Murphy,1994
drumeo,279037,Strawberry Wine,Deana Carter,1995
drumeo,279039,You've Seen The Butcher,Deftones,2010
drumeo,279041,Ain't No Mountain High Enough,Diana Ross,1970
drumeo,279043,Misirlou,Dick Dale & His Del-Tones,1962
drumeo,279045,I Could Have Been A Dreamer,Dio,1987
drumeo,279047,The Last In Line,Dio,1984
drumeo,279049,Money For Nothing,Dire Straits,1985
drumeo,279051,Breaking The Chains,Dokken,1981
drumeo,279053,Jolene,Dolly Parton,1974
drumeo,279055,Girls On Film,Duran Duran,1981
drumeo,279057,Son Of A Preacher Man,Dusty Springfield,1969
drumeo,279059,O Come To The Altar,Elevation Worship,2016
drumeo,279061,A Little Less Conversation,Elvis Presley,1968
drumeo,279063,Hound Dog,Elvis Presley,1956
drumeo,279065,Superstitious,Europe,1988
drumeo,279067,Carrie,Europe,1986
drumeo,279069,Blueberry Hill,Fats Domino,1956
drumeo,279071,Other Light,Finger Eleven,2003
drumeo,279073,You Make Loving Fun,Fleetwood Mac,1977
drumeo,279075,Howl,Florence + The Machine,2009
drumeo,279077,Let It Die,Foo Fighters,2007
drumeo,279079,Times Like These,Foo Fighters,2002
drumeo,279081,February Stars,Foo Fighters,1997
drumeo,279083,Hide Away,Freddy King,1961
drumeo,279085,We Are Young,Fun.,2012
drumeo,279087,Turn It On Again,Genesis,1980
drumeo,279089,Seek And You Will Find,Gino Vannelli,1981
drumeo,279091,When Legends Rise,Godsmack,2018
drumeo,279093,Are We The Waiting,Green Day,2004
drumeo,279095,St. Jimmy,Green Day,2004
drumeo,279097,Beautiful Things,Gungor,2010
drumeo,279099,Rockit,Herbie Hancock,1983
drumeo,279101,Awake My Soul,Hillsong Worship,2019
drumeo,279103,In Control,Hillsong Worship,2017
drumeo,279105,Broken Vessels (Amazing Grace),Hillsong Worship,2014
drumeo,279107,Stuck With You,Huey Lewis And The News,1986
drumeo,279109,Demons,Imagine Dragons,2012
drumeo,279111,Need You Tonight,INXS,1988
drumeo,279113,Over And Over And Over,Jack White,2018
drumeo,279115,I've Got Money,James Brown,1962
drumeo,279117,Dirt Road Anthem,Jason Aldean,2010
drumeo,279119,I'm Yours,Jason Mraz,2008
drumeo,279121,Run This Town,Jay-Z,2009
drumeo,279123,Your Love Never Fails,Jesus Culture,2008
drumeo,279125,I Ain't Got You,Jimmy Reed,1960
drumeo,279127,Village Blues,John Coltrane,1961
drumeo,279129,Vultures,John Mayer,2006
drumeo,279131,Your Body Is A Wonderland,John Mayer,2001
drumeo,279133,I Walk The Line,Johnny Cash,1970
drumeo,279135,Burnin' Up,Jonas Brothers,2008
drumeo,279137,Let The Redeemed,Josh Baldwin,2019
drumeo,279139,Lights,Journey,1978
drumeo,279141,The Hellion/Electric Eye,Judas Priest,1982
drumeo,279143,Suit & Tie,Justin Timberlake,2013
drumeo,279145,"100,000 Years",KISS,1974
drumeo,279147,Calling Dr. Love,KISS,1976
drumeo,279149,Ashes Of The Wake,Lamb Of God,2004
drumeo,279151,Redneck,Lamb Of God,2006
drumeo,279153,The Crunge,Led Zeppelin,1973
drumeo,279155,Tangerine,Led Zeppelin,1970
drumeo,279157,Stairway To Heaven,Led Zeppelin,1971
drumeo,279159,The Wanton Song,Led Zeppelin,1975
drumeo,279161,Lion And The Lamb,Leeland,2016
drumeo,279163,Numb,Linkin Park,2003
drumeo,279165,What I've Done,Linkin Park,2007
drumeo,279167,Hello,Lionel Richie,1983
drumeo,279169,Like A Virgin,Madonna,1984
drumeo,279171,Misery,Maroon 5,2010
drumeo,279173,"Lord, I Need You",Matt Maher,2013
drumeo,279175,Effendi,McCoy Tyner,1962
drumeo,279177,Trust,Megadeth,1997
drumeo,279179,A Tout Le Monde,Megadeth,1994
drumeo,279181,Best News Ever,MercyMe,2017
drumeo,279183,Leper Messiah,Metallica,1986
drumeo,279185,Orion,Metallica,1986
drumeo,279187,The Unforgiven III,Metallica,2008
drumeo,279189,Bad,Michael Jackson,1987
drumeo,279191,Jam,Michael Jackson,1991
drumeo,279193,Human Nature,Michael Jackson,1982
drumeo,279195,Trouble No More,Muddy Waters,1955
drumeo,279197,Animals,Muse,2012
drumeo,279199,Rockstar,Nickelback,2005
drumeo,279201,Last,Nine Inch Nails,1992
drumeo,279203,Drain You,Nirvana,1991
drumeo,279205,Turn Me On,Norah Jones,2002
drumeo,279207,Flame Twin,Norah Jones,2020
drumeo,279209,Apologize,OneRepublic,2007
drumeo,279211,Lost,Our Last Night,2019
drumeo,279213,5 Minutes Alone,Pantera,1994
drumeo,279215,Love Is A Battlefield,Pat Benatar,1983
drumeo,279217,Icarus Lives!,Periphery,2010
drumeo,279219,Scarlet,Periphery,2012
drumeo,279221,Breathe,Pink Floyd,1973
drumeo,279223,Run Like Hell,Pink Floyd,1979
drumeo,279225,Start Of Something Beautiful,Porcupine Tree,2005
drumeo,279227,Sexy MF,Prince,1992
drumeo,279229,Fight The Power,Public Enemy,1989
drumeo,279231,Little Sister,Queens Of The Stone Age,2005
drumeo,279233,"You Think I Ain't Worth A Dollar, But I Feel Like A Millionaire",Queens Of The Stone Age,2002
drumeo,279235,Freedom,Rage Against The Machine,1992
drumeo,279237,Side Kick,Rancid,1994
drumeo,279239,Bless The Broken Road,Rascal Flatts,2004
drumeo,279241,Californication,Red Hot Chili Peppers,1999
drumeo,279243,Snow (Hey Oh),Red Hot Chili Peppers,2006
drumeo,279245,Addicted To Love,Robert Palmer,1985
drumeo,279247,Ooby Dooby,Roy Orbison,1961
drumeo,279249,Leave That Thing Alone,Rush,1993
drumeo,279251,Far Cry,Rush,2007
drumeo,279253,Leave The Night On,Sam Hunt,2014
drumeo,279255,Soul Sacrifice,Santana,1969
drumeo,279257,Big City Nights,Scorpions,1984
drumeo,279259,Redzone Killer,Seal,2015
drumeo,279261,Refuse/Resist,Sepultura,1993
drumeo,279263,Territory,Sepultura,1993
drumeo,279265,Monster,Skillet,2009
drumeo,279267,Comatose,Skillet,2006
drumeo,279269,Spit It Out,Slipknot,2000
drumeo,279271,Wait And Bleed,Slipknot,1999
drumeo,279273,Shop Around,Smokey Robinson & The Miracles,1961
drumeo,279275,Mambo Bounce,Sonny Rollins,1956
drumeo,279277,Fell On Black Days,Soundgarden,1994
drumeo,279279,Two Princes,Spin Doctors,1991
drumeo,279281,We Built This City,Starship,1985
drumeo,279283,Stuck In The Middle With You,Stealers Wheel,1972
drumeo,279285,Home At Last,Steely Dan,1977
drumeo,279287,Uptight (Everything's Alright),Stevie Wonder,1965
drumeo,279289,In Too Deep,Sum 41,2001
drumeo,279291,T-Bone Shuffle,T-Bone Walker,1955
drumeo,279293,Elephant,Tame Impala,2012
drumeo,279295,Tribute,Tenacious D,2002
drumeo,279297,Modern Day Cowboy,Tesla,1986
drumeo,279299,"Acceptance - Concealing Fate, Pt. 1",TesseracT,2011
drumeo,279301,"Deception - Concealing Fate, Pt. 2",TesseracT,2011
drumeo,279303,Somebody Else,The 1975,2016
drumeo,279305,Whipping Post,The Allman Brothers Band,1969
drumeo,279307,Surfin' U.S.A.,The Beach Boys,1963
drumeo,279309,Carry That Weight,The Beatles,1969
drumeo,279311,Let It Be,The Beatles,1970
drumeo,279313,Norwegian Wood (This Bird Has Flown),The Beatles,1965
drumeo,279315,Lonely Boy,The Black Keys,2011
drumeo,279317,I Fought The Law,The Clash,1979
drumeo,279319,Riders On The Storm,The Doors,1970
drumeo,279321,Light My Fire,The Doors,1970
drumeo,279323,You Found Me,The Fray,2008
drumeo,279325,Blame It On The Boogie,The Jackson 5,1978
drumeo,279327,You Really Got Me,The Kinks,1964
drumeo,279329,I'm A Believer,The Monkees,1967
drumeo,279331,Middle Of The Road,The Pretenders,1984
drumeo,279334,Dear God 2.0,The Roots,2010
drumeo,279336,Cherry Bomb,The Runaways,1976
drumeo,279338,Nothing,The Script,2010
drumeo,279340,Bullet With Butterfly Wings,The Smashing Pumpkins,1995
drumeo,279342,Stop! In The Name Of Love,The Supremes,1965
drumeo,279344,My Girl,The Temptations,1965
drumeo,279346,"Walk, Don't Run",The Ventures,1960
drumeo,279348,My Generation,The Who,1965
drumeo,279350,New Fang,Them Crooked Vultures,2009
drumeo,279352,Jailbreak,Thin Lizzy,1976
drumeo,279354,Don't Believe A Word,Thin Lizzy,1976
drumeo,279356,You Wreck Me,Tom Petty,1994
drumeo,279358,Child's Anthem,Toto,1978
drumeo,279360,Migraine,Twenty One Pilots,2013
drumeo,279362,Mysterious Ways,U2,1991
drumeo,279364,Vertigo,U2,2004
drumeo,279366,Best Of Both Worlds,Van Halen,1986
drumeo,279368,Teenage Dirtbag,Wheatus,1999
drumeo,279370,On The Road Again,Willie Nelson,1980
drumeo,279372,Changes,Yes,1983
drumeo,279374,Heart Of The Sunrise,Yes,1971
drumeo,279376,Different Kind Of Fine,Zac Brown Band,2008
drumeo,280203,Lingus,Snarky Puppy,2014
drumeo,280213,Sleeper,Snarky Puppy,2014
drumeo,280217,Shofukan,Snarky Puppy,2014
drumeo,280219,What About Me?,Snarky Puppy,2014
drumeo,284680,Dancing Queen,ABBA,1976
drumeo,284682,"Knowing Me, Knowing You",ABBA,1976
drumeo,284686,Givin' The Dog A Bone,AC/DC,1980
drumeo,284688,Have A Drink On Me,AC/DC,1980
drumeo,284690,Hard As A Rock,AC/DC,1995
drumeo,284692,Skies On Fire,AC/DC,2008
drumeo,284694,Little Lover,AC/DC,1976
drumeo,284702,Eat The Rich,Aerosmith,1993
drumeo,284704,Get A Grip,Aerosmith,1993
drumeo,284706,Heart's Done Time,Aerosmith,1987
drumeo,284708,Home Tonight,Aerosmith,1976
drumeo,284714,Them Bones,Alice In Chains,1993
drumeo,284720,Mister,Anika Nilles,2017
drumeo,284722,Orange Leaves,Anika Nilles,2017
drumeo,284724,King Of The Kill,Annihilator,1994
drumeo,284732,Dear God,Avenged Sevenfold,2007
drumeo,284734,Scream,Avenged Sevenfold,2007
drumeo,284738,Danger Line,Avenged Sevenfold,2010
drumeo,284740,Fiction,Avenged Sevenfold,2010
drumeo,284742,Nightmare,Avenged Sevenfold,2010
drumeo,284744,"I Won't See You Tonight, Pt. 1",Avenged Sevenfold,2003
drumeo,284746,"I Won't See You Tonight, Pt. 2",Avenged Sevenfold,2003
drumeo,284750,Nothin' On You,B.o.B.,2010
drumeo,284756,Shock Me,Baroness,2015
drumeo,284758,Lean On Me,Bill Withers,1972
drumeo,284762,End Of The Beginning,Black Sabbath,2013
drumeo,284766,Hand Of Doom,Black Sabbath,1970
drumeo,284770,Dry County,Bon Jovi,1992
drumeo,284772,I'D Die For You,Bon Jovi,1986
drumeo,284774,Raise Your Hands,Bon Jovi,1986
drumeo,284776,Hey God,Bon Jovi,1996
drumeo,284778,Doin' Our Thing,Booker T. & The M.G.'s,1968
drumeo,284780,Give Me A Sign,Breaking Benjamin,2009
drumeo,284782,Until The End,Breaking Benjamin,2006
drumeo,284784,Avalanche,Bring Me The Horizon,2015
drumeo,284786,Next Broken Heart,Brooks & Dunn,1991
drumeo,284788,The Promised Land,Bruce Springsteen,1978
drumeo,284790,Cuts Like A Knife,Bryan Adams,1983
drumeo,284792,Sorry,Buckcherry,2005
drumeo,284794,Rave On!,Buddy Holly,1958
drumeo,284796,Scream Aim Fire,Bullet For My Valentine,2007
drumeo,284798,"Red, Gold & Green",Burning Spear,1975
drumeo,284800,Two Black Cadillacs,Carrie Underwood,2012
drumeo,284802,Illusions,Chick Corea Elektric Band,1991
drumeo,284804,God And God Alone,Chris Tomlin,2016
drumeo,284806,Not To Us,Chris Tomlin,2002
drumeo,284808,Cemeteries Of London,Coldplay,2008
drumeo,284810,Twisted Logic,Coldplay,2005
drumeo,284812,Girls Just Want To Have Fun,Cyndi Lauper,1983
drumeo,284814,Send It On,D'Angelo,2000
drumeo,284816,Beyond,Daft Punk,2013
drumeo,284818,Bad Day,Daniel Powter,2005
drumeo,284820,Feels Like Tonight,Daughtry,2006
drumeo,284822,What About Now,Daughtry,2006
drumeo,284824,Don't Drink The Water,Dave Matthews Band,1998
drumeo,284826,Funny The Way It Is,Dave Matthews Band,2009
drumeo,284828,Satellite,Dave Matthews Band,1995
drumeo,284830,Blackstar,David Bowie,2016
drumeo,284832,Changes,David Bowie,1971
drumeo,284834,Let's Dance,David Bowie,1983
drumeo,284836,Fame,David Bowie,1975
drumeo,284838,Soul Meets Body,Death Cab For Cutie,2005
drumeo,284840,Tell Me You Love Me,Demi Lovato,2017
drumeo,284842,Sultans Of Swing,Dire Straits,1978
drumeo,284844,9 To 5,Dolly Parton,1980
drumeo,284846,Surrounded,Dream Theater,1992
drumeo,284848,Hungry Like The Wolf,Duran Duran,1982
drumeo,284850,Shape Of You,Ed Sheeran,2017
drumeo,284852,Levon,Elton John,1971
drumeo,284854,King,Eluveitie,2014
drumeo,284856,Blue Suede Shoes,Elvis Presley,1956
drumeo,284858,Jailhouse Rock,Elvis Presley,1957
drumeo,284860,The Monster,Eminem,2013
drumeo,284862,"Dance, Dance",Fall Out Boy,2005
drumeo,284864,Linchpin,Fear Factory,2001
drumeo,284866,Unyielding Conditioning,Fishbone,1993
drumeo,284868,Rhiannon,Fleetwood Mac,1975
drumeo,284870,Second Hand News,Fleetwood Mac,1977
drumeo,284872,Never Catch Me,Flying Lotus,2014
drumeo,284874,Home,Foo Fighters,2007
drumeo,284876,Long Road To Ruin,Foo Fighters,2007
drumeo,284878,Summer's End,Foo Fighters,2007
drumeo,284880,That Was Yesterday,Foreigner,1984
drumeo,284882,See See Baby,Freddy King,1961
drumeo,284884,Carry On,Fun.,2012
drumeo,284886,Stranded,Gojira,2016
drumeo,284888,¡Viva La Gloria!,Green Day,2009
drumeo,284890,Holiday,Green Day,2004
drumeo,284892,Mr. Brownstone,Guns N' Roses,1987
drumeo,284894,My Michelle,Guns N' Roses,1987
drumeo,284896,The Endless Knot,Haken,2016
drumeo,284898,Colourblind,Hands Like Houses,2016
drumeo,284900,Another In The Fire,Hillsong United,2020
drumeo,284902,What A Beautiful Name,Hillsong Worship,2018
drumeo,284904,Mighty To Save,Hillsong Worship,2006
drumeo,284906,So Will I (100 Billion X),Hillsong Worship,2018
drumeo,284908,Who You Say I Am,Hillsong Worship,2018
drumeo,284910,Forty Four,Howlin' Wolf,1954
drumeo,284912,Moanin' At Midnight,Howlin' Wolf,1959
drumeo,284914,Built For Comfort,Howlin' Wolf,1965
drumeo,284916,Back In Time,Huey Lewis And The News,1985
drumeo,284918,Giving It All Up For Love,Huey Lewis And The News,1982
drumeo,284920,Tell Me A Little Lie,Huey Lewis And The News,1982
drumeo,284922,The Only One,Huey Lewis And The News,1982
drumeo,284924,Warriors,Imagine Dragons,2015
drumeo,284926,Never Tear Us Apart,INXS,1988
drumeo,284928,Rocky Mountain Way,Joe Walsh,1973
drumeo,284930,Gravity,John Mayer,2006
drumeo,284932,Neon,John Mayer,2001
drumeo,284934,Riding On The Wind,Judas Priest,1982
drumeo,284936,I'm Lovin' It,Justin Timberlake,2003
drumeo,284938,Wavin' Flag,K'naan,2009
drumeo,284940,Power,Kanye West,2010
drumeo,284942,Get Down Tonight,KC & The Sunshine Band,1975
drumeo,284944,Somebody Like You,Keith Urban,2002
drumeo,284946,My Life Would Suck Without You,Kelly Clarkson,2009
drumeo,284948,Erase Me,Kid Cudi,2010
drumeo,284950,Let's Ride,Kid Rock,2012
drumeo,284952,21st Century Schizoid Man,King Crimson,1969
drumeo,284954,Heaven's On Fire,KISS,1984
drumeo,284956,Creatures Of The Night,KISS,1982
drumeo,284958,Room Service,KISS,1975
drumeo,284960,We Are One,KISS,2008
drumeo,284962,Need You Now,Lady Antebellum,2010
drumeo,284964,Laid To Rest,Lamb Of God,2004
drumeo,284966,Pathetic,Lamb Of God,2006
drumeo,284968,When The Levee Breaks,Led Zeppelin,1971
drumeo,284970,Down By The Seaside,Led Zeppelin,1975
drumeo,284972,Houses Of The Holy,Led Zeppelin,1975
drumeo,284974,In My Time Of Dying,Led Zeppelin,1975
drumeo,284976,Ten Years Gone,Led Zeppelin,1975
drumeo,284978,The Rover,Led Zeppelin,1975
drumeo,284980,Let Love Rule,Lenny Kravitz,1989
drumeo,284982,Low,Lenny Kravitz,2018
drumeo,284984,The Price,Leprous,2015
drumeo,284986,Don't Wake Me Up,Lianne La Havas,2012
drumeo,284988,Crawling,Linkin Park,2000
drumeo,284990,Breaking The Habit,Linkin Park,2003
drumeo,284992,Final Masquerade,Linkin Park,2014
drumeo,284994,When It Rains It Pours,Luke Combs,2017
drumeo,284996,Saturday Night Special,Lynyrd Skynyrd,1975
drumeo,284998,What's Your Name,Lynyrd Skynyrd,1977
drumeo,285000,The Beautiful People,Marilyn Manson,1996
drumeo,285002,I Heard It Through The Grapevine,Marvin Gaye,1968
drumeo,285004,I'll Be Doggone,Marvin Gaye,1966
drumeo,285006,That's The Way Love Is,Marvin Gaye,1970
drumeo,285008,Unwell,Matchbox Twenty,2002
drumeo,285010,Foreclosure Of A Dream,Megadeth,1992
drumeo,285012,Train Of Consequences,Megadeth,1994
drumeo,285014,To Live Is To Die,Metallica,1988
drumeo,285016,The Day That Never Comes,Metallica,2008
drumeo,285018,(Anesthesia) - Pulling Teeth,Metallica,1983
drumeo,285020,Until It Sleeps,Metallica,1996
drumeo,285022,The Unforgiven,Metallica,1991
drumeo,285024,The Unforgiven II,Metallica,1997
drumeo,285026,Dirty Diana,Michael Jackson,1987
drumeo,285028,Black Or White,Michael Jackson,1991
drumeo,285030,The Lady In My Life,Michael Jackson,1982
drumeo,285032,Petits Machins,Miles Davis,1968
drumeo,285034,Too Young To Fall In Love,Motley Crue,1983
drumeo,285036,Daydreaming,Netsky,2010
drumeo,285038,Photograph,Nickelback,2005
drumeo,285040,Someday,Nickelback,2003
drumeo,285042,Just A Little Bit,Norah Jones,2019
drumeo,285044,Give Up The Funk (Tear The Roof Off The Sucker),Parliament,1975
drumeo,285046,Alive,Pearl Jam,1991
drumeo,285048,I Wanna Be Your Lover,Prince,1979
drumeo,285050,Amie,Pure Prairie League,1972
drumeo,285052,Bicycle Race,Queen,1978
drumeo,285054,Go With The Flow,Queens Of The Stone Age,2002
drumeo,285056,I Got A Woman,Ray Charles,1957
drumeo,285058,Georgia On My Mind,Ray Charles,1960
drumeo,285060,Blood Sugar Sex Magik,Red Hot Chili Peppers,1991
drumeo,285062,Umbrella,Rihanna,2008
drumeo,285064,It's Like That,Run-D.M.C.,1984
drumeo,285066,Manhattan Project,Rush,1985
drumeo,285068,Bravado,Rush,1991
drumeo,285070,Losing It,Rush,1982
drumeo,285072,The Analog Kid,Rush,1982
drumeo,285074,Driven,Rush,1996
drumeo,285076,Resist,Rush,1996
drumeo,285078,All I Wanna Do,Sheryl Crow,1993
drumeo,285080,Just Got Paid,Sigala,2018
drumeo,285082,Falling Inside The Black,Skillet,2006
drumeo,285084,Whispers In The Dark,Skillet,2006
drumeo,285086,Charlie Big Potato,Skunk Anansie,1999
drumeo,285088,All Star,Smash Mouth,1999
drumeo,285090,You've Really Got A Hold On Me,Smokey Robinson & The Miracles,1963
drumeo,285092,Against The Wind,Stratovarius,1995
drumeo,285094,Fat Lip,Sum 41,2001
drumeo,285096,Tell Me What's The Reason,T-Bone Walker,1953
drumeo,285098,The Hustle Is On  – Single,T-Bone Walker,1950
drumeo,285100,Everybody Wants To Rule The World,Tears For Fears,1985
drumeo,285102,"Perfection - Concealing Fate, Pt. 4",TesseracT,2011
drumeo,285104,"The Impossible - Concealing Fate, Pt. 3",TesseracT,2011
drumeo,285106,All Summer Long,The Beach Boys,1964
drumeo,285108,"Fun, Fun, Fun",The Beach Boys,1964
drumeo,285110,Good Vibrations,The Beach Boys,1967
drumeo,285112,California Girls,The Beach Boys,1965
drumeo,285114,Then I Kissed Her,The Beach Boys,1965
drumeo,285116,Can't Buy Me Love,The Beatles,1964
drumeo,285118,Golden Slumbers,The Beatles,1969
drumeo,285120,Drive My Car,The Beatles,1965
drumeo,285122,All My Loving,The Beatles,1963
drumeo,285124,Shake Your Body (Down To The Ground),The Jackson 5,1978
drumeo,285126,I Want You Back,The Jackson 5,1969
drumeo,285128,Till We Make Our Ascent,The Reign Of Kindo,2008
drumeo,285130,Baby Love,The Supremes,1964
drumeo,285132,Where Did Our Love Go,The Supremes,1964
drumeo,285134,Ain't Too Proud To Beg,The Temptations,1966
drumeo,285136,No One Loves Me &  Neither Do I,Them Crooked Vultures,2009
drumeo,285138,Cowboy Song,Thin Lizzy,1976
drumeo,285140,Whiskey In The Jar,Thin Lizzy,1973
drumeo,285142,Beer For My Horses,Toby Keith,2003
drumeo,285144,Big League,Tom Cochrane,1988
drumeo,285146,You Don't Know How It Feels,Tom Petty,1994
drumeo,285148,Masterpiece,Tori Kelly,2018
drumeo,285150,99,Toto,1979
drumeo,285152,Stop Loving You,Toto,1988
drumeo,285154,This'll Be My Year,Train,2012
drumeo,285156,"Save Me, San Francisco",Train,2010
drumeo,285158,Heavydirtysoul,Twenty One Pilots,2015
drumeo,285160,Dean Town,Vulfpeck,2016
drumeo,285162,Night Dreamer,Wayne Shorter,1964
drumeo,285164,Slip Of The Tongue,Whitesnake,1989
drumeo,285166,Toes,Zac Brown Band,2008
drumeo,291178,Judith,A Perfect Circle,2000
drumeo,291180,Weak And Powerless,A Perfect Circle,2003
drumeo,291188,No More Mr. Nice Guy,Alice Cooper,1973
drumeo,291192,Rehab,Amy Winehouse,2006
drumeo,291198,Black Lungs,Architects,2021
drumeo,291200,Dead Butterflies,Architects,2021
drumeo,291202,I Bet You Look Good On The Dancefloor,Arctic Monkeys,2006
drumeo,291204,Into You,Ariana Grande,2016
drumeo,291208,"Thank U, Next",Ariana Grande,2019
drumeo,291214,Wild Love,Ashley Monroe,2018
drumeo,291216,Welcome To The Family,Avenged Sevenfold,2010
drumeo,291220,Forever,Bethel Music,2013
drumeo,291226,You Make Me Brave,Bethel Music,2013
drumeo,291230,Bad Guy,Billie Eilish,2019
drumeo,291236,War Pigs,Black Sabbath,1970
drumeo,291240,Stockholm Syndrome,Blink-182,2003
drumeo,291242,Home Is Such A Lonely Place,Blink-182,2016
drumeo,291244,Heart Of Glass,Blondie,1978
drumeo,291246,Blood On Blood,Bon Jovi,1988
drumeo,291248,Black Eyes,Bradley Cooper,2018
drumeo,291250,Tougher Than The Rest,Bruce Springsteen,1987
drumeo,291252,Not An Easy Road,Buju Banton,1995
drumeo,291254,Jamaica Ska,Byron Lee And The Dragonaires,1964
drumeo,291256,Before He Cheats,Carrie Underwood,2005
drumeo,291258,How Long,Charlie Puth,2018
drumeo,291260,Hot Mess,Chromeo,2010
drumeo,291262,The World I Know,Collective Soul,1995
drumeo,291264,Shine,Collective Soul,1994
drumeo,291266,Reckless Love,Cory Asbury,2018
drumeo,291268,Mr. Jones,Counting Crows,1993
drumeo,291270,Evil Woman,Crow,1969
drumeo,291272,Sugah Daddy,D'Angelo,2014
drumeo,291274,Seven,Dave Matthews Band,2009
drumeo,291276,Why I Am,Dave Matthews Band,2009
drumeo,291278,Where Are You Going,Dave Matthews Band,2002
drumeo,291280,So Much To Say,Dave Matthews Band,1996
drumeo,291282,Ants Marching,Dave Matthews Band,1995
drumeo,291284,What Would You Say,Dave Matthews Band,1994
drumeo,291286,Last Flight To Paris,Dave Swayze,2009
drumeo,291288,Police Truck,Dead Kennedys,1987
drumeo,291290,Faxing Berlin,Deadmau5,2008
drumeo,291292,Pour Some Sugar On Me,Def Leppard,1987
drumeo,291294,Confident,Demi Lovato,2015
drumeo,291296,Whip It,Devo,1980
drumeo,291298,Upside Down,Diana Ross,1980
drumeo,291300,Romeo And Juliet,Dire Straits,1980
drumeo,291302,The Long Way Around,Dixie Chicks,2006
drumeo,291304,New Rules,Dua Lipa,2018
drumeo,291306,Don't Start Now,Dua Lipa,2020
drumeo,291308,Hallucinate,Dua Lipa,2020
drumeo,291310,Levitating,Dua Lipa,2020
drumeo,291312,Physical,Dua Lipa,2020
drumeo,291314,Mr. Blue Sky,Electric Light Orchestra,1977
drumeo,291316,See A Victory,Elevation Worship,2019
drumeo,291318,The Blessing,Elevation Worship,2020
drumeo,291320,Resurrecting,Elevation Worship,2016
drumeo,291322,Ghost,Ella Henderson,2014
drumeo,291324,Everyday I Write The Book,Elvis Costello,1983
drumeo,291326,Pump It Up,Elvis Costello,1978
drumeo,291328,Centuries,Fall Out Boy,2015
drumeo,291330,Easy,Faith No More,1992
drumeo,291332,Ain't That A Shame,Fats Domino,1956
drumeo,291334,Reach Me,First State,2009
drumeo,291336,Need Your Love So Bad,Fleetwood Mac,1969
drumeo,291338,For All The Cows,Foo Fighters,1995
drumeo,291340,This Is A Call,Foo Fighters,1995
drumeo,291342,Relax,Frankie Goes To Hollywood,1984
drumeo,291344,Sansa,Gareth Emery,2016
drumeo,291346,Land Of Confusion,Genesis,1986
drumeo,291348,I Can't Dance,Genesis,1991
drumeo,291350,A Million Miles,Goldfinger,2017
drumeo,291352,Clint Eastwood,Gorillaz,2001
drumeo,291354,This I Believe (The Creed),Hillsong Worship,2014
drumeo,291356,Proud Mary,Ike & Tina Turner,1970
drumeo,291358,Jane Says,Jane's Addiction,1987
drumeo,291360,Savage Love,Jason Derulo,2020
drumeo,291362,Crazy Arms,Jerry Lee Lewis,1956
drumeo,291364,It's Different For Girls,Joe Jackson,1979
drumeo,291366,Small Town,John Cougar Mellencamp,1985
drumeo,291368,Pink Houses,John Cougar Mellencamp,1983
drumeo,291370,Be Careful With A Fool,Johnny Winter,1969
drumeo,291372,Head Over Boots,Jon Pardi,2016
drumeo,291374,Would You Go With Me,Josh Turner,2006
drumeo,291376,"Lovin', Touchin', Squeezin'",Journey,1979
drumeo,291378,Love Will Tear Us Apart,Joy Division,1980
drumeo,291380,Painkiller,Judas Priest,1990
drumeo,291382,Slow Burn,Kacey Musgraves,2018
drumeo,291384,Space Cowboy,Kacey Musgraves,2018
drumeo,291386,Follow Your Arrow,Kacey Musgraves,2013
drumeo,291388,No Good,Kaleo,2016
drumeo,291390,How I Wish,Keith Richards,1988
drumeo,291392,All Summer Long,Kid Rock,2007
drumeo,291394,Crawl,Kings Of Leon,2008
drumeo,291396,Red Morning Light,Kings Of Leon,2003
drumeo,291398,Falling Away From Me,Korn,1999
drumeo,291400,Blind,Korn,1994
drumeo,291402,Freak On A Leash,Korn,1998
drumeo,291404,Coming Undone,Korn,2005
drumeo,291406,Here To Stay,Korn,2002
drumeo,291408,Everything,Lauren Daigle,2018
drumeo,291410,Look Up Child,Lauren Daigle,2018
drumeo,291412,Love Like This,Lauren Daigle,2018
drumeo,291414,You Say,Lauren Daigle,2018
drumeo,291416,Your Wings,Lauren Daigle,2018
drumeo,291418,Break Stuff,Limp Bizkit,1999
drumeo,291420,One Step Closer,Linkin Park,2000
drumeo,291422,Love To Go,Lost Frequencies,2020
drumeo,291424,Saturday Night Fish Fry,Louis Jordan And His Tympany Five,1965
drumeo,291426,(I'll Be Glad When You're Dead) You Rascal You,Louis Prima,1956
drumeo,291428,Moving On Up,M People,1993
drumeo,291430,Bloody Valentine,Machine Gun Kelly,2020
drumeo,291432,Concert For Aliens,Machine Gun Kelly,2020
drumeo,291434,Forget Me Too,Machine Gun Kelly,2020
drumeo,291436,My Ex's Best Friend,Machine Gun Kelly,2020
drumeo,291438,Can't Hold Us,Macklemore & Ryan Lewis,2012
drumeo,291440,Same Love,Macklemore & Ryan Lewis,2012
drumeo,291442,Thrift Shop,Macklemore & Ryan Lewis,2012
drumeo,291444,Shut Up And Fish,Maddie & Tae,2015
drumeo,291446,Night Boat To Cairo,Madness,1979
drumeo,291448,Drown With Me,Make Them Suffer,2020
drumeo,291450,Soul Decay,Make Them Suffer,2020
drumeo,291452,Let Me In,Make Them Suffer,2016
drumeo,291454,All I Want For Christmas Is You,Mariah Carey,1994
drumeo,291456,Sweet Dreams (Are Made Of This),Marilyn Manson,1995
drumeo,291458,Moves Like Jagger,Maroon 5,2011
drumeo,291460,The Safety Dance,Men Without Hats,1982
drumeo,291462,Stengah,Meshuggah,2002
drumeo,291464,Combustion,Meshuggah,2008
drumeo,291466,Electric Feel,MGMT,2007
drumeo,291468,Dig Up Her Bones,Misfits,1997
drumeo,291470,Last Caress,Misfits,1980
drumeo,291472,Hybrid Moments,Misfits,1996
drumeo,291474,Immortal Rites,Morbid Angel,1989
drumeo,291476,Saints Of Los Angeles,Motley Crue,2008
drumeo,291478,Home Sweet Home,Motley Crue,1985
drumeo,291480,Take Cover,Mr. Big,1996
drumeo,291482,Everybody Talks,Neon Trees,2012
drumeo,291484,Hurts To Be Alone,Norah Jones,2020
drumeo,291486,Amsterdam,Nothing But Thieves,2017
drumeo,291488,One Man Band,Old Dominion,2019
drumeo,291490,Pressure,Paramore,2005
drumeo,291492,Flatline,Periphery,2016
drumeo,291494,Blood Eagle,Periphery,2019
drumeo,291496,African,Peter Tosh,1977
drumeo,291498,Bad Weather,Poco,1971
drumeo,291500,Cry Tough,Poison,1986
drumeo,291502,Nothin' But A Good Time,Poison,1988
drumeo,291504,The Boys Are Killing Me,Pond,2019
drumeo,291506,Madness,Prince Buster,1963
drumeo,291508,Gangam Style,PSY,2012
drumeo,291510,Somebody To Love,Queen,1976
drumeo,291512,Maxwell Murder,Rancid,1995
drumeo,291514,Ruby Soho,Rancid,1995
drumeo,291516,I Wonder,Rodriguez,1970
drumeo,291518,Sugar Man,Rodriguez,1970
drumeo,291520,Car Wash,Rose Royce,1976
drumeo,291522,Becoming The Memory,Royal Coda,2019
drumeo,291524,Breathe Correct,Royal Coda,2018
drumeo,291526,Escape,Rupert Homes,1979
drumeo,291528,Your Love Is King,Sade,1984
drumeo,291530,No Ordinary Love,Sade,1992
drumeo,291532,The Sweetest Taboo,Sade,1985
drumeo,291534,Soldier Of Love,Sade,2010
drumeo,291536,Rise Above This,Seether,2008
drumeo,291538,Country Song,Seether,2011
drumeo,291540,Remedy,Seether,2005
drumeo,291542,Stitches,Shawn Mendes,2015
drumeo,291544,In My Blood,Shawn Mendes,2018
drumeo,291546,Senorita,Shawn Mendes,2018
drumeo,291548,Mrs. Robinson,Simon & Garfunkel,1968
drumeo,291550,Scary Monsters And Nice Spirits,Skrillex,2010
drumeo,291552,Chemical Warfare,Slayer,1984
drumeo,291554,Angel Of Death,Slayer,1986
drumeo,291556,Criminally Insane,Slayer,1986
drumeo,291558,Raining Blood,Slayer,1986
drumeo,291560,Reborn,Slayer,1986
drumeo,291562,Murder On The Dancefloor,Sophie Ellis-Bextor,2002
drumeo,291564,I Turn My Camera On,Spoon,2005
drumeo,291566,Renegade,Styx,1978
drumeo,291568,Come Sail Away,Styx,1977
drumeo,291570,Pierced From Within,Suffocation,1995
drumeo,291572,Trip At The Brain,Suicidal Tendencies,1988
drumeo,291574,Institutionalized,Suicidal Tendencies,1983
drumeo,291576,"Epiphany - Concealing Fate, Pt. 5",TesseracT,2011
drumeo,291578,"Origin - Concealing Fate, Pt. 6",TesseracT,2011
drumeo,291582,Wouldn't It Be Nice,The Beach Boys,1966
drumeo,291584,Mirror In The Bathroom,The Beat,1980
drumeo,291586,She Talks To Angels,The Black Crowes,1990
drumeo,291588,Everybody Needs Somebody To Love,The Blues Brothers,1980
drumeo,291590,Don't Let Me Down,The Chainsmokers,2016
drumeo,291592,Paris,The Chainsmokers,2017
drumeo,291594,Something Just Like This,The Chainsmokers,2017
drumeo,291596,Linger,The Cranberries,1993
drumeo,291598,Zombie,The Cranberries,1994
drumeo,291600,Pictures Of You,The Cure,1989
drumeo,291602,Long Train Runnin',The Doobie Brothers,1973
drumeo,291604,1930,The Gaslight Anthem,2007
drumeo,291606,Long Cool Woman (In A Black Dress),The Hollies,1971
drumeo,291608,It's Your Thing,The Isley Brothers,1969
drumeo,291610,Going Underground,The Jam,1980
drumeo,291612,Drunkship Of Lanterns,The Mars Volta,2003
drumeo,291614,About Today,The National,2004
drumeo,291616,Fire,The Pointer Sisters,1978
drumeo,291618,Don’t Get Me Wrong,The Pretenders,1986
drumeo,291620,Face Down,The Red Jumpsuit Apparatus,2006
drumeo,291622,Under My Thumb,The Rolling Stones,1966
drumeo,291624,Ventilator Blues,The Rolling Stones,1972
drumeo,291626,The Man Who Can't Be Moved,The Script,2008
drumeo,291628,How Soon Is Now?,The Smiths,1984
drumeo,291630,I Wanna Be Adored,The Stone Roses,1989
drumeo,291632,Made Of Stone,The Stone Roses,1989
drumeo,291634,Blow At High Dough,The Tragically Hip,1989
drumeo,291636,Disco Inferno,The Trammps,1976
drumeo,291638,A Box Full Of Sharp Objects,The Used,2002
drumeo,291640,Buried Myself Alive,The Used,2002
drumeo,291642,Who Are You,The Who,1978
drumeo,291644,Baba O'Riley,The Who,1971
drumeo,291646,That Thing You Do!,The Wonders,1996
drumeo,291648,Animal I Have Become,Three Days Grace,2006
drumeo,291650,Don't Come Around Here No More,Tom Petty & The Heartbreakers,1985
drumeo,291652,867-5309/Jenny,Tommy Tutone,1981
drumeo,291654,Mama,Toto,1979
drumeo,291656,Angela,Toto,1978
drumeo,291658,I'll Supply The Love,Toto,1978
drumeo,291660,Rockmaker,Toto,1978
drumeo,291662,Lovers In The Night,Toto,1982
drumeo,291664,50 Ways To Say Goodbye,Train,2012
drumeo,291666,California 37,Train,2012
drumeo,291668,If It's Love,Train,2010
drumeo,291670,Parachute,Train,2009
drumeo,291672,With Or Without You,U2,1987
drumeo,291674,Bad,U2,1984
drumeo,291676,Dreams,Van Halen,1986
drumeo,291678,Summer Nights,Van Halen,1986
drumeo,291680,Ain't Talkin' 'Bout Love,Van Halen,1978
drumeo,291682,Runnin' With The Devil,Van Halen,1978
drumeo,291684,Unchained,Van Halen,1981
drumeo,291686,Poor Poor Pitiful Me,Warren Zevon,1976
drumeo,291688,Last Christmas,Wham!,1986
drumeo,291690,Black Sunshine,White Zombie,1992
drumeo,291692,Miles Away,Winger,1990
drumeo,291694,Band On The Run,Wings,1973
drumeo,293062,Eclipse,Pink Floyd,1973
drumeo,293064,On The Run,Pink Floyd,1973
drumeo,293066,The Great Gig In The Sky,Pink Floyd,1973
drumeo,293068,Shine On You Crazy Diamond (Parts I-V),Pink Floyd,1975
drumeo,293070,Shine On You Crazy Diamond (Parts VI-IX),Pink Floyd,1975
drumeo,293788,4th Of July,Soundgarden,1994
drumeo,293869,Fresh Tendrils,Soundgarden,1994
drumeo,294017,Half,Soundgarden,1994
drumeo,294020,Head Down,Soundgarden,1994
drumeo,294024,Kickstand,Soundgarden,1994
drumeo,294026,Let Me Drown,Soundgarden,1994
drumeo,294028,Like Suicide,Soundgarden,1994
drumeo,294030,Limo Wreck,Soundgarden,1994
drumeo,294033,Mailman,Soundgarden,1994
drumeo,294036,My Wave,Soundgarden,1994
drumeo,294039,She Likes Surprises,Soundgarden,1994
drumeo,294042,Superunknown,Soundgarden,1994
drumeo,294185,"1,000 Eyes",Death,1995
drumeo,294187,Crystal Mountain,Death,1995
drumeo,294190,Empty Words,Death,1995
drumeo,294195,Misanthrope,Death,1995
drumeo,294205,Perennial Quest,Death,1995
drumeo,294207,Sacred Serenity,Death,1995
drumeo,294209,Symbolic,Death,1995
drumeo,294213,Without Judgement,Death,1995
drumeo,294215,Zero Tolerance,Death,1995
drumeo,294217,25 Years,Pantera,1994
drumeo,294220,Becoming,Pantera,1994
drumeo,294223,Good Friends And A Bottle Of Pills,Pantera,1994
drumeo,294225,"Hard Lines, Sunken Cheeks",Pantera,1994
drumeo,294227,Shedding Skin,Pantera,1994
drumeo,294229,Slaughtered,Pantera,1994
drumeo,294231,Strength Beyond Strength,Pantera,1994
drumeo,294233,Throes Of Rejection,Pantera,1994
drumeo,294235,Use My Third Arm,Pantera,1994
drumeo,294252,Gimme All Your Lovin',ZZ Top,1983
drumeo,294271,Born For One Thing,Gojira,2021
drumeo,294509,Born To Run,Bruce Springsteen,1975
drumeo,294511,The Pavilion (A Long Way Back),Coheed And Cambria,2018
drumeo,294513,Easy,The Commodores,1977
drumeo,294515,Change (In The House Of Flies),Deftones,2000
drumeo,294517,Evil,Interpol,2004
drumeo,294519,Where Eagles Dare,Iron Maiden,1983
drumeo,294521,2 Minutes To Midnight,Iron Maiden,1984
drumeo,294524,You Can Leave Your Hat On,Joe Cocker,1986
drumeo,294526,St. Elmo's Fire (Man In Motion),John Parr,1984
drumeo,294528,Take A Look Around,Limp Bizkit,2000
drumeo,294530,Selling The Drama,Live,1994
drumeo,294532,Heart Of Gold,Neil Young,1972
drumeo,294534,Breakfast In America,Supertramp,1979
drumeo,294536,Come Out And Play,The Offspring,1994
drumeo,294777,Tequila Sunrise,Eagles,1973
drumeo,294779,Life In The Fast Lane,Eagles,1976
drumeo,294782,Heartache Tonight,Eagles,1979
drumeo,294785,Bright Size Life,Pat Metheny,1975
drumeo,294793,Manic Monday,The Bangles,1986
drumeo,294795,Hazy Shade Of Winter,The Bangles,1987
drumeo,294797,Our Lips Are Sealed,The Go-Go's,1981
drumeo,294799,We Got The Beat,The Go-Go's,1981
drumeo,294801,You Drive Me Wild,The Runaways,1976
drumeo,294855,Leave The Door Open,Silk Sonic,2021
drumeo,295194,I Don't Hear You,Boz Scaggs,1988
drumeo,295196,Lowdown,Boz Scaggs,1976
drumeo,295198,Calling Elvis,Dire Straits,1991
drumeo,295200,The Pretender,Jackson Browne,1976
drumeo,295202,I Keep Forgettin',Michael McDonald,1982
drumeo,295205,Bad Sneakers,Steely Dan,1975
drumeo,295207,Doctor Wu,Steely Dan,1975
drumeo,295209,Your Gold Teeth II,Steely Dan,1975
drumeo,295212,Night By Night,Steely Dan,1974
drumeo,295214,Jake To The Bone,Toto,1992
drumeo,295216,Home Of The Brave,Toto,1988
drumeo,295218,Mushanga,Toto,1988
drumeo,295220,These Chains,Toto,1988
drumeo,295632,Seven Steps To Heaven,Ben Sidran,1979
drumeo,295634,Lenore,Chick Corea,1976
drumeo,295636,Samba Song,Chick Corea,1978
drumeo,295638,Nite Sprite,Chick Corea,1976
drumeo,295639,Complicated Times,Frank Weber,1978
drumeo,295641,October Road,James Taylor,2002
drumeo,295643,Chuck E.'s In Love,Rickie Lee Jones,1979
drumeo,295645,Third World Man,Steely Dan,1980
drumeo,295648,Foots,Stuff,1976
drumeo,296074,A Face In The Crowd,Tom Petty,1989
drumeo,296077,A Mind With A Heart Of Its Own,Tom Petty,1989
drumeo,296079,Depending On You,Tom Petty,1989
drumeo,296081,Feel A Whole Lot Better,Tom Petty,1989
drumeo,296083,Love Is A Long Road,Tom Petty,1989
drumeo,296086,Runnin' Down A Dream,Tom Petty,1989
drumeo,296088,The Apartment Song,Tom Petty,1989
drumeo,296090,Yer So Bad,Tom Petty,1989
drumeo,296092,Zombie Zoo,Tom Petty,1989
drumeo,296463,Shoot To Thrill,AC/DC,1980
drumeo,296467,Big Balls,AC/DC,1976
drumeo,296469,Crabsody In Blue,AC/DC,1976
drumeo,296471,Love At First Feel,AC/DC,1976
drumeo,296473,Problem Child,AC/DC,1976
drumeo,296475,Ride On,AC/DC,1976
drumeo,296477,Rocker,AC/DC,1976
drumeo,296479,Squealer,AC/DC,1976
drumeo,296481,There's Gonna Be Some Rockin',AC/DC,1976
drumeo,296485,C.O.D.,AC/DC,1981
drumeo,296489,Evil Walks,AC/DC,1981
drumeo,296491,I Put The Finger On You,AC/DC,1981
drumeo,296493,Let's Get It Up,AC/DC,1981
drumeo,296495,Inject The Venom,AC/DC,1981
drumeo,296497,Night Of The Long Knives,AC/DC,1981
drumeo,296500,Snowballed,AC/DC,1981
drumeo,296503,Spellbound,AC/DC,1981
drumeo,296508,Live Wire,AC/DC,1976
drumeo,296510,Rock 'N' Roll Singer,AC/DC,1976
drumeo,296512,She's Got Balls,AC/DC,1976
drumeo,296514,The Jack,AC/DC,1976
drumeo,296519,Get It Hot,AC/DC,1979
drumeo,296521,Love Hungry Man,AC/DC,1979
drumeo,296523,Night Prowler,AC/DC,1979
drumeo,296525,Shot Down In Flames,AC/DC,1979
drumeo,296527,Touch Too Much,AC/DC,1979
drumeo,296531,Go Down,AC/DC,1977
drumeo,296533,Hell Ain't A Bad Place To Be,AC/DC,1981
drumeo,296536,Overdose,AC/DC,1977
drumeo,296538,R.I.P. (Rock In Peace),AC/DC,1977
drumeo,298353,California Role/That Lucky Old Sun,Brian Wilson,2008
drumeo,298355,Can't Wait Too Long,Brian Wilson,2008
drumeo,298357,Forever She'll Be My Surfer Girl,Brian Wilson,2008
drumeo,298359,Going Home,Brian Wilson,2008
drumeo,298361,Good Kind Of Love,Brian Wilson,2008
drumeo,298363,Live Let Live/That Lucky Old Sun (Reprise),Brian Wilson,2008
drumeo,298366,Mexican Girl,Brian Wilson,2008
drumeo,298368,Morning Beat,Brian Wilson,2008
drumeo,298370,Narrative: Cinco De Mayo,Brian Wilson,2008
drumeo,298372,Oxygen To The Brain,Brian Wilson,2008
drumeo,298374,Bourgeois Pig,Styx,2003
drumeo,298376,Captain America,Styx,2003
drumeo,298378,Do Things My Way,Styx,2003
drumeo,298380,Fields Of The Brave,Styx,2003
drumeo,298383,Genki Desu Ka,Styx,2003
drumeo,298385,Killing The Thing That You Love,Styx,2003
drumeo,298403,Kiss Your Ass Goodbye,Styx,2003
drumeo,298405,More Love For The Money,Styx,2003
drumeo,298407,One With Everything,Styx,2003
drumeo,298410,These Are The Times,Styx,2003
drumeo,298412,Together,Styx,2003
drumeo,298415,Waiting For Our Time,Styx,2003
drumeo,298482,Gone Gone Gone,Styx,2017
drumeo,298484,Hundred Million Miles From Home,Styx,2017
drumeo,298486,Locomotive,Styx,2017
drumeo,298488,Mission To Mars,Styx,2017
drumeo,298490,Overture,Styx,2017
drumeo,298492,Radio Silence,Styx,2017
drumeo,298494,Red Storm,Styx,2017
drumeo,298496,Ten Thousand Ways,Styx,2017
drumeo,298498,The Greater Good,Styx,2017
drumeo,298502,The Outpost,Styx,2017
drumeo,298504,Time May Bend,Styx,2017
drumeo,298506,Trouble At The Big Show,Styx,2017
drumeo,298960,Drop Dead Legs,Van Halen,1984
drumeo,298962,Girl Gone Bad,Van Halen,1984
drumeo,298965,House Of Pain,Van Halen,1984
drumeo,298967,I'll Wait,Van Halen,1984
drumeo,298969,Top Jimmy,Van Halen,1984
drumeo,298971,5150,Van Halen,1986
drumeo,298974,Get Up,Van Halen,1986
drumeo,298976,Good Enough,Van Halen,1986
drumeo,298978,Inside,Van Halen,1986
drumeo,298981,Love Walks In,Van Halen,1986
drumeo,298983,Atomic Punk,Van Halen,1978
drumeo,298985,Eruption,Van Halen,1978
drumeo,298987,Feel Your Love Tonight,Van Halen,1978
drumeo,298989,I'm The One,Van Halen,1978
drumeo,298991,Ice Cream Man,Van Halen,1978
drumeo,298993,Jamie's Cryin',Van Halen,1978
drumeo,298995,Little Dreamer,Van Halen,1978
drumeo,298997,On Fire,Van Halen,1978
drumeo,299000,You Really Got Me,Van Halen,1978
drumeo,299002,Beautiful Girls,Van Halen,1979
drumeo,299004,Bottoms Up!,Van Halen,1979
drumeo,299006,D.O.A.,Van Halen,1979
drumeo,299008,Dance The Night Away,Van Halen,1979
drumeo,299010,Light Up The Sky,Van Halen,1979
drumeo,299012,Outta Love Again,Van Halen,1979
drumeo,299014,Somebody Get Me A Doctor,Van Halen,1979
drumeo,299017,Women In Love...,Van Halen,1979
drumeo,299020,You're No Good,Van Halen,1979
drumeo,299073,Whole Lotta Rosie,AC/DC,1977
drumeo,299076,Synergy,Anika Nilles,2017
drumeo,299078,Spain,Chick Corea & Return To Forever,1972
drumeo,299080,Radar Love,Golden Earring,1973
drumeo,299082,Seventh Son Of A Seventh Son,Iron Maiden,1988
drumeo,299084,Breaking The Law,Judas Priest,1980
drumeo,299086,Creeping Death,Metallica,1984
drumeo,299088,Kickstart My Heart,Mötley Crüe,1989
drumeo,299094,Where Is My Mind?,Pixies,1988
drumeo,299097,Can't Stop,Red Hot Chili Peppers,2002
drumeo,299100,Soul To Squeeze,Red Hot Chili Peppers,1993
drumeo,299102,Prayer Of The Refugee,Rise Against,2006
drumeo,299104,The Logical Song,Supertramp,1979
drumeo,299106,"December, 1963 (Oh, What A Night)",The Four Seasons,1975
drumeo,299108,Human,The Killers,2008
drumeo,300270,Doll,Foo Fighters,1997
drumeo,300274,Enough Space,Foo Fighters,1997
drumeo,300277,"Hey, Johnny Park!",Foo Fighters,1997
drumeo,300280,My Poor Brain,Foo Fighters,1997
drumeo,300284,New Way Home,Foo Fighters,1997
drumeo,300287,See You,Foo Fighters,1997
drumeo,300290,The Colour And The Shape,Foo Fighters,1997
drumeo,300292,Up In Arms,Foo Fighters,1997
drumeo,300294,Walking After You,Foo Fighters,1997
drumeo,301935,Dancing Days,Led Zeppelin,1973
drumeo,301937,No Quarter,Led Zeppelin,1973
drumeo,301939,The Rain Song,Led Zeppelin,1973
drumeo,301941,The Song Remains The Same,Led Zeppelin,1973
drumeo,301943,Dazed And Confused,Led Zeppelin,1969
drumeo,301945,How Many More Times,Led Zeppelin,1969
drumeo,301948,I Can't Quit You Baby,Led Zeppelin,1969
drumeo,301950,You Shook Me,Led Zeppelin,1969
drumeo,301952,Your Time Is Gonna Come,Led Zeppelin,1969
drumeo,301954,Bring It On Home,Led Zeppelin,1969
drumeo,301956,Moby Dick,Led Zeppelin,1969
drumeo,301958,Ramble On,Led Zeppelin,1969
drumeo,301960,Thank You,Led Zeppelin,1969
drumeo,301962,The Lemon Song,Led Zeppelin,1969
drumeo,301964,What Is And What Should Never Be,Led Zeppelin,1969
drumeo,301967,Whole Lotta Love,Led Zeppelin,1969
drumeo,301970,Bron-Y-Aur Stomp,Led Zeppelin,1970
drumeo,301972,Celebration Day,Led Zeppelin,1970
drumeo,301975,Gallows Pole,Led Zeppelin,1970
drumeo,301977,Out On The Tiles,Led Zeppelin,1970
drumeo,301979,Four Sticks,Led Zeppelin,1971
drumeo,301981,Since I've Been Loving You,Led Zeppelin,1970
drumeo,301985,Rock And Roll,Led Zeppelin,1971
drumeo,301987,Black Country Woman,Led Zeppelin,1975
drumeo,301989,Boogie With Stu,Led Zeppelin,1975
drumeo,301991,Custard Pie,Led Zeppelin,1975
drumeo,301993,In The Light,Led Zeppelin,1975
drumeo,301995,Night Flight,Led Zeppelin,1975
drumeo,301997,Sick Again,Led Zeppelin,1975
drumeo,302000,Trampled Under Foot,Led Zeppelin,1975
drumeo,302626,Smooth Criminal,Alien Ant Farm,2001
drumeo,302631,Rock & Roll Band,Boston,1976
drumeo,302634,Make Me Smile,Chicago,1969
drumeo,302636,Confirmation,Chick Corea,1981
drumeo,302638,Sunshine Of Your Love,Cream,1968
drumeo,302641,Cake By The Ocean,DNCE,2016
drumeo,302643,Feel Good Inc.,Gorillaz,2005
drumeo,302645,Welcome To The Jungle,Guns N' Roses,1987
drumeo,302647,Everybody's Changing,Keane,2004
drumeo,302649,...And Justice For All,Metallica,1988
drumeo,302652,Moth Into Flame,Metallica,2016
drumeo,302654,Ace Of Spades,Motorhead,1980
drumeo,302656,I'm In Love With My Car,Queen,1975
drumeo,302658,Hypnotize,System Of A Down,2005
drumeo,302660,Take It On The Run,REO Speedwagon,1980
drumeo,302662,B.Y.O.B.,System Of A Down,2005
drumeo,302664,Rudie Can't Fail,The Clash,1979
drumeo,302666,Versions Of The Truth,The Pineapple Thief,2020
drumeo,302668,Blinding Lights,The Weeknd,2020
drumeo,303115,Crash Of The Crown,Styx,2021
drumeo,303246,Baby I'm A Star,Prince,1984
drumeo,303250,Computer Blue,Prince,1984
drumeo,303253,Darling Nikki,Prince,1984
drumeo,303255,I Would Die 4 U,Prince,1984
drumeo,303257,Let's Go Crazy,Prince,1984
drumeo,303259,Purple Rain,Prince,1984
drumeo,303261,Take Me With U,Prince,1984
drumeo,303263,When Doves Cry,Prince,1984
drumeo,303265,The Beautiful Ones,Prince,1984
drumeo,303354,Adore,Prince,1987
drumeo,303356,Forever In My Life,Prince,1987
drumeo,303358,Hot Thing,Prince,1987
drumeo,303360,Housequake,Prince,1987
drumeo,303362,I Could Never Take The Place Of Your Man,Prince,1987
drumeo,303364,If I Was Your Girlfriend,Prince,1987
drumeo,303366,It,,1987
drumeo,303369,It's Gonna Be A Beautiful Night,Prince,1987
drumeo,303371,Play In The Sunshine,Prince,1987
drumeo,303373,Sign O' The Times,Prince,1987
drumeo,303375,Slow Love,Prince,1987
drumeo,303377,Starfish And Coffee,Prince,1987
drumeo,303379,Strange Relationship,Prince,1987
drumeo,303381,The Ballad Of Dorothy Parker,Prince,1987
drumeo,303383,The Cross,Prince,1987
drumeo,303385,U Got The Look,Prince,1987
drumeo,303638,Doubt,Twenty One Pilots,2015
drumeo,303643,Fairly Local,Twenty One Pilots,2015
drumeo,303645,Goner,Twenty One Pilots,2015
drumeo,303675,Hometown,Twenty One Pilots,2015
drumeo,303677,Lane Boy,Twenty One Pilots,2015
drumeo,303679,Message Man,Twenty One Pilots,2015
drumeo,303681,Not Today,Twenty One Pilots,2015
drumeo,303683,Polarize,Twenty One Pilots,2015
drumeo,303685,Tear In My Heart,Twenty One Pilots,2015
drumeo,303687,The Judge,Twenty One Pilots,2015
drumeo,303689,We Don't Believe What's On TV,Twenty One Pilots,2015
drumeo,303691,Bandito,Twenty One Pilots,2018
drumeo,303693,Chlorine,Twenty One Pilots,2018
drumeo,303695,Cut My Lip,Twenty One Pilots,2018
drumeo,303697,Jumpsuit,Twenty One Pilots,2018
drumeo,303699,Leave The City,Twenty One Pilots,2018
drumeo,303703,Legend,Twenty One Pilots,2018
drumeo,303705,Levitate,Twenty One Pilots,2018
drumeo,303708,Morph,Twenty One Pilots,2018
drumeo,303710,My Blood,Twenty One Pilots,2018
drumeo,303712,Neon Gravestones,Twenty One Pilots,2018
drumeo,303714,Nico And The Niners,Twenty One Pilots,2018
drumeo,303716,Pet Cheetah,Twenty One Pilots,2018
drumeo,303718,Smithereens,Twenty One Pilots,2018
drumeo,303720,The Hype,Twenty One Pilots,2018
drumeo,304038,Walk All Over You,AC/DC,1979
drumeo,305644,Poison,Alice Cooper,1989
drumeo,305651,Two Step,Dave Matthews Band,1997
drumeo,305654,My Own Summer (Shove It),Deftones,1997
drumeo,305656,Planet Of The Apes,Devin Townsend Project,2011
drumeo,305658,Rejoice,Devin Townsend Project,2014
drumeo,305660,I Stand Alone,Godsmack,2003
drumeo,305663,Jesus Of Suburbia,Green Day,2004
drumeo,305668,Hollow,Imonolith,2020
drumeo,305670,The Trooper,Iron Maiden,1983
drumeo,305672,Aqualung,Jethro Tull,1971
drumeo,305674,I Predict A Riot,Kaiser Chiefs,2005
drumeo,305676,Skin Deep,Louie Bellson,1955
drumeo,305678,Holy Wars... The Punishment Due,Megadeth,1990
drumeo,305680,Wild Side,Mötley Crüe,1987
drumeo,305683,Misery Business,Paramore,2007
drumeo,305685,Red Rain,Peter Gabriel,1987
drumeo,305687,Under Pressure,Queen,1982
drumeo,305689,Black Betty,Ram Jam,1977
drumeo,305691,Scar Tissue,Red Hot Chili Peppers,1999
drumeo,305693,Before I Forget,Slipknot,2004
drumeo,305695,My Sharona,The Knack,1979
drumeo,305697,Self Esteem,The Offspring,1994
drumeo,307172,Last Train Home,John Mayer,2021
drumeo,308034,The Suffering,Coheed And Cambria,2005
drumeo,308883,Anything Goes,Guns N' Roses,1987
drumeo,308888,It's So Easy,Guns N' Roses,1987
drumeo,308890,Nightrain,Guns N' Roses,1987
drumeo,308892,Out Ta Get Me,Guns N' Roses,1987
drumeo,308896,Rocket Queen,Guns N' Roses,1987
drumeo,308898,Think About You,Guns N' Roses,1987
drumeo,308900,You're Crazy,Guns N' Roses,1987
drumeo,308905,14 Years,Guns N' Roses,1987
drumeo,308907,Breakdown,Guns N' Roses,1991
drumeo,308909,Civil War,Guns N' Roses,1991
drumeo,308911,Don't Cry,Guns N' Roses,1991
drumeo,308913,Estranged,Guns N' Roses,1991
drumeo,308915,Get In The Ring,Guns N' Roses,1991
drumeo,308917,Locomotive,Guns N' Roses,1991
drumeo,308919,My World,Guns N' Roses,1991
drumeo,308921,Pretty Tied Up,Guns N' Roses,1991
drumeo,308923,So Fine,Guns N' Roses,1991
drumeo,308925,Shotgun Blues,Guns N' Roses,1991
drumeo,309151,I Want You To Want Me,Cheap Trick,1977
drumeo,309153,Ziggy Stardust,David Bowie,1972
drumeo,309155,Black Light Machine,Frost*,2006
drumeo,309157,Voodoo,Godsmack,1998
drumeo,309159,Amazonia,Gojira,2021
drumeo,309161,November Rain,Guns N' Roses,1991
drumeo,309163,The Number Of The Beast,Iron Maiden,1982
drumeo,309165,Psychosocial,Slipknot,2008
drumeo,309167,Still Waiting,Sum 41,2002
drumeo,309169,Lump,The Presidents Of The United States Of America,1995
drumeo,309171,Death By Rock And Roll,The Pretty Reckless,2021
drumeo,309173,I'll Be There For You,The Rembrandts,1995
drumeo,309175,Semi-Charmed Life,Third Eye Blind,1997
drumeo,309177,Soul With A Capital S,Tower Of Power,1993
drumeo,309318,Any Time At All,The Beatles,1964
drumeo,309320,I Should Have Known Better,The Beatles,1964
drumeo,309322,I'll Be Back,The Beatles,1964
drumeo,309324,I'll Cry Instead,The Beatles,1964
drumeo,309326,I’m Happy Just To Dance With You,The Beatles,1964
drumeo,309328,If I Fell,The Beatles,1964
drumeo,309330,Tell Me Why,The Beatles,1964
drumeo,309332,Things We Said Today,The Beatles,1964
drumeo,309334,When I Get Home,The Beatles,1964
drumeo,309336,You Can't Do That,The Beatles,1964
drumeo,309338,I Want You (She's So Heavy),The Beatles,1969
drumeo,309340,Maxwell's Silver Hammer,The Beatles,1969
drumeo,309342,Mean Mr. Mustard,The Beatles,1969
drumeo,309344,Octopus's Garden,The Beatles,1969
drumeo,309346,Oh! Darling,The Beatles,1969
drumeo,309348,Old Brown Shoe,The Beatles,1969
drumeo,309350,Polythene Pam,The Beatles,1969
drumeo,309352,She Came In Through The Bathroom Window,The Beatles,1969
drumeo,309354,Something,The Beatles,1969
drumeo,309356,Sun King,The Beatles,1969
drumeo,309358,You Never Give Me Your Money,The Beatles,1969
drumeo,309360,Free As A Bird,The Beatles,1995
drumeo,309362,I Feel Fine,The Beatles,1964
drumeo,309364,She's A Woman,The Beatles,1964
drumeo,309366,Baby's In Black,The Beatles,1964
drumeo,309368,Eight Days A Week,The Beatles,1964
drumeo,309370,Every Little Thing,The Beatles,1964
drumeo,309372,Everybody's Trying To Be My Baby,The Beatles,1964
drumeo,309374,Honey Don't,The Beatles,1964
drumeo,309376,I Don't Want To Spoil The Party,The Beatles,1964
drumeo,309378,I'm A Loser,The Beatles,1964
drumeo,309380,Kansas City/Hey Hey Hey Hey,The Beatles,1964
drumeo,309382,No Reply,The Beatles,1964
drumeo,309384,Rock And Roll Music,The Beatles,1964
drumeo,309386,What You're Doing,The Beatles,1964
drumeo,309388,Words Of Love,The Beatles,1964
drumeo,309390,Act Naturally,The Beatles,1965
drumeo,309392,Another Girl,The Beatles,1965
drumeo,309394,Dizzy Miss Lizzy,The Beatles,1965
drumeo,309396,Help!,The Beatles,1965
drumeo,309398,I Need You,The Beatles,1965
drumeo,309400,I've Just Seen A Face,The Beatles,1965
drumeo,309402,It's Only Love,The Beatles,1965
drumeo,309404,Tell Me What You See,The Beatles,1965
drumeo,309406,The Night Before,The Beatles,1965
drumeo,309408,You're Going To Lose That Girl,The Beatles,1965
drumeo,309410,You've Got To Hide Your Love Away,The Beatles,1965
drumeo,309412,You Like Me Too Much,The Beatles,1965
drumeo,309414,Hey Jude,The Beatles,1970
drumeo,309416,Lady Madonna,The Beatles,1968
drumeo,309418,The Ballad Of John And Yoko,The Beatles,1970
drumeo,309420,Across The Universe,The Beatles,1970
drumeo,309422,Dig A Pony,The Beatles,1970
drumeo,309424,Dig It,The Beatles,1970
drumeo,309426,For You Blue,The Beatles,1970
drumeo,309428,I Me Mine,The Beatles,1970
drumeo,309430,I've Got A Feeling,The Beatles,1970
drumeo,309432,Maggie Mae,The Beatles,1970
drumeo,309434,One After 909,The Beatles,1970
drumeo,309436,The Long And Winding Road,The Beatles,1970
drumeo,309438,Two Of Us,The Beatles,1970
drumeo,309440,"Baby, You're A Rich Man",The Beatles,1967
drumeo,309442,Blue Jay Way,The Beatles,1967
drumeo,309444,Flying,The Beatles,1967
drumeo,309446,"Hello, Goodbye",The Beatles,1967
drumeo,309448,I Am The Walrus,The Beatles,1967
drumeo,309450,Magical Mystery Tour,The Beatles,1967
drumeo,309452,Penny Lane,The Beatles,1967
drumeo,309454,Strawberry Fields Forever,The Beatles,1967
drumeo,309456,The Fool On The Hill,The Beatles,1967
drumeo,309458,Your Mother Should Know,The Beatles,1967
drumeo,309460,This Boy,The Beatles,1964
drumeo,309462,Bad Boy,The Beatles,1988
drumeo,309464,I Call Your Name,The Beatles,1988
drumeo,309466,I'll Get You,The Beatles,1988
drumeo,309468,I'm Down,The Beatles,1988
drumeo,309470,Long Tall Sally,The Beatles,1988
drumeo,309472,Matchbox,The Beatles,1988
drumeo,309474,Slow Down,The Beatles,1988
drumeo,309476,Thank You Girl,The Beatles,1988
drumeo,309478,"Yes, It Is",The Beatles,1988
drumeo,309480,You Know My Name,The Beatles,1988
drumeo,309482,A Taste Of Honey,The Beatles,1963
drumeo,309484,Anna (Go To Him),The Beatles,1963
drumeo,309486,Ask Me Why,The Beatles,1963
drumeo,309488,Baby It's You,The Beatles,1963
drumeo,309490,Boys,The Beatles,1963
drumeo,309492,Chains,The Beatles,1963
drumeo,309494,Do You Want To Know A Secret,The Beatles,1963
drumeo,309496,I Saw Her Standing There,The Beatles,1963
drumeo,309498,Love Me Do,The Beatles,1963
drumeo,309500,Misery,The Beatles,1963
drumeo,309502,P.S. I Love You,The Beatles,1963
drumeo,309504,Please Please Me,The Beatles,1963
drumeo,309506,There's A Place,The Beatles,1963
drumeo,309508,Twist And Shout,The Beatles,1963
drumeo,309510,And Your Bird Can Sing,The Beatles,1966
drumeo,309512,Doctor Robert,The Beatles,1966
drumeo,309514,For No One,The Beatles,1966
drumeo,309516,Good Day Sunshine,The Beatles,1966
drumeo,309518,Got To Get You Into My Life,The Beatles,1966
drumeo,309520,"Here, There And Everywhere",The Beatles,1966
drumeo,309522,I'm Only Sleeping,The Beatles,1966
drumeo,309524,She Said She Said,The Beatles,1966
drumeo,309526,Taxman,The Beatles,1966
drumeo,309528,Girl,The Beatles,1965
drumeo,309530,I Want To Tell You,The Beatles,1966
drumeo,309532,I'm Looking Through You,The Beatles,1965
drumeo,309534,If I Needed Someone,The Beatles,1965
drumeo,309536,In My Life,The Beatles,1965
drumeo,309538,Michelle,The Beatles,1965
drumeo,309540,Nowhere Man,The Beatles,1965
drumeo,309542,Run For Your Life,The Beatles,1965
drumeo,309544,The Word,The Beatles,1965
drumeo,309546,Think For Yourself,The Beatles,1965
drumeo,309548,Wait,The Beatles,1965
drumeo,309550,What Goes On,The Beatles,1965
drumeo,309552,You Won't See Me,The Beatles,1965
drumeo,309554,A Day In The Life,The Beatles,1967
drumeo,309556,Being For The Benefit Of Mr. Kite,The Beatles,1967
drumeo,309558,Fixing A Hole,The Beatles,1967
drumeo,309560,Getting Better,The Beatles,1967
drumeo,309562,Good Morning Good Morning,The Beatles,1967
drumeo,309564,Lovely Rita,The Beatles,1967
drumeo,309566,Lucy In The Sky With Diamonds,The Beatles,1967
drumeo,309568,Sgt. Pepper's Lonely Hearts Club Band (Reprise),The Beatles,1967
drumeo,309570,When I'm Sixty Four,The Beatles,1967
drumeo,309572,Birthday,The Beatles,1968
drumeo,309574,Cry Baby Cry,The Beatles,1968
drumeo,309576,Dear Prudence,The Beatles,1968
drumeo,309578,Don't Pass Me By,The Beatles,1968
drumeo,309580,Everybody's Got Something To Hide Except Me And My Monkey,The Beatles,1968
drumeo,309582,Helter Skelter,The Beatles,1968
drumeo,309584,Honey Pie,The Beatles,1968
drumeo,309586,I Will,The Beatles,1968
drumeo,309588,I'm So Tired,The Beatles,1968
drumeo,309590,"Long, Long, Long",The Beatles,1968
drumeo,309592,Martha My Dear,The Beatles,1968
drumeo,309594,"Ob-La-Di, Ob-La-Da",The Beatles,1968
drumeo,309596,Piggies,The Beatles,1968
drumeo,309598,Rocky Raccoon,The Beatles,1968
drumeo,309600,Savoy Truffle,The Beatles,1968
drumeo,309602,Sexy Sadie,The Beatles,1968
drumeo,309604,The Continuing Story Of Bungalow Bill,The Beatles,1968
drumeo,309606,While My Guitar Gently Weeps,The Beatles,1968
drumeo,309608,Why Don't We Do It In The Road,The Beatles,1968
drumeo,309610,Wild Honey Pie,The Beatles,1968
drumeo,309612,Yer Blues,The Beatles,1968
drumeo,309614,From Me To You,The Beatles,1964
drumeo,309616,We Can Work It Out,The Beatles,1965
drumeo,309618,All I've Got To Do,The Beatles,1963
drumeo,309620,Devil In Her Heart,The Beatles,1963
drumeo,309622,Don't Bother Me,The Beatles,1963
drumeo,309624,Hold Me Tight,The Beatles,1963
drumeo,309626,I Wanna Be Your Man,The Beatles,1963
drumeo,309628,It Won't Be Long,The Beatles,1963
drumeo,309630,Little Child,The Beatles,1963
drumeo,309632,Money (That's What I Want),The Beatles,1963
drumeo,309634,Not A Second Time,The Beatles,1963
drumeo,309636,Please Mr. Postman,The Beatles,1963
drumeo,309638,Roll Over Beethoven,The Beatles,1963
drumeo,309640,You Really Got A Hold On Me,The Beatles,1963
drumeo,309642,All Together Now,The Beatles,1969
drumeo,309644,Hey Bulldog,The Beatles,1969
drumeo,309646,It's All Too Much,The Beatles,1969
drumeo,309648,Only A Northern Song,The Beatles,1969
drumeo,311099,Good Old-Fashioned Lover Boy,Queen,1976
drumeo,311101,Friends Will Be Friends,Queen,1986
drumeo,311105,One Vision,Queen,1986
drumeo,311107,Who Wants To Live Forever,Queen,1986
drumeo,311109,The Prophet's Song,Queen,1975
drumeo,311112,Innuendo,Queen,1991
drumeo,311114,Dead On Time,Queen,1978
drumeo,311116,Mustapha,Queen,1978
drumeo,311118,"All Dead, All Dead",Queen,1977
drumeo,311120,It's Late,Queen,1977
drumeo,311122,Spread Your Wings,Queen,1977
drumeo,311124,Now I'm Here,Queen,1974
drumeo,311126,Keep Yourself Alive,Queen,1973
drumeo,311129,The March Of The Black Queen,Queen,1974
drumeo,311131,Dragon Attack,Queen,1980
drumeo,311133,Save Me,Queen,1980
drumeo,311136,Breakthru,Queen,1989
drumeo,311140,I Want It All,Queen,1989
drumeo,311142,I Want To Break Free,Queen,1984
drumeo,311145,Radio Ga Ga,Queen,1984
drumeo,313329,Alexander Hamilton,Lin-Manuel Miranda,2015
drumeo,313331,Blow Us All Away,Lin-Manuel Miranda,2015
drumeo,313333,Burn,Lin-Manuel Miranda,2015
drumeo,313335,Guns And Ships,Lin-Manuel Miranda,2015
drumeo,313337,My Shot,Lin-Manuel Miranda,2015
drumeo,313339,Non-Stop,Lin-Manuel Miranda,2015
drumeo,313342,One Last Time,Lin-Manuel Miranda,2015
drumeo,313345,Right Hand Man,Lin-Manuel Miranda,2015
drumeo,313347,The Election Of 1800,Lin-Manuel Miranda,2015
drumeo,313349,The Room Where It Happens,Lin-Manuel Miranda,2015
drumeo,313351,The Schuyler Sisters,Lin-Manuel Miranda,2015
drumeo,313353,The World Was Wide Enough,Lin-Manuel Miranda,2015
drumeo,313356,Wait For It,Lin-Manuel Miranda,2015
drumeo,313358,Yorktown (The World Turned Upside Down),Lin-Manuel Miranda,2015
drumeo,313361,You'll Be Back,Lin-Manuel Miranda,2015
drumeo,314507,Breath,Breaking Benjamin,2006
drumeo,314509,Rebel Rebel,David Bowie,1974
drumeo,314511,I'm Shipping Up To Boston,Dropkick Murhpys,2005
drumeo,314513,Into The Storm,Gojira,2021
drumeo,314515,Nice To Know You,Incubus,2001
drumeo,314517,Wish You Were Here,Incubus,2001
drumeo,314519,Rime Of The Ancient Mariner,Iron Maiden,1984
drumeo,314521,Free Bird,Lynyrd Skynyrd,1976
drumeo,314523,Wherever I May Roam,Metallica,1991
drumeo,314525,Jesus Christ Pose,Soundgarden,1991
drumeo,314528,Road To Nowhere,Talking Heads,1985
drumeo,314530,The Kids Aren't Alright,The Offspring,1998
drumeo,315024,Lateralus,Tool,2001
drumeo,315883,Holy Is The Lord,Chris Tomlin,2004
drumeo,315885,Indescribable,Chris Tomlin,2004
drumeo,315887,At The Cross (Love Ran Red),Chris Tomlin,2014
drumeo,315889,Made To Worship,Chris Tomlin,2006
drumeo,315891,The Father's House,Cory Asbury,2020
drumeo,315893,Easter Hymn,David Crowder Band,2009
drumeo,315895,How He Loves Us,David Crowder Band,2009
drumeo,315897,It Is So,Elevation Worship,2019
drumeo,315899,With You,Elevation Worship,2019
drumeo,315901,Desert Song,Hillsong United,2009
drumeo,315903,Lead Me To The Cross,Hillsong United,2007
drumeo,315905,Prince Of Peace,Hillsong United,2015
drumeo,315907,Salvation Is Here,Hillsong United,2005
drumeo,315909,With Everything,Hillsong United,2012
drumeo,315911,Highlands (Song Of Ascent),Hillsong United,2019
drumeo,315913,Wonder,Hillsong United,2017
drumeo,315915,King Of Kings,Hillsong Worship,2019
drumeo,315917,Let There Be Light,Hillsong Worship,2016
drumeo,315919,O Praise The Name (Anastasis),Hillsong Worship,2015
drumeo,315921,Hosanna,Hillsong Worship,2007
drumeo,315923,Rooftops,Jesus Culture,2010
drumeo,315925,Flawless,MercyMe,2014
drumeo,315927,Unknown,Mosaic MSC,2017
drumeo,315929,Death Was Arrested,North Point Worship,2017
drumeo,315931,More To Come,Passion,2019
drumeo,315933,In Christ Alone,Passion,2013
drumeo,315935,Revelation Song,Passion,2013
drumeo,315937,"Jesus, Son Of God",Passion,2012
drumeo,315939,One Thing Remains,Passion,2012
drumeo,315941,Build My Life,Passion,2019
drumeo,315943,Every Giant Will Fall,Rend Collective,2015
drumeo,315945,Joy Of The Lord,Rend Collective,2015
drumeo,315947,My Lighthouse,Rend Collective,2014
drumeo,315949,Holy Water,We The Kingdom,2020
drumeo,315951,Another Part Of Me,Michael Jackson,1987
drumeo,315953,I Just Can't Stop Loving You,Michael Jackson,1987
drumeo,315955,Just Good Friends,Michael Jackson,1987
drumeo,315957,Leave Me Alone,Michael Jackson,1987
drumeo,315959,Liberian Girl,Michael Jackson,1987
drumeo,315961,Man In The Mirror,Michael Jackson,1988
drumeo,315965,Speed Demon,Michael Jackson,1987
drumeo,315967,The Way You Make Me Feel,Michael Jackson,1987
drumeo,315969,Can't Let Her Get Away,Michael Jackson,1991
drumeo,315971,Dangerous,Michael Jackson,1991
drumeo,315973,Give In To Me,Michael Jackson,1991
drumeo,315975,Heal The World,Michael Jackson,1991
drumeo,315977,In The Closet,Michael Jackson,1991
drumeo,315979,Keep The Faith,Michael Jackson,1991
drumeo,315981,Remember The Time,Michael Jackson,1991
drumeo,315983,She Drives Me Wild,Michael Jackson,1991
drumeo,315985,Who Is It,Michael Jackson,1991
drumeo,315987,Why You Wanna Trip On Me,Michael Jackson,1991
drumeo,315989,Will You Be There,Michael Jackson,1991
drumeo,315991,They Don't Care About Us,Michael Jackson,1995
drumeo,315993,Burn This Disco Out,Michael Jackson,1979
drumeo,315995,Don't Stop 'Til You Get Enough,Michael Jackson,1979
drumeo,315997,Get On The Floor,Michael Jackson,1979
drumeo,315999,Girlfriend,Michael Jackson,1979
drumeo,316001,I Can't Help It,Michael Jackson,1979
drumeo,316003,It's The Falling In Love,Michael Jackson,1979
drumeo,316005,Off The Wall,Michael Jackson,1979
drumeo,316007,Rock With You,Michael Jackson,1979
drumeo,316009,Working Day And Night,Michael Jackson,1979
drumeo,316011,Baby Be Mine,Michael Jackson,1982
drumeo,316013,Wanna Be Startin' Somethin',Michael Jackson,1982
drumeo,317232,Wrong Side Of Heaven,Five Finger Death Punch,2014
drumeo,317234,The House Of The Rising Sun,The Animals,1966
drumeo,317236,All My Life,Foo Fighters,2002
drumeo,317238,These Days,Foo Fighters,2011
drumeo,317240,When I Come Around,Green Day,1994
drumeo,317242,White Rabbit,Jefferson Airplane,1967
drumeo,317244,Jack & Diane,John Cougar Mellencamp,1982
drumeo,317246,Bat Out Of Hell,Meat Loaf,1977
drumeo,317248,Blackened,Metallica,1988
drumeo,317250,G.O.A.T.,Polyphia,2018
drumeo,317252,Song For The Deaf,Queens Of The Stone Age,2002
drumeo,317255,Figure It Out,Royal Blood,2014
drumeo,317258,"Hold On, I'm Comin'",Sam & Dave,1966
drumeo,317260,London Calling,The Clash,1979
drumeo,317262,Circle With Me,Spiritbox,2021
drumeo,317265,Dreams,The Cranberries,2004
drumeo,317267,Fire,The Jimi Hendrix Experience,1967
drumeo,317269,The Impression That I Get,The Mighty Mighty Bosstones,1997
drumeo,317754,Word Up!,Cameo,1986
drumeo,317756,Pusherman,Curtis Mayfield,1972
drumeo,317758,Super Fly,Curtis Mayfield,1972
drumeo,317760,Let It Whip,Dazz Band,1982
drumeo,317762,In The Stone,Earth Wind & Fire,1979
drumeo,317764,Palm Grease,Herbie Hancock,1974
drumeo,317766,Funky President (People It's Bad),James Brown,1974
drumeo,317768,Get Up Offa That Thing,James Brown,1976
drumeo,317770,Space Cowboy,Jamiroquai,1994
drumeo,317772,Hollywood Swinging,Kool & The Gang,1973
drumeo,317774,Funkytown,Lipps Inc.,1979
drumeo,317776,Fire,Ohio Players,1974
drumeo,317778,Love Rollercoaster,Ohio Players,1975
drumeo,317780,Flash Light,Parliament,1977
drumeo,317782,P-Funk,Parliament,1975
drumeo,317784,Super Freak,Rick James,1981
drumeo,317786,In Time,Sly & The Family Stone,1973
drumeo,317788,Look-Ka Py Py,The Meters,1969
drumeo,317790,Squib Cakes,Tower Of Power,1974
drumeo,317792,Oakland Stroke,Tower Of Power,1974
drumeo,317794,Dumb,Nirvana,1993
drumeo,317796,Frances Farmer Will Have Her Revenge On Seattle,Nirvana,1993
drumeo,317799,Milk It,Nirvana,1993
drumeo,317801,Pennyroyal Tea,Nirvana,1993
drumeo,317803,Radio Friendly Unit Shifter,Nirvana,1993
drumeo,317808,Rape Me,Nirvana,1993
drumeo,317810,Scentless Apprentice,Nirvana,1993
drumeo,317812,Serve The Servants,Nirvana,1993
drumeo,317815,Tourette's,Nirvana,1993
drumeo,317818,Very Ape,Nirvana,1993
drumeo,317820,"Endless, Nameless",Nirvana,1991
drumeo,317822,On A Plain,Nirvana,1991
drumeo,317824,Stay Away,Nirvana,1991
drumeo,317827,Territorial Pissings,Nirvana,1991
drumeo,318561,Lessons,Rush,1976
drumeo,318563,Something For Nothing,Rush,1976
drumeo,318565,The Twilight Zone,Rush,1976
drumeo,318567,Cinderella Man,Rush,1977
drumeo,318569,Madrigal,Rush,1977
drumeo,318571,I Think I'm Going Bald,Rush,1975
drumeo,318573,The Fountain Of Lamneth,Rush,1975
drumeo,318575,BU2B,Rush,2012
drumeo,318577,Caravan,Rush,2012
drumeo,318579,Carnies,Rush,2012
drumeo,318581,Clockwork Angels,Rush,2012
drumeo,318583,Halo Effect,Rush,2012
drumeo,318585,Headlong Flight,Rush,2012
drumeo,318587,Seven Cities Of Gold,Rush,2012
drumeo,318589,The Anarchist,Rush,2012
drumeo,318591,The Garden,Rush,2012
drumeo,318593,The Wreckers,Rush,2012
drumeo,318595,Wish Them Well,Rush,2012
drumeo,318597,Alien Shore,Rush,1993
drumeo,318599,Between Sun & Moon,Rush,1993
drumeo,318601,Cold Fire,Rush,1993
drumeo,318603,Cut To The Chase,Rush,1993
drumeo,318605,Double Agent,Rush,1993
drumeo,318607,Everyday Glory,Rush,1993
drumeo,318609,Nobody's Hero,Rush,1993
drumeo,318611,Stick It Out,Rush,1993
drumeo,318613,The Speed Of Love,Rush,1993
drumeo,318615,Crossroads,Rush,2004
drumeo,318617,For What It's Worth,Rush,2004
drumeo,318619,Heart Full Of Soul,Rush,2004
drumeo,318621,Mr. Soul,Rush,2004
drumeo,318623,Seven And Seven Is,Rush,2004
drumeo,318625,Shape Of Things,Rush,2004
drumeo,318627,Summertime Blues,Rush,2004
drumeo,318629,The Seeker,Rush,2004
drumeo,318631,In The End,Rush,1975
drumeo,318633,Making Memories,Rush,1975
drumeo,318635,Afterimage,Rush,1984
drumeo,318637,Between The Wheels,Rush,1984
drumeo,318639,Distant Early Warning,Rush,1984
drumeo,318641,Kid Gloves,Rush,1984
drumeo,318643,Red Lenses,Rush,1984
drumeo,318645,The Body Electric,Rush,1984
drumeo,318647,The Enemy Within,Rush,1984
drumeo,318649,Cygnus X-1 Book II: Hemispheres,Rush,1978
drumeo,318651,High Water,Rush,1987
drumeo,318653,Lock And Key,Rush,1987
drumeo,318655,Mission,Rush,1987
drumeo,318657,Open Secrets,Rush,1987
drumeo,318659,Prime Mover,Rush,1987
drumeo,318661,Second Nature,Rush,1987
drumeo,318663,Tai Shan,Rush,1987
drumeo,318665,Turn The Page,Rush,1987
drumeo,318667,The Camera Eye,Rush,1981
drumeo,318669,Vital Signs,Rush,1981
drumeo,318671,Witch Hunt,Rush,1981
drumeo,318673,Not Fade Away,Rush,1973
drumeo,318675,You Can't Fight It,Rush,1973
drumeo,318677,Different Strings,Rush,1980
drumeo,318679,Emotion Detector,Rush,1985
drumeo,318681,Grand Designs,Rush,1985
drumeo,318683,Middletown Dreams,Rush,1985
drumeo,318685,Mystic Rhythms,Rush,1985
drumeo,318687,Territories,Rush,1985
drumeo,318689,The Big Money,Rush,1985
drumeo,318691,Anagram (For Mongo),Rush,1989
drumeo,318693,Available Light,Rush,1989
drumeo,318695,Chain Lightning,Rush,1989
drumeo,318697,Hand Over Fist,Rush,1989
drumeo,318699,Presto,Rush,1989
drumeo,318701,Red Tide,Rush,1989
drumeo,318703,Scars,Rush,1989
drumeo,318705,War Paint,Rush,1989
drumeo,318707,Big Wheel,Rush,1991
drumeo,318709,Face Up,Rush,1991
drumeo,318711,Ghost Of A Chance,Rush,1991
drumeo,318713,Heresy,Rush,1991
drumeo,318715,Neurotica,Rush,1991
drumeo,318717,Roll The Bones,Rush,1991
drumeo,318719,Where's My Thing,Rush,1991
drumeo,318721,You Bet Your Life,Rush,1991
drumeo,318723,Before And After,Rush,1974
drumeo,318725,Here Again,Rush,1974
drumeo,318727,Need Some Love,Rush,1974
drumeo,318729,Take A Friend,Rush,1974
drumeo,318731,Chemistry,Rush,1982
drumeo,318733,Countdown,Rush,1982
drumeo,318735,The Weapon (Part II Of Fear),Rush,1982
drumeo,318737,Armor And Sword,Rush,2007
drumeo,318739,Bravest Face,Rush,2007
drumeo,318741,Faithless,Rush,2007
drumeo,318743,Good News First,Rush,2007
drumeo,318745,Malignant Narcissism,Rush,2007
drumeo,318747,Spindrift,Rush,2007
drumeo,318749,The Larger Bowl (A Pantoum),Rush,2007
drumeo,318751,The Main Monkey Business,Rush,2007
drumeo,318753,The Way The Wind Blows,Rush,2007
drumeo,318755,We Hold On,Rush,2007
drumeo,318757,Workin' Them Angels,Rush,2007
drumeo,318759,Carve Away The Stone,Rush,1996
drumeo,318761,Dog Years,Rush,1996
drumeo,318763,Half The World,Rush,1996
drumeo,318765,Test For Echo,Rush,1996
drumeo,318767,The Color Of Right,Rush,1996
drumeo,318769,Totem,Rush,1996
drumeo,318771,Virtuality,Rush,1996
drumeo,318773,Ceiling Unlimited,Rush,2002
drumeo,318775,Earthshine,Rush,2002
drumeo,318777,Freeze (Part IV Of Fear),Rush,2002
drumeo,318779,Ghost Rider,Rush,2002
drumeo,318781,How It Is,Rush,2002
drumeo,318783,Nocturne,Rush,2002
drumeo,318785,One Little Victory,Rush,2002
drumeo,318787,Out Of The Cradle,Rush,2002
drumeo,318789,Peaceable Kingdom,Rush,2002
drumeo,318791,Secret Touch,Rush,2002
drumeo,318793,Sweet Miracle,Rush,2002
drumeo,318795,The Stars Look Down,Rush,2002
drumeo,318797,Vapor Trail,Rush,2002
drumeo,321166,Darkness,The Police,1981
drumeo,321168,Demolition Man,The Police,1981
drumeo,321171,Every Little Thing She Does Is Magic,The Police,1981
drumeo,321174,Hungry For You,The Police,1981
drumeo,321176,Invisible Sun,The Police,1981
drumeo,321178,Omegaman,The Police,1981
drumeo,321181,One World (Not Three),The Police,1982
drumeo,321183,Rehumanize Yourself,The Police,1981
drumeo,321185,Secret Journey,The Police,1981
drumeo,321187,Too Much Information,The Police,1981
drumeo,321190,"Be My Girl, Sally",The Police,1978
drumeo,321192,Born In The 50s,The Police,1978
drumeo,321195,Can't Stand Losing You,The Police,1978
drumeo,321197,Hole In My Life,The Police,1978
drumeo,321200,Masoko Tanga,The Police,1978
drumeo,321202,Next To You,The Police,1978
drumeo,321204,Peanuts,The Police,1978
drumeo,321206,Truth Hits Everybody,The Police,1978
drumeo,321208,Bring On The Night,The Police,1979
drumeo,321215,Contact,The Police,1979
drumeo,321219,Deathwish,The Police,1979
drumeo,321254,Does Everyone Stare,The Police,1979
drumeo,321258,It's Alright For You,The Police,1979
drumeo,321264,No Time This Time,The Police,1979
drumeo,321268,On Any Other Day,The Police,1979
drumeo,321270,Reggatta De Blanc,The Police,1979
drumeo,321272,The Bed's Too Big Without You,The Police,1979
drumeo,321279,Walking On The Moon,The Police,1979
drumeo,321283,King Of Pain,The Police,1983
drumeo,321337,Miss Gradenko,The Police,1983
drumeo,321339,Mother,The Police,1983
drumeo,321341,Murder By Numbers,The Police,1983
drumeo,321343,O My God,The Police,1983
drumeo,321345,Synchronicity I,The Police,1983
drumeo,321350,Synchronicity II,The Police,1983
drumeo,321352,Tea In The Sahara,The Police,1983
drumeo,321354,Walking In Your Footsteps,The Police,1983
drumeo,321356,Wrapped Around Your Finger,The Police,1983
drumeo,321360,Behind My Camel,The Police,1980
drumeo,321362,Bombs Away,The Police,1980
drumeo,321365,Canary In A Coalmine,The Police,1980
drumeo,321367,"De Do Do Do, De Da Da Da",The Police,1980
drumeo,321369,Don't Stand So Close To Me,The Police,1980
drumeo,321371,Driven To Tears,The Police,1980
drumeo,321373,Man In A Suitcase,The Police,1980
drumeo,321375,Shadows In The Rain,The Police,1980
drumeo,321381,The Other Way Of Stopping,The Police,1980
drumeo,321383,Voices Inside My Head,The Police,1980
drumeo,321385,"When The World Is Running Down, You Make The Best Of What's Still Around",The Police,1980
drumeo,321927,Always Run To You,Bon Jovi,1985
drumeo,321929,In And Out Of Love,Bon Jovi,1985
drumeo,321932,King Of The Mountain,Bon Jovi,1985
drumeo,321934,Only Lonely,Bon Jovi,1985
drumeo,321944,Secret Dreams,Bon Jovi,1985
drumeo,321946,Silent Night,Bon Jovi,1985
drumeo,321949,The Hardest Part Is The Night,Bon Jovi,1985
drumeo,321951,The Price Of Love,Bon Jovi,1985
drumeo,321954,To The Fire,Bon Jovi,1985
drumeo,321958,Tokyo Road,Bon Jovi,1985
drumeo,321960,Breakout,Bon Jovi,1984
drumeo,321965,Burning For Love,Bon Jovi,1984
drumeo,321967,Come Back,Bon Jovi,1984
drumeo,321969,Get Ready,Bon Jovi,1984
drumeo,321972,Love Lies,Bon Jovi,1984
drumeo,321974,Roulette,Bon Jovi,1984
drumeo,321976,She Don't Know Me,Bon Jovi,1984
drumeo,321979,Shot Through The Heart,Bon Jovi,1984
drumeo,321981,Captain Crash & The Beauty Queen From Mars,Bon Jovi,2000
drumeo,321984,I Could Make A Living Out Of Lovin' You,Bon Jovi,2000
drumeo,321988,I Got The Girl,Bon Jovi,2000
drumeo,321990,Just Older,Bon Jovi,2000
drumeo,321992,Mystery Train,Bon Jovi,2000
drumeo,321994,Next 100 Years,Bon Jovi,2000
drumeo,321996,Neurotica,Bon Jovi,2000
drumeo,321998,One Wild Night,Bon Jovi,2000
drumeo,322000,Save The World,Bon Jovi,2000
drumeo,322003,Say It Isn't So,Bon Jovi,2000
drumeo,322005,She's A Mystery,Bon Jovi,2000
drumeo,322007,Thank You For Loving Me,Bon Jovi,2000
drumeo,322009,Two Story Town,Bon Jovi,2000
drumeo,322011,Blame It On The Love Of Rock & Roll,Bon Jovi,1992
drumeo,322013,Fear,Bon Jovi,1992
drumeo,322016,I Believe,Bon Jovi,1992
drumeo,322018,I Want You,Bon Jovi,1992
drumeo,322020,If I Was Your Mother,Bon Jovi,1992
drumeo,322024,I'll Sleep When I'm Dead,Bon Jovi,1992
drumeo,322027,In These Arms,Bon Jovi,1992
drumeo,322029,Little Bit Of Soul,Bon Jovi,1992
drumeo,322031,Women In Love,Bon Jovi,1992
drumeo,322032,99 In The Shade,Bon Jovi,1988
drumeo,322058,Bad Medicine,Bon Jovi,1988
drumeo,322060,Born To Be My Baby,Bon Jovi,1988
drumeo,322062,Homebound Train,Bon Jovi,1988
drumeo,322066,Living In Sin,Bon Jovi,1988
drumeo,322068,Love For Sale,Bon Jovi,1988
drumeo,322070,Stick To Your Guns,Bon Jovi,1988
drumeo,322079,Wild Is The Wind,Bon Jovi,1988
drumeo,322158,Let It Rock,Bon Jovi,1986
drumeo,322161,Never Say Goodbye,Bon Jovi,1986
drumeo,322163,Social Disease,Bon Jovi,1986
drumeo,322166,Wild In The Streets,Bon Jovi,1986
drumeo,322168,Without Love,Bon Jovi,1986
drumeo,322172,(It's Hard) Letting You Go,Bon Jovi,1995
drumeo,322174,Damned,Bon Jovi,1995
drumeo,322176,Diamond Ring,Bon Jovi,1995
drumeo,322180,Hearts Breaking Even,Bon Jovi,1995
drumeo,322182,If That's What It Takes,Bon Jovi,1995
drumeo,322184,Lie To Me,Bon Jovi,1995
drumeo,322186,My Guitar Lies Bleeding in My Arms,Bon Jovi,1995
drumeo,322188,Something For The Pain,Bon Jovi,1995
drumeo,322190,Something To Believe In,Bon Jovi,1995
drumeo,322192,These Days,Bon Jovi,1995
drumeo,322194,This Ain't A Love Song,Bon Jovi,1995
drumeo,322451,Ironic,Alanis Morissette,1995
drumeo,322453,Bodies,Drowning Pool,1998
drumeo,322455,Take Me Out,Franz Ferdinand,2004
drumeo,322458,Iris,Goo Goo Dolls,1998
drumeo,322460,Wasted Years,Iron Maiden,1986
drumeo,322462,I'd Do Anything For Love (But I Won't Do That),Meat Loaf,1993
drumeo,322463,Ride The Lightning,Metallica,1984
drumeo,322466,Whiskey In The Jar,Metallica,1998
drumeo,322469,Here It Goes Again,OK Go,2005
drumeo,322471,Black,Pearl Jam,1991
drumeo,322474,Yellow Ledbetter,Pearl Jam,2003
drumeo,322476,The Beat Goes On,Buddy Rich Big Band,1998
drumeo,322478,Remedy,The Black Crowes,1992
drumeo,322480,Waterfalls,TLC,1994
drumeo,322483,Maps,Yeah Yeah Yeahs,2003
drumeo,323902,Grace,U2,2000
drumeo,323905,Acrobat,U2,1991
drumeo,323906,In A Little While,U2,2000
drumeo,323909,Kite,U2,2000
drumeo,323912,Even Better Than The Real Thing,U2,1991
drumeo,323914,Love Is Blindness,U2,1991
drumeo,323915,New York,U2,2000
drumeo,323918,Peace On Earth,U2,2000
drumeo,323920,One,U2,1991
drumeo,323922,Stuck In A Moment You Can’t Get Out Of,U2,2000
drumeo,323925,So Cruel,U2,1991
drumeo,323926,The Ground Beneath Her Feet,U2,2000
drumeo,323929,The Fly,U2,1991
drumeo,323930,Walk On,U2,2000
drumeo,323933,Tryin' To Throw Your Arms Around The World,U2,1991
drumeo,323934,When I Look At The World,U2,2000
drumeo,323937,Ultra Violet (Light My Way),U2,1991
drumeo,323938,Wild Honey,U2,2000
drumeo,323942,Until The End Of The World,U2,1991
drumeo,323943,A Day Without Me,U2,1980
drumeo,323946,Who's Gonna Ride Your Wild Horses,U2,1991
drumeo,323948,Zoo Station,U2,1991
drumeo,323950,A Man And A Woman,U2,2004
drumeo,323951,An Cat Dubh,U2,1980
drumeo,323954,All Because Of You,U2,2004
drumeo,323955,"Another Time, Another Place",U2,1980
drumeo,323958,Into The Heart,U2,1980
drumeo,323959,City Of Blinding Lights,U2,2004
drumeo,323962,Crumbs From Your Table,U2,2004
drumeo,323963,Out Of Control,U2,1980
drumeo,323966,Fast Cars,U2,2004
drumeo,323968,Love And Peace Or Else,U2,2004
drumeo,323970,Miracle Drug,U2,2004
drumeo,323972,One Step Closer,U2,2004
drumeo,323974,Original Of The Species,U2,2004
drumeo,323976,Sometimes You Can't Make It On Your Own,U2,2004
drumeo,323978,Yahweh,U2,2004
drumeo,323980,Breathe,U2,2009
drumeo,323981,Shadows And Tall Trees/Saturday Matinee,U2,1980
drumeo,323984,Stories For Boys,U2,1980
drumeo,323986,Cedars Of Lebanon,U2,2009
drumeo,323988,The Electric Co.,U2,1980
drumeo,323990,The Ocean,U2,1980
drumeo,323991,Fez - Being Born,U2,2009
drumeo,323994,Twilight,U2,1980
drumeo,323996,Fire,U2,1981
drumeo,323997,Get On Your Boots,U2,2009
drumeo,324000,Gloria,U2,1981
drumeo,324001,I'll Go Crazy If I Don't Go Crazy Tonight,U2,2009
drumeo,324006,Magnificent,U2,2009
drumeo,324008,I Fall Down,U2,1981
drumeo,324009,Moment Of Surrender,U2,2009
drumeo,324012,I Threw A Brick Through A Window,U2,1981
drumeo,324013,No Line On The Horizon,U2,2009
drumeo,324016,Stand Up Comedy,U2,2009
drumeo,324017,Is That All?,U2,1981
drumeo,324020,Unknown Caller,U2,2009
drumeo,324022,White As Snow,U2,2009
drumeo,324024,Rejoice,U2,1981
drumeo,324026,Scarlet,U2,1981
drumeo,324028,Stranger In A Strange Land,U2,1981
drumeo,324031,Tomorrow,U2,1981
drumeo,324034,With A Shout (Jerusalem),U2,1981
drumeo,324038,All Along The Watchtower,U2,1988
drumeo,324050,All I Want Is You,U2,1988
drumeo,324052,Angel Of Harlem,U2,1988
drumeo,324054,Desire,U2,1988
drumeo,324056,Exit,U2,1987
drumeo,324057,God Part II,U2,1988
drumeo,324060,Helter Skelter,U2,1988
drumeo,324061,In God's Country,U2,1987
drumeo,324064,Hawkmoon 269,U2,1988
drumeo,324065,Mothers Of The Disappeared,U2,1987
drumeo,324068,One Tree Hill,U2,1987
drumeo,324069,Heartland,U2,1988
drumeo,324072,Red Hill Mining Town,U2,1987
drumeo,324073,Love Rescue Me,U2,1988
drumeo,324077,Running To Stand Still,U2,1987
drumeo,324078,When Love Comes To Town,U2,1988
drumeo,324081,Silver And Gold,U2,1998
drumeo,324082,Trip Through Your Wires,U2,1987
drumeo,324086,A Sort Of Homecoming,U2,1984
drumeo,324088,Elvis Presley And America,U2,1984
drumeo,324090,Indian Summer Sky,U2,1984
drumeo,324092,Pride (In the Name of Love),U2,1984
drumeo,324094,Promenade,U2,1984
drumeo,324096,The Unforgettable Fire,U2,1984
drumeo,324098,Wire,U2,1984
drumeo,324100,40,U2,1983
drumeo,324102,Drowning Man,U2,1983
drumeo,324104,Like A Song,U2,1983
drumeo,324106,Red Light,U2,1983
drumeo,324108,Seconds,U2,1983
drumeo,324110,Surrender,U2,1983
drumeo,324112,The Refugee,U2,1983
drumeo,324114,Two Hearts Beat As One,U2,1983
drumeo,324386,We Weren't Born To Follow,Bon Jovi,2009
drumeo,324736,Butter,BTS,2021
drumeo,324811,Have You Ever Needed Someone So Bad,Def Leppard,1992
drumeo,324813,Heaven Is,Def Leppard,1992
drumeo,324815,I Wanna Touch You,Def Leppard,1992
drumeo,324817,Let's Get Rocked,Def Leppard,1992
drumeo,324819,Make Love Like A Man,Def Leppard,1992
drumeo,324821,Personal Property,Def Leppard,1992
drumeo,324823,Stand Up (Kick Love Into Motion),Def Leppard,1992
drumeo,324825,Tear It Down,Def Leppard,1992
drumeo,324827,Tonight,Def Leppard,1992
drumeo,324829,White Lightning,Def Leppard,1992
drumeo,324831,21st Century Sha La La La Girl,Def Leppard,1999
drumeo,324833,All Night,Def Leppard,1999
drumeo,324835,Back In Your Face,Def Leppard,1999
drumeo,324837,Day After Day,Def Leppard,1999
drumeo,324839,Demolition Man,Def Leppard,1999
drumeo,324841,Disintegrate,Def Leppard,1999
drumeo,324843,Goodbye,Def Leppard,1999
drumeo,324845,Guilty,Def Leppard,1999
drumeo,324847,It’s Only Love,Def Leppard,1999
drumeo,324849,Kings Of Oblivion,Def Leppard,1999
drumeo,324851,Paper Sun,Def Leppard,1999
drumeo,324853,Promises,Def Leppard,1999
drumeo,324855,To Be Alive,Def Leppard,1999
drumeo,324857,Another Hit And Run,Def Leppard,1981
drumeo,324859,High 'n' Dry (Saturday Night),Def Leppard,1981
drumeo,324861,Lady Strange,Def Leppard,1981
drumeo,324863,Let It Go,Def Leppard,1981
drumeo,324865,Mirror Mirror,Def Leppard,1981
drumeo,324867,"No, No, No",Def Leppard,1981
drumeo,324869,On Through The Night,Def Leppard,1981
drumeo,324871,Switch 625,Def Leppard,1981
drumeo,324873,You Got Me Runnin',Def Leppard,1981
drumeo,324875,Animal,Def Leppard,1987
drumeo,324877,Armageddon It,Def Leppard,1987
drumeo,324879,Don't Shoot Shotgun,Def Leppard,1987
drumeo,324881,Excitable,Def Leppard,1987
drumeo,324883,Gods Of War,Def Leppard,1987
drumeo,324885,Love And Affection,Def Leppard,1987
drumeo,324887,Love Bites,Def Leppard,1987
drumeo,324889,Rocket,Def Leppard,1987
drumeo,324891,Run Riot,Def Leppard,1987
drumeo,324893,Women,Def Leppard,1987
drumeo,324895,Action! Not Words,Def Leppard,1983
drumeo,324897,Comin' Under Fire,Def Leppard,1983
drumeo,324899,Billy's Got A Gun,Def Leppard,1983
drumeo,324901,Die Hard The Hunter,Def Leppard,1983
drumeo,324903,Rock! Rock! (Til You Drop),Def Leppard,1983
drumeo,324905,Stagefright,Def Leppard,1983
drumeo,324907,Too Late For Love,Def Leppard,1983
drumeo,324909,Action,Def Leppard,1993
drumeo,324911,Desert Song,Def Leppard,1993
drumeo,324913,Fractured Love,Def Leppard,1993
drumeo,324915,I Wanna Be Your Hero,Def Leppard,1993
drumeo,324917,Miss You In A Heartbeat,Def Leppard,1993
drumeo,324919,Only After Dark,Def Leppard,1993
drumeo,324921,Ring Of Fire,Def Leppard,1993
drumeo,324923,She's Too Tough,Def Leppard,1993
drumeo,324925,Two Steps Behind,Def Leppard,1993
drumeo,324927,When Love & Hate Collide,Def Leppard,1996
drumeo,326646,The Wizard,Black Sabbath,1970
drumeo,326648,I Miss You,Blink-182,2003
drumeo,326651,Brooklyn Nine-Nine,Dan Marocco,2013
drumeo,326653,Golden Years,David Bowie,1976
drumeo,326655,Hallowed Be Thy Name,Iron Maiden,1982
drumeo,326657,Don't Back Down,Mammoth WVH,2021
drumeo,326660,Simple Man,Lynyrd Skynyrd,1973
drumeo,326663,Seek & Destroy,Metallica,1983
drumeo,326665,Fuel,Metallica,1997
drumeo,326667,Jerry Was A Race Car Driver,Primus,1991
drumeo,326669,By The Way,Red Hot Chili Peppers,2002
drumeo,326671,The Metal,Tenacious D,2006
drumeo,326673,6th Avenue Heartache,The Wallflowers,1996
drumeo,326676,Cats In The Cradle,Ugly Kid Joe,1992
drumeo,326678,Right Now,Van Halen,1991
drumeo,327106,Brohemian Rhapsody,Blink-182,2016
drumeo,327110,Built This Pool,Blink-182,2016
drumeo,327113,Cynical,Blink-182,2016
drumeo,327115,Kings Of The Weekend,Blink-182,2016
drumeo,327117,Left Alone,Blink-182,2016
drumeo,327119,Los Angeles,Blink-182,2016
drumeo,327121,No Future,Blink-182,2016
drumeo,327123,Rabbit Hole,Blink-182,2016
drumeo,327126,San Diego,Blink-182,2016
drumeo,327128,Sober,Blink-182,2016
drumeo,327130,Teenage Satellites,Blink-182,2016
drumeo,327134,The Only Thing That Matters,Blink-182,2016
drumeo,327137,Ghosts On The Dance Floor,Blink-182,2011
drumeo,327139,Aliens Exist,Blink-182,1999
drumeo,327142,Heart's All Gone,Blink-182,2011
drumeo,327144,Anthem,Blink-182,1999
drumeo,327145,Kaleidoscope,Blink-182,2011
drumeo,327147,Don't Leave Me,Blink-182,1999
drumeo,327149,Love Is Dangerous,Blink-182,2011
drumeo,327152,Dysentery Gary,Blink-182,1999
drumeo,327154,Mutt,Blink-182,1999
drumeo,327157,The Party Song,Blink-182,1999
drumeo,327159,Wendy Clear,Blink-182,1999
drumeo,327161,What's My Age Again?,Blink-182,1999
drumeo,327171,MH 4.18.2011,Blink-182,2011
drumeo,327173,Natives,Blink-182,2011
drumeo,327175,This Is Home,Blink-182,2011
drumeo,327177,Up All Night,Blink-182,2011
drumeo,327179,Wishing Well,Blink-182,2011
drumeo,327331,Everytime I Look For You,Blink-182,2001
drumeo,327333,Give Me One Good Reason,Blink-182,2001
drumeo,327335,"Happy Holidays, You Bastard",Blink-182,2001
drumeo,327338,Online Songs,Blink-182,2001
drumeo,327340,Please Take Me Home,Blink-182,2001
drumeo,327342,Reckless Abandon,Blink-182,2001
drumeo,327344,Roller Coaster,Blink-182,2001
drumeo,327346,Shut Up,Blink-182,2001
drumeo,327348,Stay Together For The Kids,Blink-182,2001
drumeo,327350,Story Of A Lonely Guy,Blink-182,2001
drumeo,327456,Bonzo's Montreux,Led Zeppelin,1982
drumeo,327460,Darlene,Led Zeppelin,1982
drumeo,327462,Ozone Baby,Led Zeppelin,1982
drumeo,327464,Walter's Walk,Led Zeppelin,1982
drumeo,327466,Poor Tom,Led Zeppelin,1982
drumeo,327468,We're Gonna Groove,Led Zeppelin,1982
drumeo,327470,Wearing And Tearing,Led Zeppelin,1982
drumeo,327472,All My Love,Led Zeppelin,1979
drumeo,327476,Carouselambra,Led Zeppelin,1979
drumeo,327479,Hot Dog,Led Zeppelin,1979
drumeo,327482,I'm Gonna Crawl,Led Zeppelin,1979
drumeo,327485,In The Evening,Led Zeppelin,1979
drumeo,327488,South Bound Suarez,Led Zeppelin,1979
drumeo,327491,Achilles Last Stand,Led Zeppelin,1976
drumeo,327493,Candy Store Rock,Led Zeppelin,1976
drumeo,327497,For Your Life,Led Zeppelin,1976
drumeo,327500,Nobody's Fault But Mine,Led Zeppelin,1976
drumeo,327502,Hots On For Nowhere,Led Zeppelin,1976
drumeo,327504,Royal Orleans,Led Zeppelin,1976
drumeo,327506,Tea For One,Led Zeppelin,1976
drumeo,328165,Nostalgia In Times Square,Charles Mingus,1959
drumeo,328167,In Your Face,Children Of Bodom,2005
drumeo,328169,Once Upon A Time In The West,Dire Straits,1979
drumeo,328171,It’s Time,Elvis Costello,1996
drumeo,328173,Popular Monster,Falling In Reverse,2019
drumeo,328175,Dog Days Are Over,Florence + The Machine,2009
drumeo,328178,Florentine Pogen,Frank Zappa,1975
drumeo,328180,Hitchin’ A Ride,Green Day,1997
drumeo,328182,Magic Man,Heart,1975
drumeo,328184,Back Where I Belong,Jack Savoretti,2015
drumeo,328186,Fierce,Jesus Culture,2016
drumeo,328189,Gold,John Stewart,1979
drumeo,328191,Hell Bent For Leather,Judas Priest,1978
drumeo,328193,Lucid Dreams,Juice Wrld,2018
drumeo,328195,Hater,Korn,2013
drumeo,328197,Waitress,Live,1994
drumeo,328199,"White, Discussion",Live,1994
drumeo,328201,Forever After All,Luke Combs,2020
drumeo,328203,The Moth,Manchester Orchestra,2017
drumeo,328206,Beggin',Måneskin,2017
drumeo,328208,Blinded By The Light,Manfred Mann's Earth Band,1976
drumeo,328210,If I Never See Your Face Again,Maroon 5,2007
drumeo,328212,Kill The King,Megadeth,2000
drumeo,328214,Cortez The Killer,Neil Young,1975
drumeo,328217,Hansha,Oceans Ate Alaska,2017
drumeo,328219,Just Another Day,Oingo Boingo,1985
drumeo,328221,People Say,Portugal. The Man,2009
drumeo,328223,Orange Crush,R.E.M.,1988
drumeo,328225,Come And Get Your Love,Redbone,1973
drumeo,328227,Oblivion,Royal Blood,2021
drumeo,328233,Si Te Vas,Shakira,1998
drumeo,328237,Untitled #8,Sigur Ros,2002
drumeo,328239,Unsainted,Slipknot,2019
drumeo,328241,TRUE,Spandau Ballet,1983
drumeo,328243,Mr. And Mrs. Smith,Stereophonics,2015
drumeo,328245,To Hell With The Devil,Stryper,1986
drumeo,328247,ILY (I Love You Baby),Surf Mesa,2019
drumeo,328249,Statesboro Blues,The Allman Brothers Band,1971
drumeo,328251,Space Dog,Tori Amos,1994
drumeo,328253,Raise A Little Hell,Trooper,1978
drumeo,328255,Shy Away,Twenty One Pilots,2021
drumeo,329024,Learning To Fly,Pink Floyd,1987
drumeo,329026,On The Turning Away,Pink Floyd,1987
drumeo,329028,One Slip,Pink Floyd,1987
drumeo,329030,Sorrow,Pink Floyd,1987
drumeo,329032,Terminal Frost,Pink Floyd,1987
drumeo,329034,The Dogs Of War,Pink Floyd,1987
drumeo,329036,Yet Another Movie,Pink Floyd,1987
drumeo,329038,Dogs,Pink Floyd,1977
drumeo,329040,Pigs (Three Different Ones),Pink Floyd,1977
drumeo,329043,Sheep,Pink Floyd,1977
drumeo,329045,"Another Brick In The Wall, Pt. 3",Pink Floyd,1979
drumeo,329047,Bring The Boys Back Home,Pink Floyd,1979
drumeo,329049,In The Flesh?,Pink Floyd,1979
drumeo,329051,Mother,Pink Floyd,1979
drumeo,329054,One Of My Turns,Pink Floyd,1979
drumeo,329056,The Happiest Days Of Our Lives,Pink Floyd,1979
drumeo,329059,The Trial,Pink Floyd,1979
drumeo,329061,Waiting For The Worms,Pink Floyd,1979
drumeo,329064,Don't Leave Me Now,Pink Floyd,1979
drumeo,329066,The Show Must Go On,Pink Floyd,1979
drumeo,329069,The Thin Ice,Pink Floyd,1979
drumeo,329576,Harridan,Porcupine Tree,2022
drumeo,330002,White Mist,The Pineapple Thief,2018
drumeo,330225,Centre Of Eternity,Ozzy Osbourne,1983
drumeo,330228,Now You See It (Now You Don't),Ozzy Osbourne,1983
drumeo,330230,Rock 'n' Roll Rebel,Ozzy Osbourne,1983
drumeo,330232,Slow Down,Ozzy Osbourne,1983
drumeo,330234,So Tired,Ozzy Osbourne,1983
drumeo,330237,Spiders,Ozzy Osbourne,1983
drumeo,330240,You're No Different,Ozzy Osbourne,1983
drumeo,330243,Waiting For Darkness,Ozzy Osbourne,1983
drumeo,330246,Goodbye To Romance,Ozzy Osbourne,1980
drumeo,330250,I Don't Know,Ozzy Osbourne,1980
drumeo,330253,No Bone Movies,Ozzy Osbourne,1980
drumeo,330255,Revelation (Mother Earth),Ozzy Osbourne,1980
drumeo,330259,Steal Away (The Night),Ozzy Osbourne,1980
drumeo,330261,Suicide Solution,Ozzy Osbourne,1980
drumeo,330270,Believer,Ozzy Osbourne,1981
drumeo,330272,Diary Of A Madman,Ozzy Osbourne,1981
drumeo,330274,Flying High Again,Ozzy Osbourne,1981
drumeo,330276,Little Dolls,Ozzy Osbourne,1981
drumeo,330279,Over The Mountain,Ozzy Osbourne,1981
drumeo,330281,S.A.T.O.,Ozzy Osbourne,1981
drumeo,330283,Tonight,Ozzy Osbourne,1981
drumeo,330286,You Can't Kill Rock And Roll,Ozzy Osbourne,1981
drumeo,330289,A.V.H.,Ozzy Osbourne,1991
drumeo,330291,Desire,Ozzy Osbourne,1991
drumeo,330293,Hellraiser,Ozzy Osbourne,1991
drumeo,330295,I Don't Want To Change The World,Ozzy Osbourne,1991
drumeo,330297,Mr. Tinkertrain,Ozzy Osbourne,1991
drumeo,330299,No More Tears,Ozzy Osbourne,1991
drumeo,330302,Road To Nowhere,Ozzy Osbourne,1991
drumeo,330304,Won't Be Coming Home (S.I.N.),Ozzy Osbourne,1991
drumeo,330308,Zombie Stomp,Ozzy Osbourne,1991
drumeo,330311,Fool Like You,Ozzy Osbourne,1986
drumeo,330313,Killer Of Giants,Ozzy Osbourne,1986
drumeo,330316,Lightning Strikes,Ozzy Osbourne,1986
drumeo,330318,Never,Ozzy Osbourne,1986
drumeo,330320,Never Know Why,Ozzy Osbourne,1986
drumeo,330323,Secret Loser,Ozzy Osbourne,1986
drumeo,330326,Shot In The Dark,Ozzy Osbourne,1986
drumeo,330328,Thank God For The Bomb,Ozzy Osbourne,1986
drumeo,330330,The Ultimate Sin,Ozzy Osbourne,1986
drumeo,330340,Into The Void,Black Sabbath,1971
drumeo,330344,Lord Of This World,Black Sabbath,1971
drumeo,330348,Snowblind,Black Sabbath,1972
drumeo,330350,St. Vitus Dance,Black Sabbath,1972
drumeo,330352,Supernaut,Black Sabbath,1972
drumeo,330355,Tomorrow's Dreams,Black Sabbath,1972
drumeo,330360,Under The Sun,Black Sabbath,1972
drumeo,330362,Wheels Of Confusion,Black Sabbath,1972
drumeo,330367,Rat Salad,Black Sabbath,1970
drumeo,330546,Time After Time,Ozzy Osbourne,1991
drumeo,331182,Foreplay/Longtime,Boston,1976
drumeo,331184,I Heard It Through The Grapevine,Creedence Clearwater Revival,1970
drumeo,331187,Phantom Of The Opera,Iron Maiden,1980
drumeo,331189,Got The Life,Korn,1998
drumeo,331191,I Want To Know What Love Is,Foreigner,1984
drumeo,331193,What's Going On,Marvin Gaye,1971
drumeo,331196,The Memory Remains,Metallica,1997
drumeo,331201,Float On,Modest Mouse,2004
drumeo,331204,Time Is Running Out,Muse,2004
drumeo,331207,Jeremy,Pearl Jam,1991
drumeo,331209,Tie Your Mother Down,Queen,1976
drumeo,331212,Sonne,Rammstein,2001
drumeo,331216,Rikki Don't Lose That Number,Steely Dan,1974
drumeo,331219,Should I Stay Or Should I Go,The Clash,1982
drumeo,331221,Wretched Soul,The Pineapple Thief,2021
drumeo,331549,Get Up Stand Up,Bob Marley & The Wailers,1973
drumeo,331551,I Shot The Sheriff,Bob Marley & The Wailers,1973
drumeo,331553,Concrete Jungle,Bob Marley & The Wailers,1973
drumeo,331555,Buffalo Soldier,Bob Marley & The Wailers,1983
drumeo,331558,Exodus,Bob Marley & The Wailers,1977
drumeo,331561,One Love/People Get Ready,Bob Marley & The Wailers,1977
drumeo,331563,Punky Reggae Party,Bob Marley & The Wailers,1977
drumeo,331565,Three Little Birds,Bob Marley & The Wailers,1977
drumeo,331567,Waiting In Vain,Bob Marley & The Wailers,1977
drumeo,331569,Is This Love,Bob Marley & The Wailers,1978
drumeo,331571,Satisfy My Soul,Bob Marley & The Wailers,1978
drumeo,331573,"No Woman, No Cry",Bob Marley & The Wailers,1974
drumeo,331575,War,Bob Marley & The Wailers,1976
drumeo,331577,So Much Trouble In The World,Bob Marley & The Wailers,1986
drumeo,331579,Coming In From The Cold,Bob Marley & The Wailers,1980
drumeo,333466,Dyers Eve,Metallica,1988
drumeo,333468,Eye Of The Beholder,Metallica,1988
drumeo,333470,Harvester Of Sorrow,Metallica,1998
drumeo,333472,The Shortest Straw,Metallica,1988
drumeo,333474,Cyanide,Metallica,2008
drumeo,333476,Turn The Page,Metallica,1998
drumeo,333478,Halo On Fire,Metallica,2017
drumeo,333480,Hardwired,Metallica,2016
drumeo,333482,Spit Out The Bone,Metallica,2017
drumeo,333484,Hit The Lights,Metallica,1983
drumeo,333486,Ain't My Bitch,Metallica,1996
drumeo,333488,King Nothing,Metallica,1996
drumeo,333490,Mama Said,Metallica,1996
drumeo,333493,Thorn Within,Metallica,1996
drumeo,333495,Wasting My Hate,Metallica,1996
drumeo,333497,Battery,Metallica,1986
drumeo,333499,"Damage, Inc.",Metallica,1986
drumeo,333501,Disposable Heroes,Metallica,1986
drumeo,333503,Welcome Home (Sanitarium),Metallica,1986
drumeo,333505,The Thing That Should Not Be,Metallica,1986
drumeo,333507,Don't Tread On Me,Metallica,1991
drumeo,333509,Holier Than Thou,Metallica,1991
drumeo,333511,Of Wolf And Man,Metallica,1991
drumeo,333514,The Struggle Within,Metallica,1991
drumeo,333516,The God That Failed,Metallica,1991
drumeo,333518,Through The Never,Metallica,1991
drumeo,333520,Fixxxer,Metallica,1997
drumeo,333522,Fight Fire With Fire,Metallica,1984
drumeo,333524,The Call Of Ktulu,Metallica,1984
drumeo,333527,Frantic,Metallica,2003
drumeo,337401,I Am The Law,Anthrax,1986
drumeo,337409,Cold As Ice,Foreigner,1977
drumeo,337411,Love Gun,KISS,1977
drumeo,337413,God Gave Rock And Roll To You,KISS,1992
drumeo,337417,Peace Sells,Megadeth,1986
drumeo,337421,Rockin' In The Free World,Neil Young,1989
drumeo,337426,The Look,Roxette,1988
drumeo,337430,Weak,Skunk Anansie,1995
drumeo,337432,Burden In My Hand,Soundgarden,2021
drumeo,337435,Nights In White Satin,The Moody Blues,1967
drumeo,337437,Last Nite,The Strokes,2001
drumeo,337439,Dropping Bombs On The White House,The Style Council,1984
drumeo,337441,End Of The Line,The Travelling Wilburys,1988
drumeo,337443,Behind Blue Eyes,The Who,1971
drumeo,337445,Fast Car,Tracy Chapman,1988
drumeo,337447,Blister in The Sun,Violent Femmes,1983
drumeo,337449,Goodbye Earl,Dixie Chicks,1999
drumeo,337452,Sin Wagon,Dixie Chicks,1999
drumeo,337454,I Wan'na Be Like You,Robbie Williams,2013
drumeo,337856,For The Love Of God,Bellevue Suite,2013
drumeo,337858,Somewhere Along The Way,Bellevue Suite,2013
drumeo,337860,AINTTURNINROUND,Prince & 3RDEYEGIRL,2014
drumeo,337863,ANOTHERLOVE,Prince & 3RDEYEGIRL,2014
drumeo,337865,BOYTROUBLE,Prince & 3RDEYEGIRL,2014
drumeo,337867,FIXURLIFEUP,Prince & 3RDEYEGIRL,2014
drumeo,337869,FUNKNROLL,Prince & 3RDEYEGIRL,2014
drumeo,337872,MARZ,Prince & 3RDEYEGIRL,2014
drumeo,337874,PLECTRUMELECTRUM,Prince & 3RDEYEGIRL,2014
drumeo,337876,PRETZELBODYLOGIC,Prince & 3RDEYEGIRL,2014
drumeo,337878,STOPTHISTRAIN,Prince & 3RDEYEGIRL,2014
drumeo,337882,TICTACTOE,Prince & 3RDEYEGIRL,2014
drumeo,337885,WHITECAPS,Prince & 3RDEYEGIRL,2014
drumeo,337887,WOW,Prince & 3RDEYEGIRL,2014
drumeo,340090,Nuclear Burn,Brand X,1976
drumeo,340092,Down And Out,Genesis,1978
drumeo,340094,Undertow,Genesis,1978
drumeo,340096,Dance On A Volcano,Genesis,1976
drumeo,340098,Los Endos,Genesis,1976
drumeo,340100,"Robbery, Assault And Battery",Genesis,1976
drumeo,340103,Abacab,Genesis,1981
drumeo,340105,Behind The Lines,Genesis,1980
drumeo,340107,Watcher Of The Skies,Genesis,1972
drumeo,340109,Supper's Ready,Genesis,1972
drumeo,340112,The Musical Box,Genesis,1971
drumeo,340114,Dancing With The Moonlit Knight,Genesis,1973
drumeo,340116,Firth Of Fifth,Genesis,1973
drumeo,340118,The Cinema Show,Genesis,1973
drumeo,340120,The Carpet Crawlers,Genesis,1974
drumeo,340123,Another Day In Paradise,Phil Collins,1989
drumeo,340125,Against All Odds,Phil Collins,1984
drumeo,340127,I Don't Care Anymore,Phil Collins,1982
drumeo,340130,You Can't Hurry Love,Phil Collins,1982
drumeo,340132,Sussudio,Phil Collins,1985
drumeo,341259,Cry,Faith Hill,2002
drumeo,341261,Catholic Girls,Frank Zappa,1979
drumeo,341263,Why Does It Hurt When I Pee?,Frank Zappa,1979
drumeo,341265,Two Grey Rooms,Joni Mitchell,1991
drumeo,341267,Kick The Chair,Megadeth,2004
drumeo,341269,The Jetsons,Randy Waldman,2001
drumeo,341272,The Hounds Of Winter,Sting,1996
drumeo,341275,Love Is Stronger Than Justice (The Munificent Seven),Sting,1993
drumeo,341277,Shape Of My Heart,Sting,1993
drumeo,341279,St. Augustine In Hell,Sting,1993
drumeo,344716,Under Flying Colours,Appe,1989
drumeo,344722,Sunspot Baby,Bob Seger,1986
drumeo,344724,Short Skirt/Long Jacket,Cake,2001
drumeo,344726,Shaken Not Stirred,David Benoit,1994
drumeo,344728,Saturday Night's Alright (For Fighting),Elton John,1973
drumeo,344730,Stranger In A Strange Land,Iron Maiden,1986
drumeo,344733,New Day,Karnivool,2009
drumeo,344735,Every Day Is Exactly The Same,Nine Inch Nails,2005
drumeo,344737,Supersonic,Oasis,1994
drumeo,344740,Weird Science,Oingo Boingo,1985
drumeo,344742,Last Resort,Papa Roach,2000
drumeo,344744,A Whiter Shade Of Pale,Procol Harum,1967
drumeo,344746,Renegades Of Funk,Rage Against The Machine,2000
drumeo,344748,Outshined,Soundgarden,1991
drumeo,344750,Stitch Me Up,Tetrarch,2021
drumeo,344753,Chelsea Dagger,The Fratellis,2006
drumeo,344757,Voodoo Child,The Jimi Hendrix Experience,1968
drumeo,344759,Pretty Fly (For A White Guy),The Offspring,1998
drumeo,344762,"Tonight, Tonight",The Smashing Pumpkins,1995
drumeo,344765,Kingston Town,UB40,1989
drumeo,346204,Spinnin' The Webb,Chick Webb And His Orchestra,1938
drumeo,346206,Whiplash,Don Ellis,1973
drumeo,346208,In The Mood,Glenn Miller,1939
drumeo,346210,The Intimacy Of The Blues,Louie Bellson,1975
drumeo,346213,It Don't Mean A Thing (If It Ain't Got That Swing),Louis Armstrong & Duke Ellington,1961
drumeo,346215,So What,Miles Davis,1959
drumeo,346217,Reflection,Roy Haynes,1950
drumeo,346219,St. Thomas,Sonny Rollins,1956
drumeo,346221,Blue Rondo A La Turk,Dave Brubeck Quartet,1959
drumeo,346223,Footprints,Wayne Shorter,1967
drumeo,346613,Blue Train,John Coltrane,1958
drumeo,347039,No Tears Left To Cry,Ariana Grande,2018
drumeo,347043,Give The Lord A Praise,Gideon Band,2000
drumeo,347047,Angel,Chaka Khan,2007
drumeo,347049,Castles Made Of Sand,Chaka Khan,2007
drumeo,347051,Disrespectful,Chaka Khan,2007
drumeo,347054,One For All Time,Chaka Khan,2007
drumeo,347056,You Belong To Me,Chaka Khan,2007
drumeo,347058,Burn,Usher,2004
drumeo,347061,Caught Up,Usher,2004
drumeo,347063,Dive,Usher,2012
drumeo,347065,Numb,Usher,2012
drumeo,348723,One For All Time,Chaka Khan,2007
drumeo,348726,You Belong To Me,Chaka Khan,2007
drumeo,348728,Devil Woman,Cliff Richard,1976
drumeo,348734,One Of These Nights,Eagles,1975
drumeo,348736,Hot Blooded,Foreigner,1978
drumeo,348738,I Still Believe,Frank Turner,2010
drumeo,348740,Stupid Girl,Garbage,1995
drumeo,348743,Paradise By The Dashboard Light,Meat Loaf,1977
drumeo,348745,Danger Zone,Kenny Loggins,1986
drumeo,348749,Spiderwebs,No Doubt,1995
drumeo,348751,I Wish It Would Rain Down,Phil Collins,1990
drumeo,348753,Song For The Dead,Queens Of The Stone Age,2002
drumeo,348755,The Mission,Queensryche,1988
drumeo,348757,Cumbersome,Seven Mary Three,1996
drumeo,348761,Now We Run,Steve Vai,2013
drumeo,348763,Edge Of Seventeen,Stevie Nicks,1981
drumeo,348766,Plush,Stone Temple Pilots,1992
drumeo,348768,Roadhouse Blues,The Doors,1970
drumeo,348770,Gimme Shelter,The Rolling Stones,1969
drumeo,348774,Boss Of Me,They Might Be Giants,2000
drumeo,349675,Indians,Anthrax,1987
drumeo,349680,Little Wonder,Architects,2020
drumeo,349682,It's All In The Gravity,Crowbar,1998
drumeo,349684,Passenger,Deftones,2000
drumeo,349686,After Rain,Dermot Kennedy,2016
drumeo,349688,Survivor,Destiny’s Child,2001
drumeo,349690,Rolling 7s,Dirty Honey,2019
drumeo,349692,Waltz #2 (XO),Elliott Smith,1998
drumeo,349694,Ashes To Ashes,Faith No More,1997
drumeo,349696,Greater Things,Faith Worship Arts,2016
drumeo,349710,Many Too Many,Genesis,1978
drumeo,349712,From The Pinnacle To The Pit,Ghost,2015
drumeo,349715,Biblical Violence,Hella,2002
drumeo,349717,Entre Dos Tierras,Héroes Del Silencio,1990
drumeo,349719,They Don’t Know,Jason Aldean,2016
drumeo,349721,Nothing’s Gonna Stop Us Now,Starship,1987
drumeo,349723,Night Calls,Joe Cocker,1991
drumeo,349725,Last Rose Of Summer,Judas Priest,1977
drumeo,349728,I Love It Loud,KISS,1982
drumeo,349730,This Girl,Kungs Vs. Cookin' On 3 Burners,2016
drumeo,349732,Hurricane,Kyuss,1995
drumeo,349735,New Divide,Linkin Park,2009
drumeo,349737,Hero Of The Day,Metallica,1996
drumeo,349739,St. Anger,Metallica,2003
drumeo,349741,Daylily,Movements,2017
drumeo,349744,True Faith,New Order,1987
drumeo,349747,Live Is Life,Opus,1984
drumeo,349749,Coming Back To Life,Pink Floyd,1994
drumeo,349752,Wandering Star,Portishead,1994
drumeo,349755,Haifisch,Rammstein,2009
drumeo,349758,Crackerman,Stone Temple Pilots,1992
drumeo,349862,Heavy Metal,Sammy Hagar,1982
drumeo,349864,Christ Goodbye,Saturnus,1996
drumeo,349866,The Devil In I,Slipknot,2014
drumeo,349868,Story Of My Life,Social Distortion,1990
drumeo,349870,It Happens,Sugarland,2008
drumeo,349872,Catching Fire,Sum 41,2019
drumeo,349874,Bang A Gong (Get It On),T. Rex,1971
drumeo,349876,Name Of The Game,The Crystal Method,2001
drumeo,349878,Funk #49,James Gang,1970
drumeo,349880,Polk Salad Annie,Tony Joe White,1969
drumeo,349882,I Want It All,Trans Am,2000
drumeo,349884,Headstrong,Trapt,2002
drumeo,349887,Intruder/(Oh) Pretty Woman,Van Halen,1982
drumeo,349889,"Check Yes, Juliet",We The Kings,2004
drumeo,349891,I Gotsta Get Paid,ZZ Top,2012
drumeo,349893,Beer Drinkers & Hell Raisers,ZZ Top,1973
drumeo,351989,So You Say,John Scofield,1987
drumeo,352690,Human Nature,David Benoit,2008
drumeo,352693,One Way Or Another,Blondie,1978
drumeo,352696,Boys Of Summer,Don Henley,1984
drumeo,352698,The Carpal Tunnel Of Love,Fall Out Boy,2007
drumeo,352701,L'Enfant Sauvage,Gojira,2012
drumeo,352703,Longview,Green Day,1994
drumeo,352705,"Right Here, Right Now",Jesus Jones,1991
drumeo,352707,All We Are,Kim Mitchell,1984
drumeo,352709,My Own Worst Enemy,Lit,1999
drumeo,352711,Love Rears Its Ugly Head,Living Colour,1990
drumeo,352713,Epiphany,Mammoth WVH,2021
drumeo,352715,Sunday Morning,Maroon 5,2002
drumeo,352717,Plug In Baby,Muse,2001
drumeo,352719,Nancy Boy,Placebo,1996
drumeo,352721,Gagarin,Public Service Broadcasting,2015
drumeo,352723,Common People,Pulp,1995
drumeo,352725,Otherside,Red Hot Chili Peppers,1999
drumeo,352727,Rusty Cage,Soundgarden,1992
drumeo,352729,Rock Lobster,The B-52's,1979
drumeo,352731,Steady As She Goes,The Raconteurs,2006
drumeo,352733,Turn Back The Hands Of Time,Tyrone Davis,1970
drumeo,352736,Some Skunk Funk,Brecker Brothers,1992
drumeo,352739,Outbreak,Dennis Chambers,2002
drumeo,352741,Blue Matter,John Scofield,1986
drumeo,352743,Things Ain't Like They Used To Be,Niacin,2000
drumeo,352746,Babylon Sisters,Steely Dan,1995
drumeo,356003,Evil,Cactus,1971
drumeo,356005,Hunger,King Cobra,1985
drumeo,356007,Da Ya Think I’m Sexy?,Rod Stewart,1978
drumeo,356009,Young Turks,Rod Stewart,1981
drumeo,356011,You Keep Me Hangin' On,Vanilla Fudge,1968
drumeo,356013,Doesn't Remind Me,Audioslave,2005
drumeo,356015,Wicked Game,Chris Isaak,1989
drumeo,356017,Don't Dream It's Over,Crowded House,1986
drumeo,356020,Mother,Danzig,1988
drumeo,356022,Ashes To Ashes,David Bowie,1980
drumeo,356024,Highway Star,Deep Purple,1972
drumeo,356026,Susie (Dramas),Elton John,1972
drumeo,356028,Midlife Crisis,Faith No More,1992
drumeo,356030,Follow You Follow Me,Genesis,1978
drumeo,356032,Hey Jealousy,Gin Blossoms,1989
drumeo,356034,Eyes Over Black,Hiraes,2021
drumeo,356036,Celebrity Skin,Hole,1998
drumeo,356038,I Hate Myself For Loving You,Joan Jett & The Blackhearts,1988
drumeo,356040,Detroit Rock City,KISS,1976
drumeo,356042,Faint,Linkin Park,2003
drumeo,356044,My Friend Of Misery,Metallica,1991
drumeo,356046,Champagne Supernova,Oasis,1996
drumeo,356048,Give To Live,Sammy Hagar,1987
drumeo,356050,Nearly Lost You,Screaming Trees,1992
drumeo,356052,Alive And Kicking,Simple Minds,1985
drumeo,356054,Duality,Slipknot,2004
drumeo,356057,Little Wing,The Jimi Hendrix Experience,1967
drumeo,356059,Gone Away,The Offspring,1997
drumeo,356061,Ashley's Roachclip,The Soul Searchers,1974
drumeo,356063,I Will Remember,Toto,1995
drumeo,356065,Give Me One Reason,Tracy Chapman,1995
drumeo,356067,Hash Pipe,Weezer,2001
drumeo,356075,Starting Over,Chris Stapleton,2020
drumeo,356077,Higher Power,Coldplay,2021
drumeo,356079,Kiss Me More,Doja Kat,2021
drumeo,356081,The Alien,Dream Theater,2021
drumeo,356083,Drivers License,Olivia Rodrigo,2021
drumeo,356086,Pay Your Way In Pain,St. Vincent,2021
drumeo,356088,Stay,The Kid LAROI & Justin Bieber,2021
drumeo,357339,Dissident Aggressor,Judas Priest,1977
drumeo,357342,Victim Of Illusion,Michael Schenker Group,1980
drumeo,357344,Party In Simon's Pants,Steve Lukather,1994
drumeo,357346,Bottom Of Your Soul,Toto,2006
drumeo,358910,Alone + Easy Target,Foo Fighters,1995
drumeo,358912,Exhausted,Foo Fighters,1995
drumeo,358914,Floaty,Foo Fighters,1995
drumeo,358916,Good Grief,Foo Fighters,1995
drumeo,358918,I'll Stick Around,Foo Fighters,1995
drumeo,358920,"Oh, George",Foo Fighters,1995
drumeo,358922,Wattershed,Foo Fighters,1995
drumeo,358924,Weenie Beenie,Foo Fighters,1995
drumeo,358926,X-Static,Foo Fighters,1995
drumeo,358928,Ain't It The Life,Foo Fighters,1999
drumeo,358930,Aurora,Foo Fighters,1999
drumeo,358932,Breakout,Foo Fighters,1999
drumeo,358934,Generator,Foo Fighters,1999
drumeo,358936,Gimme Stitches,Foo Fighters,1999
drumeo,358938,Headwires,Foo Fighters,1999
drumeo,358940,Live-In Skin,Foo Fighters,1999
drumeo,358942,M.I.A.,Foo Fighters,1999
drumeo,358944,Next Year,Foo Fighters,1999
drumeo,358946,Stacked Actors,Foo Fighters,1999
drumeo,358948,Burn Away,Foo Fighters,2002
drumeo,358950,Come Back,Foo Fighters,2002
drumeo,358952,Disenchanted Lullaby,Foo Fighters,2002
drumeo,358954,Halo,Foo Fighters,2002
drumeo,358956,Have It All,Foo Fighters,2002
drumeo,358958,Lonely As You,Foo Fighters,2002
drumeo,358960,Low,Foo Fighters,2002
drumeo,358962,Overdrive,Foo Fighters,2002
drumeo,358964,Another Round,Foo Fighters,2005
drumeo,358966,Cold Day In The Sun,Foo Fighters,2005
drumeo,358968,DOA,Foo Fighters,2005
drumeo,358970,End Over End,Foo Fighters,2005
drumeo,358972,Free Me,Foo Fighters,2005
drumeo,358974,Hell,Foo Fighters,2005
drumeo,358976,In Your Honor,Foo Fighters,2005
drumeo,358978,Miracle,Foo Fighters,2005
drumeo,358980,No Way Back,Foo Fighters,2005
drumeo,358982,On The Mend,Foo Fighters,2005
drumeo,358984,Over And Out,Foo Fighters,2005
drumeo,358986,Resolve,Foo Fighters,2005
drumeo,358988,Still,Foo Fighters,2005
drumeo,358990,The Deepest Blues Are Black,Foo Fighters,2005
drumeo,358992,The Last Song,Foo Fighters,2005
drumeo,358994,Virginia Moon,Foo Fighters,2005
drumeo,358996,What If I Do?,Foo Fighters,2005
drumeo,358998,"But, Honestly",Foo Fighters,2007
drumeo,359000,"Cheer Up, Boys (Your Make Up Is Running)",Foo Fighters,2008
drumeo,359002,Come Alive,Foo Fighters,2007
drumeo,359004,Erase/Replace,Foo Fighters,2007
drumeo,359006,Statues,Foo Fighters,2007
drumeo,359008,Stranger Things Have Happened,Foo Fighters,2007
drumeo,359010,A Matter Of Time,Foo Fighters,2011
drumeo,359012,Back & Forth,Foo Fighters,2011
drumeo,359014,I Should Have Known,Foo Fighters,2011
drumeo,359016,Miss The Misery,Foo Fighters,2011
drumeo,359018,Congregation,Foo Fighters,2014
drumeo,359020,I Am A River,Foo Fighters,2014
drumeo,359022,In The Clear,Foo Fighters,2014
drumeo,359024,Outside,Foo Fighters,2014
drumeo,359026,Something From Nothing,Foo Fighters,2014
drumeo,359028,Subterranean,Foo Fighters,2014
drumeo,359030,The Feast And The Famine,Foo Fighters,2014
drumeo,359032,What Did I Do?/God As My Witness,Foo Fighters,2014
drumeo,359034,Arrows,Foo Fighters,2017
drumeo,359036,Concrete And Gold,Foo Fighters,2017
drumeo,359038,Dirty Water,Foo Fighters,2017
drumeo,359040,Happy Ever After (Zero Hour),Foo Fighters,2017
drumeo,359042,La Dee Da,Foo Fighters,2017
drumeo,359044,Make It Right,Foo Fighters,2017
drumeo,359046,Run,Foo Fighters,2017
drumeo,359048,Sunday Rain,Foo Fighters,2017
drumeo,359050,T-Shirt,Foo Fighters,2017
drumeo,359052,The Line,Foo Fighters,2017
drumeo,359054,Chasing Birds,Foo Fighters,2021
drumeo,359056,Cloudspotter,Foo Fighters,2021
drumeo,359058,Holding Poison,Foo Fighters,2021
drumeo,359060,Love Dies Young,Foo Fighters,2021
drumeo,359062,Making A Fire,Foo Fighters,2021
drumeo,359064,Medicine At Midnight,Foo Fighters,2021
drumeo,359066,No Son Of Mine,Foo Fighters,2021
drumeo,359068,Shame Shame,Foo Fighters,2021
drumeo,359070,Waiting On A War,Foo Fighters,2021
drumeo,359072,More Than A Woman,Foo Fighters,2021
drumeo,359074,Night Fever,Foo Fighters,2021
drumeo,359076,Shadow Dancing,Foo Fighters,2021
drumeo,359078,Tragedy,Foo Fighters,2021
drumeo,359080,You Should Be Dancing,Foo Fighters,2021
drumeo,359082,Angel With Severed Wings,Foo Fighters,2022
drumeo,359084,Becoming,Foo Fighters,2022
drumeo,359086,Cold,Foo Fighters,2022
drumeo,359088,Come All Ye Unfaithful,Foo Fighters,2022
drumeo,359090,Encino,Foo Fighters,2022
drumeo,359092,Lacrimus Dei Ebrius,Foo Fighters,2022
drumeo,359094,March Of The Insane,Foo Fighters,2022
drumeo,359096,The Sweet Abyss,Foo Fighters,2022
drumeo,359319,Give Blood,Pete Townshend,1985
drumeo,359323,Dave's Gone Skiing,Toto,1995
drumeo,359325,Space Boogie,Jeff Beck,1990
drumeo,359329,The Pump,Jeff Beck,1980
drumeo,359333,Undeviginti,Simon Phillips,2022
drumeo,359967,Rain When I Die,Alice In Chains,1992
drumeo,359991,Ex's & Oh's,Elle King,2015
drumeo,359993,25 Or 6 To 4,Chicago,1970
drumeo,359995,Still Remains,Fates Warning,2000
drumeo,359997,In-A-Gadda-Da-Vida,Iron Butterfly,1968
drumeo,359999,The Man Who Sold The World,Nirvana,1994
drumeo,360001,Little Talks,Of Monsters And Men,2011
drumeo,360003,W.M.A.,Pearl Jam,1993
drumeo,360005,Solsbury Hill,Peter Gabriel,1977
drumeo,360007,You'll Be In My Heart,Phil Collins,1999
drumeo,360009,Gurzle,Psychodelic Porn Crumpets,2017
drumeo,360011,Cum On Feel The Noize,Quiet Riot,1983
drumeo,360013,Shiny Happy People,R.E.M.,1991
drumeo,360015,Stinkfist,Tool,1996
drumeo,360017,Friday I'm In Love,The Cure,1992
drumeo,360019,Growing On Me,The Darkness,2003
drumeo,360021,I'm Just A Singer (In A Rock And Roll Band),The Moody Blues,1972
drumeo,360025,She's Gone,Hall & Oates,1973
drumeo,360027,Can I Get A Witness,Marvin Gaye,1963
drumeo,360029,Where Is The Love,Roberta Flack & Donny Hathaway,1972
drumeo,360031,Babylon Sisters,Steely Dan,1980
drumeo,361687,Lă Do Dā,Journey,1981
drumeo,361689,Where Were You,Journey,1980
drumeo,361691,Where Were You,Journey,1980
drumeo,361695,Dead Or Alive,Journey,1981
drumeo,361698,Escape,Journey,1981
drumeo,361700,Keep On Runnin',Journey,1981
drumeo,361702,Lay It Down,Journey,1981
drumeo,361704,"Mother, Father",Journey,1981
drumeo,361706,Still They Ride,Journey,1981
drumeo,361708,Stone In Love,Journey,1981
drumeo,361710,After The Fall,Journey,1983
drumeo,361713,Back Talk,Journey,1983
drumeo,361715,Chain Reaction,Journey,1983
drumeo,361717,Edge Of The Blade,Journey,1983
drumeo,361719,Frontiers,Journey,1983
drumeo,361721,Rubicon,Journey,1983
drumeo,361723,Send Her My Love,Journey,1983
drumeo,361725,Troubled Child,Journey,1983
drumeo,362428,Holding Out For A Hero,Bonnie Tyler,1986
drumeo,362430,I Can't Go For That,Cee Lo Green And Daryl Hall,2012
drumeo,362433,Toad,Cream,1966
drumeo,362435,Space Truckin',Deep Purple,1972
drumeo,362437,Live and Let Die (Live),Guns N' Roses,1991
drumeo,362439,The Evil That Men Do,Iron Maiden,1988
drumeo,362441,Living In America,James Brown,1985
drumeo,362443,Down In The Valley,Otis Redding,1965
drumeo,362445,Because The Night,Patti Smith,1978
drumeo,362447,Perfect,P!nk,2010
drumeo,362449,Bang Your Head (Metal Health),Quiet Riot,1983
drumeo,362453,777,Silk Sonic,2021
drumeo,362455,Dead Skin Mask,Slayer,1990
drumeo,362457,Runaway Train,Soul Asylum,1993
drumeo,362459,Crack The Big Sky,Spock's Beard,1999
drumeo,362461,Peg,Steely Dan,1977
drumeo,362463,Burning Heart,Survivor,1985
drumeo,362465,I Believe In A Thing Called Love,The Darkness,2003
drumeo,362468,Thunder Kiss '65,White Zombie,1992
drumeo,362470,Shy Boy,David Lee Roth,1986
drumeo,362472,Just Like Paradise,David Lee Roth,1987
drumeo,362474,Workin’ It,Don Henley,2000
drumeo,362476,Summer Song,Joe Satriani,1992
drumeo,362478,Gli Spari Sopra,Vasco Rossi,1993
drumeo,364653,Impermanence,Architects,2021
drumeo,364655,Shepherd Of Fire,Avenged Sevenfold,2013
drumeo,364658,My Life Is Right,Big Star,1972
drumeo,364663,"So Long, Idiots!",Bokassa,2021
drumeo,364665,Radio Nowhere,Bruce Springsteen,2007
drumeo,364667,Sailing,Christopher Cross,1979
drumeo,364669,Hymn For The Weekend,Coldplay,2016
drumeo,364671,Go!,Common,2005
drumeo,364676,Small Town Boy,Dustin Lynch,2017
drumeo,364679,Baby Hold On,Eddie Money,1977
drumeo,364681,War,Edwin Starr,1970
drumeo,364683,Bad Love,Eric Clapton,1990
drumeo,364685,Wolf,First Aid Kit,2012
drumeo,364687,Black Balloon,Goo Goo Dolls,1998
drumeo,364689,The Lion The Beast The Beat,Grace Potter And The Nocturnals,2012
drumeo,364691,Song For His Presence,Hillsong Young & Free,2021
drumeo,364693,In Color,Jamey Johnson,2008
drumeo,364695,Lips,Jxdn,2021
drumeo,364706,Pills,Jxdn,2021
drumeo,364708,Hosanna,Kirk Franklin,2011
drumeo,364710,Dance Yrself Clean,LCD Soundsystem,2010
drumeo,364712,I Try,Macy Gray,1999
drumeo,364714,Thor (The Powerhead),Manowar,1984
drumeo,364716,Colony Of Birchmen,Mastodon,2006
drumeo,364718,Steambreather,Mastodon,2017
drumeo,364720,Backwater,Meat Puppets,1994
drumeo,364722,Who Can It Be Now?,Men At Work,1981
drumeo,364724,Wolf Am I! (And Shadow),mewithoutYou,2006
drumeo,364728,Penguins & Polarbears,Millencolin,2000
drumeo,364732,Truth Of My Youth,New Found Glory,2004
drumeo,364735,Between Angels And Insects,Papa Roach,2000
drumeo,364737,Garden,Pearl Jam,1991
drumeo,364740,Gigantic,Pixies,1988
drumeo,364742,Resurrection By Erection,Powerwolf,2009
drumeo,364746,Eyes Of A Stranger,Queensryche,1988
drumeo,364749,Gates Of Babylon,Rainbow,1978
drumeo,364752,Start Again,Red,2009
drumeo,364755,Panic Switch,Silversun Pickups,2009
drumeo,364757,Tell Me Something Good,Rufus,1974
drumeo,364759,Gemini,Slayer,1996
drumeo,364762,Cry To Me,Solomon Burke,1962
drumeo,364765,Jet Airliner,Steve Miller Band,1977
drumeo,364767,Inside,Stiltskin,1994
drumeo,364769,Soul Of A Vagabond,Stratovarius,2003
drumeo,364771,Sante,Stromae,2022
drumeo,364773,Drunk,Sungazer,2019
drumeo,364777,This Old Heart Of Mine (Is Weak For You),The Isley Brothers,1966
drumeo,364779,Don't Shoot Me Santa,The Killers,2007
drumeo,364781,So Caught Up,The Teskey Brothers,2019
drumeo,364783,Spider-Man Theme,Ugress,2002
drumeo,364786,This Visual Hex,Vulkan,2020
drumeo,365646,I Am The Highway,Audioslave,2002
drumeo,365649,Pepper,Butthole Surfers,1996
drumeo,365651,Skin Of My Teeth,Demi Lovato,2022
drumeo,365653,Czar Of Steel,Derek Sherinian,2006
drumeo,365655,American Pie,Don McLean,1971
drumeo,365657,Wrathchild,Iron Maiden,1981
drumeo,365659,I Alone,Live,1994
drumeo,365661,Nobody Weird Like Me,Red Hot Chili Peppers,1989
drumeo,365663,Rearviewmirror,Pearl Jam,1993
drumeo,365666,A Kind Of Magic,Queen,1986
drumeo,365669,Psycho Killer,Talking Heads,1977
drumeo,365671,One Headlight,The Wallflowers,1996
drumeo,365673,The Boys Are Back In Town,Thin Lizzy,1976
drumeo,365675,Cherry Pie,Warrant,1990
drumeo,365677,Werewolves Of London,Warren Zevon,1978
drumeo,365679,Roundabout,Yes,1971
drumeo,365681,Satellites,Periphery,2019
drumeo,365683,I Think We're Alone Now,Tiffany,1987
drumeo,365685,One Guitar,Willie Nile,2010
drumeo,365687,Does Anybody Really Know What Time It Is?,Chicago,1969
drumeo,365689,I'm A Man,Chicago,1969
drumeo,365691,Introduction,Chicago,1969
drumeo,365693,Saturday In The Park,Chicago,1972
drumeo,365696,Feeling Stronger Every Day,Chicago,1973
drumeo,365698,Better Call Saul,Little Barrie,2015
drumeo,366280,No One To Run With,The Allman Brothers Band,1994
drumeo,367244,Caravan,John Wasson,2014
drumeo,367246,Whiplash,Hank Levy,2014
drumeo,368733,Vicarious,Tool,2006
drumeo,368735,7empest,Tool,2019
drumeo,371130,Young Americans,David Bowie,1975
drumeo,371132,Burn,Deep Purple,1974
drumeo,371134,The Wagon,Dinosaur Jr.,1991
drumeo,371137,Stacy's Mom,Fountains Of Wayne,2003
drumeo,371139,Fear Of The Dark,Iron Maiden,1992
drumeo,371141,Rhythm Nation,Janet Jackson,1989
drumeo,371144,Unchain My Heart,Joe Cocker,1987
drumeo,371146,With A Little Help From My Friends,Joe Cocker,1969
drumeo,371148,One Step Beyond,Madness,1979
drumeo,371150,Cemetery Gates,Pantera,1990
drumeo,371152,Here Comes Your Man,Pixies,1989
drumeo,371154,"Oh, Pretty Woman",Roy Orbison,1987
drumeo,371156,Fly As Me,Silk Sonic,2021
drumeo,371160,Chain Of Fools,The Commitments,1991
drumeo,371162,Slither,Velvet Revolver,2004
drumeo,371164,Lola Montez,Volbeat,2013
drumeo,371167,Entropy,Voyager,2019
drumeo,371169,Faster,Within Temptation,2011
drumeo,371173,Silver Streak,Fourplay,2015
drumeo,371175,The Mase,Harvey Mason,1977
drumeo,371177,Sly,Herbie Hancock,1973
drumeo,371179,Some Skunk Funk,The Becker Brothers,1975
drumeo,371334,Planet Caravan,Pantera,1994
drumeo,371405,Hella Good,No Doubt,2001
drumeo,372740,Rosetta Stoned,Tool,2006
drumeo,372742,Ticks & Leeches,Tool,2001
drumeo,372745,The Chapeltown Rag,Slipknot,2022
drumeo,372747,Yen,Slipknot,2022
drumeo,372749,The Dying Song (Time To Sing),Slipknot,2022
drumeo,372930,The Frayed Ends Of Sanity,Metallica,1988
drumeo,373367,VI. Solitary Shell,Dream Theater,2002
drumeo,373369,Electric Avenue,Eddy Grant,1982
drumeo,373371,Hold My Hand,Hootie & The Blowfish,1994
drumeo,373373,You're No Good,Linda Ronstadt,1974
drumeo,373375,Live Wire,Motley Crue,1982
drumeo,373377,Wonder,Natalie Merchant,1995
drumeo,373379,That's What You Get,Paramore,2007
drumeo,373381,You Can Call Me Al,Paul Simon,1986
drumeo,373383,Unskinny Bop,Poison,1990
drumeo,373385,Round And Round,Ratt,1984
drumeo,373387,Easily,Red Hot Chili Peppers,1999
drumeo,373389,God Save The Queen,Sex Pistols,1977
drumeo,373391,If It Makes You Happy,Sheryl Crow,1996
drumeo,373393,South Of Heaven,Slayer,1988
drumeo,373395,Blow Up The Outside World,Soundgarden,1996
drumeo,373397,Jurassic Park,Stand Atlantic,2020
drumeo,373399,Desert Tornado,The Aristocrats,2013
drumeo,373401,Zero,The Smashing Pumpkins,1995
drumeo,373403,Pinball Wizard,The Who,1969
drumeo,373405,Black Cars,Gino Vannelli,1984
drumeo,373407,Soul Vaccination,Tower Of Power,1973
drumeo,373409,On The Serious Side,Tower Of Power,1975
drumeo,373411,Ebony Jam,Tower Of Power,1975
drumeo,373413,Vuela Por Noche,Tower Of Power,1975
drumeo,373484,Message To My Girl,Jimmy Barnes,2010
drumeo,373486,Hung Up,Madonna,2005
drumeo,373790,Welcome To My Nightmare,Alice Cooper,1975
drumeo,373796,Brompton Cocktail,Avenged Sevenfold,2007
drumeo,373798,Gunslinger,Avenged Sevenfold,2007
drumeo,373800,Lost,Avenged Sevenfold,2007
drumeo,373804,Beast And The Harlot,Avenged Sevenfold,2005
drumeo,373806,Down,Blink-182,2003
drumeo,373808,Glory Days,Bruce Springsteen,1984
drumeo,373810,Finesse,Bruno Mars,2016
drumeo,373812,Digital Bath,Deftones,2000
drumeo,373815,Lay Down Sally,Eric Clapton,1977
drumeo,373817,Silvera,Gojira,2016
drumeo,373819,The Art Of Dying,Gojira,2008
drumeo,373821,Cold Gin,KISS,1974
drumeo,373823,Rollin' (Air Raid Vehicle),Limp Bizkit,2000
drumeo,373825,She Will Be Loved,Maroon 5,2003
drumeo,373827,Same Ol' Situation (S.O.S.),Motley Crue,1989
drumeo,373829,"Girls, Girls, Girls",Motley Crue,1987
drumeo,373832,Looks That Kill,Motley Crue,1983
drumeo,373834,Take Me To The Top,Motley Crue,1981
drumeo,373836,Burn It To The Ground,Nickelback,2008
drumeo,373838,1999,Prince,1982
drumeo,373840,Everybody Hurts,R.E.M.,1992
drumeo,373842,Left Behind,Slipknot,2001
drumeo,373844,My Plague,Slipknot,2001
drumeo,373846,Brown Sugar,The Rolling Stones,1971
drumeo,373848,Graduate,Third Eye Blind,1997
drumeo,373851,I Am Machine,Three Days Grace,2015
drumeo,373853,Refugee,Tom Petty & The Heartbreakers,1979
drumeo,373855,Bulletproof Picasso,Train,2014
drumeo,373858,Live And Let Die,Wings,1973
drumeo,374198,Not Fade Away,The Rolling Stones,1964
drumeo,374529,Bois Lie,Avril Lavigne,2022
drumeo,374541,Dana-Dan,Bloodywood,2022
drumeo,374547,No Surrender,Bruce Springsteen,1984
drumeo,374549,24K Magic,Bruno Mars,2016
drumeo,374552,Ballet For A Girl In Buchannon,Chicago,1970
drumeo,374554,Look Back In Anger,David Bowie,1979
drumeo,374556,Rocket Skates,Deftones,2010
drumeo,374558,She’s Waiting,Eric Clapton,1985
drumeo,374560,Ladies,Fiona Apple,2020
drumeo,374565,Wash It All Away,Five Finger Death Punch,2015
drumeo,374567,No You Girls,Franz Ferdinand,2009
drumeo,374569,Canary Yellow,Haken,2020
drumeo,374571,Buy Dirt,Jordan Davis,2021
drumeo,374573,Diamonds And Rust,Judas Priest,1977
drumeo,374575,Level Five,King Crimson,2003
drumeo,374578,Shallow,Lady Gaga And Bradley Cooper,2018
drumeo,374580,I Don’t Care About You,Lake Street Dive,2016
drumeo,374582,Ich Hasse Kinder,Till Lindemann,2021
drumeo,374584,Pain Lies On The Riverside,Live,1991
drumeo,374586,Meet Me In The Woods,Lord Huron,2015
drumeo,374588,Any Day Now,Lucifer’s Friend,1994
drumeo,374590,Don’t Tell Me How To Live,Monster Truck,2016
drumeo,374592,Fissure,"Oh, Sleeper",2019
drumeo,374594,Love Runs Out,OneRepublic,2014
drumeo,374596,Diamonds And Pearls,Prince,1991
drumeo,374600,Vapour Trail,Ride,1990
drumeo,374603,Injection,Rise Against,2006
drumeo,374605,Ratamahatta,Sepultura,1996
drumeo,374608,Silly Thing,Sex Pistols,1979
drumeo,374610,Youth Gone Wild,Skid Row,1989
drumeo,374613,Speed Of Light,Stratovarius,1996
drumeo,374615,Stray Cat Strut,Stray Cats,1981
drumeo,374617,What You Give,Tesla,1991
drumeo,374619,T-Shirt,The Beaches,2017
drumeo,374621,Push,The Cure,1985
drumeo,374623,Dead Garden,The Death Riders,2005
drumeo,374625,Tick Tick Boom,The Hives,2007
drumeo,374627,Love Train,The O’Jays,1972
drumeo,374629,Fools Gold,The Stone Roses,1989
drumeo,374633,Bad Girlfriend,Theory Of A Deadman,2008
drumeo,374635,America,Tracy Chapman,2005
drumeo,374638,Ordinary Love,U2,2013
drumeo,374641,Hang ‘em High,Van Halen,1982
drumeo,374643,Love Is To Die,Warpaint,2014
drumeo,374699,Coming Out The Other Side,Styx,2021
drumeo,374701,Blue Collar Man (Long Nights),Styx,1978
drumeo,374703,Fooling Yourself (The Angry Young Man),Styx,1977
drumeo,375193,Use Me,Bill Withers,1972
drumeo,375197,Eon,Celldweller,2012
drumeo,375199,Layla,Derek And The Dominos,1970
drumeo,375201,Goodbye Yellow Brick Road,Elton John,1973
drumeo,375203,Only Happy When It Rains,Garbage,1995
drumeo,375205,Davidian,Machine Head,1994
drumeo,375208,Decode,Paramore,2008
drumeo,375210,Rockin' All Over The World,Status Quo,2005
drumeo,375212,Copperhead Road,Steve Earle,1988
drumeo,375214,Let's Get It Started,The Black Eyed Peas,2003
drumeo,375216,(They Long to Be) Close to You,The Carpenters,1970
drumeo,375218,You Might Think,The Cars,1984
drumeo,375220,Possum Kingdom,Toadies,1994
drumeo,375222,Everything About You,Ugly Kid Joe,1992
drumeo,375224,Night Passage,Weather Report,1980
drumeo,375226,Islands,Steps Ahead,1983
drumeo,375228,Third World Man,Steely Dan,1995
drumeo,375230,The Music Of My People,"Peter Erskine, Alan Pasqua, Derek Oles",2010
drumeo,375232,"Eleven, Eleven",Peter Erskine & The Dr. Um Band,2017
drumeo,375383,That's What I Like,Bruno Mars,2016
drumeo,375385,God Put A Smile Upon Your Face,Coldplay,2002
drumeo,375387,Politik,Coldplay,2002
drumeo,375389,Life After You,Daughtry,2009
drumeo,375391,September,Daughtry,2009
drumeo,375393,You Don't Belong,Daughtry,2009
drumeo,375395,Dirty Laundry,Don Henley,1982
drumeo,375397,Don't Stop,Fleetwood Mac,1977
drumeo,375399,Fly Me To The Moon (In Other Words),Frank Sinatra & Count Basie,1964
drumeo,375401,Margaritaville,Jimmy Buffett,1977
drumeo,375403,More Than Amazing,Lincoln Brewster,2010
drumeo,375405,Little Red Corvette,Prince,1982
drumeo,375407,Disasterpiece,Slipknot,2001
drumeo,375409,Snuff,Slipknot,2009
drumeo,375411,Tundra,Squarepusher,1996
drumeo,375413,The Girl From Ipanema,Stan Getz & Joao Gilberto,1964
drumeo,375415,Don't Do Me Like That,Tom Petty & The Heartbreakers,1979
drumeo,375417,Here Comes My Girl,Tom Petty & The Heartbreakers,1979
drumeo,375419,Mary Jane's Last Dance,Tom Petty & The Heartbreakers,1993
drumeo,375649,Little Drummer Boy,For King & Country,2020
drumeo,375652,You Make It Feel Like Christmas,Gwen Stefani,1995
drumeo,375654,Holiday,Madonna,1983
drumeo,375656,Santa Claus Is Comin' To Town,Michael Buble,2011
drumeo,375659,White Christmas,Michael Buble,2011
drumeo,375661,Carol Of The Bells,Trans-Siberian Orchestra,1996
drumeo,375663,Heavy Metal Christmas (The Twelve Days Of Christmas),Twisted Sister,2006
drumeo,375666,The Christmas Song (Chestnuts Roasting On An Open Fire),Twisted Sister,2006
drumeo,375858,Ghost Of Perdition,Opeth,2005
drumeo,375860,The Philosopher,Death,1993
drumeo,375862,Step One,Make Them Suffer,2020
drumeo,375864,Blackmail The Universe,Megadeth,2002
drumeo,375866,Corridor Of Chameleons,Meshuggah,1998
drumeo,375868,Disciple,Slayer,2001
drumeo,375870,Solway Firth,Slipknot,2019
drumeo,375872,Explosia,Gojira,2012
drumeo,375874,Sever The Hand,Trivium,2017
drumeo,376538,Broken Wings,Mr. Mister,1985
drumeo,376540,Boogie Nights,Heatwave,1976
drumeo,376544,Stricken,Disturbed,2005
drumeo,376546,Ordinary World,Duran Duran,1992
drumeo,376548,Crazy On You,Heart,1975
drumeo,376550,The Passenger,Iggy Pop,1977
drumeo,376552,Into The Groove,Madonna,1985
drumeo,376554,Walking In Memphis,Marc Cohn,1991
drumeo,376556,Birdland,Maynard Ferguson,1978
drumeo,376558,Beds Are Burning,Midnight Oil,1987
drumeo,376560,Knights Of Cydonia,Muse,2006
drumeo,376562,Heartbreaker,Pat Benatar,1979
drumeo,376564,Short People,Randy Newman,1977
drumeo,376566,Roll With The Changes,REO Speedwagon,1978
drumeo,376568,I Remember You,Skid Row,1989
drumeo,376570,Dead Memories,Slipknot,2009
drumeo,376572,While You See A Chance,Steve Winwood,1980
drumeo,376575,Shout,Tears For Fears,1985
drumeo,376577,Firestarter,The Prodigy,1997
drumeo,376580,Can't You Hear Me Knocking,The Rolling Stones,1971
drumeo,376582,Backstreet Symphony,Thunder,1990
drumeo,376584,I Wanna Rock,Twisted Sister,1984
drumeo,376586,One Month,Mark Guiliana Jazz Quartet,2015
drumeo,376589,You Can't Go Back Now,Mehliana,2014
drumeo,376591,Striving After Wind,Brad Mehldau,2019
drumeo,376593,Girl Loves Me,David Bowie,2016
drumeo,376596,Subterranean Train - Travellin',Jason Lindner,2009
drumeo,377108,Don't Let The Sun Go Down On Me,Elton John,1974
drumeo,377110,Gold Dust Woman,Fleetwood Mac,1977
drumeo,377112,The Message,Grandmaster Flash & The Furious Five,1982
drumeo,377114,Maybellene,Chuck Berry,1955
drumeo,377116,God Of Thunder,KISS,1976
drumeo,377118,Girl Crush,Little Big Town,2014
drumeo,377120,Won't Go Home Without You,Maroon 5,2007
drumeo,377122,Tusk,Fleetwood Mac,1979
drumeo,377124,Europa (Earth's Cry Heaven's Smile),Santana,1976
drumeo,377126,The Last Night,Skillet,2006
drumeo,377128,Eyeless,Slipknot,1999
drumeo,377130,Dumas Walker,The Kentucky Headhunters,1989
drumeo,377132,Daydream Believer,The Monkees,1968
drumeo,377135,The Seed (2.0),The Roots,2003
drumeo,377137,Shotgun Rider,Tim McGaw,2007
drumeo,377562,Enough Of Your Love,Iconic,2022
drumeo,377564,Nowhere To Run,Iconic,2022
drumeo,377566,Heat In The Street,Pat Travers,1978
drumeo,377568,Crying In The Rain,Whitesnake,1987
drumeo,381560,Tubthumping,Chumbawamba,1997
drumeo,381564,I Put A Spell On You,Creedence Clearwater Revival,1968
drumeo,381566,Hyper Vigilance,Drain,2020
drumeo,381569,Getaway,Earth Wind & Fire,1976
drumeo,381571,Daniel,Elton John,1973
drumeo,381572,Sweet Dreams (Are Made of This),Eurythmics,1983
drumeo,381574,Self-Inflicted Mental Terror,Gulch,2019
drumeo,381576,White Lightning And Wine,Heart,1975
drumeo,381578,Eagle Fly Free,Helloween,1988
drumeo,381581,Powerslave,Iron Maiden,1984
drumeo,381584,Travelling Riverside Blues,Led Zeppelin,1990
drumeo,381586,Something About You,Level 42,1985
drumeo,381588,Skin It Back,Little Feat,1974
drumeo,381590,Don't Speak,No Doubt,1995
drumeo,381592,Youth Of The Nation,P.O.D.,2001
drumeo,381594,Stand,R.E.M.,1988
drumeo,381596,Testify,Rage Against The Machine,1999
drumeo,381598,Cannonball,The Breeders,1993
drumeo,381600,Breathe,The Prodigy,1997
drumeo,381602,Be My Baby,The Ronettes,1964
drumeo,381604,Prison Sex,Tool,1993
drumeo,381606,Wet Dream,Wet Leg,2022
drumeo,381609,Farewell To The Fairground,White Lies,2009
drumeo,381691,The Glass Prison,Dream Theater,2002
drumeo,381695,Didn't Know It Was Love,Survivor,1988
drumeo,382363,What You Won't Do For Love,Bobby Caldwell,1978
drumeo,382365,Comedown,Bush,1994
drumeo,382367,Ain't That A Shame,Cheap Trick,1978
drumeo,382368,The Face,Clutch,2013
drumeo,382370,Follow The Light,Cory Wong & Dirty Loops,2021
drumeo,382372,Stay,Dave Matthews Band,1998
drumeo,382373,Shake Me Like A Monkey,Dave Matthews Band,2009
drumeo,382375,Pictures Of Home,Deep Purple,1972
drumeo,382377,Nutrocker,"Emerson, Lake & Palmer",1971
drumeo,382379,Crocodile Rock,Elton John,1973
drumeo,382381,Get The Funk Out,Extreme,1990
drumeo,382383,In The Wilderness,Gojira,2005
drumeo,382385,Built By Nations,Greta Van Fleet,2021
drumeo,382387,Soul Station,Hank Mobley,1960
drumeo,382389,Let Her Cry,Hootie & The Blowfish,1994
drumeo,382391,Blood On The Ground,Incubus,2001
drumeo,382393,Forever Autumn,Jeff Wayne,1978
drumeo,382395,If,Joe Satriani,1995
drumeo,382397,Self Control,Laura Branigan,1984
drumeo,382399,Lightning Crashes,Live,1994
drumeo,382401,Angry Again,Megadeth,1995
drumeo,382403,Skin O' My Teeth,Megadeth,1992
drumeo,382405,Metal Church,Metal Church,1985
drumeo,382407,Murder One,Metallica,2016
drumeo,382409,Space Lord,Monster Magnet,1998
drumeo,382411,Baby Love,Mother's Finest,1977
drumeo,382412,To Listen Is To Love,Nerve,2017
drumeo,382414,Stand By Me,Oasis,1997
drumeo,382416,Bottom Feeder,Parkway Drive,2015
drumeo,382418,Let My Love Open The Door,Pete Townshend,1980
drumeo,382420,Show Me The Way,Peter Frampton,1975
drumeo,382422,What's The Frequency Kenneth,R.E.M.,1994
drumeo,382424,Broken,Seether ft. Amy Lee,2002
drumeo,382426,Temptation,Slayer,1990
drumeo,382428,All Hope Is Gone,Slipknot,2008
drumeo,382430,Ring Of Fire,Social Distortion,1990
drumeo,382431,Prophecy,Soulfly,2004
drumeo,382433,Stonehenge,Spinal Tap,1984
drumeo,382435,Devil Gate Drive,Suzi Quatro,1974
drumeo,382437,Say Hello 2 Heaven,Temple Of The Dog,1991
drumeo,382439,Head Over Heels,The Go-Go's,1984
drumeo,382440,Louie Louie,The Kingsmen,1963
drumeo,382442,If I Should Fall From Grace With God,The Pogues,1987
drumeo,382444,Get Free,The Vines,2022
drumeo,382446,Chinatown,Thin Lizzy,1980
drumeo,382448,Jumper,Third Eye Blind,1997
drumeo,382450,Holding On To You,Twenty One Pilots,2011
drumeo,382452,Through The Mists Of Time,AC/DC,2020
drumeo,382454,Not Afraid,Eminem,2010
drumeo,382456,Inca Roads,Frank Zappa,1975
drumeo,382458,What Happened To Us,Hoobastank,2003
drumeo,382460,Only Wanna Be With You,Hootie & The Blowfish,1994
drumeo,382462,Cowboy,Kid Rock,1998
drumeo,382464,Maniac,Michael Sembello,1983
drumeo,382466,Hoochie Coochie Man,Muddy Waters,1954
drumeo,382468,Far Away,Nickelback,2005
drumeo,382470,Never Gonna Be Alone,Nickelback,2008
drumeo,382472,Empire,Queensryche,1990
drumeo,382474,These Days,Rascal Flatts,2002
drumeo,382475,I Like The Sound Of That,Rascal Flatts,2014
drumeo,382477,Evil Ways,Santana,1969
drumeo,382479,I Am A Rock,Simon & Garfunkel,1966
drumeo,382481,The Heretic Anthem,Slipknot,2001
drumeo,382483,People = Shit,Slipknot,2001
drumeo,382485,(sic),Slipknot,1999
drumeo,382487,Crossfire,Stevie Ray Vaughan,1989
drumeo,382489,Miss America,Styx,1977
drumeo,382491,Edison's Medicine,Tesla,1991
drumeo,382493,I Get Around,The Beach Boys,1964
drumeo,382495,"Love, Reign O'er Me",The Who,1973
drumeo,382497,I Won't Hold You Back,Toto,1982
drumeo,382499,Birdland,Weather Report,1977
drumeo,383889,Born Ugly,Brand X,1976
drumeo,383891,Second Home By The Sea,Genesis,1983
drumeo,383893,A Groovy Kind Of Love,Phil Collins,1988
drumeo,383895,Hand In Hand,Phil Collins,1981
drumeo,383897,Take Me Home,Phil Collins,1985
drumeo,383899,And I Love Her,The Beatles,1964
drumeo,384113,Fernando,ABBA,1976
drumeo,384115,"Money, Money, Money",ABBA,1976
drumeo,384119,Gimme! Gimme! Gimme! (A Man After Midnight),ABBA,1979
drumeo,384121,I Have A Dream,ABBA,1979
drumeo,384125,Hail Caesar,AC/DC,1995
drumeo,384127,Love Bomb,AC/DC,1995
drumeo,384129,The Furor,AC/DC,1995
drumeo,384135,Nervous Shakedown,AC/DC,1983
drumeo,384137,This House Is On Fire,AC/DC,1983
drumeo,384143,Rock Or Bust,AC/DC,2014
drumeo,384145,Give It Up,AC/DC,2000
drumeo,384147,House Of Jazz,AC/DC,2000
drumeo,384157,Same Old Song And Dance,Aerosmith,1974
drumeo,384163,We All Fall Down,Aerosmith,2012
drumeo,384167,Reefer Head Woman,Aerosmith,1979
drumeo,384169,Nine Lives,Aerosmith,1997
drumeo,384171,Pink,Aerosmith,1997
drumeo,384173,Permanent Vacation,Aerosmith,1987
drumeo,384175,Rag Doll,Aerosmith,1987
drumeo,384179,F.I.N.E.,Aerosmith,1989
drumeo,384181,What It Takes,Aerosmith,1989
drumeo,384183,Young Lust,Aerosmith,1989
drumeo,384185,Rats In The Cellar,Aerosmith,1976
drumeo,384187,Sick As A Dog,Aerosmith,1976
drumeo,384189,Toys In The Attic,Aerosmith,1975
drumeo,384193,I Ain't Drunk,Albert Collins,1986
drumeo,384197,Down Don't Bother Me,Albert King,1967
drumeo,384211,Metalingus,Alter Bridge,2004
drumeo,384215,God Is A Woman,Ariana Grande,2018
drumeo,384221,The Smile Has Left Your Eyes,Asia,1983
drumeo,384223,One Step Closer,Asia,1982
drumeo,384229,Doing Time,Avenged Sevenfold,2013
drumeo,384231,Victim,Avenged Sevenfold,2010
drumeo,384237,Remenissions,Avenged Sevenfold,2003
drumeo,384239,Second Heartbeat,Avenged Sevenfold,2003
drumeo,384245,Sweet Little Angel,B.B. King,1957
drumeo,384247,Ghost In The Machine,B.o.B.,2010
drumeo,384249,The Way I Choose,Bad Company,1974
drumeo,384251,Shooting Star,Bad Company,1975
drumeo,384271,Kissing My Love,Bill Withers,1972
drumeo,384273,Therefore I Am,Billie Eilish,2020
drumeo,384277,It's Still Rock And Roll To Me,Billy Joel,1980
drumeo,384281,Sympathy,Billy Talent,2006
drumeo,384287,Neon Knights,Black Sabbath,1980
drumeo,384297,Cruising Altitude,Bob Franceschini Dennis Chambers & Victor Wooten,2017
drumeo,384299,Funky D,Bob Franceschini Dennis Chambers & Victor Wooten,2017
drumeo,384301,My Adobe Hacienda,Bob Wills And The Texas Playboys,2000
drumeo,384303,Farther Up The Road,Bobby Blue Bland,1957
drumeo,384305,Don't Want No Woman,Bobby Blue Bland,1957
drumeo,384307,Bounce,Bon Jovi,2002
drumeo,384309,Undivided,Bon Jovi,2002
drumeo,384311,No Apologies,Bon Jovi,2010
drumeo,384313,Complicated,Bon Jovi,2005
drumeo,384315,I Want To Be Loved,Bon Jovi,2005
drumeo,384317,Story Of My Life,Bon Jovi,2005
drumeo,384319,Welcome To Wherever You Are,Bon Jovi,2005
drumeo,384321,Who Says You Can't Go Home,Bon Jovi,2005
drumeo,384323,Summertime,Bon Jovi,2007
drumeo,384325,Superman Tonight,Bon Jovi,2009
drumeo,384327,Total Eclipse Of The Heart,Bonnie Tyler,1983
drumeo,384329,Don't Mess Up A Good Thing,Booker T. & The M.G.'s,1966
drumeo,384331,Something About You,Boston,1976
drumeo,384333,I'm Still A Guy,Brad Paisley,2007
drumeo,384335,Hollow,Breaking Benjamin,2015
drumeo,384337,Dear Agony,Breaking Benjamin,2009
drumeo,384339,Here We Are,Breaking Benjamin,2006
drumeo,384341,In The Dark,Bring Me The Horizon,2019
drumeo,384343,Medicine,Bring Me The Horizon,2019
drumeo,384345,Doomed,Bring Me The Horizon,2015
drumeo,384347,Follow You,Bring Me The Horizon,2015
drumeo,384349,Throne,Bring Me The Horizon,2015
drumeo,384351,Bobby Jean,Bruce Springsteen,1984
drumeo,384353,Cover Me,Bruce Springsteen,1984
drumeo,384355,Darlington County,Bruce Springsteen,1984
drumeo,384357,Downbound Train,Bruce Springsteen,1984
drumeo,384359,I'm Goin' Down,Bruce Springsteen,1984
drumeo,384361,Working On The Highway,Bruce Springsteen,1984
drumeo,384363,Thunder Road,Bruce Springsteen,1975
drumeo,384365,Candy's Room,Bruce Springsteen,1978
drumeo,384367,Human Touch,Bruce Springsteen,1992
drumeo,384369,The Rising,Bruce Springsteen,2002
drumeo,384371,Chunky,Bruno Mars,2016
drumeo,384373,Perm,Bruno Mars,2016
drumeo,384375,Dynamite,BTS,2020
drumeo,384377,"Damn Right, I've Got The Blues",Buddy Guy,1991
drumeo,384379,Turn,Rufus & Chaka Khan,1978
drumeo,384381,Hammer Smashed Face,Cannibal Corpse,1992
drumeo,384383,Whole Lotta Shakin',Carl Perkins,1958
drumeo,384385,Forever Changed,Carrie Underwood,2012
drumeo,384387,Change,Carrie Underwood,2009
drumeo,384389,Cowboy Casanova,Carrie Underwood,2009
drumeo,384391,"Jesus, Take The Wheel",Carrie Underwood,2005
drumeo,384393,Some Hearts,Carrie Underwood,2005
drumeo,384395,Starts With Goodbye,Carrie Underwood,2005
drumeo,384397,Beauty And The Beast,Celine Dion,1991
drumeo,384399,Hero,Chad Kroeger,2002
drumeo,384401,Girlfriend,Charlie Puth,2020
drumeo,384403,Attention,Charlie Puth,2018
drumeo,384405,Little Marie,Chuck Berry,1964
drumeo,384407,No Particular Place To Go,Chuck Berry,1964
drumeo,384409,Promised Land,Chuck Berry,1964
drumeo,384411,Harbor,Cory Wells,2019
drumeo,384413,Gossip,Cyril Neville,1969
drumeo,384415,Tell Me What's On Your Mind,Cyril Neville,1969
drumeo,384417,Welcome To Jamrock,Damian Marley,2005
drumeo,384419,Belle Of The Boulevard,Dashboard Confessional,2009
drumeo,384421,Everybody Learns From Disaster,Dashboard Confessional,2009
drumeo,384423,Get Me Right,Dashboard Confessional,2009
drumeo,384425,Until Morning,Dashboard Confessional,2009
drumeo,384427,Start Of Something Good,Daughtry,2011
drumeo,384429,Over You,Daughtry,2008
drumeo,384431,Sorry,Daughtry,2006
drumeo,384433,Every Time You Turn Around,Daughtry,2009
drumeo,384435,Ghost Of Me,Daughtry,2009
drumeo,384437,Heroes,David Cook,2008
drumeo,384439,Lie,David Cook,2008
drumeo,384441,Life On The Moon,David Cook,2008
drumeo,384443,Light On,David Cook,2008
drumeo,384445,California Girls,David Lee Roth,1985
drumeo,384447,You Are A Tourist,Death Cab For Cutie,2011
drumeo,384449,Truth?,Def Leppard,1996
drumeo,384451,Rock On,Def Leppard,2006
drumeo,384453,Runaway,Del Shannon,1961
drumeo,384455,D Funk'd,"Dennis Chambers, Jeff Berlin, David Fiuczynski & T. Lavitz",2005
drumeo,384457,Cowboy Take Me Away,Dixie Chicks,1999
drumeo,384459,Some Days You Gotta Dance,Dixie Chicks,1999
drumeo,384461,Travelin' Soldier,Dixie Chicks,2002
drumeo,384463,Not Ready To Make Nice,Dixie Chicks,2006
drumeo,384465,Too Far Gone,Don Henley,2015
drumeo,384467,Right Place Wrong Time,Dr. John,1973
drumeo,384469,One Kiss,Dua Lipa,2018
drumeo,384471,Be The One,Dua Lipa,2018
drumeo,384473,Electricity,Dua Lipa,2018
drumeo,384475,Lost In Your Light,Dua Lipa,2018
drumeo,384477,Pretty Please,Dua Lipa,2020
drumeo,384479,Jeep's Blues,Duke Ellington,1956
drumeo,384481,Ground Hog,Duke Pearson Big Band,1968
drumeo,384483,Rio,Duran Duran,1982
drumeo,384485,Save A Prayer,Duran Duran,1982
drumeo,384487,Afire Love,Ed Sheeran,2014
drumeo,384489,Two Tickets To Paradise,Eddie Money,1977
drumeo,384491,Don't Bring Me Down,Electric Light Orchestra,1979
drumeo,384493,All Over The World,Electric Light Orchestra,1980
drumeo,384495,Dust My Broom,Elmore James,1951
drumeo,384497,Tiny Dancer,Elton John,1971
drumeo,384499,Vianna,Eluveitie,2014
drumeo,384501,I Forgot To Remember To Forget,Elvis Presley,1959
drumeo,384503,Adieu,Enter Shikari,2007
drumeo,384505,Sign Of The Times,Europe,1988
drumeo,384507,Halfway To Heaven,Europe,1991
drumeo,384509,Prisoners In Paradise,Europe,1991
drumeo,384511,Open Your Heart,Europe,1984
drumeo,384513,Call Me When You're Sober,Evanescence,2006
drumeo,384515,One,Faith Hill,2002
drumeo,384517,When The Lights Go Down,Faith Hill,2002
drumeo,384519,Mississippi Girl,Faith Hill,2005
drumeo,384521,Servitude,Fishbone,1993
drumeo,384523,So Many Millions,Fishbone,1991
drumeo,384525,Bad Company,Five Finger Death Punch,2009
drumeo,384527,Gypsy,Fleetwood Mac,1982
drumeo,384529,I Can't Stop,Flux Pavillon,2010
drumeo,384531,Cold Dead,Flying Lotus,2014
drumeo,384533,Dead Man's Tetris,Flying Lotus,2014
drumeo,384535,The Protest,Flying Lotus,2014
drumeo,384537,Turkey Dog Coma,Flying Lotus,2014
drumeo,384539,Turtles,Flying Lotus,2014
drumeo,384541,A Token Of My Extreme,Frank Zappa,1979
drumeo,384543,Joe's Garage,Frank Zappa,1979
drumeo,384545,I Love The Woman,Freddy King,1961
drumeo,384547,Butterscotch,Freddy King,1961
drumeo,384549,Loose Booty,Funkadelic,1972
drumeo,384551,I Hope,Gabby Barrett,2020
drumeo,384553,Dream Weaver,Gary Wright,1975
drumeo,384555,Lady Love Me (One More Time),George Benson,1982
drumeo,384557,Shotgun,George Ezra,2018
drumeo,384559,Budapest,George Ezra,2014
drumeo,384561,These Days (I Barely Get By),George Jones,1974
drumeo,384563,Lone Ranger,George Jones,1996
drumeo,384565,She’s My Rock,George Jones,1984
drumeo,384567,Bad To The Bone,George Thorogood & The Destroyers,1982
drumeo,384569,Lifestyles Of The Rich & Famous,Good Charlotte,2002
drumeo,384571,The Jam,Graham Central Station,1975
drumeo,384573,Ordinary Day,Great Big Sea,1997
drumeo,384575,When I'm Up,Great Big Sea,1997
drumeo,384577,Consequence Free,Great Big Sea,1999
drumeo,384579,Last Night On Earth,Green Day,2009
drumeo,384581,Last Of The American Girls,Green Day,2009
drumeo,384583,She,Green Day,1994
drumeo,384585,Highway Tune,Greta Van Fleet,2017
drumeo,384587,The Things That I Used To Do,Guitar Slim,1953
drumeo,384589,Be Kind,Halsey,2020
drumeo,384591,Watermelon Sugar,Harry Styles,2019
drumeo,384593,Without Me,Halsey,2020
drumeo,384595,I Am,Hands Like Houses,2016
drumeo,384597,Momentary,Hands Like Houses,2016
drumeo,384599,New Romantics,Hands Like Houses,2015
drumeo,384601,The King Of Western Swing,Hank Thompson,1980
drumeo,384603,There's A Tear In My Beer,Hank Williams Jr.,1989
drumeo,384605,Adore You,Harry Styles,2019
drumeo,384607,Desire,Hiromi,2011
drumeo,384609,Burning In Love,Honeymoon Suite,1984
drumeo,384611,New Girl Now,Honeymoon Suite,1984
drumeo,384613,Wave Babies,Honeymoon Suite,1984
drumeo,384615,No Place To Go,Howlin' Wolf,1959
drumeo,384617,Smokestack Lightning,Howlin' Wolf,1959
drumeo,384619,Sittin' On Top Of The World,Howlin' Wolf,1958
drumeo,384621,What You Need,INXS,1985
drumeo,384623,Barefoot Blue Jean Night,Jake Owen,2011
drumeo,384625,Laid,James,1993
drumeo,384627,If You Ever Want To Be In Love,James Bay,2015
drumeo,384629,Surf City,Jan & Dean,1963
drumeo,384631,Tattoos On This Town,Jason Aldean,2010
drumeo,384633,You Make It Easy,Jason Aldean,2018
drumeo,384635,Take Out Some Insurance,Jimmy Reed,1959
drumeo,384637,Don't Cha Know,Jimmy Vaughan,1994
drumeo,384639,No Reason To Fear,JJ Hairston & Youthful Praise,2017
drumeo,384641,Pickup Man,Joe Diffie,1994
drumeo,384643,All Or Nothing At All,John Coltrane,1963
drumeo,384645,Syeeda's Song Flute,John Coltrane,1960
drumeo,384647,Lonely Ol' Night,John Cougar Mellencamp,1985
drumeo,384649,Boom Boom,John Lee Hooker,1962
drumeo,384651,Half Of My Heart,John Mayer,2009
drumeo,384653,Clarity,John Mayer,2003
drumeo,384655,I Don't Need No Doctor,John Scofield & John Mayer,2005
drumeo,384657,Now She's Blonde,John Scofield,1986
drumeo,384659,The Nag,John Scofield,1986
drumeo,384661,Time Marches On,John Scofield,1986
drumeo,384663,Trim,John Scofield,1986
drumeo,384665,Rock Billy Boogie,Johnny Burnette,1956
drumeo,384667,Cool,Jonas Brothers,2019
drumeo,384669,Only Human,Jonas Brothers,2019
drumeo,384671,Sucker,Jonas Brothers,2019
drumeo,384673,Carry On,Jonathan Barber,2018
drumeo,384675,The Windfall (Everything For Nothing),Joni Mitchell,1991
drumeo,384677,Hey Lawdy Mama,Junior Wells,1965
drumeo,384679,Intentions,Justin Bieber,2020
drumeo,384681,Filthy,Justin Timberlake,2018
drumeo,384683,The Otherside,Justin Timberlake,2020
drumeo,384685,Crabbuckit,k-os,2007
drumeo,384687,Take A Minute,K'naan,2009
drumeo,384689,All Of The Lights,Kanye West,2010
drumeo,384691,Themata,Karnivool,2005
drumeo,384693,Walking On Sunshine,Katrina And The Waves,1983
drumeo,384695,Smile,Katy Perry,2020
drumeo,384697,Blue Ain't Your Color,Keith Urban,2016
drumeo,384699,Hundred,Khalid,2019
drumeo,384701,Self,Khalid,2019
drumeo,384703,Talk,Khalid,2019
drumeo,384705,Kids In America,Kim Wilde,1981
drumeo,384707,Don't Touch Me,Kim Wilson,1993
drumeo,384709,Nobody But You,Kimbra,2014
drumeo,384711,Come Into My Head,Kimbra,2011
drumeo,384713,I Talk To The Wind,King Crimson,1969
drumeo,384715,People,King Crimson,1996
drumeo,384717,Groove Me,King Floyd,1970
drumeo,384719,Rock Bottom,KISS,1975
drumeo,384721,Forever,KISS,1989
drumeo,384723,Black Diamond,KISS,1974
drumeo,384725,Strutter,KISS,1974
drumeo,384727,I'm A Woman,Koko Taylor,1978
drumeo,384729,Funky Stuff,Kool & The Gang,1973
drumeo,384731,Ex-Factor,Lauryn Hill,1998
drumeo,384733,Feelings,Lauv,2020
drumeo,384735,I'm So Tired,Lauv,2020
drumeo,384737,Mean It,Lauv,2020
drumeo,384739,I Like Me Better,Lauv,2018
drumeo,384741,One Of Them Girls,Lee Brice,2020
drumeo,384743,Summer Feelings,Lennon Stella,2020
drumeo,384745,Better In Time,Leona Lewis,2007
drumeo,384747,Bleeding Love,Leona Lewis,2007
drumeo,384749,Footprints In The Sand,Leona Lewis,2007
drumeo,384751,Assault and Battery,Les Dudek,1994
drumeo,384753,The Force,Lettuce,2015
drumeo,384755,Mojo Hand,Lightnin' Hopkins,1962
drumeo,384757,From The Inside,Linkin Park,2003
drumeo,384759,Papercut,Linkin Park,2000
drumeo,384761,Pushing Me Away,Linkin Park,2000
drumeo,384763,Runnin’ With The Night,Lionel Richie,1983
drumeo,384765,Blues With A Feeling,Little Walter,1953
drumeo,384767,Last Night,Little Walter,1958
drumeo,384769,Good As Hell,Lizzo,2019
drumeo,384771,Juice,Lizzo,2019
drumeo,384773,Truth Hurts,Lizzo,2019
drumeo,384775,Amie,Lonestar,1997
drumeo,384777,You Walked In,Lonestar,1997
drumeo,384779,Walking In Memphis,Lonestar,2003
drumeo,384781,I'm Already There,Lonestar,2001
drumeo,384783,Heaven,Los Lonely Boys,2004
drumeo,384785,Alligator Bogaloo,Lou Donaldson,1967
drumeo,384787,Crash My Party,Luke Bryan,2013
drumeo,384789,Country Man,Luke Bryan,2008
drumeo,384791,Country Girl,Luke Bryan,2011
drumeo,384793,Beer Never Broke My Heart,Luke Combs,2019
drumeo,384795,Lovin' On You,Luke Combs,2019
drumeo,384797,Downtown,Macklemore & Ryan Lewis,2016
drumeo,384799,Rude,Magic!,2014
drumeo,384801,Ether,Make Them Suffer,2016
drumeo,384803,Cosas De Manteca,Manteca,1996
drumeo,384805,Always Be My Baby,Mariah Carey,1995
drumeo,384807,One More Night,Maroon 5,2012
drumeo,384809,She Got Me (When She Got Her Dress On),Masters Of Reality,1992
drumeo,384811,Ascension (Don't Ever Wonder),Maxwell,1996
drumeo,384813,Lucretia,Megadeth,1990
drumeo,384815,Die Dead Enough,Megadeth,2004
drumeo,384817,Bring Me Some Water,Melissa Etheridge,1988
drumeo,384819,Spasm,Meshuggah,2002
drumeo,384821,Bleeding Me,Metallica,1996
drumeo,384823,Ronnie,Metallica,1996
drumeo,384825,No Leaf Clover,Metallica,1999
drumeo,384827,Shoot Me Again,Metallica,2003
drumeo,384829,When A Man Loves A Woman,Michael Bolton,1991
drumeo,384831,Armed And Ready,Michael Schenker Group,1980
drumeo,384833,Stir Fry,Migos,2018
drumeo,384835,Corcovado,Miles Davis,1963
drumeo,384837,Midnight Sky,Miley Cyrus,2020
drumeo,384839,Prisoner,Miley Cyrus,2020
drumeo,384841,The Climb,Miley Cyrus,2009
drumeo,384843,Mama's Broken Heart,Miranda Lambert,2011
drumeo,384845,Parallels,Misery Signals,2008
drumeo,384847,No UFO's,Model 500,1985
drumeo,384849,I Melt With You,Modern English,1982
drumeo,384851,Chasin' You,Morgan Wallen,2018
drumeo,384853,Whiskey Glasses,Morgan Wallen,2018
drumeo,384855,Down At The Whiskey,Motley Crue,2008
drumeo,384857,Come On And Dance,Motley Crue,1981
drumeo,384859,"Baby, Please Don't Go",Muddy Waters,1953
drumeo,384861,Forty Days And Forty Nights,Muddy Waters,1956
drumeo,384863,Just Make Love To Me,Muddy Waters,1954
drumeo,384865,You Shook Me,Muddy Waters,1962
drumeo,384867,Mary Go Round,Musiq Soulchild,2000
drumeo,384869,Used To,Mutemath,2015
drumeo,384871,Animal,Neon Trees,2010
drumeo,384873,I Don't Know You,New Riders Of The Purple Sage,1971
drumeo,384875,Three Feet Back,Niacin,1996
drumeo,384877,Savin' Me,Nickelback,2005
drumeo,384879,Shakin' Hands,Nickelback,2008
drumeo,384881,Last Of The Wilds,Nightwish,2007
drumeo,384883,Whole Lotta Lovin',Otis Rush,1978
drumeo,384885,Sunrise,Our Last Night,2013
drumeo,384887,Home,Our Last Night,2015
drumeo,384889,Innocent,Our Lady Peace,2002
drumeo,384891,Somewhere Out There,Our Lady Peace,2002
drumeo,384893,Starseed,Our Lady Peace,1994
drumeo,384895,In Repair,Our Lady Peace,2000
drumeo,384897,B.O.B. - Bombs Over Baghdad,OutKast,2000
drumeo,384899,Just Give Me A Reason,P!nk,2012
drumeo,384901,Kick In The Teeth,Papa Roach,2010
drumeo,384903,Brick By Boring Brick,Paramore,2009
drumeo,384905,Ain't It Fun,Paramore,2014
drumeo,384907,Trick Or Treat,Paul Brady,1991
drumeo,384909,Catch Fire,Periphery,2016
drumeo,384911,Garden In The Bones,Periphery,2019
drumeo,384913,It's Only Smiles,Periphery,2019
drumeo,384915,Sentient Glow,Periphery,2019
drumeo,384917,I Am An Animal,Pete Townshend,1980
drumeo,384919,I Don’t Wanna Let You Go,Peter Frampton,1981
drumeo,384921,Acid Tracks,Phuture,1987
drumeo,384923,Magic,Pilot,1974
drumeo,384925,High Hopes,Pink Floyd,1994
drumeo,384927,Baby Come Back,Player,1977
drumeo,384929,My Ashes,Porcupine Tree,2007
drumeo,384931,Rockstar,Post Malone,2018
drumeo,384933,Circles,Post Malone,2019
drumeo,384935,Sunflower,Post Malone,2019
drumeo,384937,All The Critics Love U In New York,Prince,1982
drumeo,384939,Automatic,Prince,1982
drumeo,384941,D.M.S.R.,Prince,1982
drumeo,384943,Delirious,Prince,1982
drumeo,384945,Free,Prince,1982
drumeo,384947,International Lover,Prince,1982
drumeo,384949,Lady Cab Driver,Prince,1982
drumeo,384951,Let's Pretend We're Married,Prince,1982
drumeo,384953,Something In The Water (Does Not Compute),Prince,1982
drumeo,384955,America,Prince,1985
drumeo,384957,Pop Life,Prince,1985
drumeo,384959,Gett Off,Prince,1991
drumeo,384961,The Everlasting Now,Prince,2001
drumeo,384963,The Work Pt.1,Prince,2001
drumeo,384965,When You Were Mine,Prince,1980
drumeo,384967,Death On Two Legs (Dedicated To...),Queen,1975
drumeo,384969,Lazing On A Sunday Afternoon,Queen,1975
drumeo,384971,Seven Seas Of Rhye,Queen,1973
drumeo,384973,Man On The Moon,R.E.M.,1992
drumeo,384975,Black Beatles,Rae Sremmurd,2016
drumeo,384977,Take The Power Back,Rage Against The Machine,1992
drumeo,384979,Deeper Than The Holler,Randy Travis,1988
drumeo,384981,Yours If You Want It,Rascal Flatts,2017
drumeo,384983,Come Wake Me Up,Rascal Flatts,2012
drumeo,384985,New York Soul,Ray Barretto,1968
drumeo,384987,"Hallelujah, I Love Her So",Ray Charles,1956
drumeo,384989,Mess Around,Ray Charles,1957
drumeo,384991,I Could Have Lied,Red Hot Chili Peppers,1991
drumeo,384993,Universally Speaking,Red Hot Chili Peppers,2002
drumeo,384995,Beyond The Seventh Galaxy,Return To Forever,1974
drumeo,384997,Ballad Of Youth,Richie Sambora,1991
drumeo,384999,Teenage Love Affair,Rick Derringer,1973
drumeo,385001,Hang On Sloopy,Rick Derringer,1975
drumeo,385003,California King Bed,Rihanna,2011
drumeo,385005,"See You Later, Alligator",Roy Hall,1955
drumeo,385007,You Got It,Roy Orbison,1989
drumeo,385009,My Mic Sounds Nice,Salt-N-Pepa,1986
drumeo,385011,I'm Not The Only One,Sam Smith,2014
drumeo,385013,She Don't Know She's Beautiful,Sammy Kershaw,1993
drumeo,385015,Waiting,Santana,1969
drumeo,385017,Shape Shifter,Santana,2012
drumeo,385019,Diamond Girl,Seals & Crofts,1973
drumeo,385021,No Lie,Sean Paul,2018
drumeo,385023,Closing Time,Semisonic,1998
drumeo,385025,Anarchy In The U.K.,Sex Pistols,1977
drumeo,385027,Never Be Alone,Shawn Mendes,2015
drumeo,385029,Mercy,Shawn Mendes,2017
drumeo,385031,Treat You Better,Shawn Mendes,2017
drumeo,385033,If I Can't Have You,Shawn Mendes,2019
drumeo,385035,Monster,Shawn Mendes,2020
drumeo,385037,Wonder,Shawn Mendes,2020
drumeo,385039,What A Shame,Shinedown,2008
drumeo,385041,Enigma,Simon Phillips,2013
drumeo,385043,Hero,Skillet,2009
drumeo,385045,The Older I Get,Skillet,2006
drumeo,385047,Those Nights,Skillet,2006
drumeo,385049,Yours To Hold,Skillet,2006
drumeo,385051,Anchor,Skillet,2019
drumeo,385053,Get Down With It,Slade,1970
drumeo,385055,Gudbuy T'Jane,Slade,1972
drumeo,385057,Mama Weer All Crazee Now,Slade,1972
drumeo,385059,Altar Of Sacrifice,Slayer,1986
drumeo,385061,Epidemic,Slayer,1986
drumeo,385063,Jesus Saves,Slayer,1986
drumeo,385065,Necrophobic,Slayer,1986
drumeo,385067,Piece By Piece,Slayer,1986
drumeo,385069,Postmortem,Slayer,1986
drumeo,385071,Skeletons Of Society,Slayer,1990
drumeo,385073,Black Magic,Slayer,1983
drumeo,385075,The Negative One,Slipknot,2014
drumeo,385077,Sulfur,Slipknot,2008
drumeo,385079,Vendetta,Slipknot,2008
drumeo,385081,Everything Ends,Slipknot,2001
drumeo,385083,Gently,Slipknot,2001
drumeo,385085,I Am Hated,Slipknot,2001
drumeo,385087,Iowa,Slipknot,2001
drumeo,385089,Metabolic,Slipknot,2001
drumeo,385091,New Abortion,Slipknot,2001
drumeo,385093,Skin Ticket,Slipknot,2001
drumeo,385095,The Shape,Slipknot,2001
drumeo,385097,Diluted,Slipknot,1999
drumeo,385099,Me Inside,Slipknot,1999
drumeo,385101,No Life,Slipknot,1999
drumeo,385103,Opium Of The People,Slipknot,2004
drumeo,385105,Prelude 3.0,Slipknot,2004
drumeo,385107,The Nameless,Slipknot,2004
drumeo,385109,Birth Of The Cruel,Slipknot,2019
drumeo,385111,Nero Forte,Slipknot,2019
drumeo,385113,Going To A Go-Go,Smokey Robinson & The Miracles,1965
drumeo,385115,Tears Of A Clown,Smokey Robinson & The Miracles,1967
drumeo,385117,I Got You,Split Enz,1980
drumeo,385119,Iambic 5 Poetry,Squarepusher,1999
drumeo,385121,So Danco Samba,Stan Getz & Joao Gilberto,1964
drumeo,385123,Boogaloo Boogie,Stanton Moore,1998
drumeo,385125,Black Friday,Steely Dan,1975
drumeo,385127,Everyone’s Gone To The Movies,Steely Dan,1975
drumeo,385129,Make Me Smile (Come Up and See Me),Steve Harley,1975
drumeo,385131,Lynda,Steve Wariner,1987
drumeo,385133,Stop Dragging My Heart Around,Stevie Nicks & Tom Petty,1981
drumeo,385135,Leave My Girl Alone,Stevie Ray Vaughan,1989
drumeo,385137,Change It,Stevie Ray Vaughan,1985
drumeo,385139,Epilogue (Nothing 'Bout Me),Sting,1993
drumeo,385141,Everybody Laughed But You,Sting,1993
drumeo,385143,Heavy Cloud No Rain,Sting,1993
drumeo,385145,It's Probably Me,Sting,1993
drumeo,385147,She's Too Good For Me,Sting,1993
drumeo,385149,Something The Boy Said,Sting,1993
drumeo,385151,Babe,Styx,1979
drumeo,385153,Boat On The River,Styx,1979
drumeo,385155,Borrowed Time,Styx,1979
drumeo,385157,Eddie,Styx,1979
drumeo,385159,First Time,Styx,1979
drumeo,385161,Lights,Styx,1979
drumeo,385163,Love In The Midnight,Styx,1979
drumeo,385165,Never Say Never,Styx,1979
drumeo,385167,Why Me,Styx,1979
drumeo,385169,A Monster,Styx,2021
drumeo,385171,Another Farewell,Styx,2021
drumeo,385173,Common Ground,Styx,2021
drumeo,385175,Hold Back The Darkness,Styx,2021
drumeo,385177,Long Live The King,Styx,2021
drumeo,385179,Lost At Sea,Styx,2021
drumeo,385181,Our Wonderful Lives,Styx,2021
drumeo,385183,Reveries,Styx,2021
drumeo,385185,Save Us From Ourselves,Styx,2021
drumeo,385187,Sound The Alarm,Styx,2021
drumeo,385189,Stream,Styx,2021
drumeo,385191,The Flight Of Our Lives,Styx,2021
drumeo,385193,To Those,Styx,2021
drumeo,385195,Cold War,Styx,1983
drumeo,385197,Don't Let It End,Styx,1983
drumeo,385199,Don't Let It End (Reprise),Styx,1983
drumeo,385201,Double Life,Styx,1983
drumeo,385203,Haven't We Been Here Before,Styx,1983
drumeo,385205,Heavy Metal Poisoning,Styx,1983
drumeo,385207,High Time,Styx,1983
drumeo,385209,Just Get Through This Night,Styx,1983
drumeo,385211,Mr. Roboto,Styx,1983
drumeo,385213,A.D. 1928,Styx,1981
drumeo,385215,A.D. 1958,Styx,1981
drumeo,385217,"Half Penny, Two Penny",Styx,1981
drumeo,385219,Lonely People,Styx,1981
drumeo,385221,Nothing Ever Goes As Planned,Styx,1981
drumeo,385223,Rockin' The Paradise,Styx,1981
drumeo,385225,She Cares,Styx,1981
drumeo,385227,Snowblind,Styx,1981
drumeo,385229,The Best Of Times,Styx,1981
drumeo,385231,Too Much Time On My Hands,Styx,1981
drumeo,385233,Aku-Aku,Styx,1978
drumeo,385235,Great White Hope,Styx,1977
drumeo,385237,I'm O.K.,Styx,1978
drumeo,385239,Lords Of The Ring,Styx,1978
drumeo,385241,Pieces Of Eight,Styx,1978
drumeo,385243,Queen Of Spades,Styx,1978
drumeo,385245,Sing For The Day,Styx,1978
drumeo,385247,Castle Walls,Styx,1977
drumeo,385249,Man In The Wilderness,Styx,1977
drumeo,385251,Superstars,Styx,1977
drumeo,385253,The Grand Finale,Styx,1977
drumeo,385255,The Grand Illusion,Styx,1977
drumeo,385257,Rapper's Delight,Sugarhill Gang,1980
drumeo,385259,Pieces,Sum 41,2004
drumeo,385261,The Hell Song,Sum 41,2002
drumeo,385263,With Me,Sum 41,2007
drumeo,385265,The Search Is Over,Survivor,1984
drumeo,385267,Mess Of Me,Switchfoot,2010
drumeo,385269,Meant To Live,Switchfoot,2003
drumeo,385271,Afterlife,Switchfoot,2011
drumeo,385273,Dark Horses,Switchfoot,2011
drumeo,385275,Where I Belong,Switchfoot,2011
drumeo,385277,Shufflin' The Blues,T-Bone Walker,1959
drumeo,385279,Hot Love,T. Rex,1971
drumeo,385281,Whatever You Like,T.I.,2008
drumeo,385283,It's My Life,Talk Talk,1984
drumeo,385285,Sestri Levante,Tame Impala,2014
drumeo,385287,Nothing That Has Happened So Far Has Been Anything We Could Control,Tame Impala,2012
drumeo,385289,Love Story,Taylor Swift,2008
drumeo,385291,You Belong With Me,Taylor Swift,2008
drumeo,385293,Me!,Taylor Swift,2019
drumeo,385295,You Need To Calm Down,Taylor Swift,2019
drumeo,385297,Woman In Chains,Tears For Fears,1989
drumeo,385299,Closer,Tegan And Sara,2013
drumeo,385301,I Was A Fool,Tegan And Sara,2013
drumeo,385303,I'm Not Your Hero,Tegan And Sara,2013
drumeo,385305,Love Song,Tesla,1989
drumeo,385307,Robbers,The 1975,2013
drumeo,385309,I Wouldn’t Want To Be Like You,The Alan Parson Project,1977
drumeo,385311,Change Your Mind,The All-American Rejects,2005
drumeo,385313,Dirty Little Secret,The All-American Rejects,2004
drumeo,385315,My Paper Heart,The All-American Rejects,2002
drumeo,385317,Another Heart Calls,The All-American Rejects,2008
drumeo,385319,Breakin',The All-American Rejects,2008
drumeo,385321,Sloop John B.,The Beach Boys,1966
drumeo,385323,Mr. Moto,The Belairs,1961
drumeo,385325,There's A Kind Of Hush,The Carpenters,1976
drumeo,385327,Goodbye To Love,The Carpenters,1972
drumeo,385329,I Won't Last A Day Without You,The Carpenters,1972
drumeo,385331,Yesterday Once More,The Carpenters,1973
drumeo,385333,Drive,The Cars,1984
drumeo,385335,My Best Friend's Girl,The Cars,1978
drumeo,385337,Call You Mine,The Chainsmokers,2019
drumeo,385339,Takeaway,The Chainsmokers,2019
drumeo,385341,Tequila,The Champs,1958
drumeo,385343,Just The Girl,The Click Five,2005
drumeo,385345,Do You Love Me,The Contours,1962
drumeo,385347,Not Fade Away,The Crickets,1957
drumeo,385349,One Of Us Is The Killer,The Dillinger Escape Plan,2013
drumeo,385351,Puppet Man,The Fifth Dimension,1970
drumeo,385353,Look After You,The Fray,2007
drumeo,385355,Gator Bait,The Gaturs,1971
drumeo,385357,People Get Ready,The Impressions,1965
drumeo,385359,Pentonville,The Kenny Clarke/Francy Boland Big Band,1971
drumeo,385361,Switchin' To Glide,The Kings,1980
drumeo,385363,This Beat Goes On,The Kings,1980
drumeo,385365,Waterloo Sunset,The Kinks,1967
drumeo,385367,"Someday, Someway",The Marvelettes,1962
drumeo,385369,Monkey Man,The Maytals,1969
drumeo,385371,Pressure Drop,The Maytals,1968
drumeo,385373,Mardi Gras Mambo,The Meters,1975
drumeo,385375,Record Run,The Pyramids,1995
drumeo,385377,The Joy Of Cooking,The Quincy Jones/Sammy Nestico Orchestra,2000
drumeo,385379,Let's Go To Hawaii,The Rivieras,1964
drumeo,385381,Harlem Shuffle,The Rolling Stones,1986
drumeo,385383,Angie,The Rolling Stones,1973
drumeo,385385,Wild Horses,The Rolling Stones,1971
drumeo,385387,Don't Say Nuthin',The Roots,2004
drumeo,385389,Guns Are Drawn,The Roots,2004
drumeo,385391,Glowing,The Script,2012
drumeo,385393,Hall Of Fame,The Script,2012
drumeo,385395,If You Could See Me Now,The Script,2012
drumeo,385397,Kaleidoscope,The Script,2012
drumeo,385399,Six Degrees Of Separation,The Script,2012
drumeo,385401,For The First Time,The Script,2010
drumeo,385403,If You Ever Come Back,The Script,2010
drumeo,385405,Science & Faith,The Script,2010
drumeo,385407,Breakeven,The Script,2008
drumeo,385409,Man On A Wire,The Script,2014
drumeo,385411,Superheroes,The Script,2014
drumeo,385413,Freedom Sound,The Skatalites,1998
drumeo,385415,Ghost Town,The Specials,1981
drumeo,385417,It's A Shame,The Spinners,1970
drumeo,385419,You Can't Hurry Love,The Supremes,1966
drumeo,385421,The Girl's Alright With Me,The Temptations,1965
drumeo,385423,In Your Eyes,The Weeknd,2020
drumeo,385425,Heaven (Little By Little),Theory Of A Deadman,2008
drumeo,385427,Little Smirk,Theory Of A Deadman,2008
drumeo,385429,Still In Love With You,Thin Lizzy,1974
drumeo,385431,Voices Carry,Til Tuesday,1985
drumeo,385433,Mister Love,Toadies,1994
drumeo,385435,Drunk Americans,Toby Keith,2014
drumeo,385437,Should've Been A Cowboy,Toby Keith,1993
drumeo,385439,Dennis,"Tony Macalpine, Bunny Brunel, Dennis Chambers & Brian Auger",2001
drumeo,385441,Takin' It Back,Toto,1978
drumeo,385443,Good For You,Toto,1982
drumeo,385445,Orphan,Toto,2015
drumeo,385447,Attitude Dance,Tower Of Power,1991
drumeo,385449,Mother Mother,Tracy Bonham,1996
drumeo,385451,May I,Trading Yesterday,2006
drumeo,385453,One Day,Trading Yesterday,2006
drumeo,385455,Revolution,Trading Yesterday,2006
drumeo,385457,Shattered,Trading Yesterday,2011
drumeo,385459,Angel In Blue Jeans,Train,2014
drumeo,385461,Bruises,Train,2012
drumeo,385463,Mermaid,Train,2012
drumeo,385465,You Can Finally Meet My Mom,Train,2012
drumeo,385467,Calling All Angels,Train,2003
drumeo,385469,Brick By Brick,Train,2010
drumeo,385471,I Got You,Train,2010
drumeo,385473,Marry Me,Train,2010
drumeo,385475,This Ain't Goodbye,Train,2009
drumeo,385477,Umbrella,Train,2010
drumeo,385479,Meet Virginia,Train,1998
drumeo,385481,Here's A Quarter (Call Someone Who Cares),Travis Tritt,1991
drumeo,385483,Surrender,Trixter,1990
drumeo,385485,We're Here for a Good Time (Not a Long Time),Trooper,1977
drumeo,385487,Bloom,Troye Sivan,2018
drumeo,385489,Dance To This,Troye Sivan,2018
drumeo,385491,My My My!,Troye Sivan,2018
drumeo,385493,"Confessions, Part II",Usher,2004
drumeo,385495,Scream,Usher,2012
drumeo,385497,Sins Of My Father,Usher,2012
drumeo,385499,Climax,Usher,2012
drumeo,385501,Blood And Fire,Van Halen,2012
drumeo,385503,She's The Woman,Van Halen,2012
drumeo,385505,Where Have All The Good Times Gone,Van Halen,1982
drumeo,385507,Black And Blue,Van Halen,1988
drumeo,385509,Finish What Ya Started,Van Halen,1988
drumeo,385511,Cry For Freedom,White Lion,1989
drumeo,385513,Wait,White Lion,1987
drumeo,385515,No Sleep,Wiz Khalifa,2011
drumeo,385517,The Thrill,Wiz Khalifa,2020
drumeo,385519,Hold On,Yes,1983
drumeo,385521,It Can Happen,Yes,1983
drumeo,385523,Leave It,Yes,1983
drumeo,385525,Love Will Find A Way,Yes,1987
drumeo,385527,Rhythm Of Love,Yes,1987
drumeo,385529,Your Move,Yes,1971
drumeo,385531,Open My Heart,Yolanda Adams,1999
drumeo,385533,Trap Star,Young Jeezy,2005
drumeo,385535,Put On,Young Jeezy,2008
drumeo,385537,Homegrown,Zac Brown Band,2015
drumeo,385539,Free,Zac Brown Band,2008
drumeo,385541,Whatever It Is,Zac Brown Band,2008
drumeo,385543,Colder Weather,Zac Brown Band,2010
drumeo,385545,Maldon,Zouk Machine,1989
drumeo,385547,Sa Ki Ke Dire,Zouk Machine,1989
drumeo,385553,Love Minus Zero/No Limit,Bob Dylan,1965
drumeo,385555,On The Road Again,Bob Dylan,1965
drumeo,385557,She Belongs To Me,Bob Dylan,1965
drumeo,385561,Just Like Tom Thumb's Blues,Bob Dylan,1965
drumeo,385563,Queen Jane Approximately,Bob Dylan,1965
drumeo,385565,Tombstone Blues,Bob Dylan,1965
drumeo,385567,Duquesne Whistle,Bob Dylan,2012
drumeo,385569,Soon After Midnight,Bob Dylan,2012
drumeo,385571,Tin Angel,Bob Dylan,2012
drumeo,385573,Dirt Road Blues,Bob Dylan,1997
drumeo,385575,Standing In The Doorway,Bob Dylan,1997
drumeo,385577,Tryin' To Get To Heaven,Bob Dylan,1997
drumeo,385579,Jingle Bell Rock,Bobby Helms,1958
drumeo,385581,Calgary,Bon Iver,2011
drumeo,385583,"Minnesota, WI",Bon Iver,2011
drumeo,385585,Towers,Bon Iver,2011
drumeo,385587,Blindsided,Bon Iver,2007
drumeo,385589,For Emma,Bon Iver,2007
drumeo,385591,Lump Sum,Bon Iver,2007
drumeo,385593,Skinny Love,Bon Iver,2007
drumeo,385595,Rockin' Around The Christmas Tree,Brenda Lee,1958
drumeo,385597,Digital Love,Daft Punk,2001
drumeo,385599,Face To Face,Daft Punk,2001
drumeo,385601,"Harder, Better, Faster, Stronger",Daft Punk,2001
drumeo,385603,One More Time,Daft Punk,2001
drumeo,385605,Short Circuit,Daft Punk,2001
drumeo,385607,Something About Us,Daft Punk,2001
drumeo,385609,Voyager,Daft Punk,2001
drumeo,385611,Alive,Daft Punk,1997
drumeo,385613,Around The World,Daft Punk,1997
drumeo,385615,Da Funk,Daft Punk,1997
drumeo,385617,Human After All,Daft Punk,2005
drumeo,385619,Make Love,Daft Punk,2005
drumeo,385621,Instant Crush,Daft Punk,2013
drumeo,385623,Within,Daft Punk,2013
drumeo,385625,The Weekend,David Rawlings,2015
drumeo,385627,Airplane,David Rawlings,2017
drumeo,385629,Cumberland Gap,David Rawlings,2017
drumeo,385631,Put 'Em Up Solid,David Rawlings,2017
drumeo,385633,Gates Of Steel,Devo,1980
drumeo,385635,Girl U Want,Devo,1980
drumeo,385637,Snowball,Devo,1980
drumeo,385639,Beautiful World,Devo,1981
drumeo,385641,Going Under,Devo,1981
drumeo,385643,Big Mess,Devo,1982
drumeo,385645,That's Good,Devo,1982
drumeo,385647,(I Can't Get No) Satisfaction,Devo,1978
drumeo,385649,Lost,Frank Ocean,2012
drumeo,385651,One More Dollar,Gillian Welch,1996
drumeo,385653,Only One And Only,Gillian Welch,1996
drumeo,385655,Paper Wings,Gillian Welch,1996
drumeo,385657,Look At Miss Ohio,Gillian Welch,2003
drumeo,385659,Lowlands,Gillian Welch,2003
drumeo,385661,One Monkey,Gillian Welch,2003
drumeo,385663,Wayside/Back In Time,Gillian Welch,2003
drumeo,385665,Wrecking Ball,Gillian Welch,2003
drumeo,385667,My First Lover,Gillian Welch,2001
drumeo,385669,What Is Love,Haddaway,1993
drumeo,385671,Doll Parts,Hole,1994
drumeo,385673,Spanish Pipedream,John Prine,1971
drumeo,385675,The Ballad Of Ira Hayes,Johnny Cash,1964
drumeo,385677,I've Been Everywhere,Johnny Cash,1996
drumeo,385679,Folsom Prison Blues,Johnny Cash,1957
drumeo,385681,Ring Of Fire,Johnny Cash,1963
drumeo,385683,Harlem River Blues,Justin Townes Earle,2010
drumeo,385685,One More Night In Brooklyn,Justin Townes Earle,2010
drumeo,385687,Slippin' And Slidin',Justin Townes Earle,2010
drumeo,385689,Maybe A Moment,Justin Townes Earle,2017
drumeo,385691,What's She Crying For,Justin Townes Earle,2017
drumeo,385693,Mama's Eyes,Justin Townes Earle,2009
drumeo,385695,Look The Other Way,Justin Townes Earle,2012
drumeo,385697,Movin' On,Justin Townes Earle,2012
drumeo,385699,Ain't Got No Money,Justin Townes Earle,2019
drumeo,385701,Copenhagen,Lucinda Williams,2011
drumeo,385703,Can't Let Go,Lucinda Williams,1998
drumeo,385705,Car Wheels On A Gravel Road,Lucinda Williams,1998
drumeo,385707,Drunken Angel,Lucinda Williams,1998
drumeo,385709,Right In Time,Lucinda Williams,1998
drumeo,385711,Sweet Old World,Lucinda Williams,1992
drumeo,385713,Overtime,Lucinda Williams,2003
drumeo,385715,World Without Tears,Lucinda Williams,2003
drumeo,385717,Material Girl,Madonna,1984
drumeo,385719,KILL4ME,Marilyn Manson,2017
drumeo,385721,Coma White,Marilyn Manson,1998
drumeo,385723,Third Day Of A Seven Day Binge,Marilyn Manson,2015
drumeo,385725,Kids,MGMT,2007
drumeo,385727,Time To Pretend,MGMT,2007
drumeo,385729,Weekend Wars,MGMT,2007
drumeo,385731,Colorado,Milky Chance,2021
drumeo,385733,Down By The River,Milky Chance,2013
drumeo,385735,Flashed Junk Mind,Milky Chance,2013
drumeo,385737,Stolen Dance,Milky Chance,2013
drumeo,385739,Synchronize,Milky Chance,2022
drumeo,385741,Table For Two,Milky Chance,2022
drumeo,385743,Troubled Man,Milky Chance,2022
drumeo,385745,Unknown Song,Milky Chance,2022
drumeo,385747,Babel,Mumford & Sons,2012
drumeo,385749,Below My Feet,Mumford & Sons,2012
drumeo,385751,Broken Crown,Mumford & Sons,2012
drumeo,385753,Ghosts That We Knew,Mumford & Sons,2012
drumeo,385755,Holland Road,Mumford & Sons,2012
drumeo,385757,Hopeless Wanderer,Mumford & Sons,2012
drumeo,385759,I Will Wait,Mumford & Sons,2012
drumeo,385761,The Boxer,Mumford & Sons,2012
drumeo,385763,Whispers In The Dark,Mumford & Sons,2012
drumeo,385765,After The Storm,Mumford & Sons,2009
drumeo,385767,Awake My Soul,Mumford & Sons,2009
drumeo,385769,I Gave You All,Mumford & Sons,2009
drumeo,385771,Little Lion Man,Mumford & Sons,2009
drumeo,385773,Roll Away Your Stone,Mumford & Sons,2009
drumeo,385775,Sigh No More,Mumford & Sons,2009
drumeo,385777,White Blank Page,Mumford & Sons,2009
drumeo,385779,Winter Winds,Mumford & Sons,2009
drumeo,385781,Cripple Creek Ferry,Neil Young,1970
drumeo,385783,I Believe In You,Neil Young,1970
drumeo,385785,"Oh, Lonesome Me",Neil Young,1970
drumeo,385787,Only Love Can Break Your Heart,Neil Young,1970
drumeo,385789,Till The Morning Comes,Neil Young,1970
drumeo,385791,Harvest,Neil Young,1972
drumeo,385793,Old Man,Neil Young,1972
drumeo,385795,Out On The Weekend,Neil Young,1972
drumeo,385797,Don't Know Why,Norah Jones,2002
drumeo,385799,What Am I To You?,Norah Jones,2004
drumeo,385801,Unchained Melody,Norah Jones,2017
drumeo,385803,All I Have To Do Is Dream,Roy Orbison,1963
drumeo,385805,Blue Bayou,Roy Orbison,1963
drumeo,385807,Dream,Roy Orbison,1963
drumeo,385809,In Dreams,Roy Orbison,1963
drumeo,385811,Lonely Wine,Roy Orbison,1963
drumeo,385813,Shahdaroba,Roy Orbison,1963
drumeo,385815,A Love So Beautiful,Roy Orbison,1989
drumeo,385817,California Blue,Roy Orbison,1989
drumeo,385819,In The Real World,Roy Orbison,1989
drumeo,385821,It's Over,Roy Orbison,1964
drumeo,385823,Dream Baby,Roy Orbison,1962
drumeo,385825,I Drove All Night,Roy Orbison,2006
drumeo,385827,Leah,Roy Orbison,2006
drumeo,385829,Only With You,Roy Orbison,1965
drumeo,385831,Sleepy Hollow,Roy Orbison,2011
drumeo,385833,Uptown,Roy Orbison,2011
drumeo,385835,Untitled #2 (Frysta),Sigur Ros,2002
drumeo,385837,Untitled #4 (Njosnavelin),Sigur Ros,2002
drumeo,385839,Untitled #5 (Alafoss),Sigur Ros,2002
drumeo,385841,Untitled #6 (E-Bow),Sigur Ros,2002
drumeo,385843,Godan Daginn,Sigur Ros,2008
drumeo,385845,Inni Mer Syngur Vitleysingur,Sigur Ros,2008
drumeo,385847,Med Sud I Eyrum,Sigur Ros,2008
drumeo,385849,Vid Spilum Endalaust,Sigur Ros,2008
drumeo,385851,Glosoli,Sigur Ros,2005
drumeo,385853,Hoppipolla,Sigur Ros,2005
drumeo,385855,Life During Wartime,Talking Heads,1979
drumeo,385857,And She Was,Talking Heads,1985
drumeo,385859,Creatures Of Love,Talking Heads,1985
drumeo,385861,Stay Up Late,Talking Heads,1985
drumeo,385863,Take Me To The River,Talking Heads,1978
drumeo,385865,The Big Country,Talking Heads,1978
drumeo,385867,The Girl Wants To Be With The Girls,Talking Heads,1978
drumeo,385869,The Good Thing,Talking Heads,1978
drumeo,385871,Girlfriend Is Better,Talking Heads,1983
drumeo,385873,Making Flippy Floppy,Talking Heads,1983
drumeo,385875,Pull Up The Roots,Talking Heads,1983
drumeo,385877,This Must Be The Place,Talking Heads,1983
drumeo,385879,New Feeling,Talking Heads,1977
drumeo,385881,Sugar On My Tongue,Talking Heads,1977
drumeo,385883,"Uh Oh, Love Comes To Town",Talking Heads,1977
drumeo,385885,Love For Sale,Talking Heads,1986
drumeo,385887,"Wild, Wild Life",Talking Heads,1986
drumeo,385889,Open Heart Surgery,The Brian Jonestown Massacre,2001
drumeo,385891,"Gone, Gone, Gone",The Everly Brothers,1964
drumeo,385893,Let It Be Me,The Everly Brothers,1959
drumeo,385895,"Please Help, I'm Falling",The Everly Brothers,1963
drumeo,385897,Like Strangers,The Everly Brothers,1960
drumeo,385899,Bird Dog,The Everly Brothers,1959
drumeo,385901,Why Don't You Get A Job,The Offspring,1998
drumeo,385903,Hit That,The Offspring,2003
drumeo,385905,Under Cover Of Darkness,The Strokes,2011
drumeo,385907,You Only Live Once,The Strokes,2005
drumeo,385909,Barely Legal,The Strokes,2001
drumeo,385911,Hard To Explain,The Strokes,2001
drumeo,385913,Is This It,The Strokes,2001
drumeo,385915,Soma,The Strokes,2001
drumeo,385917,Someday,The Strokes,2001
drumeo,385919,The Modern Age,The Strokes,2001
drumeo,385921,Reptilia,The Strokes,2003
drumeo,385923,Selfless,The Strokes,2020
drumeo,385925,The Adults Are Talking,The Strokes,2020
drumeo,385927,Love Is Noise,The Verve,2008
drumeo,385929,Bitter Sweet Symphony,The Verve,1997
drumeo,385931,One Day,The Verve,1998
drumeo,385933,Sonnet,The Verve,1998
drumeo,385935,Sleepwalker,The Wallflowers,2000
drumeo,385937,Invisible City,The Wallflowers,1996
drumeo,385939,Three Marlenas,The Wallflowers,1996
drumeo,385941,Roots And Wings,The Wallflowers,2021
drumeo,385943,I Feel It Coming,The Weeknd ft. Daft Punk,2016
drumeo,385945,Ball And Biscuit,The White Stripes,2003
drumeo,385947,I Just Don't Know What To With Myself,The White Stripes,2003
drumeo,385949,The Air Near My Fingers,The White Stripes,2003
drumeo,385951,The Hardest Button To Button,The White Stripes,2003
drumeo,385953,There's No Home For You Here,The White Stripes,2003
drumeo,385955,Fell In Love With A Girl,The White Stripes,2001
drumeo,385957,Hotel Yorba,The White Stripes,2001
drumeo,385959,I'm Finding It Harder To Be A Gentleman,The White Stripes,2001
drumeo,385961,Little Room,The White Stripes,2001
drumeo,385963,The Same Boy You've Always Known,The White Stripes,2001
drumeo,385965,Raised Right Men,Tom Waits,2011
drumeo,385967,Talking At The Same Time,Tom Waits,2011
drumeo,385969,Goin' Out West,Tom Waits,1992
drumeo,385971,Big In Japan,Tom Waits,1999
drumeo,385973,Chocolate Jesus,Tom Waits,1999
drumeo,385975,Cold Water,Tom Waits,1999
drumeo,385977,Come On Up To The House,Tom Waits,1999
drumeo,385979,Big Black Mariah,Tom Waits,1985
drumeo,385981,Blind Love,Tom Waits,1985
drumeo,385983,Downtown Train,Tom Waits,1985
drumeo,385985,Gun Street Girl,Tom Waits,1983
drumeo,385987,Hang Down Your Head,Tom Waits,1985
drumeo,385989,Singapore,Tom Waits,1985
drumeo,385991,Union Square,Tom Waits,1985
drumeo,385993,Walking Spanish,Tom Waits,1985
drumeo,385995,16 Shells From A Thirty-Ought Six,Tom Waits,1983
drumeo,385997,Underground,Tom Waits,1983
drumeo,385999,California Love,Tupac,1995
drumeo,386001,Will Do,TV On The Radio,2011
drumeo,386003,Careful You,TV On The Radio,2014
drumeo,386005,Happy Idiot,TV On The Radio,2014
drumeo,386007,Staring At The Sun,TV On The Radio,2004
drumeo,386009,Young Liars,TV On The Radio,2003
drumeo,386011,Beverly Hills,Weezer,2005
drumeo,386013,I Love Rocky Road,Weird Al Yankovic,1983
drumeo,386015,Achy Breaky Song,Weird Al Yankovic,1993
drumeo,386017,Livin' In The Fridge,Weird Al Yankovic,1993
drumeo,386019,Amish Paradise,Weird Al Yankovic,1996
drumeo,386021,Phony Calls,Weird Al Yankovic,1996
drumeo,386023,Girls Just Want To Have Lunch,Weird Al Yankovic,1985
drumeo,386025,Like A Surgeon,Weird Al Yankovic,1985
drumeo,386027,Yoda,Weird Al Yankovic,1985
drumeo,386029,Fat,Weird Al Yankovic,1988
drumeo,386031,Eat It,Weird Al Yankovic,1984
drumeo,386033,King Of Suede,Weird Al Yankovic,1984
drumeo,386035,Theme From Rocky XIII,Weird Al Yankovic,1984
drumeo,386037,Tacky,Weird Al Yankovic,2014
drumeo,386039,Word Crimes,Weird Al Yankovic,2014
drumeo,386041,Smells Like Nirvana,Weird Al Yankovic,1992
drumeo,386043,Addicted To Spuds,Weird Al Yankovic,1986
drumeo,386045,eBay,Weird Al Yankovic,2003
drumeo,386047,Jerry Springer,Weird Al Yankovic,1999
drumeo,386049,Pretty Fly (For A Rabbi),Weird Al Yankovic,1999
drumeo,386051,The Saga Begins,Weird Al Yankovic,1999
drumeo,386053,Canadian Idiot,Weird Al Yankovic,2006
drumeo,386055,Money For Nothing/Beverly Hillbillies,Weird Al Yankovic,1989
drumeo,386057,Spam,Weird Al Yankovic,1989
drumeo,386279,Invisible Touch,Genesis,1986
drumeo,386281,Afterglow,Genesis,1976
drumeo,386283,Jesus He Knows Me,Genesis,1991
drumeo,386285,No Son Of Mine,Genesis,1991
drumeo,386287,Two Hearts,Phil Collins,1988
drumeo,386393,Armageddon,Wayne Shorter,1964
drumeo,386395,Speak No Evil,Wayne Shorter,1966
drumeo,386458,Rise And Fall,Helloween,1988
drumeo,387319,De Musica Ligera,Soda Stereo,1990
drumeo,387331,Lux Aeterna,Metallica,2023
drumeo,387469,You Oughta Know,Alanis Morissette,1995
drumeo,387477,Groove Is In The Heart,Deee-Lite,1990
drumeo,387480,Breakfast At Tiffany's,Deep Blue Something,1995
drumeo,387483,Brain Stew,Green Day,1996
drumeo,387485,Out Of Touch,Hall & Oates,1984
drumeo,387487,Centerfold,J. Geils Band,1981
drumeo,387489,Bette Davis Eyes,Kim Carnes,1981
drumeo,387491,Helena,My Chemical Romance,2007
drumeo,387493,Sweet Caroline,Neil Diamond,1969
drumeo,387495,18 And Life,Skid Row,1989
drumeo,387498,Luminol,Steven Wilson,2013
drumeo,387500,All Along The Watchtower,The Jimi Hendrix Experience,1968
drumeo,387502,Parabola,Tool,2001
drumeo,387504,Fall To Pieces,Velvet Revolver,2004
drumeo,387623,Rayando El Sol,Mana,1990
drumeo,387628,La Conquistada,Los Jaivas,1975
drumeo,387640,No Puedes Parar,La Secta Allstar,2008
drumeo,387824,Bargain,The Who,1971
drumeo,387986,Aero Zeppelin,Nirvana,1992
drumeo,388035,Fucking Towards Salvation,Gulch,2020
drumeo,388037,Vanishing,Lamb Of God,2022
drumeo,388078,Bolt Swallower,Gulch,2021
drumeo,388080,Mother's Getting Weaker,King Diamond,1988
drumeo,388144,Honey Bucket,Melvins,1993
drumeo,388200,Radioactive,Imagine Dragons,2012
drumeo,388247,Lamento Boliviano,Enanitos Verdes,1994
drumeo,388254,Escapade,Janet Jackson,1989
drumeo,388281,Black As The Sky,Transatlantic,2014
drumeo,388295,Descending,Tool,2019
drumeo,388351,Wait Until Tomorrow,John Mayer,2005
drumeo,388413,Can I Kick It?,A Tribe Called Quest,1990
drumeo,388415,School's Out,Alice Cooper,1972
drumeo,388421,Pick Up The Pieces,Average White Band,1974
drumeo,388429,Greater Still,Brandon Lake And Essential Worship,2022
drumeo,388431,Rock My World (Little Country Girl),Brooks & Dunn,1993
drumeo,388438,Run To You,Bryan Adams,1984
drumeo,388440,Harlem Blues,Cynda Williams Branford Marsalis Quartet & Terence Blanchard,1990
drumeo,388443,Goodbye Girl,David Gates,1977
drumeo,388446,The Magic Number,De La Soul,1989
drumeo,388449,Holy Diver,Dio,1983
drumeo,388612,Voice Of Truth,Casting Crowns,2003
drumeo,388614,Until The Whole World Hears,Casting Crowns,2009
drumeo,388616,Forgot About Dre,Dr. Dre,1999
drumeo,388618,Honor Thy Father,Dream Theater,2003
drumeo,388620,Let's Groove,"Earth, Wind & Fire",1981
drumeo,388622,Sacrifice,Elton John,1989
drumeo,388624,Strangers In The Night,Frank Sinatra,1966
drumeo,388626,Square Hammer,Ghost,2016
drumeo,388629,Hostage To Heaven,Grip Inc.,1995
drumeo,388631,"Ain't It Funky, Pts. 1-2",James Brown,1970
drumeo,388633,If I Didn't Love You,Jason Aldean & Carrie Underwood,2021
drumeo,388635,"Take Me Home, Country Roads",John Denver,1971
drumeo,388637,Dirt On My Boots,Jon Pardi,2016
drumeo,388639,Jazz Crimes,Joshua Redman,2002
drumeo,388647,Heard 'em Say,Kanye West,2005
drumeo,388653,Always Remember Us This Way,Lady Gaga,2018
drumeo,388655,Lessons In Love,Level 42,1987
drumeo,388657,Feed Me (Git It),Levi Stubbs Michelle Weeks Tisha Campbell Rick Moranis Tichina Arnold,1986
drumeo,388659,Greater,MercyMe,2014
drumeo,388661,These Arms Of Mine,Otis Redding,1962
drumeo,388665,Last Train Home,Pat Metheny,1987
drumeo,388667,Say Say Say,Paul McCartney & Michael Jackson,1983
drumeo,388669,Stargazer,Rainbow,1976
drumeo,388671,Ghostbusters,Ray Parker Jr.,1984
drumeo,388673,It Must Have Been Love,Roxette,1987
drumeo,388675,Josie,Steely Dan,1977
drumeo,388677,Heaven Help Us All,Stevie Wonder,1970
drumeo,388679,Sea Of Lies,Symphony X,1997
drumeo,388682,Boys Don't Cry,The Cure,1980
drumeo,388684,Can't Get By Without You,The Real Thing,1976
drumeo,388686,Freedomland,Yellowjackets,1991
drumeo,388688,Snake Oil,Tony Williams,1975
drumeo,388690,It Gets Funkier,Vulfpeck,2015
drumeo,388698,Aniquila,La Secta All Star,1999
drumeo,388700,Walk Away,James Gang,1971
drumeo,388740,Dracul Gras,Periphery,2023
drumeo,388834,Super Duper Love,Joss Stone,2003
drumeo,388851,2 Shotz,Hands Of God,2019
drumeo,389012,Executioner’s Tax (Swing Of The Axe),Power Trip,2017
drumeo,389014,Flowers Need Rain,Preston Pablo,2022
drumeo,389016,Blurry,Puddle Of Mudd,2001
drumeo,389018,Ich Tu Dir Weh,Rammstein,2009
drumeo,389020,Keine Lust,Rammstein,2004
drumeo,389022,A Beautiful Mine (Theme From Mad Men),RJD2,2006
drumeo,389024,Day Of The Eagle,Robin Trower,1974
drumeo,389026,The Warrior,Scandal,1984
drumeo,389028,Born To Hand Jive,Sha-Na-Na,1978
drumeo,389030,Odd One,Sick Puppies,2009
drumeo,389032,Voodoo Child (Slight Return),Stevie Ray Vaughan,1983
drumeo,389034,Taciturn,Stone Sour,2012
drumeo,389036,I Love To Boogie,T. Rex,1977
drumeo,389038,I Knew You Were Trouble,Taylor Swift,2012
drumeo,389040,Midnight In Harlem,Tedeschi Trucks Band,2011
drumeo,389042,Debonair,The Afghan Whigs,1983
drumeo,389044,She Caught The Katy,The Blues Brothers,1980
drumeo,389046,Peace Frog,The Doors,1970
drumeo,389048,500 Miles,The Hooters,1989
drumeo,389050,Inertiatic ESP,The Mars Volta,2003
drumeo,389052,Peaches,The Presidents Of The United States Of America,1995
drumeo,389054,Marching In Time,Tremonti,2021
drumeo,389056,The Sin And The Sentence,Trivium,2017
drumeo,389058,Epiphany,Vexed,2021
drumeo,389060,Adrienne & Adrianne,Vulfpeck,2015
drumeo,389062,Pot Kettle Black,Wilco,2001
drumeo,389099,A Horse With No Name,America,1971
drumeo,389103,Union City Blue,Blondie,1979
drumeo,389105,Fancy,Bobbie Gentry,1970
drumeo,389107,Buried Dreams,Carcass,1993
drumeo,389109,Saferwaters,Chevelle,2007
drumeo,389111,Knocking At Your Back Door,Deep Purple,1984
drumeo,389113,Them Changes,Eric Clapton & Steve Winwood,2008
drumeo,389115,Come Fly With Me,Frank Sinatra,1958
drumeo,389117,Bad Religion,Godsmack,1998
drumeo,389119,I'm Your Captain (Close To Home),Grand Funk Railroad,1970
drumeo,389121,Bertha,Grateful Dead,1971
drumeo,389123,I'm Bored,Iggy Pop,1979
drumeo,389125,Caught Somewhere In Time,Iron Maiden,1986
drumeo,389127,The Clairvoyant,Iron Maiden,1988
drumeo,389129,The Letter,Joe Cocker,1970
drumeo,389131,Rising From Ruins,Judas Priest,2018
drumeo,389133,Epitaph,King Crimson,1969
drumeo,389135,Omerta,Lamb Of God,2004
drumeo,389137,De Pies A Cabeza,Mana,2016
drumeo,389139,Astronomy,Metallica,1998
drumeo,389141,Confusion,Metallica,2016
drumeo,389143,Resurrection,Moist,1996
drumeo,389145,God Of Emptiness,Morbid Angel,1993
drumeo,389147,Doesn’t Really Matter,Platinum Blonde,1983
drumeo,389151,Open Your Eyes,Alter Bridge,2004
drumeo,389155,Please Forgive Me,Bryan Adams,1993
drumeo,389157,You Never Can Tell,Chuck Berry,1964
drumeo,389159,Dance Macabre,Ghost,2018
drumeo,389161,Forgive Me,Jars Of Clay,2009
drumeo,389163,I Kissed A Girl,Katy Perry,2008
drumeo,389165,Lady Marmelade,Labelle,1974
drumeo,389167,Supermassive Black Hole,Muse,2006
drumeo,389169,Hard Times,Paramore,2017
drumeo,389171,Smooth Operator,Sade,1984
drumeo,389173,Hey Nineteen,Steely Dan,1980
drumeo,389175,Alors On Danse,Stromae,2010
drumeo,389177,People Are Strange,The Doors,1967
drumeo,389179,Killing Me Softly,The Fugees,1996
drumeo,389209,Now That The Magic Has Gone,Joe Cocker,1991
drumeo,389523,Don't Let Our Love Start Slippin' Away,Vince Gill,1992
drumeo,389525,Roots Bloody Roots,Sepultura,1996
drumeo,389527,City Boy Blues,Motley Crue,1985
drumeo,389529,Use It Or Lose It,Motley Crue,1985
drumeo,389668,In The Meantime,Helmet,1992
drumeo,389670,Home Loving Man,Tony Christie,1971
drumeo,389672,Mejor No Hablemos De Amor,Enanitos Verdes,1994
drumeo,389674,Bombón De Azúcar,La Secta Allstar,1999
drumeo,389823,Saint Cecilia,Foo Fighters,2005
drumeo,389842,Wait For You,Bonham,1989
drumeo,390136,Uptown Girl,Billy Joel,1983
drumeo,390138,The Red,Chevelle,2002
drumeo,390142,Higher,Creed,1999
drumeo,390144,Life On Mars?,David Bowie,1971
drumeo,390146,Maybe I'm A Leo,Deep Purple,1972
drumeo,390148,Walk Of Life,Dire Straits,1985
drumeo,390150,As It Was,Harry Styles,2022
drumeo,390152,Idiot Box,Incubus,1997
drumeo,390154,Say It Loud – I'm Black And I'm Proud,James Brown,1968
drumeo,390156,James Bond Theme (From Dr. No),John Barry Orchestra,1960
drumeo,390158,Footloose,Kenny Loggins,1984
drumeo,390160,I Wanna Be Your Slave,Maneskin,2007
drumeo,390162,Flowers,Miley Cyrus,2023
drumeo,390164,A Thousand Miles,Vanessa Carlton,2002
drumeo,390427,Primal Scream,Motley Crue,1991
drumeo,390429,Tiberius,The Smashing Pumpkins,2014
drumeo,390431,Smokin' In The Boys Room,Motley Crue,1985
drumeo,390433,Sick Love Song,Motley Crue,2014
drumeo,390435,Slice Of Your Pie,Motley Crue,1989
drumeo,390437,If I Die Tomorrow,Motley Crue,2005
drumeo,390443,Rescued,Foo Fighters,2023
drumeo,390445,Nobody,Avenged Sevenfold,2023
drumeo,390448,Crazy,Aerosmith,1993
drumeo,390456,Blue (Da Ba Dee),Eiffel 65,1999
drumeo,390458,Misunderstanding,Genesis,1980
drumeo,390460,Spillways,Ghost,2022
drumeo,390462,Bones,Imagine Dragons,2022
drumeo,390464,U.S. Drag,Missing Persons,1982
drumeo,390466,Without You,Motley Crue,1990
drumeo,390468,Mouth For War,Pantera,1992
drumeo,390470,Put Your Head On My Shoulder,Paul Anka,1960
drumeo,390472,Raspberry Beret,Prince,1984
drumeo,390474,Wet Sand,Red Hot Chili Peppers,2006
drumeo,390476,That Don't Impress Me Much,Shania Twain,1998
drumeo,390478,Snowman,Sia,2017
drumeo,390480,Rain,The Cult,1985
drumeo,390482,Labios Compartidos,Mana,2006
drumeo,390515,Almost,Bowling For Soup,2004
drumeo,390543,Can't Help Falling In Love,Elvis Presley,1961
drumeo,390545,Still Got The Blues,Gary Moore,1990
drumeo,390547,Heat Above,Greta Van Fleet,2021
drumeo,390549,Unsung,Helmet,1991
drumeo,390552,The Pink Panther Theme,Henry Mancini,1964
drumeo,390554,Piece Of My Heart,Janis Joplin,1968
drumeo,390556,Instant Karma! (We All Shine On),John Lennon,1970
drumeo,390558,If Darkness Had A Son,Metallica,2023
drumeo,390560,Sunday Morning,No Doubt,1997
drumeo,390562,Go,Pearl Jam,1993
drumeo,390564,John The Fisherman,Primus,1990
drumeo,390566,Englishman In New York,Sting,1987
drumeo,390568,Poundcake,Van Halen,1991
drumeo,390619,Mellowship Slinky In B Major,Red Hot Chili Peppers,1991
drumeo,390621,Breaking The Girl,Red Hot Chili Peppers,1991
drumeo,390623,The Power Of Equality,Red Hot Chili Peppers,1991
drumeo,390625,Around The World,Red Hot Chili Peppers,1999
drumeo,390627,The Adventures Of Rain Dance Maggie,Red Hot Chili Peppers,2011
drumeo,390629,Charlie,Red Hot Chili Peppers,2006
drumeo,390832,Masterpiece,Motionless In White,2022
drumeo,390834,North Side Gal,J.D. McPherson,2010
drumeo,390836,Sign Of The Wolf,Pentagram,1985
drumeo,390966,Helicopter,Bloc Party,2005
drumeo,390969,The Way It Is,Bruce Hornsby,1986
drumeo,390971,Tulsa Time,Don Williams,1978
drumeo,390973,It ('s A Monster),Extreme,1990
drumeo,390975,Call Me Little Sunshine,Ghost,2022
drumeo,390977,Heat Waves,Glass Animals,2020
drumeo,390979,"Teacher, Teacher!",Jinjer,2019
drumeo,390981,Jealous Guy,John Lennon,1971
drumeo,390983,Running Up That Hill,Kate Bush,1985
drumeo,390985,Good 4 You,Olivia Rodrigo,2021
drumeo,390987,Hedonism,Skunk Anansie,1996
drumeo,390989,Season In The Abyss,Slayer,1990
drumeo,390992,The Summoning,Sleep Token,2023
drumeo,390995,The Best,Tina Turner,1989
drumeo,390997,Mustang Sally,Wilson Pickett,1966
drumeo,391092,We Are The Others,Delain,2012
drumeo,391096,The Story,Brandi Carlile,2007
drumeo,391098,Electric Worry,Clutch,2007
drumeo,391100,Bad Habits,Ed Sheeran,2021
drumeo,391102,Stay With Me,Faces,1971
drumeo,391104,Epic,Faith No More,1989
drumeo,391106,The Heaviest Matter of The Universe,Gojira,2005
drumeo,391108,Black Smoke Rising,Greta Van Fleet,2017
drumeo,391110,Sweetness,Jimmy Eat World,2001
drumeo,391113,Time Loves A Hero,Little Feat,2021
drumeo,391115,Papa Don't Preach,Madonna,1986
drumeo,391117,You Get What You Give,New Radicals,1998
drumeo,391119,King For A Day,Pierce The Veil,2012
drumeo,391121,All Too Well,Taylor Swift,2021
drumeo,391123,Cornflake Girl,Tori Amos,1994
drumeo,391390,Machinehead,Bush,1994
drumeo,391392,Stormbringer,Deep Purple,1974
drumeo,391394,The Nightfly,Donald Fagen,1982
drumeo,391396,Twilight Zone,Golden Earring,1982
drumeo,391398,Cosmic Girl,Jamiroquai,1996
drumeo,391400,This Is What Heartbreak Feels Like,Jvke,2022
drumeo,391402,It Ain't Over 'Til It's Over,Lenny Kravitz,1991
drumeo,391404,The Killing Road,Megadeth,1994
drumeo,391406,This Is Why,Paramore,2023
drumeo,391408,Hand Cannot Erase,Steven Wilson,2015
drumeo,391410,Holiday,Turnstile,2021
drumeo,391414,Hunger Strike,Temple Of The Dog,1991
drumeo,391447,The Distance,Cake,1996
drumeo,391449,Adventure Of A Lifetime,Coldplay,2015
drumeo,391451,Paralyzer,Finger Eleven,2007
drumeo,391453,Cogs In Cogs,Gentle Giant,1974
drumeo,391455,Lust For Life,Iggy Pop,1977
drumeo,391457,Jane,Jefferson Starship,1979
drumeo,391462,Hunting Girl,Jethro Tull,1977
drumeo,391464,Paradigm Shift,Liquid Tension Experiment,1998
drumeo,391466,Gossip,Maneskin,2023
drumeo,391468,Break My Stride,Matthew Wilder,1983
drumeo,391470,We'll Be Back,Megadeth,2022
drumeo,391472,Map Of The Problematique,Muse,2006
drumeo,391474,Out Of The Black,Royal Blood,2014
drumeo,391476,In The Meantime,Spacehog,1996
drumeo,391479,Lay It On The Line,Triumph,1979
drumeo,391780,Phantom Self,Sepultura,2017
drumeo,391782,Means To An End,Sepultura,2020
drumeo,391784,Me On Your Mind,Matthew West,2023
drumeo,391963,Cream,Prince,1991
drumeo,392053,Runaway Baby,Bruno Mars,2010
drumeo,392055,Believe,Cher,1998
drumeo,392057,Through The Fire And Flames,Dragonforce,2006
drumeo,392059,Waiting Room,Fugazi,1988
drumeo,392061,Mary On A Cross,Ghost,2022
drumeo,392063,Never Been Any Reason,Head East,1974
drumeo,392065,How Sweet It Is,James Taylor,1975
drumeo,392067,Love Games,Level 42,1981
drumeo,392069,Countdown To Extinction,Megadeth,1992
drumeo,392071,Hard To Handle,Otis Redding,1968
drumeo,392073,En La Ciudad De La Furia,Soda Stereo,1988
drumeo,392075,Lonely Day,System Of A Down,2006
drumeo,392077,Doctor Doctor,Ufo,1974
drumeo,392272,Insoportable,El Canto Del Loco,2003
drumeo,392303,Movin' Out (Anthony's Song),Billy Joel,1977
drumeo,392307,Nick Of Time,Bonnie Raitt,1990
drumeo,392309,My Immortal,Evanescence,2003
drumeo,392315,Digging The Grave,Faith No More,1995
drumeo,392317,Under You,Foo Fighters,2023
drumeo,392319,Hard Knocks,Joe Cocker,2010
drumeo,392321,Golden Hour,Jvke,2022
drumeo,392323,One More Red Nightmare,King Crimson,1974
drumeo,392325,Kayleigh,Marillion,1985
drumeo,392327,Dead Inside,Muse,2015
drumeo,392331,Deer Dance,System Of A Down,2001
drumeo,392333,Eye In The Sky,The Alan Parson Project,1982
drumeo,392335,All Day And All Of The Night,The Kinks,1964
drumeo,392470,Patient Number 9,Ozzy Osbourne,2022
drumeo,392647,Savior,Rise Against,2008
drumeo,392695,Hello Operator,The White Stripes,2000
drumeo,392697,My Doorbell,The White Stripes,2005
drumeo,392699,Bone Broke,The White Stripes,2007
drumeo,392701,Rag & Bone,The White Stripes,2007
drumeo,392703,Dead Leaves & The Dirty Ground,The White Stripes,2001
drumeo,392705,The Union Forever,The White Stripes,2001
drumeo,392792,Mantra,Dave Grohl Josh Homme & Trent Reznor,2013
drumeo,392794,Puro Amor,Vivanativa,1999
drumeo,392798,Arde El Cielo,Mana,2008
drumeo,392800,Grita,Jarabe De Palo,1996
drumeo,392936,Kayla,Flying Colors,2012
drumeo,392938,Make It Funky,James Brown,1991
drumeo,392940,Just One Way,Kerry Livgren,1980
drumeo,392992,Funky Monks,Red Hot Chili Peppers,1991
drumeo,393029,We Don't Talk About Bruno,Lin Manuel Miranda,2021
drumeo,393031,Zitti E Buoni,Maneskin,2001
drumeo,393033,Inamorata,Metallica,2023
drumeo,393035,Temperamental,Mr. Big,1993
drumeo,393039,Guerilla Radio,Rage Against The Machine,1999
drumeo,393041,El Rito,Soda Stereo,1986
drumeo,393043,I Wanna Get Lost With You,Stereophonics,2015
drumeo,393045,D.N.R. (Do Not Resuscitate),Testament,1999
drumeo,393048,Train In Vain,The Clash,1980
drumeo,393050,Goo Goo Muck,The Cramps,1981
drumeo,393117,Welcome Home,Coheed And Cambria,2005
drumeo,393119,Square One,Coldplay,2005
drumeo,393121,My Sacrifice,Creed,2001
drumeo,393123,Wagon Wheel,Darius Rucker,2013
drumeo,393125,Hot Stuff,Donna Summer,1979
drumeo,393127,Giros,Fito Paez,1985
drumeo,393129,Shimmer,Fuel,1996
drumeo,393131,The Dance,Garth Brooks,1990
drumeo,393133,My Life,Imagine Dragons,2021
drumeo,393135,Sit Down,James,1990
drumeo,393137,Royals,Lorde,2013
drumeo,393139,Iko Iko,The Dixie Cups,1964
drumeo,393141,Sweet Virginia,The Rolling Stones,1972
drumeo,393143,Better,The Screaming Jets,1991
drumeo,393993,Strange Kind Of Woman,Deep Purple,1971
drumeo,393995,Camarillo Brillo,Frank Zappa,1973
drumeo,393997,Open Your Eyes,Guano Apes,1997
drumeo,393999,People Get Ready,Jeff Beck feat. Rod Stewart,1985
drumeo,394005,I'm Losing You,John Lennon,1980
drumeo,394007,The Court Of The Crimson King,King Crimson,1969
drumeo,394009,Bitter Fruit,Little Steven,1987
drumeo,394011,99 Ways To Die,Megadeth,1995
drumeo,394013,Some Like It Hot,The Power Station,1985
drumeo,394015,Cousin Dupree,Steely Dan,2000
drumeo,394017,Talking About,Susan Tedeschi,2008
drumeo,394019,Sweet Home Chicago,The Blues Brothers,1980
drumeo,394021,Foxy Lady,The Jimi Hendrix Experience,1967
drumeo,394023,Live With Me,The Rolling Stones,1969
drumeo,394066,Blackout,Turnstile,2021
drumeo,394069,Mystery,Turnstile,2021
drumeo,394073,Real Thing,Turnstile,2018
drumeo,394075,Blue By You,Turnstile,2016
drumeo,394079,Warm Tape,Red Hot Chili Peppers,2002
drumeo,394081,Tippa My Tongue,Red Hot Chili Peppers,2022
drumeo,394083,Soap On A Rope,Chickenfoot,2009
drumeo,394090,Blind,Elder,2017
drumeo,394092,Think About It,Sunami,2023
drumeo,394094,Bleed,Torena,2023
drumeo,394096,The Test,Pain Of Truth,2020
drumeo,394136,El Anillo Del Capitán Beto,Invisible,1976
drumeo,394138,Disconnected,Keane,2012
drumeo,394140,Haven't Met You Yet,Michael Buble,2009
drumeo,394142,Lazy Eye,Silversun Pickups,2006
drumeo,394144,Rolling In The Deep (Easy Version),Adele,2011
drumeo,394146,Crazy (Easy Version),Aerosmith,1993
drumeo,394148,Chiquitita (Easy Version),ABBA,1979
drumeo,394150,Give It Away (Easy Version),Red Hot Chili Peppers,1991
drumeo,394152,Suck My Kiss (Easy Version),Red Hot Chili Peppers,1991
drumeo,394156,Breaking The Girl (Easy Version),Red Hot Chili Peppers,1991
drumeo,394158,Paranoid (Easy Version),Black Sabbath,1970
drumeo,394160,Under Pressure (Easy Version),Queen,1982
drumeo,394162,Don't Stop Me Now (Easy Version),Queen,1978
drumeo,394165,We Are The Champions (Easy Version),Queen,1977
drumeo,394647,Hypnosis,Sleep Token,2021
drumeo,394651,The Blade,Sion,2021
drumeo,394726,En El Septimo Dia,Soda Stereo,1990
drumeo,394728,Black Night,Deep Purple,1970
drumeo,394730,Rise,Extreme,2023
drumeo,394732,Whatever You Want,Status Quo,1979
drumeo,394734,In Exile,The Pineapple Thief,2016
drumeo,394736,Enter Sandman (Easy Version),Metallica,1991
drumeo,394739,Hotel California (Easy Version),Eagles,1976
drumeo,394741,Stone In Love (Easy Version),Journey,1981
drumeo,394744,The Wanton Song (Easy Version),Led Zeppelin,1975
drumeo,394746,Should I Stay Or Should I Go (Easy Version),The Clash,1982
drumeo,394748,Zombie (Easy Version),The Cranberries,1994
drumeo,394750,Skin O' My Teeth (Easy Version),Megadeth,1992
drumeo,394752,Numb (Easy Version),Linkin Park,2003
drumeo,394754,My Name Is Mud (Easy Version),Primus,1993
drumeo,394915,I Can't Tell You Why,Vince Gill,1993
drumeo,394922,Sad White Reggae,Placebo,2022
drumeo,394926,Part-Time Lover,Stevie Wonder,1985
drumeo,394928,Believer,Myrath,2016
drumeo,394930,Getting Away With It (All Messed Up),James,2001
drumeo,394932,Paradise (Easy Version),Coldplay,2011
drumeo,394934,The Final Countdown (Easy Version),Europe,1986
drumeo,394936,Detroit Rock City (Easy Version),KISS,1976
drumeo,394938,Bad Medicine (Easy Version),Bon Jovi,1988
drumeo,394940,Welcome To The Jungle (Easy Version),Guns N' Roses,1987
drumeo,394942,The Spirit Of Radio (Easy Version),Rush,1980
drumeo,394946,Song For The Deaf (Easy Version),Queens Of The Stone Age,2002
drumeo,394948,Killing In The Name (Easy Version),Rage Against The Machine,1992
drumeo,395076,Don't Play,Turnstile,2021
drumeo,395092,Break My Heart,Dua Lipa,2020
drumeo,395168,If,Janet Jackson,1993
drumeo,395209,The Prince And Old Lady Shade,Peter Murphy,2011
drumeo,395211,The Hollow,A Perfect Circle,2000
drumeo,395213,So Cold,Breaking Benjamin,2004
drumeo,395215,If You Could Only See,Tonic,1996
drumeo,395217,Deutschland,Rammstein,2019
drumeo,395219,Bloody Hammer,Roky Erikson,1981
drumeo,395221,Are You Gonna Go My Way (Easy Version),Lenny Kravitz,1993
drumeo,395223,Calling Elvis (Easy Version),Dire Straits,1991
drumeo,395225,Sultans Of Swing (Easy Version),Dire Straits,1978
drumeo,395227,Virtual Insanity (Easy Version),Jamiroquai,1996
drumeo,395229,Just The Way You Are (Easy Version),Bruno Mars,2010
drumeo,395231,One Way Or Another (Easy Version),Blondie,1978
drumeo,395233,Back In Black (Easy Version),AC/DC,1980
drumeo,395235,Freewill (Easy Version),Rush,1980
drumeo,395237,Tommy The Cat (Easy Version),Primus,1984
drumeo,395239,Know Your Enemy (Easy Version),Rage Against The Machine,1992
drumeo,395757,Electric Sunrise,Plini,2016
drumeo,395761,Leech,Northlane,2015
drumeo,395763,Your Betrayal,Bullet For My Valentine,2010
drumeo,395765,TV-Glotzer (White Punks on Dope),Nina Hagen Band,1978
drumeo,395767,Sample In A Jar,Phish,1994
drumeo,395769,When The Generals Talk,Midnight Oil,1984
drumeo,395773,Teen Beat,Sandy Nelson,1959
drumeo,395775,This Could Be Anywhere In The World,Alexisonfire,2006
drumeo,395777,Break On Through (To The Other Side),The Doors,1967
drumeo,395779,Wolverine Blues,Entombed,1993
drumeo,395781,Hey Joe,The Jimi Hendrix Experience,1967
drumeo,395783,About A Girl,Nirvana,1989
drumeo,395786,Learn To Fly (Easy Version),Foo Fighters,1999
drumeo,395789,Let's Dance (Easy Version),David Bowie,1983
drumeo,395791,Cosmic Girl (Easy Version),Jamiroquai,1996
drumeo,395795,Don't Cry (Easy Version),Guns N' Roses,1991
drumeo,395797,Pull Me Under (Easy Version),Dream Theater,1992
drumeo,395799,Passenger (Easy Version),Deftones,2000
drumeo,395801,Ants Marching (Easy Version),Dave Matthews Band,1995
drumeo,395803,Every Little Thing She Does Is Magic (Easy Version),The Police,1981
drumeo,395805,The Kids Aren't Alright (Easy Version),The Offspring,1998
drumeo,395807,Baba O'Riley (Easy Version),The Who,1971
drumeo,395847,What Makes A Good Man?,The Heavy,2012
drumeo,395921,Dance The Night,Dua Lipa,2023
drumeo,395923,Fly Away,Lenny Kravitz,1998
drumeo,395925,Again,Lenny Kravitz,2000
drumeo,395928,Can't Stop (Easy Version),Red Hot Chili Peppers,2002
drumeo,395930,Superstition (Easy Version),Stevie Wonder,1972
drumeo,395932,Rosanna (Easy Version),Toto,1982
drumeo,395968,The One You Love,Glenn Frey,1982
drumeo,396053,Dragula,Rob Zombie,1998
drumeo,396100,I'd Do Anything,Simple Plan,2002
drumeo,396143,This Is How We Do It,Montell Jordan,1995
drumeo,396148,Caido,La Secta Allstar,1998
drumeo,396185,Ghost Of Karelia,Mastodon,2009
drumeo,396187,Oblivion,Mastodon,2009
drumeo,396189,Show Yourself,Mastodon,2017
drumeo,396191,Sultan's Curse,Mastodon,2017
drumeo,396193,Eyes Of Serpents,Mastodon,2021
drumeo,396195,Teardrinker,Mastodon,2021
drumeo,396197,March Of The Fire Ants,Mastodon,2002
drumeo,396199,Oblivion (Easy Version),Mastodon,2009
drumeo,396201,Show Yourself (Easy Version),Mastodon,2017
drumeo,396332,Armenia City In The Sky,The Who,1967
drumeo,396334,Baby Don't You Do It,The Who,2021
drumeo,396340,Go To The Mirror,The Who,1969
drumeo,396344,Happy Jack,The Who,1966
drumeo,396349,I Can See For Miles,The Who,1967
drumeo,396351,I'm One,The Who,1973
drumeo,396356,Join Together,The Who,1972
drumeo,396358,Out In The Street,The Who,1965
drumeo,396360,Sister Disco,The Who,1978
drumeo,396364,Armenia City In The Sky (Easy Version),The Who,1967
drumeo,396366,Won't Get Fooled Again (Easy Version),The Who,1971
drumeo,396368,Pinball Wizard (Easy Version),The Who,1969
drumeo,396370,The Real Me (Easy Version),The Who,1973
drumeo,396372,Who Are You (Easy Version),The Who,1978
drumeo,396374,My Generation (Easy Version),The Who,1965
drumeo,396680,The Real Me,The Who,1973
drumeo,396689,Tragedian,Soen,2023
drumeo,396755,Colossus,Idles,2018
drumeo,396816,The Stage,Avenged Sevenfold,2016
drumeo,396822,We Love You,Avenged Sevenfold,2023
drumeo,396824,Dark Necessities,Red Hot Chili Peppers,2016
drumeo,396828,Man On A Fish,Good Rats,1978
drumeo,396888,Groove Elation,John Scofield,1995
drumeo,396892,Folsom Prison Blues (Easy Version),Johnny Cash,1957
drumeo,397011,You Might Need Somebody,Randy Crawford,1981
drumeo,397136,Higher,Sleep Token,2005
drumeo,397138,The Night Does Not Belong To God,Sleep Token,2019
drumeo,397140,Aqua Regia,Sleep Token,2023
drumeo,397142,Chokehold,Sleep Token,2023
drumeo,397144,Rain,Sleep Token,2023
drumeo,397146,Rain (Easy Version),Sleep Token,2023
drumeo,397148,Take Me Back To Eden,Sleep Token,2023
drumeo,397150,The Apparition,Sleep Token,2023
drumeo,397152,Alkaline,Sleep Token,2021
drumeo,397154,Alkaline (Easy Version),Sleep Token,2021
drumeo,397156,Hypnosis (Easy Version),Sleep Token,2021
drumeo,397483,No One,Alicia Keys,2007
drumeo,397485,Crazy,Gnarles Barkley,2006
drumeo,397487,Spanish Joint,D'Angelo,2000
drumeo,397489,Back To Black,Amy Winehouse,2006
drumeo,397491,Vietnow,Rage Against The Machine,1996
drumeo,397493,We Are Never Ever Getting Back Together,Taylor Swift,2012
drumeo,397495,Blank Space,Taylor Swift,2014
drumeo,397497,Love Me Two Times,The Doors,1967
drumeo,397499,Belief,John Mayer,2006
drumeo,397501,Mama Tried,Merle Haggard,1968
drumeo,397635,Fly,Sugar Ray,1997
drumeo,397824,Stay Hungry,Twisted Sister,1984
drumeo,397863,You've Come Back,Dom Famularo,2019
drumeo,397868,Untot Im Drachenboot,Feuerschwanz,2021
drumeo,397896,The Zephyr Song,Red Hot Chili Peppers,2002
drumeo,397898,Goodbye Angels,Red Hot Chili Peppers,2017
drumeo,397900,Young Cardinals,Alexisonfire,2009
drumeo,397906,Sans Soleil,Alexisonfire,2022
drumeo,397933,Laura No Esta,Nek,1996
drumeo,397935,Another Celebration At The End Of The World,Mammoth WVH,2023
drumeo,398020,Soon Departed,Children Of Bodom,2019
drumeo,398053,Lafayette,Orville Peck,2022
drumeo,398928,Tetris Theme,Hirokazu Tanaka,1984
drumeo,398930,Super Mario Bros. Theme Song,Koji Kondo,1985
drumeo,398932,The Legend Of Zelda - Intro Theme,Koji Kondo,1986
drumeo,398934,Mega Man II - Opening Theme,Takashi Tateishi & Manami Matsumae,1988
drumeo,398936,Bloody Tears,Kenichi Matsubara & Satoe Terashima,1988
drumeo,399291,Fight The Good Fight,Triumph,1981
drumeo,399293,The Pentagram Burns,Satyricon,2006
drumeo,399295,Last Day Under The Sun,Volbeat,2019
drumeo,399373,My Friends,Red Hot Chili Peppers,1995
drumeo,399375,Tell Me Baby,Red Hot Chili Peppers,2006
drumeo,399377,Aeroplane,Red Hot Chili Peppers,1995
drumeo,399379,God's Not Dead,Newsboys,2011
drumeo,399381,Whenever You Come Around,Vince Gill,1992
drumeo,399383,Coffin Dance,"Vicetone, Tony Igy",2010
drumeo,399385,Havona,Weather Report,1977
drumeo,399687,So What (Easy Version),Miles Davis,1959
drumeo,399689,Freddie Freeloader (Easy Version),Miles Davis,1959
drumeo,399691,Milestones (Easy Version),Miles Davis,1958
drumeo,399693,In The Mood (Easy Version),Glenn Miller,1939
drumeo,399695,Memento Mori,Lamb Of God,2020
drumeo,399697,Memento Mori (Easy Version),Lamb Of God,2020
drumeo,399699,Checkmate (Easy Version),Lamb Of God,2020
drumeo,399701,Checkmate,Lamb Of God,2020
drumeo,399703,Nevermore,Lamb Of God,2022
drumeo,399705,Gears,Lamb Of God,2020
drumeo,399707,Ditch,Lamb Of God,2022
drumeo,399709,New Colossal Hate,Lamb Of God,2020
drumeo,399860,Empty Head,Screaming Females,2015
drumeo,399864,Change Me,Razor Red Noise,2021
drumeo,400690,Jumpers,Sleater-Kinney,2005
drumeo,400692,Weekapaug Groove,Phish,1997
drumeo,401041,Dystopia,TesseracT,2015
drumeo,401043,Of Mind: Nocturne,TesseracT,2013
drumeo,401045,Natural Disaster,TesseracT,2023
drumeo,401047,War Of Being,TesseracT,2023
drumeo,401228,Christmas In LA,Vulfpeck,2015
drumeo,401230,Joy To The World,Rascal Flatts,2016
drumeo,401232,Same Auld Lang Syne,Dan Fogelberg,1981
drumeo,401313,Stranded (Easy Version),Gojira,2016
drumeo,401590,December,Collective Soul,1995
drumeo,401592,With Arms Wide Open,Creed,2000
drumeo,401594,Grey Street,Dave Matthews Band,2002
drumeo,401596,Modern Love,David Bowie,1983
drumeo,401598,Santa Monica,Everclear,1995
drumeo,401600,Wheels,Foo Fighters,2009
drumeo,401602,Rats,Ghost,2018
drumeo,401604,Flying Whales,Gojira,2005
drumeo,401606,The Anthem,Good Charlotte,2002
drumeo,401608,Burnout,Green Day,1994
drumeo,401610,Welcome To Paradise,Green Day,1994
drumeo,401612,Sign Of The Times,Harry Styles,2017
drumeo,401614,Aces High,Iron Maiden,1984
drumeo,401616,One Beer,MF Doom,2004
drumeo,401618,Psycho,Muse,2015
drumeo,401620,Aneurysm,Nirvana,1992
drumeo,401622,Crushcrushcrush,Paramore,2007
drumeo,401624,Better Man,Pearl Jam,1994
drumeo,401626,Last Kiss,Pearl Jam,1999
drumeo,401628,1901,Phoenix,2006
drumeo,401630,Higher Ground,Red Hot Chili Peppers,1989
drumeo,401632,Boilermaker,Royal Blood,2021
drumeo,401634,Abuse Me,Silverchair,1997
drumeo,401636,Freak,Silverchair,1997
drumeo,401638,Tomorrow,Silverchair,1994
drumeo,401640,Stranglehold,Ted Nugent,1975
drumeo,401644,Fire Woman,The Cult,1989
drumeo,401646,Ocean Avenue,Yellowcard,2003
drumeo,401648,Bust A Move,Young MC,1989
drumeo,401650,Summertime,Miles Davis,1959
drumeo,401654,Satin Doll,Ella Fitzgerald,1957
drumeo,401656,Dig Dis,Hank Mobley,1960
drumeo,401660,Blue Monk (Easy Version),Thelonious Monk,1954
drumeo,402546,Welcome To Hell,Venom,1981
drumeo,402680,Tank!,The Seatbelts,1998
drumeo,402805,In Da Club,50 Cent,2003
drumeo,403059,Entre Canibales,Soda Stereo,1996
guitareo,383063,Here Without You,3 Doors Down,2003
guitareo,398006,What's Up (Easy Version),4 Non Blondes,1992
guitareo,383065,What's Up (Full Version),4 Non Blondes,1992
guitareo,378002,Say Something,A Great Big World,2014
guitareo,386686,Take On Me,A-Ha,1985
guitareo,383067,Dancing Queen,ABBA,1976
guitareo,378006,Thank You For The Music,ABBA,1977
guitareo,378008,Waterloo,ABBA,1974
guitareo,378004,Lay All Your Love On Me,ABBA,1980
guitareo,377669,Thunderstruck,AC-DC,1990
guitareo,387592,Hell's Bells,AC-DC,1980
guitareo,386257,Highway To Hell,AC-DC,1979
guitareo,389687,It's A Long Way To The Top (If You Wanna Rock 'N' Roll),AC-DC,1976
guitareo,386901,You Shook Me All Night Long,AC-DC,1980
guitareo,390761,Dirty Deeds Done Dirt Cheap,AC-DC,1976
guitareo,388524,The Jack,AC-DC,1976
guitareo,377667,TNT,AC-DC,1976
guitareo,377665,Shoot To Thrill (Full Version),AC-DC,1980
guitareo,377663,Meanstreak,AC-DC,1988
guitareo,378010,Let There Be Rock,AC-DC,1977
guitareo,377661,Back in Black,AC-DC,1980
guitareo,378012,Beautiful Life,Ace of Base,1995
guitareo,378014,The Sign,Ace of Base,1993
guitareo,378022,Set Fire To The Rain,Adele,2011
guitareo,377671,Hello (Full Version),Adele,2015
guitareo,378026,When We Were Young,Adele,2015
guitareo,378016,Easy On Me,Adele,2021
guitareo,378020,Remedy,Adele,2015
guitareo,378024,Skyfall,Adele,2012
guitareo,377675,Someone Like You,Adele,2011
guitareo,377673,Rolling In The Deep,Adele,2011
guitareo,378018,Make You Feel My Love,Adele,2008
guitareo,403001,Hello (Easy Version),Adele,2015
guitareo,388331,Dream On,Aerosmith,1973
guitareo,387218,I Don't Wanna Miss A Thing,Aerosmith,1998
guitareo,388914,Walk This Way,Aerosmith,1974
guitareo,378028,All Out Of Love,Air Supply,1980
guitareo,386707,Hold On,Alabama Shakes,2012
guitareo,386399,Don't Wanna Fight,Alabama Shakes,2015
guitareo,377779,How Great Thou Art,Alan Jackson,2006
guitareo,378032,Faded,Alan Walker,2018
guitareo,378030,All Falls Down,Alan Walker,2017
guitareo,389290,Hand In My Pocket,Alanis Morissette,1995
guitareo,383069,Ironic,Alanis Morissette,1995
guitareo,378038,Wild Things,Alessia Cara,2016
guitareo,378034,How Far I'll Go,Alessia Cara,2016
guitareo,378036,Scars To Your Beautiful,Alessia Cara,2016
guitareo,377677,Man In The Box,Alice In Chains,1990
guitareo,377681,No One,Alicia Keys,2007
guitareo,377679,Fallin',Alicia Keys,2001
guitareo,377683,I Swear,All-4-One,1994
guitareo,391724,A Horse With No Name (Easy Version),America,1971
guitareo,377685,A Horse With No Name (Full Version),America,1971
guitareo,377687,Back To Black,Amy Winehouse,2006
guitareo,377689,Valerie,Amy Winehouse,2006
guitareo,378040,Rehab,Amy Winehouse,2006
guitareo,377691,Rise Up,Andra Day,2015
guitareo,377693,Cups,Anna Kendrick,2012
guitareo,377695,Breathe (2 AM),Anna Nalick,2005
guitareo,377697,"Sugar, Sugar",Archies,1969
guitareo,377701,Do I Wanna Know?,Arctic Monkeys,2013
guitareo,388005,R U MIne,Arctic Monkeys,2013
guitareo,377699,505,Arctic Monkeys,2007
guitareo,377703,Chain Of Fools,Aretha Franklin,1973
guitareo,377707,Respect,Aretha Franklin,1967
guitareo,377705,I Say A Little Prayer,Aretha Franklin,1968
guitareo,377713,"Thank U, Next",Ariana Grande,2019
guitareo,377711,No Tears Left To Cry,Ariana Grande,2018
guitareo,377709,Breathin,Ariana Grande,2018
guitareo,378042,Like A Stone,Audioslave,2002
guitareo,378044,Sweet But Psycho,Ava Max,2020
guitareo,377715,Hey Brother,Avicii,2013
guitareo,378046,Wake Me Up,Avicii,2013
guitareo,377719,Girlfriend,Avril Lavigne,2007
guitareo,377717,Complicated,Avril Lavigne,2003
guitareo,383073,My Happy Ending,Avril Lavigne,2004
guitareo,377721,Keep Holding On,Avril Lavigne,2006
guitareo,383071,I'm With You,Avril Lavigne,2002
guitareo,386133,Love Shack,B-52's,1989
guitareo,387596,3 O'Clock Blues,B.B. King,1957
guitareo,383075,The Thrill Is Gone (Full Version),B.B. King,1969
guitareo,397662,The Thrill Is Gone (Easy version),B.B. King,1969
guitareo,377723,Paying The Cost To Be The Boss,B.B. King,1968
guitareo,377724,I Want It That Way,Backstreet Boys,1998
guitareo,383077,Mia,Bad Bunny feat. Drake,2018
guitareo,390252,Rock And A Hard Place,Bailey Zimmerman,2022
guitareo,390747,Manic Monday,Bangles,1986
guitareo,377726,Pompeii,Bastille,2013
guitareo,383079,Fight For Your Right,Beastie Boys,1986
guitareo,383083,Intergalactic,Beastie Boys,1998
guitareo,383087,Sabotage,Beastie Boys,1994
guitareo,383081,Girls,Beastie Boys,1986
guitareo,383085,No Sleep 'Till Brooklyn,Beastie Boys,1986
guitareo,378048,Meant To Be,Bebe Rexha,2017
guitareo,388610,Loser,Beck,1994
guitareo,377728,Heaven Is A Place On Earth,Belinda Carlisle,1987
guitareo,377730,Mad About You,Belinda Carlisle,1986
guitareo,391726,Stand By Me (Easy Version),Ben E. King,1962
guitareo,377732,Stand By Me (Full Version),Ben E. King,1962
guitareo,390763,Steal My Kisses,Ben Harper & The Innocent Criminals,1999
guitareo,377734,Eastside,"Benny Blanco, Halsey, Khalid",2018
guitareo,377736,Take My Breath Away,Berlin,1986
guitareo,378052,Wind Beneath My Wings,Bette Midler,1993
guitareo,378050,From A Distance,Bette Midler,1990
guitareo,377738,The Rose,Bette Midler,1979
guitareo,377742,Halo,Beyonce,2008
guitareo,383089,Crazy In Love,Beyonce,2003
guitareo,378056,Irreplaceable,Beyonce,2006
guitareo,377740,If I Were A Boy,Beyonce,2008
guitareo,378054,I Was Here,Beyonce,2011
guitareo,377743,Rock Around The Clock,Bill Haley,1955
guitareo,378058,Ain't No Sunshine,Bill Withers,1971
guitareo,377745,Bad Guy,Billie Eilish,2019
guitareo,383091,Six Feet Under,Billie Eilish,2016
guitareo,377748,Ocean Eyes,Billie Eilish,2017
guitareo,377746,Bury A Friend,Billie Eilish,2019
guitareo,378060,Happier Than Ever,Billie Eilish,2021
guitareo,386400,Dancing With Myself,Billy Idol,1981
guitareo,378062,Rebel Yell,Billy Idol,1983
guitareo,387517,Mony Mony,Billy Idol,1981
guitareo,377750,Piano Man,Billy Joel,1973
guitareo,378064,Uptown Girl,Billy Joel,1983
guitareo,377752,Vienna,Billy Joel,1977
guitareo,383093,Just The Way You Are,Billy Joel,1977
guitareo,378066,Achy Breaky Heart,Billy Ray Cyrus,1992
guitareo,388007,Winter Wonderland,Bing Crosby,1962
guitareo,388086,Where Is The Love?,Black Eyed Peas,2003
guitareo,378070,Rise Above,Black Flag,1981
guitareo,378072,Iron Man,Black Sabbath,1970
guitareo,377754,Paranoid,Black Sabbath,1970
guitareo,383095,War Pigs,Black Sabbath,1970
guitareo,378076,God Gave Me You,Blake Shelton,2011
guitareo,378078,Sangría,Blake Shelton,2014
guitareo,383096,Boys 'Round Here,Blake Shelton,2013
guitareo,389292,I Wanna Be There (Full Version),Blessid Union Of Souls,1997
guitareo,395914,I Wanna Be There (Easy Version),Blessid Union Of Souls,1997
guitareo,378080,No Rain,Blind Melon,1992
guitareo,387219,Adam's Song,Blink-182,1999
guitareo,383108,Stay Together For The Kids,Blink-182,2001
guitareo,383098,Down,Blink-182,2003
guitareo,387518,The Rock Show,Blink-182,2001
guitareo,378433,Dammit,Blink-182,1997
guitareo,383100,Feeling This,Blink-182,2003
guitareo,383102,I Miss You,Blink-182,2003
guitareo,383106,Dumpweed,Blink-182,1999
guitareo,377756,All The Small Things,Blink-182,1999
guitareo,383104,What's My Age Again?,Blink-182,1999
guitareo,388518,Call Me,Blondie,1980
guitareo,377758,(Don't Fear) The Reaper,Blue Oyster Cult,1976
guitareo,378084,Run-Around,Blues Traveler,1994
guitareo,378086,Song 2,Blur,1997
guitareo,387519,She's So High,Blur,1991
guitareo,377760,Like A Rolling Stone,Bob Dylan,1965
guitareo,383110,Knockin’ On Heaven’s Door,Bob Dylan,1973
guitareo,383112,Lay Lady Lay,Bob Dylan,1969
guitareo,390442,Don't Think Twice It's Alright,Bob Dylan,1963
guitareo,383114,The Times They Are A-Changin,Bob Dylan,1964
guitareo,377762,Redemption Song,Bob Marley,1980
guitareo,378435,Three Little Birds,Bob Marley,1977
guitareo,383933,Stir It Up,Bob Marley & The Wailers,1973
guitareo,383116,I Fought the Law,Bobby Fuller Four,1966
guitareo,377764,Don't Worry Be Happy,Bobby McFerrin,1988
guitareo,388087,Skinny Love,Bon Iver,2008
guitareo,386671,Livin' On A Prayer,Bon Jovi,1986
guitareo,390605,You Give Love A Bad Name,Bon Jovi,1986
guitareo,383118,Total Eclipse Of The Heart,Bonnie Tyler,1983
guitareo,377765,Green Onions,Booker T. & The M.G.'s,1962
guitareo,389278,More Than A Feeling,Boston,1976
guitareo,388519,I Want Candy,Bow Wow Wow,1980
guitareo,383120,1985,Bowling For Soup,2004
guitareo,378090,Shallow,Bradley Cooper & Lady Gaga,2018
guitareo,377766,The Story,Brandi Carlile,2007
guitareo,377768,Mercy,Brett Young,2017
guitareo,378092,Toxic,Britney Spears,2004
guitareo,388202,Born In The U.S.A.,Bruce Springsteen,1984
guitareo,386672,I'm On Fire,Bruce Springsteen,1984
guitareo,388862,Dancing In The Dark,Bruce Springsteen,1984
guitareo,387726,Born To Run,Bruce Springsteen,1975
guitareo,377770,Grenade,Bruno Mars,2010
guitareo,383127,When I Was Your Man,Bruno Mars,2012
guitareo,383124,Just The Way You Are,Bruno Mars,2010
guitareo,383125,Talking to the Moon,Bruno Mars,2010
guitareo,383122,Count On Me,Bruno Mars,2010
guitareo,378094,Locked Out Of Heaven,Bruno Mars,2012
guitareo,390251,(Everything I Do) I Do It for You,Bryan Adams,1991
guitareo,396874,Heaven,Bryan Adams,1984
guitareo,383129,Summer Of '69,Bryan Adams,1984
guitareo,383131,Peggy Sue,Buddy Holly,1958
guitareo,377772,That'll Be The Day,Buddy Holly,1957
guitareo,378096,For What It's Worth,Buffalo Springfield,1966
guitareo,377773,Glycerine (Full Version),Bush,1994
guitareo,402895,Glycerine (Easy Version),Bush,1994
guitareo,386708,Boredom,Buzzcocks,1977
guitareo,377775,Cigarette Daydreams,Cage the Elephant,2013
guitareo,387520,Love You Madly,CAKE,2001
guitareo,387727,Short Skirt/Long Jacket,CAKE,2001
guitareo,377777,Havana,Camila Cabello,2018
guitareo,377781,Call Me Maybe,Carly Rae Jepsen,2011
guitareo,377783,I Really Like You,Carly Rae Jepsen,2015
guitareo,387975,You're So Vain,Carly Simon,1972
guitareo,389293,Mockingbird,Carly Simon,1974
guitareo,386374,(You Make Me Feel Like) A Natural Woman,Carole King,1971
guitareo,386375,You've Got A Friend,Carole King,1971
guitareo,378098,Wild World,Cat Stevens,1970
guitareo,388877,Morning Has Broken,Cat Stevens,1971
guitareo,383133,A New Day Has Come,Celine Dion,2002
guitareo,383135,My Heart Will Go On,Celine Dion,1997
guitareo,383137,Attention,Charlie Puth,2017
guitareo,388204,We Don't Talk Anymore,Charlie Puth feat. Selena Gomez,2016
guitareo,387728,Surrender,Cheap Trick,1978
guitareo,388520,Believe (Full Version),Cher,1998
guitareo,398125,Believe (Easy Version),Cher,1998
guitareo,386132,Mr. Sandman,Chet Atkins,1954
guitareo,383139,Good Times,Chic,1979
guitareo,383141,Hard To Say I’m Sorry,Chicago,1982
guitareo,383143,Me and Your Mama,Childish Gambino,2016
guitareo,383802,Wicked Game,Chris Isaak,1989
guitareo,388208,Tennessee Whiskey (Full Version),Chris Stapleton,2015
guitareo,391728,Tennessee Whiskey (Easy Version),Chris Stapleton,2015
guitareo,389691,Midnight Train To Memphis,Chris Stapleton,2017
guitareo,378100,Beautiful,Christina Aguilera,2002
guitareo,378102,Reflection,Christina Aguilera,1998
guitareo,377785,A Thousand Years,Christina Perri,2011
guitareo,377787,Jar Of Hearts,Christina Perri,2011
guitareo,377789,Johnny B. Goode,Chuck Berry,1959
guitareo,383145,You Never Can Tell,Chuck Berry,1964
guitareo,383147,Tubthumping,Chumbawamba,1997
guitareo,383151,Realize,Colbie Caillat,2007
guitareo,383153,Bubbly,Colbie Caillat,2007
guitareo,383149,Try,Colbie Caillat,2014
guitareo,377791,Viva La Vida,Coldplay,2008
guitareo,390607,Yellow,Coldplay,2000
guitareo,377793,Fix You,Coldplay,2005
guitareo,387857,The Scientist,Coldplay,2002
guitareo,383155,Clocks,Coldplay,2002
guitareo,378104,Sparks,Coldplay,2000
guitareo,386792,Shine,Collective Soul,2003
guitareo,377795,Heather,Conan Gray,2022
guitareo,387858,Sunglasses At Night,Corey Hart,1983
guitareo,383931,Mr. Jones,Counting Crows,1993
guitareo,389688,Zombie,Cranberries,1994
guitareo,387184,White Room,Cream,1968
guitareo,378106,Strange Brew,Cream,1967
guitareo,390420,Sunshine Of Your Love,Cream,1967
guitareo,383157,With Arms Wide Open,Creed,1999
guitareo,382348,Proud Mary,Creedence Clearwater Revival,1969
guitareo,377799,Have You Ever Seen The Rain,Creedence Clearwater Revival,1970
guitareo,377797,Down On The Corner,Creedence Clearwater Revival,1969
guitareo,386704,Fortunate Son,Creedence Clearwater Revival,1969
guitareo,378108,Bad Moon Rising,Creedence Clearwater Revival,1969
guitareo,386131,Long Time Gone,"Crosby, Stills & Nash",1969
guitareo,377803,Girls Just Want To Have Fun,Cyndi Lauper,1983
guitareo,377805,Time After Time,Cyndi Lauper,1983
guitareo,377807,True Colors,Cyndi Lauper,1986
guitareo,377801,All Through The Night,Cyndi Lauper,1983
guitareo,383159,ROCKSTAR,"Dababy Feat. Roddy Ricch, Dababy",2020
guitareo,396133,Tequila (Easy Version),Dan + Shay,2018
guitareo,378112,Tequila (Full Version),Dan + Shay,2018
guitareo,377809,Best Part,Daniel Caesar,2017
guitareo,377811,Bad Day,Daniel Powter,2005
guitareo,391730,Wagon Wheel (Easy Version),Darius Rucker,2013
guitareo,383161,Wagon Wheel (Full Version),Darius Rucker,2013
guitareo,390759,Where Are You Going,Dave Matthews Band,2002
guitareo,383163,Crash Into Me,Dave Matthews Band,1996
guitareo,377813,The Man Who Sold The World,David Bowie,1970
guitareo,388571,Heroes,David Bowie,1977
guitareo,383608,Rebel Rebel,David Bowie,1974
guitareo,387516,Ziggy Stardust,David Bowie,1972
guitareo,377815,Smoke On The Water,Deep Purple,1972
guitareo,389260,Highway Star,Deep Purple,1972
guitareo,390256,Be Quiet And Drive (Far Away),Deftones,1997
guitareo,390601,Minerva,Deftones,2003
guitareo,388876,My Own Summer Shove It,Deftones,1997
guitareo,390258,Change (In The House Of Flies),Deftones,2000
guitareo,377817,Skyscraper,Demi Lovato,2011
guitareo,377819,Stone Cold,Demi Lovato,2015
guitareo,383165,Personal Jesus,Depeche Mode,1990
guitareo,388573,Layla,Derek And The Dominos,1970
guitareo,388205,Whip It,Devo,1978
guitareo,386261,Endless Love,Diana Ross & Lionel Richie,2011
guitareo,386578,Misirlou,Dick Dale & His Del-Tones,1962
guitareo,378118,White Flag,Dido,2003
guitareo,378116,Thank You,Dido,1999
guitareo,378114,Here With Me,Dido,1999
guitareo,387079,Money For Nothing,Dire Straits,1985
guitareo,381579,Sultans Of Swing,Dire Straits,1978
guitareo,383167,Walk of Life,Dire Straits,1985
guitareo,383169,The General,Dispatch,1997
guitareo,383171,Cake By The Ocean,DNCE,2016
guitareo,388206,Drift Away,Dobie Gray,1973
guitareo,386688,Say So,Doja Cat,2019
guitareo,390250,Jolene,Dolly Parton,1973
guitareo,391736,American Pie (Easy Version),Don McLean,1971
guitareo,390602,American Pie (Full Version),Don McLean,1971
guitareo,388878,Through The Fire And Flames,DragonForce,2006
guitareo,377821,New Rules,Dua Lipa,2017
guitareo,382350,Peter Gunn Theme,Duane Eddy,1959
guitareo,377823,Rebel Rouser,Duane Eddy,1958
guitareo,386581,Shazam!,Duane Eddy,1960
guitareo,383173,Mercy,Duffy,2008
guitareo,386804,Hungry Like The Wolf,Duran Duran,1982
guitareo,390253,Son Of A Preacher Man,Dusty Springfield,1969
guitareo,386793,Desperado,Eagles,1973
guitareo,383929,Hotel California,Eagles,1976
guitareo,383174,Take It Easy,Eagles,1972
guitareo,388946,Life In The Fast Lane,Eagles,1976
guitareo,390424,Trick Bag,Earl King,1977
guitareo,383176,Come On Part 1 (Let The Good Times Roll),Earl King,1960
guitareo,378120,Thinking Out Loud,Ed Sheeran,2014
guitareo,386907,Castle On The Hill,Ed Sheeran,2017
guitareo,387834,Shape Of You,Ed Sheeran,2017
guitareo,390955,I See Fire,Ed Sheeran,2014
guitareo,383178,Perfect,Ed Sheeran,2017
guitareo,383180,Photograph,Ed Sheeran,2014
guitareo,378122,Oh Happy Day,Edwin Hawkins Singers,1968
guitareo,378124,I’ll Be,Edwin McCain,1997
guitareo,388006,Evil Woman,Electric Light Orchestra,1975
guitareo,383182,Dream A Little Dream,Ella Fitzgerald,1950
guitareo,378126,Lights,Ellie Goulding,2010
guitareo,378128,Love Me Like You Do,Ellie Goulding,2017
guitareo,378130,Close To Me,"Ellie Goulding, Diplo, Swae Lee",2020
guitareo,388569,Dust My Broom,Elmore James,1951
guitareo,386951,Your Song,Elton John,1970
guitareo,390417,Can You Feel The Love Tonight,Elton John,1994
guitareo,387859,I'm Still Standing,Elton John,1983
guitareo,387411,Rocket Man (And I Think It's Gonna Be A Long Long Time),Elton John,1972
guitareo,388230,Bennie And The Jets,Elton John,1974
guitareo,387526,Candle In The Wind,Elton John,1973
guitareo,378132,All Shook Up,Elvis Presley,1969
guitareo,386952,Hound Dog,Elvis Presley,1956
guitareo,383606,Heartbreak Hotel,Elvis Presley,1958
guitareo,377829,Love Me Tender,Elvis Presley,1956
guitareo,377825,Can't Help Falling In Love,Elvis Presley,1961
guitareo,386994,Blue Suede Shoes,Elvis Presley,1956
guitareo,396579,Are You Lonesome Tonight (Easy Version),Elvis Presley,1963
guitareo,390398,Are You Lonesome Tonight (Full Version),Elvis Presley,1963
guitareo,378134,Suspicious Mind,Elvis Presley,1969
guitareo,377827,Jailhouse Rock,Elvis Presley,1957
guitareo,388004,Lose Yourself,Eminem,2002
guitareo,378136,Love The Way You Lie,Eminem ft. Rihanna,2010
guitareo,378138,Hero,Enrique Iglesias,2001
guitareo,378140,May It Be,Enya,2001
guitareo,378142,Hungry Eyes,Eric Carmen,1987
guitareo,386367,Layla,Eric Clapton,1992
guitareo,395912,Wonderful Tonight (Easy Version),Eric Clapton,1977
guitareo,378144,Wonderful Tonight (Full Version),Eric Clapton,1977
guitareo,388953,Tears In Heaven,Eric Clapton,1993
guitareo,386902,Cocaine,Eric Clapton,1977
guitareo,387725,Cliffs Of Dover,Eric Johnson,1990
guitareo,383453,I Just Want To Make Love To You,Etta James,1960
guitareo,383184,Here Comes The Rain Again,Eurythmics,1983
guitareo,389280,My Immortal,Evanescence,2003
guitareo,377831,Bring Me To Life,Evanescence,2003
guitareo,378146,Hole Hearted,Extreme,1991
guitareo,378148,More Than Words,Extreme,1990
guitareo,378150,Easy,Faith No More,1992
guitareo,387393,Praise You,Fatboy Slim,1999
guitareo,383188,My Moon My Man,Feist,2007
guitareo,383186,1 2 3 4,Feist,2007
guitareo,378152,Big Girls Don’t Cry,Fergie,2006
guitareo,378154,Dreams,Fleetwood Mac,1977
guitareo,383192,Albatross,Fleetwood Mac,1968
guitareo,383190,Everywhere,Fleetwood Mac,1987
guitareo,383194,Cruise,Florida Georgia Line,2012
guitareo,388870,Slow Ride,Foghat,1975
guitareo,377835,My Hero,Foo Fighters,1997
guitareo,377837,Times Like These,Foo Fighters,2002
guitareo,388336,Rope,Foo Fighters,2011
guitareo,377833,Everlong,Foo Fighters,1997
guitareo,377839,Pumped Up Kicks,Foster The People,2011
guitareo,386953,Stacy's Mom,Fountains Of Wayne,2003
guitareo,383198,The Way You Look Tonight,Frank Sinatra,1964
guitareo,383196,Fly Me To The Moon,Frank Sinatra,1964
guitareo,388218,Alien Orifice,Frank Zappa,1985
guitareo,388031,Peaches En Regalia,Frank Zappa,1969
guitareo,388232,My Guitar Wants To Kill Your Mama,Frank Zappa (The Mothers Of Invention),1970
guitareo,388235,Some Nights,fun.,2012
guitareo,388085,I Think I'm Paranoid,Garbage,1998
guitareo,383863,Friends In Low Places,Garth Brooks,1990
guitareo,378156,Not Over You,Gavin DeGraw,2011
guitareo,388207,Budapest (Full Version),George Ezra,2014
guitareo,396127,Budapest (Easy Version),George Ezra,2014
guitareo,387185,My Sweet Lord,George Harrison,1970
guitareo,390416,Faith,George Michael,1987
guitareo,388088,Mary On A Cross,Ghost,2022
guitareo,388521,Dance Macabre,Ghost,2018
guitareo,387729,Baila Me,Gipsy Kings,1991
guitareo,390771,Wichita Lineman,Glen Campbell,1968
guitareo,390255,Rhinestone Cowboy,Glen Campbell,1975
guitareo,383200,I Will Survive,Gloria Gaynor,1978
guitareo,377841,Crazy,Gnarls Barkley,2006
guitareo,387220,Give Up The Grudge,Gob,2003
guitareo,383202,Voodoo,Godsmack,1997
guitareo,390595,Iris,Goo Goo Dolls,1998
guitareo,387730,Slide (Full Version),Goo Goo Dolls,1998
guitareo,402893,Slide (Easy Version),Goo Goo Dolls,1998
guitareo,388209,If You Could Read My Mind,Gordon Lightfoot,1970
guitareo,388874,Feel Good Inc,Gorillaz,2005
guitareo,388523,Somebody That I Used To Know,Gotye,2011
guitareo,387803,Holiday,Green Day,2004
guitareo,377847,When I Come Around,Green Day,1994
guitareo,377845,Wake Me Up When September Ends,Green Day,2004
guitareo,387860,Brain Stew,Green Day,1995
guitareo,377843,Basket Case,Green Day,1994
guitareo,386929,Good Riddance (Time of Your Life) (Full Version),Green Day,1997
guitareo,391720,Good Riddance (Time Of Your Life) (Easy Version),Green Day,1997
guitareo,387459,Boulevard Of Broken Dreams,Green Day,2004
guitareo,377849,Just the Two of Us,Grover Washington Jr. & Bill Withers,1981
guitareo,386397,I Got Sumpin' For You,Guitar Slim,2013
guitareo,377851,The Things That I Used To Do,Guitar Slim,1970
guitareo,386365,November Rain,Guns N' Roses,1991
guitareo,383204,Knockin' On Heaven's Door,Guns N' Roses,1991
guitareo,386384,Welcome To The Jungle,Guns N' Roses,1987
guitareo,389262,Sweet Child O’ Mine,Guns N' Roses,1987
guitareo,386370,Patience,Guns N' Roses,1988
guitareo,386369,Don't Cry,Guns N' Roses,1991
guitareo,386258,The Last Of Us,Gustavo Santaolalla,2013
guitareo,378158,The Sweet Escape,Gwen Stefani,2006
guitareo,378160,Starving,Hailee Steinfeld,2016
guitareo,383206,Without Me,Halsey,2020
guitareo,395918,Jambalaya (On The Bayou) (Easy Version),Hank Williams,1954
guitareo,383861,I'm So Lonesome I Could Cry,Hank Williams,1949
guitareo,387082,I Saw The Light,Hank Williams,1951
guitareo,388089,Jambalaya (On The Bayou) (Full Version),Hank Williams,1954
guitareo,386449,As It Was,Harry Styles,2022
guitareo,389276,Alone,Heart,1987
guitareo,386134,The Reason,Hoobastank,2004
guitareo,377853,Only Wanna Be With You,Hootie & The Blowfish,1994
guitareo,377855,Collide,Howie Day,2003
guitareo,383208,How Many More Years,Howlin' Wolf,1959
guitareo,383210,Cherry Wine,Hozier,2014
guitareo,383212,Like Real People Do,Hozier,2014
guitareo,377857,Take Me To Church,Hozier,2014
guitareo,377859,Let It Go,Idina Menzel,2013
guitareo,390764,The Passenger,Iggy Pop,1977
guitareo,390608,Believer,Imagine Dragons,2017
guitareo,383216,Whatever It Takes,Imagine Dragons,2017
guitareo,383214,Bad Liar,Imagine Dragons,2018
guitareo,390441,Wish You Were Here,Incubus,2001
guitareo,390245,Drive,Incubus,1999
guitareo,387861,New Sensation,INXS,1987
guitareo,386682,The Trooper,Iron Maiden,1983
guitareo,387181,Aces High,Iron Maiden,1984
guitareo,387180,Wasted Years,Iron Maiden,1986
guitareo,386954,Better Together,Jack Johnson,2005
guitareo,387974,Banana Pancakes,Jack Johnson,2005
guitareo,383218,Say You Won't Let Go (Full version),James Arthur,2016
guitareo,396571,Say You Won't Let Go (Easy version),James Arthur,2016
guitareo,378162,I Got You,James Brown,1964
guitareo,383925,Papa's Got A Brand New Bag Part I,James Brown,1965
guitareo,377861,The Chicken,James Brown,1969
guitareo,387799,Funk #49,James Gang,1970
guitareo,397629,Jingle Bells (Easy version),James Lord Pierpont,2020
guitareo,377863,Jingle Bells (Full Version),James Lord Pierpont,2020
guitareo,387731,Fire and Rain,James Taylor,1970
guitareo,388949,Jane Says,Jane's Addiction,1988
guitareo,387829,Me And Bobby McGee,Janis Joplin,1971
guitareo,378164,Hicktown,Jason Aldean,2005
guitareo,377865,Whatcha Say,Jason Derulo,2009
guitareo,401319,I'm Yours (Easy Version),Jason Mraz,2008
guitareo,377867,I'm Yours (Full Version),Jason Mraz,2008
guitareo,377871,I Won't Give Up,Jason Mraz,2012
guitareo,377869,Details In The Fabric,Jason Mraz,2008
guitareo,383220,Savage Love (Laxed – Siren Beat),Jawsh 685 x Jason Derulo,2020
guitareo,377873,Empire State Of Mind,Jay-Z feat. Alicia Keys,2009
guitareo,388572,Cause We've Ended As Lovers,Jeff Beck,1975
guitareo,381753,Beck's Bolero,Jeff Beck,1968
guitareo,388565,Hallelujah,Jeff Buckley,1994
guitareo,387229,White Rabbit,Jefferson Airplane,1967
guitareo,387221,Wooden Ships,Jefferson Airplane,1969
guitareo,386402,Volunteers,Jefferson Airplane,1969
guitareo,378166,Flashlight,Jesse J,2015
guitareo,383222,Are You Gonna Be My Girl,Jet,2003
guitareo,377875,Aqualung,Jethro Tull,1971
guitareo,378168,Foolish Games,Jewel,1995
guitareo,390418,Time In A Bottle,Jim Croce,1972
guitareo,378170,Pull Me Through,Jim Cuddy,2006
guitareo,396131,The Middle (Easy Version) (Key Of G),Jimmy Eat World,2001
guitareo,386380,The Middle,Jimmy Eat World,2001
guitareo,378172,I Love Rock N Roll,Joan Jett,1981
guitareo,377877,Look Sharp,Joe Jackson,1979
guitareo,388951,Who Says,John  Mayer,2009
guitareo,383224,Jack and Diane,John Cougar Mellencamp,1982
guitareo,391732,Country Roads (Easy Version),John Denver,1971
guitareo,387395,Thank God I'm A Country Boy,John Denver,1974
guitareo,383858,Leaving On A Jet Plane (Full Version),John Denver,1969
guitareo,383859,Country Roads (Full Version),John Denver,1971
guitareo,402632,Leaving On A Jet Plane (Easy Version),John Denver,1969
guitareo,377879,All Of Me,John Legend,2013
guitareo,377881,Imagine,John Lennon,1971
guitareo,377883,Hideaway,John Mayall Blue Breakers With Eric Clapton,1966
guitareo,383226,Last Train Home,John Mayer,2006
guitareo,388950,Slow Dancing In A Burning Room,John Mayer,2006
guitareo,388090,Stop This Train,John Mayer,2006
guitareo,390597,Gravity,John Mayer,2006
guitareo,383228,Pink Houses,John Mellencamp,1983
guitareo,388091,You Are My Sunshine (Full Version),Johnny Cash,2003
guitareo,383232,I Walk the Line,Johnny Cash,1956
guitareo,395910,Ring Of Fire (Easy Version),Johnny Cash,1963
guitareo,389269,Folsom Prison Blues,Johnny Cash,1968
guitareo,390598,Hurt,Johnny Cash,2002
guitareo,391734,You Are My Sunshine (Easy Version),Johnny Cash,2003
guitareo,383230,Ring Of Fire (Full Version),Johnny Cash,1963
guitareo,386932,I Can See Clearly Now,Johnny Nash,1972
guitareo,377885,Sucker,Jonas Brothers,2019
guitareo,389690,Big Yellow Taxi,Joni Mitchell,1970
guitareo,383234,Battlefield,Jordin Sparks,2009
guitareo,388942,Can’t Take My Eyes Off You,Joseph Vincent,2017
guitareo,378174,You Raise Me Up,Josh Groban,2003
guitareo,383236,Separate Ways,Journey,1983
guitareo,388566,Don't Stop Believin',Journey,1981
guitareo,388879,Open Arms,Journey,1981
guitareo,388008,Love Will Tear Us Apart,Joy Division,1980
guitareo,382353,Breaking The Law,Judas Priest,1980
guitareo,383804,Living After Midnight,Judas Priest,1980
guitareo,383803,Somewhere Over The Rainbow,Judy Garland,1939
guitareo,378176,Colors Of The Wind,Judy Kuhn,1995
guitareo,386448,Cry Me A River,Julie London,1955
guitareo,378178,Love Yourself,Justin Bieber,2015
guitareo,377887,Baby,Justin Bieber,2010
guitareo,378082,Friends,Justin Bieber and BloodPop,2017
guitareo,383238,Can't Stop The Feeling,Justin Timberlake,2016
guitareo,378180,Cry Me A River,Justin Timberlake,2002
guitareo,388875,Dust In The Wind,Kansas,1977
guitareo,383240,Firework,Katy Perry,2010
guitareo,378182,Last Friday Night (T.G.I.F.),Katy Perry,2010
guitareo,377889,Hot N Cold,Katy Perry,2008
guitareo,377891,Roar,Katy Perry,2013
guitareo,377893,Somewhere Only We Know,Keane,2004
guitareo,383248,Stronger,Kelly Clarkson,2011
guitareo,378184,Already Gone,Kelly Clarkson,2009
guitareo,383246,Since U Been Gone,Kelly Clarkson,2004
guitareo,378186,Behind These Hazel Eyes,Kelly Clarkson,2004
guitareo,383244,Catch My Breath,Kelly Clarkson,2012
guitareo,383242,Breakaway,Kelly Clarkson,2004
guitareo,378188,Rock And Roll All Nite,Kiss,1975
guitareo,387182,Shout It Out Loud,Kiss,1976
guitareo,388236,Just Dance,Lady Gaga,2008
guitareo,378190,Always Remember Us This Way,Lady Gaga,2018
guitareo,378196,The Edge Of Glory,Lady Gaga,2011
guitareo,378192,Million Reasons,Lady Gaga,2016
guitareo,378194,Paparazzi,Lady Gaga,2008
guitareo,377895,Poker Face,Lady Gaga,2008
guitareo,378198,You Say,Lauren Daigle,2018
guitareo,383250,Rock and Roll,Led Zeppelin,1972
guitareo,377897,Immigrant Song,Led Zeppelin,1971
guitareo,387862,Moby Dick,Led Zeppelin,1969
guitareo,377901,Stairway to Heaven,Led Zeppelin,1971
guitareo,390248,Over The Hills And Far Away,Led Zeppelin,1973
guitareo,390254,Ramble On,Led Zeppelin,1969
guitareo,386791,Heartbreaker,Led Zeppelin,1969
guitareo,388567,Kashmir,Led Zeppelin,1975
guitareo,389267,Black Dog,Led Zeppelin,1971
guitareo,387273,Whole Lotta Love,Led Zeppelin,1969
guitareo,390399,Babe I'm Gonna Leave You,Led Zeppelin,1969
guitareo,377899,Dazed and Confused,Led Zeppelin,1969
guitareo,387547,Communication Breakdown,Led Zeppelin,1969
guitareo,378200,The Show,Lenka,2008
guitareo,386903,Are You Gonna Go My Way,Lenny Kravitz,1993
guitareo,378202,Mr. Cab Driver,Lenny Kravitz,1989
guitareo,377903,Bleeding Love,Leona Lewis,2007
guitareo,383252,Hallelujah (Full Version),Leonard Cohen,1984
guitareo,391630,Hallelujah (Easy Version),Leonard Cohen,1984
guitareo,377905,Someone You Loved (Full Version),Lewis Capaldi,2019
guitareo,402944,Someone You Loved (Easy Version),Lewis Capaldi,2019
guitareo,383254,You and Me,Lifehouse,2005
guitareo,388237,Hanging By A Moment,Lifehouse,2000
guitareo,378204,Rumble,Link Wray,1960
guitareo,386582,Raw-Hide,Link Wray And The Wraymen,1959
guitareo,390952,Numb,Linkin Park,2003
guitareo,387521,Heavy,Linkin Park,2017
guitareo,390421,In The End,Linkin Park,2000
guitareo,377907,One More Light,Linkin Park,2017
guitareo,387522,Hello,Lionel Richie,1983
guitareo,377909,Lucille,Little Richard,1958
guitareo,387396,Cult of Personality,Living Colour,1988
guitareo,386420,Tomorrow Night,Lonnie Johnson,1948
guitareo,386950,Wham!,Lonnie Mack,1963
guitareo,377911,Green Light,Lorde,2017
guitareo,388238,La Bamba,Los Lobos,1987
guitareo,378206,What A Wonderful World (Full Version),Louis Armstrong,1968
guitareo,398084,What A Wonderful World (Easy Version),Louis Armstrong,1968
guitareo,378208,Despacito,Luis Fonsi,2019
guitareo,388562,Freebird,Lynyrd Skynyrd,1973
guitareo,386714,Sweet Home Alabama,Lynyrd Skynyrd,1974
guitareo,389689,Simple Man,Lynyrd Skynyrd,1973
guitareo,388009,Freaking Out the Neighborhood,Mac DeMarco,2012
guitareo,388239,Our House,Madness,1982
guitareo,387597,Live To Tell,Madonna,1986
guitareo,378210,Take A Bow,Madonna,1994
guitareo,387554,True Blue,Madonna,1986
guitareo,388010,Like A Virgin,Madonna,1984
guitareo,378211,Walking In Memphis,Marc Cohn,1991
guitareo,388390,Sex & Candy,Marcy Playground,1997
guitareo,378213,Girl,Maren Morris,2019
guitareo,378217,My All,Mariah Carey,1997
guitareo,378215,I’ll Be There,Mariah Carey,1994
guitareo,378219,We Belong Together,Mariah Carey,2005
guitareo,383256,Hero,Mariah Carey,1993
guitareo,378221,Sweet Dreams (Are Made Of This),Marilyn Manson,1995
guitareo,387557,Mobscene,Marilyn Manson,2003
guitareo,378223,Let Me Love You,Mario,2004
guitareo,387827,Uptown Funk,Mark Ronson,2014
guitareo,383257,Girls Like You,Maroon 5,2017
guitareo,383261,This Love,Maroon 5,2002
guitareo,383259,She Will Be Loved,Maroon 5,2002
guitareo,377913,Moves Like Jagger,Maroon 5 feat. Christina Aguilera,2010
guitareo,378225,Friends,Marshmello & Anne-Marie,2018
guitareo,377914,Ain’t No Mountain High Enough,Marvin Gaye,1968
guitareo,378226,What's Going On,Marvin Gaye,1971
guitareo,378228,Push,Matchbox Twenty,1997
guitareo,388011,3:00 AM,Matchbox Twenty,1999
guitareo,377916,"10,000 Reasons (Bless The Lord)",Matt Redman,2011
guitareo,377918,Fade Into You,Mazzy Star,1993
guitareo,377920,Holy Wars The Punishment Due,Megadeth,1990
guitareo,390422,Symphony Of Destruction,Megadeth,1992
guitareo,383263,Killing is my Business and Business is Good,Megadeth,1985
guitareo,388056,All About That Bass,Meghan Trainor,2014
guitareo,386260,Better When I’m Dancin’,Meghan Trainor,2015
guitareo,378230,Come To My Window,Melissa Etheridge,1993
guitareo,378232,Okie From Muskogee,Merle Haggard,1969
guitareo,378236,Enter Sandman,Metallica,1991
guitareo,389264,Master Of Puppets,Metallica,1986
guitareo,378234,Seek And Destroy,Metallica,1983
guitareo,383265,One,Metallica,1988
guitareo,378238,Nothing Else Matters,Metallica,1991
guitareo,387800,For Whom The Bell Tolls,Metallica,1984
guitareo,387833,Creeping Death,Metallica,1984
guitareo,386803,Creepin',"Metro Boomin, The Weeknd, 21 Savage",2022
guitareo,383506,Beat It,Michael Jackson,1982
guitareo,387802,The Way You Make Me Feel,Michael Jackson,1987
guitareo,387217,Billy Jean,Michael Jackson,1982
guitareo,378240,P.Y.T. (Pretty Young Thing),Michael Jackson,1982
guitareo,386262,The Climb,Miley Cyrus,2009
guitareo,383267,Party In U.S.A.,Miley Cyrus,2009
guitareo,378242,Wrecking Ball,Miley Cyrus,2013
guitareo,388399,Flowers,Miley Cyrus,2023
guitareo,378244,Blame It On The Rain,Milli Vanilli,2007
guitareo,390397,Last Night,Morgan Wallen,2023
guitareo,388534,Heaven's Not For Saints,Morten Harket,1996
guitareo,378246,Girls Girls Girls,Mötley Crüe,1987
guitareo,383269,Dr. Feelgood,Mötley Crüe,1989
guitareo,378249,Wild Side,Mötley Crüe,1987
guitareo,388943,Home Sweet Home,Mötley Crüe,1985
guitareo,378248,Shout At The Devil,Mötley Crüe,1983
guitareo,378247,Kickstart My Heart,Mötley Crüe,1989
guitareo,377922,Ace of Spades,Motorhead,1980
guitareo,378250,Got My Mojo Working,Muddy Waters,1982
guitareo,378252,These Boots Are Made For Walkin',Nancy Sinatra,1966
guitareo,400566,Romance (Jeux Interdits),Narciso Yepes,1952
guitareo,377924,Unwritten,Natasha Bedingfield,2004
guitareo,383270,Hair of the Dog,Nazareth,1975
guitareo,382346,Sweet Caroline,Neil Diamond,1969
guitareo,378254,Harvest Moon,Neil Young,1992
guitareo,387300,The Needle And The Damage Done,Neil Young,1972
guitareo,388561,Old Man,Neil Young,1972
guitareo,378256,Heart Of Gold,Neil Young,1972
guitareo,378258,Comes A Time,Neil Young,1978
guitareo,388241,99 Luftballons,Nena,1983
guitareo,378260,Pink Moon,Nick Drake,1972
guitareo,383272,Far Away,Nickelback,2005
guitareo,401387,Something In The Way (Easy version),Nirvana,1991
guitareo,388242,Breed,Nirvana,1991
guitareo,383278,Lounge Act,Nirvana,1991
guitareo,383280,On a Plain,Nirvana,1993
guitareo,383276,Territorial Pissings,Nirvana,1991
guitareo,383274,In Bloom,Nirvana,1991
guitareo,377926,All Apologies,Nirvana,1993
guitareo,386935,Something In The Way (Full version),Nirvana,1991
guitareo,383610,Lithium,Nirvana,1991
guitareo,386933,Heart-Shaped Box,Nirvana,1993
guitareo,386906,Polly,Nirvana,1991
guitareo,386934,Milk It,Nirvana,1993
guitareo,377928,Come As You Are,Nirvana,1991
guitareo,392853,Where Did You Sleep Last Night?,Nirvana,1994
guitareo,378262,Smells Like Teen Spirit,Nirvana,1991
guitareo,390419,Just A Girl,No Doubt,1995
guitareo,391738,Wonderwall (Easy Version),Oasis,1995
guitareo,378264,Wonderwall (Full Version),Oasis,1995
guitareo,377930,Drivers Licence,Olivia Rodrigo,2021
guitareo,383282,Favorite Crime,Olivia Rodrigo,2021
guitareo,383284,What Makes You Beautiful,One Direction,2012
guitareo,378266,Sittin' On (The Dock Of The Bay),Otis Redding,1968
guitareo,383286,Crazy Train,Ozzy Osbourne,1980
guitareo,383871,I'm Broken,Pantera,1994
guitareo,388598,Parisienne Walkaways,Parisienne Walkaways,1978
guitareo,388522,Ground Zero,Parkway Drive,2022
guitareo,383288,Let Her Go,Passenger,2012
guitareo,383290,Hit Me With Your Best Shot,Pat Benatar,1980
guitareo,383292,I Fall To Pieces,Patsy Cline,1961
guitareo,388952,Walkin’ After Midnight,Patsy Cline,1957
guitareo,383862,Crazy,Patsy Cline,1961
guitareo,388880,Even Flow,Pearl Jam,1991
guitareo,386675,Shock The Monkey,Peter Gabriel,1982
guitareo,386674,Sledgehammer,Peter Gabriel,1986
guitareo,383294,Happy,Pharrell Williams,2014
guitareo,378268,Against All Odds (Take A Look At Me Now),Phil Collins,1984
guitareo,389340,In The Air Tonight,Phil Collins,1981
guitareo,383296,Try,Pink,2012
guitareo,387467,Raise Your Glass (Full Version),Pink,2010
guitareo,402947,Raise Your Glass (Easy Version),Pink,2010
guitareo,387263,Money,Pink Floyd,1973
guitareo,383927,Another Brick In The Wall (Part II),Pink Floyd,1980
guitareo,389266,Hey You,Pink Floyd,1979
guitareo,387264,Time,Pink Floyd,1973
guitareo,378270,If,Pink Floyd,1970
guitareo,386269,Wish You Were Here,Pink Floyd,1975
guitareo,387275,Us And Them,Pink Floyd,1973
guitareo,387969,Comfortably Numb,Pink Floyd,1979
guitareo,383297,Where is my Mind,Pixies,1988
guitareo,383299,Hey There Delilah,Plain White T’s,2006
guitareo,387231,Playing God,Polyphia,2022
guitareo,386684,G.O.A.T.,Polyphia,2018
guitareo,387595,Feel It Still,Portugal. The Man,2017
guitareo,383301,Circles,Post Malone,2019
guitareo,387594,Little Red Corvette,Prince,1982
guitareo,387266,Cream,Prince & The New Power Generation,1991
guitareo,386363,When Doves Cry,Prince & The Revolution,1984
guitareo,388389,Kiss,Prince & The Revolution,1986
guitareo,389274,We Are The Champions,Queen,1977
guitareo,378274,We Will Rock You,Queen,1977
guitareo,387593,Love Of My Life,Queen,1975
guitareo,387074,Bohemian Rhapsody,Queen,1975
guitareo,383305,Fat Bottomed Girls,Queen,1978
guitareo,387076,Another One Bites The Dust,Queen,1980
guitareo,378272,Don't Stop Me Now,Queen,1978
guitareo,383303,Crazy Little Thing Called Love,Queen,1980
guitareo,387832,I Want To Break Free,Queen,1984
guitareo,386421,Under Pressure,Queen & David Bowie,1982
guitareo,387302,It's The End Of The World As We Know It (And I Feel Fine),R.E.M.,1987
guitareo,389286,Steady As She Goes,Raconteurs,2006
guitareo,388871,Creep,Radiohead,1993
guitareo,386996,Karma Police,Radiohead,1997
guitareo,388872,High And Dry,Radiohead,1995
guitareo,383307,Killing in the Name,Rage Against the Machine,1991
guitareo,378276,Bulls on Parade,Rage Against the Machine,1996
guitareo,383451,Streets Of London,Ralph McTell,1969
guitareo,378278,Du Hast,Rammstein,1997
guitareo,378437,I Wanna Be Sedated,Ramones,1978
guitareo,378439,Sheena Is A Punk Rocker,Ramones,1977
guitareo,386423,Judy Is A Punk,Ramones,1976
guitareo,383311,Teenage Lobotomy,Ramones,1977
guitareo,386424,Rock 'N' Roll High School,Ramones,1978
guitareo,383313,We're a Happy Family,Ramones,1977
guitareo,378280,Beat On The Brat,Ramones,1976
guitareo,383309,Rockaway Beach,Ramones,1977
guitareo,387856,I Got A Woman,Ray Charles,1955
guitareo,378282,Hit The Road Jack,Ray Charles,1961
guitareo,388283,Can't Even Get The Blues,Reba McEntire,1982
guitareo,378286,Under the Bridge,Red Hot Chili Peppers,1991
guitareo,378284,Californication,Red Hot Chili Peppers,1999
guitareo,377932,Can't Stop,Red Hot Chili Peppers,2002
guitareo,377934,Scar Tissue,Red Hot Chili Peppers,1999
guitareo,383315,Snow (Hey Oh),Red Hot Chili Peppers,2006
guitareo,383317,Take It On The Run,REO Speedwagon,1980
guitareo,377936,Take A Bow,Rihanna,2007
guitareo,388285,Stay,Rihanna,2012
guitareo,377938,Umbrella,Rihanna,2007
guitareo,377940,We Found Love,Rihanna feat. Calvin Harris,2011
guitareo,383612,La Bamba,Ritchie Valens,1962
guitareo,387222,Angels,Robbie Williams,1997
guitareo,383319,The Lion Sleeps Tonight (Full Version),Robert John,1971
guitareo,402977,The Lion Sleeps Tonight (Easy Version),Robert John,1971
guitareo,377942,Killing Me Softly,Roberta Flack,1973
guitareo,390766,Da Ya Think I'm Sexy?,Rod Stewart,1978
guitareo,387301,Bad Penny,Rory Gallagher,1979
guitareo,387548,Listen To Your Heart,Roxette,1988
guitareo,383870,Only The Lonely,Roy Orbison,1960
guitareo,383321,Pretty Woman,Roy Orbison,1964
guitareo,390765,Home On The Range (Full Version),Roy Rogers,1949
guitareo,391624,Home On The Range (Easy Version),Roy Rogers,1949
guitareo,378296,YYZ,Rush,1981
guitareo,378292,Spirit of Radio,Rush,1980
guitareo,378290,Limelight,Rush,1981
guitareo,378294,Tom Sawyer,Rush,1981
guitareo,378288,Fly by Night,Rush,1975
guitareo,383323,Lost Boy,Ruth B.,2017
guitareo,396573,Wonderful World (Easy Version),Sam Cooke,1960
guitareo,389693,Wonderful World (Full Version),Sam Cooke,1960
guitareo,390753,I'm Not The Only One (Full Version),Sam Smith,2014
guitareo,383325,Stay With Me,Sam Smith,2014
guitareo,377946,Too Good At Goodbyes,Sam Smith,2017
guitareo,377948,Writing's On The Wall,Sam Smith,2015
guitareo,377944,Dancing With A Stranger,Sam Smith,2019
guitareo,378298,Not The Only One,Sam Smith,2014
guitareo,399179,I'm Not The Only One (Easy Version),Sam Smith,2014
guitareo,388865,Flor d' Luna,Santana,1977
guitareo,383504,Black Magic Woman,Santana,1970
guitareo,382280,Smooth,Santana,1999
guitareo,381529,Oye Como Va,Santana,1970
guitareo,377952,Gravity,Sara Bareilles,2007
guitareo,377950,Brave,Sara Bareilles,2013
guitareo,378300,Ice Cream,Sarah McLachlan,1993
guitareo,377958,I Will Remember You,Sarah McLachlan,2008
guitareo,377956,Building A Mystery,Sarah McLachlan,1997
guitareo,377954,Angel,Sarah McLachlan,1997
guitareo,389272,Rock You Like A Hurricane,Scorpions,1984
guitareo,388867,Broken,Seether,2004
guitareo,383327,Closing Time,Semisonic,1998
guitareo,387397,God Save The Queen,Sex Pistols,1977
guitareo,378302,From This Moment,Shania Twain,1999
guitareo,387553,Man I Feel Like a Woman,Shania Twain,1997
guitareo,377960,In My Blood,Shawn Mendes,2018
guitareo,387893,There's Nothing Holdin' Me Back,Shawn Mendes,2016
guitareo,378304,Mercy,Shawn Mendes,2016
guitareo,388388,If I Can't Have You,Shawn Mendes,2018
guitareo,387598,Stitches,Shawn Mendes,2015
guitareo,383329,Never Be Alone,Shawn Mendes,2015
guitareo,383331,Senorita,Shawn Mendes And Camila Cabello,2019
guitareo,388342,Sunny Came Home,Shawny Colvin,1996
guitareo,387830,I Don't Know,Sheepdogs,2010
guitareo,386997,The First Cut Is The Deepest,Sheryl Crow,2003
guitareo,377962,Cheap Thrills,Sia,2016
guitareo,383335,Cecilia,Simon & Garfunkel,1970
guitareo,388881,Mrs. Robinson,Simon & Garfunkel,1968
guitareo,383333,Scarborough Fair,Simon & Garfunkel,1966
guitareo,377964,The Sound of Silence,Simon & Garfunkel,1964
guitareo,386275,Bridge Over Troubled Water,Simon & Garfunkel,1970
guitareo,383337,We Are Family,Sister Sledge,1979
guitareo,388043,Kiss Me,Sixpence None The Richer,1997
guitareo,387968,Psycho In My Head,Skillet,2019
guitareo,378307,Baby Scratch My Back,Slim Harpo,1966
guitareo,387458,Yen,Slipknot,2022
guitareo,386773,Everyday People,Sly & The Family Stone,1969
guitareo,388045,All Star,Smash Mouth,1999
guitareo,389270,Today,Smashing Pumpkins,1993
guitareo,378309,Chasing Cars,Snow Patrol,2006
guitareo,388387,De Musica Ligera,Soda Stereo,1990
guitareo,388039,Everybody Needs Somebody To Love,Solomon Burke,1965
guitareo,377966,Help Me,Sonny Boy Williamson,1966
guitareo,383339,Rusty Cage,Soundgarden,1991
guitareo,387552,Cruel,St. Vincent,2011
guitareo,388040,Rattlesnake,St. Vincent,2015
guitareo,388869,Stuck in the Middle With You,Stealers Wheel,1972
guitareo,388564,Black Friday,Steely Dan,1975
guitareo,387798,Peg,Steely Dan,1977
guitareo,389692,Black Cow,Steely Dan,1977
guitareo,378311,Born To Be Wild,Steppenwolf,1968
guitareo,378313,Jet Airliner,Steve Miller Band,1977
guitareo,383341,The Joker,Steve Miller Band,1973
guitareo,388047,Higher Love,Steve Winwood,1986
guitareo,383343,Life By The Drop,Stevie Ray Vaughan,1991
guitareo,388568,Mary Had A Little Lamb,Stevie Ray Vaughan And Double Trouble,1983
guitareo,386679,Pride And Joy,Stevie Ray Vaughan And Double Trouble,1983
guitareo,383508,Superstition,Stevie Wonder,1978
guitareo,387970,Shape of My Heart,Sting,1993
guitareo,386995,Fields Of Gold,Sting,1993
guitareo,387971,The Bridge Came Tumblin' Down,Stompin' Tom Connors,1971
guitareo,390596,Rock this Town,Stray Cats,1981
guitareo,396577,What I Got (Easy version),Sublime,1996
guitareo,387457,Santeria,Sublime,1997
guitareo,383345,What I Got (Full version),Sublime,1996
guitareo,388287,Give A Little Bit,Supertramp,1977
guitareo,388341,Freaks,Surf Curse,2013
guitareo,383347,Eye Of The Tiger,Survivor,1982
guitareo,383349,Ballroom Blitz,Sweet,1974
guitareo,383351,Aerials,System of a Down,2001
guitareo,390440,Toxicity,System Of A Down,2001
guitareo,388386,Kill Bill,SZA,2022
guitareo,378315,Bang A Gong (Get It On),T. Rex,1971
guitareo,378317,Dynamite,Taio Cruz,2010
guitareo,388868,She’s So High,Tal Bachman,1999
guitareo,386427,Elephant,Tame Impala,2012
guitareo,387306,Blister On The Moon,Taste,1969
guitareo,378327,Our Song,Taylor Swift,2006
guitareo,388385,Anti-Hero,Taylor Swift,2022
guitareo,395916,22 (Easy Version),Taylor Swift,2012
guitareo,383357,Shake It Off,Taylor Swift,2014
guitareo,378323,Delicate,Taylor Swift,2017
guitareo,378321,Blank Space,Taylor Swift,2014
guitareo,378325,Mean,Taylor Swift,2010
guitareo,383355,Love Story,Taylor Swift,2008
guitareo,378319,22 (Full Version),Taylor Swift,2012
guitareo,383353,Bad Blood,Taylor Swift,2014
guitareo,388340,Mad World,Tears For Fears,1983
guitareo,378329,The Metal,Tenacious D,2006
guitareo,383359,Woo Hoo,The 5.6.7.8's,2003
guitareo,386406,Ramblin' Man,The Allman Brothers Band,1973
guitareo,387183,Jessica,The Allman Brothers Band,1973
guitareo,391628,The House Of The Rising Sun (Easy Version),The Animals,1966
guitareo,378331,It's My Life,The Animals,1965
guitareo,377968,The House Of The Rising Sun (Full Version),The Animals,1966
guitareo,378441,Baja,The Astronauts,1963
guitareo,378333,The Weight,The Band,1968
guitareo,378337,Surfer Girl,The Beach Boys,1963
guitareo,378335,"Fun, Fun, Fun",The Beach Boys,1964
guitareo,383361,Roll Over Beethoveen,The Beatles,1963
guitareo,378345,Day Tripper,The Beatles,1988
guitareo,388033,Can't Buy Me Love,The Beatles,1964
guitareo,383363,Dear Prudence,The Beatles,1968
guitareo,387549,Taxman,The Beatles,1966
guitareo,383798,I've Got A Feeling,The Beatles,1970
guitareo,378363,From Me To You,The Beatles,1988
guitareo,383375,She Loves You,The Beatles,1988
guitareo,377973,We Can Work It Out,The Beatles,1966
guitareo,381658,Something,The Beatles,1969
guitareo,378339,All My Loving (Full Version),The Beatles,1963
guitareo,383799,Get Back,The Beatles,1988
guitareo,383385,Lady Madonna,The Beatles,1988
guitareo,388584,Here Comes The Sun,The Beatles,1969
guitareo,397335,All My Loving (Easy Version),The Beatles,1963
guitareo,383377,With a Little Help From My Friends,The Beatles,1967
guitareo,383381,Hey Jude,The Beatles,1988
guitareo,378351,Let It Be (Single Version),The Beatles,1988
guitareo,378353,Love Me Do,The Beatles,1963
guitareo,390760,A Hard Day's Night (Full Version),The Beatles,1964
guitareo,386993,Come Together,The Beatles,1969
guitareo,388289,For No One,The Beatles,1966
guitareo,383373,Revolution,The Beatles,1968
guitareo,378349,Let It Be (Album Version),The Beatles,1970
guitareo,383369,Oh Darling!,The Beatles,1969
guitareo,387854,Ticket To Ride,The Beatles,1965
guitareo,387550,"Here, There And Everywhere",The Beatles,1966
guitareo,383379,You've Got to Hide Your Love Away,The Beatles,1965
guitareo,378369,"Ob-La-Di, Ob-La-Da",The Beatles,1968
guitareo,386428,Yellow Submarine,The Beatles,1966
guitareo,383383,I Want To Hold Your Hand,The Beatles,1988
guitareo,378357,Twist And Shout,The Beatles,1963
guitareo,383365,Don't Let Me Down,The Beatles,1970
guitareo,378371,Things We Said Today,The Beatles,1964
guitareo,378365,Help!,The Beatles,1965
guitareo,378355,Paperback Writer,The Beatles,1988
guitareo,378367,I Saw Her Standing There,The Beatles,1963
guitareo,378341,And I Love Her,The Beatles,1964
guitareo,378343,Birthday,The Beatles,1968
guitareo,377970,Blackbird,The Beatles,1968
guitareo,378359,Yesterday,The Beatles,1965
guitareo,390599,Strawberry Fields Forever,The Beatles,1967
guitareo,378361,Eight Days A Week,The Beatles,1964
guitareo,387304,Got To Get You Into My Life,The Beatles,1966
guitareo,377971,Drive My Car,The Beatles,1965
guitareo,383367,Helter Skelter,The Beatles,1968
guitareo,390773,Norwegian Wood (This Bird Has Flown),The Beatles,1965
guitareo,378347,Eleanor Rigby,The Beatles,1966
guitareo,383387,Lucy in the Sky With Diamonds,The Beatles,1967
guitareo,386583,Mr. Moto,The Belairs,1963
guitareo,378068,She Talks to Angels,The Black Crowes,1990
guitareo,386774,Little Black Submarines,The Black Keys,2011
guitareo,377975,Lonely Boy,The Black Keys,2011
guitareo,388337,Wherever You Will Go,The Calling,2001
guitareo,388339,This Feeling,The Chainsmokers,2018
guitareo,387892,Paris,The Chainsmokers,2017
guitareo,388384,Something Just Like This,The Chainsmokers,2017
guitareo,377976,Closer,"The Chainsmokers, Halsey",2016
guitareo,386139,London Calling,The Clash,1979
guitareo,378373,Should I Stay Or Should I Go,The Clash,1982
guitareo,383389,I Fought the Law,The Clash,1977
guitareo,378443,Goo Goo Muck,The Cramps,1981
guitareo,387801,Not Fade Away,The Crickets,1957
guitareo,383390,Lovesong,The Cure,1989
guitareo,383392,"Hello, I Love You",The Doors,1968
guitareo,378375,Break On Through (To The Other Side),The Doors,1967
guitareo,390604,Roadhouse Blues,The Doors,1970
guitareo,378377,Build Me Up Buttercup,The Foundations,1968
guitareo,378379,How To Save A Life,The Fray,2005
guitareo,378381,Over My Head (Cable Car),The Fray,2006
guitareo,387453,Fire,The Jimi Hendrix Experience,1967
guitareo,388864,All Along The Watchtower,The Jimi Hendrix Experience,1968
guitareo,396575,Hey Joe (Easy Version),The Jimi Hendrix Experience,1967
guitareo,387085,Hey Joe (Full Version),The Jimi Hendrix Experience,1967
guitareo,386772,The Wind Cries Mary,The Jimi Hendrix Experience,1967
guitareo,388866,Spanish Castle Magic,The Jimi Hendrix Experience,1967
guitareo,390246,Voodoo Child (Slight Return),The Jimi Hendrix Experience,1968
guitareo,389265,Red House,The Jimi Hendrix Experience,1967
guitareo,389282,Crosstown Traffic,The Jimi Hendrix Experience,1968
guitareo,381531,Little Wing,The Jimi Hendrix Experience,1967
guitareo,389284,Burning of the Midnight Lamp,The Jimi Hendrix Experience,1967
guitareo,378385,When You Were Young,The Killers,2006
guitareo,378383,Mr. Brightside,The Killers,2004
guitareo,378387,Louie Louie,The Kingsmen,1963
guitareo,386273,You Really Got Me,The Kinks,1964
guitareo,387305,Lola,The Kinks,1970
guitareo,386705,My Sharona,The Knack,1979
guitareo,388525,She Moves In Her Own Way,The Kooks,2006
guitareo,383394,Surf Rider,The Lively Ones,1963
guitareo,383396,Ho Hey,The Lumineers,2012
guitareo,383398,Ophelia,The Lumineers,2016
guitareo,388291,California Dreamin',The Mamas & The Papas,1966
guitareo,378389,Blue Moon,The Marcels,1961
guitareo,386576,Out Of Limits,The Marketts,1964
guitareo,386378,Cissy Strut,The Meters,1969
guitareo,382344,I'm A Believer,The Monkees,1967
guitareo,388947,Daydream Believer,The Monkees,1968
guitareo,388062,Sweater Weather,The Neighbourhood,2013
guitareo,383614,Self Esteem,The Offspring,1994
guitareo,378445,The Kids Aren't Alright,The Offspring,1998
guitareo,383401,Pretty Fly (For A White Guy),The Offspring,1998
guitareo,387972,Gone Away,The Offspring,1997
guitareo,378393,Roxanne,The Police,1978
guitareo,378391,Every Breath You Take (Full Version),The Police,1983
guitareo,387265,Message In A Bottle,The Police,1979
guitareo,398771,Every Breath You Take (Easy Version),The Police,1983
guitareo,383403,Brass in Pocket,The Pretenders,1979
guitareo,388873,Minor Swing,The Quintet  Du Hot Club De France,1937
guitareo,387973,I’ll Be There For You,The Rembrandts,1995
guitareo,378447,California Sun,The Rivieras,2000
guitareo,390401,Wild Horses,The Rolling Stones,1971
guitareo,388587,Heart Of Stone,The Rolling Stones,1965
guitareo,388912,Paint It Black (Full Version),The Rolling Stones,1966
guitareo,388863,Gimme Shelter,The Rolling Stones,1969
guitareo,390257,You Can't Always Get What you Want,The Rolling Stones,1969
guitareo,390400,Can't You Hear Me Knocking,The Rolling Stones,1971
guitareo,378395,Hang Fire,The Rolling Stones,1981
guitareo,398008,Paint It Black (Easy Version),The Rolling Stones,1966
guitareo,388586,Jumpin' Jack Flash,The Rolling Stones,1968
guitareo,383405,Sympathy For The Devil,The Rolling Stones,1968
guitareo,390403,Angie,The Rolling Stones,1973
guitareo,378399,Breakeven,The Script,2008
guitareo,383407,Kumbaya (Full Version),The Seekers,1963
guitareo,391626,Kumbaya (Easy Version),The Seekers,1963
guitareo,383409,Apache,The Shadows,1963
guitareo,386577,Kon-Tiki,The Shadows,1963
guitareo,386579,Man Of Mystery,The Shadows,1960
guitareo,383411,Disarm (Full Version),The Smashing Pumpkins,1993
guitareo,389268,1979,The Smashing Pumpkins,1995
guitareo,389271,Zero,The Smashing Pumpkins,1995
guitareo,401275,Disarm (Easy Version),The Smashing Pumpkins,1993
guitareo,388383,This Charming Man,The Smiths,1984
guitareo,378401,Have Love Will Travel,The Sonics,1965
guitareo,387303,I Wanna Be Your Dog,The Stooges,1969
guitareo,387891,You Only Live Once,The Strokes,2005
guitareo,386450,Welcome To Japan,The Strokes,2013
guitareo,386777,Reptilia,The Strokes,2003
guitareo,378403,Wipe Out,The Surfaris,1963
guitareo,387454,My Girl,The Temptations,1965
guitareo,378405,Surfin' Bird,The Trashmen,1964
guitareo,383413,Wild Thing,The Troggs,1966
guitareo,386259,Hawaii Five-O,The Ventures,1969
guitareo,386382,Walk Don't Run '64,The Ventures,1960
guitareo,383415,Walk Don't Run,The Ventures,1960
guitareo,383419,Pipeline,The Ventures,1963
guitareo,383417,Diamond Head,The Ventures,1964
guitareo,386580,Telstar,The Ventures,1963
guitareo,388061,One Headlight,The Wallflowers,1996
guitareo,387890,Save Your Tears,The Weeknd,2020
guitareo,387456,Hello Operator,The White Stripes,2000
guitareo,387889,We're Going To Be Friends,The White Stripes,2003
guitareo,397341,Seven Nation Army (Easy Version),The White Stripes,2003
guitareo,378407,Fell In Love With A Girl,The White Stripes,2001
guitareo,388203,Hardest Button To Button,The White Stripes,2003
guitareo,387267,Blue Orchid,The White Stripes,2005
guitareo,378409,Seven Nation Army (Full Version),The White Stripes,2003
guitareo,387797,Behind Blue Eyes,The Who,1971
guitareo,396129,Baba O' Riley (Easy Version),The Who,1971
guitareo,386706,Baba O'Riley (Full Version),The Who,1971
guitareo,378411,I Can't Explain,The Who,1971
guitareo,378413,Gloria,Them,1965
guitareo,383421,The Boys Are Back in Town,Thin Lizzy,1976
guitareo,383423,Semi-Charmed Life,Third Eye Blind,1997
guitareo,388945,Never Too Late,Three Days Grace,2006
guitareo,378415,Apologize,Timbaland ft. One Republic,2007
guitareo,388059,No Scrubs,TLC,1999
guitareo,387888,Waterfalls,TLC,1994
guitareo,388338,Another Love,Tom Odell,2013
guitareo,387307,I Won't Back Down,Tom Petty,1989
guitareo,390603,American Girl,Tom Petty And The Heartbreakers,1976
guitareo,387078,Learning To Fly,Tom Petty And The Heartbreakers,1991
guitareo,387591,I Think We're Alone Now,Tommy James & The Shondells,1967
guitareo,388060,Crimson And Clover,Tommy James & The Shondells,1969
guitareo,390247,Lateralus,Tool,2001
guitareo,388293,Africa,Toto,1982
guitareo,386790,Fast Car,Tracy Chapman,1988
guitareo,390338,Give Me One Reason,Tracy Chapman,1995
guitareo,389294,Talkin 'bout A Revolution,Tracy Chapman,1988
guitareo,377980,Drops Of Jupiter (Tell Me),Train,2001
guitareo,377978,Calling All Angels,Train,2003
guitareo,377982,"Hey, Soul Sister (Full Version)",Train,2010
guitareo,402760,"Hey, Soul Sister (Easy Version)",Train,2010
guitareo,388058,House Of Gold,Twenty One Pilots,2011
guitareo,378417,Sunday Bloody Sunday,U2,1983
guitareo,383510,Vertigo,U2,2004
guitareo,383425,Where The Streets Have No Name,U2,1987
guitareo,383427,One,U2,1981
guitareo,387887,The Fly,U2,1991
guitareo,390600,With Or Without You,U2,1987
guitareo,386779,I Still Haven’t Found What I’m Looking For,U2,1987
guitareo,386940,Red Red Wine,UB40,1983
guitareo,388948,Follow Me,Uncle Kracker,2000
guitareo,386930,Panama,Van Halen,1984
guitareo,383502,You Really Got Me,Van Halen,1978
guitareo,377984,Running with the Devil,Van Halen,1978
guitareo,381689,Ain't Talkin' 'bout Love,Van Halen,1978
guitareo,381687,Jump,Van Halen,1984
guitareo,381654,Hot For Teacher,Van Halen,1984
guitareo,381527,Eruption,Van Halen,1978
guitareo,386931,Brown Eyed Girl (Full Version),Van Morrison,1967
guitareo,387551,Into The Mystic,Van Morrison,1970
guitareo,391632,Brown Eyed Girl (Easy Version),Van Morrison,1967
guitareo,401390,Georgia (Easy Version),Vance Joy,2014
guitareo,377988,Mess Is Mine,Vance Joy,2014
guitareo,377986,Georgia (Full Version),Vance Joy,2014
guitareo,378419,Riptide,Vance Joy,2014
guitareo,383428,A Thousand Miles,Vanessa Carlton,2002
guitareo,388057,Blister In The Sun,Violent Femmes,1983
guitareo,377990,Dean Town,Vulfpeck,2016
guitareo,377992,Shut Up and Dance,Walk the Moon,2014
guitareo,390606,Mammas Don’t Let Your Babies Grow Up to Be Cowboys,Waylon Jennings,1978
guitareo,387886,Buddy Holly,Weezer,1994
guitareo,387828,Island In The Sun,Weezer,2001
guitareo,387524,El Scorcho,Weezer,1996
guitareo,383430,Beverly Hills,Weezer,2005
guitareo,377994,Say It Ain't So,Weezer,1994
guitareo,378421,Undone - The Sweater Song,Weezer,1994
guitareo,377998,My Love Is Your Love,Whitney Houston,1998
guitareo,377996,I Will Always Love You,Whitney Houston,1992
guitareo,383432,When You Believe,Whitney Houston,1998
guitareo,378423,Greatest Love Of All,Whitney Houston,1985
guitareo,378000,Where Do Broken Hearts Go,Whitney Houston,1987
guitareo,387455,Always On My Mind,Willie Nelson,1982
guitareo,383860,On The Road Again,Willie Nelson,1980
guitareo,383434,Mustang Sally,Wilson Pickett,1967
guitareo,378425,See You Again,Wiz Khalifa,2015
guitareo,387398,Owner Of A Lonely Heart,Yes,1983
guitareo,388597,Roundabout,Yes,1972
guitareo,383436,Bust A Move,Young MC,1989
guitareo,389288,Chicken Fried,Zac Brown Band,2008
guitareo,378427,I Don’t Wanna Live Forever,Zayn,2017
guitareo,378429,Stay,Zedd & Alessia Cara,2017
guitareo,378431,The Middle,"Zedd, Maren Morris & Grey",2018
guitareo,390249,Tush,ZZ Top,1975
guitareo,388055,La Grange,ZZ Top,1973
pianote,379329,You Belong With Me,Taylor Swift,1988
pianote,382779,Sarabande (Easy Version),George Frideric Handel,1706
pianote,386120,Wonderful Tonight,Eric Clapton,1977
pianote,382769,Canon in D (Easy Version),Johann Pachelbel,1680
pianote,378493,The Story,Brandi Carlile,2007
pianote,378551,Zombie,The Cranberries,1994
pianote,379448,Georgia On My Mind,Ray Charles,1960
pianote,379428,Always Remember Us This Way,Lady Gaga,2019
pianote,379260,Stay,Rihanna,2012
pianote,384057,Red Red Wine,UB40,1967
pianote,382771,Ode To Joy (Easy Version),Ludwig van Beethoven,1824
pianote,382789,River Flows In You (Easy Version),Yiruma,2001
pianote,382793,Arabian Dance (Easy Version),Pyotr Ilyich Tchaikovsky,1892
pianote,379707,Eleanor Rigby,The Beatles,1966
pianote,379258,Starving,Hailee Steinfeld,2016
pianote,379184,Party In The U.S.A.,Miley Cyrus,2009
pianote,379162,On The Road Again,Willie Nelson,1980
pianote,379929,Breaking Free,Zac Efron / Vanessa Hudgens,2006
pianote,378527,Whatcha Say,Jason Derulo,2009
pianote,379545,(They Long To Be) Close To You,Carpenters,1970
pianote,379486,So What,Miles Davis,1959
pianote,379900,Silver Bells,Andy Williams,1965
pianote,379375,Hungarian Dance No. 5,Johannes Brahms,1950
pianote,384075,Sweet But Psycho,Ava Max,2018
pianote,379265,Stitches,Shawn Mendes,2015
pianote,379647,Somebody To Love,Queen,1976
pianote,384049,Pumped Up Kicks,Foster The People,2011
pianote,382730,The Entertainer,Scott Joplin,1902
pianote,378945,Hello,Adele,2015
pianote,379098,Love Song,Sara Bareilles,2007
pianote,379681,In My Room,The Beach Boys,1966
pianote,382658,A Lovely Night,Ryan Gosling & Emma Stone,2016
pianote,378848,Drops Of Jupiter (Tell Me),Train,2001
pianote,384043,Pink Houses,John Mellencamp,1983
pianote,378862,Every Breath You Take,The Police,1983
pianote,379148,Not Over You,Gavin DeGraw,2014
pianote,378477,The Gambler,Kenny Rogers,1978
pianote,379056,Jingle Bells,Michael Buble (feat. The Puppini Sisters),2011
pianote,378864,Eye Of The Tiger,Survivor,1982
pianote,378662,20 Good Reasons,Thirsty Merc,2007
pianote,379458,I Love You,Cole Porter,1944
pianote,378668,A Million Reasons,Lady Gaga,2016
pianote,382775,"Sonata No. 16 in C Major, K. 545 (Easy Version)",Wolfgang Amadeus Mozart,1788
pianote,379096,Love Me Like You Do,Ellie Goulding,2017
pianote,378929,Hanging By A Moment,Lifehouse,2000
pianote,378487,The Reason,Hoobastank,2004
pianote,379256,Speed Of Sound,Coldplay,2005
pianote,379279,Take A Bow,Madonna,1994
pianote,379042,Into The Mystic,Van Morrison,1970
pianote,378553,A Whole New World,Brad Kane / Lea Salonga,2015
pianote,379571,I Guess That's Why They Call It The Blues,Elton John,1983
pianote,379242,She Will Be Loved,Maroon 5,2002
pianote,378507,Try,P!nk,2013
pianote,378686,All Of Me,John Legend,2013
pianote,379442,Cherokee,Ray Noble,1938
pianote,379629,Lost,Michael Buble,2007
pianote,378854,Eastside,Benny Blanco / Halsey / Khalid,2018
pianote,379978,Long Time Ago,Kevin Murphy / Aaron Copland,1999
pianote,379727,With A Little Help From My Friends,The Beatles,1967
pianote,382662,Across The Universe,The Beatles,1969
pianote,379397,Sarabande,George Frideric Handel,1706
pianote,379868,I Get A Kick Out Of You,Frank Sinatra,1954
pianote,378547,You Are My Sunshine,Wayne King,1940
pianote,378539,Winter Wonderland,Andy Williams,1965
pianote,379729,Easy,The Commodores,1977
pianote,379156,O Holy Night,Perry Como,1968
pianote,379395,In the Hall of the Mountain King,Edvard Grieg,1875
pianote,379496,Sweet Georgia Brown,Ben Bernie / Kenneth Casey / Maceo Pinkard,1925
pianote,378706,Angel Of The Morning,Juice Newton,1981
pianote,382656,Without You,Mariah Carey,1993
pianote,382691,At Last,Etta James,1960
pianote,379142,No Promises,Cheat Codes (feat. Demi Lovato),2017
pianote,378884,Firework,Katy Perry,2010
pianote,378973,Hot N Cold,Katy Perry,2008
pianote,382686,You Can't Stop The Beat,Marc Shaiman,2007
pianote,378676,Ain’t No Mountain High Enough,Marvin Gaye / Tammi Terrell,1967
pianote,378967,Higher Love,Steve Winwood,1986
pianote,379405,Turkish March,Wolfgang Amadeus Mozart,1784
pianote,379196,Rehab,Amy Winehouse,2006
pianote,378842,Don’t Stop The Music,Rihanna,2007
pianote,378776,California Dreamin’,The Mamas & The Papas,1965
pianote,378907,Girls Just Want To Have Fun,Cyndi Lauper,1983
pianote,378598,The Sound Of Music,Rodgers & Hammerstein,1965
pianote,379403,Fantasy in D Minor K. 397,Wolfgang Amadeus Mozart,1782
pianote,382660,All I Wanna Do,Sheryl Crow,1993
pianote,378985,"10,000 Reasons (Bless The Lord)",Matt Redman,2013
pianote,382561,Mad About You,Belinda Carlisle,1986
pianote,379645,Love Of My Life,Queen,1975
pianote,378467,Lightning Crashes,Live,1994
pianote,379874,Saturday Night (Is The Loneliest Night Of The Week),Frank Sinatra,1944
pianote,379054,"Jesus, Take The Wheel",Carrie Underwood,2005
pianote,379416,Go The Distance,Michael Bolton,1997
pianote,379820,Do-Re-Mi,Julie Andrews,1965
pianote,382515,Broken,Seether,2002
pianote,378646,Spanish Eyes,Al Martino,1967
pianote,378714,Baby,Justin Bieber,2010
pianote,379232,Semi-Charmed Life,Third Eye Blind,1997
pianote,378766,Broken Wings,Mr. Mister,1985
pianote,379450,Girl From Ipanema,Antonio Carlos Jobim,1962
pianote,378975,Hotel California,Eagles,1976
pianote,378866,F**kin’ Perfect,P!nk,2010
pianote,382650,Beauty School Dropout,Frankie Avalon,1978
pianote,379015,I Won’t Give Up,Jason Mraz,2012
pianote,379909,Circle of Life,Tim Rice / Elton John,1994
pianote,382724,Amelie Theme (Comptine d’un autre été),Yann Tiersen,2001
pianote,378874,Fallin’,Alicia Keys,2001
pianote,382648,I'm Still Standing,Elton John,1983
pianote,382676,Ol' Man River,Bing Crosby,1928
pianote,382553,Like A Stone,Audioslave,2002
pianote,379250,Skyfall,Adele,2014
pianote,379412,Swan Lake Waltz,Pyotr Ilyich Tchaikovsky,1876
pianote,379246,Silent Night,Holiday,1818
pianote,379331,You Raise Me Up,Josh Groban,2003
pianote,379695,Because,The Beatles,1969
pianote,378923,Green Light,Lorde,2017
pianote,378696,Already Gone,Kelly Clarkson,2009
pianote,378961,Hey Jude,The Beatles,1968
pianote,379832,Part Of Your World,Alan Menken,1989
pianote,378921,Gravity,Sara Bareilles,2007
pianote,379941,"Young, Gifted And Black",Nina Simone,1970
pianote,378971,Home Sweet Home,Motley Crue,1985
pianote,379834,Because We Believe,Andrea Bocelli,2006
pianote,379675,God Only Knows,The Beach Boys,1966
pianote,378541,Wonderwall,Oasis,1996
pianote,379290,The First Cut Is The Deepest,Sheryl Crow,2003
pianote,379962,Style,Taylor Swift,2014
pianote,378672,A Thousand Years,Christina Perri,2011
pianote,379902,The Christmas Song (Chestnuts Roasting On An Open Fire),Andy Williams,1946
pianote,379494,Summertime,George Gershwin,1969
pianote,378969,Ho Hey,The Lumineers,2012
pianote,379721,The Long And Winding Road,The Beatles,1970
pianote,378802,Closer,The Chainsmokers / Halsey,2017
pianote,379965,She Used To Be Mine,Sara Bareilles,2015
pianote,379470,Misty,Erroll Garner / Johnny Burke,1954
pianote,382608,Entry of the Galadiators,Julius Fucik,1897
pianote,382666,Three Times A Lady (Original Version),The Commodores,1978
pianote,379244,Sign Of The Times,Harry Styles,2017
pianote,379535,You Are The Reason,Calum Scott,2018
pianote,379585,Heartbreak Hotel,Elvis Presley,1956
pianote,379888,Mona Lisa,Nat King Cole,1950
pianote,379567,Crocodile Rock,Elton John,1972
pianote,379180,Paparazzi,Lady Gaga,2008
pianote,379502,Up Jumped Spring,Freddie Hubbard / Abbey Lincoln,2004
pianote,378531,When Doves Cry,Prince,1984
pianote,378614,Bist Du Bei Mir,Gottfried Heinrich Stölzel / J.S. Bach,1718
pianote,382741,Air (Easy Version),Johann Sebastian Bach,1871
pianote,386126,For The Cross,Bethel Music,2013
pianote,379691,And I Love Her,The Beatles,1964
pianote,379226,Say You Won’t Let Go,James Arthur,2016
pianote,379301,This Love,Maroon 5,2002
pianote,379120,Mercy,Duffy,2008
pianote,379861,Come Fly With Me,Frank Sinatra,1958
pianote,378744,Blank Space,Taylor Swift,2014
pianote,379297,The Winner Takes It All,ABBA,1980
pianote,378956,Hero,Enrique Iglesias,2001
pianote,382777,Anitra's Dance from Peer Gynt (Easy Version),Grieg,1876
pianote,378461,Heaven Is A Place On Earth,Belinda Carlisle,1987
pianote,379476,Oleo,Sonny Rollins,1954
pianote,379822,I Have Confidence,Rodgers & Hammerstein,1965
pianote,378682,All I Want,Kodaline,2013
pianote,378732,Because You Loved Me,Celine Dion,1996
pianote,379385,Nocturne (posthumous),Frederic Chopin,1875
pianote,379124,Mighty To Save,Hillsong Worship,2006
pianote,379434,Black Orpheus (Manha De Carnaval),Luiz Bonfa,1959
pianote,379919,Feed The Birds,Sherman Brothers,1964
pianote,382726,Watermark,Enya,1988
pianote,382559,Little Lion Man,Mumford & Sons,2009
pianote,384037,Love Yourself,Justin Bieber,2015
pianote,382622,Gaston,"Howard Ashman, Alan Menken",1991
pianote,378469,Sweet Caroline,Neil Diamond,1969
pianote,379693,Back in the U.S.S.R.,The Beatles,1968
pianote,378780,Calling All Angels,Train,2003
pianote,382695,White Christmas,Bing Crosby,1942
pianote,379631,Everything,Michael Buble,2007
pianote,379767,Tomorrow,Charles Strouse,1977
pianote,379160,Oh Happy Day,Edwin Hawkins Singers,1992
pianote,382773,Hedwig's Theme (Easy Version),John Williams,2001
pianote,378710,Attention,Charlie Puth,2017
pianote,379872,My Way,Frank Sinatra,1969
pianote,379206,Rise Up,Andra Day,2015
pianote,382791,"Prelude Op. 28, No. 7 (Easy Version)",Frederic Chopin,1839
pianote,379452,How High The Moon,Morgan Lewis / Nancy Hamilton,1940
pianote,379426,Married Life,Up,2009
pianote,378664,22,Taylor Swift,2012
pianote,379701,Can't Buy Me Love,The Beatles,1964
pianote,382555,Listen To Your Heart,Roxette,1988
pianote,378557,We Don't Talk About Bruno,Lin-manuel Miranda,2021
pianote,384033,Livin’ On A Prayer,Bon Jovi,1986
pianote,378943,Heavy,Linkin Park,2017
pianote,379917,Once Upon A Dream,Sammy Fain,1959
pianote,379327,Writing’s On The Wall,Sam Smith,2015
pianote,379657,Walk On By,Steve Tyrell,2008
pianote,379136,Never Be Alone,Shawn Mendes,2015
pianote,379526,The Way We Were,Barbra Streisand,1987
pianote,378979,How Do I Live,LeAnn Rimes,1997
pianote,379769,Bring Him Home,Claude-Michel Schonberg,1985
pianote,378579,Maybe,Charles Strouse,1977
pianote,378720,Bad Guy,Billie Eilish,2019
pianote,378927,Halo,Beyonce,2008
pianote,384047,Proud Mary,Ike & Tina Turner,1970
pianote,384025,Barbara Ann,The Regents,1961
pianote,378768,Bubbly,Colbie Caillat,2007
pianote,378698,Always On My Mind,Willie Nelson,1982
pianote,378894,Friends,Justin Bieber & BloodPop,2017
pianote,379194,Pompeii,Bastille,2013
pianote,382705,Bibbidi-Bobbidi-Boo (The Magic Song),Verna Felton,1950
pianote,378491,The Sign,Ace of Base,1992
pianote,378459,Heart Of Gold,Neil Young,1972
pianote,379611,Bad Romance,Lady Gaga,2008
pianote,379775,Pure Imagination,Leslie Bricusse / Anthony Newley,1971
pianote,378826,Dancing Queen,ABBA,1976
pianote,384053,Queen Of Hearts,Juice Newton,1981
pianote,379743,"I Can't Help Myself (Sugar Pie, Honey Bunch)",The Four Tops,1965
pianote,378778,Call Me Maybe,Carly Rae Jepsen,2012
pianote,379960,What'd I Say,Ray Charles,1959
pianote,379023,I’m A Believer,The Monkees,1967
pianote,378505,Toxic,Britney Spears,2003
pianote,379460,In A Mellow Tone,Milt Gabler / Duke Ellington,1939
pianote,378915,God Gave Me You,Blake Shelton,2011
pianote,379939,My Baby Just Cares For Me,Nina Simone,1959
pianote,378917,Good Enough,Sarah McLachlan,1993
pianote,382601,Your Song,Elton John,1970
pianote,378872,Faithfully,Journey,1983
pianote,379383,"Prelude Op. 28, No. 7",Frederic Chopin,1839
pianote,379464,It Could Happen To You,Johnny Burke / James Van Heusen,1943
pianote,382652,Greased Lightnin',John Travolta,1978
pianote,379789,Wait For It,Lin-Manuel Miranda,2015
pianote,378718,Bad Day,Daniel Powter,2005
pianote,382807,Standchen (Sarabande) (Easy Version),Franz Peter Schubert,1826
pianote,378596,The Lonely Goatherd,Rodgers & Hammerstein,1965
pianote,378517,Walk Me Home,P!nk,2019
pianote,378465,I Really Like You,Carly Rae Jepsen,2015
pianote,378529,Whatever It Takes,Imagine Dragons,2017
pianote,378515,Wake Me Up When September Ends,Green Day,2004
pianote,378905,Girlfriend,Avril Lavigne,2007
pianote,379607,Because Of You,Kelly Clarkson,2004
pianote,379341,Hedwig's Theme,John Williams,2001
pianote,382632,Someday,The Hunchback Of Notre Dame,1996
pianote,379122,Mess Is Mine,Vance Joy,2014
pianote,382646,We've Only Just Begun,Carpenters,1970
pianote,382693,"Joyful, Joyful",Mervyn Warren,1993
pianote,378666,A Groovy Kind Of Love,Phil Collins,1988
pianote,382755,Waltz of the Flowers (Easy Version),Pyotr Ilyich Tchaikovsky,1892
pianote,378806,Come Away With Me,Norah Jones,2002
pianote,378860,Eternal Flame,The Bangles,1988
pianote,382573,Never Too Late,Three Days Grace,2006
pianote,379870,I've Got You Under My Skin,Frank Sinatra,1956
pianote,379407,Gymnopedie No. 1,Erik Satie,1888
pianote,378903,Girl Crush,Little Big Town,2014
pianote,378644,Baby Love,The Supremes,1964
pianote,384035,Love The Way You Lie,Eminem ft. Rihanna,2010
pianote,379791,Yorktown (The World Turned Upside Down),Lin-Manuel Miranda,2015
pianote,379401,"Sonata No. 16 in C Major, K. 545",Wolfgang Amadeus Mozart,1788
pianote,379071,Kiss From A Rose,Seal,1994
pianote,379759,Memory,Andrew Lloyd Webber,1983
pianote,379005,I Swear,All-4-One,1994
pianote,379293,The Scientist,Coldplay,2002
pianote,379064,Just Give Me A Reason,P!nk,2013
pianote,379677,Good Vibrations,The Beach Boys,1966
pianote,378746,Bleeding Love,Leona Lewis,2007
pianote,379271,Sucker,Jonas Brothers,2019
pianote,378941,Heaven,Bryan Adams,1985
pianote,379532,Brick,Ben Folds Five,1997
pianote,379456,I Hear A Rhapsody,George Frajos / Dick Gasparre,1941
pianote,379838,It Had To Be You,Tony Bennett,1957
pianote,378712,Automatic,Miranda Lambert,2014
pianote,379703,Come Together,The Beatles,1969
pianote,378834,Desperado,Eagles,1973
pianote,379430,All The Things You Are,Oscar Hammerstein Ii / Jerome Kern,1939
pianote,384031,Little Red Corvette,Prince,1982
pianote,378680,All By Myself,Celine Dion,1996
pianote,379052,Jar Of Hearts,Christina Perri,2011
pianote,382803,Watermark (Easy Version),Enya,1988
pianote,379685,Surfer Girl,The Beach Boys,1966
pianote,378511,Unwritten,Natasha Bedingfield,2004
pianote,379741,Riders On The Storm,The Doors,1971
pianote,382579,Over The Rainbow,Judy Garland,1939
pianote,378983,Hurt,Johnny Cash,2002
pianote,378738,Believer,Imagine Dragons,2017
pianote,379466,It Don't Mean A Thing (If It Ain't Got That Swing),Duke Ellington / Irving Mills,1932
pianote,382595,What A Wonderful World,Louis Armstrong,1967
pianote,379894,"Hello, Young Lovers",Rodgers & Hammerstein,1951
pianote,378688,All Out Of Love,Air Supply,1980
pianote,379927,The Bare Necessities,Terry Gilkyson,1967
pianote,378638,"I Loves You, Porgy",Nina Simone,1959
pianote,379573,Lucy in the Sky With Diamonds,Elton John,1975
pianote,382577,One Of Us,Joan Osborne,1995
pianote,378954,Here Without You,3 Doors Down,2003
pianote,378519,Walkin’ After Midnight,Patsy Cline,1957
pianote,379343,Fairy Fountain,Zelda,1992
pianote,379651,Unfaithful,Rihanna,2006
pianote,379986,The Ballad of Farquaad,David Lindsay-Abaire,2008
pianote,378463,How Great Thou Art,Hymn,1885
pianote,382795,"Venetian Boat Song in G Minor Op. 1, No. 6 (Easy Version)",Felix Mendelssohn,1841
pianote,379150,Not The Only One,Sam Smith,2014
pianote,378925,Grenade,Bruno Mars,2010
pianote,379001,I Say A Little Prayer,Aretha Franklin,1968
pianote,378708,Apologize,OneRepublic,2007
pianote,379595,Say You Love Me,Fleetwood Mac,1975
pianote,378457,Fireflies,Owl City,2019
pianote,379882,Cabaret,Kander & Ebb,1966
pianote,378896,Friends,Marshmello & Anne-Marie,2018
pianote,379044,Iris,Goo Goo Dolls,1998
pianote,378561,I'll Make a Man Out of You,Donny Osmond,1998
pianote,378583,On The Street Where You Live,Lerner & Loewe,1956
pianote,379216,Rolling In The Deep,Adele,2011
pianote,378772,Building A Mystery,Sarah McLachlan,1997
pianote,382739,Prelude in C Major (Easy Version),Johann Sebastian Bach,1742
pianote,379208,River,Joni Mitchell,1971
pianote,379621,Good Golly Miss Molly,Little Richard,1958
pianote,379081,"Lay, Lady, Lay",Bob Dylan,1969
pianote,382628,For The First Time In Forever,Idina Menzel and Kristen Bell,2013
pianote,382511,Better When I’m Dancin’,Meghan Trainor,2015
pianote,379779,Guns And Ships,Lin-Manuel Miranda,2015
pianote,378919,Goodbye Yellow Brick Road,Elton John,1973
pianote,382606,Nocturne,John Field,1812
pianote,379335,You’re Beautiful,James Blunt,2004
pianote,379613,I'll Never Love Again,Lady Gaga,2019
pianote,382563,Me And Bobby McGee,Janis Joplin,1971
pianote,382751,Dance of the Reed Flutes (Easy Version),Pyotr Ilyich Tchaikovsky,1922
pianote,378987,I Believe I Can Fly,R. Kelly,1996
pianote,378840,Don’t Speak,No Doubt,1996
pianote,382640,Who Am I?,Boublil and Schonberg,2009
pianote,379934,Hallelujah,Leonard Cohen,1984
pianote,384065,Some Nights,fun.,2012
pianote,382701,Chim Chim Cher-ee,Sherman Brothers,1964
pianote,379950,(You Make Me Feel Like) A Natural Woman,Carole King,1971
pianote,378636,Were You There?,African-American Spiritual,1899
pianote,379038,In My Blood,Shawn Mendes,2018
pianote,379269,Stronger,Kelly Clarkson,2011
pianote,379627,Feeling Good,Michael Buble,2005
pianote,379807,Come What May,David Baerwald / Kevin Gilbert,2014
pianote,378590,"Oh, What A Beautiful Mornin'",Rodgers & Hammerstein,1943
pianote,378993,I Don’t Wanna Live Forever,ZAYN / Taylor Swift,2017
pianote,379814,Where Do We Go From Here,Nathan Tysen & Daniel Messe,2017
pianote,379781,My Shot,Lin-Manuel Miranda,2015
pianote,378748,Blue Moon,The Marcels,1961
pianote,379549,"10,000 Hours",Dan + Shay / Justin Bieber,2019
pianote,382565,Morning Has Broken,Cat Stevens,1972
pianote,379530,Mandy,Barry Manilow,1974
pianote,384055,Realize,Colbie Caillat,2007
pianote,379864,Fly Me To The Moon (In Other Words),Frank Sinatra,1964
pianote,384069,Something Just Like This,The Chainsmokers & Coldplay,2017
pianote,382731,Moonlight Sonata (Easy Version),Ludwig van Beethoven,1801
pianote,382805,Nocturne (Easy Version),John Field,1812
pianote,379146,No Tears Left To Cry,Ariana Grande,2018
pianote,378594,Something Good,Rodgers & Hammerstein,1965
pianote,379935,He Needs Me,Nina Simone,1959
pianote,382519,Far Away,Nickelback,2006
pianote,379699,Blackbird,The Beatles,1968
pianote,382593,Uptown Girl,Billy Joel,1983
pianote,378913,Give Me One Reason,Tracy Chapman,1995
pianote,378800,Close To Me,Ellie Goulding / Diplo / Swae Lee,2018
pianote,386118,Let It Go,Idina Menzel,2013
pianote,382761,"Waltz in A Flat Op. 39, No. 15 (Easy Version)",Johannes Brahms,1893
pianote,379937,Lilac Wine,Nina Simone,1966
pianote,379009,I Want It That Way,Backstreet Boys,1999
pianote,378786,Can’t Take My Eyes Off You,Morten Harket,1993
pianote,379367,Air,Johann Sebastian Bach,1871
pianote,382757,Swan Lake Waltz (Easy Version),Pyotr Ilyich Tchaikovsky,1876
pianote,379240,Shape Of You,Ed Sheeran,2017
pianote,379541,Yesterday Once More,Carpenters,1973
pianote,382684,And All That Jazz,Kander & Ebb,1975
pianote,378545,You And Me,Lifehouse,2005
pianote,382585,Ring Of Fire,Johnny Cash,1963
pianote,378567,Good Riddance (Time Of Your Life),Green Day,1997
pianote,384091,Wherever You Will Go,The Calling,2001
pianote,384087,Thank You For The Music,ABBA,1977
pianote,378816,Creep,Radiohead,1993
pianote,378852,Dynamite,Taio Cruz,2010
pianote,379589,Jailhouse Rock,Elvis Presley,1957
pianote,379284,Take My Breath Away,Berlin,1986
pianote,379267,Stop And Stare,OneRepublic,2007
pianote,379757,The Point Of No Return,Andrew Lloyd Webber,2004
pianote,382502,A New Day Has Come,Celine Dion,2002
pianote,378770,Build Me Up Buttercup,The Foundations,1968
pianote,379551,Rock And Roll Is Here To Stay,Danny / The Juniors,1957
pianote,379543,Hurting Each Other,Carpenters,1972
pianote,378950,Here Comes The Sun,The Beatles,1969
pianote,379801,Run And Tell That,Marc Shaiman,2007
pianote,378503,Torn,Natalie Imbruglia,1997
pianote,378832,Delicate,Taylor Swift,2017
pianote,382781,"Valse Op. 64, No. 2 (Easy Version)",Frederic Chopin,1847
pianote,378736,Believe,Cher,1998
pianote,379605,Teenage Dream,Katy Perry,2010
pianote,379210,Roar,Katy Perry,2013
pianote,378764,Bring Me To Life,Evanescence,2003
pianote,378610,I Heard It Through The Grapevine (Original Version),Marvin Gaye,1970
pianote,378571,I Only Want To Say (Gethsemane),Andrew Lloyd Webber,1970
pianote,379555,Mama Says,Dean Pitchford,1998
pianote,379436,Blue Bossa,Kenny Dorham,1963
pianote,382737,Pathétique (Easy Version),Ludwig van Beethoven,1798
pianote,379484,Stella By Starlight,Victor Young / Ned Washington,1963
pianote,379134,Need You Now,Lady Antebellum,2009
pianote,379048,Irreplaceable,Beyonce,2006
pianote,379228,Scars To Your Beautiful,Alessia Cara,2015
pianote,379639,Hopelessly Devoted To You,Olivia Newton-John,1978
pianote,379118,Mercy,Brett Young,2016
pianote,379040,Insensitive,Jann Arden,1994
pianote,378812,Count On Me,Bruno Mars,2010
pianote,384051,Push,Matchbox Twenty,1996
pianote,382551,Life Is A Highway,Rascal Flatts,2006
pianote,379204,Riptide,Vance Joy,2013
pianote,379954,Respect Yourself,The Staple Singers,1972
pianote,378995,I Don’t Want To Miss A Thing,Aerosmith,1998
pianote,378483,The Middle,Zedd / Maren Morris / Grey,2018
pianote,378485,The Power Of Love,Celine Dion,1993
pianote,379849,It Might As Well Be Spring,Oscar Hammerstein II / Richard Rodgers,1945
pianote,378850,Dust In The Wind,Kansas,1977
pianote,379609,Another Day Of Sun,La La Land Cast,2016
pianote,379667,I Knew You Were Trouble,Taylor Swift,2012
pianote,382644,Rainy Days And Mondays,Carpenters,1971
pianote,382680,I Could Have Danced All Night,Frederick Loewe,1956
pianote,382763,Hungarian Dance No. 5 (Easy Version),Johannes Brahms,1950
pianote,384061,She’s So High,Tal Bachman,1999
pianote,382710,Besame Mucho (Kiss Me Much),Consuelo Velazquez,1971
pianote,379878,"Theme From ""New York, New York""",Frank Sinatra,1979
pianote,378577,I Don't Need Anything But You,Charles Strouse,1977
pianote,379182,Paris,The Chainsmokers,2017
pianote,379085,Let Her Go,Passenger,2012
pianote,379036,If You Had My Love,Jennifer Lopez,1999
pianote,379277,Sunny Came Home,Shawn Colvin,1996
pianote,379715,Michelle,The Beatles,1966
pianote,378694,Alone,Heart,1987
pianote,379046,Ironic,Alanis Morissette,1996
pianote,379884,Basin Street Blues,Louis Armstrong,1928
pianote,378563,Driver's License,Olivia Rodrigo,2021
pianote,378628,Balm In Gilead,African-American Spiritual,1854
pianote,378909,Girls Like You,Maroon 5,2018
pianote,379787,The Schuyler Sisters,Lin-Manuel Miranda,2015
pianote,379288,The Climb,Miley Cyrus,2009
pianote,379559,American Pie,Don McLean,1971
pianote,379547,You're The Inspiration,Chicago,1984
pianote,378525,What Makes You Beautiful,One Direction,2011
pianote,379982,Fortune Favors The Brave (from Aida),Elton John,2001
pianote,378818,Crimson And Clover,Tommy James & The Shondells,1968
pianote,379565,Blue Eyes,Elton John,1982
pianote,379799,I Know Where I've Been,Queen Latifah,2007
pianote,382602,Pathétique,Ludwig van Beethoven,1798
pianote,379557,That's What Friends Are For,Dionne & Friends,1985
pianote,379444,Days Of Wine And Roses,Johnny Mercer / Henry Mancini,1963
pianote,379498,"Take The ""A"" Train",Duke Ellington,1939
pianote,379321,We Found Love,Rihanna,2011
pianote,378642,Wouldn't It Be Nice,The Beach Boys,1966
pianote,379765,Empty Chairs At Empty Tables,Boublil / Schonberg,2009
pianote,379603,I Kissed A Girl,Katy Perry,2008
pianote,378977,House Of Gold,Twenty One Pilots,2011
pianote,378660,1234,Feist,2007
pianote,379140,No One,Alicia Keys,2007
pianote,382634,What The World Needs Now Is Love,Jackie DeShannon,1965
pianote,379168,One More Light,Linkin Park,2017
pianote,378959,Hey Brother,Avicii,2013
pianote,379852,I Just Want To Make Love To You,Etta James,1960
pianote,379669,California Girls,The Beach Boys,1965
pianote,379575,Philadelphia Freedom,Elton John,1977
pianote,378624,It Came Upon The Midnight Clear,Traditional Carol,1849
pianote,378788,Candle In The Wind,Elton John,1973
pianote,379840,I've Got A Crush On You,George Gershwin,1930
pianote,382506,All Falls Down,Alan Walker,2015
pianote,379661,Take The Long Way Home,Supertramp,1979
pianote,379824,Lonely Room,Rodgers & Hammerstein,1943
pianote,378742,Big Yellow Taxi,Joni Mitchell,1970
pianote,379238,Shallow,Lady Gaga & Bradley Cooper,2018
pianote,378810,Complicated,Avril Lavigne,2002
pianote,379952,You Are The Sunshine Of My Life,Stevie Wonder,1972
pianote,378521,We Are Young,fun.,2012
pianote,382575,Numb,Linkin Park,2003
pianote,379725,While My Guitar Gently Weeps,The Beatles,1968
pianote,379345,Canon in D,Johann Pachelbel,1680
pianote,379643,Bohemian Rhapsody,Queen,1975
pianote,378658,(I Just) Died In Your Arms,Cutting Crew,1986
pianote,379771,La Vie En Rose (Take Me To Your Heart Again),Edith Piaf,1949
pianote,382689,Time To Say Goodbye,Andrea Bocelli,1995
pianote,378991,I Can’t Make You Love Me,Bonnie Raitt,1991
pianote,382716,Easy As Life,Elton John,2001
pianote,379641,Maybe I'm Amazed,Paul McCartney,1970
pianote,378882,Fight Song,Rachel Platten,2014
pianote,379905,Rockin' Around The Christmas Tree,Brenda Lee,1958
pianote,382527,Glycerine,Bush,1994
pianote,379474,Night And Day,Cole Porter,1932
pianote,379923,The Perfect Nanny,Sherman Brothers,1964
pianote,382735,Symphony No. 5 (Easy Version),Ludwig van Beethoven,1808
pianote,379683,Little Deuce Coupe,The Beach Boys,1963
pianote,384099,Without Me,Halsey,2020
pianote,379366,Prelude in C Major,Johann Sebastian Bach,1742
pianote,379387,"Prelude Op. 28, No. 4",Frederic Chopin,1839
pianote,378754,Breakaway,Kelly Clarkson,2004
pianote,379866,I Could Write A Book,Frank Sinatra,1952
pianote,379303,Time After Time,Cyndi Lauper,1983
pianote,378588,My Favorite Things,Julie Andrews,1965
pianote,382670,Angel Of Music,Andrew Lloyd Webber,2004
pianote,382525,Footloose,Kenny Loggins,1984
pianote,378559,Zero to Hero,Alan Menken / David Zippel,1997
pianote,379623,Tutti Frutti,Little Richard,1957
pianote,378878,Feels Like Home,Chantal Kreviazuk,1999
pianote,379305,Titanium,David Guetta (feat. Sia),2011
pianote,379158,Ocean Eyes,Billie Eilish,2016
pianote,379583,Blue Suede Shoes,Elvis Presley,1956
pianote,379561,And I Am Telling You I'm Not Going,Jennifer Holiday,1982
pianote,382809,Le Coucou (Easy Version),Louis-Claude Daquin,1735
pianote,379974,Reflection,Christina Aguilera,1999
pianote,379034,If You Could Read My Mind,Gordon Lightfoot,1970
pianote,379755,I Don't Know How To Love Him,Andrew Lloyd Webber,1970
pianote,382720,It's a Long Way to Tipperary,Jack Judge and Harry Williams,1914
pianote,378722,Bad Liar,Imagine Dragons,2019
pianote,378965,"Hey, Soul Sister",Train,2009
pianote,379309,True Colors,Cyndi Lauper,1986
pianote,386124,Shekinah,Forerunner Music,2010
pianote,382543,I Do,Lisa Loeb,1987
pianote,379507,All I Ask Of You,Andrew Lloyd Webber,2004
pianote,379956,How Insensitive (Insensatez),Diana Krall,2006
pianote,378479,The House That Built Me,Miranda Lambert,2009
pianote,379569,Daniel,Elton John,1972
pianote,382521,Fire and Rain,James Taylor,1970
pianote,379313,Wake Me Up,Avicii,2013
pianote,378501,Too Good At Goodbyes,Sam Smith,2018
pianote,379083,Leaving On A Jet Plane,John Denver,1969
pianote,379673,"Fun, Fun, Fun",The Beach Boys,1964
pianote,379826,Maria,Rodgers & Hammerstein,1965
pianote,382785,Kiss The Rain (Easy Version),Yiruma,2003
pianote,386114,No One Ever Cared For Me Like Jesus,Steffany Gretzinger,2020
pianote,379797,I Can Hear The Bells,Marc Shaiman,2007
pianote,379108,Manic Monday,The Bangles,1986
pianote,386116,I Will Remember You,Sarah McLachlan,1993
pianote,379013,I Won’t Back Down,Tom Petty And The Heartbreakers,1991
pianote,379637,(Sittin' On) The Dock Of The Bay,Otis Redding,1968
pianote,382583,Pull Me Through,Jim Cuddy,2006
pianote,378702,American Girl,Tom Petty And The Heartbreakers,1976
pianote,378616,Blue Christmas,Andy Williams,1963
pianote,382531,Good Mother,Jann Arden,1994
pianote,378999,I Saw The Light,Hank Williams,1948
pianote,379563,Bennie And The Jets,Elton John,1973
pianote,378726,Beast Of Burden,The Rolling Stones,1978
pianote,382749,Gymnopedie No. 1 (Easy Version),Erik Satie,1888
pianote,379633,Home,Michael Buble,2005
pianote,378868,Faded,Alan Walker,2015
pianote,379976,Ching-A-Ring Chaw,Aaron Copland,1952
pianote,382557,Little Lies,Fleetwood Mac,1987
pianote,379805,Chandelier,Sia Furler / Jesse Shatkin,2014
pianote,379625,Memories,Maroon 5,2019
pianote,382668,L.A. Woman,The Doors,1971
pianote,382722,Cornfield Chase,Hans Zimmer,2014
pianote,379898,Do You Hear What I Hear,Andy Williams,1964
pianote,382699,We're All In This Together,High School Musical Cast,2006
pianote,378600,As It Was,Harry Styles,2022
pianote,379931,You've Got A Friend,Carole King,1971
pianote,384059,Scar,Missy Higgins,2004
pianote,382642,Goodbye To Love,Carpenters,1972
pianote,378830,Daydream Believer,The Monkees,1967
pianote,384089,The Way You Look Tonight,Frank Sinatra,1936
pianote,379990,Don't Do Me Like That,Tom Petty And The Heartbreakers,1979
pianote,378716,Bad Blood,Taylor Swift,2014
pianote,379075,Knockin’ On Heaven’s Door,Bob Dylan,1991
pianote,379969,Rudolph The Red-Nosed Reindeer,Johnny Marks,1949
pianote,379114,Mean,Taylor Swift,2010
pianote,382535,Hit The Road Jack,Ray Charles,1962
pianote,379472,My Funny Valentine,Richard Rodgers / Lorenz Hart,1937
pianote,378549,You’re So Vain,Carly Simon,1972
pianote,379007,I Think We’re Alone Now,Tommy James & The Shondells,1967
pianote,379116,Meant To Be,Bebe Rexha,2017
pianote,378931,Happy,Pharrell Williams,2014
pianote,379785,The Room Where It Happens,Lin-Manuel Miranda,2015
pianote,384097,With Arms Wide Open,Creed,1999
pianote,379689,All My Loving,The Beatles,1963
pianote,378814,Crazy,Gnarls Barkley,2006
pianote,379432,Autumn Leaves,Jacques Prevert / Johnny Mercer,1946
pianote,378935,Havana,Camila Cabello,2017
pianote,379591,Blueberry Hill,Elvis Presley,1957
pianote,379933,Imagine,John Lennon,1971
pianote,382712,Moon River,Henry Mancini & Orchestra,1961
pianote,384029,Like A Rolling Stone,Bob Dylan,1965
pianote,384073,Superman (It’s Not Easy),Five For Fighting,2000
pianote,379190,Photograph,Ed Sheeran,2015
pianote,378939,Heart-Shaped Box,Nirvana,1993
pianote,379665,Back To December,Taylor Swift,2010
pianote,379346,River Flows In You,Yiruma,2001
pianote,378656,(Everything I Do) I Do It For You,Bryan Adams,1991
pianote,379188,Perfect,Ed Sheeran,2017
pianote,384081,"Take Me Home, Country Roads",John Denver,1971
pianote,382674,Think Of Me,Andrew Lloyd Webber,2004
pianote,379254,Someone Like You,Adele,2011
pianote,379325,Wrecking Ball,Miley Cyrus,2013
pianote,379077,Landslide,Fleetwood Mac,1975
pianote,378762,Bridge Over Troubled Water,Simon & Garfunkel,1970
pianote,382581,Piano Man,Billy Joel,1973
pianote,379907,Away In A Manger (Murray),Traditional Carol,1882
pianote,379890,Fever,Peggy Lee,1958
pianote,382801,Amelie Theme (Comptine d’un autre été) (Easy Version),Yann Tiersen,2001
pianote,379635,Don't Know Why,Norah Jones,2002
pianote,379339,Don't Stop Believin',Journey,1981
pianote,378730,Beauty And The Beast,Celine Dion,1991
pianote,379713,In My Life,The Beatles,1966
pianote,384095,Wild World,Cat Stevens,1970
pianote,378481,The Lion Sleeps Tonight,Robert John,1991
pianote,379617,Someone You Loved,Lewis Capaldi,2019
pianote,379172,Open Arms,Journey,1981
pianote,379659,Come Sail Away,Styx,1977
pianote,382630,He's a Pirate,"Klaus Badelt, Geoffrey Zanelli, Hans Zimmer",2003
pianote,378784,Can’t Help Falling In Love,Elvis Presley,1961
pianote,378674,Africa,Toto,1982
pianote,379719,Something,The Beatles,1969
pianote,379389,Le Coucou,Louis-Claude Daquin,1735
pianote,378499,This Feeling,The Chainsmokers feat. Kelsea Ballerini,2018
pianote,379509,Don't Cry For Me Argentina,Andrew Lloyd Webber,1976
pianote,378981,How To Save A Life,The Fray,2005
pianote,382523,Foolish Games,Jewel,1995
pianote,379220,Sangria,Blake Shelton,2015
pianote,382549,Let Me Love You,Mario,2004
pianote,378654,It's a Long Way to the Top (If You Wanna Rock 'n' Roll),AC/DC,1975
pianote,379021,I’ll Be There For You,The Rembrandts,1995
pianote,378740,Big Girls Don’t Cry,Fergie,2006
pianote,379092,Lights,Ellie Goulding,2010
pianote,384045,Play It Again,Luke Bryan,2013
pianote,384093,Wicked Game,Chris Isaak,1989
pianote,379275,Summer Of '69,Bryan Adams,1984
pianote,379067,Keep Holding On,Avril Lavigne,2007
pianote,379110,Marry Me,Thomas Rhett,2017
pianote,379379,"Nocturne in E Flat Op. 9, No. 2",Frederic Chopin,1875
pianote,379925,The Wonderful Thing About Tiggers,Sherman Brothers,1966
pianote,379170,Only Wanna Be With You,Hootie & The Blowfish,1994
pianote,379422,You'll Be In My Heart,Phil Collins,1999
pianote,382604,"Nocturne Op. 55, No. 1",Frederic Chopin,1875
pianote,379735,Roadhouse Blues,The Doors,1970
pianote,379212,Rocket Man,Elton John,1972
pianote,378575,On My Own,Boublil / Schonberg,2009
pianote,379088,Let It Snow,Holiday,1945
pianote,379017,I’ll Be,Edwin McCain,1997
pianote,379446,Footprints,Wayne Shorter,1966
pianote,382728,City Of Stars,La La Land Cast,2016
pianote,379671,Don't Worry Baby,The Beach Boys,1964
pianote,378684,All I Ask,Adele,2015
pianote,379844,Ain't Misbehavin',Steve Tyrell,2001
pianote,379468,Lullaby Of Birdland,George Shearing / George David Weiss,1952
pianote,378622,We Three Kings Of Orient Are,Traditional Carol,1857
pianote,379749,The Greatest Love Of All,Whitney Houston,1977
pianote,382703,Winnie The Pooh,Sherman Brothers,1966
pianote,379943,Sweet Home Alabama,Lynyrd Skynyrd,1974
pianote,378620,"Still, Still, Still",Traditional,1865
pianote,378704,Angel,Sarah McLachlan,1997
pianote,379830,If My Friends Could See Me Now,Sammy Davis Jr.,1978
pianote,379102,Mad World,Gary Jules,2001
pianote,379859,Blues In The Night,Frank Sinatra,1958
pianote,384077,Sweet Child O’ Mine,Guns N’ Roses,1987
pianote,379705,Day Tripper,The Beatles,1966
pianote,382517,Brown Eyed Girl,Van Morrison,1967
pianote,378858,Endless Love,Diana Ross & Lionel Richie,1981
pianote,378952,Here With Me,Dido,1999
pianote,379967,Happy Xmas (War Is Over),John Lennon,1971
pianote,379371,Solfegietto in C Minor,Johann Sebastian Bach,1766
pianote,379753,Gus: The Theatre Cat,Andrew Lloyd Webber,1983
pianote,379414,Into the Unknown,Indina Menzel and Aurora,2019
pianote,379317,Waterloo,ABBA,1974
pianote,384027,Deux Arabesques,Claude Debussy,1891
pianote,379373,"Waltz in A Flat Op. 39, No. 15",Johannes Brahms,1893
pianote,379178,Over My Head (Cable Car),The Fray,2005
pianote,379364,"Bagatelle Op. 119, No. 5",Ludwig van Beethoven,1822
pianote,382697,Prince Ali,Robin Williams,1992
pianote,378888,Flashlight,Jesse J,2015
pianote,382708,When The Saints Go Marching In,Louis Armstrong,1938
pianote,379393,Anitra's Dance from Peer Gynt,Edvard Grieg,1876
pianote,379164,One,U2,1991
pianote,379539,It's Too Late,Carole King,1971
pianote,379911,Start Of Something New,High School Musical Cast,2006
pianote,379528,Who Are You Now?,Barbra Streisand,2013
pianote,379687,Surfin' U.S.A.,The Beach Boys,1963
pianote,378890,Follow Me,Uncle Kracker,2000
pianote,379032,If I Were A Boy,Beyonce,2008
pianote,378963,Hey There Delilah,Plain White T’s,2006
pianote,379031,Ice Cream,Sarah McLachlan,1993
pianote,379090,Let Me Go,Hailee Steinfeld & Alesso,2017
pianote,378886,Fix You,Coldplay,2005
pianote,379299,Thinking Out Loud,Ed Sheeran,2015
pianote,379783,Satisfied,Lin-Manuel Miranda,2015
pianote,378700,Amazed,Lonestar,1999
pianote,379745,Unchained Melody,The Righteous Brothers,1965
pianote,378608,Puttin' On The Ritz,Irving Berlin,1929
pianote,378471,"Thank U, Next",Ariana Grande,2019
pianote,379347,Kiss The Rain,Yiruma,2003
pianote,379524,Takin' Care Of Business,Bachman-Turner Overdrive,1973
pianote,379984,Radames' Letter,Elton John,2001
pianote,382664,Revolution,The Beatles,1968
pianote,378690,All Through The Night,Cyndi Lauper,1983
pianote,378997,I Fall To Pieces,Patsy Cline,1961
pianote,379166,One Headlight,The Wallflowers,1996
pianote,379311,Umbrella,Rihanna,2007
pianote,379913,What I've Been Looking For,High School Musical Cast,2006
pianote,379723,When I'm Sixty-Four,The Beatles,1967
pianote,378870,Faith,George Michael,1987
pianote,384079,Take It On The Run,REO Speedwagon,1980
pianote,379200,Respect,Aretha Franklin,1967
pianote,379818,Climb Ev'ry Mountain,Rodgers & Hammerstein,1959
pianote,379420,I See the Light,Mandy Moore / Zachary Levi,2010
pianote,379094,Lost Boy,Ruth B.,2015
pianote,378626,Christmas Time Is Here,Vince Guaraldi,1965
pianote,379410,Dance of the Reed Flutes,Pyotr Ilyich Tchaikovsky,1922
pianote,379462,In A Sentimental Mood,Duke Ellington / Manny Kurtz / Irving Mills,1935
pianote,379050,Jack And Diane,John Mellencamp,1982
pianote,379504,Wave,Antonio Carlos Jobim,1967
pianote,382638,He Touched Me,Barbra Streisand,1965
pianote,379282,Take Me To Church,Hozier,2013
pianote,382636,Stand By Me,Ben E. King,1962
pianote,378758,Breathe (2 AM),Anna Nalick,2005
pianote,378774,Bury A Friend,Billie Eilish,2019
pianote,379816,Little Girl Blue,Nina Simone,1959
pianote,378844,Don’t Worry Be Happy,Bobby McFerrin,1988
pianote,382587,Slide,Goo Goo Dolls,1998
pianote,378573,Castle On A Cloud,Boublil / Schonberg,2009
pianote,382678,Master Of The House,Claude-Michel Schonberg,1985
pianote,379795,"Hello, Dolly!",Louis Armstrong,1964
pianote,382541,Hungry Eyes,Eric Carmen,1987
pianote,379711,I Want To Hold Your Hand,The Beatles,1964
pianote,379176,Our Song,Taylor Swift,2006
pianote,378838,Don’t Look Back In Anger,Oasis,1996
pianote,382767,In the Hall of the Mountain King (Easy Version),Edvard Grieg,1875
pianote,386122,Wild Things,Alessia Cara,2015
pianote,379534,Friends,Bette Midler,1972
pianote,382718,Wot Cher! Knocked 'em in the Old Kent Road,Albert Chevalier & Charles Ingle,1891
pianote,382616,Waltz of the Flowers,Pyotr Ilyich Tchaikovsky,1892
pianote,379307,Total Eclipse Of The Heart,Bonnie Tyler,1983
pianote,379003,I Still Haven’t Found What I’m Looking For,U2,1987
pianote,379100,Love Story,Taylor Swift,2008
pianote,379599,Piece Of My Heart,Janis Joplin,1968
pianote,378836,Don’t Let The Sun Go Down On Me,Elton John,1974
pianote,379537,I Feel The Earth Move,Carole King,1971
pianote,379500,There Will Never Be Another You,Mack Gordon / Harry Warren,1942
pianote,378565,Million Years Ago,Adele,2015
pianote,384041,Picture,Kid Rock feat. Sheryl Crow,2002
pianote,379921,Let's Go Fly A Kite,Sherman Brothers,1964
pianote,378678,Ain’t No Sunshine,Bill Withers,1971
pianote,379351,Experience,Ludovico Einaudi,2013
pianote,379391,Clair de Lune,Claude Debussy,1905
pianote,384039,Oh Happy Day,Sister Act 2 Cast,1992
pianote,379886,On The Sunny Side Of The Street,Louis Armstrong,1938
pianote,379273,"Sugar, Sugar",The Archies,1969
pianote,378569,Dreams,Fleetwood Mac,1977
pianote,378495,The Sweet Escape,Gwen Stefani,2006
pianote,379847,Cheek To Cheek,Irving Berlin,1935
pianote,378724,Bad Moon Rising,Creedence Clearwater Revival,1969
pianote,382569,My Love Is Your Love,Whitney Houston,1998
pianote,379369,"Jesu, Joy of Man's Desiring",Johann Sebastian Bach,1723
pianote,378533,Cups (When I'm Gone),Anna Kendrick,2015
pianote,379079,Last Friday Night (T.G.I.F.),Katy Perry,2010
pianote,379130,My Happy Ending,Avril Lavigne,2004
pianote,379793,You'll Be Back,Lin-Manuel Miranda,2015
pianote,379880,They Can't Take That Away From Me,Frank Sinatra,1954
pianote,378798,Clocks,Coldplay,2002
pianote,384063,Since U Been Gone,Kelly Clarkson,2004
pianote,378808,Come To My Window,Melissa Etheridge,1993
pianote,379192,Poker Face,Lady Gaga,2008
pianote,379679,I Get Around,The Beach Boys,1964
pianote,382539,How Far I'll Go,Auli'i Cravalho,2016
pianote,378899,From This Moment On,Shania Twain,1997
pianote,379958,I Can Only Imagine,MercyMe,1999
pianote,379828,"So Long, Farewell",Rodgers & Hammerstein,1965
pianote,378901,Girl,Maren Morris,2019
pianote,378828,Dancing With A Stranger,Sam Smith,2020
pianote,379424,You've Got A Friend In Me,Randy Newman,1995
pianote,379128,My All,Mariah Carey,1997
pianote,378820,Cruise,Florida Georgia Line,2012
pianote,378989,I Can See Clearly Now,Johnny Nash,1993
pianote,378497,The Way I Am,Ingrid Michaelson,2007
pianote,379198,Remedy,Adele,2015
pianote,379663,I Dreamed A Dream,Susan Boyle,2009
pianote,379377,"Valse Op. 64, No. 2",Frederic Chopin,1847
pianote,384071,Stone Cold,Demi Lovato,2015
pianote,379027,I’m With You,Avril Lavigne,2002
pianote,379202,Right Here Waiting,Richard Marx,2017
pianote,379842,Put On A Happy Face,Charles Strouse,1960
pianote,378804,Collide,Howie Day,2003
pianote,379482,Satin Doll,Duke Ellington / Billy Strayhorn / Johnny Mercer,1953
pianote,378692,All You Need Is Love,The Beatles,1967
pianote,382682,Someone To Watch Over Me,George Gershwin,1926
pianote,379138,New Rules,Dua Lipa,2017
pianote,379025,I’m Already There,Lonestar,2001
pianote,384067,Somebody That I Used To Know,Gotye,2011
pianote,378756,Breakeven,The Script,2008
pianote,379737,People Are Strange,The Doors,1967
pianote,379971,Feliz Navidad,Jose Feliciano,2014
pianote,379856,As Time Goes By,Frank Sinatra,1962
pianote,382745,Eine Kleine Nachtmusik (Easy Version),Wolfgang Amadeus Mozart,1787
pianote,379478,On Green Dolphin Street,Bronislau Kaper / Ned Washington,1947
pianote,379066,Just The Way You Are,Bruno Mars,2010
pianote,384083,Tattoo,Jordin Sparks,2007
pianote,379399,"Venetian Boat Song in G Minor Op. 1, No. 6",Felix Mendelssohn,1841
pianote,379655,A House Is Not A Home,Steve Tyrell,2008
pianote,379876,Strangers In The Night,Frank Sinatra,1966
pianote,384085,Tequila,Dan + Shay,2018
pianote,382672,The Phantom Of The Opera,Andrew Lloyd Webber,2004
pianote,378451,Beautiful Life,Ace of Base,1995
pianote,382743,"Jesu, Joy of Man's Desiring (Easy Version)",Johann Sebastian Bach,1723
pianote,382626,So This is Love,"Jerry Livingston, Mack David, Al Hoffman",1948
pianote,379058,Jolene,Dolly Parton,1973
pianote,382614,Dance of the Sugar Plum Fairy,Pyotr Ilyich Tchaikovsky,1922
pianote,379073,Kiss Me,Sixpence None The Richer,1999
pianote,378581,Luck Be A Lady,Frank Loesser,1950
pianote,382547,Keep On Loving You,REO Speedwagon,1980
pianote,378473,Thank You,Dido,1999
pianote,382610,Eine Kleine Nachtmusik,Wolfgang Amadeus Mozart,1787
pianote,378509,Unconditionally,Katy Perry,2013
pianote,378543,Yellow Submarine,The Beatles,1966
pianote,379717,"Ob-La-Di, Ob-La-Da",The Beatles,1968
pianote,379488,Someday My Prince Will Come,Al Sherman,1937
pianote,378792,Cecilia,Simon & Garfunkel,1970
pianote,379263,Stay With Me,Sam Smith,2014
pianote,379587,Hound Dog,Elvis Presley,1956
pianote,379601,You Are So Beautiful,Joe Cocker,1974
pianote,378586,Getting To Know You,Rodgers & Hammerstein,1951
pianote,379295,The Sound Of Silence,Simon & Garfunkel,1964
pianote,379222,Save Tonight,Eagle-Eye Cherry,1997
pianote,379234,Set Fire To The Rain,Adele,2011
pianote,379777,Alexander Hamilton,Lin-Manuel Miranda,2015
pianote,378604,Blinding Lights,The Weeknd,2020
pianote,379892,Mack The Knife,Bert Brecht / Marc Blitzstein / Kurt Weill,1928
pianote,379809,El Tango De Roxanne,Craig Pearce / Baz Luhrmann / Gordon Sumner / Mariano Mores,2014
pianote,379980,The Little Horses,Aaron Copland,1952
pianote,379454,I Got Rhythm,George Gershwin,1930
pianote,382537,Honky Tonk Women,The Rolling Stones,1969
pianote,378640,I Put A Spell On You,Nina Simone,1965
pianote,382504,Absolutely (Story of a Girl),Nine Days,2000
pianote,379697,Yesterday,The Beatles,1965
pianote,378475,The Edge Of Glory,Lady Gaga,2011
pianote,379315,Walking In Memphis,Marc Cohn,1991
pianote,379615,Is That Alright?,Lady Gaga,2019
pianote,382589,Son Of A Preacher Man,Dusty Springfield,1969
pianote,379709,Got To Get You Into My Life,The Beatles,1966
pianote,379836,I Left My Heart In San Francisco,Tony Bennett,1953
pianote,379763,Do You Hear The People Sing?,Boublil / Schonberg,2009
pianote,379152,Nothing Compares 2 U,Sinead O’Connor,1990
pianote,379011,I Will Always Love You,Whitney Houston,1992
pianote,378648,Tin Tin Deo,Oscar Peterson,1968
pianote,379773,Some Other Time,Leonard Bernstein,1944
pianote,382747,Turkish March (Easy Version),Wolfgang Amadeus Mozart,1784
pianote,379362,Ode To Joy,Ludwig van Beethoven,1824
pianote,378734,Behind These Hazel Eyes,Kelly Clarkson,2004
pianote,379597,When I Fall In Love,Victor Young / Edward Heyman,1956
pianote,379112,May It Be,Enya,2001
pianote,382509,Battlefield,Jordin Sparks,2009
pianote,382599,With Or Without You,U2,1987
pianote,379360,Symphony No. 5,Ludwig van Beethoven,1808
pianote,379516,Only The Good Die Young,Billy Joel,1977
pianote,379733,"Hello, I Love You (Won't You Tell Me Your Name?)",The Doors,1968
pianote,379019,I’ll Be There,Mariah Carey,1996
pianote,379896,I'll Be Home For Christmas,Bing Crosby,1943
pianote,378897,From A Distance,Bette Midler,1990
pianote,379492,St. Thomas,Sonny Rollins,1984
pianote,379029,I’m Yours,Jason Mraz,2008
pianote,378933,Hard To Say I’m Sorry,Chicago,1982
pianote,378455,Drift Away,Dobie Gray,1973
pianote,378523,What About Us,P!nk,2017
pianote,379747,What's Love Got To Do With It,Tina Turner,1984
pianote,378794,Chasing Cars,Snow Patrol,2006
pianote,379988,"Love, Don't Turn Away",Tom Jones,1997
pianote,379619,Don't Know Much,Linda Ronstadt / Aaron Neville,1989
pianote,379803,The Nicest Kids In Town,Marc Shaiman,2007
pianote,378937,Have You Ever Seen The Rain,Creedence Clearwater Revival,1971
pianote,382654,Carry On Wayward Son,Kansas,1976
pianote,378846,Dream A Little Dream,Ella Fitzgerald,1950
pianote,379252,Skyscraper,Demi Lovato,2011
pianote,379154,Nothing Else Matters,Metallica,1991
pianote,379761,People,Barbra Streisand,1964
pianote,378453,Deck The Halls,Holiday,1862
pianote,379577,Saturday Night's Alright (For Fighting),Elton John,1973
pianote,379731,Break On Through (To The Other Side),The Doors,2001
pianote,378880,Fields Of Gold,Sting,1993
pianote,378513,Waiting On The World To Change,John Mayer,2006
pianote,379230,See You Again,Wiz Khalifa,2015
pianote,378537,White Flag,Dido,2003
pianote,379480,Recorda Me,Joe Henderson,1963
pianote,379992,And I Love You So,Perry Como,1973
pianote,379739,Love Me Two Times,The Doors,1967
pianote,379915,When There Was Me And You,High School Musical Cast,2006
pianote,378824,Dancing In The Dark,Bruce Springsteen,1984
pianote,379062,Just A Dream,Nelly,2010
pianote,378602,I Feel It Coming,The Weeknd,2017
pianote,379319,We Belong Together,Mariah Carey,2005
pianote,378856,Empire State Of Mind,Alicia Keys,2009
pianote,378618,The Most Wonderful Time Of The Year,Andy Williams,1963
pianote,379812,Singin' In The Rain,Nacio Herb Brown,1929
pianote,378634,This Little Light Of Mine,African-American Spiritual,1925
pianote,379132,My Immortal,Evanescence,2003
pianote,379069,Killing Me Softly,Roberta Flack,1973
pianote,382759,Clair de Lune (Easy Version),Claude Debussy,1905
pianote,378911,Give A Little Bit,Supertramp,1977
pianote,382753,Dance of the Sugar Plum Fairy (Easy Version),Pyotr Ilyich Tchaikovsky,1922
pianote,378555,Be Our Guest,Howard Ashman / Alan Menken,1991
pianote,379653,"Oh, Pretty Woman",Roy Orbison,1964
pianote,379333,You Say,Lauren Daigle,2018
pianote,379381,"Prelude Op. 28, No. 6",Frederic Chopin,1839
pianote,378892,Free Fallin’,Tom Petty And The Heartbreakers,1991
pianote,379214,Rockin’ In The Free World,Neil Young,1989
pianote,382620,Prologue,Alan Menken,1992
pianote,382612,Standchen (Sarabande),Franz Peter Schubert,1826
pianote,378790,Catch My Breath,Kelly Clarkson,2012
pianote,378760,Breathin,Ariana Grande,2018
pianote,379649,We Are The Champions,Queen,1977
pianote,378606,Can't Feel My Face,The Weeknd,2015
pianote,379854,A Foggy Day (In London Town),Frank Sinatra,1954
pianote,379060,Joy To The World,Holiday,1719
pianote,382533,Hands,Jewel,1998
pianote,382513,Blame It On The Rain,Milli Vanilli,1989
pianote,379579,Sorry Seems To Be The Hardest Word,Elton John,2002
pianote,382618,Arabian Dance,Pyotr Ilyich Tchaikovsky,1892
pianote,378876,Fast Car,Tracy Chapman,1988
pianote,378650,A Night In Tunisia,"John ""Dizzy"" Gillespie / Frank Paparelli",1951
pianote,382500,5 Days In May,Blue Rodeo,1993
pianote,379490,Solar,Miles Davis,1954
pianote,382529,Gone Away,The Offspring,1997
pianote,379174,Ophelia,The Lumineers,2016
pianote,382571,My Moon My Man,Feist,2007
pianote,378670,A Thousand Miles,Vanessa Carlton,2002
pianote,378750,Born To Be Wild,Steppenwolf,1968
pianote,379337,Easy On Me,Adele,2021
pianote,378592,Sixteen Going On Seventeen,Rodgers & Hammerstein,1965
pianote,382545,I Was Here,Beyonce,2011
pianote,379948,You’re Still The One,Shania Twain,1997
pianote,379946,Bless The Broken Road,Rascal Flatts,2004
pianote,379144,No Scrubs,TLC,1999
pianote,378948,Here Comes The Rain Again,Eurythmics,1983
pianote,386129,Happy Birthday,Traditional,1893
pianote,379186,Penny Lane,The Beatles,1967
pianote,378612,Greensleeves,Traditional Carol,1871
pianote,378449,Amazing Grace,Traditional Hymn,1779
pianote,379418,Colors of the Wind,Alan Menken / Stephen Schwartz,1995
pianote,378535,Where Do Broken Hearts Go,Whitney Houston,1987
pianote,378489,The Show,Lenka,2008
pianote,382733,Für Elise (Easy Version),Ludwig van Beethoven,1810
pianote,382567,My Heart Will Go On,Celine Dion,1997
singeo,380068,Beautiful,Christina Aguilera,2002
singeo,380070,Beauty And The Beast,Celine Dion,1991
singeo,380072,Believe,Cher,1998
singeo,380074,Blank Space,Taylor Swift,2014
singeo,380076,Bleeding Love,Leona Lewis,2007
singeo,380078,Blue Moon,Frank Sinatra,2018
singeo,380080,Born To Be Wild,Steppenwolf,1968
singeo,380082,Brave,Sara Bareilles,2013
singeo,380084,Breakaway,Kelly Clarkson,2004
singeo,380086,Breakeven,The Script,2008
singeo,380088,Breathe (2 AM),Anna Nalick,2005
singeo,380090,Breathin,Ariana Grande,2018
singeo,380092,Bridge Over Troubled Water,Simon & Garfunkel,1970
singeo,380094,Bring Me To Life,Evanescence,2003
singeo,380096,Broken Wings,Mr. Mister,1985
singeo,380098,Bubbly,Colbie Caillat,2007
singeo,380100,Build Me Up Buttercup,The Foundations,1968
singeo,380102,Building A Mystery,Sarah McLachlan,1997
singeo,380104,Bury A Friend,Billie Eilish,2019
singeo,380106,California Dreamin’,The Mamas & The Papas,1965
singeo,380108,Call Me Maybe,Carly Rae Jepsen,2012
singeo,380110,Calling All Angels,Train,2003
singeo,380112,Can You Feel The Love Tonight,Elton John,1994
singeo,380114,Can’t Help Falling In Love,Elvis Presley,1961
singeo,380116,Can’t Take My Eyes Off You,Morten Harket,2016
singeo,380118,Candle In The Wind,Elton John,1973
singeo,380120,Catch My Breath,Kelly Clarkson,2012
singeo,380122,Cecilia,Simon & Garfunkel,1970
singeo,380124,Chasing Cars,Snow Patrol,2006
singeo,380126,Cheap Thrills,Sia,2016
singeo,380128,Clocks,Coldplay,2002
singeo,380130,Close To Me,Ellie Goulding / Diplo / Swae Lee,2018
singeo,380132,Closer,The Chainsmokers / Halsey,2017
singeo,380134,Collide,Howie Day,2003
singeo,380136,Come Away With Me,Norah Jones,2002
singeo,380138,Complicated,Avril Lavigne,2002
singeo,380140,Count On Me,Bruno Mars,2010
singeo,380142,Crazy,Gnarls Barkley,2006
singeo,380144,Creep,Radiohead,1993
singeo,380146,Crimson And Clover,Tommy James & The Shondells,1968
singeo,380148,Cry Me A River,Justin Timberlake,2002
singeo,380150,Dancing In The Dark,Bruce Springsteen,1984
singeo,380152,Dancing Queen,ABBA,1976
singeo,380154,Dancing With A Stranger,Sam Smith,2020
singeo,380156,Delicate,Taylor Swift,2017
singeo,380158,Desperado,Eagles,1973
singeo,380160,Don’t Let The Sun Go Down On Me,Elton John,1974
singeo,380162,Don’t Look Back In Anger,Oasis,1996
singeo,380164,Don’t Speak,No Doubt,1996
singeo,380166,Don’t Stop The Music,Rihanna,2007
singeo,380168,Don’t Worry Be Happy,Bobby McFerrin,1988
singeo,380170,Dream A Little Dream,Ella Fitzgerald,1950
singeo,380172,Drops Of Jupiter (Tell Me),Train,2001
singeo,380174,Dust In The Wind,Kansas,1977
singeo,380176,Dynamite,Taio Cruz,2010
singeo,380178,Eastside,Benny Blanco / Halsey / Khalid,2018
singeo,380180,Empire State Of Mind,Alicia Keys,2009
singeo,380182,Endless Love,Diana Ross & Lionel Richie,1981
singeo,380184,Eternal Flame,The Bangles,1988
singeo,380186,Every Breath You Take,The Police,1983
singeo,380188,Eye Of The Tiger,Survivor,1982
singeo,380190,F**kin’ Perfect,P!nk,2010
singeo,380192,Faded,Alan Walker,2015
singeo,380194,Faithfully,Journey,1983
singeo,380196,Fallin’,Alicia Keys,2001
singeo,380198,Fast Car,Tracy Chapman,1988
singeo,380200,Feels Like Home,Chantal Kreviazuk,1999
singeo,380202,Fields Of Gold,Sting,1993
singeo,380204,Fight Song,Rachel Platten,2014
singeo,380206,Firework,Katy Perry,2010
singeo,380208,Fix You,Coldplay,2005
singeo,380210,Flashlight,Jesse J,2015
singeo,380212,Friends,Marshmello & Anne-Marie,2017
singeo,380214,From A Distance,Bette Midler,1990
singeo,380216,From This Moment On,Shania Twain,1997
singeo,380218,Girl,Maren Morris,2019
singeo,380220,Girl Crush,Little Big Town,2014
singeo,380222,Girlfriend,Avril Lavigne,2007
singeo,380224,Girls Just Want To Have Fun,Cyndi Lauper,1983
singeo,380226,Girls Like You,Maroon 5,2018
singeo,380228,Give Me One Reason,Tracy Chapman,1995
singeo,380230,God Gave Me You,Blake Shelton,2011
singeo,380232,Goodbye Yellow Brick Road,Elton John,1973
singeo,380234,Gravity,Sara Bareilles,2007
singeo,380236,Halo,Beyonce,2008
singeo,380238,Happy,Pharrell Williams,2014
singeo,380240,Havana,Camila Cabello,2017
singeo,380242,Have You Ever Seen The Rain,Creedence Clearwater Revival,1971
singeo,380244,Hello,Adele,2015
singeo,380247,Here Comes The Sun,The Beatles,1969
singeo,380249,Hero,Enrique Iglesias,2001
singeo,380252,Hey Brother,Avicii,2013
singeo,380254,Hey Jude,The Beatles,1968
singeo,380256,Home Sweet Home,Motley Crue,1985
singeo,380258,Hot N Cold,Katy Perry,2008
singeo,380260,House Of Gold,Twenty One Pilots,2011
singeo,380262,How Do I Live,LeAnn Rimes,1997
singeo,380264,How To Save A Life,The Fray,2005
singeo,380266,"10,000 Reasons (Bless The Lord)",Matt Redman,2013
singeo,380268,I Can See Clearly Now,Johnny Nash,1993
singeo,380270,I Say A Little Prayer,Aretha Franklin,1968
singeo,380272,I Will Always Love You,Whitney Houston,1992
singeo,380274,Ironic,Alanis Morissette,1996
singeo,380276,Jingle Bells,Michael Buble (feat. The Puppini Sisters),2011
singeo,380278,Jolene,Dolly Parton,1973
singeo,380280,Just Give Me A Reason,P!nk,2012
singeo,380282,Just The Way You Are,Bruno Mars,2010
singeo,380284,Keep Holding On,Avril Lavigne,2006
singeo,380286,Killing Me Softly,Roberta Flack,1973
singeo,380288,Kiss From A Rose,Seal,1994
singeo,380290,Let Her Go,Passenger,2012
singeo,380292,Let It Be,The Beatles,1970
singeo,380294,Lights,Ellie Goulding,2010
singeo,380296,Lost Boy,Ruth B.,2015
singeo,380298,Love Me Like You Do,Ellie Goulding,2017
singeo,380300,Love Song,Sara Bareilles,2007
singeo,380302,Love Story,Taylor Swift,2008
singeo,380304,Mad World,Gary Jules,1983
singeo,380306,Make You Feel My Love,Adele,2008
singeo,380308,Mean,Taylor Swift,2010
singeo,380310,Mercy,Duffy,2008
singeo,380312,My All,Mariah Carey,1997
singeo,380314,My Happy Ending,Avril Lavigne,2004
singeo,380316,My Immortal,Evanescence,2003
singeo,380318,Need You Now,Lady Antebellum,2009
singeo,380320,No One,Alicia Keys,2007
singeo,380322,Not Over You,Gavin DeGraw,2014
singeo,380324,Not The Only One,Sam Smith,2014
singeo,380326,Nothing Compares 2 U,Sinead O’Connor,1990
singeo,380328,O Holy Night,Perry Como,1968
singeo,380330,Our Song,Taylor Swift,2006
singeo,380332,Paparazzi,Lady Gaga,2008
singeo,380334,Penny Lane,The Beatles,1967
singeo,380336,Perfect,Ed Sheeran,2017
singeo,380338,Photograph,Ed Sheeran,2015
singeo,380340,Poker Face,Lady Gaga,2008
singeo,380342,Pompeii,Bastille,2013
singeo,380344,Rehab,Amy Winehouse,2006
singeo,380346,Remedy,Adele,2015
singeo,380348,Respect,Aretha Franklin,1967
singeo,380350,Right Here Waiting,Richard Marx,2017
singeo,380352,Riptide,Vance Joy,2013
singeo,380354,Rise Up,Andra Day,2015
singeo,380356,River,Joni Mitchell,1971
singeo,380358,Roar,Katy Perry,2013
singeo,380360,Rocket Man,Elton John,1972
singeo,380362,Rolling In The Deep,Adele,2011
singeo,380364,Royals,Lorde,2013
singeo,380366,Save Tonight,Eagle-Eye Cherry,1997
singeo,380368,Say Something,A Great Big World,2014
singeo,380370,Say You Won’t Let Go,James Arthur,2016
singeo,380372,Set Fire To The Rain,Adele,2011
singeo,380374,Shake It Off,Taylor Swift,2014
singeo,380376,Shallow,Lady Gaga & Bradley Cooper,2018
singeo,380378,Shape Of You,Ed Sheeran,2017
singeo,380380,She Will Be Loved,Maroon 5,2002
singeo,380382,Sign Of The Times,Harry Styles,2017
singeo,380384,Skyfall,Adele,2014
singeo,380386,Someone Like You,Adele,2011
singeo,380388,Speed Of Sound,Coldplay,2005
singeo,380390,Stay With Me,Sam Smith,2014
singeo,380392,Take A Bow,Madonna,1994
singeo,380394,Take Me To Church,Hozier,2013
singeo,380396,Take My Breath Away,Berlin,1986
singeo,380398,We Are Never Ever Getting Back Together,Taylor Swift,2012
singeo,380400,The Climb,Miley Cyrus,2009
singeo,380402,The First Cut Is The Deepest,Sheryl Crow,2003
singeo,380404,The Rose,Bette Midler,1979
singeo,380406,The Scientist,Coldplay,2002
singeo,380408,The Sound Of Silence,Simon & Garfunkel,1964
singeo,380410,The Winner Takes It All,ABBA,1980
singeo,380412,Thinking Out Loud,Ed Sheeran,2014
singeo,380414,This Love,Maroon 5,2002
singeo,380416,Time After Time,Cyndi Lauper,1983
singeo,380418,Titanium,David Guetta feat. Sia,2011
singeo,380420,Total Eclipse Of The Heart,Bonnie Tyler,1983
singeo,380422,True Colors,Cyndi Lauper,1986
singeo,380424,Umbrella,Rihanna,2007
singeo,380426,Wake Me Up,Avicii,2013
singeo,380428,Walking In Memphis,Marc Cohn,1991
singeo,380430,Waterloo,ABBA,1974
singeo,380432,We Belong Together,Mariah Carey,2005
singeo,380434,We Found Love,Rihanna,2011
singeo,380436,Wind Beneath My Wings,Bette Midler,1988
singeo,380438,Wrecking Ball,Miley Cyrus,2013
singeo,380440,Writing’s On The Wall,Sam Smith,2015
singeo,380442,You Belong With Me,Taylor Swift,2008
singeo,380444,You Raise Me Up,Josh Groban,2003
singeo,380446,You Say,Lauren Daigle,2018
singeo,380448,You’re Beautiful,James Blunt,2004
singeo,380450,Easy On Me,Adele,2021
singeo,380452,Don't Stop Believin,Journey,1981
singeo,380454,Into the Unknown,Indina Menzel and Aurora,2019
singeo,380456,Go The Distance,Michael Bolton,1997
singeo,380458,Colors of the Wind,Alan Menken / Stephen Schwartz,1995
singeo,380460,I See the Light,Mandy Moore and Zachary Levi,2010
singeo,380462,You'll Be In My Heart,Phil Collins,1999
singeo,380466,Always Remember Us This Way,Lady Gaga,2019
singeo,380468,When We Were Young,Adele,2015
singeo,380470,All I Ask Of You,Andrew Lloyd Webber,2004
singeo,380472,Don't Cry For Me Argentina,Andrew Lloyd Webber,1976
singeo,380474,"Shake, Rattle And Roll",Bill Haley and His Comets,1955
singeo,380476,No Time To Die,Billie Eilish,2020
singeo,380478,Lovely,Billie Eilish and Khalid,2018
singeo,380481,My Life,Billy Joel,1978
singeo,380483,Only The Good Die Young,Billy Joel,1977
singeo,380485,She's Got A Way,Billy Joel,1971
singeo,380487,I Can't Make You Love Me,Bonnie Raitt,1991
singeo,380489,Back At One,Brian McKnight,1999
singeo,380491,If I Ain't Got You,Alicia Keys,2003
singeo,380493,Girl On Fire (Inferno Version),Alicia Keys Feat. Nicki Minaj,2012
singeo,380495,Takin' Care Of Business,Bachman-Turner Overdrive,1973
singeo,380497,The Way We Were,Barbra Streisand,1987
singeo,380499,Who Are You Now?,Barbra Streisand,2013
singeo,380501,Mandy,Barry Manilow,1974
singeo,380503,Brick,Ben Folds Five,1997
singeo,380505,Friends,Bette Midler,1972
singeo,380506,I Feel The Earth Move,Carole King,1971
singeo,380508,It's Too Late,Carole King,1971
singeo,380510,Yesterday Once More,Carpenters,1973
singeo,380513,(They Long To Be) Close To You,Carpenters,1970
singeo,380515,You're The Inspiration,Chicago,1984
singeo,380517,"10,000 Hours",Dan + Shay & Justin Bieber,2019
singeo,380519,Rock And Roll Is Here To Stay,Danny & The Juniors,1957
singeo,380521,Changes,David Bowie,1971
singeo,380523,Mama Says,Dean Pitchford,1998
singeo,380525,That's What Friends Are For,Dionne & Friends,1985
singeo,380527,American Pie,Don McLean,1971
singeo,380529,And I Am Telling You I'm Not Going,Jennifer Holiday,1982
singeo,380531,Bennie And The Jets,Elton John,1974
singeo,380533,Blue Eyes,Elton John,1982
singeo,380535,Crocodile Rock,Elton John,1972
singeo,380537,Daniel,Elton John,1973
singeo,380539,I Guess That's Why They Call It The Blues,Elton John,1983
singeo,380541,Lucy in the Sky With Diamonds,Elton John,1975
singeo,380543,Philadelphia Freedom,Elton John,1977
singeo,380545,Saturday Night's Alright (For Fighting),Elton John,1973
singeo,380547,Sorry Seems To Be The Hardest Word,Elton John,2002
singeo,380549,Don't Let The Sun Go Down On Me,Elton John,1974
singeo,380552,Heartbreak Hotel,Elvis Presley,1956
singeo,380555,Jailhouse Rock,Elvis Presley,1957
singeo,380557,Blueberry Hill,Elvis Presley,1957
singeo,380559,100 Years,Five For Fighting,2004
singeo,380561,Say You Love Me,Fleetwood Mac,1975
singeo,380564,You Are So Beautiful,Joe Cocker,1974
singeo,380569,Another Day Of Sun,La La Land Cast,2016
singeo,380573,Is That Alright?,Lady Gaga,2018
singeo,380575,Someone You Loved,Lewis Capaldi,2019
singeo,380577,Don't Know Much,Linda Ronstadt and Aaron Neville,1989
singeo,380579,Good Golly Miss Molly,Little Richard,1958
singeo,380581,Tutti Frutti,Little Richard,1957
singeo,380583,Memories,Maroon 5,2019
singeo,380585,Feeling Good,Michael Buble,2005
singeo,380587,Lost,Michael Buble,2007
singeo,380589,Everything,Michael Buble,2007
singeo,380591,Home,Michael Buble,2005
singeo,380594,(Sittin' On) The Dock Of The Bay,Otis Redding,1968
singeo,380596,Hopelessly Devoted To You,Olivia Newton-John,1978
singeo,380598,Maybe I'm Amazed,Paul McCartney,1970
singeo,380600,Bohemian Rhapsody,Queen,1975
singeo,380602,Love Of My Life,Queen,1975
singeo,380604,Somebody To Love,Queen,1976
singeo,380606,We Are The Champions,Queen,1977
singeo,380608,Unfaithful,Rihanna,2006
singeo,380610,"Oh, Pretty Woman",Roy Orbison,1964
singeo,380612,A House Is Not A Home,Steve Tyrell,2008
singeo,380614,Walk On By,Steve Tyrell,2008
singeo,380616,Come Sail Away,Styx,1977
singeo,380618,Take The Long Way Home,Supertramp,1979
singeo,380620,I Dreamed A Dream,Susan Boyle,2009
singeo,380622,Back To December,Taylor Swift,2010
singeo,380624,I Knew You Were Trouble,Taylor Swift,2012
singeo,380626,California Girls,The Beach Boys,1965
singeo,380628,Don't Worry Baby,The Beach Boys,1964
singeo,380630,"Fun, Fun, Fun",The Beach Boys,1964
singeo,380632,God Only Knows,The Beach Boys,1966
singeo,380634,Good Vibrations,The Beach Boys,1966
singeo,380636,I Get Around,The Beach Boys,1964
singeo,380638,In My Room,The Beach Boys,1966
singeo,380640,Little Deuce Coupe,The Beach Boys,1963
singeo,380642,Surfer Girl,The Beach Boys,1963
singeo,380644,Surfin' U.S.A.,The Beach Boys,1963
singeo,380646,All My Loving,The Beatles,1963
singeo,380648,And I Love Her,The Beatles,1964
singeo,380650,Back in the U.S.S.R.,The Beatles,1968
singeo,380652,Because,The Beatles,1969
singeo,380654,Yesterday,The Beatles,1965
singeo,380656,Blackbird,The Beatles,1968
singeo,380658,Can't Buy Me Love,The Beatles,1964
singeo,380660,Come Together,The Beatles,1969
singeo,380662,Day Tripper,The Beatles,1966
singeo,380664,Eleanor Rigby,The Beatles,1966
singeo,380666,Got To Get You Into My Life,The Beatles,1966
singeo,380668,I Want To Hold Your Hand,The Beatles,1964
singeo,380670,In My Life,The Beatles,1965
singeo,380672,Michelle,The Beatles,1965
singeo,380674,"Ob-La-Di, Ob-La-Da",The Beatles,1968
singeo,380676,Something,The Beatles,1969
singeo,380678,The Long And Winding Road,The Beatles,1970
singeo,380680,When I'm Sixty-Four,The Beatles,1967
singeo,380682,While My Guitar Gently Weeps,The Beatles,1968
singeo,380684,With A Little Help From My Friends,The Beatles,1967
singeo,380686,Easy,The Commodores,1977
singeo,380688,Break On Through (To The Other Side),The Doors,2001
singeo,380690,"Hello, I Love You (Won't You Tell Me Your Name?)",The Doors,1968
singeo,380692,Roadhouse Blues,The Doors,1970
singeo,380694,People Are Strange,The Doors,1967
singeo,380696,Love Me Two Times,The Doors,1967
singeo,380698,Riders On The Storm,The Doors,1971
singeo,380700,"I Can't Help Myself (Sugar Pie, Honey Bunch)",The Four Tops,1965
singeo,380702,Unchained Melody,The Righteous Brothers,1965
singeo,380704,What's Love Got To Do With It,Tina Turner,1984
singeo,380706,The Greatest Love Of All,Whitney Houston,1977
singeo,380708,"The Music of the Night (From ""The Phantom of the Opera"")",Andrea Bocelli,1986
singeo,380710,Gus: The Theatre Cat,Andrew Lloyd Webber,1983
singeo,380712,I Don't Know How To Love Him,Andrew Lloyd Webber,1970
singeo,380714,The Point Of No Return,Andrew Lloyd Webber,2004
singeo,380716,Memory,Andrew Lloyd Webber,1981
singeo,380718,People,Barbra Streisand,1964
singeo,380720,Do You Hear The People Sing?,Boublil and Schonberg,2009
singeo,380722,Empty Chairs At Empty Tables,Boublil and Schonberg,2009
singeo,380724,Tomorrow,Charles Strouse,1977
singeo,380726,Bring Him Home,Claude-Michel Schonberg,1985
singeo,380728,La Vie En Rose (Take Me To Your Heart Again),Edith Piaf,1949
singeo,380730,Some Other Time,Leonard Bernstein,1944
singeo,380732,Pure Imagination,Leslie Bricusse and Anthony Newley,1971
singeo,380734,Alexander Hamilton,Lin-Manuel Miranda,2015
singeo,380736,Guns And Ships,Lin-Manuel Miranda,2015
singeo,380738,My Shot,Lin-Manuel Miranda,2015
singeo,380740,Satisfied,Lin-Manuel Miranda,2015
singeo,380742,The Room Where It Happens,Lin-Manuel Miranda,2015
singeo,380744,The Schuyler Sisters,Lin-Manuel Miranda,2015
singeo,380746,Wait For It,Lin-Manuel Miranda,2015
singeo,380748,Yorktown (The World Turned Upside Down),Lin-Manuel Miranda,2015
singeo,380750,You'll Be Back,Lin-Manuel Miranda,2015
singeo,380752,"Hello, Dolly!",Louis Armstrong,1964
singeo,380754,I Can Hear The Bells,Marc Shaiman,2007
singeo,380756,I Know Where I've Been,Queen Latifah,2007
singeo,380758,Run And Tell That,Marc Shaiman,2007
singeo,380760,The Nicest Kids In Town,Marc Shaiman,2007
singeo,380762,Chandelier,Sia Furler / Jesse Shatkin,2014
singeo,380764,Come What May,David Baerwald / Kevin Gilbert,2014
singeo,380766,El Tango De Roxanne,Craig Pearce / Baz Luhrmann / Gordon Sumner / Mariano Mores,2014
singeo,380769,Singin' In The Rain,Nacio Herb Brown,1929
singeo,380771,Where Do We Go From Here,Nathan Tysen & Daniel Messe,2017
singeo,380773,Little Girl Blue,Nina Simone,1959
singeo,380775,Climb Ev'ry Mountain,Rodgers & Hammerstein,1959
singeo,380777,Do-Re-Mi,Julie Andrews,1965
singeo,380779,I Have Confidence,Rodgers & Hammerstein,1965
singeo,380781,Lonely Room,Rodgers & Hammerstein,1943
singeo,380783,Maria,Rodgers & Hammerstein,1959
singeo,380785,"So Long, Farewell",Rodgers & Hammerstein,1959
singeo,380787,If My Friends Could See Me Now,Sammy Davis Jr.,1978
singeo,380789,Part Of Your World,Alan Menken / Disney,1989
singeo,380791,Because We Believe,Andrea Bocelli,2006
singeo,380793,I'll Be Home For Christmas,Bing Crosby,1943
singeo,380795,Do You Hear What I Hear,Andy Williams,1964
singeo,380797,Silver Bells,Andy Williams,1965
singeo,380799,The Christmas Song (Chestnuts Roasting On An Open Fire),Andy Williams,1946
singeo,380802,Rockin' Around The Christmas Tree,Brenda Lee,1958
singeo,380804,Circle of Life,Tim Rice / Elton John,1994
singeo,380806,Start Of Something New,High School Musical Cast,2006
singeo,380808,What I've Been Looking For,High School Musical Cast,2006
singeo,380810,When There Was Me And You,High School Musical Cast,2006
singeo,380812,Once Upon A Dream,Sammy Fain,1959
singeo,380814,Feed The Birds,Sherman Brothers,1964
singeo,380816,Let's Go Fly A Kite,Sherman Brothers,1964
singeo,380818,The Perfect Nanny,Sherman Brothers,1964
singeo,380820,The Wonderful Thing About Tiggers,Sherman Brothers,1966
singeo,380822,The Bare Necessities,Terry Gilkyson,1967
singeo,380824,Breaking Free,Zac Efron & Vanessa Hudgens,2006
singeo,380826,You've Got A Friend,Carole King,1971
singeo,380828,Imagine,John Lennon,1971
singeo,380832,He Needs Me,Nina Simone,1959
singeo,380834,Lilac Wine,Nina Simone,1966
singeo,380836,My Baby Just Cares For Me,Nina Simone,1959
singeo,380838,"To Be Young, Gifted And Black",Nina Simone,1970
singeo,380840,Sweet Home Alabama,Lynyrd Skynyrd,1974
singeo,380843,Bless The Broken Road,Rascal Flatts,2004
singeo,380845,You’re Still The One,Shania Twain,1997
singeo,380847,(You Make Me Feel Like) A Natural Woman,Carole King,1971
singeo,380849,You Are The Sunshine Of My Life,Stevie Wonder,1972
singeo,380851,Respect Yourself,The Staple Singers,1972
singeo,380853,How Insensitive (Insensatez),Diana Krall,2006
singeo,380855,I Can Only Imagine,MercyMe,1999
singeo,380857,What'd I Say,Ray Charles,1959
singeo,380859,Style,Taylor Swift,1989
singeo,380861,Heaven,Kane Brown,2017
singeo,380863,She Used To Be Mine,Sara Bareilles,2015
singeo,380865,Happy Xmas (War Is Over),John Lennon,1971
singeo,380867,Feliz Navidad,Jose Feliciano,2014
singeo,380870,Reflection,Christina Aguilera,1999
singeo,380872,Ching-A-Ring Chaw,Aaron Copland,1952
singeo,380874,Long Time Ago,Kevin Murphy / Aaron Copland,1999
singeo,380876,The Little Horses,Aaron Copland,1952
singeo,380878,Fortune Favors The Brave (from Aida),Elton John,2001
singeo,380880,Radames' Letter,Elton John,2001
singeo,380882,The Ballad of Farquaad,David Lindsay-Abaire,2008
singeo,380884,"Love, Don't Turn Away",Tom Jones,1997
singeo,380886,Don't Do Me Like That,Tom Petty And The Heartbreakers,1979
singeo,380888,And I Love You So,Perry Como,1973
singeo,380890,Glory Of Love,Peter Cetera,1986
singeo,380892,Against All Odds (Take A Look At Me Now),Phil Collins,1984
singeo,380894,Beast Of Burden,The Rolling Stones,1978
singeo,380896,Because You Loved Me,Celine Dion,1996
singeo,380898,Behind These Hazel Eyes,Kelly Clarkson,2004
singeo,380900,Believer,Imagine Dragons,2017
singeo,380902,Big Girls Don’t Cry,Fergie,2006
singeo,380904,Big Yellow Taxi,Joni Mitchell,1970
singeo,380906,Come To My Window,Melissa Etheridge,1993
singeo,380908,Cruise,Florida Georgia Line,2012
singeo,380910,Daydream Believer,The Monkees,1967
singeo,380912,Faith,George Michael,1987
singeo,380914,Follow Me,Uncle Kracker,2000
singeo,380916,Free Fallin’,Tom Petty And The Heartbreakers,1991
singeo,380918,Friends,Justin Bieber & BloodPop,2017
singeo,380919,Give A Little Bit,Supertramp,1977
singeo,380921,Good Enough,Sarah McLachlan,1993
singeo,380923,Green Light,Lorde,2017
singeo,380925,Hanging By A Moment,Lifehouse,2000
singeo,380927,Heart-Shaped Box,Nirvana,1993
singeo,380929,Heavy,Linkin Park,2017
singeo,380931,Here Comes The Rain Again,Eurythmics,1983
singeo,380933,Here Without You,3 Doors Down,2003
singeo,380935,Hey There Delilah,Plain White T’s,2006
singeo,380937,"Hey, Soul Sister",Train,2009
singeo,380939,Ho Hey,The Lumineers,2012
singeo,380941,I Don’t Wanna Live Forever,ZAYN & Taylor Swift,2017
singeo,380943,I Fall To Pieces,Patsy Cline,1961
singeo,380945,I Saw The Light,Hank Williams,1948
singeo,380947,I Still Haven’t Found What I’m Looking For,U2,1987
singeo,380949,I Think We’re Alone Now,Tommy James & The Shondells,1967
singeo,380951,I Want It That Way,Backstreet Boys,1999
singeo,380953,I Won’t Back Down,Tom Petty And The Heartbreakers,1989
singeo,380955,I Won’t Give Up,Jason Mraz,2012
singeo,380957,I’ll Be,Edwin McCain,1997
singeo,380959,I’ll Be There,Mariah Carey,1996
singeo,380961,I’ll Be There For You,The Rembrandts,1995
singeo,380963,I’m A Believer,The Monkees,1967
singeo,380965,I’m Already There,Lonestar,2001
singeo,380967,I’m With You,Avril Lavigne,2002
singeo,380969,I’m Yours,Jason Mraz,2008
singeo,380971,Ice Cream,Sarah McLachlan,1993
singeo,380973,If I Were A Boy,Beyonce,2008
singeo,380975,If You Could Read My Mind,Gordon Lightfoot,1970
singeo,380977,If You Had My Love,Jennifer Lopez,1999
singeo,380979,In My Blood,Shawn Mendes,2018
singeo,380981,Insensitive,Jann Arden,1994
singeo,380983,Iris,Goo Goo Dolls,1998
singeo,380985,Jack And Diane,John Mellencamp,1982
singeo,380987,"Jesus, Take The Wheel",Carrie Underwood,2005
singeo,380989,Joy To The World,Holiday,1719
singeo,380991,Just A Dream,Nelly,2010
singeo,380993,Kiss Me,Sixpence None The Richer,1999
singeo,380995,Knockin’ On Heaven’s Door,Bob Dylan,1991
singeo,380997,Landslide,Fleetwood Mac,1975
singeo,380999,Last Friday Night (T.G.I.F.),Katy Perry,2010
singeo,381001,"Lay, Lady, Lay",Bob Dylan,1969
singeo,381003,Leaving On A Jet Plane,John Denver,1969
singeo,381005,Let Me Go,Hailee Steinfeld & Alesso,2017
singeo,381007,Lightning Crashes,Live,1994
singeo,381009,Mammas Don’t Let Your Babies Grow Up To Be Cowboys,Ed Bruce,1978
singeo,381011,Manic Monday,The Bangles,1986
singeo,381013,Marry Me,Thomas Rhett,2017
singeo,381015,May It Be,Enya,2001
singeo,381017,Meant To Be,Bebe Rexha,2017
singeo,381019,Mercy,Brett Young,2017
singeo,381021,Mess Is Mine,Vance Joy,2014
singeo,381023,Mighty To Save,Hillsong Worship,2006
singeo,381025,Mr. Brightside,The Killers,2004
singeo,381027,Never Be Alone,Shawn Mendes,2015
singeo,381029,New Rules,Dua Lipa,2017
singeo,381031,No Promises,Cheat Codes (feat. Demi Lovato),2017
singeo,381033,No Scrubs,TLC,1999
singeo,381035,No Tears Left To Cry,Ariana Grande,2018
singeo,381037,Nothing Else Matters,Metallica,1991
singeo,381039,Ocean Eyes,Billie Eilish,2016
singeo,381041,Oh Happy Day,Edwin Hawkins Singers,1992
singeo,381043,On The Road Again,Willie Nelson,1980
singeo,381045,One,U2,1991
singeo,381047,One Headlight,The Wallflowers,1996
singeo,381049,One More Light,Linkin Park,2017
singeo,381051,Only Wanna Be With You,Hootie & The Blowfish,1994
singeo,381053,Open Arms,Journey,1981
singeo,381055,Ophelia,The Lumineers,2016
singeo,381057,Over My Head (Cable Car),The Fray,2005
singeo,381059,Paris,The Chainsmokers,2017
singeo,381061,Party In The U.S.A.,Miley Cyrus,2009
singeo,381063,Rockin’ In The Free World,Neil Young,1989
singeo,381065,Sangria,Blake Shelton,2015
singeo,381067,Scars To Your Beautiful,Alessia Cara,2015
singeo,381069,Semi-Charmed Life,Third Eye Blind,1997
singeo,381071,Starving,Hailee Steinfeld,2016
singeo,381073,Stay,Zedd & Alessia Cara,2014
singeo,381075,Stitches,Shawn Mendes,2015
singeo,381077,Stop And Stare,OneRepublic,2007
singeo,381079,Stronger,Kelly Clarkson,2011
singeo,381081,Sucker,Jonas Brothers,2019
singeo,381083,"Sugar, Sugar",The Archies,1969
singeo,381085,Summer Of '69,Bryan Adams,1984
singeo,381087,Sunny Came Home,Shawn Colvin,1996
singeo,381089,The Edge Of Glory,Lady Gaga,2011
singeo,381091,The Gambler,Kenny Rogers,1978
singeo,381093,The Middle,Zedd / Maren Morris / Grey,2018
singeo,381095,The Sign,Ace of Base,1992
singeo,381097,The Story,Brandi Carlile,2007
singeo,381099,The Sweet Escape,Gwen Stefani,2006
singeo,381101,The Way I Am,Ingrid Michaelson,2007
singeo,381103,This Feeling,The Chainsmokers feat. Kelsea Ballerini,2018
singeo,381105,Too Good At Goodbyes,Sam Smith,2018
singeo,381107,Try,P!nk,2014
singeo,381109,Unconditionally,Katy Perry,2013
singeo,381111,Unwritten,Natasha Bedingfield,2004
singeo,381113,Waiting On The World To Change,John Mayer,2006
singeo,381115,Whatever It Takes,Imagine Dragons,2017
singeo,381117,When Doves Cry,Prince,1984
singeo,381119,Cups (When I'm Gone),Anna Kendrick,2015
singeo,381121,Where Do Broken Hearts Go,Whitney Houston,1987
singeo,381123,White Flag,Dido,2003
singeo,381125,Wonderwall,Oasis,1995
singeo,381127,Yellow Submarine,The Beatles,1968
singeo,381129,You And Me,Lifehouse,2005
singeo,381131,You’re So Vain,Carly Simon,1972
singeo,381133,Zombie,The Cranberries,1994
singeo,381135,Be Our Guest,Howard Ashman / Alan Menken,1991
singeo,381137,You Are The Reason,Calum Scott,2018
singeo,381140,Skyscraper,Demi Lovato,2011
singeo,381142,Skinny Love,Bon Iver,2007
singeo,381144,See You Again,Wiz Khalifa,2015
singeo,381146,Jar Of Hearts,Christina Perri,2011
singeo,381148,Irreplaceable,Beyonce,2006
singeo,381150,Into The Mystic,Van Morrison,1970
singeo,381152,I Swear,All-4-One,1994
singeo,381154,I Don’t Want To Miss A Thing,Aerosmith,1998
singeo,381156,I Can’t Make You Love Me,Bonnie Raitt,1991
singeo,381158,I Believe I Can Fly,R. Kelly,1996
singeo,381160,Hurt,Johnny Cash,2002
singeo,381162,Hotel California,Eagles,1976
singeo,381164,Here With Me,Dido,1999
singeo,381168,Fireflies,Owl City,2019
singeo,381170,Heart Of Gold,Neil Young,1972
singeo,381172,Heaven Is A Place On Earth,Belinda Carlisle,1987
singeo,381174,The Lion Sleeps Tonight,Robert John,1991
singeo,381176,The Power Of Love,Celine Dion,1993
singeo,381178,The Reason,Hoobastank,2004
singeo,381180,The Show,Lenka,2008
singeo,381182,Torn,Natalie Imbruglia,1997
singeo,381184,We Are Young,fun.,2012
singeo,381186,What Makes You Beautiful,One Direction,2011
singeo,381188,Whatcha Say,Jason Derulo,2009
singeo,381190,A Whole New World,Brad Kane and Lea Salonga,2015
singeo,381192,We Don't Talk About Bruno,Lin-manuel Miranda,2021
singeo,381194,Zero to Hero,Alan Menken / David Zippel,1997
singeo,381196,I'll Make a Man Out of You,Donny Osmond,1998
singeo,381198,Driver's License,Olivia Rodrigo,2021
singeo,381200,Million Years Ago,Adele,2015
singeo,381202,Good Riddance (Time Of Your Life),Green Day,1997
singeo,381204,Dreams,Fleetwood Mac,1977
singeo,381206,I Only Want To Say (Gethsemane),Andrew Lloyd Webber,1975
singeo,381208,Castle On A Cloud,Boublil and Schonberg,1980
singeo,381210,I Don't Need Anything But You,Charles Strouse,2014
singeo,381212,On The Street Where You Live,Lerner & Loewe,1956
singeo,381214,Edelweiss,Rodgers & Hammerstein,1959
singeo,381216,Getting To Know You,Rodgers & Hammerstein,1951
singeo,381218,As It Was,Harry Styles,2022
singeo,381220,I Feel It Coming,The Weeknd,2017
singeo,381222,Blinding Lights,The Weeknd,2020
singeo,381224,Can't Feel My Face,The Weeknd,2015
singeo,381226,Puttin' On The Ritz,Irving Berlin,1929
singeo,381228,I Heard It Through The Grapevine (Original Version),Marvin Gaye,1970
singeo,381230,Greensleeves,Traditional Carol,1871
singeo,381232,Bist Du Bei Mir,Stolzel / Bach,1718
singeo,381234,We Three Kings Of Orient Are,Traditional Carol,1857
singeo,381236,Grenade,Bruno Mars,2010
singeo,381238,Hard To Say I’m Sorry,Chicago,1982
singeo,382811,5 Days In May,Blue Rodeo,1993
singeo,382813,A New Day Has Come,Celine Dion,2002
singeo,382815,Absolutely (Story of a Girl),Nine Days,2000
singeo,382817,All Falls Down,Alan Walker,2017
singeo,382819,Battlefield,Jordin Sparks,2009
singeo,382821,Beautiful Life,Ace of Base,1995
singeo,382823,Better When I’m Dancin’,Meghan Trainor,2015
singeo,382825,Blame It On The Rain,Milli Vanilli,1989
singeo,382827,Broken,Seether,2002
singeo,382829,Brown Eyed Girl,Van Morrison,1967
singeo,382831,Drift Away,Dobie Gray,1973
singeo,382833,Far Away,Nickelback,2006
singeo,382835,Fire and Rain,James Taylor,1970
singeo,382837,Foolish Games,Jewel,1995
singeo,382839,Footloose,Kenny Loggins,1984
singeo,382841,Glycerine,Bush,1994
singeo,382843,Gone Away,The Offspring,1997
singeo,382845,Good Mother,Jann Arden,1994
singeo,382847,Hands,Jewel,1998
singeo,382849,Hit The Road Jack,Ray Charles,1962
singeo,382851,Honky Tonk Women,The Rolling Stones,1969
singeo,382853,Hungry Eyes,Eric Carmen,1987
singeo,382855,I Do,Lisa Loeb,1987
singeo,382857,I Really Like You,Carly Rae Jepsen,2015
singeo,382859,I Was Here,Beyonce,2011
singeo,382861,Keep On Loving You,REO Speedwagon,1980
singeo,382863,Let Me Love You,Mario,2004
singeo,382865,Like A Stone,Audioslave,2002
singeo,382867,Listen To Your Heart,Roxette,1988
singeo,382869,Little Lies,Fleetwood Mac,1987
singeo,382871,Little Lion Man,Mumford & Sons,2009
singeo,382873,Mad About You,Belinda Carlisle,1986
singeo,382875,Me And Bobby McGee,Janis Joplin,1971
singeo,382877,Morning Has Broken,Cat Stevens,1972
singeo,382879,My Heart Will Go On,Celine Dion,1997
singeo,382881,My Love Is Your Love,Whitney Houston,1998
singeo,382883,My Moon My Man,Feist,2007
singeo,382885,Never Too Late,Three Days Grace,2006
singeo,382887,Numb,Linkin Park,2003
singeo,382889,One Of Us,Joan Osborne,1995
singeo,382891,Over The Rainbow,Judy Garland,1939
singeo,382893,Piano Man,Billy Joel,1973
singeo,382895,Pull Me Through,Jim Cuddy,2006
singeo,382897,Ring Of Fire,Johnny Cash,1963
singeo,382899,Slide,Goo Goo Dolls,1998
singeo,382901,Son Of A Preacher Man,Dusty Springfield,1969
singeo,382903,Sweet Caroline,Neil Diamond,1969
singeo,382905,"Thank U, Next",Ariana Grande,2019
singeo,382907,Thank You,Dido,1998
singeo,382909,The House That Built Me,Miranda Lambert,2009
singeo,382912,Toxic,Britney Spears,2003
singeo,382915,Uptown Girl,Billy Joel,1983
singeo,382917,Wake Me Up When September Ends,Green Day,2004
singeo,382919,Walk Me Home,P!nk,2019
singeo,382921,Walkin’ After Midnight,Patsy Cline,1957
singeo,382923,What A Wonderful World,Louis Armstrong,1967
singeo,382925,What About Us,P!nk,2017
singeo,382927,When You Believe,Whitney Houston & Mariah Carey,1998
singeo,382929,Winter Wonderland,Andy Williams,1965
singeo,382931,With Or Without You,U2,1987
singeo,382933,Your Song,Elton John,1970
singeo,382935,Gaston,"Howard Ashman, Alan Menken",1991
singeo,382937,So This is Love,"Jerry Livingston, Mack David, Al Hoffman",1948
singeo,382939,For The First Time In Forever,Idina Menzel and Kristen Bell,2013
singeo,382941,Someday,The Hunchback Of Notre Dame,1996
singeo,382943,What The World Needs Now Is Love,Jackie DeShannon,1965
singeo,382945,Stand By Me,Ben E. King,1962
singeo,382947,He Touched Me,Barbra Streisand,1965
singeo,382949,Who Am I?,Boublil and Schonberg,2012
singeo,382951,Goodbye To Love,Carpenters,1972
singeo,382953,Rainy Days And Mondays,Carpenters,1971
singeo,382955,We've Only Just Begun,Carpenters,1970
singeo,382957,Lyin' Eyes,Eagles,1975
singeo,382959,I'm Still Standing,Elton John,1983
singeo,382961,Beauty School Dropout,Frankie Avalon,1978
singeo,382963,Greased Lightnin',John Travolta,1978
singeo,382965,Carry On Wayward Son,Kansas,1976
singeo,382967,Without You,Mariah Carey,2019
singeo,382969,A Lovely Night,Ryan Gosling & Emma Stone,2016
singeo,382971,All I Wanna Do,Sheryl Crow,1993
singeo,382973,Across The Universe,The Beatles,1969
singeo,382975,Revolution,The Beatles,1968
singeo,382977,Three Times A Lady (Original Version),The Commodores,1978
singeo,382979,L.A. Woman,The Doors,1971
singeo,382981,Angel Of Music,Andrew Lloyd Webber,1986
singeo,382983,Think Of Me,Andrew Lloyd Webber,1986
singeo,382985,Ol' Man River,Bing Crosby,1928
singeo,382987,On My Own,Boublil and Schonberg,2009
singeo,382989,Maybe,Charles Strouse,2014
singeo,382991,Master Of The House,Claude-Michel Schonberg,2012
singeo,382993,I Could Have Danced All Night,Frederick Loewe,1956
singeo,382995,And All That Jazz,Kander & Ebb,1975
singeo,382997,You Can't Stop The Beat,Marc Shaiman,2007
singeo,382999,My Favorite Things,Julie Andrews,1965
singeo,383001,Something Good,Rodgers & Hammerstein,1965
singeo,383003,The Lonely Goatherd,Rodgers & Hammerstein,1965
singeo,383005,The Sound Of Music,Rodgers & Hammerstein,1965
singeo,383007,Time To Say Goodbye,Andrea Bocelli,1995
singeo,383009,At Last,Etta James,1960
singeo,383011,"Joyful, Joyful",Mervyn Warren,1993
singeo,383013,White Christmas,Bing Crosby,1942
singeo,383015,Blue Christmas,Andy Williams,1963
singeo,383017,The Most Wonderful Time Of The Year,Andy Williams,1963
singeo,383019,Christmas Time Is Here,Vince Guaraldi,1965
singeo,383021,Prince Ali,Robin Williams,1992
singeo,383023,We're All In This Together,High School Musical Cast,2006
singeo,383025,Chim Chim Cher-ee,Sherman Brothers,1964
singeo,383027,A Spoonful Of Sugar,Sherman Brothers,1964
singeo,383029,Winnie The Pooh,Sherman Brothers,1966
singeo,383031,Bibbidi-Bobbidi-Boo (The Magic Song),Verna Felton,1950
singeo,383033,Scarborough Fair,Traditional English Ballad,2012
singeo,383035,Balm In Gilead,African-American Spiritual,1854
singeo,383037,When The Saints Go Marching In,Louis Armstrong,1938
singeo,383039,"I Loves You, Porgy",Nina Simone,1959
singeo,383041,I Put A Spell On You,Nina Simone,1965
singeo,383043,Wouldn't It Be Nice,The Beach Boys,1966
singeo,383045,Baby Love,The Supremes,1964
singeo,383047,Spanish Eyes,Al Martino,1967
singeo,383049,Bésame Mucho (Kiss Me Much),Consuelo Velazquez,1971
singeo,383051,A Night In Tunisia,"John ""dizzy"" Gillespie, Frank Paparelli",1951
singeo,383055,Moon River,Henry Mancini & Orchestra,1961
singeo,383057,Easy As Life,Elton John,2000
singeo,383059,It's a Long Way to the Top (If You Wanna Rock 'n' Roll),AC/DC,1975
singeo,383061,City Of Stars,La La Land Cast,2016
singeo,383937,Like A Rolling Stone,Bob Dylan,1965
singeo,383939,Little Red Corvette,Prince,1982
singeo,383941,Livin’ On A Prayer,Bon Jovi,1986
singeo,383943,Love The Way You Lie,Eminem ft. Rihanna,2010
singeo,383945,Love Yourself,Justin Bieber,2015
singeo,383947,Picture,Kid Rock feat. Sheryl Crow,2002
singeo,383949,Pink Houses,John Mellencamp,1983
singeo,383951,Play It Again,Luke Bryan,2013
singeo,383953,Proud Mary,Ike & Tina Turner,1970
singeo,383955,Pumped Up Kicks,Foster The People,2011
singeo,383957,Push,Matchbox Twenty,1996
singeo,383959,Queen Of Hearts,Juice Newton,1981
singeo,383961,Realize,Colbie Caillat,2007
singeo,383963,Red Red Wine,UB40,1967
singeo,383965,Scar,Missy Higgins,2004
singeo,383967,She’s So High,Tal Bachman,1999
singeo,383969,Since U Been Gone,Kelly Clarkson,2004
singeo,383971,Some Nights,fun.,2012
singeo,383973,Somebody That I Used To Know,Gotye,2011
singeo,383975,Something Just Like This,The Chainsmokers & Coldplay,2017
singeo,383977,Stone Cold,Demi Lovato,2015
singeo,383979,Superman (It’s Not Easy),Five For Fighting,2000
singeo,383981,Sweet But Psycho,Ava Max,2018
singeo,383985,Take It On The Run,REO Speedwagon,1980
singeo,383987,"Take Me Home, Country Roads",John Denver,1971
singeo,383989,Tattoo,Jordin Sparks,2007
singeo,383991,Tequila,Dan + Shay,2018
singeo,383993,Thank You For The Music,ABBA,1977
singeo,383995,Wherever You Will Go,The Calling,2001
singeo,383997,Wicked Game,Chris Isaak,1989
singeo,383999,Wild World,Cat Stevens,1970
singeo,384001,With Arms Wide Open,Creed,1999
singeo,384003,Without Me,Halsey,2020
singeo,384005,How Far I'll Go,Auli'i Cravalho,2016
singeo,384007,Barbara Ann,The Regents,1961
singeo,384009,Oh Happy Day,Edwin R. Hawkins,1967
singeo,384011,This Kingdom,Hillsong Worship,1996
singeo,384013,No One Ever Cared For Me Like Jesus,Steffany Gretzinger,2020
singeo,384015,Let It Go,Idina Menzel,2013
singeo,384017,I Will Remember You,Sarah McLachlan,1995
singeo,384019,Up Where We Belong,Joe Cocker and Jennifer Warnes,1982
singeo,384021,Wild Things,Alessia Cara,2015
singeo,384023,Wonderful Tonight,Eric Clapton,1977
singeo,394367,Wagon Wheel (Full Version),Darius Rucker,2013
